ISO-10303-21;
HEADER;
FILE_DESCRIPTION (( 'STEP AP214' ),
    '1' );
FILE_NAME ('12x_4.ccwigs.STEP',
    '2012-05-11T10:12:11',
    ( '' ),
    ( '' ),
    'SwSTEP 2.0',
    'SolidWorks 2011',
    '' );
FILE_SCHEMA (( 'AUTOMOTIVE_DESIGN' ));
ENDSEC;

DATA;
#1 = EDGE_CURVE ( 'NONE', #2584, #2585, #2381, .T. ) ;
#2 = EDGE_CURVE ( 'NONE', #2580, #2581, #2397, .T. ) ;
#3 = EDGE_CURVE ( 'NONE', #2583, #2582, #2396, .T. ) ;
#4 = EDGE_CURVE ( 'NONE', #2592, #2590, #1295, .T. ) ;
#5 = EDGE_CURVE ( 'NONE', #2590, #2591, #1308, .T. ) ;
#6 = EDGE_CURVE ( 'NONE', #2591, #2592, #1292, .T. ) ;
#7 = EDGE_CURVE ( 'NONE', #2579, #2578, #2385, .T. ) ;
#8 = EDGE_CURVE ( 'NONE', #2572, #2593, #1291, .T. ) ;
#9 = EDGE_CURVE ( 'NONE', #2590, #2593, #1293, .T. ) ;
#10 = EDGE_CURVE ( 'NONE', #2573, #2591, #1296, .T. ) ;
#11 = EDGE_CURVE ( 'NONE', #2439, #2428, #2360, .T. ) ;
#12 = EDGE_CURVE ( 'NONE', #2593, #2594, #1294, .T. ) ;
#13 = EDGE_CURVE ( 'NONE', #2592, #2594, #1286, .T. ) ;
#14 = EDGE_CURVE ( 'NONE', #2594, #2574, #1288, .T. ) ;
#15 = EDGE_CURVE ( 'NONE', #2600, #2599, #2362, .T. ) ;
#16 = EDGE_CURVE ( 'NONE', #2595, #2576, #1307, .T. ) ;
#17 = EDGE_CURVE ( 'NONE', #2577, #2595, #1289, .T. ) ;
#18 = EDGE_CURVE ( 'NONE', #2575, #2596, #1305, .T. ) ;
#19 = EDGE_CURVE ( 'NONE', #2597, #2571, #1287, .T. ) ;
#20 = EDGE_CURVE ( 'NONE', #2597, #2596, #1303, .T. ) ;
#21 = EDGE_CURVE ( 'NONE', #2595, #2598, #1304, .T. ) ;
#22 = EDGE_CURVE ( 'NONE', #2596, #2598, #1302, .T. ) ;
#23 = EDGE_CURVE ( 'NONE', #2599, #2577, #2448, .T. ) ;
#24 = ADVANCED_FACE ( 'NONE', ( #2447 ), #1314, .T. ) ;
#25 = ADVANCED_FACE ( 'NONE', ( #2446 ), #2445, .T. ) ;
#26 = EDGE_CURVE ( 'NONE', #2598, #2597, #1300, .T. ) ;
#27 = ADVANCED_FACE ( 'NONE', ( #2442 ), #2444, .F. ) ;
#28 = ADVANCED_FACE ( 'NONE', ( #2441 ), #2440, .F. ) ;
#29 = ADVANCED_FACE ( 'NONE', ( #2438 ), #2437, .F. ) ;
#30 = ADVANCED_FACE ( 'NONE', ( #2436 ), #2435, .F. ) ;
#31 = ADVANCED_FACE ( 'NONE', ( #2434, #2433 ), #1835, .F. ) ;
#32 = ADVANCED_FACE ( 'NONE', ( #2432 ), #2431, .F. ) ;
#33 = ADVANCED_FACE ( 'NONE', ( #2430, #2429 ), #1827, .F. ) ;
#34 = ADVANCED_FACE ( 'NONE', ( #2427 ), #1778, .F. ) ;
#35 = ADVANCED_FACE ( 'NONE', ( #2426 ), #2425, .F. ) ;
#36 = ADVANCED_FACE ( 'NONE', ( #2424 ), #1312, .T. ) ;
#37 = ADVANCED_FACE ( 'NONE', ( #2423, #2422 ), #1406, .T. ) ;
#38 = ADVANCED_FACE ( 'NONE', ( #2421 ), #1309, .T. ) ;
#39 = ADVANCED_FACE ( 'NONE', ( #2420 ), #1310, .T. ) ;
#40 = ADVANCED_FACE ( 'NONE', ( #2419, #2417 ), #798, .F. ) ;
#41 = ADVANCED_FACE ( 'NONE', ( #2415 ), #2414, .T. ) ;
#42 = ADVANCED_FACE ( 'NONE', ( #2413 ), #1311, .T. ) ;
#43 =( GEOMETRIC_REPRESENTATION_CONTEXT ( 3 ) GLOBAL_UNCERTAINTY_ASSIGNED_CONTEXT ( ( #1290 ) ) GLOBAL_UNIT_ASSIGNED_CONTEXT ( ( #126, #125, #124 ) ) REPRESENTATION_CONTEXT ( 'NONE', 'WORKASPACE' ) );
#44 = EDGE_CURVE ( 'NONE', #2599, #2600, #2378, .T. ) ;
#45 = COLOUR_RGB ( '',0.8980392156862745400, 0.8980392156862745400, 0.8980392156862745400 ) ;
#46 = ADVANCED_FACE ( 'NONE', ( #2411 ), #517, .F. ) ;
#47 = ADVANCED_FACE ( 'NONE', ( #2412 ), #1313, .T. ) ;
#48 =( GEOMETRIC_REPRESENTATION_CONTEXT ( 3 ) GLOBAL_UNCERTAINTY_ASSIGNED_CONTEXT ( ( #2348 ) ) GLOBAL_UNIT_ASSIGNED_CONTEXT ( ( #92, #91, #90 ) ) REPRESENTATION_CONTEXT ( 'NONE', 'WORKASPACE' ) );
#49 = COLOUR_RGB ( '',0.8980392156862745400, 0.8980392156862745400, 0.8980392156862745400 ) ;
#50 =( GEOMETRIC_REPRESENTATION_CONTEXT ( 3 ) GLOBAL_UNCERTAINTY_ASSIGNED_CONTEXT ( ( #2346 ) ) GLOBAL_UNIT_ASSIGNED_CONTEXT ( ( #85, #84, #83 ) ) REPRESENTATION_CONTEXT ( 'NONE', 'WORKASPACE' ) );
#51 = EDGE_CURVE ( 'NONE', #2571, #2577, #1301, .T. ) ;
#52 = EDGE_CURVE ( 'NONE', #2575, #2571, #1299, .T. ) ;
#53 = EDGE_CURVE ( 'NONE', #2576, #2575, #1306, .T. ) ;
#54 = EDGE_CURVE ( 'NONE', #2576, #2439, #2410, .T. ) ;
#55 = EDGE_CURVE ( 'NONE', #2428, #2439, #2390, .T. ) ;
#56 = EDGE_CURVE ( 'NONE', #2572, #2428, #2409, .T. ) ;
#57 = EDGE_CURVE ( 'NONE', #2573, #2572, #1298, .T. ) ;
#58 = EDGE_CURVE ( 'NONE', #2574, #2573, #1297, .T. ) ;
#59 = EDGE_CURVE ( 'NONE', #2600, #2574, #2408, .T. ) ;
#60 = EDGE_CURVE ( 'NONE', #2579, #2580, #2407, .T. ) ;
#61 = EDGE_CURVE ( 'NONE', #2578, #2579, #2368, .T. ) ;
#62 = EDGE_CURVE ( 'NONE', #2581, #2580, #2373, .T. ) ;
#63 = EDGE_CURVE ( 'NONE', #2578, #2581, #2406, .T. ) ;
#64 = EDGE_CURVE ( 'NONE', #2583, #2584, #2405, .T. ) ;
#65 = EDGE_CURVE ( 'NONE', #2582, #2583, #2379, .T. ) ;
#66 = EDGE_CURVE ( 'NONE', #2585, #2584, #2392, .T. ) ;
#67 = EDGE_CURVE ( 'NONE', #2582, #2585, #2404, .T. ) ;
#68 = EDGE_CURVE ( 'NONE', #2587, #2588, #2403, .T. ) ;
#69 = EDGE_CURVE ( 'NONE', #2586, #2587, #1270, .T. ) ;
#70 = EDGE_CURVE ( 'NONE', #2588, #2589, #2374, .T. ) ;
#71 = EDGE_CURVE ( 'NONE', #2586, #2589, #2402, .T. ) ;
#72 = EDGE_CURVE ( 'NONE', #2587, #2586, #1274, .T. ) ;
#73 = EDGE_CURVE ( 'NONE', #2589, #2588, #1272, .T. ) ;
#74 = CARTESIAN_POINT ( 'NONE',  ( 150.0000000000000000, -11.93303287000000200, 6.358771187000000300 ) ) ;
#75 = APPLICATION_PROTOCOL_DEFINITION ( 'draft international standard', 'automotive_design', 1998, #76 ) ;
#76 = APPLICATION_CONTEXT ( 'automotive_design' ) ;
#77 = PRODUCT_CONTEXT ( 'NONE', #79, 'mechanical' ) ;
#78 = APPLICATION_PROTOCOL_DEFINITION ( 'draft international standard', 'automotive_design', 1998, #79 ) ;
#79 = APPLICATION_CONTEXT ( 'automotive_design' ) ;
#80 = DIRECTION ( 'NONE',  ( 1.000000000000000000, 0.0000000000000000000, 0.0000000000000000000 ) ) ;
#81 = DIRECTION ( 'NONE',  ( 0.0000000000000000000, 0.0000000000000000000, 1.000000000000000000 ) ) ;
#82 = CARTESIAN_POINT ( 'NONE',  ( 0.0000000000000000000, 0.0000000000000000000, 0.0000000000000000000 ) ) ;
#83 =( NAMED_UNIT ( * ) SI_UNIT ( $, .STERADIAN. ) SOLID_ANGLE_UNIT ( ) );
#84 =( NAMED_UNIT ( * ) PLANE_ANGLE_UNIT ( ) SI_UNIT ( $, .RADIAN. ) );
#85 =( LENGTH_UNIT ( ) NAMED_UNIT ( * ) SI_UNIT ( .MILLI., .METRE. ) );
#86 = SURFACE_STYLE_USAGE ( .BOTH. , #87 ) ;
#87 = SURFACE_SIDE_STYLE ('',( #2443 ) ) ;
#88 = FILL_AREA_STYLE ('',( #89 ) ) ;
#89 = FILL_AREA_STYLE_COLOUR ( '', #49 ) ;
#90 =( NAMED_UNIT ( * ) SI_UNIT ( $, .STERADIAN. ) SOLID_ANGLE_UNIT ( ) );
#91 =( NAMED_UNIT ( * ) PLANE_ANGLE_UNIT ( ) SI_UNIT ( $, .RADIAN. ) );
#92 =( LENGTH_UNIT ( ) NAMED_UNIT ( * ) SI_UNIT ( .MILLI., .METRE. ) );
#93 = CARTESIAN_POINT ( 'NONE',  ( 6.500000000000000900, 0.0000000000000000000, 0.0000000000000000000 ) ) ;
#94 = CARTESIAN_POINT ( 'NONE',  ( 150.0000000000000000, -17.50000000000000000, 4.000000000000000000 ) ) ;
#95 = CARTESIAN_POINT ( 'NONE',  ( -2.500000000475192300, 3.061616998450325800E-016, 1.000000000000000000 ) ) ;
#96 = CARTESIAN_POINT ( 'NONE',  ( 0.0000000000000000000, 5.499999999496645300, 10.00000000000000000 ) ) ;
#97 = CARTESIAN_POINT ( 'NONE',  ( 7.113589547807580800E-016, -5.499999999496645300, 10.00000000000000000 ) ) ;
#98 = CARTESIAN_POINT ( 'NONE',  ( -150.0000000000000000, 7.500000000000000000, 5.599999999999999600 ) ) ;
#99 = CARTESIAN_POINT ( 'NONE',  ( -150.0000000000000000, 17.50000000000000000, 4.000000000000000000 ) ) ;
#100 = CARTESIAN_POINT ( 'NONE',  ( -150.0000000000000000, 11.93303287000000200, 6.358771187000000300 ) ) ;
#101 = CARTESIAN_POINT ( 'NONE',  ( -2.500000000475192300, 3.061616998450325800E-016, 9.000000000000001800 ) ) ;
#102 = CARTESIAN_POINT ( 'NONE',  ( 7.113589547807580800E-016, -5.499999999496645300, 9.000000000000001800 ) ) ;
#103 = CARTESIAN_POINT ( 'NONE',  ( -6.500000000000000900, 7.960204194457796500E-016, 0.0000000000000000000 ) ) ;
#104 = CARTESIAN_POINT ( 'NONE',  ( 6.414431640927904100, -1.051221535153936700, 7.736963635015980500 ) ) ;
#105 = CARTESIAN_POINT ( 'NONE',  ( 2.500000000475192300, 0.0000000000000000000, 1.000000000000000000 ) ) ;
#106 = CARTESIAN_POINT ( 'NONE',  ( 4.338126124855237200, -4.840522876956093500, 0.001431014912525130100 ) ) ;
#107 = CARTESIAN_POINT ( 'NONE',  ( 2.500000000475192300, 0.0000000000000000000, 9.000000000000001800 ) ) ;
#108 = CARTESIAN_POINT ( 'NONE',  ( 150.0000000000000000, -7.500000000000000000, 5.599999999999999600 ) ) ;
#109 = CARTESIAN_POINT ( 'NONE',  ( -2.406176180194330400, -6.038237838133354400, 7.256362080331188100 ) ) ;
#110 = CARTESIAN_POINT ( 'NONE',  ( 5.499999999496645300, 0.0000000000000000000, 1.000000000000000000 ) ) ;
#111 = CARTESIAN_POINT ( 'NONE',  ( 7.560643062271365800E-017, 5.499999999496645300, 9.000000000000001800 ) ) ;
#112 = CARTESIAN_POINT ( 'NONE',  ( -5.499999999496645300, 6.735557394694010300E-016, 1.000000000000000000 ) ) ;
#113 = CARTESIAN_POINT ( 'NONE',  ( -5.499999999496645300, 6.735557394694010300E-016, -2.710505431213761100E-017 ) ) ;
#114 = CARTESIAN_POINT ( 'NONE',  ( 5.499999999496645300, 0.0000000000000000000, -2.710505431213761100E-017 ) ) ;
#115 = CARTESIAN_POINT ( 'NONE',  ( -6.499999999999998200, -5.344377284471901700E-010, 6.209626659594354300 ) ) ;
#116 = CARTESIAN_POINT ( 'NONE',  ( -6.500000000000005300, -4.876207402269851900E-010, 8.510381697842191800 ) ) ;
#117 = CARTESIAN_POINT ( 'NONE',  ( -6.414431641530362600, 1.051221535231331400, 7.736963634959688600 ) ) ;
#118 = CARTESIAN_POINT ( 'NONE',  ( 6.499999999999997300, 2.091916050106501500E-010, 6.209626659395343800 ) ) ;
#119 = CARTESIAN_POINT ( 'NONE',  ( 2.406176180187305400, 6.038237838115854600, 7.256362080331515000 ) ) ;
#120 = CARTESIAN_POINT ( 'NONE',  ( 6.500000000000000900, 2.016073939736795500E-010, 8.510381697679742200 ) ) ;
#121 = CARTESIAN_POINT ( 'NONE',  ( -4.338126124851890500, 4.840522876959095600, 0.001431014879595287200 ) ) ;
#122 = CARTESIAN_POINT ( 'NONE',  ( -6.500000000000000900, 7.960204194457796500E-016, 10.00000000000000000 ) ) ;
#123 = CARTESIAN_POINT ( 'NONE',  ( 6.500000000000000900, 0.0000000000000000000, 10.00000000000000000 ) ) ;
#124 =( NAMED_UNIT ( * ) SI_UNIT ( $, .STERADIAN. ) SOLID_ANGLE_UNIT ( ) );
#125 =( NAMED_UNIT ( * ) PLANE_ANGLE_UNIT ( ) SI_UNIT ( $, .RADIAN. ) );
#126 =( LENGTH_UNIT ( ) NAMED_UNIT ( * ) SI_UNIT ( .MILLI., .METRE. ) );
#127 = SURFACE_STYLE_USAGE ( .BOTH. , #128 ) ;
#128 = SURFACE_SIDE_STYLE ('',( #2401 ) ) ;
#129 = FILL_AREA_STYLE ('',( #130 ) ) ;
#130 = FILL_AREA_STYLE_COLOUR ( '', #45 ) ;
#131 = DIRECTION ( 'NONE',  ( -1.000000000000000000, 0.0000000000000000000, 0.0000000000000000000 ) ) ;
#132 = DIRECTION ( 'NONE',  ( -0.0000000000000000000, -0.0000000000000000000, 1.000000000000000000 ) ) ;
#133 = CARTESIAN_POINT ( 'NONE',  ( 0.0000000000000000000, 0.0000000000000000000, 9.000000000000001800 ) ) ;
#134 = DIRECTION ( 'NONE',  ( 1.000000000000000000, 0.0000000000000000000, 0.0000000000000000000 ) ) ;
#135 = DIRECTION ( 'NONE',  ( 0.0000000000000000000, -0.0000000000000000000, -1.000000000000000000 ) ) ;
#136 = CARTESIAN_POINT ( 'NONE',  ( 0.0000000000000000000, 0.0000000000000000000, 1.000000000000000000 ) ) ;
#137 = DIRECTION ( 'NONE',  ( -0.0000000000000000000, 0.0000000000000000000, 1.000000000000000000 ) ) ;
#138 = CARTESIAN_POINT ( 'NONE',  ( 2.500000000475192300, 0.0000000000000000000, 1.000000000000000000 ) ) ;
#139 = DIRECTION ( 'NONE',  ( -1.000000000000000000, 0.0000000000000000000, 0.0000000000000000000 ) ) ;
#140 = DIRECTION ( 'NONE',  ( -0.0000000000000000000, -0.0000000000000000000, 1.000000000000000000 ) ) ;
#141 = CARTESIAN_POINT ( 'NONE',  ( 0.0000000000000000000, 0.0000000000000000000, 9.000000000000001800 ) ) ;
#142 = DIRECTION ( 'NONE',  ( 1.000000000000000000, 0.0000000000000000000, 0.0000000000000000000 ) ) ;
#143 = DIRECTION ( 'NONE',  ( 0.0000000000000000000, -0.0000000000000000000, -1.000000000000000000 ) ) ;
#144 = CARTESIAN_POINT ( 'NONE',  ( 0.0000000000000000000, 0.0000000000000000000, 1.000000000000000000 ) ) ;
#145 = DIRECTION ( 'NONE',  ( -0.0000000000000000000, 0.0000000000000000000, 1.000000000000000000 ) ) ;
#146 = CARTESIAN_POINT ( 'NONE',  ( -2.500000000475192300, 3.061616998450325800E-016, 1.000000000000000000 ) ) ;
#147 = DIRECTION ( 'NONE',  ( 7.560643062271372000E-017, 1.383966429429561700E-016, -1.000000000000000000 ) ) ;
#148 = CARTESIAN_POINT ( 'NONE',  ( 0.0000000000000000000, 5.499999999496645300, 10.00000000000000000 ) ) ;
#149 = DIRECTION ( 'NONE',  ( 0.0000000000000000000, 1.000000000000000000, 0.0000000000000000000 ) ) ;
#150 = DIRECTION ( 'NONE',  ( -7.560643062271372000E-017, -1.383966429429561700E-016, 1.000000000000000000 ) ) ;
#151 = CARTESIAN_POINT ( 'NONE',  ( 7.560643062271365800E-017, 1.383966429429560800E-016, 9.000000000000001800 ) ) ;
#152 = DIRECTION ( 'NONE',  ( 0.0000000000000000000, 1.000000000000000000, 0.0000000000000000000 ) ) ;
#153 = DIRECTION ( 'NONE',  ( -7.560643062271372000E-017, -1.383966429429561700E-016, 1.000000000000000000 ) ) ;
#154 = CARTESIAN_POINT ( 'NONE',  ( 0.0000000000000000000, 0.0000000000000000000, 10.00000000000000000 ) ) ;
#155 = DIRECTION ( 'NONE',  ( 7.560643062271372000E-017, 1.383966429429561700E-016, -1.000000000000000000 ) ) ;
#156 = CARTESIAN_POINT ( 'NONE',  ( 6.735557394694010300E-016, -5.499999999496645300, 10.00000000000000000 ) ) ;
#157 = DIRECTION ( 'NONE',  ( -0.0000000000000000000, 0.0000000000000000000, 1.000000000000000000 ) ) ;
#158 = CARTESIAN_POINT ( 'NONE',  ( 5.499999999496645300, 0.0000000000000000000, -2.775557562000000400E-017 ) ) ;
#159 = DIRECTION ( 'NONE',  ( 1.000000000000000000, 0.0000000000000000000, 0.0000000000000000000 ) ) ;
#160 = DIRECTION ( 'NONE',  ( 0.0000000000000000000, -0.0000000000000000000, -1.000000000000000000 ) ) ;
#161 = CARTESIAN_POINT ( 'NONE',  ( 0.0000000000000000000, 0.0000000000000000000, 1.000000000000000000 ) ) ;
#162 = DIRECTION ( 'NONE',  ( 1.000000000000000000, 0.0000000000000000000, 0.0000000000000000000 ) ) ;
#163 = DIRECTION ( 'NONE',  ( 0.0000000000000000000, -0.0000000000000000000, -1.000000000000000000 ) ) ;
#164 = CARTESIAN_POINT ( 'NONE',  ( 0.0000000000000000000, 0.0000000000000000000, -2.710505431213761100E-017 ) ) ;
#165 = DIRECTION ( 'NONE',  ( -0.0000000000000000000, 0.0000000000000000000, 1.000000000000000000 ) ) ;
#166 = CARTESIAN_POINT ( 'NONE',  ( -5.499999999496645300, 6.735557394694010300E-016, -2.775557562000000400E-017 ) ) ;
#167 = DIRECTION ( 'NONE',  ( 0.0000000000000000000, 0.0000000000000000000, 1.000000000000000000 ) ) ;
#168 = CARTESIAN_POINT ( 'NONE',  ( 6.500000000000000900, 0.0000000000000000000, 0.0000000000000000000 ) ) ;
#169 = CARTESIAN_POINT ( 'NONE',  ( 2.406176180187305400, 6.038237838115854600, 7.256362080331515000 ) ) ;
#170 = CARTESIAN_POINT ( 'NONE',  ( 2.714619296760863300, 5.915326402729311500, 7.310364658979323400 ) ) ;
#171 = CARTESIAN_POINT ( 'NONE',  ( 3.014025800239344700, 5.768439076916068100, 7.360489470247949300 ) ) ;
#172 = CARTESIAN_POINT ( 'NONE',  ( 3.583601583924639100, 5.432958733166816300, 7.445497439349326300 ) ) ;
#173 = CARTESIAN_POINT ( 'NONE',  ( 3.855188699485942600, 5.243930651233733400, 7.480672556307350600 ) ) ;
#174 = CARTESIAN_POINT ( 'NONE',  ( 4.371786842290930500, 4.821697666710830900, 7.529535524317782200 ) ) ;
#175 = CARTESIAN_POINT ( 'NONE',  ( 4.615927845361500900, 4.588445609386405400, 7.542882905757284800 ) ) ;
#176 = CARTESIAN_POINT ( 'NONE',  ( 5.060167907307803000, 4.093326731856771900, 7.540000642512887400 ) ) ;
#177 = CARTESIAN_POINT ( 'NONE',  ( 5.262630056794409800, 3.829669958816615000, 7.524077995509484800 ) ) ;
#178 = CARTESIAN_POINT ( 'NONE',  ( 5.627585199503180900, 3.269851973785837400, 7.455946615234603700 ) ) ;
#179 = CARTESIAN_POINT ( 'NONE',  ( 5.786217744279444000, 2.979026262029425400, 7.404122222643235500 ) ) ;
#180 = CARTESIAN_POINT ( 'NONE',  ( 6.053714602293632100, 2.389027577917872700, 7.263803426749813500 ) ) ;
#181 = CARTESIAN_POINT ( 'NONE',  ( 6.163657618007693600, 2.088165843389284200, 7.175131239686249900 ) ) ;
#182 = CARTESIAN_POINT ( 'NONE',  ( 6.338045494871915200, 1.476580890590081500, 6.957025591808176500 ) ) ;
#183 = CARTESIAN_POINT ( 'NONE',  ( 6.400255067162369500, 1.173319172858438900, 6.830120539545808900 ) ) ;
#184 = CARTESIAN_POINT ( 'NONE',  ( 6.481104887383212400, 0.5789838036354974000, 6.544367777681080700 ) ) ;
#185 = CARTESIAN_POINT ( 'NONE',  ( 6.499999999990767400, 0.2868298471536445700, 6.385130344398098700 ) ) ;
#186 = CARTESIAN_POINT ( 'NONE',  ( 6.499999999999997300, 2.091916050106501500E-010, 6.209626659395343800 ) ) ;
#187 = CARTESIAN_POINT ( 'NONE',  ( 6.500000000000000900, 2.016073939736795500E-010, 8.510381697679742200 ) ) ;
#188 = CARTESIAN_POINT ( 'NONE',  ( 6.499999999990615500, 0.3026450031973965100, 8.682272475707982600 ) ) ;
#189 = CARTESIAN_POINT ( 'NONE',  ( 6.479048303393109400, 0.6174397852496482700, 8.822850902425940900 ) ) ;
#190 = CARTESIAN_POINT ( 'NONE',  ( 6.382966285819057000, 1.271628955398360600, 9.038557352340610900 ) ) ;
#191 = CARTESIAN_POINT ( 'NONE',  ( 6.309134997960212500, 1.600365041740821300, 9.109870400049128800 ) ) ;
#192 = CARTESIAN_POINT ( 'NONE',  ( 6.106975172635535500, 2.251934042134820800, 9.182799397633182500 ) ) ;
#193 = CARTESIAN_POINT ( 'NONE',  ( 5.976339299304886900, 2.578837975332027600, 9.183627384817166100 ) ) ;
#194 = CARTESIAN_POINT ( 'NONE',  ( 5.672613081643474300, 3.191942598073775500, 9.122244453698060700 ) ) ;
#195 = CARTESIAN_POINT ( 'NONE',  ( 5.497471523788151500, 3.484308219043399800, 9.060518083548586800 ) ) ;
#196 = CARTESIAN_POINT ( 'NONE',  ( 5.109457486822806900, 4.031878112059612100, 8.887929208384287300 ) ) ;
#197 = CARTESIAN_POINT ( 'NONE',  ( 4.900813588208134100, 4.281856408565492000, 8.779214938972042900 ) ) ;
#198 = CARTESIAN_POINT ( 'NONE',  ( 4.456836336211294400, 4.742243983829337300, 8.528925287964781900 ) ) ;
#199 = CARTESIAN_POINT ( 'NONE',  ( 4.219584979277456700, 4.953850648820147900, 8.386006744445794000 ) ) ;
#200 = CARTESIAN_POINT ( 'NONE',  ( 41.28321253000000700, -0.6049473355000001300, 8.014663675999999600 ) ) ;
#201 = CARTESIAN_POINT ( 'NONE',  ( 3.485930452037727900, 5.520907848916009700, 7.931882882986157800 ) ) ;
#202 = CARTESIAN_POINT ( 'NONE',  ( 2.967314817746069500, 5.814629815463031400, 7.594191757859210400 ) ) ;
#203 = CARTESIAN_POINT ( 'NONE',  ( 2.406176180187305400, 6.038237838115854600, 7.256362080331515000 ) ) ;
#204 = DIRECTION ( 'NONE',  ( 0.0000000000000000000, 0.0000000000000000000, 1.000000000000000000 ) ) ;
#205 = CARTESIAN_POINT ( 'NONE',  ( 6.500000000000000900, 0.0000000000000000000, 0.0000000000000000000 ) ) ;
#206 = DIRECTION ( 'NONE',  ( 1.000000000000000000, 0.0000000000000000000, 0.0000000000000000000 ) ) ;
#207 = DIRECTION ( 'NONE',  ( 0.0000000000000000000, 0.0000000000000000000, 1.000000000000000000 ) ) ;
#208 = CARTESIAN_POINT ( 'NONE',  ( 0.0000000000000000000, 0.0000000000000000000, 10.00000000000000000 ) ) ;
#209 = DIRECTION ( 'NONE',  ( 0.0000000000000000000, 0.0000000000000000000, 1.000000000000000000 ) ) ;
#210 = CARTESIAN_POINT ( 'NONE',  ( -6.500000000000000900, 7.960204194457796500E-016, 0.0000000000000000000 ) ) ;
#211 = CARTESIAN_POINT ( 'NONE',  ( -6.414431641530362600, 1.051221535231331400, 7.736963634959688600 ) ) ;
#212 = CARTESIAN_POINT ( 'NONE',  ( -6.466783254000944200, 0.7317780799157441700, 8.034218875723549800 ) ) ;
#213 = CARTESIAN_POINT ( 'NONE',  ( -6.500000000028704200, 0.3825498695103355400, 8.293108013729309400 ) ) ;
#214 = CARTESIAN_POINT ( 'NONE',  ( -6.500000000000005300, -4.876207402269851900E-010, 8.510381697842191800 ) ) ;
#215 = CARTESIAN_POINT ( 'NONE',  ( -4.338126124851890500, 4.840522876959095600, 0.001431014879595287200 ) ) ;
#216 = CARTESIAN_POINT ( 'NONE',  ( -4.415190621428379800, 4.771456886948698200, 0.7593260745368526400 ) ) ;
#217 = CARTESIAN_POINT ( 'NONE',  ( -4.569492293411559400, 4.630745673710390700, 1.480425504225349400 ) ) ;
#218 = CARTESIAN_POINT ( 'NONE',  ( -4.847816764433769500, 4.332111372876816800, 2.528325808743968800 ) ) ;
#219 = CARTESIAN_POINT ( 'NONE',  ( -4.948717401028342300, 4.217581290855065400, 2.871825794866070100 ) ) ;
#220 = CARTESIAN_POINT ( 'NONE',  ( -5.158424617773460100, 3.958339465351617300, 3.549141694277648800 ) ) ;
#221 = CARTESIAN_POINT ( 'NONE',  ( -5.267536571524273000, 3.813151876952511500, 3.883753193541249300 ) ) ;
#222 = CARTESIAN_POINT ( 'NONE',  ( -5.592228105227588800, 3.335454975758357100, 4.863508144495662900 ) ) ;
#223 = CARTESIAN_POINT ( 'NONE',  ( -5.807145935609122800, 2.957592829081193500, 5.491367143038798000 ) ) ;
#224 = CARTESIAN_POINT ( 'NONE',  ( -6.171816866331187000, 2.092600255319665400, 6.669177450262399300 ) ) ;
#225 = CARTESIAN_POINT ( 'NONE',  ( -6.323649686755135900, 1.605162473153665600, 7.221718610942595300 ) ) ;
#226 = CARTESIAN_POINT ( 'NONE',  ( -6.414431641530362600, 1.051221535231331400, 7.736963634959688600 ) ) ;
#227 = CARTESIAN_POINT ( 'NONE',  ( -6.499999999999998200, -5.344377284471901700E-010, 6.209626659594354300 ) ) ;
#228 = CARTESIAN_POINT ( 'NONE',  ( -6.500000000024726900, 0.3007713940999191500, 6.025592506037390300 ) ) ;
#229 = CARTESIAN_POINT ( 'NONE',  ( -6.479111868971656000, 0.5914809516648595900, 5.826110113471038700 ) ) ;
#230 = CARTESIAN_POINT ( 'NONE',  ( -6.404033014418466500, 1.147650415880227000, 5.403005411778433000 ) ) ;
#231 = CARTESIAN_POINT ( 'NONE',  ( -6.350270260316228200, 1.411149867000587500, 5.181074695759224200 ) ) ;
#232 = CARTESIAN_POINT ( 'NONE',  ( -6.217636493755224000, 1.912661171696584000, 4.718111171531426800 ) ) ;
#233 = CARTESIAN_POINT ( 'NONE',  ( -6.138715848252242100, 2.150649290932506100, 4.477068398078086100 ) ) ;
#234 = CARTESIAN_POINT ( 'NONE',  ( -5.960878330333542900, 2.603277582036104500, 3.976589122548452400 ) ) ;
#235 = CARTESIAN_POINT ( 'NONE',  ( -5.861379422057419600, 2.818836954818189500, 3.715811956807446100 ) ) ;
#236 = CARTESIAN_POINT ( 'NONE',  ( -5.544725461042577100, 3.422347380137110900, 2.919569927490433000 ) ) ;
#237 = CARTESIAN_POINT ( 'NONE',  ( -5.309071328976464200, 3.770134066471703800, 2.368842652970190300 ) ) ;
#238 = CARTESIAN_POINT ( 'NONE',  ( -4.823556193305390300, 4.374180483857016600, 1.222954902835616600 ) ) ;
#239 = CARTESIAN_POINT ( 'NONE',  ( -4.572483187344688300, 4.630489680137802800, 0.6283177781136228800 ) ) ;
#240 = CARTESIAN_POINT ( 'NONE',  ( -4.338126124851890500, 4.840522876959095600, 0.001431014879595287200 ) ) ;
#241 = CARTESIAN_POINT ( 'NONE',  ( -150.0000000000000000, 7.500000000000000000, 5.599999999999999600 ) ) ;
#242 = CARTESIAN_POINT ( 'NONE',  ( -150.0000000000000000, 8.269622618000001400, 6.116118001000000200 ) ) ;
#243 = CARTESIAN_POINT ( 'NONE',  ( -150.0000000000000000, 9.147928449999996700, 6.470210205000000800 ) ) ;
#244 = CARTESIAN_POINT ( 'NONE',  ( -150.0000000000000000, 10.08949747000000100, 6.631371980000000800 ) ) ;
#245 = CARTESIAN_POINT ( 'NONE',  ( -150.0000000000000000, 11.03556988000000100, 6.589545819999999700 ) ) ;
#246 = CARTESIAN_POINT ( 'NONE',  ( -150.0000000000000000, 11.93303287000000200, 6.358771187000000300 ) ) ;
#247 = CARTESIAN_POINT ( 'NONE',  ( -147.8729981000000200, 6.487563880000000600, 5.564831533999998700 ) ) ;
#248 = CARTESIAN_POINT ( 'NONE',  ( -147.8729981000000200, 7.215407489000000400, 6.090792602000000500 ) ) ;
#249 = CARTESIAN_POINT ( 'NONE',  ( -147.8729981000000200, 8.048352740999996900, 6.461961929000001000 ) ) ;
#250 = CARTESIAN_POINT ( 'NONE',  ( -147.8729981000000200, 8.948672329999999100, 6.656577459999999400 ) ) ;
#251 = CARTESIAN_POINT ( 'NONE',  ( -147.8729981000000200, 9.866210110000000800, 6.670432780000000500 ) ) ;
#252 = CARTESIAN_POINT ( 'NONE',  ( -147.8729981000000200, 10.75431154999999900, 6.520569335000000200 ) ) ;
#253 = CARTESIAN_POINT ( 'NONE',  ( -145.7459963000000000, 5.569123011000000300, 5.544665957000000300 ) ) ;
#254 = CARTESIAN_POINT ( 'NONE',  ( -145.7459963000000000, 6.261324629999999800, 6.076548139000000700 ) ) ;
#255 = CARTESIAN_POINT ( 'NONE',  ( -145.7459963000000000, 7.057718687999999600, 6.465933055999999000 ) ) ;
#256 = CARTESIAN_POINT ( 'NONE',  ( -145.7459963000000000, 7.923504317999999100, 6.692503916999998900 ) ) ;
#257 = CARTESIAN_POINT ( 'NONE',  ( -145.7459963000000000, 8.812491294000004400, 6.750949501000000000 ) ) ;
#258 = CARTESIAN_POINT ( 'NONE',  ( -145.7459963000000000, 9.680547995000001300, 6.654708214999999400 ) ) ;
#259 = CARTESIAN_POINT ( 'NONE',  ( -143.5797921999999900, 4.721744552999999700, 5.538209746000000600 ) ) ;
#260 = CARTESIAN_POINT ( 'NONE',  ( -143.5797921999999900, 5.382630639999999500, 6.071086138000000100 ) ) ;
#261 = CARTESIAN_POINT ( 'NONE',  ( -143.5797921999999900, 6.144138355999998200, 6.470644864000000500 ) ) ;
#262 = CARTESIAN_POINT ( 'NONE',  ( -143.5797921999999900, 6.975360732000001300, 6.719752352000000400 ) ) ;
#263 = CARTESIAN_POINT ( 'NONE',  ( -143.5797921999999900, 7.835153572999999500, 6.814128887999999100 ) ) ;
#264 = CARTESIAN_POINT ( 'NONE',  ( -143.5797921999999900, 8.683408908000000500, 6.765909520999999300 ) ) ;
#265 = CARTESIAN_POINT ( 'NONE',  ( -139.8804493000000700, 3.435932008000000000, 5.552801311999999700 ) ) ;
#266 = CARTESIAN_POINT ( 'NONE',  ( -139.8804493000000700, 4.049222230000000700, 6.080040240999999800 ) ) ;
#267 = CARTESIAN_POINT ( 'NONE',  ( -139.8804493000000700, 4.757721394000000700, 6.491157058999999800 ) ) ;
#268 = CARTESIAN_POINT ( 'NONE',  ( -139.8804493000000700, 5.534891644000000000, 6.768964448999999400 ) ) ;
#269 = CARTESIAN_POINT ( 'NONE',  ( -139.8804493000000700, 6.345594858999998400, 6.906452092000001200 ) ) ;
#270 = CARTESIAN_POINT ( 'NONE',  ( -139.8804493000000700, 7.154636801999998900, 6.909943444000001400 ) ) ;
#271 = CARTESIAN_POINT ( 'NONE',  ( -136.1811064000000300, 2.375101170999999800, 5.592745759999999700 ) ) ;
#272 = CARTESIAN_POINT ( 'NONE',  ( -136.1811064000000300, 2.950384658000000400, 6.104759301999999700 ) ) ;
#273 = CARTESIAN_POINT ( 'NONE',  ( -136.1811064000000300, 3.615016874999999800, 6.515944095000000000 ) ) ;
#274 = CARTESIAN_POINT ( 'NONE',  ( -136.1811064000000300, 4.345673367999999900, 6.805960579999999800 ) ) ;
#275 = CARTESIAN_POINT ( 'NONE',  ( -136.1811064000000300, 5.111540145999999400, 6.963095578999999100 ) ) ;
#276 = CARTESIAN_POINT ( 'NONE',  ( -136.1811064000000300, 5.881310187000000400, 6.987050822999999700 ) ) ;
#277 = CARTESIAN_POINT ( 'NONE',  ( -134.6767424999999900, 1.976534336999999700, 5.611540571999999100 ) ) ;
#278 = CARTESIAN_POINT ( 'NONE',  ( -134.6767424999999900, 2.537997831000000200, 6.115928896999999000 ) ) ;
#279 = CARTESIAN_POINT ( 'NONE',  ( -134.6767424999999900, 3.186329270000000800, 6.524903072999999900 ) ) ;
#280 = CARTESIAN_POINT ( 'NONE',  ( -134.6767424999999900, 3.899394195999999800, 6.817039755999998900 ) ) ;
#281 = CARTESIAN_POINT ( 'NONE',  ( -134.6767424999999900, 4.647954249999998000, 6.979031174000001100 ) ) ;
#282 = CARTESIAN_POINT ( 'NONE',  ( -134.6767424999999900, 5.402166917999999800, 7.008338962999999900 ) ) ;
#283 = CARTESIAN_POINT ( 'NONE',  ( -131.0070173000000300, 1.073286315999999900, 5.655878213999999500 ) ) ;
#284 = CARTESIAN_POINT ( 'NONE',  ( -131.0070173000000300, 1.606721797999999900, 6.139046094000001100 ) ) ;
#285 = CARTESIAN_POINT ( 'NONE',  ( -131.0070173000000300, 2.220668621000000200, 6.536813691000000800 ) ) ;
#286 = CARTESIAN_POINT ( 'NONE',  ( -131.0070173000000300, 2.895533310999999900, 6.827340385000000300 ) ) ;
#287 = CARTESIAN_POINT ( 'NONE',  ( -131.0070173000000300, 3.605541787000000800, 6.995786587999999600 ) ) ;
#288 = CARTESIAN_POINT ( 'NONE',  ( -131.0070173000000300, 4.324161517999998600, 7.036621971000000600 ) ) ;
#289 = CARTESIAN_POINT ( 'NONE',  ( -127.3372921000000000, 0.2960439479000000500, 5.676956994000001100 ) ) ;
#290 = CARTESIAN_POINT ( 'NONE',  ( -127.3372921000000000, 0.8159520874000000300, 6.139796392000000900 ) ) ;
#291 = CARTESIAN_POINT ( 'NONE',  ( -127.3372921000000000, 1.410851191999999800, 6.521465689000000200 ) ) ;
#292 = CARTESIAN_POINT ( 'NONE',  ( -127.3372921000000000, 2.062702851000000100, 6.802208541999999800 ) ) ;
#293 = CARTESIAN_POINT ( 'NONE',  ( -127.3372921000000000, 2.747999716000000700, 6.968550795000000500 ) ) ;
#294 = CARTESIAN_POINT ( 'NONE',  ( -127.3372921000000000, 3.442505019999999600, 7.015315035999999600 ) ) ;
#295 = CARTESIAN_POINT ( 'NONE',  ( -125.1548375999999800, -0.1412123113000000300, 5.672097538999999200 ) ) ;
#296 = CARTESIAN_POINT ( 'NONE',  ( -125.1548375999999800, 0.3763699943000001200, 6.126198782000000300 ) ) ;
#297 = CARTESIAN_POINT ( 'NONE',  ( -125.1548375999999800, 0.9665330752999999900, 6.499808358000000100 ) ) ;
#298 = CARTESIAN_POINT ( 'NONE',  ( -125.1548375999999800, 1.611773601999999700, 6.774867257999999600 ) ) ;
#299 = CARTESIAN_POINT ( 'NONE',  ( -125.1548375999999800, 2.289443201000000100, 6.939297159000001400 ) ) ;
#300 = CARTESIAN_POINT ( 'NONE',  ( -125.1548375999999800, 2.976195283999999700, 6.988877815000000400 ) ) ;
#301 = CARTESIAN_POINT ( 'NONE',  ( -120.0080568000000100, -1.159063650000000000, 5.600815000999999100 ) ) ;
#302 = CARTESIAN_POINT ( 'NONE',  ( -120.0080568000000100, -0.6323369093999999800, 6.050462150000000400 ) ) ;
#303 = CARTESIAN_POINT ( 'NONE',  ( -120.0080568000000100, -0.03517282776000001800, 6.417327861999999600 ) ) ;
#304 = CARTESIAN_POINT ( 'NONE',  ( -120.0080568000000100, 0.6152054819000000200, 6.686918309999999400 ) ) ;
#305 = CARTESIAN_POINT ( 'NONE',  ( -120.0080568000000100, 1.296843491000000000, 6.850393225000000400 ) ) ;
#306 = CARTESIAN_POINT ( 'NONE',  ( -120.0080568000000100, 1.987126889000000000, 6.906254801000000200 ) ) ;
#307 = CARTESIAN_POINT ( 'NONE',  ( -114.8612759000000200, -2.163252986999999900, 5.463697523000001300 ) ) ;
#308 = CARTESIAN_POINT ( 'NONE',  ( -114.8612759000000200, -1.609899728999999900, 5.943888121000000500 ) ) ;
#309 = CARTESIAN_POINT ( 'NONE',  ( -114.8612759000000200, -0.9787510763000001300, 6.330974590999999500 ) ) ;
#310 = CARTESIAN_POINT ( 'NONE',  ( -114.8612759000000200, -0.2892823921000000600, 6.612015740999998700 ) ) ;
#311 = CARTESIAN_POINT ( 'NONE',  ( -114.8612759000000200, 0.4334744088000001500, 6.780603824000000800 ) ) ;
#312 = CARTESIAN_POINT ( 'NONE',  ( -114.8612759000000200, 1.163806658999999800, 6.838881067999999200 ) ) ;
#313 = CARTESIAN_POINT ( 'NONE',  ( -111.8843762999999900, -2.746854169999999800, 5.396745068999999600 ) ) ;
#314 = CARTESIAN_POINT ( 'NONE',  ( -111.8843762999999900, -2.179636578000000200, 5.904435141999999600 ) ) ;
#315 = CARTESIAN_POINT ( 'NONE',  ( -111.8843762999999900, -1.526908404000000100, 6.310749748000000100 ) ) ;
#316 = CARTESIAN_POINT ( 'NONE',  ( -111.8843762999999900, -0.8102820501999999900, 6.602842550999999300 ) ) ;
#317 = CARTESIAN_POINT ( 'NONE',  ( -111.8843762999999900, -0.05799614965000000900, 6.775434347999999200 ) ) ;
#318 = CARTESIAN_POINT ( 'NONE',  ( -111.8843762999999900, 0.7010151113000000500, 6.833279120000001200 ) ) ;
#319 = CARTESIAN_POINT ( 'NONE',  ( -106.8278862999999900, -3.654300737000000200, 5.487965110000000200 ) ) ;
#320 = CARTESIAN_POINT ( 'NONE',  ( -106.8278862999999900, -3.088478968999999600, 6.016004833000000200 ) ) ;
#321 = CARTESIAN_POINT ( 'NONE',  ( -106.8278862999999900, -2.430038308999999500, 6.441172438000001500 ) ) ;
#322 = CARTESIAN_POINT ( 'NONE',  ( -106.8278862999999900, -1.702248462000000200, 6.745480063000000500 ) ) ;
#323 = CARTESIAN_POINT ( 'NONE',  ( -106.8278862999999900, -0.9361528815000000900, 6.919521558999999700 ) ) ;
#324 = CARTESIAN_POINT ( 'NONE',  ( -106.8278862999999900, -0.1635456184000000400, 6.965445606000000300 ) ) ;
#325 = CARTESIAN_POINT ( 'NONE',  ( -101.7713962999999900, -4.382136674999999900, 5.858550553999998900 ) ) ;
#326 = CARTESIAN_POINT ( 'NONE',  ( -101.7713962999999900, -3.845110654000000000, 6.356403433000000500 ) ) ;
#327 = CARTESIAN_POINT ( 'NONE',  ( -101.7713962999999900, -3.223901099000000300, 6.771420593000001100 ) ) ;
#328 = CARTESIAN_POINT ( 'NONE',  ( -101.7713962999999900, -2.538680298000000500, 7.076002853000000300 ) ) ;
#329 = CARTESIAN_POINT ( 'NONE',  ( -101.7713962999999900, -1.816415072000000300, 7.250017361000000300 ) ) ;
#330 = CARTESIAN_POINT ( 'NONE',  ( -101.7713962999999900, -1.084857922000000300, 7.283396090000001900 ) ) ;
#331 = CARTESIAN_POINT ( 'NONE',  ( -99.68599674999998700, -4.647374540999998700, 6.050628997000000500 ) ) ;
#332 = CARTESIAN_POINT ( 'NONE',  ( -99.68599674999998700, -4.123773170999999800, 6.524961664999999300 ) ) ;
#333 = CARTESIAN_POINT ( 'NONE',  ( -99.68599674999998700, -3.523275208999999900, 6.916019748000000100 ) ) ;
#334 = CARTESIAN_POINT ( 'NONE',  ( -99.68599674999998700, -2.863989229000000000, 7.205385053999999700 ) ) ;
#335 = CARTESIAN_POINT ( 'NONE',  ( -99.68599674999998700, -2.169758319999999700, 7.381018533999999900 ) ) ;
#336 = CARTESIAN_POINT ( 'NONE',  ( -99.68599674999998700, -1.465217802000000000, 7.439423468000001100 ) ) ;
#337 = CARTESIAN_POINT ( 'NONE',  ( -96.65073190999997600, -4.989488182000001400, 6.330039261999999700 ) ) ;
#338 = CARTESIAN_POINT ( 'NONE',  ( -96.65073190999997600, -4.486258324000001400, 6.772129682000001000 ) ) ;
#339 = CARTESIAN_POINT ( 'NONE',  ( -96.65073190999997600, -3.915303842999999800, 7.133812174000000000 ) ) ;
#340 = CARTESIAN_POINT ( 'NONE',  ( -96.65073190999997600, -3.292578025999999700, 7.405509576999999200 ) ) ;
#341 = CARTESIAN_POINT ( 'NONE',  ( -96.65073190999997600, -2.638383752000000600, 7.582622097000000700 ) ) ;
#342 = CARTESIAN_POINT ( 'NONE',  ( -96.65073190999997600, -1.973799488999999900, 7.667115118999998200 ) ) ;
#343 = CARTESIAN_POINT ( 'NONE',  ( -93.61546706000000000, -5.280015934999999800, 6.555611240999999400 ) ) ;
#344 = CARTESIAN_POINT ( 'NONE',  ( -93.61546706000000000, -4.792272492000001300, 6.978507223000000300 ) ) ;
#345 = CARTESIAN_POINT ( 'NONE',  ( -93.61546706000000000, -4.242379928000000100, 7.326964969999998800 ) ) ;
#346 = CARTESIAN_POINT ( 'NONE',  ( -93.61546706000000000, -3.644614954000000100, 7.592294057999999300 ) ) ;
#347 = CARTESIAN_POINT ( 'NONE',  ( -93.61546706000000000, -3.016866018999999200, 7.770021394000001400 ) ) ;
#348 = CARTESIAN_POINT ( 'NONE',  ( 43.13153159000000200, -6.739522619000000600, 2.588002240000000200 ) ) ;
#349 = CARTESIAN_POINT ( 'NONE',  ( -93.61546706000000000, -2.377782508999999800, 7.861174165000000400 ) ) ;
#350 = CARTESIAN_POINT ( 'NONE',  ( -92.66937994999999300, -5.366117523999999000, 6.618386548999998500 ) ) ;
#351 = CARTESIAN_POINT ( 'NONE',  ( -92.66937994999999300, -4.882497507000000100, 7.037053569999999400 ) ) ;
#352 = CARTESIAN_POINT ( 'NONE',  ( -92.66937994999999300, -4.338018828999999200, 7.383517274999999100 ) ) ;
#353 = CARTESIAN_POINT ( 'NONE',  ( -92.66937994999999300, -3.746464716000000200, 7.648346185000002100 ) ) ;
#354 = CARTESIAN_POINT ( 'NONE',  ( -92.66937994999999300, -3.125085305999999900, 7.826172349999998400 ) ) ;
#355 = CARTESIAN_POINT ( 'NONE',  ( -92.66937994999999300, -2.491888786999999700, 7.916915304999999000 ) ) ;
#356 = CARTESIAN_POINT ( 'NONE',  ( -88.93744532000002300, -5.690270499000001300, 6.828930270999998200 ) ) ;
#357 = CARTESIAN_POINT ( 'NONE',  ( -88.93744532000002300, -5.218877443000000200, 7.238689118000000800 ) ) ;
#358 = CARTESIAN_POINT ( 'NONE',  ( -88.93744532000002300, -4.689500050999999600, 7.584503082000001200 ) ) ;
#359 = CARTESIAN_POINT ( 'NONE',  ( -88.93744532000002300, -4.114440604999999500, 7.851865423000000500 ) ) ;
#360 = CARTESIAN_POINT ( 'NONE',  ( -88.93744532000002300, -3.509238681999999900, 8.030057152999999600 ) ) ;
#361 = CARTESIAN_POINT ( 'NONE',  ( 41.28321253000000700, -4.971966030000000800, 4.807857294999999800 ) ) ;
#362 = CARTESIAN_POINT ( 'NONE',  ( -88.93744532000002300, -2.890193609999999900, 8.113283794999999200 ) ) ;
#363 = CARTESIAN_POINT ( 'NONE',  ( -85.20551069000001100, -5.960777478999999900, 6.886615744000000200 ) ) ;
#364 = CARTESIAN_POINT ( 'NONE',  ( -85.20551069000001100, -5.482538905000000200, 7.316909885000000300 ) ) ;
#365 = CARTESIAN_POINT ( 'NONE',  ( -85.20551069000001100, -4.940221602000001200, 7.682119868999998300 ) ) ;
#366 = CARTESIAN_POINT ( 'NONE',  ( -85.20551069000001100, -4.347430170999999200, 7.962126449000000300 ) ) ;
#367 = CARTESIAN_POINT ( 'NONE',  ( -85.20551069000001100, -3.721906005000000100, 8.141443861999999100 ) ) ;
#368 = CARTESIAN_POINT ( 'NONE',  ( -85.20551069000001100, -3.082210694999999700, 8.210742799000000100 ) ) ;
#369 = CARTESIAN_POINT ( 'NONE',  ( -82.40763862000001400, -6.145465108999999900, 6.832936762999999300 ) ) ;
#370 = CARTESIAN_POINT ( 'NONE',  ( -82.40763862000001400, -5.648241612000001400, 7.295741762000001400 ) ) ;
#371 = CARTESIAN_POINT ( 'NONE',  ( -82.40763862000001400, -5.076919865999999000, 7.684438333999999300 ) ) ;
#372 = CARTESIAN_POINT ( 'NONE',  ( -82.40763862000001400, -4.448162694000002300, 7.977162596000000300 ) ) ;
#373 = CARTESIAN_POINT ( 'NONE',  ( -82.40763862000001400, -3.783959505000000300, 8.157857785999999200 ) ) ;
#374 = CARTESIAN_POINT ( 'NONE',  ( -82.40763862000001400, -3.107225079000000000, 8.218295265999998400 ) ) ;
#375 = CARTESIAN_POINT ( 'NONE',  ( -77.66984128000000000, -6.435302436000000600, 6.716342302000001900 ) ) ;
#376 = CARTESIAN_POINT ( 'NONE',  ( -77.66984128000000000, -5.888539580999999900, 7.232088434000000500 ) ) ;
#377 = CARTESIAN_POINT ( 'NONE',  ( -77.66984128000000000, -5.252685895999999100, 7.654844083999999600 ) ) ;
#378 = CARTESIAN_POINT ( 'NONE',  ( -77.66984128000000000, -4.549411075999999300, 7.962547543999999500 ) ) ;
#379 = CARTESIAN_POINT ( 'NONE',  ( -77.66984128000000000, -3.807649788000000000, 8.141041739999996800 ) ) ;
#380 = CARTESIAN_POINT ( 'NONE',  ( -77.66984128000000000, -3.057227104999999900, 8.186874721999998900 ) ) ;
#381 = CARTESIAN_POINT ( 'NONE',  ( -72.93204394000001400, -6.672939870999998700, 6.643515104999999600 ) ) ;
#382 = CARTESIAN_POINT ( 'NONE',  ( -72.93204394000001400, -6.073033611000000500, 7.198127062999999400 ) ) ;
#383 = CARTESIAN_POINT ( 'NONE',  ( -72.93204394000001400, -5.372735849999998900, 7.641045786000000300 ) ) ;
#384 = CARTESIAN_POINT ( 'NONE',  ( -72.93204394000001400, -4.598219257999999400, 7.951244321000000800 ) ) ;
#385 = CARTESIAN_POINT ( 'NONE',  ( -72.93204394000001400, -3.784740709000000300, 8.117777601000000200 ) ) ;
#386 = CARTESIAN_POINT ( 'NONE',  ( -72.93204394000001400, -2.968067770000000200, 8.143264404000000000 ) ) ;
#387 = CARTESIAN_POINT ( 'NONE',  ( -70.98420019000001000, -6.760231926999999500, 6.631309965000000700 ) ) ;
#388 = CARTESIAN_POINT ( 'NONE',  ( -70.98420019000001000, -6.141398568999999700, 7.199058345000000100 ) ) ;
#389 = CARTESIAN_POINT ( 'NONE',  ( -70.98420019000001000, -5.417870640999999500, 7.647715023999999100 ) ) ;
#390 = CARTESIAN_POINT ( 'NONE',  ( 43.13153159000000200, -7.643484527999998300, 0.006445026250000002000 ) ) ;
#391 = CARTESIAN_POINT ( 'NONE',  ( -70.98420019000001000, -4.617637868999998400, 7.956548226999999900 ) ) ;
#392 = CARTESIAN_POINT ( 'NONE',  ( -70.98420019000001000, -3.778534057000000800, 8.115861881999999000 ) ) ;
#393 = CARTESIAN_POINT ( 'NONE',  ( -70.98420019000001000, -2.938707868999999900, 8.130747604999999800 ) ) ;
#394 = CARTESIAN_POINT ( 'NONE',  ( -67.34522254000000900, -6.896228165000001000, 6.633981543999999200 ) ) ;
#395 = CARTESIAN_POINT ( 'NONE',  ( -67.34522254000000900, -6.252367631000000300, 7.221441681000000800 ) ) ;
#396 = CARTESIAN_POINT ( 'NONE',  ( -67.34522254000000900, -5.496417325999999500, 7.679538534999999800 ) ) ;
#397 = CARTESIAN_POINT ( 'NONE',  ( -67.34522254000000900, -4.659474820999999000, 7.985898404000002100 ) ) ;
#398 = CARTESIAN_POINT ( 'NONE',  ( -67.34522254000000900, -3.783967004000000400, 8.130997151999999100 ) ) ;
#399 = CARTESIAN_POINT ( 'NONE',  ( -67.34522254000000900, -2.912218415999999100, 8.122443925000000700 ) ) ;
#400 = CARTESIAN_POINT ( 'NONE',  ( -63.70624488000000000, -6.976388447000000600, 6.669575753999999400 ) ) ;
#401 = CARTESIAN_POINT ( 'NONE',  ( -63.70624488000000000, -6.326815760999998900, 7.268401446999999600 ) ) ;
#402 = CARTESIAN_POINT ( 'NONE',  ( -63.70624488000000000, -5.559176810999999500, 7.735588123000000300 ) ) ;
#403 = CARTESIAN_POINT ( 'NONE',  ( -63.70624488000000000, -4.706969575999999700, 8.043157310999999900 ) ) ;
#404 = CARTESIAN_POINT ( 'NONE',  ( -63.70624488000000000, -3.816489304999999300, 8.177537660000000500 ) ) ;
#405 = CARTESIAN_POINT ( 'NONE',  ( -63.70624488000000000, -2.933525176999999900, 8.144422205999999800 ) ) ;
#406 = CARTESIAN_POINT ( 'NONE',  ( -62.01355432000000400, -7.000480070999999200, 6.690280583999999900 ) ) ;
#407 = CARTESIAN_POINT ( 'NONE',  ( -62.01355432000000400, -6.352485584999999300, 7.292689263999999800 ) ) ;
#408 = CARTESIAN_POINT ( 'NONE',  ( -62.01355432000000400, -5.583992836999999400, 7.764748157999999700 ) ) ;
#409 = CARTESIAN_POINT ( 'NONE',  ( -62.01355432000000400, -4.729435645000000600, 8.074711643999998900 ) ) ;
#410 = CARTESIAN_POINT ( 'NONE',  ( -62.01355432000000400, -3.836703327999999600, 8.205850759999998800 ) ) ;
#411 = CARTESIAN_POINT ( 'NONE',  ( -62.01355432000000400, -2.953011955000000500, 8.161588194000000100 ) ) ;
#412 = CARTESIAN_POINT ( 'NONE',  ( -57.96190629000000200, -7.028905924999999200, 6.744687538999999200 ) ) ;
#413 = CARTESIAN_POINT ( 'NONE',  ( -57.96190629000000200, -6.390924477999998700, 7.353023142000000500 ) ) ;
#414 = CARTESIAN_POINT ( 'NONE',  ( -57.96190629000000200, -5.627790510999998800, 7.835814798999999600 ) ) ;
#415 = CARTESIAN_POINT ( 'NONE',  ( -57.96190629000000200, -4.775548245000000400, 8.153152442999999700 ) ) ;
#416 = CARTESIAN_POINT ( 'NONE',  ( -57.96190629000000200, -3.884874299999999900, 8.281138894999999800 ) ) ;
#417 = CARTESIAN_POINT ( 'NONE',  ( -57.96190629000000200, -3.005605642999999500, 8.217551809000001500 ) ) ;
#418 = CARTESIAN_POINT ( 'NONE',  ( -53.91025826000000600, -7.010268366000000000, 6.829123194000001000 ) ) ;
#419 = CARTESIAN_POINT ( 'NONE',  ( -53.91025826000000600, -6.379759543000000500, 7.442343242000000600 ) ) ;
#420 = CARTESIAN_POINT ( 'NONE',  ( -53.91025826000000600, -5.620880724000000100, 7.928003596000000800 ) ) ;
#421 = CARTESIAN_POINT ( 'NONE',  ( -53.91025826000000600, -4.770534028999999300, 8.245807879000000900 ) ) ;
#422 = CARTESIAN_POINT ( 'NONE',  ( -53.91025826000000600, -3.881110524000000300, 8.372205516000004600 ) ) ;
#423 = CARTESIAN_POINT ( 'NONE',  ( -53.91025826000000600, -3.004089789000000000, 8.306438280000001800 ) ) ;
#424 = CARTESIAN_POINT ( 'NONE',  ( -51.54924583000000400, -6.993809838999999900, 6.896107536999999800 ) ) ;
#425 = CARTESIAN_POINT ( 'NONE',  ( -51.54924583000000400, -6.358533558999998700, 7.514144516999998300 ) ) ;
#426 = CARTESIAN_POINT ( 'NONE',  ( -51.54924583000000400, -5.592857849999998800, 7.998216247999999400 ) ) ;
#427 = CARTESIAN_POINT ( 'NONE',  ( -51.54924583000000400, -4.734505062999999400, 8.311122583999999600 ) ) ;
#428 = CARTESIAN_POINT ( 'NONE',  ( -51.54924583000000400, -3.837225091999999700, 8.433086805000002100 ) ) ;
#429 = CARTESIAN_POINT ( 'NONE',  ( -51.54924583000000400, -2.953643225999999600, 8.367959404000000500 ) ) ;
#430 = CARTESIAN_POINT ( 'NONE',  ( -47.34038870999999900, -6.985392793000001700, 7.079128443000001000 ) ) ;
#431 = CARTESIAN_POINT ( 'NONE',  ( -47.34038870999999900, -6.302486689999999400, 7.710389025999999600 ) ) ;
#432 = CARTESIAN_POINT ( 'NONE',  ( -47.34038870999999900, -5.485214344000000100, 8.193853302999999100 ) ) ;
#433 = CARTESIAN_POINT ( 'NONE',  ( -47.34038870999999900, -4.574523594000000400, 8.492727691000000700 ) ) ;
#434 = CARTESIAN_POINT ( 'NONE',  ( -47.34038870999999900, -3.628150407000000100, 8.589411047000000500 ) ) ;
#435 = CARTESIAN_POINT ( 'NONE',  ( -47.34038870999999900, -2.702027020000000100, 8.491793739999998500 ) ) ;
#436 = CARTESIAN_POINT ( 'NONE',  ( -43.13153159000000200, -7.022780354000000000, 7.365437052999999100 ) ) ;
#437 = CARTESIAN_POINT ( 'NONE',  ( -43.13153159000000200, -6.239649797000002000, 8.035635755000001300 ) ) ;
#438 = CARTESIAN_POINT ( 'NONE',  ( -43.13153159000000200, -5.304493952999999700, 8.532229468999998900 ) ) ;
#439 = CARTESIAN_POINT ( 'NONE',  ( -43.13153159000000200, -4.270494738000000000, 8.806467363000001200 ) ) ;
#440 = CARTESIAN_POINT ( 'NONE',  ( -43.13153159000000200, -3.212983962999999700, 8.836173122999998200 ) ) ;
#441 = CARTESIAN_POINT ( 'NONE',  ( -43.13153159000000200, -2.201299446000000200, 8.633283351999999400 ) ) ;
#442 = CARTESIAN_POINT ( 'NONE',  ( -41.28321253000000700, -7.049332276000000300, 7.509549878999999700 ) ) ;
#443 = CARTESIAN_POINT ( 'NONE',  ( -41.28321253000000700, -6.225194533999999900, 8.218371781999994900 ) ) ;
#444 = CARTESIAN_POINT ( 'NONE',  ( -41.28321253000000700, -5.227237477999999300, 8.730873478999997800 ) ) ;
#445 = CARTESIAN_POINT ( 'NONE',  ( -41.28321253000000700, -4.119034049999998900, 8.989038613000003500 ) ) ;
#446 = CARTESIAN_POINT ( 'NONE',  ( -41.28321253000000700, -2.995168023999999400, 8.970201207000000600 ) ) ;
#447 = CARTESIAN_POINT ( 'NONE',  ( -41.28321253000000700, -1.939342369999999900, 8.697663593999999800 ) ) ;
#448 = CARTESIAN_POINT ( 'NONE',  ( -38.01072656999999600, -7.105827907000000100, 7.778827771000000400 ) ) ;
#449 = CARTESIAN_POINT ( 'NONE',  ( -38.01072656999999600, -6.213498856999999400, 8.589857635000001300 ) ) ;
#450 = CARTESIAN_POINT ( 'NONE',  ( -38.01072656999999600, -5.094060601999999900, 9.149240816000000700 ) ) ;
#451 = CARTESIAN_POINT ( 'NONE',  ( -38.01072656999999600, -3.836556226999999500, 9.374004650000001600 ) ) ;
#452 = CARTESIAN_POINT ( 'NONE',  ( -38.01072656999999600, -2.584534361000000700, 9.243042308999999800 ) ) ;
#453 = CARTESIAN_POINT ( 'NONE',  ( -38.01072656999999600, -1.453860803999999800, 8.813079333000001000 ) ) ;
#454 = CARTESIAN_POINT ( 'NONE',  ( -34.73824061000000500, -7.161993853000000200, 8.039831962999999200 ) ) ;
#455 = CARTESIAN_POINT ( 'NONE',  ( -34.73824061000000500, -6.200541571999999700, 8.950765948000000800 ) ) ;
#456 = CARTESIAN_POINT ( 'NONE',  ( -34.73824061000000500, -4.960683152000000500, 9.560205423999999400 ) ) ;
#457 = CARTESIAN_POINT ( 'NONE',  ( -34.73824061000000500, -3.559762833999999400, 9.754981889999999800 ) ) ;
#458 = CARTESIAN_POINT ( 'NONE',  ( -34.73824061000000500, -2.192567584999999900, 9.513066377000001200 ) ) ;
#459 = CARTESIAN_POINT ( 'NONE',  ( -34.73824061000000500, -1.005655003000000000, 8.921925892999999200 ) ) ;
#460 = CARTESIAN_POINT ( 'NONE',  ( -33.31486616999999500, -7.183909875999998600, 8.147034026000000000 ) ) ;
#461 = CARTESIAN_POINT ( 'NONE',  ( -33.31486616999999500, -6.189999456999999900, 9.090302989999999600 ) ) ;
#462 = CARTESIAN_POINT ( 'NONE',  ( -33.31486616999999500, -4.900567265000000300, 9.716950009999999700 ) ) ;
#463 = CARTESIAN_POINT ( 'NONE',  ( -33.31486616999999500, -3.444209231000000300, 9.901285407000001400 ) ) ;
#464 = CARTESIAN_POINT ( 'NONE',  ( -33.31486616999999500, -2.034424841000000300, 9.619245977000000300 ) ) ;
#465 = CARTESIAN_POINT ( 'NONE',  ( -33.31486616999999500, -0.8285815449999999200, 8.966740852000002700 ) ) ;
#466 = CARTESIAN_POINT ( 'NONE',  ( -29.16886464000000200, -7.232492855000000300, 8.426485791000001100 ) ) ;
#467 = CARTESIAN_POINT ( 'NONE',  ( -29.16886464000000200, -6.153026648999999200, 9.437431416000000800 ) ) ;
#468 = CARTESIAN_POINT ( 'NONE',  ( -29.16886464000000200, -4.738958935999999500, 10.10097303999999800 ) ) ;
#469 = CARTESIAN_POINT ( 'NONE',  ( -29.16886464000000200, -3.147465848000000400, 10.26043709000000200 ) ) ;
#470 = CARTESIAN_POINT ( 'NONE',  ( -29.16886464000000200, -1.636839323000000000, 9.884490326000001700 ) ) ;
#471 = CARTESIAN_POINT ( 'NONE',  ( -29.16886464000000200, -0.3905156589000000600, 9.084466928000001200 ) ) ;
#472 = CARTESIAN_POINT ( 'NONE',  ( -25.02286311000000700, -7.224204135999999100, 8.588369354999999300 ) ) ;
#473 = CARTESIAN_POINT ( 'NONE',  ( -25.02286311000000700, -6.103091893000000200, 9.623968917999999200 ) ) ;
#474 = CARTESIAN_POINT ( 'NONE',  ( -25.02286311000000700, -4.627882398999998900, 10.29999393999999800 ) ) ;
#475 = CARTESIAN_POINT ( 'NONE',  ( -25.02286311000000700, -2.972778576999999700, 10.44307864999999900 ) ) ;
#476 = CARTESIAN_POINT ( 'NONE',  ( -25.02286311000000700, -1.421221188999999700, 10.01800894999999900 ) ) ;
#477 = CARTESIAN_POINT ( 'NONE',  ( -25.02286311000000700, -0.1703982052000000100, 9.143152381999998500 ) ) ;
#478 = CARTESIAN_POINT ( 'NONE',  ( -22.29981898000000100, -7.183739119000000200, 8.625376290000000200 ) ) ;
#479 = CARTESIAN_POINT ( 'NONE',  ( -22.29981898000000100, -6.061003277999999400, 9.667423622999999500 ) ) ;
#480 = CARTESIAN_POINT ( 'NONE',  ( -22.29981897000000000, -4.578394620000000100, 10.34293054000000100 ) ) ;
#481 = CARTESIAN_POINT ( 'NONE',  ( -22.29981897000000000, -2.913974633999999700, 10.47518805000000200 ) ) ;
#482 = CARTESIAN_POINT ( 'NONE',  ( -22.29981897000000000, -1.359417997000000000, 10.03157918999999900 ) ) ;
#483 = CARTESIAN_POINT ( 'NONE',  ( -22.29981898000000100, -0.1148579676999999900, 9.138530792999999300 ) ) ;
#484 = CARTESIAN_POINT ( 'NONE',  ( -16.57961972000000000, -7.026704388999999800, 8.562875256000001700 ) ) ;
#485 = CARTESIAN_POINT ( 'NONE',  ( -16.57961972000000000, -5.912863598000000400, 9.613758263999999400 ) ) ;
#486 = CARTESIAN_POINT ( 'NONE',  ( -16.57961972999999700, -4.431688131000001400, 10.27904974000000000 ) ) ;
#487 = CARTESIAN_POINT ( 'NONE',  ( -16.57961972999999700, -2.763247227000000400, 10.38003052000000200 ) ) ;
#488 = CARTESIAN_POINT ( 'NONE',  ( -16.57961972999999700, -1.214180581000000100, 9.896928320999999000 ) ) ;
#489 = CARTESIAN_POINT ( 'NONE',  ( -16.57961972000000000, 0.01507441396000000300, 8.983321250999999600 ) ) ;
#490 = CARTESIAN_POINT ( 'NONE',  ( -10.85942047000000200, -6.719280376999999600, 8.210280107999999200 ) ) ;
#491 = CARTESIAN_POINT ( 'NONE',  ( -10.85942047000000200, -5.594710693999999800, 9.293346589000000400 ) ) ;
#492 = CARTESIAN_POINT ( 'NONE',  ( -10.85942047000000200, -4.086832349999999900, 9.949057887000000400 ) ) ;
#493 = CARTESIAN_POINT ( 'NONE',  ( -10.85942047000000200, -2.381628522999999400, 9.990537337000002800 ) ) ;
#494 = CARTESIAN_POINT ( 'NONE',  ( -10.85942047000000200, -0.8175526046999999100, 9.422418102000000000 ) ) ;
#495 = CARTESIAN_POINT ( 'NONE',  ( -10.85942047000000200, 0.4054304747000000400, 8.451333998000000800 ) ) ;
#496 = CARTESIAN_POINT ( 'NONE',  ( -7.893326600000000000, -6.518589931999999400, 7.948637711000001700 ) ) ;
#497 = CARTESIAN_POINT ( 'NONE',  ( -7.893326600000000000, -5.364993830999998700, 9.055020355000001700 ) ) ;
#498 = CARTESIAN_POINT ( 'NONE',  ( -7.893326600000000000, -3.807862558000000500, 9.716790632000000400 ) ) ;
#499 = CARTESIAN_POINT ( 'NONE',  ( -7.893326600000000000, -2.049167209000000200, 9.727747862999999400 ) ) ;
#500 = CARTESIAN_POINT ( 'NONE',  ( -7.893326600000000000, -0.4599099642000001300, 9.095984854000002800 ) ) ;
#501 = CARTESIAN_POINT ( 'NONE',  ( -7.893326600000000000, 0.7505680244000001400, 8.049827069999999200 ) ) ;
#502 = CARTESIAN_POINT ( 'NONE',  ( -4.946663294000002200, -6.279645069000000700, 7.613169269999999300 ) ) ;
#503 = CARTESIAN_POINT ( 'NONE',  ( -4.946663294000002200, -5.076250135000001300, 8.759116703000001900 ) ) ;
#504 = CARTESIAN_POINT ( 'NONE',  ( -4.946663294000002200, -3.442022948999999600, 9.432472017000002000 ) ) ;
#505 = CARTESIAN_POINT ( 'NONE',  ( -4.946663294000002200, -1.601405398999999900, 9.401084438000001600 ) ) ;
#506 = CARTESIAN_POINT ( 'NONE',  ( -4.946663294000002200, 0.03095445981000001500, 8.679738365000000400 ) ) ;
#507 = CARTESIAN_POINT ( 'NONE',  ( -4.946663294000002200, 1.234698967000000100, 7.527331922999999300 ) ) ;
#508 = CARTESIAN_POINT ( 'NONE',  ( -2.000000000000000000, -6.000000000000000000, 7.200000000000001100 ) ) ;
#509 = CARTESIAN_POINT ( 'NONE',  ( -2.000000000000000000, -4.723654816999999000, 8.404524352000001000 ) ) ;
#510 = CARTESIAN_POINT ( 'NONE',  ( -2.000000000000000000, -2.967029731000000700, 9.102741582000000200 ) ) ;
#511 = CARTESIAN_POINT ( 'NONE',  ( -2.000000000000000000, -0.9991264651999999200, 9.021501058000000100 ) ) ;
#512 = CARTESIAN_POINT ( 'NONE',  ( -2.000000000000000000, 0.6939706671000002200, 8.180869693000000000 ) ) ;
#513 = CARTESIAN_POINT ( 'NONE',  ( -2.000000000000000000, 1.866689753000000000, 6.875241152000001000 ) ) ;
#514 = DIRECTION ( 'NONE',  ( 0.0000000000000000000, 0.0000000000000000000, -1.000000000000000000 ) ) ;
#515 = DIRECTION ( 'NONE',  ( 1.000000000000000000, 0.0000000000000000000, 0.0000000000000000000 ) ) ;
#516 = CARTESIAN_POINT ( 'NONE',  ( -150.0000000000000000, 0.0000000000000000000, 0.0000000000000000000 ) ) ;
#517 = PLANE ( 'NONE',  #2376 ) ;
#518 = DIRECTION ( 'NONE',  ( 1.000000000000000000, 0.0000000000000000000, 0.0000000000000000000 ) ) ;
#519 = DIRECTION ( 'NONE',  ( -0.0000000000000000000, -0.0000000000000000000, -1.000000000000000000 ) ) ;
#520 = CARTESIAN_POINT ( 'NONE',  ( 0.0000000000000000000, 0.0000000000000000000, 0.0000000000000000000 ) ) ;
#521 = CARTESIAN_POINT ( 'NONE',  ( -150.0000000000000000, 11.93303287000000200, 6.358771187000000300 ) ) ;
#522 = CARTESIAN_POINT ( 'NONE',  ( -150.0000000000000000, 13.10849767999999900, 6.056510860999998700 ) ) ;
#523 = CARTESIAN_POINT ( 'NONE',  ( -150.0000000000000000, 14.26143099000000100, 5.666627175999999500 ) ) ;
#524 = CARTESIAN_POINT ( 'NONE',  ( -150.0000000000000000, 15.38312263000000100, 5.191356912999999900 ) ) ;
#525 = CARTESIAN_POINT ( 'NONE',  ( -150.0000000000000000, 16.46520086999999300, 4.634247251999999800 ) ) ;
#526 = CARTESIAN_POINT ( 'NONE',  ( -150.0000000000000000, 17.50000000000000000, 4.000000000000000000 ) ) ;
#527 = CARTESIAN_POINT ( 'NONE',  ( -147.8729981000000200, 10.75431154999999900, 6.520569335000000200 ) ) ;
#528 = CARTESIAN_POINT ( 'NONE',  ( -147.8729981000000200, 12.20687142999999800, 6.249878186000001000 ) ) ;
#529 = CARTESIAN_POINT ( 'NONE',  ( -147.8729981000000200, 13.63870978999999800, 5.845576318999999200 ) ) ;
#530 = CARTESIAN_POINT ( 'NONE',  ( -147.8729981000000200, 15.02867546999999800, 5.307660955000000200 ) ) ;
#531 = CARTESIAN_POINT ( 'NONE',  ( -147.8729981000000200, 16.35624062000000100, 4.641446196000000400 ) ) ;
#532 = CARTESIAN_POINT ( 'NONE',  ( -147.8729981000000200, 17.60417986999999900, 3.856443569999999300 ) ) ;
#533 = CARTESIAN_POINT ( 'NONE',  ( -145.7459963000000000, 9.680547995000001300, 6.654708214999999400 ) ) ;
#534 = CARTESIAN_POINT ( 'NONE',  ( -145.7459963000000000, 11.39393663000000200, 6.443703789000001500 ) ) ;
#535 = CARTESIAN_POINT ( 'NONE',  ( -145.7459963000000000, 13.09052485000000100, 6.040621375999999800 ) ) ;
#536 = CARTESIAN_POINT ( 'NONE',  ( -145.7459963000000000, 14.73403901000000000, 5.443508500000000100 ) ) ;
#537 = CARTESIAN_POINT ( 'NONE',  ( -145.7459963000000000, 16.28886724999999900, 4.661171836999998600 ) ) ;
#538 = CARTESIAN_POINT ( 'NONE',  ( -145.7459963000000000, 17.72600130000000000, 3.710928552000000400 ) ) ;
#539 = CARTESIAN_POINT ( 'NONE',  ( -143.5797921999999900, 8.683408908000000500, 6.765909520999999300 ) ) ;
#540 = CARTESIAN_POINT ( 'NONE',  ( -143.5797921999999900, 10.64648075000000200, 6.636669874000001600 ) ) ;
#541 = CARTESIAN_POINT ( 'NONE',  ( -143.5797921999999900, 12.59958558000000100, 6.247320075000000200 ) ) ;
#542 = CARTESIAN_POINT ( 'NONE',  ( -143.5797921999999900, 14.48828452000000100, 5.593741335000000700 ) ) ;
#543 = CARTESIAN_POINT ( 'NONE',  ( -143.5797921999999900, 16.25865929999999800, 4.689202518000000100 ) ) ;
#544 = CARTESIAN_POINT ( 'NONE',  ( -143.5797921999999900, 17.86731707999999900, 3.560816822999999700 ) ) ;
#545 = CARTESIAN_POINT ( 'NONE',  ( -139.8804493000000700, 7.154636801999998900, 6.909943444000001400 ) ) ;
#546 = CARTESIAN_POINT ( 'NONE',  ( -139.8804493000000700, 9.507447930000001400, 6.908439487000000800 ) ) ;
#547 = CARTESIAN_POINT ( 'NONE',  ( -139.8804493000000700, 11.86279987000000300, 6.539185568999998900 ) ) ;
#548 = CARTESIAN_POINT ( 'NONE',  ( -139.8804493000000700, 14.13883910999999900, 5.796456211999999800 ) ) ;
#549 = CARTESIAN_POINT ( 'NONE',  ( -139.8804493000000700, 16.25373746999999700, 4.702224137000000000 ) ) ;
#550 = CARTESIAN_POINT ( 'NONE',  ( -139.8804493000000700, 18.14213137999999900, 3.300731988000000300 ) ) ;
#551 = CARTESIAN_POINT ( 'NONE',  ( -136.1811064000000300, 5.881310187000000400, 6.987050822999999700 ) ) ;
#552 = CARTESIAN_POINT ( 'NONE',  ( -136.1811064000000300, 8.565853192000000500, 7.068091147000000500 ) ) ;
#553 = CARTESIAN_POINT ( 'NONE',  ( -136.1811064000000300, 11.26376159000000000, 6.700830158999999700 ) ) ;
#554 = CARTESIAN_POINT ( 'NONE',  ( -136.1811064000000300, 13.87474778000000000, 5.881283009000000600 ) ) ;
#555 = CARTESIAN_POINT ( 'NONE',  ( -136.1811064000000300, 16.29788543000000400, 4.640468470000000100 ) ) ;
#556 = CARTESIAN_POINT ( 'NONE',  ( -136.1811064000000300, 18.45279982999999600, 3.037746718000000200 ) ) ;
#557 = CARTESIAN_POINT ( 'NONE',  ( -134.6767424999999900, 5.402166917999999800, 7.008338962999999900 ) ) ;
#558 = CARTESIAN_POINT ( 'NONE',  ( -134.6767424999999900, 8.212909380999999300, 7.115532992999999500 ) ) ;
#559 = CARTESIAN_POINT ( 'NONE',  ( -134.6767424999999900, 11.04099877999999700, 6.746315695999999900 ) ) ;
#560 = CARTESIAN_POINT ( 'NONE',  ( -134.6767424999999900, 13.77998447000000000, 5.897687166999999100 ) ) ;
#561 = CARTESIAN_POINT ( 'NONE',  ( -134.6767424999999900, 16.32249808000000300, 4.604149795000000500 ) ) ;
#562 = CARTESIAN_POINT ( 'NONE',  ( -134.6767424999999900, 18.58311451999999900, 2.930630984999999600 ) ) ;
#563 = CARTESIAN_POINT ( 'NONE',  ( -131.0070173000000300, 4.324161517999998600, 7.036621971000000600 ) ) ;
#564 = CARTESIAN_POINT ( 'NONE',  ( -131.0070173000000300, 7.424230121000000800, 7.208736015000000400 ) ) ;
#565 = CARTESIAN_POINT ( 'NONE',  ( -131.0070173000000300, 10.55205678000000100, 6.839657875000000300 ) ) ;
#566 = CARTESIAN_POINT ( 'NONE',  ( -131.0070173000000300, 13.58570901000000200, 5.926865756999999800 ) ) ;
#567 = CARTESIAN_POINT ( 'NONE',  ( -131.0070173000000300, 16.40158182999999800, 4.511592645000000300 ) ) ;
#568 = CARTESIAN_POINT ( 'NONE',  ( -131.0070173000000300, 18.90153695000000100, 2.670687965000000400 ) ) ;
#569 = CARTESIAN_POINT ( 'NONE',  ( -127.3372921000000000, 3.442505019999999600, 7.015315035999999600 ) ) ;
#570 = CARTESIAN_POINT ( 'NONE',  ( -127.3372921000000000, 6.783803920000000400, 7.238785903000000100 ) ) ;
#571 = CARTESIAN_POINT ( 'NONE',  ( -127.3372921000000000, 10.16280875000000000, 6.872277546999999500 ) ) ;
#572 = CARTESIAN_POINT ( 'NONE',  ( -127.3372921000000000, 13.44415729999999900, 5.910585046999998800 ) ) ;
#573 = CARTESIAN_POINT ( 'NONE',  ( -127.3372921000000000, 16.48998405000000000, 4.397867576999998600 ) ) ;
#574 = CARTESIAN_POINT ( 'NONE',  ( -127.3372921000000000, 19.19109864000000300, 2.418541548000000300 ) ) ;
#575 = CARTESIAN_POINT ( 'NONE',  ( -125.1548375999999800, 2.976195283999999700, 6.988877815000000400 ) ) ;
#576 = CARTESIAN_POINT ( 'NONE',  ( -125.1548375999999800, 6.443875938999999800, 7.238621892000001200 ) ) ;
#577 = CARTESIAN_POINT ( 'NONE',  ( -125.1548375999999800, 9.954735958000004100, 6.874502076999999800 ) ) ;
#578 = CARTESIAN_POINT ( 'NONE',  ( -125.1548375999999800, 13.36615701000000200, 5.888692095000001500 ) ) ;
#579 = CARTESIAN_POINT ( 'NONE',  ( -125.1548375999999800, 16.53252396999999600, 4.325848425000000200 ) ) ;
#580 = CARTESIAN_POINT ( 'NONE',  ( -125.1548375999999800, 19.33869528000000000, 2.273460638000000400 ) ) ;
#581 = CARTESIAN_POINT ( 'NONE',  ( -120.0080568000000100, 1.987126889000000000, 6.906254801000000200 ) ) ;
#582 = CARTESIAN_POINT ( 'NONE',  ( -120.0080568000000100, 5.709926202000001000, 7.206927473000000400 ) ) ;
#583 = CARTESIAN_POINT ( 'NONE',  ( -120.0080568000000100, 9.486391361999999100, 6.846743009000000800 ) ) ;
#584 = CARTESIAN_POINT ( 'NONE',  ( 43.13153159000000200, -5.171957759999999700, 4.941308557000000200 ) ) ;
#585 = CARTESIAN_POINT ( 'NONE',  ( -120.0080568000000100, 13.15953977000000200, 5.811998517000000100 ) ) ;
#586 = CARTESIAN_POINT ( 'NONE',  ( -120.0080568000000100, 16.56839081999999800, 4.147745173999999800 ) ) ;
#587 = CARTESIAN_POINT ( 'NONE',  ( -120.0080568000000100, 19.58605695000000000, 1.947050609999999800 ) ) ;
#588 = CARTESIAN_POINT ( 'NONE',  ( -114.8612759000000200, 1.163806658999999800, 6.838881067999999200 ) ) ;
#589 = CARTESIAN_POINT ( 'NONE',  ( -114.8612759000000200, 5.058813727999999600, 7.150048374999999900 ) ) ;
#590 = CARTESIAN_POINT ( 'NONE',  ( -114.8612759000000200, 9.010029026999999900, 6.773780755000000700 ) ) ;
#591 = CARTESIAN_POINT ( 'NONE',  ( -114.8612759000000200, 12.85194981000000200, 5.691599561999999500 ) ) ;
#592 = CARTESIAN_POINT ( 'NONE',  ( -114.8612759000000200, 16.41485706000000600, 3.947368904999999800 ) ) ;
#593 = CARTESIAN_POINT ( 'NONE',  ( -114.8612759000000200, 19.56526504000000000, 1.635860815999999900 ) ) ;
#594 = CARTESIAN_POINT ( 'NONE',  ( -111.8843762999999900, 0.7010151113000000500, 6.833279120000001200 ) ) ;
#595 = CARTESIAN_POINT ( 'NONE',  ( -111.8843762999999900, 4.675661649000000300, 7.136424674999999800 ) ) ;
#596 = CARTESIAN_POINT ( 'NONE',  ( -111.8843762999999900, 8.705996669000001000, 6.739187582000001300 ) ) ;
#597 = CARTESIAN_POINT ( 'NONE',  ( -111.8843762999999900, 12.62175588999999900, 5.621081004999999700 ) ) ;
#598 = CARTESIAN_POINT ( 'NONE',  ( -111.8843762999999900, 16.24842955999999500, 3.826203621999999500 ) ) ;
#599 = CARTESIAN_POINT ( 'NONE',  ( -111.8843762999999900, 19.44940802999999700, 1.451103618999999700 ) ) ;
#600 = CARTESIAN_POINT ( 'NONE',  ( -106.8278862999999900, -0.1635456184000000400, 6.965445606000000300 ) ) ;
#601 = CARTESIAN_POINT ( 'NONE',  ( -106.8278862999999900, 3.948700900999999600, 7.212188603999999600 ) ) ;
#602 = CARTESIAN_POINT ( 'NONE',  ( -106.8278862999999900, 8.105763543000001900, 6.730941339000001000 ) ) ;
#603 = CARTESIAN_POINT ( 'NONE',  ( -106.8278862999999900, 12.13221989999999900, 5.506087893000000100 ) ) ;
#604 = CARTESIAN_POINT ( 'NONE',  ( -106.8278862999999900, 15.84965263000000300, 3.587893126000000000 ) ) ;
#605 = CARTESIAN_POINT ( 'NONE',  ( -106.8278862999999900, 19.11883898000000300, 1.079685329000000100 ) ) ;
#606 = CARTESIAN_POINT ( 'NONE',  ( -101.7713962999999900, -1.084857922000000300, 7.283396090000001900 ) ) ;
#607 = CARTESIAN_POINT ( 'NONE',  ( -101.7713962999999900, 3.159317678000000300, 7.478509155000001100 ) ) ;
#608 = CARTESIAN_POINT ( 'NONE',  ( -101.7713962999999900, 7.437945794000000900, 6.879123173000000900 ) ) ;
#609 = CARTESIAN_POINT ( 'NONE',  ( -101.7713962999999900, 11.56026377999999800, 5.484980407999999300 ) ) ;
#610 = CARTESIAN_POINT ( 'NONE',  ( -101.7713962999999900, 15.33313126000000000, 3.369638513999999600 ) ) ;
#611 = CARTESIAN_POINT ( 'NONE',  ( -101.7713962999999900, 18.60982314000000300, 0.6641213907000000900 ) ) ;
#612 = CARTESIAN_POINT ( 'NONE',  ( -99.68599674999998700, -1.465217802000000000, 7.439423468000001100 ) ) ;
#613 = CARTESIAN_POINT ( 'NONE',  ( -99.68599674999998700, 2.835135972999999400, 7.783871091000001700 ) ) ;
#614 = CARTESIAN_POINT ( 'NONE',  ( -99.68599674999998700, 7.221514636999998500, 7.230351858999999800 ) ) ;
#615 = CARTESIAN_POINT ( 'NONE',  ( -99.68599674999998700, 11.43833281999999900, 5.752098955000000100 ) ) ;
#616 = CARTESIAN_POINT ( 'NONE',  ( -99.68599674999998700, 15.21747472999999900, 3.444400986999999900 ) ) ;
#617 = CARTESIAN_POINT ( 'NONE',  ( -99.68599674999998700, 18.37550110000000100, 0.4916552019999999600 ) ) ;
#618 = CARTESIAN_POINT ( 'NONE',  ( -96.65073190999997600, -1.973799488999999900, 7.667115118999998200 ) ) ;
#619 = CARTESIAN_POINT ( 'NONE',  ( -96.65073190999997600, 2.413220315999999900, 8.221159107999998400 ) ) ;
#620 = CARTESIAN_POINT ( 'NONE',  ( -96.65073190999997600, 6.948084903999999900, 7.729885508999998900 ) ) ;
#621 = CARTESIAN_POINT ( 'NONE',  ( -96.65073190999997600, 11.28232553999999900, 6.131283513000000500 ) ) ;
#622 = CARTESIAN_POINT ( 'NONE',  ( -96.65073190999997600, 15.04430731999999800, 3.556000234999999500 ) ) ;
#623 = CARTESIAN_POINT ( 'NONE',  ( -96.65073190999997600, 18.00493523000000100, 0.2664366353000000600 ) ) ;
#624 = CARTESIAN_POINT ( 'NONE',  ( -93.61546706000000000, -2.377782508999999800, 7.861174165000000400 ) ) ;
#625 = CARTESIAN_POINT ( 'NONE',  ( -93.61546706000000000, 2.056759995999999400, 8.493343307000000000 ) ) ;
#626 = CARTESIAN_POINT ( 'NONE',  ( -93.61546706000000000, 6.658630559999998900, 7.997238417000001000 ) ) ;
#627 = CARTESIAN_POINT ( 'NONE',  ( -93.61546706000000000, 11.03396326999999900, 6.303435764999999700 ) ) ;
#628 = CARTESIAN_POINT ( 'NONE',  ( -93.61546706000000000, 14.76357175999999800, 3.569032434999999600 ) ) ;
#629 = CARTESIAN_POINT ( 'NONE',  ( -93.61546706000000000, 17.59977849000000200, 0.1012608264000000200 ) ) ;
#630 = CARTESIAN_POINT ( 'NONE',  ( -92.66937994999999300, -2.491888786999999700, 7.916915304999999000 ) ) ;
#631 = CARTESIAN_POINT ( 'NONE',  ( -92.66937994999999300, 1.951840248999999700, 8.553879816000002000 ) ) ;
#632 = CARTESIAN_POINT ( 'NONE',  ( -92.66937994999999300, 6.563266120000001500, 8.046199205000000600 ) ) ;
#633 = CARTESIAN_POINT ( 'NONE',  ( -92.66937994999999300, 10.94142892999999900, 6.326148776999999300 ) ) ;
#634 = CARTESIAN_POINT ( 'NONE',  ( -92.66937994999999300, 14.66044295000000200, 3.557535057000000400 ) ) ;
#635 = CARTESIAN_POINT ( 'NONE',  ( -92.66937994999999300, 17.47050541000000100, 0.05655357106000001600 ) ) ;
#636 = CARTESIAN_POINT ( 'NONE',  ( -88.93744532000002300, -2.890193609999999900, 8.113283794999999200 ) ) ;
#637 = CARTESIAN_POINT ( 'NONE',  ( -88.93744532000002300, 1.567016277999999900, 8.712985959000000900 ) ) ;
#638 = CARTESIAN_POINT ( 'NONE',  ( -88.93744532000002300, 6.177915387999998800, 8.135304271000000800 ) ) ;
#639 = CARTESIAN_POINT ( 'NONE',  ( -88.93744532000002300, 10.53452016999999900, 6.328255673999999300 ) ) ;
#640 = CARTESIAN_POINT ( 'NONE',  ( -88.93744532000002300, 14.20794013999999800, 3.474854543999999800 ) ) ;
#641 = CARTESIAN_POINT ( 'NONE',  ( -88.93744532000002300, 16.95003629999999700, -0.09028127656000004000 ) ) ;
#642 = CARTESIAN_POINT ( 'NONE',  ( -85.20551069000001100, -3.082210694999999700, 8.210742799000000100 ) ) ;
#643 = CARTESIAN_POINT ( 'NONE',  ( -85.20551069000001100, 1.315990795999999900, 8.682811387000001000 ) ) ;
#644 = CARTESIAN_POINT ( 'NONE',  ( -85.20551069000001100, 5.830024340999999700, 8.018146878000001400 ) ) ;
#645 = CARTESIAN_POINT ( 'NONE',  ( -85.20551069000001100, 10.08179191999999900, 6.186556631000000200 ) ) ;
#646 = CARTESIAN_POINT ( 'NONE',  ( -85.20551069000001100, 13.67958960000000200, 3.368070899999999800 ) ) ;
#647 = CARTESIAN_POINT ( 'NONE',  ( -85.20551069000001100, 16.39353576000000200, -0.1225017736000000200 ) ) ;
#648 = CARTESIAN_POINT ( 'NONE',  ( -82.40763862000001400, -3.107225079000000000, 8.218295265999998400 ) ) ;
#649 = CARTESIAN_POINT ( 'NONE',  ( -82.40763862000001400, 1.210928341999999700, 8.594620283999999400 ) ) ;
#650 = CARTESIAN_POINT ( 'NONE',  ( -82.40763862000001400, 5.619015048999998800, 7.888151688000000700 ) ) ;
#651 = CARTESIAN_POINT ( 'NONE',  ( -82.40763862000001400, 9.764420476999999800, 6.074740237999999500 ) ) ;
#652 = CARTESIAN_POINT ( 'NONE',  ( -82.40763862000001400, 13.28513137000000000, 3.320691022999999700 ) ) ;
#653 = CARTESIAN_POINT ( 'NONE',  ( -82.40763862000001400, 15.96505515000000100, -0.08497697677000003200 ) ) ;
#654 = CARTESIAN_POINT ( 'NONE',  ( -77.66984128000000000, -3.057227104999999900, 8.186874721999998900 ) ) ;
#655 = CARTESIAN_POINT ( 'NONE',  ( -77.66984128000000000, 1.102867274000000100, 8.430961359999997700 ) ) ;
#656 = CARTESIAN_POINT ( 'NONE',  ( -77.66984128000000000, 5.320352600999999700, 7.675797103000000700 ) ) ;
#657 = CARTESIAN_POINT ( 'NONE',  ( -77.66984128000000000, 9.276023732999998800, 5.901752893000001200 ) ) ;
#658 = CARTESIAN_POINT ( 'NONE',  ( -77.66984128000000000, 12.64639993999999800, 3.255541371000000100 ) ) ;
#659 = CARTESIAN_POINT ( 'NONE',  ( -77.66984128000000000, 15.23510650000000200, -0.008781250397000003200 ) ) ;
#660 = CARTESIAN_POINT ( 'NONE',  ( -72.93204394000001400, -2.968067770000000200, 8.143264404000000000 ) ) ;
#661 = CARTESIAN_POINT ( 'NONE',  ( -72.93204394000001400, 1.019987095999999900, 8.264128003999999800 ) ) ;
#662 = CARTESIAN_POINT ( 'NONE',  ( -72.93204394000001400, 5.037952595000000100, 7.461272280000001100 ) ) ;
#663 = CARTESIAN_POINT ( 'NONE',  ( -72.93204394000001400, 8.794185168999998600, 5.718379718000000400 ) ) ;
#664 = CARTESIAN_POINT ( 'NONE',  ( -72.93204394000001400, 11.99659833000000100, 3.167171231000000600 ) ) ;
#665 = CARTESIAN_POINT ( 'NONE',  ( -72.93204394000001400, 14.46665357000000200, 0.03433798420000001800 ) ) ;
#666 = CARTESIAN_POINT ( 'NONE',  ( -70.98420019000001000, -2.938707868999999900, 8.130747604999999800 ) ) ;
#667 = CARTESIAN_POINT ( 'NONE',  ( -70.98420019000001000, 0.9789412249000000200, 8.196689862000001300 ) ) ;
#668 = CARTESIAN_POINT ( 'NONE',  ( -70.98420019000001000, 4.914451997999999700, 7.369715176999998900 ) ) ;
#669 = CARTESIAN_POINT ( 'NONE',  ( -70.98420019000001000, 8.587801183999998100, 5.635600993000000600 ) ) ;
#670 = CARTESIAN_POINT ( 'NONE',  ( -70.98420019000001000, 11.72015203999999900, 3.120444836000000300 ) ) ;
#671 = CARTESIAN_POINT ( 'NONE',  ( -70.98420019000001000, 14.14057126999999900, 0.04002953911000001200 ) ) ;
#672 = CARTESIAN_POINT ( 'NONE',  ( -67.34522254000000900, -2.912218415999999100, 8.122443925000000700 ) ) ;
#673 = CARTESIAN_POINT ( 'NONE',  ( -67.34522254000000900, 0.8735981025000001400, 8.081494487000000500 ) ) ;
#674 = CARTESIAN_POINT ( 'NONE',  ( -67.34522254000000900, 4.653593929999999500, 7.201623186000001700 ) ) ;
#675 = CARTESIAN_POINT ( 'NONE',  ( -67.34522254000000900, 8.170070745999998600, 5.475272797000001500 ) ) ;
#676 = CARTESIAN_POINT ( 'NONE',  ( -67.34522254000000900, 11.16957195999999900, 3.020289345000000100 ) ) ;
#677 = CARTESIAN_POINT ( 'NONE',  ( -67.34522254000000900, 13.49563347000000300, 0.03408168772000001700 ) ) ;
#678 = CARTESIAN_POINT ( 'NONE',  ( -63.70624488000000000, -2.933525176999999900, 8.144422205999999800 ) ) ;
#679 = CARTESIAN_POINT ( 'NONE',  ( -63.70624488000000000, 0.7176942321000002700, 8.005988333000001200 ) ) ;
#680 = CARTESIAN_POINT ( 'NONE',  ( -63.70624488000000000, 4.340167112000000500, 7.068060235999999100 ) ) ;
#681 = CARTESIAN_POINT ( 'NONE',  ( -63.70624488000000000, 7.695088176999998800, 5.333721623000000600 ) ) ;
#682 = CARTESIAN_POINT ( 'NONE',  ( -63.70624488000000000, 10.55063735000000200, 2.919360226999999900 ) ) ;
#683 = CARTESIAN_POINT ( 'NONE',  ( -63.70624488000000000, 12.76357670000000000, 0.01233414353000000300 ) ) ;
#684 = CARTESIAN_POINT ( 'NONE',  ( -62.01355432000000400, -2.953011955000000500, 8.161588194000000100 ) ) ;
#685 = CARTESIAN_POINT ( 'NONE',  ( -62.01355432000000400, 0.6341495313000001800, 7.981014038999998800 ) ) ;
#686 = CARTESIAN_POINT ( 'NONE',  ( -62.01355432000000400, 4.181909257999999200, 7.015468625000001300 ) ) ;
#687 = CARTESIAN_POINT ( 'NONE',  ( -62.01355432000000400, 7.459619585000001300, 5.274213212000001100 ) ) ;
#688 = CARTESIAN_POINT ( 'NONE',  ( -62.01355432000000400, 10.24483095999999800, 2.874721322000000100 ) ) ;
#689 = CARTESIAN_POINT ( 'NONE',  ( -62.01355432000000400, 12.40022287000000000, 0.001763801618000000300 ) ) ;
#690 = CARTESIAN_POINT ( 'NONE',  ( -57.96190629000000200, -3.005605642999999500, 8.217551809000001500 ) ) ;
#691 = CARTESIAN_POINT ( 'NONE',  ( -57.96190629000000200, 0.4256933838000000500, 7.968026829999998600 ) ) ;
#692 = CARTESIAN_POINT ( 'NONE',  ( -57.96190629000000200, 3.799578756000000700, 6.950331829999999700 ) ) ;
#693 = CARTESIAN_POINT ( 'NONE',  ( -57.96190629000000200, 6.892992239999999000, 5.185281285999999500 ) ) ;
#694 = CARTESIAN_POINT ( 'NONE',  ( -57.96190629000000200, 9.493125340999998900, 2.799541514000000000 ) ) ;
#695 = CARTESIAN_POINT ( 'NONE',  ( -57.96190629000000200, 11.47265764000000100, -0.01681772704000000100 ) ) ;
#696 = CARTESIAN_POINT ( 'NONE',  ( -53.91025826000000600, -3.004089789000000000, 8.306438280000001800 ) ) ;
#697 = CARTESIAN_POINT ( 'NONE',  ( -53.91025825000000500, 0.2664973489000000400, 8.061214136000000300 ) ) ;
#698 = CARTESIAN_POINT ( 'NONE',  ( -53.91025825000000500, 3.479653805999999500, 7.026542452000000200 ) ) ;
#699 = CARTESIAN_POINT ( 'NONE',  ( -53.91025825000000500, 6.385085121999999600, 5.222194443999999400 ) ) ;
#700 = CARTESIAN_POINT ( 'NONE',  ( -53.91025825000000500, 8.744952395999998600, 2.799688333999999400 ) ) ;
#701 = CARTESIAN_POINT ( 'NONE',  ( -53.91025825000000500, 10.43320947999999900, -0.01832476368000000200 ) ) ;
#702 = CARTESIAN_POINT ( 'NONE',  ( -51.54924583000000400, -2.953643225999999600, 8.367959404000000500 ) ) ;
#703 = CARTESIAN_POINT ( 'NONE',  ( -51.54924583000000400, 0.2211581332000000200, 8.132335940999999100 ) ) ;
#704 = CARTESIAN_POINT ( 'NONE',  ( -51.54924583000000400, 3.339058078999999100, 7.091823943000000500 ) ) ;
#705 = CARTESIAN_POINT ( 'NONE',  ( -51.54924583000000400, 6.125398198000000100, 5.262007755000000000 ) ) ;
#706 = CARTESIAN_POINT ( 'NONE',  ( -51.54924583000000400, 8.321151177999999100, 2.812016293999999300 ) ) ;
#707 = CARTESIAN_POINT ( 'NONE',  ( -51.54924583000000400, 9.801402538000003200, -0.01234888525000000200 ) ) ;
#708 = CARTESIAN_POINT ( 'NONE',  ( -47.34038870999999900, -2.702027020000000100, 8.491793739999998500 ) ) ;
#709 = CARTESIAN_POINT ( 'NONE',  ( -47.34038870999999900, 0.2577497040999999800, 8.157945896000001100 ) ) ;
#710 = CARTESIAN_POINT ( 'NONE',  ( -47.34038870999999900, 3.129876069999999900, 7.044304138999999400 ) ) ;
#711 = CARTESIAN_POINT ( 'NONE',  ( -47.34038870999999900, 5.635723723000000800, 5.177118113999999800 ) ) ;
#712 = CARTESIAN_POINT ( 'NONE',  ( -47.34038870999999900, 7.521737288999999800, 2.743292769000000400 ) ) ;
#713 = CARTESIAN_POINT ( 'NONE',  ( -47.34038870999999900, 8.681221645999997300, -0.0004828931130000001700 ) ) ;
#714 = CARTESIAN_POINT ( 'NONE',  ( -43.13153159000000200, -2.201299446000000200, 8.633283351999999400 ) ) ;
#715 = CARTESIAN_POINT ( 'NONE',  ( -43.13153159000000200, 0.4799912044999999900, 8.080339338000001700 ) ) ;
#716 = CARTESIAN_POINT ( 'NONE',  ( -43.13153159000000200, 3.017143851000000600, 6.833196837999999200 ) ) ;
#717 = CARTESIAN_POINT ( 'NONE',  ( -43.13153159000000200, 5.171957759999999700, 4.941308557000000200 ) ) ;
#718 = CARTESIAN_POINT ( 'NONE',  ( -43.13153159000000200, 6.739522619000000600, 2.588002240000000200 ) ) ;
#719 = CARTESIAN_POINT ( 'NONE',  ( -43.13153159000000200, 7.643484527999998300, 0.006445026250000002000 ) ) ;
#720 = CARTESIAN_POINT ( 'NONE',  ( -41.28321253000000700, -1.939342369999999900, 8.697663593999999800 ) ) ;
#721 = CARTESIAN_POINT ( 'NONE',  ( -41.28321253000000700, 0.6049473355000001300, 8.014663675999999600 ) ) ;
#722 = CARTESIAN_POINT ( 'NONE',  ( -41.28321253000000700, 2.979627251000000100, 6.700149254000000300 ) ) ;
#723 = CARTESIAN_POINT ( 'NONE',  ( -41.28321253000000700, 4.971966030000000800, 4.807857294999999800 ) ) ;
#724 = CARTESIAN_POINT ( 'NONE',  ( -41.28321253000000700, 6.404668067000000200, 2.507223700000000400 ) ) ;
#725 = CARTESIAN_POINT ( 'NONE',  ( -41.28321253000000700, 7.214534446999998400, 0.007454557735000001500 ) ) ;
#726 = CARTESIAN_POINT ( 'NONE',  ( -38.01072656999999600, -1.453860803999999800, 8.813079333000001000 ) ) ;
#727 = CARTESIAN_POINT ( 'NONE',  ( -38.01072656999999600, 0.8425235195000000400, 7.913713596000000000 ) ) ;
#728 = CARTESIAN_POINT ( 'NONE',  ( -38.01072656999999600, 2.936086104999999300, 6.488768854000000800 ) ) ;
#729 = CARTESIAN_POINT ( 'NONE',  ( -38.01072656999999600, 4.655207191000000600, 4.596034919999999200 ) ) ;
#730 = CARTESIAN_POINT ( 'NONE',  ( -38.01072656999999600, 5.864270891000000300, 2.378906784999999900 ) ) ;
#731 = CARTESIAN_POINT ( 'NONE',  ( -38.01072656999999600, 6.516668209000001400, 0.006578762976000001500 ) ) ;
#732 = CARTESIAN_POINT ( 'NONE',  ( -34.73824061000000500, -1.005655003000000000, 8.921925892999999200 ) ) ;
#733 = CARTESIAN_POINT ( 'NONE',  ( -34.73824061000000500, 1.084318348000000000, 7.871561545999999700 ) ) ;
#734 = CARTESIAN_POINT ( 'NONE',  ( -34.73824061000000500, 2.946294184999999700, 6.361852983000000300 ) ) ;
#735 = CARTESIAN_POINT ( 'NONE',  ( -34.73824061000000500, 4.436245815000001300, 4.456735746999999700 ) ) ;
#736 = CARTESIAN_POINT ( 'NONE',  ( -34.73824061000000500, 5.445875306999999700, 2.287513622000000500 ) ) ;
#737 = CARTESIAN_POINT ( 'NONE',  ( -34.73824061000000500, 5.940991463000000500, 0.003159202565000001500 ) ) ;
#738 = CARTESIAN_POINT ( 'NONE',  ( -33.31486616999999500, -0.8285815449999999200, 8.966740852000002700 ) ) ;
#739 = CARTESIAN_POINT ( 'NONE',  ( -33.31486616999999500, 1.187614725000000000, 7.871015832000000300 ) ) ;
#740 = CARTESIAN_POINT ( 'NONE',  ( -33.31486616999999500, 2.964493960000000000, 6.331247920000001800 ) ) ;
#741 = CARTESIAN_POINT ( 'NONE',  ( -33.31486616999999500, 4.366046940999999600, 4.415973482000000900 ) ) ;
#742 = CARTESIAN_POINT ( 'NONE',  ( -33.31486616999999500, 5.292512002999999700, 2.257044978000000100 ) ) ;
#743 = CARTESIAN_POINT ( 'NONE',  ( -33.31486616999999500, 5.715478709000001000, 0.001507561454000000500 ) ) ;
#744 = CARTESIAN_POINT ( 'NONE',  ( -29.16886464000000200, -0.3905156589000000600, 9.084466928000001200 ) ) ;
#745 = CARTESIAN_POINT ( 'NONE',  ( -29.16886464000000200, 1.453516408999999900, 7.888614744999999900 ) ) ;
#746 = CARTESIAN_POINT ( 'NONE',  ( -29.16886464000000200, 3.024786792000000400, 6.275137085000000800 ) ) ;
#747 = CARTESIAN_POINT ( 'NONE',  ( -29.16886464000000200, 4.203839092000000800, 4.327181770999998500 ) ) ;
#748 = CARTESIAN_POINT ( 'NONE',  ( -29.16886464000000200, 4.910692866999999900, 2.184890356000000400 ) ) ;
#749 = CARTESIAN_POINT ( 'NONE',  ( -29.16886464000000200, 5.134127813999999300, -0.002704434865000000400 ) ) ;
#750 = CARTESIAN_POINT ( 'NONE',  ( -25.02286311000000700, -0.1703982052000000100, 9.143152381999998500 ) ) ;
#751 = CARTESIAN_POINT ( 'NONE',  ( -25.02286311000000700, 1.592797878000000100, 7.910316973000000500 ) ) ;
#752 = CARTESIAN_POINT ( 'NONE',  ( -25.02286311000000700, 3.059434925000000100, 6.260909491000000500 ) ) ;
#753 = CARTESIAN_POINT ( 'NONE',  ( -25.02286311000000700, 4.113090611999999700, 4.289126306000000000 ) ) ;
#754 = CARTESIAN_POINT ( 'NONE',  ( -25.02286311000000700, 4.681502795000001000, 2.148023236000000200 ) ) ;
#755 = CARTESIAN_POINT ( 'NONE',  ( -25.02286311000000700, 4.765880931999999100, -0.004178507785000000500 ) ) ;
#756 = CARTESIAN_POINT ( 'NONE',  ( -22.29981898000000100, -0.1148579676999999900, 9.138530792999999300 ) ) ;
#757 = CARTESIAN_POINT ( 'NONE',  ( -22.29981898000000100, 1.618417937000000300, 7.894783643999999400 ) ) ;
#758 = CARTESIAN_POINT ( 'NONE',  ( -22.29981898000000100, 3.048787151000000400, 6.237617694000000800 ) ) ;
#759 = CARTESIAN_POINT ( 'NONE',  ( -22.29981898000000100, 4.058967133000000300, 4.263890775999999300 ) ) ;
#760 = CARTESIAN_POINT ( 'NONE',  ( -22.29981898000000100, 4.578165881000000300, 2.130279125999999600 ) ) ;
#761 = CARTESIAN_POINT ( 'NONE',  ( -22.29981898000000100, 4.611284228999998900, -0.003109272331000000600 ) ) ;
#762 = CARTESIAN_POINT ( 'NONE',  ( -16.57961972000000000, 0.01507441396000000300, 8.983321250999999600 ) ) ;
#763 = CARTESIAN_POINT ( 'NONE',  ( -16.57961972000000000, 1.682936014999999900, 7.741570203000000200 ) ) ;
#764 = CARTESIAN_POINT ( 'NONE',  ( -16.57961972000000000, 3.055460044999999800, 6.105038429999999600 ) ) ;
#765 = CARTESIAN_POINT ( 'NONE',  ( -16.57961972000000000, 4.007977851999998900, 4.166099361999999800 ) ) ;
#766 = CARTESIAN_POINT ( 'NONE',  ( -16.57961972000000000, 4.465308175000000500, 2.079268102999999100 ) ) ;
#767 = CARTESIAN_POINT ( 'NONE',  ( -16.57961972000000000, 4.431705022000000900, 0.0003395417530000001400 ) ) ;
#768 = CARTESIAN_POINT ( 'NONE',  ( -10.85942047000000200, 0.4054304747000000400, 8.451333998000000800 ) ) ;
#769 = CARTESIAN_POINT ( 'NONE',  ( -10.85942048000000100, 1.928051341999999800, 7.239129307000000700 ) ) ;
#770 = CARTESIAN_POINT ( 'NONE',  ( -10.85942048000000100, 3.195263131999999600, 5.693895518999998900 ) ) ;
#771 = CARTESIAN_POINT ( 'NONE',  ( -10.85942048000000100, 4.087682370999999600, 3.888120757000001100 ) ) ;
#772 = CARTESIAN_POINT ( 'NONE',  ( -10.85942048000000100, 4.529750850999999300, 1.948591541999999700 ) ) ;
#773 = CARTESIAN_POINT ( 'NONE',  ( -10.85942048000000100, 4.515678804000000200, 0.003010457068000000800 ) ) ;
#774 = CARTESIAN_POINT ( 'NONE',  ( -7.893326600000000000, 0.7505680244000001400, 8.049827069999999200 ) ) ;
#775 = CARTESIAN_POINT ( 'NONE',  ( -7.893326600000000000, 2.130600322999999500, 6.841489793000000900 ) ) ;
#776 = CARTESIAN_POINT ( 'NONE',  ( -7.893326600000000000, 3.281181608000000700, 5.355803838999999100 ) ) ;
#777 = CARTESIAN_POINT ( 'NONE',  ( -7.893326601000000900, 4.109977959999999300, 3.653503681000000100 ) ) ;
#778 = CARTESIAN_POINT ( 'NONE',  ( -7.893326600000000000, 4.558264809999999800, 1.835358373000000000 ) ) ;
#779 = CARTESIAN_POINT ( 'NONE',  ( -7.893326600000000000, 4.619565818999999100, 0.003173780181000001200 ) ) ;
#780 = CARTESIAN_POINT ( 'NONE',  ( -4.946663294000002200, 1.234698967000000100, 7.527331922999999300 ) ) ;
#781 = CARTESIAN_POINT ( 'NONE',  ( -4.946663294000002200, 2.448328192000000000, 6.340350671999999600 ) ) ;
#782 = CARTESIAN_POINT ( 'NONE',  ( -4.946663294000002200, 3.460711684000000500, 4.935991000000000500 ) ) ;
#783 = CARTESIAN_POINT ( 'NONE',  ( -4.946663294000002200, 4.208384813999999500, 3.362519274999999900 ) ) ;
#784 = CARTESIAN_POINT ( 'NONE',  ( -4.946663294000002200, 4.650621202000000000, 1.693111692999999900 ) ) ;
#785 = CARTESIAN_POINT ( 'NONE',  ( -4.946663294000002200, 4.780356734000000600, 0.002178446929000000300 ) ) ;
#786 = CARTESIAN_POINT ( 'NONE',  ( -2.000000000000000000, 1.866689753000000000, 6.875241152000001000 ) ) ;
#787 = CARTESIAN_POINT ( 'NONE',  ( -2.000000000000000000, 2.892198260999999900, 5.733507215000000400 ) ) ;
#788 = CARTESIAN_POINT ( 'NONE',  ( -2.000000000000000000, 3.744063787000000400, 4.435799541000000600 ) ) ;
#789 = CARTESIAN_POINT ( 'NONE',  ( -2.000000000000000000, 4.390538388999999600, 3.017277776000000200 ) ) ;
#790 = CARTESIAN_POINT ( 'NONE',  ( -2.000000000000000000, 4.811086368999999000, 1.523002207000000000 ) ) ;
#791 = CARTESIAN_POINT ( 'NONE',  ( -2.000000000000000000, 5.000000000000000000, -2.072282493999999100E-027 ) ) ;
#792 = DIRECTION ( 'NONE',  ( 1.000000000000000000, 0.0000000000000000000, 0.0000000000000000000 ) ) ;
#793 = DIRECTION ( 'NONE',  ( 0.0000000000000000000, 0.0000000000000000000, 1.000000000000000000 ) ) ;
#794 = CARTESIAN_POINT ( 'NONE',  ( 0.0000000000000000000, 0.0000000000000000000, 0.0000000000000000000 ) ) ;
#795 = DIRECTION ( 'NONE',  ( 1.000000000000000000, 0.0000000000000000000, -0.0000000000000000000 ) ) ;
#796 = DIRECTION ( 'NONE',  ( 0.0000000000000000000, 0.0000000000000000000, 1.000000000000000000 ) ) ;
#797 = CARTESIAN_POINT ( 'NONE',  ( 0.0000000000000000000, 0.0000000000000000000, 0.0000000000000000000 ) ) ;
#798 = PLANE ( 'NONE',  #2377 ) ;
#799 = CARTESIAN_POINT ( 'NONE',  ( 150.0000000000000000, -17.50000000000000000, 4.000000000000000000 ) ) ;
#800 = CARTESIAN_POINT ( 'NONE',  ( 150.0000000000000000, -15.54808591000000100, 4.558777671999999700 ) ) ;
#801 = CARTESIAN_POINT ( 'NONE',  ( 150.0000000000000000, -13.56260061000000200, 5.000284966999998900 ) ) ;
#802 = CARTESIAN_POINT ( 'NONE',  ( 150.0000000000000000, -11.55293794000000300, 5.321830995000000000 ) ) ;
#803 = CARTESIAN_POINT ( 'NONE',  ( 150.0000000000000000, -9.528816244999999800, 5.521860818999999600 ) ) ;
#804 = CARTESIAN_POINT ( 'NONE',  ( 150.0000000000000000, -7.500000000000000000, 5.599999999999999600 ) ) ;
#805 = CARTESIAN_POINT ( 'NONE',  ( 147.8729981000000200, -17.60417986999999900, 3.856443569999999300 ) ) ;
#806 = CARTESIAN_POINT ( 'NONE',  ( 147.8729981000000200, -15.43937278999999800, 4.490112976999999000 ) ) ;
#807 = CARTESIAN_POINT ( 'NONE',  ( 147.8729981000000200, -13.23230437999999900, 4.980689195000001800 ) ) ;
#808 = CARTESIAN_POINT ( 'NONE',  ( 147.8729981000000200, -10.99577712000000000, 5.324411535999997700 ) ) ;
#809 = CARTESIAN_POINT ( 'NONE',  ( 147.8729981000000200, -8.743082993999999900, 5.519221578999999900 ) ) ;
#810 = CARTESIAN_POINT ( 'NONE',  ( 147.8729981000000200, -6.487563880000000600, 5.564831533999998700 ) ) ;
#811 = CARTESIAN_POINT ( 'NONE',  ( 145.7459963000000000, -17.72600130000000000, 3.710928552000000400 ) ) ;
#812 = CARTESIAN_POINT ( 'NONE',  ( 145.7459963000000000, -15.36503242000000200, 4.426847847000000300 ) ) ;
#813 = CARTESIAN_POINT ( 'NONE',  ( 145.7459963000000000, -12.95181236000000000, 4.972027937000000000 ) ) ;
#814 = CARTESIAN_POINT ( 'NONE',  ( 145.7459963000000000, -10.50309905000000100, 5.341398576000000500 ) ) ;
#815 = CARTESIAN_POINT ( 'NONE',  ( 145.7459963000000000, -8.036366149999999200, 5.532315924999999800 ) ) ;
#816 = CARTESIAN_POINT ( 'NONE',  ( 145.7459963000000000, -5.569123011000000300, 5.544665957000000300 ) ) ;
#817 = CARTESIAN_POINT ( 'NONE',  ( 143.5797921999999900, -17.86731707999999900, 3.560816822999999700 ) ) ;
#818 = CARTESIAN_POINT ( 'NONE',  ( 143.5797921999999900, -15.32286360000000000, 4.368060637999999300 ) ) ;
#819 = CARTESIAN_POINT ( 'NONE',  ( 143.5797921999999900, -12.71410966999999900, 4.974513132000000200 ) ) ;
#820 = CARTESIAN_POINT ( 'NONE',  ( 143.5797921999999900, -10.06259822000000200, 5.373353793000001500 ) ) ;
#821 = CARTESIAN_POINT ( 'NONE',  ( 143.5797921999999900, -7.390944777999998800, 5.561187782000000200 ) ) ;
#822 = CARTESIAN_POINT ( 'NONE',  ( 143.5797921999999900, -4.721744552999999700, 5.538209746000000600 ) ) ;
#823 = CARTESIAN_POINT ( 'NONE',  ( 139.8804493000000700, -18.14213137999999900, 3.300731988000000300 ) ) ;
#824 = CARTESIAN_POINT ( 'NONE',  ( 139.8804493000000700, -15.31156780000000100, 4.267528406999999500 ) ) ;
#825 = CARTESIAN_POINT ( 'NONE',  ( 139.8804493000000700, -12.39514358000000300, 4.983569904000001200 ) ) ;
#826 = CARTESIAN_POINT ( 'NONE',  ( 139.8804493000000700, -9.422682636000002900, 5.438746401000002200 ) ) ;
#827 = CARTESIAN_POINT ( 'NONE',  ( 139.8804493000000700, -6.425786082000000100, 5.628237564999999200 ) ) ;
#828 = CARTESIAN_POINT ( 'NONE',  ( 139.8804493000000700, -3.435932008000000000, 5.552801311999999700 ) ) ;
#829 = CARTESIAN_POINT ( 'NONE',  ( 136.1811064000000300, -18.45279982999999600, 3.037746718000000200 ) ) ;
#830 = CARTESIAN_POINT ( 'NONE',  ( 136.1811064000000300, -15.37634736000000000, 4.164924947999997700 ) ) ;
#831 = CARTESIAN_POINT ( 'NONE',  ( 136.1811064000000300, -12.19089295999999900, 4.994251949999999800 ) ) ;
#832 = CARTESIAN_POINT ( 'NONE',  ( 136.1811064000000300, -8.934832197000000400, 5.511682654000000300 ) ) ;
#833 = CARTESIAN_POINT ( 'NONE',  ( 136.1811064000000300, -5.649282997000000300, 5.710691552000000100 ) ) ;
#834 = CARTESIAN_POINT ( 'NONE',  ( 136.1811064000000300, -2.375101170999999800, 5.592745759999999700 ) ) ;
#835 = CARTESIAN_POINT ( 'NONE',  ( 134.6767424999999900, -18.58311451999999900, 2.930630984999999600 ) ) ;
#836 = CARTESIAN_POINT ( 'NONE',  ( 134.6767424999999900, -15.41243196000000300, 4.121636061999999400 ) ) ;
#837 = CARTESIAN_POINT ( 'NONE',  ( 134.6767424999999900, -12.12343044000000200, 4.996626318000000600 ) ) ;
#838 = CARTESIAN_POINT ( 'NONE',  ( 134.6767424999999900, -8.757895313000000600, 5.539933390000000700 ) ) ;
#839 = CARTESIAN_POINT ( 'NONE',  ( 134.6767424999999900, -5.360733669999999200, 5.744321534000000000 ) ) ;
#840 = CARTESIAN_POINT ( 'NONE',  ( 134.6767424999999900, -1.976534336999999700, 5.611540571999999100 ) ) ;
#841 = CARTESIAN_POINT ( 'NONE',  ( 131.0070173000000300, -18.90153695000000100, 2.670687965000000400 ) ) ;
#842 = CARTESIAN_POINT ( 'NONE',  ( 131.0070173000000300, -15.52076894999999900, 4.030846165000000700 ) ) ;
#843 = CARTESIAN_POINT ( 'NONE',  ( 131.0070173000000300, -11.99305764000000000, 5.024783210999999000 ) ) ;
#844 = CARTESIAN_POINT ( 'NONE',  ( 131.0070173000000300, -8.371097930000001200, 5.631214975999999000 ) ) ;
#845 = CARTESIAN_POINT ( 'NONE',  ( 131.0070173000000300, -4.712259930000000100, 5.840571508999999200 ) ) ;
#846 = CARTESIAN_POINT ( 'NONE',  ( 131.0070173000000300, -1.073286315999999900, 5.655878213999999500 ) ) ;
#847 = CARTESIAN_POINT ( 'NONE',  ( 127.3372921000000000, -19.19109864000000300, 2.418541548000000300 ) ) ;
#848 = CARTESIAN_POINT ( 'NONE',  ( 127.3372921000000000, -15.63781426000000100, 3.954655576999999600 ) ) ;
#849 = CARTESIAN_POINT ( 'NONE',  ( 127.3372921000000000, -11.90225407000000100, 5.069276439000000200 ) ) ;
#850 = CARTESIAN_POINT ( 'NONE',  ( 127.3372921000000000, -8.051137491000000400, 5.733362470000001200 ) ) ;
#851 = CARTESIAN_POINT ( 'NONE',  ( 127.3372921000000000, -4.158206803999999800, 5.934229823000000800 ) ) ;
#852 = CARTESIAN_POINT ( 'NONE',  ( 127.3372921000000000, -0.2960439479000000500, 5.676956994000001100 ) ) ;
#853 = CARTESIAN_POINT ( 'NONE',  ( 125.1548375999999800, -19.33869528000000000, 2.273460638000000400 ) ) ;
#854 = CARTESIAN_POINT ( 'NONE',  ( 125.1548375999999800, -15.69203891000000100, 3.906929893999999700 ) ) ;
#855 = CARTESIAN_POINT ( 'NONE',  ( 125.1548375999999800, -11.84248669000000300, 5.087497258999999200 ) ) ;
#856 = CARTESIAN_POINT ( 'NONE',  ( 125.1548375999999800, -7.865029944999999000, 5.781439271000000000 ) ) ;
#857 = CARTESIAN_POINT ( 'NONE',  ( 125.1548375999999800, -3.843136782000000600, 5.974193614000000700 ) ) ;
#858 = CARTESIAN_POINT ( 'NONE',  ( 125.1548375999999800, 0.1412123113000000300, 5.672097538999999200 ) ) ;
#859 = CARTESIAN_POINT ( 'NONE',  ( 120.0080568000000100, -19.58605695000000000, 1.947050609999999800 ) ) ;
#860 = CARTESIAN_POINT ( 'NONE',  ( 120.0080568000000100, -15.70532494999999800, 3.696408248000000500 ) ) ;
#861 = CARTESIAN_POINT ( 'NONE',  ( 120.0080568000000100, -11.60666305999999900, 4.962315024999999700 ) ) ;
#862 = CARTESIAN_POINT ( 'NONE',  ( 120.0080568000000100, -7.370349242000000500, 5.708441674000000400 ) ) ;
#863 = CARTESIAN_POINT ( 'NONE',  ( 120.0080568000000100, -3.085820588999999900, 5.919036224000000100 ) ) ;
#864 = CARTESIAN_POINT ( 'NONE',  ( 120.0080568000000100, 1.159063650000000000, 5.600815000999999100 ) ) ;
#865 = CARTESIAN_POINT ( 'NONE',  ( 114.8612759000000200, -19.56526504000000000, 1.635860815999999900 ) ) ;
#866 = CARTESIAN_POINT ( 'NONE',  ( 114.8612759000000200, -15.50060289000000100, 3.468319078000000800 ) ) ;
#867 = CARTESIAN_POINT ( 'NONE',  ( 114.8612759000000200, -11.20767858999999900, 4.794406285000000000 ) ) ;
#868 = CARTESIAN_POINT ( 'NONE',  ( 114.8612759000000200, -6.770563404000002400, 5.576077421000000800 ) ) ;
#869 = CARTESIAN_POINT ( 'NONE',  ( 114.8612759000000200, -2.282915812999999800, 5.796832857000000100 ) ) ;
#870 = CARTESIAN_POINT ( 'NONE',  ( 114.8612759000000200, 2.163252986999999900, 5.463697523000001300 ) ) ;
#871 = CARTESIAN_POINT ( 'NONE',  ( 111.8843762999999900, -19.44940802999999700, 1.451103618999999700 ) ) ;
#872 = CARTESIAN_POINT ( 'NONE',  ( 111.8843762999999900, -15.29948143000000200, 3.331071788000000000 ) ) ;
#873 = CARTESIAN_POINT ( 'NONE',  ( 111.8843762999999900, -10.91506126000000200, 4.693519000999999400 ) ) ;
#874 = CARTESIAN_POINT ( 'NONE',  ( 111.8843762999999900, -6.382188667999998600, 5.499295945000001000 ) ) ;
#875 = CARTESIAN_POINT ( 'NONE',  ( 111.8843762999999900, -1.796795041000000200, 5.731342612000001500 ) ) ;
#876 = CARTESIAN_POINT ( 'NONE',  ( 111.8843762999999900, 2.746854169999999800, 5.396745068999999600 ) ) ;
#877 = CARTESIAN_POINT ( 'NONE',  ( 106.8278862999999900, -19.11883898000000300, 1.079685329000000100 ) ) ;
#878 = CARTESIAN_POINT ( 'NONE',  ( 106.8278862999999900, -14.87850916000000000, 3.078097745000000400 ) ) ;
#879 = CARTESIAN_POINT ( 'NONE',  ( 106.8278862999999900, -10.38927791000000100, 4.548129165000000600 ) ) ;
#880 = CARTESIAN_POINT ( 'NONE',  ( 106.8278862999999900, -5.738853056000000000, 5.448320119000001700 ) ) ;
#881 = CARTESIAN_POINT ( 'NONE',  ( 106.8278862999999900, -1.025380201000000200, 5.759681533000000200 ) ) ;
#882 = CARTESIAN_POINT ( 'NONE',  ( 106.8278862999999900, 3.654300737000000200, 5.487965110000000200 ) ) ;
#883 = CARTESIAN_POINT ( 'NONE',  ( 101.7713962999999900, -18.60982314000000300, 0.6641213907000000900 ) ) ;
#884 = CARTESIAN_POINT ( 'NONE',  ( 101.7713962999999900, -14.36754229000000300, 2.831226498999999600 ) ) ;
#885 = CARTESIAN_POINT ( 'NONE',  ( 101.7713962999999900, -9.854199599000002900, 4.467923861999999200 ) ) ;
#886 = CARTESIAN_POINT ( 'NONE',  ( 101.7713962999999900, -5.158252665999999200, 5.528841896999999500 ) ) ;
#887 = CARTESIAN_POINT ( 'NONE',  ( 101.7713962999999900, -0.3796843303000000900, 5.991400418000001300 ) ) ;
#888 = CARTESIAN_POINT ( 'NONE',  ( 101.7713962999999900, 4.382136674999999900, 5.858550553999998900 ) ) ;
#889 = CARTESIAN_POINT ( 'NONE',  ( 99.68599674999998700, -18.37550110000000100, 0.4916552019999999600 ) ) ;
#890 = CARTESIAN_POINT ( 'NONE',  ( 99.68599674999998700, -14.24083912999999900, 2.939545687999999500 ) ) ;
#891 = CARTESIAN_POINT ( 'NONE',  ( 99.68599674999998700, -9.733919844999999100, 4.776586033000000100 ) ) ;
#892 = CARTESIAN_POINT ( 'NONE',  ( 99.68599674999998700, -4.981575203000001100, 5.922850939999999100 ) ) ;
#893 = CARTESIAN_POINT ( 'NONE',  ( 99.68599674999998700, -0.1382338480000000200, 6.342364964999999800 ) ) ;
#894 = CARTESIAN_POINT ( 'NONE',  ( 99.68599674999998700, 4.647374540999998700, 6.050628997000000500 ) ) ;
#895 = CARTESIAN_POINT ( 'NONE',  ( 96.65073190999997600, -18.00493523000000100, 0.2664366353000000600 ) ) ;
#896 = CARTESIAN_POINT ( 'NONE',  ( 96.65073190999997600, -14.05234647000000300, 3.089391247000000900 ) ) ;
#897 = CARTESIAN_POINT ( 'NONE',  ( 96.65073190999997600, -9.580719210000001600, 5.201083805000000600 ) ) ;
#898 = CARTESIAN_POINT ( 'NONE',  ( 96.65073190999997600, -4.766221594000001000, 6.470169681000001600 ) ) ;
#899 = CARTESIAN_POINT ( 'NONE',  ( 96.65073190999997600, 0.1631147709000000100, 6.837050266999998600 ) ) ;
#900 = CARTESIAN_POINT ( 'NONE',  ( 96.65073190999997600, 4.989488182000001400, 6.330039261999999700 ) ) ;
#901 = CARTESIAN_POINT ( 'NONE',  ( 93.61546706000000000, -17.59977849000000200, 0.1012608264000000200 ) ) ;
#902 = CARTESIAN_POINT ( 'NONE',  ( 93.61546706000000000, -13.76567543999999900, 3.115125116999999800 ) ) ;
#903 = CARTESIAN_POINT ( 'NONE',  ( 93.61546706000000000, -9.340353330999999300, 5.380225188000000700 ) ) ;
#904 = CARTESIAN_POINT ( 'NONE',  ( 93.61546706000000000, -4.519708248999999800, 6.740054177999999400 ) ) ;
#905 = CARTESIAN_POINT ( 'NONE',  ( 93.61546706000000000, 0.4366743877000001100, 7.121455744999999600 ) ) ;
#906 = CARTESIAN_POINT ( 'NONE',  ( 93.61546706000000000, 5.280015934999999800, 6.555611240999999400 ) ) ;
#907 = CARTESIAN_POINT ( 'NONE',  ( 92.66937994999999300, -17.47050541000000100, 0.05655357106000001600 ) ) ;
#908 = CARTESIAN_POINT ( 'NONE',  ( 92.66937994999999300, -13.66203690000000200, 3.103894987000000300 ) ) ;
#909 = CARTESIAN_POINT ( 'NONE',  ( 92.66937994999999300, -9.251165877000000000, 5.399541468999999900 ) ) ;
#910 = CARTESIAN_POINT ( 'NONE',  ( 92.66937994999999300, -4.435742937000000600, 6.783191899000000200 ) ) ;
#911 = CARTESIAN_POINT ( 'NONE',  ( 92.66937994999999300, 0.5209399616000000000, 7.179196989000000300 ) ) ;
#912 = CARTESIAN_POINT ( 'NONE',  ( 92.66937994999999300, 5.366117523999999000, 6.618386548999998500 ) ) ;
#913 = CARTESIAN_POINT ( 'NONE',  ( 88.93744532000002300, -16.95003629999999700, -0.09028127656000004000 ) ) ;
#914 = CARTESIAN_POINT ( 'NONE',  ( 88.93744532000002300, -13.21197204999999800, 3.019809817999999700 ) ) ;
#915 = CARTESIAN_POINT ( 'NONE',  ( 88.93744532000002300, -8.857233814000002400, 5.386793214000000800 ) ) ;
#916 = CARTESIAN_POINT ( 'NONE',  ( 88.93744532000002300, -4.081537961999999600, 6.846314037999999200 ) ) ;
#917 = CARTESIAN_POINT ( 'NONE',  ( 88.93744532000002300, 0.8523491688000000000, 7.318068287000000000 ) ) ;
#918 = CARTESIAN_POINT ( 'NONE',  ( 88.93744532000002300, 5.690270499000001300, 6.828930270999998200 ) ) ;
#919 = CARTESIAN_POINT ( 'NONE',  ( 85.20551069000001100, -16.39353576000000200, -0.1225017736000000200 ) ) ;
#920 = CARTESIAN_POINT ( 'NONE',  ( 85.20551069000001100, -12.68998256000000100, 2.936747614999999400 ) ) ;
#921 = CARTESIAN_POINT ( 'NONE',  ( 85.20551069000001100, -8.395050128000001200, 5.280599969999999900 ) ) ;
#922 = CARTESIAN_POINT ( 'NONE',  ( 85.20551069000001100, -3.692542571999999800, 6.755207706000001100 ) ) ;
#923 = CARTESIAN_POINT ( 'NONE',  ( 85.20551069000001100, 1.172338640000000000, 7.283520252999999800 ) ) ;
#924 = CARTESIAN_POINT ( 'NONE',  ( 85.20551069000001100, 5.960777478999999900, 6.886615744000000200 ) ) ;
#925 = CARTESIAN_POINT ( 'NONE',  ( 82.40763862000001400, -15.96505515000000100, -0.08497697677000003200 ) ) ;
#926 = CARTESIAN_POINT ( 'NONE',  ( 82.40763862000001400, -12.28687897999999700, 2.917567304999999900 ) ) ;
#927 = CARTESIAN_POINT ( 'NONE',  ( 82.40763862000001400, -8.036587782000001600, 5.218717368999999300 ) ) ;
#928 = CARTESIAN_POINT ( 'NONE',  ( 82.40763862000001400, -3.391909018999999400, 6.671928162000000400 ) ) ;
#929 = CARTESIAN_POINT ( 'NONE',  ( 82.40763862000001400, 1.411959637999999700, 7.203623319000001000 ) ) ;
#930 = CARTESIAN_POINT ( 'NONE',  ( 82.40763862000001400, 6.145465108999999900, 6.832936762999999300 ) ) ;
#931 = CARTESIAN_POINT ( 'NONE',  ( 77.66984128000000000, -15.23510650000000200, -0.008781250397000003200 ) ) ;
#932 = CARTESIAN_POINT ( 'NONE',  ( 77.66984128000000000, -11.60105484000000000, 2.882930086000000000 ) ) ;
#933 = CARTESIAN_POINT ( 'NONE',  ( 77.66984128000000000, -7.430622615000001700, 5.100074963999999200 ) ) ;
#934 = CARTESIAN_POINT ( 'NONE',  ( 77.66984128000000000, -2.890281822999999600, 6.509104687999999900 ) ) ;
#935 = CARTESIAN_POINT ( 'NONE',  ( 77.66984128000000000, 1.802636279999999800, 7.042578680000001000 ) ) ;
#936 = CARTESIAN_POINT ( 'NONE',  ( 77.66984128000000000, 6.435302436000000600, 6.716342302000001900 ) ) ;
#937 = CARTESIAN_POINT ( 'NONE',  ( 72.93204394000001400, -14.46665357000000200, 0.03433798420000001800 ) ) ;
#938 = CARTESIAN_POINT ( 'NONE',  ( 72.93204394000001400, -10.93670573000000000, 2.882139914000000100 ) ) ;
#939 = CARTESIAN_POINT ( 'NONE',  ( 72.93204394000001400, -6.871316134000000600, 5.066997664000000500 ) ) ;
#940 = CARTESIAN_POINT ( 'NONE',  ( 72.93204394000001400, -2.436416055999999700, 6.453542543000000200 ) ) ;
#941 = CARTESIAN_POINT ( 'NONE',  ( 72.93204394000001400, 2.149498480999999700, 6.973465396000000800 ) ) ;
#942 = CARTESIAN_POINT ( 'NONE',  ( 72.93204394000001400, 6.672939870999998700, 6.643515104999999600 ) ) ;
#943 = CARTESIAN_POINT ( 'NONE',  ( 70.98420019000001000, -14.14057126999999900, 0.04002953911000001200 ) ) ;
#944 = CARTESIAN_POINT ( 'NONE',  ( 70.98420019000001000, -10.67625889999999900, 2.900943593999999700 ) ) ;
#945 = CARTESIAN_POINT ( 'NONE',  ( 70.98420019000001000, -6.661008668999999200, 5.095828616999999600 ) ) ;
#946 = CARTESIAN_POINT ( 'NONE',  ( 70.98420019000001000, -2.265657361000000100, 6.481863514000001400 ) ) ;
#947 = CARTESIAN_POINT ( 'NONE',  ( 70.98420019000001000, 2.282029013999999900, 6.987313117000000200 ) ) ;
#948 = CARTESIAN_POINT ( 'NONE',  ( 70.98420019000001000, 6.760231926999999500, 6.631309965000000700 ) ) ;
#949 = CARTESIAN_POINT ( 'NONE',  ( 67.34522254000000900, -13.49563347000000300, 0.03408168772000001700 ) ) ;
#950 = CARTESIAN_POINT ( 'NONE',  ( 67.34522254000000900, -10.18370369999999900, 2.942868440999999400 ) ) ;
#951 = CARTESIAN_POINT ( 'NONE',  ( 67.34522254000000900, -6.278609310000001100, 5.176890708000000200 ) ) ;
#952 = CARTESIAN_POINT ( 'NONE',  ( 67.34522254000000900, -1.963607317999999500, 6.573269083000002200 ) ) ;
#953 = CARTESIAN_POINT ( 'NONE',  ( 67.34522254000000900, 2.509283525999999900, 7.050647657999999900 ) ) ;
#954 = CARTESIAN_POINT ( 'NONE',  ( 67.34522254000000900, 6.896228165000001000, 6.633981543999999200 ) ) ;
#955 = CARTESIAN_POINT ( 'NONE',  ( 63.70624488000000000, -12.76357670000000000, 0.01233414353000000300 ) ) ;
#956 = CARTESIAN_POINT ( 'NONE',  ( 63.70624488000000000, -9.633702217000001500, 2.958206932999999600 ) ) ;
#957 = CARTESIAN_POINT ( 'NONE',  ( 63.70624488000000000, -5.871073797000001100, 5.231319840000000300 ) ) ;
#958 = CARTESIAN_POINT ( 'NONE',  ( 63.70624488000000000, -1.667820692999999900, 6.648726599999999800 ) ) ;
#959 = CARTESIAN_POINT ( 'NONE',  ( 63.70624488000000000, 2.702537309000000200, 7.118327169999999700 ) ) ;
#960 = CARTESIAN_POINT ( 'NONE',  ( 63.70624488000000000, 6.976388447000000600, 6.669575753999999400 ) ) ;
#961 = CARTESIAN_POINT ( 'NONE',  ( 62.01355432000000400, -12.40022287000000000, 0.001763801618000000300 ) ) ;
#962 = CARTESIAN_POINT ( 'NONE',  ( 62.01355432000000400, -9.355435230000004800, 2.950471748000000400 ) ) ;
#963 = CARTESIAN_POINT ( 'NONE',  ( 62.01355432000000400, -5.666213250999999400, 5.233344652000001300 ) ) ;
#964 = CARTESIAN_POINT ( 'NONE',  ( 62.01355432000000400, -1.525897976000000000, 6.660638910999999500 ) ) ;
#965 = CARTESIAN_POINT ( 'NONE',  ( 62.01355432000000400, 2.786042768999999800, 7.136128018000000000 ) ) ;
#966 = CARTESIAN_POINT ( 'NONE',  ( 62.01355432000000400, 7.000480070999999200, 6.690280583999999900 ) ) ;
#967 = CARTESIAN_POINT ( 'NONE',  ( 57.96190629000000200, -11.47265764000000100, -0.01681772704000000100 ) ) ;
#968 = CARTESIAN_POINT ( 'NONE',  ( 57.96190629000000200, -8.643867905999998800, 2.922543527999999800 ) ) ;
#969 = CARTESIAN_POINT ( 'NONE',  ( 57.96190629000000200, -5.148090945999999100, 5.219413978999999600 ) ) ;
#970 = CARTESIAN_POINT ( 'NONE',  ( 57.96190629000000200, -1.178966181999999900, 6.669652033000000200 ) ) ;
#971 = CARTESIAN_POINT ( 'NONE',  ( 57.96190629000000200, 2.973183860000000200, 7.167505522999998200 ) ) ;
#972 = CARTESIAN_POINT ( 'NONE',  ( 57.96190629000000200, 7.028905924999999200, 6.744687538999999200 ) ) ;
#973 = CARTESIAN_POINT ( 'NONE',  ( 53.91025825000000500, -10.43320947999999900, -0.01832476368000000200 ) ) ;
#974 = CARTESIAN_POINT ( 'NONE',  ( 53.91025826000000600, -7.850278414000001700, 2.891532558000000200 ) ) ;
#975 = CARTESIAN_POINT ( 'NONE',  ( 53.91025826000000600, -4.582810840999998800, 5.193386943999999300 ) ) ;
#976 = CARTESIAN_POINT ( 'NONE',  ( 53.91025826000000600, -0.8206782642000001200, 6.669911373999998900 ) ) ;
#977 = CARTESIAN_POINT ( 'NONE',  ( 53.91025826000000600, 3.139291569000000100, 7.204936260999998500 ) ) ;
#978 = CARTESIAN_POINT ( 'NONE',  ( 53.91025826000000600, 7.010268366000000000, 6.829123194000001000 ) ) ;
#979 = CARTESIAN_POINT ( 'NONE',  ( 51.54924583000000400, -9.801402538000003200, -0.01234888525000000200 ) ) ;
#980 = CARTESIAN_POINT ( 'NONE',  ( 51.54924583000000400, -7.371420692000000900, 2.880691127000000000 ) ) ;
#981 = CARTESIAN_POINT ( 'NONE',  ( 51.54924583000000400, -4.245156284000000100, 5.187664983000000300 ) ) ;
#982 = CARTESIAN_POINT ( 'NONE',  ( 51.54924583000000400, -0.6097961740000000800, 6.682583137999999100 ) ) ;
#983 = CARTESIAN_POINT ( 'NONE',  ( 51.54924583000000400, 3.233773513000000000, 7.242191399000000200 ) ) ;
#984 = CARTESIAN_POINT ( 'NONE',  ( 51.54924583000000400, 6.993809838999999900, 6.896107536999999800 ) ) ;
#985 = CARTESIAN_POINT ( 'NONE',  ( 47.34038870999999900, -8.681221645999997300, -0.0004828931130000001700 ) ) ;
#986 = CARTESIAN_POINT ( 'NONE',  ( 47.34038870999999900, -6.523616948999999100, 2.866937187000000000 ) ) ;
#987 = CARTESIAN_POINT ( 'NONE',  ( 47.34038870999999900, -3.648039742000000800, 5.193146761000000400 ) ) ;
#988 = CARTESIAN_POINT ( 'NONE',  ( 47.34038870999999900, -0.2340028926000000100, 6.735290328000001400 ) ) ;
#989 = CARTESIAN_POINT ( 'NONE',  ( 47.34038870999999900, 3.410645325999999100, 7.355003593000000200 ) ) ;
#990 = CARTESIAN_POINT ( 'NONE',  ( 47.34038870999999900, 6.985392793000001700, 7.079128443000001000 ) ) ;
#991 = CARTESIAN_POINT ( 'NONE',  ( 43.13153159000000200, -7.643484527999998300, 0.006445026250000002000 ) ) ;
#992 = CARTESIAN_POINT ( 'NONE',  ( 43.13153159000000200, -5.740974745999999100, 2.866000853999999700 ) ) ;
#993 = CARTESIAN_POINT ( 'NONE',  ( 43.13153159000000200, -3.097512352999999900, 5.232216465000000500 ) ) ;
#994 = CARTESIAN_POINT ( 'NONE',  ( 43.13153159000000200, 0.1182384366000000100, 6.845449215999999600 ) ) ;
#995 = CARTESIAN_POINT ( 'NONE',  ( 43.13153159000000200, 3.594601442000000100, 7.549684350999999800 ) ) ;
#996 = CARTESIAN_POINT ( 'NONE',  ( 43.13153159000000200, 7.022780354000000000, 7.365437052999999100 ) ) ;
#997 = CARTESIAN_POINT ( 'NONE',  ( 41.28321253000000700, -7.214534446999998400, 0.007454557735000001500 ) ) ;
#998 = CARTESIAN_POINT ( 'NONE',  ( 41.28321253000000700, -5.419917858999999000, 2.869358339999999800 ) ) ;
#999 = CARTESIAN_POINT ( 'NONE',  ( 41.28321253000000700, -2.872508187999999400, 5.258974464999999700 ) ) ;
#1000 = CARTESIAN_POINT ( 'NONE',  ( 41.28321253000000700, 0.2640551572000000000, 6.908336170000000100 ) ) ;
#1001 = CARTESIAN_POINT ( 'NONE',  ( 41.28321253000000700, 3.675783833999999800, 7.652680973999999000 ) ) ;
#1002 = CARTESIAN_POINT ( 'NONE',  ( 41.28321253000000700, 7.049332276000000300, 7.509549878999999700 ) ) ;
#1003 = CARTESIAN_POINT ( 'NONE',  ( 38.01072656999999600, -6.516668209000001400, 0.006578762976000001500 ) ) ;
#1004 = CARTESIAN_POINT ( 'NONE',  ( 38.01072656999999600, -4.900279646000000400, 2.878511717000000300 ) ) ;
#1005 = CARTESIAN_POINT ( 'NONE',  ( 38.01072656999999600, -2.509738923999999600, 5.314223968999999500 ) ) ;
#1006 = CARTESIAN_POINT ( 'NONE',  ( 38.01072656999999600, 0.5004584842999999500, 7.031263940000001400 ) ) ;
#1007 = CARTESIAN_POINT ( 'NONE',  ( 38.01072656999999600, 3.812832912999998900, 7.848994016999998100 ) ) ;
#1008 = CARTESIAN_POINT ( 'NONE',  ( 38.01072656999999600, 7.105827907000000100, 7.778827771000000400 ) ) ;
#1009 = CARTESIAN_POINT ( 'NONE',  ( 34.73824061000000500, -5.940991463000000500, 0.003159202565000001500 ) ) ;
#1010 = CARTESIAN_POINT ( 'NONE',  ( 34.73824061000000500, -4.481846943000001600, 2.893264048999999900 ) ) ;
#1011 = CARTESIAN_POINT ( 'NONE',  ( 34.73824061000000500, -2.224313190000000200, 5.379925072999999900 ) ) ;
#1012 = CARTESIAN_POINT ( 'NONE',  ( 34.73824061000000500, 0.6857518082000002600, 7.164618837999998200 ) ) ;
#1013 = CARTESIAN_POINT ( 'NONE',  ( 34.73824061000000500, 3.925228864999999800, 8.049385391999999600 ) ) ;
#1014 = CARTESIAN_POINT ( 'NONE',  ( 34.73824061000000500, 7.161993853000000200, 8.039831962999999200 ) ) ;
#1015 = CARTESIAN_POINT ( 'NONE',  ( 41.28321253000000700, -6.404668067000000200, 2.507223700000000400 ) ) ;
#1016 = CARTESIAN_POINT ( 'NONE',  ( 33.31486616999999500, -5.715478709000001000, 0.001507561454000000500 ) ) ;
#1017 = CARTESIAN_POINT ( 'NONE',  ( 33.31486616999999500, -4.321941458999999600, 2.901199597000000200 ) ) ;
#1018 = CARTESIAN_POINT ( 'NONE',  ( 33.31486616999999500, -2.117991393000000100, 5.411144047999999700 ) ) ;
#1019 = CARTESIAN_POINT ( 'NONE',  ( 33.31486616999999500, 0.7541513060000001300, 7.224642960999999800 ) ) ;
#1020 = CARTESIAN_POINT ( 'NONE',  ( 38.01072656999999600, 1.453860803999999800, 8.813079333000001000 ) ) ;
#1021 = CARTESIAN_POINT ( 'NONE',  ( 33.31486616999999500, 3.967448704999999400, 8.135377405999998100 ) ) ;
#1022 = CARTESIAN_POINT ( 'NONE',  ( 33.31486616999999500, 7.183909875999998600, 8.147034026000000000 ) ) ;
#1023 = CARTESIAN_POINT ( 'NONE',  ( 29.16886464000000200, -5.134127813999999300, -0.002704434865000000400 ) ) ;
#1024 = CARTESIAN_POINT ( 'NONE',  ( 29.16886464000000200, -3.918532572999999800, 2.924765037000000200 ) ) ;
#1025 = CARTESIAN_POINT ( 'NONE',  ( 29.16886464000000200, -1.856547141000000300, 5.499097245000000600 ) ) ;
#1026 = CARTESIAN_POINT ( 'NONE',  ( 29.16886464000000200, 0.9185733018999998600, 7.389649936000000500 ) ) ;
#1027 = CARTESIAN_POINT ( 'NONE',  ( 29.16886464000000200, 4.066920714000000100, 8.365979563000001600 ) ) ;
#1028 = CARTESIAN_POINT ( 'NONE',  ( 29.16886464000000200, 7.232492855000000300, 8.426485791000001100 ) ) ;
#1029 = CARTESIAN_POINT ( 'NONE',  ( 25.02286311000000700, -4.765880931999999100, -0.004178507785000000500 ) ) ;
#1030 = CARTESIAN_POINT ( 'NONE',  ( 25.02286311000000700, -3.786352024999999800, 2.997195269000000100 ) ) ;
#1031 = CARTESIAN_POINT ( 'NONE',  ( 25.02286311000000700, -1.855368084999999800, 5.691979755000001100 ) ) ;
#1032 = CARTESIAN_POINT ( 'NONE',  ( 25.02286311000000700, 0.9037388280000001600, 7.667370090999999600 ) ) ;
#1033 = CARTESIAN_POINT ( 'NONE',  ( 25.02286311000000700, 4.073420406000000300, 8.626576291000001000 ) ) ;
#1034 = CARTESIAN_POINT ( 'NONE',  ( 25.02286311000000700, 7.224204135999999100, 8.588369354999999300 ) ) ;
#1035 = CARTESIAN_POINT ( 'NONE',  ( 22.29981898000000100, -4.611284228999998900, -0.003109272331000000600 ) ) ;
#1036 = CARTESIAN_POINT ( 'NONE',  ( 22.29981898000000100, -3.859196005999999900, 3.080250261000000200 ) ) ;
#1037 = CARTESIAN_POINT ( 'NONE',  ( 22.29981898000000100, -2.028349094999999800, 5.905041235999999700 ) ) ;
#1038 = CARTESIAN_POINT ( 'NONE',  ( 22.29981898000000100, 0.7712653736999999200, 7.952975132999998900 ) ) ;
#1039 = CARTESIAN_POINT ( 'NONE',  ( 22.29981898000000100, 4.017698835000000000, 8.842336532000002700 ) ) ;
#1040 = CARTESIAN_POINT ( 'NONE',  ( 22.29981898000000100, 7.183739119000000200, 8.625376290000000200 ) ) ;
#1041 = CARTESIAN_POINT ( 'NONE',  ( 16.57961972000000000, -4.431705022000000900, 0.0003395417530000001400 ) ) ;
#1042 = CARTESIAN_POINT ( 'NONE',  ( 16.57961972000000000, -3.782632398000000500, 3.057480179999999800 ) ) ;
#1043 = CARTESIAN_POINT ( 'NONE',  ( 16.57961972000000000, -2.035852218999999200, 5.881343480000002600 ) ) ;
#1044 = CARTESIAN_POINT ( 'NONE',  ( 16.57961972000000000, 0.7083617127000000300, 7.931903968000000300 ) ) ;
#1045 = CARTESIAN_POINT ( 'NONE',  ( 16.57961972000000000, 3.911293688999999000, 8.806739502000002800 ) ) ;
#1046 = CARTESIAN_POINT ( 'NONE',  ( 16.57961972000000000, 7.026704388999999800, 8.562875256000001700 ) ) ;
#1047 = CARTESIAN_POINT ( 'NONE',  ( 10.85942048000000100, -4.515678804000000200, 0.003010457068000000800 ) ) ;
#1048 = CARTESIAN_POINT ( 'NONE',  ( 10.85942047000000200, -3.789439632000000100, 2.936541401999999600 ) ) ;
#1049 = CARTESIAN_POINT ( 'NONE',  ( 10.85942047000000200, -2.042564661000000100, 5.618518437999998800 ) ) ;
#1050 = CARTESIAN_POINT ( 'NONE',  ( 10.85942047000000200, 0.6182640390000000400, 7.562142487000000000 ) ) ;
#1051 = CARTESIAN_POINT ( 'NONE',  ( 10.85942047000000200, 3.704243750000000300, 8.410527177000000500 ) ) ;
#1052 = CARTESIAN_POINT ( 'NONE',  ( 10.85942047000000200, 6.719280376999999600, 8.210280107999999200 ) ) ;
#1053 = CARTESIAN_POINT ( 'NONE',  ( 7.893326600000000000, -4.619565818999999100, 0.003173780181000001200 ) ) ;
#1054 = CARTESIAN_POINT ( 'NONE',  ( 7.893326600000000000, -3.861076541000000100, 2.874090810999999900 ) ) ;
#1055 = CARTESIAN_POINT ( 'NONE',  ( 38.01072656999999600, -0.8425235195000000400, 7.913713596000000000 ) ) ;
#1056 = CARTESIAN_POINT ( 'NONE',  ( 7.893326600000000000, -2.110011493999999700, 5.483369811000002000 ) ) ;
#1057 = CARTESIAN_POINT ( 'NONE',  ( 7.893326600000000000, 0.5222940271000000600, 7.360627058999999600 ) ) ;
#1058 = CARTESIAN_POINT ( 'NONE',  ( 7.893326600000000000, 3.558717355000000200, 8.166179508000000800 ) ) ;
#1059 = CARTESIAN_POINT ( 'NONE',  ( 7.893326600000000000, 6.518589931999999400, 7.948637711000001700 ) ) ;
#1060 = CARTESIAN_POINT ( 'NONE',  ( 4.946663294000002200, -4.780356734000000600, 0.002178446929000000300 ) ) ;
#1061 = CARTESIAN_POINT ( 'NONE',  ( 4.946663294000002200, -3.947301745000001200, 2.783347323000000100 ) ) ;
#1062 = CARTESIAN_POINT ( 'NONE',  ( 4.946663294000002200, -2.174309725000000100, 5.283623107000001300 ) ) ;
#1063 = CARTESIAN_POINT ( 'NONE',  ( 4.946663294000002200, 0.4198059225000000400, 7.067903103000000800 ) ) ;
#1064 = CARTESIAN_POINT ( 'NONE',  ( 4.946663294000002200, 3.387202027000000300, 7.829147487000001100 ) ) ;
#1065 = CARTESIAN_POINT ( 'NONE',  ( 4.946663294000002200, 6.279645069000000700, 7.613169269999999300 ) ) ;
#1066 = CARTESIAN_POINT ( 'NONE',  ( 2.000000000000000000, -5.000000000000000000, 1.859227323000000100E-030 ) ) ;
#1067 = CARTESIAN_POINT ( 'NONE',  ( 2.000000000000000000, -4.070994185000000900, 2.671288238999999500 ) ) ;
#1068 = CARTESIAN_POINT ( 'NONE',  ( 2.000000000000000000, -2.266127880000000400, 5.038960430000000400 ) ) ;
#1069 = CARTESIAN_POINT ( 'NONE',  ( 2.000000000000000000, 0.2880934505999999700, 6.710814391999999600 ) ) ;
#1070 = CARTESIAN_POINT ( 'NONE',  ( 2.000000000000000000, 3.180154482999999900, 7.417494638999999200 ) ) ;
#1071 = CARTESIAN_POINT ( 'NONE',  ( 2.000000000000000000, 6.000000000000000000, 7.200000000000001100 ) ) ;
#1072 = CARTESIAN_POINT ( 'NONE',  ( 150.0000000000000000, -11.93303287000000200, 6.358771187000000300 ) ) ;
#1073 = CARTESIAN_POINT ( 'NONE',  ( 150.0000000000000000, -13.10849767999999900, 6.056510860999998700 ) ) ;
#1074 = CARTESIAN_POINT ( 'NONE',  ( 150.0000000000000000, -14.26143099000000100, 5.666627175999999500 ) ) ;
#1075 = CARTESIAN_POINT ( 'NONE',  ( 150.0000000000000000, -15.38312263000000100, 5.191356912999999900 ) ) ;
#1076 = CARTESIAN_POINT ( 'NONE',  ( 150.0000000000000000, -16.46520086999999300, 4.634247251999999800 ) ) ;
#1077 = CARTESIAN_POINT ( 'NONE',  ( 150.0000000000000000, -17.50000000000000000, 4.000000000000000000 ) ) ;
#1078 = CARTESIAN_POINT ( 'NONE',  ( 147.8729981000000200, -10.75431154999999900, 6.520569335000000200 ) ) ;
#1079 = CARTESIAN_POINT ( 'NONE',  ( 147.8729981000000200, -12.20687142999999800, 6.249878186000001000 ) ) ;
#1080 = CARTESIAN_POINT ( 'NONE',  ( 147.8729981000000200, -13.63870978999999800, 5.845576318999999200 ) ) ;
#1081 = CARTESIAN_POINT ( 'NONE',  ( 147.8729981000000200, -15.02867546999999800, 5.307660955000000200 ) ) ;
#1082 = CARTESIAN_POINT ( 'NONE',  ( 147.8729981000000200, -16.35624062000000100, 4.641446196000000400 ) ) ;
#1083 = CARTESIAN_POINT ( 'NONE',  ( 147.8729981000000200, -17.60417986999999900, 3.856443569999999300 ) ) ;
#1084 = CARTESIAN_POINT ( 'NONE',  ( 145.7459963000000000, -9.680547995000001300, 6.654708214999999400 ) ) ;
#1085 = CARTESIAN_POINT ( 'NONE',  ( 145.7459963000000000, -11.39393663000000200, 6.443703789000001500 ) ) ;
#1086 = CARTESIAN_POINT ( 'NONE',  ( 145.7459963000000000, -13.09052485000000100, 6.040621375999999800 ) ) ;
#1087 = CARTESIAN_POINT ( 'NONE',  ( 145.7459963000000000, -14.73403901000000000, 5.443508500000000100 ) ) ;
#1088 = CARTESIAN_POINT ( 'NONE',  ( 145.7459963000000000, -16.28886724999999900, 4.661171836999998600 ) ) ;
#1089 = CARTESIAN_POINT ( 'NONE',  ( 145.7459963000000000, -17.72600130000000000, 3.710928552000000400 ) ) ;
#1090 = CARTESIAN_POINT ( 'NONE',  ( 143.5797921999999900, -8.683408908000000500, 6.765909520999999300 ) ) ;
#1091 = CARTESIAN_POINT ( 'NONE',  ( 143.5797921999999900, -10.64648075000000200, 6.636669874000001600 ) ) ;
#1092 = CARTESIAN_POINT ( 'NONE',  ( 143.5797921999999900, -12.59958558000000100, 6.247320075000000200 ) ) ;
#1093 = CARTESIAN_POINT ( 'NONE',  ( 143.5797921999999900, -14.48828452000000100, 5.593741335000000700 ) ) ;
#1094 = CARTESIAN_POINT ( 'NONE',  ( 143.5797921999999900, -16.25865929999999800, 4.689202518000000100 ) ) ;
#1095 = CARTESIAN_POINT ( 'NONE',  ( 143.5797921999999900, -17.86731707999999900, 3.560816822999999700 ) ) ;
#1096 = CARTESIAN_POINT ( 'NONE',  ( 139.8804493000000700, -7.154636801999998900, 6.909943444000001400 ) ) ;
#1097 = CARTESIAN_POINT ( 'NONE',  ( 139.8804493000000700, -9.507447930000001400, 6.908439487000000800 ) ) ;
#1098 = CARTESIAN_POINT ( 'NONE',  ( 139.8804493000000700, -11.86279987000000300, 6.539185568999998900 ) ) ;
#1099 = CARTESIAN_POINT ( 'NONE',  ( 139.8804493000000700, -14.13883910999999900, 5.796456211999999800 ) ) ;
#1100 = CARTESIAN_POINT ( 'NONE',  ( 139.8804493000000700, -16.25373746999999700, 4.702224137000000000 ) ) ;
#1101 = CARTESIAN_POINT ( 'NONE',  ( 139.8804493000000700, -18.14213137999999900, 3.300731988000000300 ) ) ;
#1102 = CARTESIAN_POINT ( 'NONE',  ( 136.1811064000000300, -5.881310187000000400, 6.987050822999999700 ) ) ;
#1103 = CARTESIAN_POINT ( 'NONE',  ( 136.1811064000000300, -8.565853192000000500, 7.068091147000000500 ) ) ;
#1104 = CARTESIAN_POINT ( 'NONE',  ( 136.1811064000000300, -11.26376159000000000, 6.700830158999999700 ) ) ;
#1105 = CARTESIAN_POINT ( 'NONE',  ( 136.1811064000000300, -13.87474778000000000, 5.881283009000000600 ) ) ;
#1106 = CARTESIAN_POINT ( 'NONE',  ( 136.1811064000000300, -16.29788543000000400, 4.640468470000000100 ) ) ;
#1107 = CARTESIAN_POINT ( 'NONE',  ( 136.1811064000000300, -18.45279982999999600, 3.037746718000000200 ) ) ;
#1108 = CARTESIAN_POINT ( 'NONE',  ( 134.6767424999999900, -5.402166917999999800, 7.008338962999999900 ) ) ;
#1109 = CARTESIAN_POINT ( 'NONE',  ( 134.6767424999999900, -8.212909380999999300, 7.115532992999999500 ) ) ;
#1110 = CARTESIAN_POINT ( 'NONE',  ( 134.6767424999999900, -11.04099877999999700, 6.746315695999999900 ) ) ;
#1111 = CARTESIAN_POINT ( 'NONE',  ( 134.6767424999999900, -13.77998447000000000, 5.897687166999999100 ) ) ;
#1112 = CARTESIAN_POINT ( 'NONE',  ( 134.6767424999999900, -16.32249808000000300, 4.604149795000000500 ) ) ;
#1113 = CARTESIAN_POINT ( 'NONE',  ( 134.6767424999999900, -18.58311451999999900, 2.930630984999999600 ) ) ;
#1114 = CARTESIAN_POINT ( 'NONE',  ( 131.0070173000000300, -4.324161517999998600, 7.036621971000000600 ) ) ;
#1115 = CARTESIAN_POINT ( 'NONE',  ( 131.0070173000000300, -7.424230121000000800, 7.208736015000000400 ) ) ;
#1116 = CARTESIAN_POINT ( 'NONE',  ( 131.0070173000000300, -10.55205678000000100, 6.839657875000000300 ) ) ;
#1117 = CARTESIAN_POINT ( 'NONE',  ( 131.0070173000000300, -13.58570901000000200, 5.926865756999999800 ) ) ;
#1118 = CARTESIAN_POINT ( 'NONE',  ( 131.0070173000000300, -16.40158182999999800, 4.511592645000000300 ) ) ;
#1119 = CARTESIAN_POINT ( 'NONE',  ( 131.0070173000000300, -18.90153695000000100, 2.670687965000000400 ) ) ;
#1120 = CARTESIAN_POINT ( 'NONE',  ( 127.3372921000000000, -3.442505019999999600, 7.015315035999999600 ) ) ;
#1121 = CARTESIAN_POINT ( 'NONE',  ( 127.3372921000000000, -6.783803920000000400, 7.238785903000000100 ) ) ;
#1122 = CARTESIAN_POINT ( 'NONE',  ( 127.3372921000000000, -10.16280875000000000, 6.872277546999999500 ) ) ;
#1123 = CARTESIAN_POINT ( 'NONE',  ( 127.3372921000000000, -13.44415729999999900, 5.910585046999998800 ) ) ;
#1124 = CARTESIAN_POINT ( 'NONE',  ( 127.3372921000000000, -16.48998405000000000, 4.397867576999998600 ) ) ;
#1125 = CARTESIAN_POINT ( 'NONE',  ( 127.3372921000000000, -19.19109864000000300, 2.418541548000000300 ) ) ;
#1126 = CARTESIAN_POINT ( 'NONE',  ( 125.1548375999999800, -2.976195283999999700, 6.988877815000000400 ) ) ;
#1127 = CARTESIAN_POINT ( 'NONE',  ( 125.1548375999999800, -6.443875938999999800, 7.238621892000001200 ) ) ;
#1128 = CARTESIAN_POINT ( 'NONE',  ( 125.1548375999999800, -9.954735958000004100, 6.874502076999999800 ) ) ;
#1129 = CARTESIAN_POINT ( 'NONE',  ( 125.1548375999999800, -13.36615701000000200, 5.888692095000001500 ) ) ;
#1130 = CARTESIAN_POINT ( 'NONE',  ( 125.1548375999999800, -16.53252396999999600, 4.325848425000000200 ) ) ;
#1131 = CARTESIAN_POINT ( 'NONE',  ( 125.1548375999999800, -19.33869528000000000, 2.273460638000000400 ) ) ;
#1132 = CARTESIAN_POINT ( 'NONE',  ( 120.0080568000000100, -1.987126889000000000, 6.906254801000000200 ) ) ;
#1133 = CARTESIAN_POINT ( 'NONE',  ( 120.0080568000000100, -5.709926202000001000, 7.206927473000000400 ) ) ;
#1134 = CARTESIAN_POINT ( 'NONE',  ( 120.0080568000000100, -9.486391361999999100, 6.846743009000000800 ) ) ;
#1135 = CARTESIAN_POINT ( 'NONE',  ( 120.0080568000000100, -13.15953977000000200, 5.811998517000000100 ) ) ;
#1136 = CARTESIAN_POINT ( 'NONE',  ( 120.0080568000000100, -16.56839081999999800, 4.147745173999999800 ) ) ;
#1137 = CARTESIAN_POINT ( 'NONE',  ( 120.0080568000000100, -19.58605695000000000, 1.947050609999999800 ) ) ;
#1138 = CARTESIAN_POINT ( 'NONE',  ( 114.8612759000000200, -1.163806658999999800, 6.838881067999999200 ) ) ;
#1139 = CARTESIAN_POINT ( 'NONE',  ( 114.8612759000000200, -5.058813727999999600, 7.150048374999999900 ) ) ;
#1140 = CARTESIAN_POINT ( 'NONE',  ( 114.8612759000000200, -9.010029026999999900, 6.773780755000000700 ) ) ;
#1141 = CARTESIAN_POINT ( 'NONE',  ( 114.8612759000000200, -12.85194981000000200, 5.691599561999999500 ) ) ;
#1142 = CARTESIAN_POINT ( 'NONE',  ( 114.8612759000000200, -16.41485706000000600, 3.947368904999999800 ) ) ;
#1143 = CARTESIAN_POINT ( 'NONE',  ( 114.8612759000000200, -19.56526504000000000, 1.635860815999999900 ) ) ;
#1144 = CARTESIAN_POINT ( 'NONE',  ( 111.8843762999999900, -0.7010151113000000500, 6.833279120000001200 ) ) ;
#1145 = CARTESIAN_POINT ( 'NONE',  ( 111.8843762999999900, -4.675661649000000300, 7.136424674999999800 ) ) ;
#1146 = CARTESIAN_POINT ( 'NONE',  ( 111.8843762999999900, -8.705996669000001000, 6.739187582000001300 ) ) ;
#1147 = CARTESIAN_POINT ( 'NONE',  ( 111.8843762999999900, -12.62175588999999900, 5.621081004999999700 ) ) ;
#1148 = CARTESIAN_POINT ( 'NONE',  ( 111.8843762999999900, -16.24842955999999500, 3.826203621999999500 ) ) ;
#1149 = CARTESIAN_POINT ( 'NONE',  ( 111.8843762999999900, -19.44940802999999700, 1.451103618999999700 ) ) ;
#1150 = CARTESIAN_POINT ( 'NONE',  ( 106.8278862999999900, 0.1635456184000000400, 6.965445606000000300 ) ) ;
#1151 = CARTESIAN_POINT ( 'NONE',  ( 106.8278862999999900, -3.948700900999999600, 7.212188603999999600 ) ) ;
#1152 = CARTESIAN_POINT ( 'NONE',  ( 106.8278862999999900, -8.105763543000001900, 6.730941339000001000 ) ) ;
#1153 = CARTESIAN_POINT ( 'NONE',  ( 106.8278862999999900, -12.13221989999999900, 5.506087893000000100 ) ) ;
#1154 = CARTESIAN_POINT ( 'NONE',  ( 106.8278862999999900, -15.84965263000000300, 3.587893126000000000 ) ) ;
#1155 = CARTESIAN_POINT ( 'NONE',  ( 106.8278862999999900, -19.11883898000000300, 1.079685329000000100 ) ) ;
#1156 = CARTESIAN_POINT ( 'NONE',  ( 101.7713962999999900, 1.084857922000000300, 7.283396090000001900 ) ) ;
#1157 = CARTESIAN_POINT ( 'NONE',  ( 101.7713962999999900, -3.159317678000000300, 7.478509155000001100 ) ) ;
#1158 = CARTESIAN_POINT ( 'NONE',  ( 101.7713962999999900, -7.437945794000000900, 6.879123173000000900 ) ) ;
#1159 = CARTESIAN_POINT ( 'NONE',  ( 101.7713962999999900, -11.56026377999999800, 5.484980407999999300 ) ) ;
#1160 = CARTESIAN_POINT ( 'NONE',  ( 101.7713962999999900, -15.33313126000000000, 3.369638513999999600 ) ) ;
#1161 = CARTESIAN_POINT ( 'NONE',  ( 101.7713962999999900, -18.60982314000000300, 0.6641213907000000900 ) ) ;
#1162 = CARTESIAN_POINT ( 'NONE',  ( 99.68599674999998700, 1.465217802000000000, 7.439423468000001100 ) ) ;
#1163 = CARTESIAN_POINT ( 'NONE',  ( 99.68599674999998700, -2.835135972999999400, 7.783871091000001700 ) ) ;
#1164 = CARTESIAN_POINT ( 'NONE',  ( 99.68599674999998700, -7.221514636999998500, 7.230351858999999800 ) ) ;
#1165 = CARTESIAN_POINT ( 'NONE',  ( 99.68599674999998700, -11.43833281999999900, 5.752098955000000100 ) ) ;
#1166 = CARTESIAN_POINT ( 'NONE',  ( 99.68599674999998700, -15.21747472999999900, 3.444400986999999900 ) ) ;
#1167 = CARTESIAN_POINT ( 'NONE',  ( 99.68599674999998700, -18.37550110000000100, 0.4916552019999999600 ) ) ;
#1168 = CARTESIAN_POINT ( 'NONE',  ( 96.65073190999997600, 1.973799488999999900, 7.667115118999998200 ) ) ;
#1169 = CARTESIAN_POINT ( 'NONE',  ( 96.65073190999997600, -2.413220315999999900, 8.221159107999998400 ) ) ;
#1170 = CARTESIAN_POINT ( 'NONE',  ( 96.65073190999997600, -6.948084903999999900, 7.729885508999998900 ) ) ;
#1171 = CARTESIAN_POINT ( 'NONE',  ( 96.65073190999997600, -11.28232553999999900, 6.131283513000000500 ) ) ;
#1172 = CARTESIAN_POINT ( 'NONE',  ( 96.65073190999997600, -15.04430731999999800, 3.556000234999999500 ) ) ;
#1173 = CARTESIAN_POINT ( 'NONE',  ( 96.65073190999997600, -18.00493523000000100, 0.2664366353000000600 ) ) ;
#1174 = CARTESIAN_POINT ( 'NONE',  ( 93.61546706000000000, 2.377782508999999800, 7.861174165000000400 ) ) ;
#1175 = CARTESIAN_POINT ( 'NONE',  ( 93.61546706000000000, -2.056759995999999400, 8.493343307000000000 ) ) ;
#1176 = CARTESIAN_POINT ( 'NONE',  ( 93.61546706000000000, -6.658630559999998900, 7.997238417000001000 ) ) ;
#1177 = CARTESIAN_POINT ( 'NONE',  ( 93.61546706000000000, -11.03396326999999900, 6.303435764999999700 ) ) ;
#1178 = CARTESIAN_POINT ( 'NONE',  ( 93.61546706000000000, -14.76357175999999800, 3.569032434999999600 ) ) ;
#1179 = CARTESIAN_POINT ( 'NONE',  ( 93.61546706000000000, -17.59977849000000200, 0.1012608264000000200 ) ) ;
#1180 = CARTESIAN_POINT ( 'NONE',  ( 92.66937994999999300, 2.491888786999999700, 7.916915304999999000 ) ) ;
#1181 = CARTESIAN_POINT ( 'NONE',  ( 92.66937994999999300, -1.951840248999999700, 8.553879816000002000 ) ) ;
#1182 = CARTESIAN_POINT ( 'NONE',  ( 92.66937994999999300, -6.563266120000001500, 8.046199205000000600 ) ) ;
#1183 = CARTESIAN_POINT ( 'NONE',  ( 92.66937994999999300, -10.94142892999999900, 6.326148776999999300 ) ) ;
#1184 = CARTESIAN_POINT ( 'NONE',  ( 92.66937994999999300, -14.66044295000000200, 3.557535057000000400 ) ) ;
#1185 = CARTESIAN_POINT ( 'NONE',  ( 92.66937994999999300, -17.47050541000000100, 0.05655357106000001600 ) ) ;
#1186 = CARTESIAN_POINT ( 'NONE',  ( 88.93744532000002300, 2.890193609999999900, 8.113283794999999200 ) ) ;
#1187 = CARTESIAN_POINT ( 'NONE',  ( 88.93744532000002300, -1.567016277999999900, 8.712985959000000900 ) ) ;
#1188 = CARTESIAN_POINT ( 'NONE',  ( 88.93744532000002300, -6.177915387999998800, 8.135304271000000800 ) ) ;
#1189 = CARTESIAN_POINT ( 'NONE',  ( 88.93744532000002300, -10.53452016999999900, 6.328255673999999300 ) ) ;
#1190 = CARTESIAN_POINT ( 'NONE',  ( 88.93744532000002300, -14.20794013999999800, 3.474854543999999800 ) ) ;
#1191 = CARTESIAN_POINT ( 'NONE',  ( 88.93744532000002300, -16.95003629999999700, -0.09028127656000004000 ) ) ;
#1192 = CARTESIAN_POINT ( 'NONE',  ( 85.20551069000001100, 3.082210694999999700, 8.210742799000000100 ) ) ;
#1193 = CARTESIAN_POINT ( 'NONE',  ( 85.20551069000001100, -1.315990795999999900, 8.682811387000001000 ) ) ;
#1194 = CARTESIAN_POINT ( 'NONE',  ( 85.20551069000001100, -5.830024340999999700, 8.018146878000001400 ) ) ;
#1195 = CARTESIAN_POINT ( 'NONE',  ( 85.20551069000001100, -10.08179191999999900, 6.186556631000000200 ) ) ;
#1196 = CARTESIAN_POINT ( 'NONE',  ( 85.20551069000001100, -13.67958960000000200, 3.368070899999999800 ) ) ;
#1197 = CARTESIAN_POINT ( 'NONE',  ( 85.20551069000001100, -16.39353576000000200, -0.1225017736000000200 ) ) ;
#1198 = CARTESIAN_POINT ( 'NONE',  ( 82.40763862000001400, 3.107225079000000000, 8.218295265999998400 ) ) ;
#1199 = CARTESIAN_POINT ( 'NONE',  ( 82.40763862000001400, -1.210928341999999700, 8.594620283999999400 ) ) ;
#1200 = CARTESIAN_POINT ( 'NONE',  ( 82.40763862000001400, -5.619015048999998800, 7.888151688000000700 ) ) ;
#1201 = CARTESIAN_POINT ( 'NONE',  ( 82.40763862000001400, -9.764420476999999800, 6.074740237999999500 ) ) ;
#1202 = CARTESIAN_POINT ( 'NONE',  ( 82.40763862000001400, -13.28513137000000000, 3.320691022999999700 ) ) ;
#1203 = CARTESIAN_POINT ( 'NONE',  ( 82.40763862000001400, -15.96505515000000100, -0.08497697677000003200 ) ) ;
#1204 = CARTESIAN_POINT ( 'NONE',  ( 77.66984128000000000, 3.057227104999999900, 8.186874721999998900 ) ) ;
#1205 = CARTESIAN_POINT ( 'NONE',  ( 77.66984128000000000, -1.102867274000000100, 8.430961359999997700 ) ) ;
#1206 = CARTESIAN_POINT ( 'NONE',  ( 77.66984128000000000, -5.320352600999999700, 7.675797103000000700 ) ) ;
#1207 = CARTESIAN_POINT ( 'NONE',  ( 77.66984128000000000, -9.276023732999998800, 5.901752893000001200 ) ) ;
#1208 = CARTESIAN_POINT ( 'NONE',  ( 77.66984128000000000, -12.64639993999999800, 3.255541371000000100 ) ) ;
#1209 = CARTESIAN_POINT ( 'NONE',  ( 77.66984128000000000, -15.23510650000000200, -0.008781250397000003200 ) ) ;
#1210 = CARTESIAN_POINT ( 'NONE',  ( 72.93204394000001400, 2.968067770000000200, 8.143264404000000000 ) ) ;
#1211 = CARTESIAN_POINT ( 'NONE',  ( 72.93204394000001400, -1.019987095999999900, 8.264128003999999800 ) ) ;
#1212 = CARTESIAN_POINT ( 'NONE',  ( 72.93204394000001400, -5.037952595000000100, 7.461272280000001100 ) ) ;
#1213 = CARTESIAN_POINT ( 'NONE',  ( 72.93204394000001400, -8.794185168999998600, 5.718379718000000400 ) ) ;
#1214 = CARTESIAN_POINT ( 'NONE',  ( 72.93204394000001400, -11.99659833000000100, 3.167171231000000600 ) ) ;
#1215 = CARTESIAN_POINT ( 'NONE',  ( 72.93204394000001400, -14.46665357000000200, 0.03433798420000001800 ) ) ;
#1216 = CARTESIAN_POINT ( 'NONE',  ( 70.98420019000001000, 2.938707868999999900, 8.130747604999999800 ) ) ;
#1217 = CARTESIAN_POINT ( 'NONE',  ( 70.98420019000001000, -0.9789412249000000200, 8.196689862000001300 ) ) ;
#1218 = CARTESIAN_POINT ( 'NONE',  ( 70.98420019000001000, -4.914451997999999700, 7.369715176999998900 ) ) ;
#1219 = CARTESIAN_POINT ( 'NONE',  ( 70.98420019000001000, -8.587801183999998100, 5.635600993000000600 ) ) ;
#1220 = CARTESIAN_POINT ( 'NONE',  ( 70.98420019000001000, -11.72015203999999900, 3.120444836000000300 ) ) ;
#1221 = CARTESIAN_POINT ( 'NONE',  ( 70.98420019000001000, -14.14057126999999900, 0.04002953911000001200 ) ) ;
#1222 = CARTESIAN_POINT ( 'NONE',  ( 67.34522254000000900, 2.912218415999999100, 8.122443925000000700 ) ) ;
#1223 = CARTESIAN_POINT ( 'NONE',  ( 67.34522254000000900, -0.8735981025000001400, 8.081494487000000500 ) ) ;
#1224 = CARTESIAN_POINT ( 'NONE',  ( 67.34522254000000900, -4.653593929999999500, 7.201623186000001700 ) ) ;
#1225 = CARTESIAN_POINT ( 'NONE',  ( 67.34522254000000900, -8.170070745999998600, 5.475272797000001500 ) ) ;
#1226 = CARTESIAN_POINT ( 'NONE',  ( 67.34522254000000900, -11.16957195999999900, 3.020289345000000100 ) ) ;
#1227 = CARTESIAN_POINT ( 'NONE',  ( 67.34522254000000900, -13.49563347000000300, 0.03408168772000001700 ) ) ;
#1228 = CARTESIAN_POINT ( 'NONE',  ( 63.70624488000000000, 2.933525176999999900, 8.144422205999999800 ) ) ;
#1229 = CARTESIAN_POINT ( 'NONE',  ( 63.70624488000000000, -0.7176942321000002700, 8.005988333000001200 ) ) ;
#1230 = CARTESIAN_POINT ( 'NONE',  ( 63.70624488000000000, -4.340167112000000500, 7.068060235999999100 ) ) ;
#1231 = CARTESIAN_POINT ( 'NONE',  ( 63.70624488000000000, -7.695088176999998800, 5.333721623000000600 ) ) ;
#1232 = CARTESIAN_POINT ( 'NONE',  ( 63.70624488000000000, -10.55063735000000200, 2.919360226999999900 ) ) ;
#1233 = CARTESIAN_POINT ( 'NONE',  ( 63.70624488000000000, -12.76357670000000000, 0.01233414353000000300 ) ) ;
#1234 = CARTESIAN_POINT ( 'NONE',  ( 62.01355432000000400, 2.953011955000000500, 8.161588194000000100 ) ) ;
#1235 = CARTESIAN_POINT ( 'NONE',  ( 62.01355432000000400, -0.6341495313000001800, 7.981014038999998800 ) ) ;
#1236 = CARTESIAN_POINT ( 'NONE',  ( 62.01355432000000400, -4.181909257999999200, 7.015468625000001300 ) ) ;
#1237 = CARTESIAN_POINT ( 'NONE',  ( 62.01355432000000400, -7.459619585000001300, 5.274213212000001100 ) ) ;
#1238 = CARTESIAN_POINT ( 'NONE',  ( 62.01355432000000400, -10.24483095999999800, 2.874721322000000100 ) ) ;
#1239 = CARTESIAN_POINT ( 'NONE',  ( 62.01355432000000400, -12.40022287000000000, 0.001763801618000000300 ) ) ;
#1240 = CARTESIAN_POINT ( 'NONE',  ( 57.96190629000000200, 3.005605642999999500, 8.217551809000001500 ) ) ;
#1241 = CARTESIAN_POINT ( 'NONE',  ( 57.96190629000000200, -0.4256933838000000500, 7.968026829999998600 ) ) ;
#1242 = CARTESIAN_POINT ( 'NONE',  ( 57.96190629000000200, -3.799578756000000700, 6.950331829999999700 ) ) ;
#1243 = CARTESIAN_POINT ( 'NONE',  ( 57.96190629000000200, -6.892992239999999000, 5.185281285999999500 ) ) ;
#1244 = CARTESIAN_POINT ( 'NONE',  ( 57.96190629000000200, -9.493125340999998900, 2.799541514000000000 ) ) ;
#1245 = CARTESIAN_POINT ( 'NONE',  ( 57.96190629000000200, -11.47265764000000100, -0.01681772704000000100 ) ) ;
#1246 = CARTESIAN_POINT ( 'NONE',  ( 53.91025826000000600, 3.004089789000000000, 8.306438280000001800 ) ) ;
#1247 = CARTESIAN_POINT ( 'NONE',  ( 53.91025825000000500, -0.2664973489000000400, 8.061214136000000300 ) ) ;
#1248 = CARTESIAN_POINT ( 'NONE',  ( 53.91025825000000500, -3.479653805999999500, 7.026542452000000200 ) ) ;
#1249 = CARTESIAN_POINT ( 'NONE',  ( 53.91025825000000500, -6.385085121999999600, 5.222194443999999400 ) ) ;
#1250 = CARTESIAN_POINT ( 'NONE',  ( 53.91025825000000500, -8.744952395999998600, 2.799688333999999400 ) ) ;
#1251 = CARTESIAN_POINT ( 'NONE',  ( 53.91025825000000500, -10.43320947999999900, -0.01832476368000000200 ) ) ;
#1252 = CARTESIAN_POINT ( 'NONE',  ( 51.54924583000000400, 2.953643225999999600, 8.367959404000000500 ) ) ;
#1253 = CARTESIAN_POINT ( 'NONE',  ( 51.54924583000000400, -0.2211581332000000200, 8.132335940999999100 ) ) ;
#1254 = CARTESIAN_POINT ( 'NONE',  ( 51.54924583000000400, -3.339058078999999100, 7.091823943000000500 ) ) ;
#1255 = CARTESIAN_POINT ( 'NONE',  ( 51.54924583000000400, -6.125398198000000100, 5.262007755000000000 ) ) ;
#1256 = CARTESIAN_POINT ( 'NONE',  ( 51.54924583000000400, -8.321151177999999100, 2.812016293999999300 ) ) ;
#1257 = CARTESIAN_POINT ( 'NONE',  ( 51.54924583000000400, -9.801402538000003200, -0.01234888525000000200 ) ) ;
#1258 = CARTESIAN_POINT ( 'NONE',  ( 47.34038870999999900, 2.702027020000000100, 8.491793739999998500 ) ) ;
#1259 = CARTESIAN_POINT ( 'NONE',  ( 47.34038870999999900, -0.2577497040999999800, 8.157945896000001100 ) ) ;
#1260 = CARTESIAN_POINT ( 'NONE',  ( 47.34038870999999900, -3.129876069999999900, 7.044304138999999400 ) ) ;
#1261 = CARTESIAN_POINT ( 'NONE',  ( 47.34038870999999900, -5.635723723000000800, 5.177118113999999800 ) ) ;
#1262 = CARTESIAN_POINT ( 'NONE',  ( 47.34038870999999900, -7.521737288999999800, 2.743292769000000400 ) ) ;
#1263 = CARTESIAN_POINT ( 'NONE',  ( 47.34038870999999900, -8.681221645999997300, -0.0004828931130000001700 ) ) ;
#1264 = CARTESIAN_POINT ( 'NONE',  ( 43.13153159000000200, 2.201299446000000200, 8.633283351999999400 ) ) ;
#1265 = CARTESIAN_POINT ( 'NONE',  ( 43.13153159000000200, -0.4799912044999999900, 8.080339338000001700 ) ) ;
#1266 = CARTESIAN_POINT ( 'NONE',  ( 43.13153159000000200, -3.017143851000000600, 6.833196837999999200 ) ) ;
#1267 = CARTESIAN_POINT ( 'NONE',  ( 41.28321253000000700, -7.214534446999998400, 0.007454557735000001500 ) ) ;
#1268 = CARTESIAN_POINT ( 'NONE',  ( 41.28321253000000700, -2.979627251000000100, 6.700149254000000300 ) ) ;
#1269 = CARTESIAN_POINT ( 'NONE',  ( 41.28321253000000700, 1.939342369999999900, 8.697663593999999800 ) ) ;
#1270 = CIRCLE ( 'NONE', #1276, 2.500000000475192300 ) ;
#1271 = AXIS2_PLACEMENT_3D ( 'NONE', #82, #81, #80 ) ;
#1272 = CIRCLE ( 'NONE', #1275, 2.500000000475192300 ) ;
#1273 = VECTOR ( 'NONE', #145, 1000.000000000000000 ) ;
#1274 = CIRCLE ( 'NONE', #1285, 2.500000000475192300 ) ;
#1275 = AXIS2_PLACEMENT_3D ( 'NONE', #133, #132, #131 ) ;
#1276 = AXIS2_PLACEMENT_3D ( 'NONE', #144, #143, #142 ) ;
#1277 = MECHANICAL_DESIGN_GEOMETRIC_PRESENTATION_REPRESENTATION (  '', ( #2399 ), #43 ) ;
#1278 = VECTOR ( 'NONE', #137, 1000.000000000000000 ) ;
#1279 = PRESENTATION_LAYER_ASSIGNMENT (  '', '', ( #2459 ) ) ;
#1280 = PRODUCT_RELATED_PRODUCT_CATEGORY ( 'part', '', ( #2347 ) ) ;
#1281 = PRODUCT_DEFINITION ( 'UNKNOWN', '', #1282, #2602 ) ;
#1282 = PRODUCT_DEFINITION_FORMATION_WITH_SPECIFIED_SOURCE ( 'ANY', '', #2347, .NOT_KNOWN. ) ;
#1283 = MECHANICAL_DESIGN_GEOMETRIC_PRESENTATION_REPRESENTATION (  '', ( #2459 ), #50 ) ;
#1284 = AXIS2_PLACEMENT_3D ( 'NONE', #141, #140, #139 ) ;
#1285 = AXIS2_PLACEMENT_3D ( 'NONE', #136, #135, #134 ) ;
#1286 = B_SPLINE_CURVE_WITH_KNOTS ( 'NONE', 5,
 ( #2192, #2191, #2190, #2189, #2188, #2187, #2186, #2185, #2184, #2182, #2181, #2180, #2179, #2178, #2177, #2172, #2171, #2170, #2169, #2168, #2167, #2166, #2165, #2164, #2163, #2162, #2161, #2160, #2159, #2157, #2152, #2151, #2147, #2146, #2145, #2144, #2143, #2142, #2138, #2137, #2136, #2132, #2128, #2127, #2126 ),
 .UNSPECIFIED., .F., .F.,
 ( 6, 3, 3, 3, 3, 3, 3, 3, 3, 3, 3, 3, 3, 3, 6 ),
 ( 0.0000000000000000000, 11.41717090000000200, 19.08703289999999700, 30.08409800000000100, 45.08087650000001600, 55.64063743999999200, 60.39463473999998700, 74.41270653000000800, 84.18312229000001400, 92.69488845000000800, 104.5771152800000000, 113.9149271099999900, 121.0675593200000200, 134.7080668000000100, 147.3233202176836300 ),
 .UNSPECIFIED. ) ;
#1287 = B_SPLINE_CURVE_WITH_KNOTS ( 'NONE', 5,
 ( #1393, #1392, #1388, #1387, #1381, #1380, #1379, #1374, #1373, #1370, #1350, #1349, #1348, #1336, #1335, #1331, #1327, #1324, #1321, #1317, #1316, #1315, #2260, #2183, #2300, #1786, #1781, #1796, #1785, #1783, #1789, #1787, #1815, #1809, #1810, #1811, #1806, #1807, #1805, #1800, #1801, #1808, #1803, #1804, #1802 ),
 .UNSPECIFIED., .F., .F.,
 ( 6, 3, 3, 3, 3, 3, 3, 3, 3, 3, 3, 3, 3, 3, 6 ),
 ( 0.0000000000000000000, 11.41717090000000200, 19.08703289999999700, 30.08409799999999700, 45.08087650000001600, 55.64063743999998500, 60.39463473999998700, 74.41270653000000800, 84.18312229000001400, 92.69488845000000800, 104.5771152800000000, 113.9149271099999900, 121.0675593200000000, 134.7080668000000100, 147.3233202176872400 ),
 .UNSPECIFIED. ) ;
#1288 = B_SPLINE_CURVE_WITH_KNOTS ( 'NONE', 3,
 ( #2121, #2120, #2118, #2117, #2116, #2115, #2114, #2113, #2112, #2111, #2110, #2106, #2105, #2101 ),
 .UNSPECIFIED., .F., .F.,
 ( 4, 2, 2, 2, 2, 2, 4 ),
 ( 4.563447127664066400E-014, 0.002074556370526985400, 0.004149112741008335400, 0.005186390926249010600, 0.006223669111489684900, 0.007260947296730361000, 0.008298225481971035300 ),
 .UNSPECIFIED. ) ;
#1289 = B_SPLINE_CURVE_WITH_KNOTS ( 'NONE', 3,
 ( #2052, #2051, #2025, #2024, #2023, #2004, #2003, #1991, #1990, #1973, #1972, #1971, #1970, #1948, #1929, #1928, #1911, #1910 ),
 .UNSPECIFIED., .F., .F.,
 ( 4, 2, 2, 2, 2, 2, 2, 2, 4 ),
 ( 0.0000000000000000000, 0.0009965937238093668700, 0.001993187447618733700, 0.002989781171428100400, 0.003986374895237467500, 0.004982968619046834600, 0.005979562342856200800, 0.006976156066665568700, 0.007972749790474936700 ),
 .UNSPECIFIED. ) ;
#1290 = UNCERTAINTY_MEASURE_WITH_UNIT (LENGTH_MEASURE( 1.000000000000000100E-005 ), #126, 'distance_accuracy_value', 'NONE');
#1291 = B_SPLINE_CURVE_WITH_KNOTS ( 'NONE', 3,
 ( #2303, #2302, #2301, #2299 ),
 .UNSPECIFIED., .F., .F.,
 ( 4, 4 ),
 ( 0.008214401752304810100, 0.009512299574115066400 ),
 .UNSPECIFIED. ) ;
#1292 = B_SPLINE_CURVE_WITH_KNOTS ( 'NONE', 5,
 ( #2312, #2311, #2310, #2309, #2308, #2307 ),
 .UNSPECIFIED., .F., .F.,
 ( 6, 6 ),
 ( 0.0000000000000000000, 0.01015412350519605800 ),
 .UNSPECIFIED. ) ;
#1293 = B_SPLINE_CURVE_WITH_KNOTS ( 'NONE', 5,
 ( #2298, #2297, #2296, #2295, #2294, #2293, #2292, #2291, #2290, #2289, #2288, #2287, #2286, #2285, #2284, #2283, #2282, #2281, #2280, #2279, #2278, #2277, #2276, #2275, #2274, #2273, #2272, #2271, #2270, #2269, #2268, #2267, #2266, #2265, #2264, #2263, #2262, #2261, #2259, #2258, #2257, #2256, #2255, #2254, #2253 ),
 .UNSPECIFIED., .F., .F.,
 ( 6, 3, 3, 3, 3, 3, 3, 3, 3, 3, 3, 3, 3, 3, 6 ),
 ( 0.0000000000000000000, 11.41717090000000200, 19.08703289999999700, 30.08409799999999400, 45.08087650000001600, 55.64063743999999200, 60.39463473999999400, 74.41270653000000800, 84.18312229000001400, 92.69488845000000800, 104.5771152800000000, 113.9149271099999800, 121.0675593200000000, 134.7080668000000100, 145.2143588024687200 ),
 .UNSPECIFIED. ) ;
#1294 = B_SPLINE_CURVE_WITH_KNOTS ( 'NONE', 3,
 ( #2204, #2203, #2202, #2201, #2200, #2199, #2198, #2197, #2196, #2195, #2194, #2193 ),
 .UNSPECIFIED., .F., .F.,
 ( 4, 2, 2, 2, 2, 4 ),
 ( 8.617350092380739100E-014, 0.002255220526164078100, 0.004510441052241982000, 0.005638051315280934000, 0.006765661578319886000, 0.009020882104397793400 ),
 .UNSPECIFIED. ) ;
#1295 = B_SPLINE_CURVE_WITH_KNOTS ( 'NONE', 5,
 ( #2324, #2323, #2322, #2321, #2320, #2319 ),
 .UNSPECIFIED., .F., .F.,
 ( 6, 6 ),
 ( 0.0000000000000000000, 0.006061329393660849400 ),
 .UNSPECIFIED. ) ;
#1296 = B_SPLINE_CURVE_WITH_KNOTS ( 'NONE', 5,
 ( #2252, #2251, #2250, #2249, #2248, #2247, #2246, #2245, #2244, #2243, #2242, #2241, #2240, #2239, #2238, #2237, #2236, #2235, #2234, #2233, #2232, #2231, #2230, #2229, #2228, #2227, #2226, #2225, #2224, #2223, #2222, #2221, #2220, #2219, #2218, #2217, #2216, #2215, #2214, #2213, #2212, #2211, #2210, #2209, #2208 ),
 .UNSPECIFIED., .F., .F.,
 ( 6, 3, 3, 3, 3, 3, 3, 3, 3, 3, 3, 3, 3, 3, 6 ),
 ( 0.4133585261420026400, 14.99399250000000300, 28.63449998000000500, 35.78713219000000800, 45.12494402000000100, 57.00717085000000800, 65.51893700999998800, 75.28935276999999400, 89.30742456000001500, 94.06142186000001000, 104.6211827999999900, 119.6179613000000000, 130.6150264000000000, 138.2848884000000000, 149.7020593000000000 ),
 .UNSPECIFIED. ) ;
#1297 = B_SPLINE_CURVE_WITH_KNOTS ( 'NONE', 3,
 ( #186, #185, #184, #183, #182, #181, #180, #179, #178, #177, #176, #175, #174, #173, #172, #171, #170, #169 ),
 .UNSPECIFIED., .F., .F.,
 ( 4, 2, 2, 2, 2, 2, 2, 2, 4 ),
 ( 0.008298225481971035300, 0.009287423086665198800, 0.01027662069135936200, 0.01126581829605352600, 0.01225501590074768800, 0.01324421350544184900, 0.01423341111013601300, 0.01522260871483017600, 0.01621180631952434000 ),
 .UNSPECIFIED. ) ;
#1298 = B_SPLINE_CURVE_WITH_KNOTS ( 'NONE', 3,
 ( #203, #202, #201, #199, #198, #197, #196, #195, #194, #193, #192, #191, #190, #189, #188, #187 ),
 .UNSPECIFIED., .F., .F.,
 ( 4, 2, 2, 2, 2, 2, 2, 4 ),
 ( 1.326147090264043000E-013, 0.002053600438175663800, 0.003080400657197188200, 0.004107200876218712300, 0.005134001095240236700, 0.006160801314261761200, 0.007187601533283285600, 0.008214401752304810100 ),
 .UNSPECIFIED. ) ;
#1299 = B_SPLINE_CURVE_WITH_KNOTS ( 'NONE', 3,
 ( #226, #225, #224, #223, #222, #221, #220, #219, #218, #217, #216, #215 ),
 .UNSPECIFIED., .F., .F.,
 ( 4, 2, 2, 2, 2, 4 ),
 ( 1.084202172485504400E-018, 0.002255220526087299200, 0.004510441052174597600, 0.005638051315218247200, 0.006765661578261895000, 0.009020882104349196900 ),
 .UNSPECIFIED. ) ;
#1300 = B_SPLINE_CURVE_WITH_KNOTS ( 'NONE', 5,
 ( #1862, #1861, #1860, #1859, #1857, #1856 ),
 .UNSPECIFIED., .F., .F.,
 ( 6, 6 ),
 ( 0.0000000000000000000, 0.01015412350519605800 ),
 .UNSPECIFIED. ) ;
#1301 = B_SPLINE_CURVE_WITH_KNOTS ( 'NONE', 3,
 ( #240, #239, #238, #237, #236, #235, #234, #233, #232, #231, #230, #229, #228, #227 ),
 .UNSPECIFIED., .F., .F.,
 ( 4, 2, 2, 2, 2, 2, 4 ),
 ( -0.008360270380348783200, -0.006270202785261585700, -0.004180135190174388100, -0.003135101392630791100, -0.002090067595087194100, -0.001045033797543597000, 0.0000000000000000000 ),
 .UNSPECIFIED. ) ;
#1302 = B_SPLINE_CURVE_WITH_KNOTS ( 'NONE', 5,
 ( #1952, #1927, #1922, #1917, #1913, #1906 ),
 .UNSPECIFIED., .F., .F.,
 ( 6, 6 ),
 ( 0.0000000000000000000, 0.004637995260123935200 ),
 .UNSPECIFIED. ) ;
#1303 = B_SPLINE_CURVE_WITH_KNOTS ( 'NONE', 5,
 ( #1797, #1799, #1795, #1794, #1798, #2100 ),
 .UNSPECIFIED., .F., .F.,
 ( 6, 6 ),
 ( 0.0000000000000000000, 0.006061329393660849400 ),
 .UNSPECIFIED. ) ;
#1304 = B_SPLINE_CURVE_WITH_KNOTS ( 'NONE', 5,
 ( #1813, #1816, #1819, #1814, #1812, #1782, #1822, #2342, #2341, #2340, #2337, #2339, #2338, #2334, #2336, #2335, #2344, #2345, #2343, #1899, #1992, #1759, #1767, #2174, #2155, #2149, #2139, #2097, #2090, #2085, #2065, #2061, #2057, #2050, #2046, #2020, #2016, #2013, #2009, #2005, #1999, #1995, #1967, #1964, #1959 ),
 .UNSPECIFIED., .F., .F.,
 ( 6, 3, 3, 3, 3, 3, 3, 3, 3, 3, 3, 3, 3, 3, 6 ),
 ( 0.4133585261505336500, 14.99399250000000100, 28.63449997999999800, 35.78713219000000800, 45.12494402000000100, 57.00717085000000800, 65.51893700999998800, 75.28935276999999400, 89.30742456000001500, 94.06142186000001000, 104.6211827999999900, 119.6179613000000200, 130.6150264000000000, 138.2848884000000000, 149.7020593000000000 ),
 .UNSPECIFIED. ) ;
#1305 = B_SPLINE_CURVE_WITH_KNOTS ( 'NONE', 5,
 ( #1881, #1880, #1826, #1825, #1821, #1820, #1818, #1817, #1793, #1792, #1791, #1790, #1788, #1784, #1770, #1769, #1766, #1761, #1760, #1758, #1694, #1684, #1661, #1560, #1537, #1536, #1509, #1508, #1507, #1500, #1499, #1457, #1456, #1455, #1453, #1452, #1451, #1426, #1425, #1424, #1418, #1417, #1416, #1409, #1396 ),
 .UNSPECIFIED., .F., .F.,
 ( 6, 3, 3, 3, 3, 3, 3, 3, 3, 3, 3, 3, 3, 3, 6 ),
 ( 4.487700498106144100, 14.99399250000000100, 28.63449998000000100, 35.78713219000000800, 45.12494402000000100, 57.00717085000000100, 65.51893700999998800, 75.28935276999999400, 89.30742456000001500, 94.06142186000001000, 104.6211827999999900, 119.6179613000000200, 130.6150264000000000, 138.2848884000000000, 149.7020593000000000 ),
 .UNSPECIFIED. ) ;
#1306 = B_SPLINE_CURVE_WITH_KNOTS ( 'NONE', 3,
 ( #214, #213, #212, #211 ),
 .UNSPECIFIED., .F., .F.,
 ( 4, 4 ),
 ( 0.0000000000000000000, 0.001307885377670163100 ),
 .UNSPECIFIED. ) ;
#1307 = B_SPLINE_CURVE_WITH_KNOTS ( 'NONE', 3,
 ( #2084, #2083, #2082, #2078, #2077, #2076, #2075, #2074, #2073, #2072, #2071, #2070, #2069, #2068, #2067, #2066 ),
 .UNSPECIFIED., .F., .F.,
 ( 4, 2, 2, 2, 2, 2, 2, 4 ),
 ( -0.008277613039960827700, -0.006208209779970618600, -0.005173508149975515800, -0.004138806519980413000, -0.003104104889985310200, -0.002069403259990208200, -0.001034701629995103700, 0.0000000000000000000 ),
 .UNSPECIFIED. ) ;
#1308 = B_SPLINE_CURVE_WITH_KNOTS ( 'NONE', 5,
 ( #2318, #2317, #2316, #2315, #2314, #2313 ),
 .UNSPECIFIED., .F., .F.,
 ( 6, 6 ),
 ( 0.0000000000000000000, 0.004637995260123935200 ),
 .UNSPECIFIED. ) ;
#1309 = B_SPLINE_SURFACE_WITH_KNOTS ( 'NONE', 5, 5, ( 
 ( #1402, #1401, #1400, #1399, #1398, #1397 ),
 ( #1395, #1394, #1391, #1390, #1389, #1386 ),
 ( #1385, #1384, #1383, #1382, #1378, #1377 ),
 ( #1376, #1375, #1372, #1369, #1368, #1367 ),
 ( #1366, #1365, #1364, #1363, #1362, #1361 ),
 ( #1360, #1359, #1358, #1357, #1356, #1355 ),
 ( #1354, #1353, #1352, #1351, #1347, #1346 ),
 ( #1345, #1344, #1343, #1342, #1341, #1340 ),
 ( #1339, #1338, #1337, #1334, #1333, #1332 ),
 ( #1330, #1329, #1328, #1326, #1325, #1323 ),
 ( #1322, #1320, #1319, #1318, #1055, #1020 ),
 ( #1267, #1015, #361, #1268, #200, #1269 ),
 ( #390, #348, #584, #1266, #1265, #1264 ),
 ( #1263, #1262, #1261, #1260, #1259, #1258 ),
 ( #1257, #1256, #1255, #1254, #1253, #1252 ),
 ( #1251, #1250, #1249, #1248, #1247, #1246 ),
 ( #1245, #1244, #1243, #1242, #1241, #1240 ),
 ( #1239, #1238, #1237, #1236, #1235, #1234 ),
 ( #1233, #1232, #1231, #1230, #1229, #1228 ),
 ( #1227, #1226, #1225, #1224, #1223, #1222 ),
 ( #1221, #1220, #1219, #1218, #1217, #1216 ),
 ( #1215, #1214, #1213, #1212, #1211, #1210 ),
 ( #1209, #1208, #1207, #1206, #1205, #1204 ),
 ( #1203, #1202, #1201, #1200, #1199, #1198 ),
 ( #1197, #1196, #1195, #1194, #1193, #1192 ),
 ( #1191, #1190, #1189, #1188, #1187, #1186 ),
 ( #1185, #1184, #1183, #1182, #1181, #1180 ),
 ( #1179, #1178, #1177, #1176, #1175, #1174 ),
 ( #1173, #1172, #1171, #1170, #1169, #1168 ),
 ( #1167, #1166, #1165, #1164, #1163, #1162 ),
 ( #1161, #1160, #1159, #1158, #1157, #1156 ),
 ( #1155, #1154, #1153, #1152, #1151, #1150 ),
 ( #1149, #1148, #1147, #1146, #1145, #1144 ),
 ( #1143, #1142, #1141, #1140, #1139, #1138 ),
 ( #1137, #1136, #1135, #1134, #1133, #1132 ),
 ( #1131, #1130, #1129, #1128, #1127, #1126 ),
 ( #1125, #1124, #1123, #1122, #1121, #1120 ),
 ( #1119, #1118, #1117, #1116, #1115, #1114 ),
 ( #1113, #1112, #1111, #1110, #1109, #1108 ),
 ( #1107, #1106, #1105, #1104, #1103, #1102 ),
 ( #1101, #1100, #1099, #1098, #1097, #1096 ),
 ( #1095, #1094, #1093, #1092, #1091, #1090 ),
 ( #1089, #1088, #1087, #1086, #1085, #1084 ),
 ( #1083, #1082, #1081, #1080, #1079, #1078 ),
 ( #1077, #1076, #1075, #1074, #1073, #1072 ) ),
 .UNSPECIFIED., .F., .F., .F.,
 ( 6, 3, 3, 3, 3, 3, 3, 3, 3, 3, 3, 3, 3, 3, 6 ),
 ( 6, 6 ),
 ( 0.0000000000000000000, 14.99399250000000100, 28.63449998000000100, 35.78713219000000800, 45.12494402000000100, 57.00717085000000100, 65.51893700999998800, 75.28935276999999400, 89.30742456000001500, 94.06142186000001000, 104.6211827999999900, 119.6179613000000000, 130.6150264000000000, 138.2848884000000000, 149.7020593000000000 ),
 ( 1.556463623000000000, 9.229833293000000400 ),
 .UNSPECIFIED. ) ;
#1310 = B_SPLINE_SURFACE_WITH_KNOTS ( 'NONE', 5, 5, ( 
 ( #1071, #1070, #1069, #1068, #1067, #1066 ),
 ( #1065, #1064, #1063, #1062, #1061, #1060 ),
 ( #1059, #1058, #1057, #1056, #1054, #1053 ),
 ( #1052, #1051, #1050, #1049, #1048, #1047 ),
 ( #1046, #1045, #1044, #1043, #1042, #1041 ),
 ( #1040, #1039, #1038, #1037, #1036, #1035 ),
 ( #1034, #1033, #1032, #1031, #1030, #1029 ),
 ( #1028, #1027, #1026, #1025, #1024, #1023 ),
 ( #1022, #1021, #1019, #1018, #1017, #1016 ),
 ( #1014, #1013, #1012, #1011, #1010, #1009 ),
 ( #1008, #1007, #1006, #1005, #1004, #1003 ),
 ( #1002, #1001, #1000, #999, #998, #997 ),
 ( #996, #995, #994, #993, #992, #991 ),
 ( #990, #989, #988, #987, #986, #985 ),
 ( #984, #983, #982, #981, #980, #979 ),
 ( #978, #977, #976, #975, #974, #973 ),
 ( #972, #971, #970, #969, #968, #967 ),
 ( #966, #965, #964, #963, #962, #961 ),
 ( #960, #959, #958, #957, #956, #955 ),
 ( #954, #953, #952, #951, #950, #949 ),
 ( #948, #947, #946, #945, #944, #943 ),
 ( #942, #941, #940, #939, #938, #937 ),
 ( #936, #935, #934, #933, #932, #931 ),
 ( #930, #929, #928, #927, #926, #925 ),
 ( #924, #923, #922, #921, #920, #919 ),
 ( #918, #917, #916, #915, #914, #913 ),
 ( #912, #911, #910, #909, #908, #907 ),
 ( #906, #905, #904, #903, #902, #901 ),
 ( #900, #899, #898, #897, #896, #895 ),
 ( #894, #893, #892, #891, #890, #889 ),
 ( #888, #887, #886, #885, #884, #883 ),
 ( #882, #881, #880, #879, #878, #877 ),
 ( #876, #875, #874, #873, #872, #871 ),
 ( #870, #869, #868, #867, #866, #865 ),
 ( #864, #863, #862, #861, #860, #859 ),
 ( #858, #857, #856, #855, #854, #853 ),
 ( #852, #851, #850, #849, #848, #847 ),
 ( #846, #845, #844, #843, #842, #841 ),
 ( #840, #839, #838, #837, #836, #835 ),
 ( #834, #833, #832, #831, #830, #829 ),
 ( #828, #827, #826, #825, #824, #823 ),
 ( #822, #821, #820, #819, #818, #817 ),
 ( #816, #815, #814, #813, #812, #811 ),
 ( #810, #809, #808, #807, #806, #805 ),
 ( #804, #803, #802, #801, #800, #799 ) ),
 .UNSPECIFIED., .F., .F., .F.,
 ( 6, 3, 3, 3, 3, 3, 3, 3, 3, 3, 3, 3, 3, 3, 6 ),
 ( 6, 6 ),
 ( 0.0000000000000000000, 14.99399250000000100, 28.63449998000000100, 35.78713219000000800, 45.12494402000000100, 57.00717085000000100, 65.51893700999998800, 75.28935276999999400, 89.30742456000001500, 94.06142186000001000, 104.6211827999999900, 119.6179613000000000, 130.6150264000000000, 138.2848884000000000, 149.7020593000000000 ),
 ( 3.604415395999999800, 17.74551918999999600 ),
 .UNSPECIFIED. ) ;
#1311 = B_SPLINE_SURFACE_WITH_KNOTS ( 'NONE', 5, 5, ( 
 ( #791, #790, #789, #788, #787, #786 ),
 ( #785, #784, #783, #782, #781, #780 ),
 ( #779, #778, #777, #776, #775, #774 ),
 ( #773, #772, #771, #770, #769, #768 ),
 ( #767, #766, #765, #764, #763, #762 ),
 ( #761, #760, #759, #758, #757, #756 ),
 ( #755, #754, #753, #752, #751, #750 ),
 ( #749, #748, #747, #746, #745, #744 ),
 ( #743, #742, #741, #740, #739, #738 ),
 ( #737, #736, #735, #734, #733, #732 ),
 ( #731, #730, #729, #728, #727, #726 ),
 ( #725, #724, #723, #722, #721, #720 ),
 ( #719, #718, #717, #716, #715, #714 ),
 ( #713, #712, #711, #710, #709, #708 ),
 ( #707, #706, #705, #704, #703, #702 ),
 ( #701, #700, #699, #698, #697, #696 ),
 ( #695, #694, #693, #692, #691, #690 ),
 ( #689, #688, #687, #686, #685, #684 ),
 ( #683, #682, #681, #680, #679, #678 ),
 ( #677, #676, #675, #674, #673, #672 ),
 ( #671, #670, #669, #668, #667, #666 ),
 ( #665, #664, #663, #662, #661, #660 ),
 ( #659, #658, #657, #656, #655, #654 ),
 ( #653, #652, #651, #650, #649, #648 ),
 ( #647, #646, #645, #644, #643, #642 ),
 ( #641, #640, #639, #638, #637, #636 ),
 ( #635, #634, #633, #632, #631, #630 ),
 ( #629, #628, #627, #626, #625, #624 ),
 ( #623, #622, #621, #620, #619, #618 ),
 ( #617, #616, #615, #614, #613, #612 ),
 ( #611, #610, #609, #608, #607, #606 ),
 ( #605, #604, #603, #602, #601, #600 ),
 ( #599, #598, #597, #596, #595, #594 ),
 ( #593, #592, #591, #590, #589, #588 ),
 ( #587, #586, #585, #583, #582, #581 ),
 ( #580, #579, #578, #577, #576, #575 ),
 ( #574, #573, #572, #571, #570, #569 ),
 ( #568, #567, #566, #565, #564, #563 ),
 ( #562, #561, #560, #559, #558, #557 ),
 ( #556, #555, #554, #553, #552, #551 ),
 ( #550, #549, #548, #547, #546, #545 ),
 ( #544, #543, #542, #541, #540, #539 ),
 ( #538, #537, #536, #535, #534, #533 ),
 ( #532, #531, #530, #529, #528, #527 ),
 ( #526, #525, #524, #523, #522, #521 ) ),
 .UNSPECIFIED., .F., .F., .F.,
 ( 6, 3, 3, 3, 3, 3, 3, 3, 3, 3, 3, 3, 3, 3, 6 ),
 ( 6, 6 ),
 ( 0.0000000000000000000, 14.99399250000000100, 28.63449998000000100, 35.78713219000000800, 45.12494402000000100, 57.00717085000000100, 65.51893700999998800, 75.28935276999999400, 89.30742456000001500, 94.06142186000001000, 104.6211827999999900, 119.6179613000000000, 130.6150264000000000, 138.2848884000000000, 149.7020593000000000 ),
 ( 1.556463623000000000, 9.229833293000000400 ),
 .UNSPECIFIED. ) ;
#1312 = B_SPLINE_SURFACE_WITH_KNOTS ( 'NONE', 5, 5, ( 
 ( #1764, #1762, #1757, #1756, #1754, #1753 ),
 ( #1752, #1750, #1749, #1748, #1746, #1745 ),
 ( #1744, #1742, #1741, #1740, #1738, #1737 ),
 ( #1736, #1734, #1733, #1732, #1730, #1729 ),
 ( #1727, #1726, #1725, #1723, #1722, #1721 ),
 ( #1719, #1718, #1717, #1715, #1714, #1713 ),
 ( #1711, #1710, #1709, #1707, #1706, #1705 ),
 ( #1703, #1702, #1701, #1699, #1698, #1697 ),
 ( #1695, #1693, #1691, #1690, #1689, #1687 ),
 ( #1686, #1685, #1683, #1682, #1681, #1680 ),
 ( #1679, #1678, #1677, #1676, #1675, #1674 ),
 ( #1673, #1672, #1671, #1666, #1665, #1663 ),
 ( #1662, #1660, #1658, #1657, #1656, #1654 ),
 ( #1653, #1652, #1650, #1649, #1647, #1646 ),
 ( #1645, #1643, #1642, #1640, #1639, #1638 ),
 ( #1636, #1635, #1634, #1632, #1631, #1630 ),
 ( #1628, #1627, #1625, #1624, #1623, #1621 ),
 ( #1620, #1619, #1617, #1616, #1614, #1613 ),
 ( #1612, #1610, #1609, #1607, #1606, #1604 ),
 ( #1603, #1602, #1600, #1599, #1598, #1596 ),
 ( #1595, #1594, #1592, #1591, #1589, #1588 ),
 ( #1586, #1585, #1583, #1582, #1581, #1579 ),
 ( #1578, #1577, #1575, #1574, #1573, #1572 ),
 ( #1571, #1570, #1569, #1568, #1567, #1566 ),
 ( #1565, #1564, #1563, #1562, #1561, #1559 ),
 ( #1558, #1557, #1556, #1555, #1554, #1553 ),
 ( #1552, #1551, #1550, #1549, #1548, #1547 ),
 ( #1546, #1545, #1544, #1543, #1542, #1541 ),
 ( #1540, #1539, #1538, #1535, #1534, #1533 ),
 ( #1532, #1531, #1530, #1529, #1528, #1527 ),
 ( #1526, #1525, #1524, #1523, #1522, #1521 ),
 ( #1520, #1519, #1518, #1517, #1516, #1515 ),
 ( #1514, #1513, #1512, #1511, #1510, #1506 ),
 ( #1505, #1504, #1503, #1502, #1501, #1498 ),
 ( #1497, #1496, #1495, #1494, #1493, #1492 ),
 ( #1491, #1490, #1489, #1488, #1487, #1486 ),
 ( #1485, #1484, #1483, #1482, #1481, #1480 ),
 ( #1479, #1478, #1477, #1476, #1475, #1474 ),
 ( #1473, #1472, #1471, #1470, #1469, #1468 ),
 ( #1467, #1466, #1465, #1464, #1463, #1462 ),
 ( #1460, #1459, #1458, #1450, #1449, #1448 ),
 ( #1446, #1445, #1443, #1442, #1440, #1439 ),
 ( #1438, #1436, #1435, #1433, #1432, #1430 ),
 ( #1429, #1428, #1423, #1422, #1421, #1419 ),
 ( #1415, #1413, #1412, #1411, #1408, #1407 ) ),
 .UNSPECIFIED., .F., .F., .F.,
 ( 6, 3, 3, 3, 3, 3, 3, 3, 3, 3, 3, 3, 3, 3, 6 ),
 ( 6, 6 ),
 ( 0.0000000000000000000, 14.99399250000000100, 28.63449998000000100, 35.78713219000000800, 45.12494402000000100, 57.00717085000000100, 65.51893700999998800, 75.28935276999999400, 89.30742456000001500, 94.06142186000001000, 104.6211827999999900, 119.6179613000000000, 130.6150264000000000, 138.2848884000000000, 149.7020593000000000 ),
 ( 4.025016776999998500, 12.79988991000000100 ),
 .UNSPECIFIED. ) ;
#1313 = B_SPLINE_SURFACE_WITH_KNOTS ( 'NONE', 5, 5, ( 
 ( #513, #512, #511, #510, #509, #508 ),
 ( #507, #506, #505, #504, #503, #502 ),
 ( #501, #500, #499, #498, #497, #496 ),
 ( #495, #494, #493, #492, #491, #490 ),
 ( #489, #488, #487, #486, #485, #484 ),
 ( #483, #482, #481, #480, #479, #478 ),
 ( #477, #476, #475, #474, #473, #472 ),
 ( #471, #470, #469, #468, #467, #466 ),
 ( #465, #464, #463, #462, #461, #460 ),
 ( #459, #458, #457, #456, #455, #454 ),
 ( #453, #452, #451, #450, #449, #448 ),
 ( #447, #446, #445, #444, #443, #442 ),
 ( #441, #440, #439, #438, #437, #436 ),
 ( #435, #434, #433, #432, #431, #430 ),
 ( #429, #428, #427, #426, #425, #424 ),
 ( #423, #422, #421, #420, #419, #418 ),
 ( #417, #416, #415, #414, #413, #412 ),
 ( #411, #410, #409, #408, #407, #406 ),
 ( #405, #404, #403, #402, #401, #400 ),
 ( #399, #398, #397, #396, #395, #394 ),
 ( #393, #392, #391, #389, #388, #387 ),
 ( #386, #385, #384, #383, #382, #381 ),
 ( #380, #379, #378, #377, #376, #375 ),
 ( #374, #373, #372, #371, #370, #369 ),
 ( #368, #367, #366, #365, #364, #363 ),
 ( #362, #360, #359, #358, #357, #356 ),
 ( #355, #354, #353, #352, #351, #350 ),
 ( #349, #347, #346, #345, #344, #343 ),
 ( #342, #341, #340, #339, #338, #337 ),
 ( #336, #335, #334, #333, #332, #331 ),
 ( #330, #329, #328, #327, #326, #325 ),
 ( #324, #323, #322, #321, #320, #319 ),
 ( #318, #317, #316, #315, #314, #313 ),
 ( #312, #311, #310, #309, #308, #307 ),
 ( #306, #305, #304, #303, #302, #301 ),
 ( #300, #299, #298, #297, #296, #295 ),
 ( #294, #293, #292, #291, #290, #289 ),
 ( #288, #287, #286, #285, #284, #283 ),
 ( #282, #281, #280, #279, #278, #277 ),
 ( #276, #275, #274, #273, #272, #271 ),
 ( #270, #269, #268, #267, #266, #265 ),
 ( #264, #263, #262, #261, #260, #259 ),
 ( #258, #257, #256, #255, #254, #253 ),
 ( #252, #251, #250, #249, #248, #247 ),
 ( #246, #245, #244, #243, #242, #241 ) ),
 .UNSPECIFIED., .F., .F., .F.,
 ( 6, 3, 3, 3, 3, 3, 3, 3, 3, 3, 3, 3, 3, 3, 6 ),
 ( 6, 6 ),
 ( 0.0000000000000000000, 14.99399250000000100, 28.63449998000000100, 35.78713219000000800, 45.12494402000000100, 57.00717085000000100, 65.51893700999998800, 75.28935276999999400, 89.30742456000001500, 94.06142186000001000, 104.6211827999999900, 119.6179613000000000, 130.6150264000000000, 138.2848884000000000, 149.7020593000000000 ),
 ( 4.025016776999998500, 12.79988991000000100 ),
 .UNSPECIFIED. ) ;
#1314 = B_SPLINE_SURFACE_WITH_KNOTS ( 'NONE', 5, 5, ( 
 ( #1888, #1884, #1883, #1875, #1873, #1867 ),
 ( #1863, #1858, #1855, #1852, #1850, #1846 ),
 ( #1843, #1838, #1837, #1836, #1831, #1780 ),
 ( #1777, #1773, #1768, #1763, #1755, #1751 ),
 ( #1747, #1743, #1739, #1735, #1731, #1728 ),
 ( #1724, #1720, #1716, #1712, #1708, #1704 ),
 ( #1700, #1696, #1692, #1688, #1667, #1664 ),
 ( #1659, #1655, #1651, #1648, #1644, #1641 ),
 ( #1637, #1633, #1629, #1626, #1622, #1618 ),
 ( #1615, #1611, #1608, #1605, #1601, #1597 ),
 ( #1593, #1590, #1587, #1584, #1580, #1576 ),
 ( #1461, #1454, #1447, #1444, #1441, #1437 ),
 ( #1434, #1431, #1427, #1420, #1414, #1410 ),
 ( #1371, #1670, #1669, #1668, #1934, #1933 ),
 ( #1932, #1975, #1969, #1968, #2028, #2026 ),
 ( #2022, #2102, #2099, #2098, #2176, #2175 ),
 ( #2173, #2158, #2156, #2154, #2153, #2150 ),
 ( #2148, #2141, #2140, #2135, #2134, #2133 ),
 ( #2131, #2130, #2129, #2125, #2124, #2123 ),
 ( #2122, #2119, #2109, #2108, #2107, #2104 ),
 ( #2103, #2095, #2094, #2093, #2089, #2088 ),
 ( #2087, #2086, #2081, #2080, #2079, #2064 ),
 ( #2063, #2062, #2060, #2059, #2058, #2056 ),
 ( #2055, #2054, #2053, #2049, #2048, #2047 ),
 ( #2045, #2044, #2043, #2042, #2041, #2040 ),
 ( #2039, #2038, #2037, #2036, #2035, #2034 ),
 ( #2033, #2032, #2031, #2030, #2029, #2027 ),
 ( #2021, #2019, #2018, #2017, #2015, #2014 ),
 ( #2012, #2011, #2010, #2008, #2007, #2006 ),
 ( #2002, #2001, #2000, #1998, #1997, #1996 ),
 ( #1994, #1993, #1989, #1988, #1987, #1986 ),
 ( #1985, #1984, #1983, #1982, #1981, #1980 ),
 ( #1979, #1978, #1977, #1976, #1974, #1966 ),
 ( #1965, #1963, #1962, #1961, #1960, #1958 ),
 ( #1957, #1956, #1955, #1954, #1953, #1951 ),
 ( #1950, #1949, #1947, #1946, #1945, #1944 ),
 ( #1943, #1942, #1941, #1940, #1939, #1938 ),
 ( #1937, #1936, #1935, #1931, #1930, #1926 ),
 ( #1925, #1924, #1923, #1921, #1920, #1919 ),
 ( #1918, #1916, #1915, #1914, #1912, #1909 ),
 ( #1908, #1907, #1905, #1904, #1903, #1902 ),
 ( #1901, #1900, #1897, #1896, #1895, #1893 ),
 ( #1892, #1891, #1890, #1889, #1887, #1886 ),
 ( #1885, #1882, #1879, #1878, #1877, #1876 ),
 ( #1874, #1872, #1871, #1870, #1869, #1868 ) ),
 .UNSPECIFIED., .F., .F., .F.,
 ( 6, 3, 3, 3, 3, 3, 3, 3, 3, 3, 3, 3, 3, 3, 6 ),
 ( 6, 6 ),
 ( 0.0000000000000000000, 14.99399250000000100, 28.63449998000000100, 35.78713219000000800, 45.12494402000000100, 57.00717085000000100, 65.51893700999998800, 75.28935276999999400, 89.30742456000001500, 94.06142186000001000, 104.6211827999999900, 119.6179613000000000, 130.6150264000000000, 138.2848884000000000, 149.7020593000000000 ),
 ( 3.604415395999999800, 17.74551918999999600 ),
 .UNSPECIFIED. ) ;
#1315 = CARTESIAN_POINT ( 'NONE',  ( -82.40763862000001400, 15.96505515000000100, -0.08497697677000003200 ) ) ;
#1316 = CARTESIAN_POINT ( 'NONE',  ( -85.20551069000001100, 16.39353576000000200, -0.1225017736000000200 ) ) ;
#1317 = CARTESIAN_POINT ( 'NONE',  ( -88.93744532000002300, 16.95003629999999700, -0.09028127656000004000 ) ) ;
#1318 = CARTESIAN_POINT ( 'NONE',  ( 38.01072656999999600, -2.936086104999999300, 6.488768854000000800 ) ) ;
#1319 = CARTESIAN_POINT ( 'NONE',  ( 38.01072656999999600, -4.655207191000000600, 4.596034919999999200 ) ) ;
#1320 = CARTESIAN_POINT ( 'NONE',  ( 38.01072656999999600, -5.864270891000000300, 2.378906784999999900 ) ) ;
#1321 = CARTESIAN_POINT ( 'NONE',  ( -92.66937994999999300, 17.47050541000000100, 0.05655357106000001600 ) ) ;
#1322 = CARTESIAN_POINT ( 'NONE',  ( 38.01072656999999600, -6.516668209000001400, 0.006578762976000001500 ) ) ;
#1323 = CARTESIAN_POINT ( 'NONE',  ( 34.73824061000000500, 1.005655003000000000, 8.921925892999999200 ) ) ;
#1324 = CARTESIAN_POINT ( 'NONE',  ( -93.61546706000000000, 17.59977849000000200, 0.1012608264000000200 ) ) ;
#1325 = CARTESIAN_POINT ( 'NONE',  ( 34.73824061000000500, -1.084318348000000000, 7.871561545999999700 ) ) ;
#1326 = CARTESIAN_POINT ( 'NONE',  ( 34.73824061000000500, -2.946294184999999700, 6.361852983000000300 ) ) ;
#1327 = CARTESIAN_POINT ( 'NONE',  ( -96.65073190999997600, 18.00493523000000100, 0.2664366353000000600 ) ) ;
#1328 = CARTESIAN_POINT ( 'NONE',  ( 34.73824061000000500, -4.436245815000001300, 4.456735746999999700 ) ) ;
#1329 = CARTESIAN_POINT ( 'NONE',  ( 34.73824061000000500, -5.445875306999999700, 2.287513622000000500 ) ) ;
#1330 = CARTESIAN_POINT ( 'NONE',  ( 34.73824061000000500, -5.940991463000000500, 0.003159202565000001500 ) ) ;
#1331 = CARTESIAN_POINT ( 'NONE',  ( -99.68599674999998700, 18.37550110000000100, 0.4916552019999999600 ) ) ;
#1332 = CARTESIAN_POINT ( 'NONE',  ( 33.31486616999999500, 0.8285815449999999200, 8.966740852000002700 ) ) ;
#1333 = CARTESIAN_POINT ( 'NONE',  ( 33.31486616999999500, -1.187614725000000000, 7.871015832000000300 ) ) ;
#1334 = CARTESIAN_POINT ( 'NONE',  ( 33.31486616999999500, -2.964493960000000000, 6.331247920000001800 ) ) ;
#1335 = CARTESIAN_POINT ( 'NONE',  ( -101.7713962999999900, 18.60982314000000300, 0.6641213907000000900 ) ) ;
#1336 = CARTESIAN_POINT ( 'NONE',  ( -106.8278862999999900, 19.11883898000000300, 1.079685329000000100 ) ) ;
#1337 = CARTESIAN_POINT ( 'NONE',  ( 33.31486616999999500, -4.366046940999999600, 4.415973482000000900 ) ) ;
#1338 = CARTESIAN_POINT ( 'NONE',  ( 33.31486616999999500, -5.292512002999999700, 2.257044978000000100 ) ) ;
#1339 = CARTESIAN_POINT ( 'NONE',  ( 33.31486616999999500, -5.715478709000001000, 0.001507561454000000500 ) ) ;
#1340 = CARTESIAN_POINT ( 'NONE',  ( 29.16886464000000200, 0.3905156589000000600, 9.084466928000001200 ) ) ;
#1341 = CARTESIAN_POINT ( 'NONE',  ( 29.16886464000000200, -1.453516408999999900, 7.888614744999999900 ) ) ;
#1342 = CARTESIAN_POINT ( 'NONE',  ( 29.16886464000000200, -3.024786792000000400, 6.275137085000000800 ) ) ;
#1343 = CARTESIAN_POINT ( 'NONE',  ( 29.16886464000000200, -4.203839092000000800, 4.327181770999998500 ) ) ;
#1344 = CARTESIAN_POINT ( 'NONE',  ( 29.16886464000000200, -4.910692866999999900, 2.184890356000000400 ) ) ;
#1345 = CARTESIAN_POINT ( 'NONE',  ( 29.16886464000000200, -5.134127813999999300, -0.002704434865000000400 ) ) ;
#1346 = CARTESIAN_POINT ( 'NONE',  ( 25.02286311000000700, 0.1703982052000000100, 9.143152381999998500 ) ) ;
#1347 = CARTESIAN_POINT ( 'NONE',  ( 25.02286311000000700, -1.592797878000000100, 7.910316973000000500 ) ) ;
#1348 = CARTESIAN_POINT ( 'NONE',  ( -111.8843762999999900, 19.44940802999999700, 1.451103618999999700 ) ) ;
#1349 = CARTESIAN_POINT ( 'NONE',  ( -114.8612759000000200, 19.56526504000000000, 1.635860815999999900 ) ) ;
#1350 = CARTESIAN_POINT ( 'NONE',  ( -120.0080568000000100, 19.58605695000000000, 1.947050609999999800 ) ) ;
#1351 = CARTESIAN_POINT ( 'NONE',  ( 25.02286311000000700, -3.059434925000000100, 6.260909491000000500 ) ) ;
#1352 = CARTESIAN_POINT ( 'NONE',  ( 25.02286311000000700, -4.113090611999999700, 4.289126306000000000 ) ) ;
#1353 = CARTESIAN_POINT ( 'NONE',  ( 25.02286311000000700, -4.681502795000001000, 2.148023236000000200 ) ) ;
#1354 = CARTESIAN_POINT ( 'NONE',  ( 25.02286311000000700, -4.765880931999999100, -0.004178507785000000500 ) ) ;
#1355 = CARTESIAN_POINT ( 'NONE',  ( 22.29981898000000100, 0.1148579676999999900, 9.138530792999999300 ) ) ;
#1356 = CARTESIAN_POINT ( 'NONE',  ( 22.29981898000000100, -1.618417937000000300, 7.894783643999999400 ) ) ;
#1357 = CARTESIAN_POINT ( 'NONE',  ( 22.29981898000000100, -3.048787151000000400, 6.237617694000000800 ) ) ;
#1358 = CARTESIAN_POINT ( 'NONE',  ( 22.29981898000000100, -4.058967133000000300, 4.263890775999999300 ) ) ;
#1359 = CARTESIAN_POINT ( 'NONE',  ( 22.29981898000000100, -4.578165881000000300, 2.130279125999999600 ) ) ;
#1360 = CARTESIAN_POINT ( 'NONE',  ( 22.29981898000000100, -4.611284228999998900, -0.003109272331000000600 ) ) ;
#1361 = CARTESIAN_POINT ( 'NONE',  ( 16.57961972000000000, -0.01507441396000000300, 8.983321250999999600 ) ) ;
#1362 = CARTESIAN_POINT ( 'NONE',  ( 16.57961972000000000, -1.682936014999999900, 7.741570203000000200 ) ) ;
#1363 = CARTESIAN_POINT ( 'NONE',  ( 16.57961972000000000, -3.055460044999999800, 6.105038429999999600 ) ) ;
#1364 = CARTESIAN_POINT ( 'NONE',  ( 16.57961972000000000, -4.007977851999998900, 4.166099361999999800 ) ) ;
#1365 = CARTESIAN_POINT ( 'NONE',  ( 16.57961972000000000, -4.465308175000000500, 2.079268102999999100 ) ) ;
#1366 = CARTESIAN_POINT ( 'NONE',  ( 16.57961972000000000, -4.431705022000000900, 0.0003395417530000001400 ) ) ;
#1367 = CARTESIAN_POINT ( 'NONE',  ( 10.85942047000000200, -0.4054304747000000400, 8.451333998000000800 ) ) ;
#1368 = CARTESIAN_POINT ( 'NONE',  ( 10.85942048000000100, -1.928051341999999800, 7.239129307000000700 ) ) ;
#1369 = CARTESIAN_POINT ( 'NONE',  ( 10.85942048000000100, -3.195263131999999600, 5.693895518999998900 ) ) ;
#1370 = CARTESIAN_POINT ( 'NONE',  ( -125.1548375999999800, 19.33869528000000000, 2.273460638000000400 ) ) ;
#1371 = CARTESIAN_POINT ( 'NONE',  ( -47.34038870999999900, -6.985392793000001700, 7.079128443000001000 ) ) ;
#1372 = CARTESIAN_POINT ( 'NONE',  ( 10.85942048000000100, -4.087682370999999600, 3.888120757000001100 ) ) ;
#1373 = CARTESIAN_POINT ( 'NONE',  ( -127.3372921000000000, 19.19109864000000300, 2.418541548000000300 ) ) ;
#1374 = CARTESIAN_POINT ( 'NONE',  ( -131.0070173000000300, 18.90153695000000100, 2.670687965000000400 ) ) ;
#1375 = CARTESIAN_POINT ( 'NONE',  ( 10.85942048000000100, -4.529750850999999300, 1.948591541999999700 ) ) ;
#1376 = CARTESIAN_POINT ( 'NONE',  ( 10.85942048000000100, -4.515678804000000200, 0.003010457068000000800 ) ) ;
#1377 = CARTESIAN_POINT ( 'NONE',  ( 7.893326600000000000, -0.7505680244000001400, 8.049827069999999200 ) ) ;
#1378 = CARTESIAN_POINT ( 'NONE',  ( 7.893326600000000000, -2.130600322999999500, 6.841489793000000900 ) ) ;
#1379 = CARTESIAN_POINT ( 'NONE',  ( -134.6767424999999900, 18.58311451999999900, 2.930630984999999600 ) ) ;
#1380 = CARTESIAN_POINT ( 'NONE',  ( -136.1811064000000300, 18.45279982999999600, 3.037746718000000200 ) ) ;
#1381 = CARTESIAN_POINT ( 'NONE',  ( -139.8804493000000700, 18.14213137999999900, 3.300731988000000300 ) ) ;
#1382 = CARTESIAN_POINT ( 'NONE',  ( 7.893326600000000000, -3.281181608000000700, 5.355803838999999100 ) ) ;
#1383 = CARTESIAN_POINT ( 'NONE',  ( 7.893326601000000900, -4.109977959999999300, 3.653503681000000100 ) ) ;
#1384 = CARTESIAN_POINT ( 'NONE',  ( 7.893326600000000000, -4.558264809999999800, 1.835358373000000000 ) ) ;
#1385 = CARTESIAN_POINT ( 'NONE',  ( 7.893326600000000000, -4.619565818999999100, 0.003173780181000001200 ) ) ;
#1386 = CARTESIAN_POINT ( 'NONE',  ( 4.946663294000002200, -1.234698967000000100, 7.527331922999999300 ) ) ;
#1387 = CARTESIAN_POINT ( 'NONE',  ( -143.5797921999999900, 17.86731707999999900, 3.560816822999999700 ) ) ;
#1388 = CARTESIAN_POINT ( 'NONE',  ( -145.7459963000000000, 17.72600130000000000, 3.710928552000000400 ) ) ;
#1389 = CARTESIAN_POINT ( 'NONE',  ( 4.946663294000002200, -2.448328192000000000, 6.340350671999999600 ) ) ;
#1390 = CARTESIAN_POINT ( 'NONE',  ( 4.946663294000002200, -3.460711684000000500, 4.935991000000000500 ) ) ;
#1391 = CARTESIAN_POINT ( 'NONE',  ( 4.946663294000002200, -4.208384813999999500, 3.362519274999999900 ) ) ;
#1392 = CARTESIAN_POINT ( 'NONE',  ( -147.8729981000000200, 17.60417986999999900, 3.856443569999999300 ) ) ;
#1393 = CARTESIAN_POINT ( 'NONE',  ( -150.0000000000000000, 17.50000000000000000, 4.000000000000000000 ) ) ;
#1394 = CARTESIAN_POINT ( 'NONE',  ( 4.946663294000002200, -4.650621202000000000, 1.693111692999999900 ) ) ;
#1395 = CARTESIAN_POINT ( 'NONE',  ( 4.946663294000002200, -4.780356734000000600, 0.002178446929000000300 ) ) ;
#1396 = CARTESIAN_POINT ( 'NONE',  ( -150.0000000000000000, 11.93303287000000200, 6.358771187000000300 ) ) ;
#1397 = CARTESIAN_POINT ( 'NONE',  ( 2.000000000000000000, -1.866689753000000000, 6.875241152000001000 ) ) ;
#1398 = CARTESIAN_POINT ( 'NONE',  ( 2.000000000000000000, -2.892198260999999900, 5.733507215000000400 ) ) ;
#1399 = CARTESIAN_POINT ( 'NONE',  ( 2.000000000000000000, -3.744063787000000400, 4.435799541000000600 ) ) ;
#1400 = CARTESIAN_POINT ( 'NONE',  ( 2.000000000000000000, -4.390538388999999600, 3.017277776000000200 ) ) ;
#1401 = CARTESIAN_POINT ( 'NONE',  ( 2.000000000000000000, -4.811086368999999000, 1.523002207000000000 ) ) ;
#1402 = CARTESIAN_POINT ( 'NONE',  ( 2.000000000000000000, -5.000000000000000000, -2.072282493999999100E-027 ) ) ;
#1403 = DIRECTION ( 'NONE',  ( 1.000000000000000000, 0.0000000000000000000, -0.0000000000000000000 ) ) ;
#1404 = DIRECTION ( 'NONE',  ( 0.0000000000000000000, 0.0000000000000000000, 1.000000000000000000 ) ) ;
#1405 = CARTESIAN_POINT ( 'NONE',  ( 0.0000000000000000000, 0.0000000000000000000, 10.00000000000000000 ) ) ;
#1406 = PLANE ( 'NONE',  #2380 ) ;
#1407 = CARTESIAN_POINT ( 'NONE',  ( 150.0000000000000000, -7.500000000000000000, 5.599999999999999600 ) ) ;
#1408 = CARTESIAN_POINT ( 'NONE',  ( 150.0000000000000000, -8.269622618000001400, 6.116118001000000200 ) ) ;
#1409 = CARTESIAN_POINT ( 'NONE',  ( -147.8729981000000200, 10.75431154999999900, 6.520569335000000200 ) ) ;
#1410 = CARTESIAN_POINT ( 'NONE',  ( -43.13153159000000200, 7.643484527999998300, 0.006445026250000002000 ) ) ;
#1411 = CARTESIAN_POINT ( 'NONE',  ( 150.0000000000000000, -9.147928449999996700, 6.470210205000000800 ) ) ;
#1412 = CARTESIAN_POINT ( 'NONE',  ( 150.0000000000000000, -10.08949747000000100, 6.631371980000000800 ) ) ;
#1413 = CARTESIAN_POINT ( 'NONE',  ( 150.0000000000000000, -11.03556988000000100, 6.589545819999999700 ) ) ;
#1414 = CARTESIAN_POINT ( 'NONE',  ( -43.13153159000000200, 5.740974745999999100, 2.866000853999999700 ) ) ;
#1415 = CARTESIAN_POINT ( 'NONE',  ( 150.0000000000000000, -11.93303287000000200, 6.358771187000000300 ) ) ;
#1416 = CARTESIAN_POINT ( 'NONE',  ( -145.7459963000000000, 9.680547995000001300, 6.654708214999999400 ) ) ;
#1417 = CARTESIAN_POINT ( 'NONE',  ( -143.5797921999999900, 8.683408908000000500, 6.765909520999999300 ) ) ;
#1418 = CARTESIAN_POINT ( 'NONE',  ( -139.8804493000000700, 7.154636801999998900, 6.909943444000001400 ) ) ;
#1419 = CARTESIAN_POINT ( 'NONE',  ( 147.8729981000000200, -6.487563880000000600, 5.564831533999998700 ) ) ;
#1420 = CARTESIAN_POINT ( 'NONE',  ( -43.13153159000000200, 3.097512352999999900, 5.232216465000000500 ) ) ;
#1421 = CARTESIAN_POINT ( 'NONE',  ( 147.8729981000000200, -7.215407489000000400, 6.090792602000000500 ) ) ;
#1422 = CARTESIAN_POINT ( 'NONE',  ( 147.8729981000000200, -8.048352740999996900, 6.461961929000001000 ) ) ;
#1423 = CARTESIAN_POINT ( 'NONE',  ( 147.8729981000000200, -8.948672329999999100, 6.656577459999999400 ) ) ;
#1424 = CARTESIAN_POINT ( 'NONE',  ( -136.1811064000000300, 5.881310187000000400, 6.987050822999999700 ) ) ;
#1425 = CARTESIAN_POINT ( 'NONE',  ( -134.6767424999999900, 5.402166917999999800, 7.008338962999999900 ) ) ;
#1426 = CARTESIAN_POINT ( 'NONE',  ( -131.0070173000000300, 4.324161517999998600, 7.036621971000000600 ) ) ;
#1427 = CARTESIAN_POINT ( 'NONE',  ( -43.13153159000000200, -0.1182384366000000100, 6.845449215999999600 ) ) ;
#1428 = CARTESIAN_POINT ( 'NONE',  ( 147.8729981000000200, -9.866210110000000800, 6.670432780000000500 ) ) ;
#1429 = CARTESIAN_POINT ( 'NONE',  ( 147.8729981000000200, -10.75431154999999900, 6.520569335000000200 ) ) ;
#1430 = CARTESIAN_POINT ( 'NONE',  ( 145.7459963000000000, -5.569123011000000300, 5.544665957000000300 ) ) ;
#1431 = CARTESIAN_POINT ( 'NONE',  ( -43.13153159000000200, -3.594601442000000100, 7.549684350999999800 ) ) ;
#1432 = CARTESIAN_POINT ( 'NONE',  ( 145.7459963000000000, -6.261324629999999800, 6.076548139000000700 ) ) ;
#1433 = CARTESIAN_POINT ( 'NONE',  ( 145.7459963000000000, -7.057718687999999600, 6.465933055999999000 ) ) ;
#1434 = CARTESIAN_POINT ( 'NONE',  ( -43.13153159000000200, -7.022780354000000000, 7.365437052999999100 ) ) ;
#1435 = CARTESIAN_POINT ( 'NONE',  ( 145.7459963000000000, -7.923504317999999100, 6.692503916999998900 ) ) ;
#1436 = CARTESIAN_POINT ( 'NONE',  ( 145.7459963000000000, -8.812491294000004400, 6.750949501000000000 ) ) ;
#1437 = CARTESIAN_POINT ( 'NONE',  ( -41.28321253000000700, 7.214534446999998400, 0.007454557735000001500 ) ) ;
#1438 = CARTESIAN_POINT ( 'NONE',  ( 145.7459963000000000, -9.680547995000001300, 6.654708214999999400 ) ) ;
#1439 = CARTESIAN_POINT ( 'NONE',  ( 143.5797921999999900, -4.721744552999999700, 5.538209746000000600 ) ) ;
#1440 = CARTESIAN_POINT ( 'NONE',  ( 143.5797921999999900, -5.382630639999999500, 6.071086138000000100 ) ) ;
#1441 = CARTESIAN_POINT ( 'NONE',  ( -41.28321253000000700, 5.419917858999999000, 2.869358339999999800 ) ) ;
#1442 = CARTESIAN_POINT ( 'NONE',  ( 143.5797921999999900, -6.144138355999998200, 6.470644864000000500 ) ) ;
#1443 = CARTESIAN_POINT ( 'NONE',  ( 143.5797921999999900, -6.975360732000001300, 6.719752352000000400 ) ) ;
#1444 = CARTESIAN_POINT ( 'NONE',  ( -41.28321253000000700, 2.872508187999999400, 5.258974464999999700 ) ) ;
#1445 = CARTESIAN_POINT ( 'NONE',  ( 143.5797921999999900, -7.835153572999999500, 6.814128887999999100 ) ) ;
#1446 = CARTESIAN_POINT ( 'NONE',  ( 143.5797921999999900, -8.683408908000000500, 6.765909520999999300 ) ) ;
#1447 = CARTESIAN_POINT ( 'NONE',  ( -41.28321253000000700, -0.2640551572000000000, 6.908336170000000100 ) ) ;
#1448 = CARTESIAN_POINT ( 'NONE',  ( 139.8804493000000700, -3.435932008000000000, 5.552801311999999700 ) ) ;
#1449 = CARTESIAN_POINT ( 'NONE',  ( 139.8804493000000700, -4.049222230000000700, 6.080040240999999800 ) ) ;
#1450 = CARTESIAN_POINT ( 'NONE',  ( 139.8804493000000700, -4.757721394000000700, 6.491157058999999800 ) ) ;
#1451 = CARTESIAN_POINT ( 'NONE',  ( -127.3372921000000000, 3.442505019999999600, 7.015315035999999600 ) ) ;
#1452 = CARTESIAN_POINT ( 'NONE',  ( -125.1548375999999800, 2.976195283999999700, 6.988877815000000400 ) ) ;
#1453 = CARTESIAN_POINT ( 'NONE',  ( -120.0080568000000100, 1.987126889000000000, 6.906254801000000200 ) ) ;
#1454 = CARTESIAN_POINT ( 'NONE',  ( -41.28321253000000700, -3.675783833999999800, 7.652680973999999000 ) ) ;
#1455 = CARTESIAN_POINT ( 'NONE',  ( -114.8612759000000200, 1.163806658999999800, 6.838881067999999200 ) ) ;
#1456 = CARTESIAN_POINT ( 'NONE',  ( -111.8843762999999900, 0.7010151113000000500, 6.833279120000001200 ) ) ;
#1457 = CARTESIAN_POINT ( 'NONE',  ( -106.8278862999999900, -0.1635456184000000400, 6.965445606000000300 ) ) ;
#1458 = CARTESIAN_POINT ( 'NONE',  ( 139.8804493000000700, -5.534891644000000000, 6.768964448999999400 ) ) ;
#1459 = CARTESIAN_POINT ( 'NONE',  ( 139.8804493000000700, -6.345594858999998400, 6.906452092000001200 ) ) ;
#1460 = CARTESIAN_POINT ( 'NONE',  ( 139.8804493000000700, -7.154636801999998900, 6.909943444000001400 ) ) ;
#1461 = CARTESIAN_POINT ( 'NONE',  ( -41.28321253000000700, -7.049332276000000300, 7.509549878999999700 ) ) ;
#1462 = CARTESIAN_POINT ( 'NONE',  ( 136.1811064000000300, -2.375101170999999800, 5.592745759999999700 ) ) ;
#1463 = CARTESIAN_POINT ( 'NONE',  ( 136.1811064000000300, -2.950384658000000400, 6.104759301999999700 ) ) ;
#1464 = CARTESIAN_POINT ( 'NONE',  ( 136.1811064000000300, -3.615016874999999800, 6.515944095000000000 ) ) ;
#1465 = CARTESIAN_POINT ( 'NONE',  ( 136.1811064000000300, -4.345673367999999900, 6.805960579999999800 ) ) ;
#1466 = CARTESIAN_POINT ( 'NONE',  ( 136.1811064000000300, -5.111540145999999400, 6.963095578999999100 ) ) ;
#1467 = CARTESIAN_POINT ( 'NONE',  ( 136.1811064000000300, -5.881310187000000400, 6.987050822999999700 ) ) ;
#1468 = CARTESIAN_POINT ( 'NONE',  ( 134.6767424999999900, -1.976534336999999700, 5.611540571999999100 ) ) ;
#1469 = CARTESIAN_POINT ( 'NONE',  ( 134.6767424999999900, -2.537997831000000200, 6.115928896999999000 ) ) ;
#1470 = CARTESIAN_POINT ( 'NONE',  ( 134.6767424999999900, -3.186329270000000800, 6.524903072999999900 ) ) ;
#1471 = CARTESIAN_POINT ( 'NONE',  ( 134.6767424999999900, -3.899394195999999800, 6.817039755999998900 ) ) ;
#1472 = CARTESIAN_POINT ( 'NONE',  ( 134.6767424999999900, -4.647954249999998000, 6.979031174000001100 ) ) ;
#1473 = CARTESIAN_POINT ( 'NONE',  ( 134.6767424999999900, -5.402166917999999800, 7.008338962999999900 ) ) ;
#1474 = CARTESIAN_POINT ( 'NONE',  ( 131.0070173000000300, -1.073286315999999900, 5.655878213999999500 ) ) ;
#1475 = CARTESIAN_POINT ( 'NONE',  ( 131.0070173000000300, -1.606721797999999900, 6.139046094000001100 ) ) ;
#1476 = CARTESIAN_POINT ( 'NONE',  ( 131.0070173000000300, -2.220668621000000200, 6.536813691000000800 ) ) ;
#1477 = CARTESIAN_POINT ( 'NONE',  ( 131.0070173000000300, -2.895533310999999900, 6.827340385000000300 ) ) ;
#1478 = CARTESIAN_POINT ( 'NONE',  ( 131.0070173000000300, -3.605541787000000800, 6.995786587999999600 ) ) ;
#1479 = CARTESIAN_POINT ( 'NONE',  ( 131.0070173000000300, -4.324161517999998600, 7.036621971000000600 ) ) ;
#1480 = CARTESIAN_POINT ( 'NONE',  ( 127.3372921000000000, -0.2960439479000000500, 5.676956994000001100 ) ) ;
#1481 = CARTESIAN_POINT ( 'NONE',  ( 127.3372921000000000, -0.8159520874000000300, 6.139796392000000900 ) ) ;
#1482 = CARTESIAN_POINT ( 'NONE',  ( 127.3372921000000000, -1.410851191999999800, 6.521465689000000200 ) ) ;
#1483 = CARTESIAN_POINT ( 'NONE',  ( 127.3372921000000000, -2.062702851000000100, 6.802208541999999800 ) ) ;
#1484 = CARTESIAN_POINT ( 'NONE',  ( 127.3372921000000000, -2.747999716000000700, 6.968550795000000500 ) ) ;
#1485 = CARTESIAN_POINT ( 'NONE',  ( 127.3372921000000000, -3.442505019999999600, 7.015315035999999600 ) ) ;
#1486 = CARTESIAN_POINT ( 'NONE',  ( 125.1548375999999800, 0.1412123113000000300, 5.672097538999999200 ) ) ;
#1487 = CARTESIAN_POINT ( 'NONE',  ( 125.1548375999999800, -0.3763699943000001200, 6.126198782000000300 ) ) ;
#1488 = CARTESIAN_POINT ( 'NONE',  ( 125.1548375999999800, -0.9665330752999999900, 6.499808358000000100 ) ) ;
#1489 = CARTESIAN_POINT ( 'NONE',  ( 125.1548375999999800, -1.611773601999999700, 6.774867257999999600 ) ) ;
#1490 = CARTESIAN_POINT ( 'NONE',  ( 125.1548375999999800, -2.289443201000000100, 6.939297159000001400 ) ) ;
#1491 = CARTESIAN_POINT ( 'NONE',  ( 125.1548375999999800, -2.976195283999999700, 6.988877815000000400 ) ) ;
#1492 = CARTESIAN_POINT ( 'NONE',  ( 120.0080568000000100, 1.159063650000000000, 5.600815000999999100 ) ) ;
#1493 = CARTESIAN_POINT ( 'NONE',  ( 120.0080568000000100, 0.6323369093999999800, 6.050462150000000400 ) ) ;
#1494 = CARTESIAN_POINT ( 'NONE',  ( 120.0080568000000100, 0.03517282776000001800, 6.417327861999999600 ) ) ;
#1495 = CARTESIAN_POINT ( 'NONE',  ( 120.0080568000000100, -0.6152054819000000200, 6.686918309999999400 ) ) ;
#1496 = CARTESIAN_POINT ( 'NONE',  ( 120.0080568000000100, -1.296843491000000000, 6.850393225000000400 ) ) ;
#1497 = CARTESIAN_POINT ( 'NONE',  ( 120.0080568000000100, -1.987126889000000000, 6.906254801000000200 ) ) ;
#1498 = CARTESIAN_POINT ( 'NONE',  ( 114.8612759000000200, 2.163252986999999900, 5.463697523000001300 ) ) ;
#1499 = CARTESIAN_POINT ( 'NONE',  ( -101.7713962999999900, -1.084857922000000300, 7.283396090000001900 ) ) ;
#1500 = CARTESIAN_POINT ( 'NONE',  ( -99.68599674999998700, -1.465217802000000000, 7.439423468000001100 ) ) ;
#1501 = CARTESIAN_POINT ( 'NONE',  ( 114.8612759000000200, 1.609899728999999900, 5.943888121000000500 ) ) ;
#1502 = CARTESIAN_POINT ( 'NONE',  ( 114.8612759000000200, 0.9787510763000001300, 6.330974590999999500 ) ) ;
#1503 = CARTESIAN_POINT ( 'NONE',  ( 114.8612759000000200, 0.2892823921000000600, 6.612015740999998700 ) ) ;
#1504 = CARTESIAN_POINT ( 'NONE',  ( 114.8612759000000200, -0.4334744088000001500, 6.780603824000000800 ) ) ;
#1505 = CARTESIAN_POINT ( 'NONE',  ( 114.8612759000000200, -1.163806658999999800, 6.838881067999999200 ) ) ;
#1506 = CARTESIAN_POINT ( 'NONE',  ( 111.8843762999999900, 2.746854169999999800, 5.396745068999999600 ) ) ;
#1507 = CARTESIAN_POINT ( 'NONE',  ( -96.65073190999997600, -1.973799488999999900, 7.667115118999998200 ) ) ;
#1508 = CARTESIAN_POINT ( 'NONE',  ( -93.61546706000000000, -2.377782508999999800, 7.861174165000000400 ) ) ;
#1509 = CARTESIAN_POINT ( 'NONE',  ( -92.66937994999999300, -2.491888786999999700, 7.916915304999999000 ) ) ;
#1510 = CARTESIAN_POINT ( 'NONE',  ( 111.8843762999999900, 2.179636578000000200, 5.904435141999999600 ) ) ;
#1511 = CARTESIAN_POINT ( 'NONE',  ( 111.8843762999999900, 1.526908404000000100, 6.310749748000000100 ) ) ;
#1512 = CARTESIAN_POINT ( 'NONE',  ( 111.8843762999999900, 0.8102820501999999900, 6.602842550999999300 ) ) ;
#1513 = CARTESIAN_POINT ( 'NONE',  ( 111.8843762999999900, 0.05799614965000000900, 6.775434347999999200 ) ) ;
#1514 = CARTESIAN_POINT ( 'NONE',  ( 111.8843762999999900, -0.7010151113000000500, 6.833279120000001200 ) ) ;
#1515 = CARTESIAN_POINT ( 'NONE',  ( 106.8278862999999900, 3.654300737000000200, 5.487965110000000200 ) ) ;
#1516 = CARTESIAN_POINT ( 'NONE',  ( 106.8278862999999900, 3.088478968999999600, 6.016004833000000200 ) ) ;
#1517 = CARTESIAN_POINT ( 'NONE',  ( 106.8278862999999900, 2.430038308999999500, 6.441172438000001500 ) ) ;
#1518 = CARTESIAN_POINT ( 'NONE',  ( 106.8278862999999900, 1.702248462000000200, 6.745480063000000500 ) ) ;
#1519 = CARTESIAN_POINT ( 'NONE',  ( 106.8278862999999900, 0.9361528815000000900, 6.919521558999999700 ) ) ;
#1520 = CARTESIAN_POINT ( 'NONE',  ( 106.8278862999999900, 0.1635456184000000400, 6.965445606000000300 ) ) ;
#1521 = CARTESIAN_POINT ( 'NONE',  ( 101.7713962999999900, 4.382136674999999900, 5.858550553999998900 ) ) ;
#1522 = CARTESIAN_POINT ( 'NONE',  ( 101.7713962999999900, 3.845110654000000000, 6.356403433000000500 ) ) ;
#1523 = CARTESIAN_POINT ( 'NONE',  ( 101.7713962999999900, 3.223901099000000300, 6.771420593000001100 ) ) ;
#1524 = CARTESIAN_POINT ( 'NONE',  ( 101.7713962999999900, 2.538680298000000500, 7.076002853000000300 ) ) ;
#1525 = CARTESIAN_POINT ( 'NONE',  ( 101.7713962999999900, 1.816415072000000300, 7.250017361000000300 ) ) ;
#1526 = CARTESIAN_POINT ( 'NONE',  ( 101.7713962999999900, 1.084857922000000300, 7.283396090000001900 ) ) ;
#1527 = CARTESIAN_POINT ( 'NONE',  ( 99.68599674999998700, 4.647374540999998700, 6.050628997000000500 ) ) ;
#1528 = CARTESIAN_POINT ( 'NONE',  ( 99.68599674999998700, 4.123773170999999800, 6.524961664999999300 ) ) ;
#1529 = CARTESIAN_POINT ( 'NONE',  ( 99.68599674999998700, 3.523275208999999900, 6.916019748000000100 ) ) ;
#1530 = CARTESIAN_POINT ( 'NONE',  ( 99.68599674999998700, 2.863989229000000000, 7.205385053999999700 ) ) ;
#1531 = CARTESIAN_POINT ( 'NONE',  ( 99.68599674999998700, 2.169758319999999700, 7.381018533999999900 ) ) ;
#1532 = CARTESIAN_POINT ( 'NONE',  ( 99.68599674999998700, 1.465217802000000000, 7.439423468000001100 ) ) ;
#1533 = CARTESIAN_POINT ( 'NONE',  ( 96.65073190999997600, 4.989488182000001400, 6.330039261999999700 ) ) ;
#1534 = CARTESIAN_POINT ( 'NONE',  ( 96.65073190999997600, 4.486258324000001400, 6.772129682000001000 ) ) ;
#1535 = CARTESIAN_POINT ( 'NONE',  ( 96.65073190999997600, 3.915303842999999800, 7.133812174000000000 ) ) ;
#1536 = CARTESIAN_POINT ( 'NONE',  ( -88.93744532000002300, -2.890193609999999900, 8.113283794999999200 ) ) ;
#1537 = CARTESIAN_POINT ( 'NONE',  ( -85.20551069000001100, -3.082210694999999700, 8.210742799000000100 ) ) ;
#1538 = CARTESIAN_POINT ( 'NONE',  ( 96.65073190999997600, 3.292578025999999700, 7.405509576999999200 ) ) ;
#1539 = CARTESIAN_POINT ( 'NONE',  ( 96.65073190999997600, 2.638383752000000600, 7.582622097000000700 ) ) ;
#1540 = CARTESIAN_POINT ( 'NONE',  ( 96.65073190999997600, 1.973799488999999900, 7.667115118999998200 ) ) ;
#1541 = CARTESIAN_POINT ( 'NONE',  ( 93.61546706000000000, 5.280015934999999800, 6.555611240999999400 ) ) ;
#1542 = CARTESIAN_POINT ( 'NONE',  ( 93.61546706000000000, 4.792272492000001300, 6.978507223000000300 ) ) ;
#1543 = CARTESIAN_POINT ( 'NONE',  ( 93.61546706000000000, 4.242379928000000100, 7.326964969999998800 ) ) ;
#1544 = CARTESIAN_POINT ( 'NONE',  ( 93.61546706000000000, 3.644614954000000100, 7.592294057999999300 ) ) ;
#1545 = CARTESIAN_POINT ( 'NONE',  ( 93.61546706000000000, 3.016866018999999200, 7.770021394000001400 ) ) ;
#1546 = CARTESIAN_POINT ( 'NONE',  ( 93.61546706000000000, 2.377782508999999800, 7.861174165000000400 ) ) ;
#1547 = CARTESIAN_POINT ( 'NONE',  ( 92.66937994999999300, 5.366117523999999000, 6.618386548999998500 ) ) ;
#1548 = CARTESIAN_POINT ( 'NONE',  ( 92.66937994999999300, 4.882497507000000100, 7.037053569999999400 ) ) ;
#1549 = CARTESIAN_POINT ( 'NONE',  ( 92.66937994999999300, 4.338018828999999200, 7.383517274999999100 ) ) ;
#1550 = CARTESIAN_POINT ( 'NONE',  ( 92.66937994999999300, 3.746464716000000200, 7.648346185000002100 ) ) ;
#1551 = CARTESIAN_POINT ( 'NONE',  ( 92.66937994999999300, 3.125085305999999900, 7.826172349999998400 ) ) ;
#1552 = CARTESIAN_POINT ( 'NONE',  ( 92.66937994999999300, 2.491888786999999700, 7.916915304999999000 ) ) ;
#1553 = CARTESIAN_POINT ( 'NONE',  ( 88.93744532000002300, 5.690270499000001300, 6.828930270999998200 ) ) ;
#1554 = CARTESIAN_POINT ( 'NONE',  ( 88.93744532000002300, 5.218877443000000200, 7.238689118000000800 ) ) ;
#1555 = CARTESIAN_POINT ( 'NONE',  ( 88.93744532000002300, 4.689500050999999600, 7.584503082000001200 ) ) ;
#1556 = CARTESIAN_POINT ( 'NONE',  ( 88.93744532000002300, 4.114440604999999500, 7.851865423000000500 ) ) ;
#1557 = CARTESIAN_POINT ( 'NONE',  ( 88.93744532000002300, 3.509238681999999900, 8.030057152999999600 ) ) ;
#1558 = CARTESIAN_POINT ( 'NONE',  ( 88.93744532000002300, 2.890193609999999900, 8.113283794999999200 ) ) ;
#1559 = CARTESIAN_POINT ( 'NONE',  ( 85.20551069000001100, 5.960777478999999900, 6.886615744000000200 ) ) ;
#1560 = CARTESIAN_POINT ( 'NONE',  ( -82.40763862000001400, -3.107225079000000000, 8.218295265999998400 ) ) ;
#1561 = CARTESIAN_POINT ( 'NONE',  ( 85.20551069000001100, 5.482538905000000200, 7.316909885000000300 ) ) ;
#1562 = CARTESIAN_POINT ( 'NONE',  ( 85.20551069000001100, 4.940221602000001200, 7.682119868999998300 ) ) ;
#1563 = CARTESIAN_POINT ( 'NONE',  ( 85.20551069000001100, 4.347430170999999200, 7.962126449000000300 ) ) ;
#1564 = CARTESIAN_POINT ( 'NONE',  ( 85.20551069000001100, 3.721906005000000100, 8.141443861999999100 ) ) ;
#1565 = CARTESIAN_POINT ( 'NONE',  ( 85.20551069000001100, 3.082210694999999700, 8.210742799000000100 ) ) ;
#1566 = CARTESIAN_POINT ( 'NONE',  ( 82.40763862000001400, 6.145465108999999900, 6.832936762999999300 ) ) ;
#1567 = CARTESIAN_POINT ( 'NONE',  ( 82.40763862000001400, 5.648241612000001400, 7.295741762000001400 ) ) ;
#1568 = CARTESIAN_POINT ( 'NONE',  ( 82.40763862000001400, 5.076919865999999000, 7.684438333999999300 ) ) ;
#1569 = CARTESIAN_POINT ( 'NONE',  ( 82.40763862000001400, 4.448162694000002300, 7.977162596000000300 ) ) ;
#1570 = CARTESIAN_POINT ( 'NONE',  ( 82.40763862000001400, 3.783959505000000300, 8.157857785999999200 ) ) ;
#1571 = CARTESIAN_POINT ( 'NONE',  ( 82.40763862000001400, 3.107225079000000000, 8.218295265999998400 ) ) ;
#1572 = CARTESIAN_POINT ( 'NONE',  ( 77.66984128000000000, 6.435302436000000600, 6.716342302000001900 ) ) ;
#1573 = CARTESIAN_POINT ( 'NONE',  ( 77.66984128000000000, 5.888539580999999900, 7.232088434000000500 ) ) ;
#1574 = CARTESIAN_POINT ( 'NONE',  ( 77.66984128000000000, 5.252685895999999100, 7.654844083999999600 ) ) ;
#1575 = CARTESIAN_POINT ( 'NONE',  ( 77.66984128000000000, 4.549411075999999300, 7.962547543999999500 ) ) ;
#1576 = CARTESIAN_POINT ( 'NONE',  ( -38.01072656999999600, 6.516668209000001400, 0.006578762976000001500 ) ) ;
#1577 = CARTESIAN_POINT ( 'NONE',  ( 77.66984128000000000, 3.807649788000000000, 8.141041739999996800 ) ) ;
#1578 = CARTESIAN_POINT ( 'NONE',  ( 77.66984128000000000, 3.057227104999999900, 8.186874721999998900 ) ) ;
#1579 = CARTESIAN_POINT ( 'NONE',  ( 72.93204394000001400, 6.672939870999998700, 6.643515104999999600 ) ) ;
#1580 = CARTESIAN_POINT ( 'NONE',  ( -38.01072656999999600, 4.900279646000000400, 2.878511717000000300 ) ) ;
#1581 = CARTESIAN_POINT ( 'NONE',  ( 72.93204394000001400, 6.073033611000000500, 7.198127062999999400 ) ) ;
#1582 = CARTESIAN_POINT ( 'NONE',  ( 72.93204394000001400, 5.372735849999998900, 7.641045786000000300 ) ) ;
#1583 = CARTESIAN_POINT ( 'NONE',  ( 72.93204394000001400, 4.598219257999999400, 7.951244321000000800 ) ) ;
#1584 = CARTESIAN_POINT ( 'NONE',  ( -38.01072656999999600, 2.509738923999999600, 5.314223968999999500 ) ) ;
#1585 = CARTESIAN_POINT ( 'NONE',  ( 72.93204394000001400, 3.784740709000000300, 8.117777601000000200 ) ) ;
#1586 = CARTESIAN_POINT ( 'NONE',  ( 72.93204394000001400, 2.968067770000000200, 8.143264404000000000 ) ) ;
#1587 = CARTESIAN_POINT ( 'NONE',  ( -38.01072656999999600, -0.5004584842999999500, 7.031263940000001400 ) ) ;
#1588 = CARTESIAN_POINT ( 'NONE',  ( 70.98420019000001000, 6.760231926999999500, 6.631309965000000700 ) ) ;
#1589 = CARTESIAN_POINT ( 'NONE',  ( 70.98420019000001000, 6.141398568999999700, 7.199058345000000100 ) ) ;
#1590 = CARTESIAN_POINT ( 'NONE',  ( -38.01072656999999600, -3.812832912999998900, 7.848994016999998100 ) ) ;
#1591 = CARTESIAN_POINT ( 'NONE',  ( 70.98420019000001000, 5.417870640999999500, 7.647715023999999100 ) ) ;
#1592 = CARTESIAN_POINT ( 'NONE',  ( 70.98420019000001000, 4.617637868999998400, 7.956548226999999900 ) ) ;
#1593 = CARTESIAN_POINT ( 'NONE',  ( -38.01072656999999600, -7.105827907000000100, 7.778827771000000400 ) ) ;
#1594 = CARTESIAN_POINT ( 'NONE',  ( 70.98420019000001000, 3.778534057000000800, 8.115861881999999000 ) ) ;
#1595 = CARTESIAN_POINT ( 'NONE',  ( 70.98420019000001000, 2.938707868999999900, 8.130747604999999800 ) ) ;
#1596 = CARTESIAN_POINT ( 'NONE',  ( 67.34522254000000900, 6.896228165000001000, 6.633981543999999200 ) ) ;
#1597 = CARTESIAN_POINT ( 'NONE',  ( -34.73824061000000500, 5.940991463000000500, 0.003159202565000001500 ) ) ;
#1598 = CARTESIAN_POINT ( 'NONE',  ( 67.34522254000000900, 6.252367631000000300, 7.221441681000000800 ) ) ;
#1599 = CARTESIAN_POINT ( 'NONE',  ( 67.34522254000000900, 5.496417325999999500, 7.679538534999999800 ) ) ;
#1600 = CARTESIAN_POINT ( 'NONE',  ( 67.34522254000000900, 4.659474820999999000, 7.985898404000002100 ) ) ;
#1601 = CARTESIAN_POINT ( 'NONE',  ( -34.73824061000000500, 4.481846943000001600, 2.893264048999999900 ) ) ;
#1602 = CARTESIAN_POINT ( 'NONE',  ( 67.34522254000000900, 3.783967004000000400, 8.130997151999999100 ) ) ;
#1603 = CARTESIAN_POINT ( 'NONE',  ( 67.34522254000000900, 2.912218415999999100, 8.122443925000000700 ) ) ;
#1604 = CARTESIAN_POINT ( 'NONE',  ( 63.70624488000000000, 6.976388447000000600, 6.669575753999999400 ) ) ;
#1605 = CARTESIAN_POINT ( 'NONE',  ( -34.73824061000000500, 2.224313190000000200, 5.379925072999999900 ) ) ;
#1606 = CARTESIAN_POINT ( 'NONE',  ( 63.70624488000000000, 6.326815760999998900, 7.268401446999999600 ) ) ;
#1607 = CARTESIAN_POINT ( 'NONE',  ( 63.70624488000000000, 5.559176810999999500, 7.735588123000000300 ) ) ;
#1608 = CARTESIAN_POINT ( 'NONE',  ( -34.73824061000000500, -0.6857518082000002600, 7.164618837999998200 ) ) ;
#1609 = CARTESIAN_POINT ( 'NONE',  ( 63.70624488000000000, 4.706969575999999700, 8.043157310999999900 ) ) ;
#1610 = CARTESIAN_POINT ( 'NONE',  ( 63.70624488000000000, 3.816489304999999300, 8.177537660000000500 ) ) ;
#1611 = CARTESIAN_POINT ( 'NONE',  ( -34.73824061000000500, -3.925228864999999800, 8.049385391999999600 ) ) ;
#1612 = CARTESIAN_POINT ( 'NONE',  ( 63.70624488000000000, 2.933525176999999900, 8.144422205999999800 ) ) ;
#1613 = CARTESIAN_POINT ( 'NONE',  ( 62.01355432000000400, 7.000480070999999200, 6.690280583999999900 ) ) ;
#1614 = CARTESIAN_POINT ( 'NONE',  ( 62.01355432000000400, 6.352485584999999300, 7.292689263999999800 ) ) ;
#1615 = CARTESIAN_POINT ( 'NONE',  ( -34.73824061000000500, -7.161993853000000200, 8.039831962999999200 ) ) ;
#1616 = CARTESIAN_POINT ( 'NONE',  ( 62.01355432000000400, 5.583992836999999400, 7.764748157999999700 ) ) ;
#1617 = CARTESIAN_POINT ( 'NONE',  ( 62.01355432000000400, 4.729435645000000600, 8.074711643999998900 ) ) ;
#1618 = CARTESIAN_POINT ( 'NONE',  ( -33.31486616999999500, 5.715478709000001000, 0.001507561454000000500 ) ) ;
#1619 = CARTESIAN_POINT ( 'NONE',  ( 62.01355432000000400, 3.836703327999999600, 8.205850759999998800 ) ) ;
#1620 = CARTESIAN_POINT ( 'NONE',  ( 62.01355432000000400, 2.953011955000000500, 8.161588194000000100 ) ) ;
#1621 = CARTESIAN_POINT ( 'NONE',  ( 57.96190629000000200, 7.028905924999999200, 6.744687538999999200 ) ) ;
#1622 = CARTESIAN_POINT ( 'NONE',  ( -33.31486616999999500, 4.321941458999999600, 2.901199597000000200 ) ) ;
#1623 = CARTESIAN_POINT ( 'NONE',  ( 57.96190629000000200, 6.390924477999998700, 7.353023142000000500 ) ) ;
#1624 = CARTESIAN_POINT ( 'NONE',  ( 57.96190629000000200, 5.627790510999998800, 7.835814798999999600 ) ) ;
#1625 = CARTESIAN_POINT ( 'NONE',  ( 57.96190629000000200, 4.775548245000000400, 8.153152442999999700 ) ) ;
#1626 = CARTESIAN_POINT ( 'NONE',  ( -33.31486616999999500, 2.117991393000000100, 5.411144047999999700 ) ) ;
#1627 = CARTESIAN_POINT ( 'NONE',  ( 57.96190629000000200, 3.884874299999999900, 8.281138894999999800 ) ) ;
#1628 = CARTESIAN_POINT ( 'NONE',  ( 57.96190629000000200, 3.005605642999999500, 8.217551809000001500 ) ) ;
#1629 = CARTESIAN_POINT ( 'NONE',  ( -33.31486616999999500, -0.7541513060000001300, 7.224642960999999800 ) ) ;
#1630 = CARTESIAN_POINT ( 'NONE',  ( 53.91025826000000600, 7.010268366000000000, 6.829123194000001000 ) ) ;
#1631 = CARTESIAN_POINT ( 'NONE',  ( 53.91025826000000600, 6.379759543000000500, 7.442343242000000600 ) ) ;
#1632 = CARTESIAN_POINT ( 'NONE',  ( 53.91025826000000600, 5.620880724000000100, 7.928003596000000800 ) ) ;
#1633 = CARTESIAN_POINT ( 'NONE',  ( -33.31486616999999500, -3.967448704999999400, 8.135377405999998100 ) ) ;
#1634 = CARTESIAN_POINT ( 'NONE',  ( 53.91025826000000600, 4.770534028999999300, 8.245807879000000900 ) ) ;
#1635 = CARTESIAN_POINT ( 'NONE',  ( 53.91025826000000600, 3.881110524000000300, 8.372205516000004600 ) ) ;
#1636 = CARTESIAN_POINT ( 'NONE',  ( 53.91025826000000600, 3.004089789000000000, 8.306438280000001800 ) ) ;
#1637 = CARTESIAN_POINT ( 'NONE',  ( -33.31486616999999500, -7.183909875999998600, 8.147034026000000000 ) ) ;
#1638 = CARTESIAN_POINT ( 'NONE',  ( 51.54924583000000400, 6.993809838999999900, 6.896107536999999800 ) ) ;
#1639 = CARTESIAN_POINT ( 'NONE',  ( 51.54924583000000400, 6.358533558999998700, 7.514144516999998300 ) ) ;
#1640 = CARTESIAN_POINT ( 'NONE',  ( 51.54924583000000400, 5.592857849999998800, 7.998216247999999400 ) ) ;
#1641 = CARTESIAN_POINT ( 'NONE',  ( -29.16886464000000200, 5.134127813999999300, -0.002704434865000000400 ) ) ;
#1642 = CARTESIAN_POINT ( 'NONE',  ( 51.54924583000000400, 4.734505062999999400, 8.311122583999999600 ) ) ;
#1643 = CARTESIAN_POINT ( 'NONE',  ( 51.54924583000000400, 3.837225091999999700, 8.433086805000002100 ) ) ;
#1644 = CARTESIAN_POINT ( 'NONE',  ( -29.16886464000000200, 3.918532572999999800, 2.924765037000000200 ) ) ;
#1645 = CARTESIAN_POINT ( 'NONE',  ( 51.54924583000000400, 2.953643225999999600, 8.367959404000000500 ) ) ;
#1646 = CARTESIAN_POINT ( 'NONE',  ( 47.34038870999999900, 6.985392793000001700, 7.079128443000001000 ) ) ;
#1647 = CARTESIAN_POINT ( 'NONE',  ( 47.34038870999999900, 6.302486689999999400, 7.710389025999999600 ) ) ;
#1648 = CARTESIAN_POINT ( 'NONE',  ( -29.16886464000000200, 1.856547141000000300, 5.499097245000000600 ) ) ;
#1649 = CARTESIAN_POINT ( 'NONE',  ( 47.34038870999999900, 5.485214344000000100, 8.193853302999999100 ) ) ;
#1650 = CARTESIAN_POINT ( 'NONE',  ( 47.34038870999999900, 4.574523594000000400, 8.492727691000000700 ) ) ;
#1651 = CARTESIAN_POINT ( 'NONE',  ( -29.16886464000000200, -0.9185733018999998600, 7.389649936000000500 ) ) ;
#1652 = CARTESIAN_POINT ( 'NONE',  ( 47.34038870999999900, 3.628150407000000100, 8.589411047000000500 ) ) ;
#1653 = CARTESIAN_POINT ( 'NONE',  ( 47.34038870999999900, 2.702027020000000100, 8.491793739999998500 ) ) ;
#1654 = CARTESIAN_POINT ( 'NONE',  ( 43.13153159000000200, 7.022780354000000000, 7.365437052999999100 ) ) ;
#1655 = CARTESIAN_POINT ( 'NONE',  ( -29.16886464000000200, -4.066920714000000100, 8.365979563000001600 ) ) ;
#1656 = CARTESIAN_POINT ( 'NONE',  ( 43.13153159000000200, 6.239649797000002000, 8.035635755000001300 ) ) ;
#1657 = CARTESIAN_POINT ( 'NONE',  ( 43.13153159000000200, 5.304493952999999700, 8.532229468999998900 ) ) ;
#1658 = CARTESIAN_POINT ( 'NONE',  ( 43.13153159000000200, 4.270494738000000000, 8.806467363000001200 ) ) ;
#1659 = CARTESIAN_POINT ( 'NONE',  ( -29.16886464000000200, -7.232492855000000300, 8.426485791000001100 ) ) ;
#1660 = CARTESIAN_POINT ( 'NONE',  ( 43.13153159000000200, 3.212983962999999700, 8.836173122999998200 ) ) ;
#1661 = CARTESIAN_POINT ( 'NONE',  ( -77.66984128000000000, -3.057227104999999900, 8.186874721999998900 ) ) ;
#1662 = CARTESIAN_POINT ( 'NONE',  ( 43.13153159000000200, 2.201299446000000200, 8.633283351999999400 ) ) ;
#1663 = CARTESIAN_POINT ( 'NONE',  ( 41.28321253000000700, 7.049332276000000300, 7.509549878999999700 ) ) ;
#1664 = CARTESIAN_POINT ( 'NONE',  ( -25.02286311000000700, 4.765880931999999100, -0.004178507785000000500 ) ) ;
#1665 = CARTESIAN_POINT ( 'NONE',  ( 41.28321253000000700, 6.225194533999999900, 8.218371781999994900 ) ) ;
#1666 = CARTESIAN_POINT ( 'NONE',  ( 41.28321253000000700, 5.227237477999999300, 8.730873478999997800 ) ) ;
#1667 = CARTESIAN_POINT ( 'NONE',  ( -25.02286311000000700, 3.786352024999999800, 2.997195269000000100 ) ) ;
#1668 = CARTESIAN_POINT ( 'NONE',  ( -47.34038870999999900, 3.648039742000000800, 5.193146761000000400 ) ) ;
#1669 = CARTESIAN_POINT ( 'NONE',  ( -47.34038870999999900, 0.2340028926000000100, 6.735290328000001400 ) ) ;
#1670 = CARTESIAN_POINT ( 'NONE',  ( -47.34038870999999900, -3.410645325999999100, 7.355003593000000200 ) ) ;
#1671 = CARTESIAN_POINT ( 'NONE',  ( 41.28321253000000700, 4.119034049999998900, 8.989038613000003500 ) ) ;
#1672 = CARTESIAN_POINT ( 'NONE',  ( 41.28321253000000700, 2.995168023999999400, 8.970201207000000600 ) ) ;
#1673 = CARTESIAN_POINT ( 'NONE',  ( 41.28321253000000700, 1.939342369999999900, 8.697663593999999800 ) ) ;
#1674 = CARTESIAN_POINT ( 'NONE',  ( 38.01072656999999600, 7.105827907000000100, 7.778827771000000400 ) ) ;
#1675 = CARTESIAN_POINT ( 'NONE',  ( 38.01072656999999600, 6.213498856999999400, 8.589857635000001300 ) ) ;
#1676 = CARTESIAN_POINT ( 'NONE',  ( 38.01072656999999600, 5.094060601999999900, 9.149240816000000700 ) ) ;
#1677 = CARTESIAN_POINT ( 'NONE',  ( 38.01072656999999600, 3.836556226999999500, 9.374004650000001600 ) ) ;
#1678 = CARTESIAN_POINT ( 'NONE',  ( 38.01072656999999600, 2.584534361000000700, 9.243042308999999800 ) ) ;
#1679 = CARTESIAN_POINT ( 'NONE',  ( 38.01072656999999600, 1.453860803999999800, 8.813079333000001000 ) ) ;
#1680 = CARTESIAN_POINT ( 'NONE',  ( 34.73824061000000500, 7.161993853000000200, 8.039831962999999200 ) ) ;
#1681 = CARTESIAN_POINT ( 'NONE',  ( 34.73824061000000500, 6.200541571999999700, 8.950765948000000800 ) ) ;
#1682 = CARTESIAN_POINT ( 'NONE',  ( 34.73824061000000500, 4.960683152000000500, 9.560205423999999400 ) ) ;
#1683 = CARTESIAN_POINT ( 'NONE',  ( 34.73824061000000500, 3.559762833999999400, 9.754981889999999800 ) ) ;
#1684 = CARTESIAN_POINT ( 'NONE',  ( -72.93204394000001400, -2.968067770000000200, 8.143264404000000000 ) ) ;
#1685 = CARTESIAN_POINT ( 'NONE',  ( 34.73824061000000500, 2.192567584999999900, 9.513066377000001200 ) ) ;
#1686 = CARTESIAN_POINT ( 'NONE',  ( 34.73824061000000500, 1.005655003000000000, 8.921925892999999200 ) ) ;
#1687 = CARTESIAN_POINT ( 'NONE',  ( 33.31486616999999500, 7.183909875999998600, 8.147034026000000000 ) ) ;
#1688 = CARTESIAN_POINT ( 'NONE',  ( -25.02286311000000700, 1.855368084999999800, 5.691979755000001100 ) ) ;
#1689 = CARTESIAN_POINT ( 'NONE',  ( 33.31486616999999500, 6.189999456999999900, 9.090302989999999600 ) ) ;
#1690 = CARTESIAN_POINT ( 'NONE',  ( 33.31486616999999500, 4.900567265000000300, 9.716950009999999700 ) ) ;
#1691 = CARTESIAN_POINT ( 'NONE',  ( 33.31486616999999500, 3.444209231000000300, 9.901285407000001400 ) ) ;
#1692 = CARTESIAN_POINT ( 'NONE',  ( -25.02286311000000700, -0.9037388280000001600, 7.667370090999999600 ) ) ;
#1693 = CARTESIAN_POINT ( 'NONE',  ( 33.31486616999999500, 2.034424841000000300, 9.619245977000000300 ) ) ;
#1694 = CARTESIAN_POINT ( 'NONE',  ( -70.98420019000001000, -2.938707868999999900, 8.130747604999999800 ) ) ;
#1695 = CARTESIAN_POINT ( 'NONE',  ( 33.31486616999999500, 0.8285815449999999200, 8.966740852000002700 ) ) ;
#1696 = CARTESIAN_POINT ( 'NONE',  ( -25.02286311000000700, -4.073420406000000300, 8.626576291000001000 ) ) ;
#1697 = CARTESIAN_POINT ( 'NONE',  ( 29.16886464000000200, 7.232492855000000300, 8.426485791000001100 ) ) ;
#1698 = CARTESIAN_POINT ( 'NONE',  ( 29.16886464000000200, 6.153026648999999200, 9.437431416000000800 ) ) ;
#1699 = CARTESIAN_POINT ( 'NONE',  ( 29.16886464000000200, 4.738958935999999500, 10.10097303999999800 ) ) ;
#1700 = CARTESIAN_POINT ( 'NONE',  ( -25.02286311000000700, -7.224204135999999100, 8.588369354999999300 ) ) ;
#1701 = CARTESIAN_POINT ( 'NONE',  ( 29.16886464000000200, 3.147465848000000400, 10.26043709000000200 ) ) ;
#1702 = CARTESIAN_POINT ( 'NONE',  ( 29.16886464000000200, 1.636839323000000000, 9.884490326000001700 ) ) ;
#1703 = CARTESIAN_POINT ( 'NONE',  ( 29.16886464000000200, 0.3905156589000000600, 9.084466928000001200 ) ) ;
#1704 = CARTESIAN_POINT ( 'NONE',  ( -22.29981898000000100, 4.611284228999998900, -0.003109272331000000600 ) ) ;
#1705 = CARTESIAN_POINT ( 'NONE',  ( 25.02286311000000700, 7.224204135999999100, 8.588369354999999300 ) ) ;
#1706 = CARTESIAN_POINT ( 'NONE',  ( 25.02286311000000700, 6.103091893000000200, 9.623968917999999200 ) ) ;
#1707 = CARTESIAN_POINT ( 'NONE',  ( 25.02286311000000700, 4.627882398999998900, 10.29999393999999800 ) ) ;
#1708 = CARTESIAN_POINT ( 'NONE',  ( -22.29981898000000100, 3.859196005999999900, 3.080250261000000200 ) ) ;
#1709 = CARTESIAN_POINT ( 'NONE',  ( 25.02286311000000700, 2.972778576999999700, 10.44307864999999900 ) ) ;
#1710 = CARTESIAN_POINT ( 'NONE',  ( 25.02286311000000700, 1.421221188999999700, 10.01800894999999900 ) ) ;
#1711 = CARTESIAN_POINT ( 'NONE',  ( 25.02286311000000700, 0.1703982052000000100, 9.143152381999998500 ) ) ;
#1712 = CARTESIAN_POINT ( 'NONE',  ( -22.29981898000000100, 2.028349094999999800, 5.905041235999999700 ) ) ;
#1713 = CARTESIAN_POINT ( 'NONE',  ( 22.29981898000000100, 7.183739119000000200, 8.625376290000000200 ) ) ;
#1714 = CARTESIAN_POINT ( 'NONE',  ( 22.29981898000000100, 6.061003277999999400, 9.667423622999999500 ) ) ;
#1715 = CARTESIAN_POINT ( 'NONE',  ( 22.29981897000000000, 4.578394620000000100, 10.34293054000000100 ) ) ;
#1716 = CARTESIAN_POINT ( 'NONE',  ( -22.29981898000000100, -0.7712653736999999200, 7.952975132999998900 ) ) ;
#1717 = CARTESIAN_POINT ( 'NONE',  ( 22.29981897000000000, 2.913974633999999700, 10.47518805000000200 ) ) ;
#1718 = CARTESIAN_POINT ( 'NONE',  ( 22.29981897000000000, 1.359417997000000000, 10.03157918999999900 ) ) ;
#1719 = CARTESIAN_POINT ( 'NONE',  ( 22.29981898000000100, 0.1148579676999999900, 9.138530792999999300 ) ) ;
#1720 = CARTESIAN_POINT ( 'NONE',  ( -22.29981898000000100, -4.017698835000000000, 8.842336532000002700 ) ) ;
#1721 = CARTESIAN_POINT ( 'NONE',  ( 16.57961972000000000, 7.026704388999999800, 8.562875256000001700 ) ) ;
#1722 = CARTESIAN_POINT ( 'NONE',  ( 16.57961972000000000, 5.912863598000000400, 9.613758263999999400 ) ) ;
#1723 = CARTESIAN_POINT ( 'NONE',  ( 16.57961972999999700, 4.431688131000001400, 10.27904974000000000 ) ) ;
#1724 = CARTESIAN_POINT ( 'NONE',  ( -22.29981898000000100, -7.183739119000000200, 8.625376290000000200 ) ) ;
#1725 = CARTESIAN_POINT ( 'NONE',  ( 16.57961972999999700, 2.763247227000000400, 10.38003052000000200 ) ) ;
#1726 = CARTESIAN_POINT ( 'NONE',  ( 16.57961972999999700, 1.214180581000000100, 9.896928320999999000 ) ) ;
#1727 = CARTESIAN_POINT ( 'NONE',  ( 16.57961972000000000, -0.01507441396000000300, 8.983321250999999600 ) ) ;
#1728 = CARTESIAN_POINT ( 'NONE',  ( -16.57961972000000000, 4.431705022000000900, 0.0003395417530000001400 ) ) ;
#1729 = CARTESIAN_POINT ( 'NONE',  ( 10.85942047000000200, 6.719280376999999600, 8.210280107999999200 ) ) ;
#1730 = CARTESIAN_POINT ( 'NONE',  ( 10.85942047000000200, 5.594710693999999800, 9.293346589000000400 ) ) ;
#1731 = CARTESIAN_POINT ( 'NONE',  ( -16.57961972000000000, 3.782632398000000500, 3.057480179999999800 ) ) ;
#1732 = CARTESIAN_POINT ( 'NONE',  ( 10.85942047000000200, 4.086832349999999900, 9.949057887000000400 ) ) ;
#1733 = CARTESIAN_POINT ( 'NONE',  ( 10.85942047000000200, 2.381628522999999400, 9.990537337000002800 ) ) ;
#1734 = CARTESIAN_POINT ( 'NONE',  ( 10.85942047000000200, 0.8175526046999999100, 9.422418102000000000 ) ) ;
#1735 = CARTESIAN_POINT ( 'NONE',  ( -16.57961972000000000, 2.035852218999999200, 5.881343480000002600 ) ) ;
#1736 = CARTESIAN_POINT ( 'NONE',  ( 10.85942047000000200, -0.4054304747000000400, 8.451333998000000800 ) ) ;
#1737 = CARTESIAN_POINT ( 'NONE',  ( 7.893326600000000000, 6.518589931999999400, 7.948637711000001700 ) ) ;
#1738 = CARTESIAN_POINT ( 'NONE',  ( 7.893326600000000000, 5.364993830999998700, 9.055020355000001700 ) ) ;
#1739 = CARTESIAN_POINT ( 'NONE',  ( -16.57961972000000000, -0.7083617127000000300, 7.931903968000000300 ) ) ;
#1740 = CARTESIAN_POINT ( 'NONE',  ( 7.893326600000000000, 3.807862558000000500, 9.716790632000000400 ) ) ;
#1741 = CARTESIAN_POINT ( 'NONE',  ( 7.893326600000000000, 2.049167209000000200, 9.727747862999999400 ) ) ;
#1742 = CARTESIAN_POINT ( 'NONE',  ( 7.893326600000000000, 0.4599099642000001300, 9.095984854000002800 ) ) ;
#1743 = CARTESIAN_POINT ( 'NONE',  ( -16.57961972000000000, -3.911293688999999000, 8.806739502000002800 ) ) ;
#1744 = CARTESIAN_POINT ( 'NONE',  ( 7.893326600000000000, -0.7505680244000001400, 8.049827069999999200 ) ) ;
#1745 = CARTESIAN_POINT ( 'NONE',  ( 4.946663294000002200, 6.279645069000000700, 7.613169269999999300 ) ) ;
#1746 = CARTESIAN_POINT ( 'NONE',  ( 4.946663294000002200, 5.076250135000001300, 8.759116703000001900 ) ) ;
#1747 = CARTESIAN_POINT ( 'NONE',  ( -16.57961972000000000, -7.026704388999999800, 8.562875256000001700 ) ) ;
#1748 = CARTESIAN_POINT ( 'NONE',  ( 4.946663294000002200, 3.442022948999999600, 9.432472017000002000 ) ) ;
#1749 = CARTESIAN_POINT ( 'NONE',  ( 4.946663294000002200, 1.601405398999999900, 9.401084438000001600 ) ) ;
#1750 = CARTESIAN_POINT ( 'NONE',  ( 4.946663294000002200, -0.03095445981000001500, 8.679738365000000400 ) ) ;
#1751 = CARTESIAN_POINT ( 'NONE',  ( -10.85942048000000100, 4.515678804000000200, 0.003010457068000000800 ) ) ;
#1752 = CARTESIAN_POINT ( 'NONE',  ( 4.946663294000002200, -1.234698967000000100, 7.527331922999999300 ) ) ;
#1753 = CARTESIAN_POINT ( 'NONE',  ( 2.000000000000000000, 6.000000000000000000, 7.200000000000001100 ) ) ;
#1754 = CARTESIAN_POINT ( 'NONE',  ( 2.000000000000000000, 4.723654816999999000, 8.404524352000001000 ) ) ;
#1755 = CARTESIAN_POINT ( 'NONE',  ( -10.85942047000000200, 3.789439632000000100, 2.936541401999999600 ) ) ;
#1756 = CARTESIAN_POINT ( 'NONE',  ( 2.000000000000000000, 2.967029731000000700, 9.102741582000000200 ) ) ;
#1757 = CARTESIAN_POINT ( 'NONE',  ( 2.000000000000000000, 0.9991264651999999200, 9.021501058000000100 ) ) ;
#1758 = CARTESIAN_POINT ( 'NONE',  ( -67.34522254000000900, -2.912218415999999100, 8.122443925000000700 ) ) ;
#1759 = CARTESIAN_POINT ( 'NONE',  ( -72.93204394000001400, -6.672939870999998700, 6.643515104999999600 ) ) ;
#1760 = CARTESIAN_POINT ( 'NONE',  ( -63.70624488000000000, -2.933525176999999900, 8.144422205999999800 ) ) ;
#1761 = CARTESIAN_POINT ( 'NONE',  ( -62.01355432000000400, -2.953011955000000500, 8.161588194000000100 ) ) ;
#1762 = CARTESIAN_POINT ( 'NONE',  ( 2.000000000000000000, -0.6939706671000002200, 8.180869693000000000 ) ) ;
#1763 = CARTESIAN_POINT ( 'NONE',  ( -10.85942047000000200, 2.042564661000000100, 5.618518437999998800 ) ) ;
#1764 = CARTESIAN_POINT ( 'NONE',  ( 2.000000000000000000, -1.866689753000000000, 6.875241152000001000 ) ) ;
#1765 = DIRECTION ( 'NONE',  ( 1.000000000000000000, 0.0000000000000000000, 0.0000000000000000000 ) ) ;
#1766 = CARTESIAN_POINT ( 'NONE',  ( -57.96190629000000200, -3.005605642999999500, 8.217551809000001500 ) ) ;
#1767 = CARTESIAN_POINT ( 'NONE',  ( -77.66984128000000000, -6.435302436000000600, 6.716342302000001900 ) ) ;
#1768 = CARTESIAN_POINT ( 'NONE',  ( -10.85942047000000200, -0.6182640390000000400, 7.562142487000000000 ) ) ;
#1769 = CARTESIAN_POINT ( 'NONE',  ( -53.91025826000000600, -3.004089789000000000, 8.306438280000001800 ) ) ;
#1770 = CARTESIAN_POINT ( 'NONE',  ( -51.54924583000000400, -2.953643225999999600, 8.367959404000000500 ) ) ;
#1771 = DIRECTION ( 'NONE',  ( -0.0000000000000000000, 0.0000000000000000000, 1.000000000000000000 ) ) ;
#1772 = CARTESIAN_POINT ( 'NONE',  ( 0.0000000000000000000, 0.0000000000000000000, -2.775557562000000400E-017 ) ) ;
#1773 = CARTESIAN_POINT ( 'NONE',  ( -10.85942047000000200, -3.704243750000000300, 8.410527177000000500 ) ) ;
#1774 = DIRECTION ( 'NONE',  ( 0.0000000000000000000, 0.0000000000000000000, 1.000000000000000000 ) ) ;
#1775 = DIRECTION ( 'NONE',  ( -1.000000000000000000, 0.0000000000000000000, 0.0000000000000000000 ) ) ;
#1776 = CARTESIAN_POINT ( 'NONE',  ( 150.0000000000000000, 0.0000000000000000000, 0.0000000000000000000 ) ) ;
#1777 = CARTESIAN_POINT ( 'NONE',  ( -10.85942047000000200, -6.719280376999999600, 8.210280107999999200 ) ) ;
#1778 = PLANE ( 'NONE',  #2395 ) ;
#1779 = DIRECTION ( 'NONE',  ( 1.000000000000000000, 0.0000000000000000000, -0.0000000000000000000 ) ) ;
#1780 = CARTESIAN_POINT ( 'NONE',  ( -7.893326600000000000, 4.619565818999999100, 0.003173780181000001200 ) ) ;
#1781 = CARTESIAN_POINT ( 'NONE',  ( -63.70624488000000000, 12.76357670000000000, 0.01233414353000000300 ) ) ;
#1782 = CARTESIAN_POINT ( 'NONE',  ( -22.29981898000000100, -7.183739119000000200, 8.625376290000000200 ) ) ;
#1783 = CARTESIAN_POINT ( 'NONE',  ( -53.91025825000000500, 10.43320947999999900, -0.01832476368000000200 ) ) ;
#1784 = CARTESIAN_POINT ( 'NONE',  ( -47.34038870999999900, -2.702027020000000100, 8.491793739999998500 ) ) ;
#1785 = CARTESIAN_POINT ( 'NONE',  ( -57.96190629000000200, 11.47265764000000100, -0.01681772704000000100 ) ) ;
#1786 = CARTESIAN_POINT ( 'NONE',  ( -67.34522254000000900, 13.49563347000000300, 0.03408168772000001700 ) ) ;
#1787 = CARTESIAN_POINT ( 'NONE',  ( -47.34038870999999900, 8.681221645999997300, -0.0004828931130000001700 ) ) ;
#1788 = CARTESIAN_POINT ( 'NONE',  ( -43.13153159000000200, -2.201299446000000200, 8.633283351999999400 ) ) ;
#1789 = CARTESIAN_POINT ( 'NONE',  ( -51.54924583000000400, 9.801402538000003200, -0.01234888525000000200 ) ) ;
#1790 = CARTESIAN_POINT ( 'NONE',  ( -41.28321253000000700, -1.939342369999999900, 8.697663593999999800 ) ) ;
#1791 = CARTESIAN_POINT ( 'NONE',  ( -38.01072656999999600, -1.453860803999999800, 8.813079333000001000 ) ) ;
#1792 = CARTESIAN_POINT ( 'NONE',  ( -34.73824061000000500, -1.005655003000000000, 8.921925892999999200 ) ) ;
#1793 = CARTESIAN_POINT ( 'NONE',  ( -33.31486616999999500, -0.8285815449999999200, 8.966740852000002700 ) ) ;
#1794 = CARTESIAN_POINT ( 'NONE',  ( -150.0000000000000000, 14.26143098999999200, 5.666627175999999500 ) ) ;
#1795 = CARTESIAN_POINT ( 'NONE',  ( -150.0000000000000000, 15.38312262999999200, 5.191356912999999900 ) ) ;
#1796 = CARTESIAN_POINT ( 'NONE',  ( -62.01355432000000400, 12.40022287000000000, 0.001763801618000000300 ) ) ;
#1797 = CARTESIAN_POINT ( 'NONE',  ( -150.0000000000000000, 17.50000000000000000, 4.000000000000000000 ) ) ;
#1798 = CARTESIAN_POINT ( 'NONE',  ( -150.0000000000000000, 13.10849767999999000, 6.056510861000003100 ) ) ;
#1799 = CARTESIAN_POINT ( 'NONE',  ( -150.0000000000000000, 16.46520086999999300, 4.634247251999999800 ) ) ;
#1800 = CARTESIAN_POINT ( 'NONE',  ( -22.29981898000000100, 4.611284228999998900, -0.003109272331000000600 ) ) ;
#1801 = CARTESIAN_POINT ( 'NONE',  ( -17.05481088966884000, 4.446623113056593200, 5.304019526469739700E-005 ) ) ;
#1802 = CARTESIAN_POINT ( 'NONE',  ( -4.338126124851890500, 4.840522876959095600, 0.001431014879595287200 ) ) ;
#1803 = CARTESIAN_POINT ( 'NONE',  ( -9.307092545651785900, 4.574695271179261400, 0.003006859864324894800 ) ) ;
#1804 = CARTESIAN_POINT ( 'NONE',  ( -6.819635899233252200, 4.686968463223284900, 0.002634571950553458900 ) ) ;
#1805 = CARTESIAN_POINT ( 'NONE',  ( -25.02286311000000700, 4.765880931999999100, -0.004178507785000000500 ) ) ;
#1806 = CARTESIAN_POINT ( 'NONE',  ( -33.31486616999999500, 5.715478709000001000, 0.001507561454000000500 ) ) ;
#1807 = CARTESIAN_POINT ( 'NONE',  ( -29.16886464000000200, 5.134127813999999300, -0.002704434865000000400 ) ) ;
#1808 = CARTESIAN_POINT ( 'NONE',  ( -11.80980281615280300, 4.503545771585669000, 0.002561329611996315400 ) ) ;
#1809 = CARTESIAN_POINT ( 'NONE',  ( -41.28321253000000700, 7.214534446999998400, 0.007454557735000001500 ) ) ;
#1810 = CARTESIAN_POINT ( 'NONE',  ( -38.01072656999999600, 6.516668209000001400, 0.006578762976000001500 ) ) ;
#1811 = CARTESIAN_POINT ( 'NONE',  ( -34.73824061000000500, 5.940991463000000500, 0.003159202565000001500 ) ) ;
#1812 = CARTESIAN_POINT ( 'NONE',  ( -16.66219469553833600, -7.028971292371547700, 8.563777501030129400 ) ) ;
#1813 = CARTESIAN_POINT ( 'NONE',  ( -2.406176180194330400, -6.038237838133354400, 7.256362080331188100 ) ) ;
#1814 = CARTESIAN_POINT ( 'NONE',  ( -11.02457042079004300, -6.728124787884795000, 8.220399558226702700 ) ) ;
#1815 = CARTESIAN_POINT ( 'NONE',  ( -43.13153159000000200, 7.643484527999998300, 0.006445026250000002000 ) ) ;
#1816 = CARTESIAN_POINT ( 'NONE',  ( -5.271690405649391000, -6.305819696219205500, 7.649825498785815200 ) ) ;
#1817 = CARTESIAN_POINT ( 'NONE',  ( -29.16886464000000200, -0.3905156589000000600, 9.084466928000001200 ) ) ;
#1818 = CARTESIAN_POINT ( 'NONE',  ( -25.02286311000000700, -0.1703982052000000100, 9.143152381999998500 ) ) ;
#1819 = CARTESIAN_POINT ( 'NONE',  ( -8.138702840655975400, -6.535097422492410300, 7.970101158720932900 ) ) ;
#1820 = CARTESIAN_POINT ( 'NONE',  ( -22.29981898000000100, -0.1148579676999999900, 9.138530792999999300 ) ) ;
#1821 = CARTESIAN_POINT ( 'NONE',  ( -17.47610965648564700, -0.005289050193485088200, 9.007646241463625400 ) ) ;
#1822 = CARTESIAN_POINT ( 'NONE',  ( -25.02286311000000700, -7.224204135999999100, 8.588369354999999300 ) ) ;
#1823 = DIRECTION ( 'NONE',  ( 0.0000000000000000000, 0.0000000000000000000, 1.000000000000000000 ) ) ;
#1824 = CARTESIAN_POINT ( 'NONE',  ( 0.0000000000000000000, 0.0000000000000000000, 1.000000000000000000 ) ) ;
#1825 = CARTESIAN_POINT ( 'NONE',  ( -12.65240034008244200, 0.2894710962924488300, 8.608829343688080700 ) ) ;
#1826 = CARTESIAN_POINT ( 'NONE',  ( -10.56364478006428000, 0.4766313595450109000, 8.377827188389387600 ) ) ;
#1827 = PLANE ( 'NONE',  #2388 ) ;
#1828 = DIRECTION ( 'NONE',  ( 0.0000000000000000000, 1.000000000000000000, 0.0000000000000000000 ) ) ;
#1829 = DIRECTION ( 'NONE',  ( 7.560643062271372000E-017, 1.383966429429561700E-016, -1.000000000000000000 ) ) ;
#1830 = CARTESIAN_POINT ( 'NONE',  ( 0.0000000000000000000, 0.0000000000000000000, 10.00000000000000000 ) ) ;
#1831 = CARTESIAN_POINT ( 'NONE',  ( -7.893326600000000000, 3.861076541000000100, 2.874090810999999900 ) ) ;
#1832 = DIRECTION ( 'NONE',  ( -1.000000000000000000, 0.0000000000000000000, -0.0000000000000000000 ) ) ;
#1833 = DIRECTION ( 'NONE',  ( 0.0000000000000000000, 0.0000000000000000000, -1.000000000000000000 ) ) ;
#1834 = CARTESIAN_POINT ( 'NONE',  ( 0.0000000000000000000, 0.0000000000000000000, 9.000000000000001800 ) ) ;
#1835 = PLANE ( 'NONE',  #2393 ) ;
#1836 = CARTESIAN_POINT ( 'NONE',  ( -7.893326600000000000, 2.110011493999999700, 5.483369811000002000 ) ) ;
#1837 = CARTESIAN_POINT ( 'NONE',  ( -7.893326600000000000, -0.5222940271000000600, 7.360627058999999600 ) ) ;
#1838 = CARTESIAN_POINT ( 'NONE',  ( -7.893326600000000000, -3.558717355000000200, 8.166179508000000800 ) ) ;
#1839 = DIRECTION ( 'NONE',  ( 1.000000000000000000, 0.0000000000000000000, 0.0000000000000000000 ) ) ;
#1840 = DIRECTION ( 'NONE',  ( -0.0000000000000000000, 0.0000000000000000000, 1.000000000000000000 ) ) ;
#1841 = CARTESIAN_POINT ( 'NONE',  ( 0.0000000000000000000, 0.0000000000000000000, 1.000000000000000000 ) ) ;
#1842 = DIRECTION ( 'NONE',  ( 1.000000000000000000, 0.0000000000000000000, 0.0000000000000000000 ) ) ;
#1843 = CARTESIAN_POINT ( 'NONE',  ( -7.893326600000000000, -6.518589931999999400, 7.948637711000001700 ) ) ;
#1844 = DIRECTION ( 'NONE',  ( -0.0000000000000000000, 0.0000000000000000000, 1.000000000000000000 ) ) ;
#1845 = CARTESIAN_POINT ( 'NONE',  ( 0.0000000000000000000, 0.0000000000000000000, 1.000000000000000000 ) ) ;
#1846 = CARTESIAN_POINT ( 'NONE',  ( -4.946663294000002200, 4.780356734000000600, 0.002178446929000000300 ) ) ;
#1847 = DIRECTION ( 'NONE',  ( 0.0000000000000000000, 1.000000000000000000, 0.0000000000000000000 ) ) ;
#1848 = DIRECTION ( 'NONE',  ( 7.560643062271372000E-017, 1.383966429429561700E-016, -1.000000000000000000 ) ) ;
#1849 = CARTESIAN_POINT ( 'NONE',  ( 0.0000000000000000000, 0.0000000000000000000, 10.00000000000000000 ) ) ;
#1850 = CARTESIAN_POINT ( 'NONE',  ( -4.946663294000002200, 3.947301745000001200, 2.783347323000000100 ) ) ;
#1851 = DIRECTION ( 'NONE',  ( 1.000000000000000000, 0.0000000000000000000, 0.0000000000000000000 ) ) ;
#1852 = CARTESIAN_POINT ( 'NONE',  ( -4.946663294000002200, 2.174309725000000100, 5.283623107000001300 ) ) ;
#1853 = DIRECTION ( 'NONE',  ( -0.0000000000000000000, 0.0000000000000000000, 1.000000000000000000 ) ) ;
#1854 = CARTESIAN_POINT ( 'NONE',  ( 0.0000000000000000000, 0.0000000000000000000, -2.775557562000000400E-017 ) ) ;
#1855 = CARTESIAN_POINT ( 'NONE',  ( -4.946663294000002200, -0.4198059225000000400, 7.067903103000000800 ) ) ;
#1856 = CARTESIAN_POINT ( 'NONE',  ( -150.0000000000000000, 17.50000000000000000, 4.000000000000000000 ) ) ;
#1857 = CARTESIAN_POINT ( 'NONE',  ( -150.0000000000000000, 15.54808591000000100, 4.558777671999999700 ) ) ;
#1858 = CARTESIAN_POINT ( 'NONE',  ( -4.946663294000002200, -3.387202027000000300, 7.829147487000001100 ) ) ;
#1859 = CARTESIAN_POINT ( 'NONE',  ( -150.0000000000000000, 13.56260061000000200, 5.000284966999998900 ) ) ;
#1860 = CARTESIAN_POINT ( 'NONE',  ( -150.0000000000000000, 11.55293794000000300, 5.321830995000000000 ) ) ;
#1861 = CARTESIAN_POINT ( 'NONE',  ( -150.0000000000000000, 9.528816244999999800, 5.521860818999999600 ) ) ;
#1862 = CARTESIAN_POINT ( 'NONE',  ( -150.0000000000000000, 7.500000000000000000, 5.599999999999999600 ) ) ;
#1863 = CARTESIAN_POINT ( 'NONE',  ( -4.946663294000002200, -6.279645069000000700, 7.613169269999999300 ) ) ;
#1864 = DIRECTION ( 'NONE',  ( 1.000000000000000000, 0.0000000000000000000, 0.0000000000000000000 ) ) ;
#1865 = DIRECTION ( 'NONE',  ( 0.0000000000000000000, 0.0000000000000000000, 1.000000000000000000 ) ) ;
#1866 = CARTESIAN_POINT ( 'NONE',  ( 0.0000000000000000000, 0.0000000000000000000, 0.0000000000000000000 ) ) ;
#1867 = CARTESIAN_POINT ( 'NONE',  ( -2.000000000000000000, 5.000000000000000000, 1.859227323000000100E-030 ) ) ;
#1868 = CARTESIAN_POINT ( 'NONE',  ( -150.0000000000000000, 17.50000000000000000, 4.000000000000000000 ) ) ;
#1869 = CARTESIAN_POINT ( 'NONE',  ( -150.0000000000000000, 15.54808591000000100, 4.558777671999999700 ) ) ;
#1870 = CARTESIAN_POINT ( 'NONE',  ( -150.0000000000000000, 13.56260061000000200, 5.000284966999998900 ) ) ;
#1871 = CARTESIAN_POINT ( 'NONE',  ( -150.0000000000000000, 11.55293794000000300, 5.321830995000000000 ) ) ;
#1872 = CARTESIAN_POINT ( 'NONE',  ( -150.0000000000000000, 9.528816244999999800, 5.521860818999999600 ) ) ;
#1873 = CARTESIAN_POINT ( 'NONE',  ( -2.000000000000000000, 4.070994185000000900, 2.671288238999999500 ) ) ;
#1874 = CARTESIAN_POINT ( 'NONE',  ( -150.0000000000000000, 7.500000000000000000, 5.599999999999999600 ) ) ;
#1875 = CARTESIAN_POINT ( 'NONE',  ( -2.000000000000000000, 2.266127880000000400, 5.038960430000000400 ) ) ;
#1876 = CARTESIAN_POINT ( 'NONE',  ( -147.8729981000000200, 17.60417986999999900, 3.856443569999999300 ) ) ;
#1877 = CARTESIAN_POINT ( 'NONE',  ( -147.8729981000000200, 15.43937278999999800, 4.490112976999999000 ) ) ;
#1878 = CARTESIAN_POINT ( 'NONE',  ( -147.8729981000000200, 13.23230437999999900, 4.980689195000001800 ) ) ;
#1879 = CARTESIAN_POINT ( 'NONE',  ( -147.8729981000000200, 10.99577712000000000, 5.324411535999997700 ) ) ;
#1880 = CARTESIAN_POINT ( 'NONE',  ( -8.485585687199776600, 0.7294204850763613700, 8.087797680528678900 ) ) ;
#1881 = CARTESIAN_POINT ( 'NONE',  ( -6.414431641530362600, 1.051221535231331400, 7.736963634959688600 ) ) ;
#1882 = CARTESIAN_POINT ( 'NONE',  ( -147.8729981000000200, 8.743082993999999900, 5.519221578999999900 ) ) ;
#1883 = CARTESIAN_POINT ( 'NONE',  ( -2.000000000000000000, -0.2880934505999999700, 6.710814391999999600 ) ) ;
#1884 = CARTESIAN_POINT ( 'NONE',  ( -2.000000000000000000, -3.180154482999999900, 7.417494638999999200 ) ) ;
#1885 = CARTESIAN_POINT ( 'NONE',  ( -147.8729981000000200, 6.487563880000000600, 5.564831533999998700 ) ) ;
#1886 = CARTESIAN_POINT ( 'NONE',  ( -145.7459963000000000, 17.72600130000000000, 3.710928552000000400 ) ) ;
#1887 = CARTESIAN_POINT ( 'NONE',  ( -145.7459963000000000, 15.36503242000000200, 4.426847847000000300 ) ) ;
#1888 = CARTESIAN_POINT ( 'NONE',  ( -2.000000000000000000, -6.000000000000000000, 7.200000000000001100 ) ) ;
#1889 = CARTESIAN_POINT ( 'NONE',  ( -145.7459963000000000, 12.95181236000000000, 4.972027937000000000 ) ) ;
#1890 = CARTESIAN_POINT ( 'NONE',  ( -145.7459963000000000, 10.50309905000000100, 5.341398576000000500 ) ) ;
#1891 = CARTESIAN_POINT ( 'NONE',  ( -145.7459963000000000, 8.036366149999999200, 5.532315924999999800 ) ) ;
#1892 = CARTESIAN_POINT ( 'NONE',  ( -145.7459963000000000, 5.569123011000000300, 5.544665957000000300 ) ) ;
#1893 = CARTESIAN_POINT ( 'NONE',  ( -143.5797921999999900, 17.86731707999999900, 3.560816822999999700 ) ) ;
#1894 = DIRECTION ( 'NONE',  ( 0.0000000000000000000, 0.0000000000000000000, 1.000000000000000000 ) ) ;
#1895 = CARTESIAN_POINT ( 'NONE',  ( -143.5797921999999900, 15.32286360000000000, 4.368060637999999300 ) ) ;
#1896 = CARTESIAN_POINT ( 'NONE',  ( -143.5797921999999900, 12.71410966999999900, 4.974513132000000200 ) ) ;
#1897 = CARTESIAN_POINT ( 'NONE',  ( -143.5797921999999900, 10.06259822000000200, 5.373353793000001500 ) ) ;
#1898 = CARTESIAN_POINT ( 'NONE',  ( -6.500000000000000900, 7.960204194457796500E-016, 0.0000000000000000000 ) ) ;
#1899 = CARTESIAN_POINT ( 'NONE',  ( -67.34522254000000900, -6.896228165000001000, 6.633981543999999200 ) ) ;
#1900 = CARTESIAN_POINT ( 'NONE',  ( -143.5797921999999900, 7.390944777999998800, 5.561187782000000200 ) ) ;
#1901 = CARTESIAN_POINT ( 'NONE',  ( -143.5797921999999900, 4.721744552999999700, 5.538209746000000600 ) ) ;
#1902 = CARTESIAN_POINT ( 'NONE',  ( -139.8804493000000700, 18.14213137999999900, 3.300731988000000300 ) ) ;
#1903 = CARTESIAN_POINT ( 'NONE',  ( -139.8804493000000700, 15.31156780000000100, 4.267528406999999500 ) ) ;
#1904 = CARTESIAN_POINT ( 'NONE',  ( -139.8804493000000700, 12.39514358000000300, 4.983569904000001200 ) ) ;
#1905 = CARTESIAN_POINT ( 'NONE',  ( -139.8804493000000700, 9.422682636000002900, 5.438746401000002200 ) ) ;
#1906 = CARTESIAN_POINT ( 'NONE',  ( -150.0000000000000000, 7.500000000000000000, 5.599999999999999600 ) ) ;
#1907 = CARTESIAN_POINT ( 'NONE',  ( -139.8804493000000700, 6.425786082000000100, 5.628237564999999200 ) ) ;
#1908 = CARTESIAN_POINT ( 'NONE',  ( -139.8804493000000700, 3.435932008000000000, 5.552801311999999700 ) ) ;
#1909 = CARTESIAN_POINT ( 'NONE',  ( -136.1811064000000300, 18.45279982999999600, 3.037746718000000200 ) ) ;
#1910 = CARTESIAN_POINT ( 'NONE',  ( -2.406176180194330400, -6.038237838133354400, 7.256362080331188100 ) ) ;
#1911 = CARTESIAN_POINT ( 'NONE',  ( -2.714619296798408400, -5.915326402711197100, 7.310364658986003400 ) ) ;
#1912 = CARTESIAN_POINT ( 'NONE',  ( -136.1811064000000300, 15.37634736000000000, 4.164924947999997700 ) ) ;
#1913 = CARTESIAN_POINT ( 'NONE',  ( -150.0000000000002800, 8.269622618000095600, 6.116118001000000200 ) ) ;
#1914 = CARTESIAN_POINT ( 'NONE',  ( -136.1811064000000300, 12.19089295999999900, 4.994251949999999800 ) ) ;
#1915 = CARTESIAN_POINT ( 'NONE',  ( -136.1811064000000300, 8.934832197000000400, 5.511682654000000300 ) ) ;
#1916 = CARTESIAN_POINT ( 'NONE',  ( -136.1811064000000300, 5.649282997000000300, 5.710691552000000100 ) ) ;
#1917 = CARTESIAN_POINT ( 'NONE',  ( -150.0000000000002800, 9.147928450000092600, 6.470210205000000800 ) ) ;
#1918 = CARTESIAN_POINT ( 'NONE',  ( -136.1811064000000300, 2.375101170999999800, 5.592745759999999700 ) ) ;
#1919 = CARTESIAN_POINT ( 'NONE',  ( -134.6767424999999900, 18.58311451999999900, 2.930630984999999600 ) ) ;
#1920 = CARTESIAN_POINT ( 'NONE',  ( -134.6767424999999900, 15.41243196000000300, 4.121636061999999400 ) ) ;
#1921 = CARTESIAN_POINT ( 'NONE',  ( -134.6767424999999900, 12.12343044000000200, 4.996626318000000600 ) ) ;
#1922 = CARTESIAN_POINT ( 'NONE',  ( -150.0000000000002800, 10.08949747000010600, 6.631371979999996400 ) ) ;
#1923 = CARTESIAN_POINT ( 'NONE',  ( -134.6767424999999900, 8.757895313000000600, 5.539933390000000700 ) ) ;
#1924 = CARTESIAN_POINT ( 'NONE',  ( -134.6767424999999900, 5.360733669999999200, 5.744321534000000000 ) ) ;
#1925 = CARTESIAN_POINT ( 'NONE',  ( -134.6767424999999900, 1.976534336999999700, 5.611540571999999100 ) ) ;
#1926 = CARTESIAN_POINT ( 'NONE',  ( -131.0070173000000300, 18.90153695000000100, 2.670687965000000400 ) ) ;
#1927 = CARTESIAN_POINT ( 'NONE',  ( -150.0000000000002800, 11.03556988000009700, 6.589545819999995200 ) ) ;
#1928 = CARTESIAN_POINT ( 'NONE',  ( -3.014025800209087200, -5.768439076930927300, 7.360489470242889400 ) ) ;
#1929 = CARTESIAN_POINT ( 'NONE',  ( -3.583601583868468900, -5.432958733202851500, 7.445497439341495200 ) ) ;
#1930 = CARTESIAN_POINT ( 'NONE',  ( -131.0070173000000300, 15.52076894999999900, 4.030846165000000700 ) ) ;
#1931 = CARTESIAN_POINT ( 'NONE',  ( -131.0070173000000300, 11.99305764000000000, 5.024783210999999000 ) ) ;
#1932 = CARTESIAN_POINT ( 'NONE',  ( -51.54924583000000400, -6.993809838999999900, 6.896107536999999800 ) ) ;
#1933 = CARTESIAN_POINT ( 'NONE',  ( -47.34038870999999900, 8.681221645999997300, -0.0004828931130000001700 ) ) ;
#1934 = CARTESIAN_POINT ( 'NONE',  ( -47.34038870999999900, 6.523616948999999100, 2.866937187000000000 ) ) ;
#1935 = CARTESIAN_POINT ( 'NONE',  ( -131.0070173000000300, 8.371097930000001200, 5.631214975999999000 ) ) ;
#1936 = CARTESIAN_POINT ( 'NONE',  ( -131.0070173000000300, 4.712259930000000100, 5.840571508999999200 ) ) ;
#1937 = CARTESIAN_POINT ( 'NONE',  ( -131.0070173000000300, 1.073286315999999900, 5.655878213999999500 ) ) ;
#1938 = CARTESIAN_POINT ( 'NONE',  ( -127.3372921000000000, 19.19109864000000300, 2.418541548000000300 ) ) ;
#1939 = CARTESIAN_POINT ( 'NONE',  ( -127.3372921000000000, 15.63781426000000100, 3.954655576999999600 ) ) ;
#1940 = CARTESIAN_POINT ( 'NONE',  ( -127.3372921000000000, 11.90225407000000100, 5.069276439000000200 ) ) ;
#1941 = CARTESIAN_POINT ( 'NONE',  ( -127.3372921000000000, 8.051137491000000400, 5.733362470000001200 ) ) ;
#1942 = CARTESIAN_POINT ( 'NONE',  ( -127.3372921000000000, 4.158206803999999800, 5.934229823000000800 ) ) ;
#1943 = CARTESIAN_POINT ( 'NONE',  ( -127.3372921000000000, 0.2960439479000000500, 5.676956994000001100 ) ) ;
#1944 = CARTESIAN_POINT ( 'NONE',  ( -125.1548375999999800, 19.33869528000000000, 2.273460638000000400 ) ) ;
#1945 = CARTESIAN_POINT ( 'NONE',  ( -125.1548375999999800, 15.69203891000000100, 3.906929893999999700 ) ) ;
#1946 = CARTESIAN_POINT ( 'NONE',  ( -125.1548375999999800, 11.84248669000000300, 5.087497258999999200 ) ) ;
#1947 = CARTESIAN_POINT ( 'NONE',  ( -125.1548375999999800, 7.865029944999999000, 5.781439271000000000 ) ) ;
#1948 = CARTESIAN_POINT ( 'NONE',  ( -3.855188699419140000, -5.243930651281889500, 7.480672556299165200 ) ) ;
#1949 = CARTESIAN_POINT ( 'NONE',  ( -125.1548375999999800, 3.843136782000000600, 5.974193614000000700 ) ) ;
#1950 = CARTESIAN_POINT ( 'NONE',  ( -125.1548375999999800, -0.1412123113000000300, 5.672097538999999200 ) ) ;
#1951 = CARTESIAN_POINT ( 'NONE',  ( -120.0080568000000100, 19.58605695000000000, 1.947050609999999800 ) ) ;
#1952 = CARTESIAN_POINT ( 'NONE',  ( -150.0000000000000000, 11.93303287000000200, 6.358771187000000300 ) ) ;
#1953 = CARTESIAN_POINT ( 'NONE',  ( -120.0080568000000100, 15.70532494999999800, 3.696408248000000500 ) ) ;
#1954 = CARTESIAN_POINT ( 'NONE',  ( -120.0080568000000100, 11.60666305999999900, 4.962315024999999700 ) ) ;
#1955 = CARTESIAN_POINT ( 'NONE',  ( -120.0080568000000100, 7.370349242000000500, 5.708441674000000400 ) ) ;
#1956 = CARTESIAN_POINT ( 'NONE',  ( -120.0080568000000100, 3.085820588999999900, 5.919036224000000100 ) ) ;
#1957 = CARTESIAN_POINT ( 'NONE',  ( -120.0080568000000100, -1.159063650000000000, 5.600815000999999100 ) ) ;
#1958 = CARTESIAN_POINT ( 'NONE',  ( -114.8612759000000200, 19.56526504000000000, 1.635860815999999900 ) ) ;
#1959 = CARTESIAN_POINT ( 'NONE',  ( -150.0000000000000000, 7.500000000000000000, 5.599999999999999600 ) ) ;
#1960 = CARTESIAN_POINT ( 'NONE',  ( -114.8612759000000200, 15.50060289000000100, 3.468319078000000800 ) ) ;
#1961 = CARTESIAN_POINT ( 'NONE',  ( -114.8612759000000200, 11.20767858999999900, 4.794406285000000000 ) ) ;
#1962 = CARTESIAN_POINT ( 'NONE',  ( -114.8612759000000200, 6.770563404000002400, 5.576077421000000800 ) ) ;
#1963 = CARTESIAN_POINT ( 'NONE',  ( -114.8612759000000200, 2.282915812999999800, 5.796832857000000100 ) ) ;
#1964 = CARTESIAN_POINT ( 'NONE',  ( -147.8729981000000200, 6.487563880000000600, 5.564831533999998700 ) ) ;
#1965 = CARTESIAN_POINT ( 'NONE',  ( -114.8612759000000200, -2.163252986999999900, 5.463697523000001300 ) ) ;
#1966 = CARTESIAN_POINT ( 'NONE',  ( -111.8843762999999900, 19.44940802999999700, 1.451103618999999700 ) ) ;
#1967 = CARTESIAN_POINT ( 'NONE',  ( -145.7459963000000000, 5.569123011000000300, 5.544665957000000300 ) ) ;
#1968 = CARTESIAN_POINT ( 'NONE',  ( -51.54924583000000400, 4.245156284000000100, 5.187664983000000300 ) ) ;
#1969 = CARTESIAN_POINT ( 'NONE',  ( -51.54924583000000400, 0.6097961740000000800, 6.682583137999999100 ) ) ;
#1970 = CARTESIAN_POINT ( 'NONE',  ( -4.371786842207206400, -4.821697666785704300, 7.529535524311723000 ) ) ;
#1971 = CARTESIAN_POINT ( 'NONE',  ( -4.615927845269255600, -4.588445609478047700, 7.542882905753590000 ) ) ;
#1972 = CARTESIAN_POINT ( 'NONE',  ( -5.060167907205377300, -4.093326731982091200, 7.540000642517849600 ) ) ;
#1973 = CARTESIAN_POINT ( 'NONE',  ( -5.262630056689730800, -3.829669958959208500, 7.524077995520637600 ) ) ;
#1974 = CARTESIAN_POINT ( 'NONE',  ( -111.8843762999999900, 15.29948143000000200, 3.331071788000000000 ) ) ;
#1975 = CARTESIAN_POINT ( 'NONE',  ( -51.54924583000000400, -3.233773513000000000, 7.242191399000000200 ) ) ;
#1976 = CARTESIAN_POINT ( 'NONE',  ( -111.8843762999999900, 10.91506126000000200, 4.693519000999999400 ) ) ;
#1977 = CARTESIAN_POINT ( 'NONE',  ( -111.8843762999999900, 6.382188667999998600, 5.499295945000001000 ) ) ;
#1978 = CARTESIAN_POINT ( 'NONE',  ( -111.8843762999999900, 1.796795041000000200, 5.731342612000001500 ) ) ;
#1979 = CARTESIAN_POINT ( 'NONE',  ( -111.8843762999999900, -2.746854169999999800, 5.396745068999999600 ) ) ;
#1980 = CARTESIAN_POINT ( 'NONE',  ( -106.8278862999999900, 19.11883898000000300, 1.079685329000000100 ) ) ;
#1981 = CARTESIAN_POINT ( 'NONE',  ( -106.8278862999999900, 14.87850916000000000, 3.078097745000000400 ) ) ;
#1982 = CARTESIAN_POINT ( 'NONE',  ( -106.8278862999999900, 10.38927791000000100, 4.548129165000000600 ) ) ;
#1983 = CARTESIAN_POINT ( 'NONE',  ( -106.8278862999999900, 5.738853056000000000, 5.448320119000001700 ) ) ;
#1984 = CARTESIAN_POINT ( 'NONE',  ( -106.8278862999999900, 1.025380201000000200, 5.759681533000000200 ) ) ;
#1985 = CARTESIAN_POINT ( 'NONE',  ( -106.8278862999999900, -3.654300737000000200, 5.487965110000000200 ) ) ;
#1986 = CARTESIAN_POINT ( 'NONE',  ( -101.7713962999999900, 18.60982314000000300, 0.6641213907000000900 ) ) ;
#1987 = CARTESIAN_POINT ( 'NONE',  ( -101.7713962999999900, 14.36754229000000300, 2.831226498999999600 ) ) ;
#1988 = CARTESIAN_POINT ( 'NONE',  ( -101.7713962999999900, 9.854199599000002900, 4.467923861999999200 ) ) ;
#1989 = CARTESIAN_POINT ( 'NONE',  ( -101.7713962999999900, 5.158252665999999200, 5.528841896999999500 ) ) ;
#1990 = CARTESIAN_POINT ( 'NONE',  ( -5.627585199399264000, -3.269851973963217700, 7.455946615262384100 ) ) ;
#1991 = CARTESIAN_POINT ( 'NONE',  ( -5.786217744177352400, -2.979026262226257300, 7.404122222681751400 ) ) ;
#1992 = CARTESIAN_POINT ( 'NONE',  ( -70.98420019000001000, -6.760231926999999500, 6.631309965000000700 ) ) ;
#1993 = CARTESIAN_POINT ( 'NONE',  ( -101.7713962999999900, 0.3796843303000000900, 5.991400418000001300 ) ) ;
#1994 = CARTESIAN_POINT ( 'NONE',  ( -101.7713962999999900, -4.382136674999999900, 5.858550553999998900 ) ) ;
#1995 = CARTESIAN_POINT ( 'NONE',  ( -143.5797921999999900, 4.721744552999999700, 5.538209746000000600 ) ) ;
#1996 = CARTESIAN_POINT ( 'NONE',  ( -99.68599674999998700, 18.37550110000000100, 0.4916552019999999600 ) ) ;
#1997 = CARTESIAN_POINT ( 'NONE',  ( -99.68599674999998700, 14.24083912999999900, 2.939545687999999500 ) ) ;
#1998 = CARTESIAN_POINT ( 'NONE',  ( -99.68599674999998700, 9.733919844999999100, 4.776586033000000100 ) ) ;
#1999 = CARTESIAN_POINT ( 'NONE',  ( -139.8804493000000700, 3.435932008000000000, 5.552801311999999700 ) ) ;
#2000 = CARTESIAN_POINT ( 'NONE',  ( -99.68599674999998700, 4.981575203000001100, 5.922850939999999100 ) ) ;
#2001 = CARTESIAN_POINT ( 'NONE',  ( -99.68599674999998700, 0.1382338480000000200, 6.342364964999999800 ) ) ;
#2002 = CARTESIAN_POINT ( 'NONE',  ( -99.68599674999998700, -4.647374540999998700, 6.050628997000000500 ) ) ;
#2003 = CARTESIAN_POINT ( 'NONE',  ( -6.053714602201902800, -2.389027578148490000, 7.263803426812956800 ) ) ;
#2004 = CARTESIAN_POINT ( 'NONE',  ( -6.163657617923710100, -2.088165843635521000, 7.175131239763464600 ) ) ;
#2005 = CARTESIAN_POINT ( 'NONE',  ( -136.1811064000000300, 2.375101170999999800, 5.592745759999999700 ) ) ;
#2006 = CARTESIAN_POINT ( 'NONE',  ( -96.65073190999997600, 18.00493523000000100, 0.2664366353000000600 ) ) ;
#2007 = CARTESIAN_POINT ( 'NONE',  ( -96.65073190999997600, 14.05234647000000300, 3.089391247000000900 ) ) ;
#2008 = CARTESIAN_POINT ( 'NONE',  ( -96.65073190999997600, 9.580719210000001600, 5.201083805000000600 ) ) ;
#2009 = CARTESIAN_POINT ( 'NONE',  ( -134.6767424999999900, 1.976534336999999700, 5.611540571999999100 ) ) ;
#2010 = CARTESIAN_POINT ( 'NONE',  ( -96.65073190999997600, 4.766221594000001000, 6.470169681000001600 ) ) ;
#2011 = CARTESIAN_POINT ( 'NONE',  ( -96.65073190999997600, -0.1631147709000000100, 6.837050266999998600 ) ) ;
#2012 = CARTESIAN_POINT ( 'NONE',  ( -96.65073190999997600, -4.989488182000001400, 6.330039261999999700 ) ) ;
#2013 = CARTESIAN_POINT ( 'NONE',  ( -131.0070173000000300, 1.073286315999999900, 5.655878213999999500 ) ) ;
#2014 = CARTESIAN_POINT ( 'NONE',  ( -93.61546706000000000, 17.59977849000000200, 0.1012608264000000200 ) ) ;
#2015 = CARTESIAN_POINT ( 'NONE',  ( -93.61546706000000000, 13.76567543999999900, 3.115125116999999800 ) ) ;
#2016 = CARTESIAN_POINT ( 'NONE',  ( -127.3372921000000000, 0.2960439479000000500, 5.676956994000001100 ) ) ;
#2017 = CARTESIAN_POINT ( 'NONE',  ( -93.61546706000000000, 9.340353330999999300, 5.380225188000000700 ) ) ;
#2018 = CARTESIAN_POINT ( 'NONE',  ( -93.61546706000000000, 4.519708248999999800, 6.740054177999999400 ) ) ;
#2019 = CARTESIAN_POINT ( 'NONE',  ( -93.61546706000000000, -0.4366743877000001100, 7.121455744999999600 ) ) ;
#2020 = CARTESIAN_POINT ( 'NONE',  ( -125.1548375999999800, -0.1412123113000000300, 5.672097538999999200 ) ) ;
#2021 = CARTESIAN_POINT ( 'NONE',  ( -93.61546706000000000, -5.280015934999999800, 6.555611240999999400 ) ) ;
#2022 = CARTESIAN_POINT ( 'NONE',  ( -53.91025826000000600, -7.010268366000000000, 6.829123194000001000 ) ) ;
#2023 = CARTESIAN_POINT ( 'NONE',  ( -6.338045494807418300, -1.476580890864577000, 6.957025591916674600 ) ) ;
#2024 = CARTESIAN_POINT ( 'NONE',  ( -6.400255067109140900, -1.173319173146497600, 6.830120539671684200 ) ) ;
#2025 = CARTESIAN_POINT ( 'NONE',  ( -6.481104887355142500, -0.5789838039450852000, 6.544367777842547100 ) ) ;
#2026 = CARTESIAN_POINT ( 'NONE',  ( -51.54924583000000400, 9.801402538000003200, -0.01234888525000000200 ) ) ;
#2027 = CARTESIAN_POINT ( 'NONE',  ( -92.66937994999999300, 17.47050541000000100, 0.05655357106000001600 ) ) ;
#2028 = CARTESIAN_POINT ( 'NONE',  ( -51.54924583000000400, 7.371420692000000900, 2.880691127000000000 ) ) ;
#2029 = CARTESIAN_POINT ( 'NONE',  ( -92.66937994999999300, 13.66203690000000200, 3.103894987000000300 ) ) ;
#2030 = CARTESIAN_POINT ( 'NONE',  ( -92.66937994999999300, 9.251165877000000000, 5.399541468999999900 ) ) ;
#2031 = CARTESIAN_POINT ( 'NONE',  ( -92.66937994999999300, 4.435742937000000600, 6.783191899000000200 ) ) ;
#2032 = CARTESIAN_POINT ( 'NONE',  ( -92.66937994999999300, -0.5209399616000000000, 7.179196989000000300 ) ) ;
#2033 = CARTESIAN_POINT ( 'NONE',  ( -92.66937994999999300, -5.366117523999999000, 6.618386548999998500 ) ) ;
#2034 = CARTESIAN_POINT ( 'NONE',  ( -88.93744532000002300, 16.95003629999999700, -0.09028127656000004000 ) ) ;
#2035 = CARTESIAN_POINT ( 'NONE',  ( -88.93744532000002300, 13.21197204999999800, 3.019809817999999700 ) ) ;
#2036 = CARTESIAN_POINT ( 'NONE',  ( -88.93744532000002300, 8.857233814000002400, 5.386793214000000800 ) ) ;
#2037 = CARTESIAN_POINT ( 'NONE',  ( -88.93744532000002300, 4.081537961999999600, 6.846314037999999200 ) ) ;
#2038 = CARTESIAN_POINT ( 'NONE',  ( -88.93744532000002300, -0.8523491688000000000, 7.318068287000000000 ) ) ;
#2039 = CARTESIAN_POINT ( 'NONE',  ( -88.93744532000002300, -5.690270499000001300, 6.828930270999998200 ) ) ;
#2040 = CARTESIAN_POINT ( 'NONE',  ( -85.20551069000001100, 16.39353576000000200, -0.1225017736000000200 ) ) ;
#2041 = CARTESIAN_POINT ( 'NONE',  ( -85.20551069000001100, 12.68998256000000100, 2.936747614999999400 ) ) ;
#2042 = CARTESIAN_POINT ( 'NONE',  ( -85.20551069000001100, 8.395050128000001200, 5.280599969999999900 ) ) ;
#2043 = CARTESIAN_POINT ( 'NONE',  ( -85.20551069000001100, 3.692542571999999800, 6.755207706000001100 ) ) ;
#2044 = CARTESIAN_POINT ( 'NONE',  ( -85.20551069000001100, -1.172338640000000000, 7.283520252999999800 ) ) ;
#2045 = CARTESIAN_POINT ( 'NONE',  ( -85.20551069000001100, -5.960777478999999900, 6.886615744000000200 ) ) ;
#2046 = CARTESIAN_POINT ( 'NONE',  ( -120.0080568000000100, -1.159063650000000000, 5.600815000999999100 ) ) ;
#2047 = CARTESIAN_POINT ( 'NONE',  ( -82.40763862000001400, 15.96505515000000100, -0.08497697677000003200 ) ) ;
#2048 = CARTESIAN_POINT ( 'NONE',  ( -82.40763862000001400, 12.28687897999999700, 2.917567304999999900 ) ) ;
#2049 = CARTESIAN_POINT ( 'NONE',  ( -82.40763862000001400, 8.036587782000001600, 5.218717368999999300 ) ) ;
#2050 = CARTESIAN_POINT ( 'NONE',  ( -114.8612759000000200, -2.163252986999999900, 5.463697523000001300 ) ) ;
#2051 = CARTESIAN_POINT ( 'NONE',  ( -6.499999999976416200, -0.2868298474719820400, 6.385130344578083600 ) ) ;
#2052 = CARTESIAN_POINT ( 'NONE',  ( -6.499999999999998200, -5.344377284471901700E-010, 6.209626659594354300 ) ) ;
#2053 = CARTESIAN_POINT ( 'NONE',  ( -82.40763862000001400, 3.391909018999999400, 6.671928162000000400 ) ) ;
#2054 = CARTESIAN_POINT ( 'NONE',  ( -82.40763862000001400, -1.411959637999999700, 7.203623319000001000 ) ) ;
#2055 = CARTESIAN_POINT ( 'NONE',  ( -82.40763862000001400, -6.145465108999999900, 6.832936762999999300 ) ) ;
#2056 = CARTESIAN_POINT ( 'NONE',  ( -77.66984128000000000, 15.23510650000000200, -0.008781250397000003200 ) ) ;
#2057 = CARTESIAN_POINT ( 'NONE',  ( -111.8843762999999900, -2.746854169999999800, 5.396745068999999600 ) ) ;
#2058 = CARTESIAN_POINT ( 'NONE',  ( -77.66984128000000000, 11.60105484000000000, 2.882930086000000000 ) ) ;
#2059 = CARTESIAN_POINT ( 'NONE',  ( -77.66984128000000000, 7.430622615000001700, 5.100074963999999200 ) ) ;
#2060 = CARTESIAN_POINT ( 'NONE',  ( -77.66984128000000000, 2.890281822999999600, 6.509104687999999900 ) ) ;
#2061 = CARTESIAN_POINT ( 'NONE',  ( -106.8278862999999900, -3.654300737000000200, 5.487965110000000200 ) ) ;
#2062 = CARTESIAN_POINT ( 'NONE',  ( -77.66984128000000000, -1.802636279999999800, 7.042578680000001000 ) ) ;
#2063 = CARTESIAN_POINT ( 'NONE',  ( -77.66984128000000000, -6.435302436000000600, 6.716342302000001900 ) ) ;
#2064 = CARTESIAN_POINT ( 'NONE',  ( -72.93204394000001400, 14.46665357000000200, 0.03433798420000001800 ) ) ;
#2065 = CARTESIAN_POINT ( 'NONE',  ( -101.7713962999999900, -4.382136674999999900, 5.858550553999998900 ) ) ;
#2066 = CARTESIAN_POINT ( 'NONE',  ( -6.500000000000005300, -4.876207402269851900E-010, 8.510381697842191800 ) ) ;
#2067 = CARTESIAN_POINT ( 'NONE',  ( -6.499999999977301700, -0.3026450034820070100, 8.682272475845321600 ) ) ;
#2068 = CARTESIAN_POINT ( 'NONE',  ( -6.479048303366132800, -0.6174397855308645400, 8.822850902539540700 ) ) ;
#2069 = CARTESIAN_POINT ( 'NONE',  ( -6.382966285764992700, -1.271628955668828700, 9.038557352408904700 ) ) ;
#2070 = CARTESIAN_POINT ( 'NONE',  ( -6.309134997896551400, -1.600365041989612300, 9.109870400093621300 ) ) ;
#2071 = CARTESIAN_POINT ( 'NONE',  ( -6.106975172553140000, -2.251934042356722900, 9.182799397641366200 ) ) ;
#2072 = CARTESIAN_POINT ( 'NONE',  ( -5.976339299216052200, -2.578837975535824200, 9.183627384809778200 ) ) ;
#2073 = CARTESIAN_POINT ( 'NONE',  ( -5.672613081549012100, -3.191942598239967800, 9.122244453668411500 ) ) ;
#2074 = CARTESIAN_POINT ( 'NONE',  ( -5.497471523690529200, -3.484308219195724600, 9.060518083510388000 ) ) ;
#2075 = CARTESIAN_POINT ( 'NONE',  ( -5.109457486731809400, -4.031878112173454400, 8.887929208338590600 ) ) ;
#2076 = CARTESIAN_POINT ( 'NONE',  ( -4.900813588121717900, -4.281856408663377200, 8.779214938925527200 ) ) ;
#2077 = CARTESIAN_POINT ( 'NONE',  ( -4.456836336135633100, -4.742243983899525600, 8.528925287919923500 ) ) ;
#2078 = CARTESIAN_POINT ( 'NONE',  ( -4.219584979208385700, -4.953850648878128200, 8.386006744403662300 ) ) ;
#2079 = CARTESIAN_POINT ( 'NONE',  ( -72.93204394000001400, 10.93670573000000000, 2.882139914000000100 ) ) ;
#2080 = CARTESIAN_POINT ( 'NONE',  ( -72.93204394000001400, 6.871316134000000600, 5.066997664000000500 ) ) ;
#2081 = CARTESIAN_POINT ( 'NONE',  ( -72.93204394000001400, 2.436416055999999700, 6.453542543000000200 ) ) ;
#2082 = CARTESIAN_POINT ( 'NONE',  ( -3.485930451995073600, -5.520907848939839500, 7.931882882958480400 ) ) ;
#2083 = CARTESIAN_POINT ( 'NONE',  ( -2.967314817796793000, -5.814629815434388500, 7.594191757897367400 ) ) ;
#2084 = CARTESIAN_POINT ( 'NONE',  ( -2.406176180194330400, -6.038237838133354400, 7.256362080331188100 ) ) ;
#2085 = CARTESIAN_POINT ( 'NONE',  ( -99.68599674999998700, -4.647374540999998700, 6.050628997000000500 ) ) ;
#2086 = CARTESIAN_POINT ( 'NONE',  ( -72.93204394000001400, -2.149498480999999700, 6.973465396000000800 ) ) ;
#2087 = CARTESIAN_POINT ( 'NONE',  ( -72.93204394000001400, -6.672939870999998700, 6.643515104999999600 ) ) ;
#2088 = CARTESIAN_POINT ( 'NONE',  ( -70.98420019000001000, 14.14057126999999900, 0.04002953911000001200 ) ) ;
#2089 = CARTESIAN_POINT ( 'NONE',  ( -70.98420019000001000, 10.67625889999999900, 2.900943593999999700 ) ) ;
#2090 = CARTESIAN_POINT ( 'NONE',  ( -96.65073190999997600, -4.989488182000001400, 6.330039261999999700 ) ) ;
#2091 = DIRECTION ( 'NONE',  ( 1.000000000000000000, 0.0000000000000000000, 0.0000000000000000000 ) ) ;
#2092 = DIRECTION ( 'NONE',  ( -0.0000000000000000000, -0.0000000000000000000, -1.000000000000000000 ) ) ;
#2093 = CARTESIAN_POINT ( 'NONE',  ( -70.98420019000001000, 6.661008668999999200, 5.095828616999999600 ) ) ;
#2094 = CARTESIAN_POINT ( 'NONE',  ( -70.98420019000001000, 2.265657361000000100, 6.481863514000001400 ) ) ;
#2095 = CARTESIAN_POINT ( 'NONE',  ( -70.98420019000001000, -2.282029013999999900, 6.987313117000000200 ) ) ;
#2096 = CARTESIAN_POINT ( 'NONE',  ( 0.0000000000000000000, 0.0000000000000000000, 0.0000000000000000000 ) ) ;
#2097 = CARTESIAN_POINT ( 'NONE',  ( -93.61546706000000000, -5.280015934999999800, 6.555611240999999400 ) ) ;
#2098 = CARTESIAN_POINT ( 'NONE',  ( -53.91025826000000600, 4.582810840999998800, 5.193386943999999300 ) ) ;
#2099 = CARTESIAN_POINT ( 'NONE',  ( -53.91025826000000600, 0.8206782642000001200, 6.669911373999998900 ) ) ;
#2100 = CARTESIAN_POINT ( 'NONE',  ( -150.0000000000000000, 11.93303287000000200, 6.358771187000000300 ) ) ;
#2101 = CARTESIAN_POINT ( 'NONE',  ( 6.499999999999997300, 2.091916050106501500E-010, 6.209626659395343800 ) ) ;
#2102 = CARTESIAN_POINT ( 'NONE',  ( -53.91025826000000600, -3.139291569000000100, 7.204936260999998500 ) ) ;
#2103 = CARTESIAN_POINT ( 'NONE',  ( -70.98420019000001000, -6.760231926999999500, 6.631309965000000700 ) ) ;
#2104 = CARTESIAN_POINT ( 'NONE',  ( -67.34522254000000900, 13.49563347000000300, 0.03408168772000001700 ) ) ;
#2105 = CARTESIAN_POINT ( 'NONE',  ( 6.500000000009675800, -0.3007713944035053700, 6.025592505836115700 ) ) ;
#2106 = CARTESIAN_POINT ( 'NONE',  ( 6.479111868944770000, -0.5914809519490451500, 5.826110113268359900 ) ) ;
#2107 = CARTESIAN_POINT ( 'NONE',  ( -67.34522254000000900, 10.18370369999999900, 2.942868440999999400 ) ) ;
#2108 = CARTESIAN_POINT ( 'NONE',  ( -67.34522254000000900, 6.278609310000001100, 5.176890708000000200 ) ) ;
#2109 = CARTESIAN_POINT ( 'NONE',  ( -67.34522254000000900, 1.963607317999999500, 6.573269083000002200 ) ) ;
#2110 = CARTESIAN_POINT ( 'NONE',  ( 6.404033014374825000, -1.147650416118439800, 5.403005411583695400 ) ) ;
#2111 = CARTESIAN_POINT ( 'NONE',  ( 6.350270260267195400, -1.411149867217973400, 5.181074695569834400 ) ) ;
#2112 = CARTESIAN_POINT ( 'NONE',  ( 6.217636493699436600, -1.912661171875542400, 4.718111171354932400 ) ) ;
#2113 = CARTESIAN_POINT ( 'NONE',  ( 6.138715848195106500, -2.150649291093872600, 4.477068397909144800 ) ) ;
#2114 = CARTESIAN_POINT ( 'NONE',  ( 5.960878330276659500, -2.603277582164933000, 3.976589122396518400 ) ) ;
#2115 = CARTESIAN_POINT ( 'NONE',  ( 5.861379422002261900, -2.818836954931756900, 3.715811956665299000 ) ) ;
#2116 = CARTESIAN_POINT ( 'NONE',  ( 5.544725460996615700, -3.422347380207853000, 2.919569927381730200 ) ) ;
#2117 = CARTESIAN_POINT ( 'NONE',  ( 5.309071328940481400, -3.770134066520228500, 2.368842652885681900 ) ) ;
#2118 = CARTESIAN_POINT ( 'NONE',  ( 4.823556193291898000, -4.374180483870050700, 1.222954902803355100 ) ) ;
#2119 = CARTESIAN_POINT ( 'NONE',  ( -67.34522254000000900, -2.509283525999999900, 7.050647657999999900 ) ) ;
#2120 = CARTESIAN_POINT ( 'NONE',  ( 4.572483187350623100, -4.630489680130798600, 0.6283177781360352900 ) ) ;
#2121 = CARTESIAN_POINT ( 'NONE',  ( 4.338126124855237200, -4.840522876956093500, 0.001431014912525130100 ) ) ;
#2122 = CARTESIAN_POINT ( 'NONE',  ( -67.34522254000000900, -6.896228165000001000, 6.633981543999999200 ) ) ;
#2123 = CARTESIAN_POINT ( 'NONE',  ( -63.70624488000000000, 12.76357670000000000, 0.01233414353000000300 ) ) ;
#2124 = CARTESIAN_POINT ( 'NONE',  ( -63.70624488000000000, 9.633702217000001500, 2.958206932999999600 ) ) ;
#2125 = CARTESIAN_POINT ( 'NONE',  ( -63.70624488000000000, 5.871073797000001100, 5.231319840000000300 ) ) ;
#2126 = CARTESIAN_POINT ( 'NONE',  ( 4.338126124855237200, -4.840522876956093500, 0.001431014912525130100 ) ) ;
#2127 = CARTESIAN_POINT ( 'NONE',  ( 6.819635899236097000, -4.686968463223157000, 0.002634571950553885700 ) ) ;
#2128 = CARTESIAN_POINT ( 'NONE',  ( 9.307092545653933500, -4.574695271179201900, 0.003006859864324513200 ) ) ;
#2129 = CARTESIAN_POINT ( 'NONE',  ( -63.70624488000000000, 1.667820692999999900, 6.648726599999999800 ) ) ;
#2130 = CARTESIAN_POINT ( 'NONE',  ( -63.70624488000000000, -2.702537309000000200, 7.118327169999999700 ) ) ;
#2131 = CARTESIAN_POINT ( 'NONE',  ( -63.70624488000000000, -6.976388447000000600, 6.669575753999999400 ) ) ;
#2132 = CARTESIAN_POINT ( 'NONE',  ( 11.80980281615424200, -4.503545771585653100, 0.002561329611995626300 ) ) ;
#2133 = CARTESIAN_POINT ( 'NONE',  ( -62.01355432000000400, 12.40022287000000000, 0.001763801618000000300 ) ) ;
#2134 = CARTESIAN_POINT ( 'NONE',  ( -62.01355432000000400, 9.355435230000004800, 2.950471748000000400 ) ) ;
#2135 = CARTESIAN_POINT ( 'NONE',  ( -62.01355432000000400, 5.666213250999999400, 5.233344652000001300 ) ) ;
#2136 = CARTESIAN_POINT ( 'NONE',  ( 17.05481088966956100, -4.446623113056615400, 5.304019526426281500E-005 ) ) ;
#2137 = CARTESIAN_POINT ( 'NONE',  ( 22.29981898000000100, -4.611284228999998900, -0.003109272331000000600 ) ) ;
#2138 = CARTESIAN_POINT ( 'NONE',  ( 25.02286311000000700, -4.765880931999999100, -0.004178507785000000500 ) ) ;
#2139 = CARTESIAN_POINT ( 'NONE',  ( -92.66937994999999300, -5.366117523999999000, 6.618386548999998500 ) ) ;
#2140 = CARTESIAN_POINT ( 'NONE',  ( -62.01355432000000400, 1.525897976000000000, 6.660638910999999500 ) ) ;
#2141 = CARTESIAN_POINT ( 'NONE',  ( -62.01355432000000400, -2.786042768999999800, 7.136128018000000000 ) ) ;
#2142 = CARTESIAN_POINT ( 'NONE',  ( 29.16886464000000200, -5.134127813999999300, -0.002704434865000000400 ) ) ;
#2143 = CARTESIAN_POINT ( 'NONE',  ( 33.31486616999999500, -5.715478709000001000, 0.001507561454000000500 ) ) ;
#2144 = CARTESIAN_POINT ( 'NONE',  ( 34.73824061000000500, -5.940991463000000500, 0.003159202565000001500 ) ) ;
#2145 = CARTESIAN_POINT ( 'NONE',  ( 38.01072656999999600, -6.516668209000001400, 0.006578762976000001500 ) ) ;
#2146 = CARTESIAN_POINT ( 'NONE',  ( 41.28321253000000700, -7.214534446999998400, 0.007454557735000001500 ) ) ;
#2147 = CARTESIAN_POINT ( 'NONE',  ( 43.13153159000000200, -7.643484527999998300, 0.006445026250000002000 ) ) ;
#2148 = CARTESIAN_POINT ( 'NONE',  ( -62.01355432000000400, -7.000480070999999200, 6.690280583999999900 ) ) ;
#2149 = CARTESIAN_POINT ( 'NONE',  ( -88.93744532000002300, -5.690270499000001300, 6.828930270999998200 ) ) ;
#2150 = CARTESIAN_POINT ( 'NONE',  ( -57.96190629000000200, 11.47265764000000100, -0.01681772704000000100 ) ) ;
#2151 = CARTESIAN_POINT ( 'NONE',  ( 47.34038870999999900, -8.681221645999997300, -0.0004828931130000001700 ) ) ;
#2152 = CARTESIAN_POINT ( 'NONE',  ( 51.54924583000000400, -9.801402538000003200, -0.01234888525000000200 ) ) ;
#2153 = CARTESIAN_POINT ( 'NONE',  ( -57.96190629000000200, 8.643867905999998800, 2.922543527999999800 ) ) ;
#2154 = CARTESIAN_POINT ( 'NONE',  ( -57.96190629000000200, 5.148090945999999100, 5.219413978999999600 ) ) ;
#2155 = CARTESIAN_POINT ( 'NONE',  ( -85.20551069000001100, -5.960777478999999900, 6.886615744000000200 ) ) ;
#2156 = CARTESIAN_POINT ( 'NONE',  ( -57.96190629000000200, 1.178966181999999900, 6.669652033000000200 ) ) ;
#2157 = CARTESIAN_POINT ( 'NONE',  ( 53.91025825000000500, -10.43320947999999900, -0.01832476368000000200 ) ) ;
#2158 = CARTESIAN_POINT ( 'NONE',  ( -57.96190629000000200, -2.973183860000000200, 7.167505522999998200 ) ) ;
#2159 = CARTESIAN_POINT ( 'NONE',  ( 57.96190629000000200, -11.47265764000000100, -0.01681772704000000100 ) ) ;
#2160 = CARTESIAN_POINT ( 'NONE',  ( 62.01355432000000400, -12.40022287000000000, 0.001763801618000000300 ) ) ;
#2161 = CARTESIAN_POINT ( 'NONE',  ( 63.70624488000000000, -12.76357670000000000, 0.01233414353000000300 ) ) ;
#2162 = CARTESIAN_POINT ( 'NONE',  ( 67.34522254000000900, -13.49563347000000300, 0.03408168772000001700 ) ) ;
#2163 = CARTESIAN_POINT ( 'NONE',  ( 70.98420019000001000, -14.14057126999999900, 0.04002953911000001200 ) ) ;
#2164 = CARTESIAN_POINT ( 'NONE',  ( 72.93204394000001400, -14.46665357000000200, 0.03433798420000001800 ) ) ;
#2165 = CARTESIAN_POINT ( 'NONE',  ( 77.66984128000000000, -15.23510650000000200, -0.008781250397000003200 ) ) ;
#2166 = CARTESIAN_POINT ( 'NONE',  ( 82.40763862000001400, -15.96505515000000100, -0.08497697677000003200 ) ) ;
#2167 = CARTESIAN_POINT ( 'NONE',  ( 85.20551069000001100, -16.39353576000000200, -0.1225017736000000200 ) ) ;
#2168 = CARTESIAN_POINT ( 'NONE',  ( 88.93744532000002300, -16.95003629999999700, -0.09028127656000004000 ) ) ;
#2169 = CARTESIAN_POINT ( 'NONE',  ( 92.66937994999999300, -17.47050541000000100, 0.05655357106000001600 ) ) ;
#2170 = CARTESIAN_POINT ( 'NONE',  ( 93.61546706000000000, -17.59977849000000200, 0.1012608264000000200 ) ) ;
#2171 = CARTESIAN_POINT ( 'NONE',  ( 96.65073190999997600, -18.00493523000000100, 0.2664366353000000600 ) ) ;
#2172 = CARTESIAN_POINT ( 'NONE',  ( 99.68599674999998700, -18.37550110000000100, 0.4916552019999999600 ) ) ;
#2173 = CARTESIAN_POINT ( 'NONE',  ( -57.96190629000000200, -7.028905924999999200, 6.744687538999999200 ) ) ;
#2174 = CARTESIAN_POINT ( 'NONE',  ( -82.40763862000001400, -6.145465108999999900, 6.832936762999999300 ) ) ;
#2175 = CARTESIAN_POINT ( 'NONE',  ( -53.91025825000000500, 10.43320947999999900, -0.01832476368000000200 ) ) ;
#2176 = CARTESIAN_POINT ( 'NONE',  ( -53.91025826000000600, 7.850278414000001700, 2.891532558000000200 ) ) ;
#2177 = CARTESIAN_POINT ( 'NONE',  ( 101.7713962999999900, -18.60982314000000300, 0.6641213907000000900 ) ) ;
#2178 = CARTESIAN_POINT ( 'NONE',  ( 106.8278862999999900, -19.11883898000000300, 1.079685329000000100 ) ) ;
#2179 = CARTESIAN_POINT ( 'NONE',  ( 111.8843762999999900, -19.44940802999999700, 1.451103618999999700 ) ) ;
#2180 = CARTESIAN_POINT ( 'NONE',  ( 114.8612759000000200, -19.56526504000000000, 1.635860815999999900 ) ) ;
#2181 = CARTESIAN_POINT ( 'NONE',  ( 120.0080568000000100, -19.58605695000000000, 1.947050609999999800 ) ) ;
#2182 = CARTESIAN_POINT ( 'NONE',  ( 125.1548375999999800, -19.33869528000000000, 2.273460638000000400 ) ) ;
#2183 = CARTESIAN_POINT ( 'NONE',  ( -72.93204394000001400, 14.46665357000000200, 0.03433798420000001800 ) ) ;
#2184 = CARTESIAN_POINT ( 'NONE',  ( 127.3372921000000000, -19.19109864000000300, 2.418541548000000300 ) ) ;
#2185 = CARTESIAN_POINT ( 'NONE',  ( 131.0070173000000300, -18.90153695000000100, 2.670687965000000400 ) ) ;
#2186 = CARTESIAN_POINT ( 'NONE',  ( 134.6767424999999900, -18.58311451999999900, 2.930630984999999600 ) ) ;
#2187 = CARTESIAN_POINT ( 'NONE',  ( 136.1811064000000300, -18.45279982999999600, 3.037746718000000200 ) ) ;
#2188 = CARTESIAN_POINT ( 'NONE',  ( 139.8804493000000700, -18.14213137999999900, 3.300731988000000300 ) ) ;
#2189 = CARTESIAN_POINT ( 'NONE',  ( 143.5797921999999900, -17.86731707999999900, 3.560816822999999700 ) ) ;
#2190 = CARTESIAN_POINT ( 'NONE',  ( 145.7459963000000000, -17.72600130000000000, 3.710928552000000400 ) ) ;
#2191 = CARTESIAN_POINT ( 'NONE',  ( 147.8729981000000200, -17.60417986999999900, 3.856443569999999300 ) ) ;
#2192 = CARTESIAN_POINT ( 'NONE',  ( 150.0000000000000000, -17.50000000000000000, 4.000000000000000000 ) ) ;
#2193 = CARTESIAN_POINT ( 'NONE',  ( 4.338126124855237200, -4.840522876956093500, 0.001431014912525130100 ) ) ;
#2194 = CARTESIAN_POINT ( 'NONE',  ( 4.415190621430359600, -4.771456886946852500, 0.7593260745578329600 ) ) ;
#2195 = CARTESIAN_POINT ( 'NONE',  ( 4.569492293410617900, -4.630745673711228200, 1.480425504220749000 ) ) ;
#2196 = CARTESIAN_POINT ( 'NONE',  ( 4.847816764431289700, -4.332111372879571900, 2.528325808735132800 ) ) ;
#2197 = CARTESIAN_POINT ( 'NONE',  ( 4.948717401025285200, -4.217581290858600300, 2.871825794855801500 ) ) ;
#2198 = CARTESIAN_POINT ( 'NONE',  ( 5.158424617769252800, -3.958339465357045400, 3.549141694264482400 ) ) ;
#2199 = CARTESIAN_POINT ( 'NONE',  ( 5.267536571519543500, -3.813151876958984500, 3.883753193526808400 ) ) ;
#2200 = CARTESIAN_POINT ( 'NONE',  ( 5.592228105221638900, -3.335454975768070300, 4.863508144478057500 ) ) ;
#2201 = CARTESIAN_POINT ( 'NONE',  ( 5.807145935602609800, -2.957592829093536000, 5.491367143019314100 ) ) ;
#2202 = CARTESIAN_POINT ( 'NONE',  ( 6.171816866324752100, -2.092600255338017000, 6.669177450240076700 ) ) ;
#2203 = CARTESIAN_POINT ( 'NONE',  ( 6.323649686764325000, -1.605162473117354600, 7.221718610980793200 ) ) ;
#2204 = CARTESIAN_POINT ( 'NONE',  ( 6.414431640927904100, -1.051221535153936700, 7.736963635015980500 ) ) ;
#2205 = DIRECTION ( 'NONE',  ( 1.000000000000000000, 0.0000000000000000000, 0.0000000000000000000 ) ) ;
#2206 = DIRECTION ( 'NONE',  ( 0.0000000000000000000, 0.0000000000000000000, 1.000000000000000000 ) ) ;
#2207 = CARTESIAN_POINT ( 'NONE',  ( 0.0000000000000000000, 0.0000000000000000000, 10.00000000000000000 ) ) ;
#2208 = CARTESIAN_POINT ( 'NONE',  ( 150.0000000000000000, -7.500000000000000000, 5.599999999999999600 ) ) ;
#2209 = CARTESIAN_POINT ( 'NONE',  ( 147.8729981000000200, -6.487563880000000600, 5.564831533999998700 ) ) ;
#2210 = CARTESIAN_POINT ( 'NONE',  ( 145.7459963000000000, -5.569123011000000300, 5.544665957000000300 ) ) ;
#2211 = CARTESIAN_POINT ( 'NONE',  ( 143.5797921999999900, -4.721744552999999700, 5.538209746000000600 ) ) ;
#2212 = CARTESIAN_POINT ( 'NONE',  ( 139.8804493000000700, -3.435932008000000000, 5.552801311999999700 ) ) ;
#2213 = CARTESIAN_POINT ( 'NONE',  ( 136.1811064000000300, -2.375101170999999800, 5.592745759999999700 ) ) ;
#2214 = CARTESIAN_POINT ( 'NONE',  ( 134.6767424999999900, -1.976534336999999700, 5.611540571999999100 ) ) ;
#2215 = CARTESIAN_POINT ( 'NONE',  ( 131.0070173000000300, -1.073286315999999900, 5.655878213999999500 ) ) ;
#2216 = CARTESIAN_POINT ( 'NONE',  ( 127.3372921000000000, -0.2960439479000000500, 5.676956994000001100 ) ) ;
#2217 = CARTESIAN_POINT ( 'NONE',  ( 125.1548375999999800, 0.1412123113000000300, 5.672097538999999200 ) ) ;
#2218 = CARTESIAN_POINT ( 'NONE',  ( 120.0080568000000100, 1.159063650000000000, 5.600815000999999100 ) ) ;
#2219 = CARTESIAN_POINT ( 'NONE',  ( 114.8612759000000200, 2.163252986999999900, 5.463697523000001300 ) ) ;
#2220 = CARTESIAN_POINT ( 'NONE',  ( 111.8843762999999900, 2.746854169999999800, 5.396745068999999600 ) ) ;
#2221 = CARTESIAN_POINT ( 'NONE',  ( 106.8278862999999900, 3.654300737000000200, 5.487965110000000200 ) ) ;
#2222 = CARTESIAN_POINT ( 'NONE',  ( 101.7713962999999900, 4.382136674999999900, 5.858550553999998900 ) ) ;
#2223 = CARTESIAN_POINT ( 'NONE',  ( 99.68599674999998700, 4.647374540999998700, 6.050628997000000500 ) ) ;
#2224 = CARTESIAN_POINT ( 'NONE',  ( 96.65073190999997600, 4.989488182000001400, 6.330039261999999700 ) ) ;
#2225 = CARTESIAN_POINT ( 'NONE',  ( 93.61546706000000000, 5.280015934999999800, 6.555611240999999400 ) ) ;
#2226 = CARTESIAN_POINT ( 'NONE',  ( 92.66937994999999300, 5.366117523999999000, 6.618386548999998500 ) ) ;
#2227 = CARTESIAN_POINT ( 'NONE',  ( 88.93744532000002300, 5.690270499000001300, 6.828930270999998200 ) ) ;
#2228 = CARTESIAN_POINT ( 'NONE',  ( 85.20551069000001100, 5.960777478999999900, 6.886615744000000200 ) ) ;
#2229 = CARTESIAN_POINT ( 'NONE',  ( 82.40763862000001400, 6.145465108999999900, 6.832936762999999300 ) ) ;
#2230 = CARTESIAN_POINT ( 'NONE',  ( 77.66984128000000000, 6.435302436000000600, 6.716342302000001900 ) ) ;
#2231 = CARTESIAN_POINT ( 'NONE',  ( 72.93204394000001400, 6.672939870999998700, 6.643515104999999600 ) ) ;
#2232 = CARTESIAN_POINT ( 'NONE',  ( 70.98420019000001000, 6.760231926999999500, 6.631309965000000700 ) ) ;
#2233 = CARTESIAN_POINT ( 'NONE',  ( 67.34522254000000900, 6.896228165000001000, 6.633981543999999200 ) ) ;
#2234 = CARTESIAN_POINT ( 'NONE',  ( 63.70624488000000000, 6.976388447000000600, 6.669575753999999400 ) ) ;
#2235 = CARTESIAN_POINT ( 'NONE',  ( 62.01355432000000400, 7.000480070999999200, 6.690280583999999900 ) ) ;
#2236 = CARTESIAN_POINT ( 'NONE',  ( 57.96190629000000200, 7.028905924999999200, 6.744687538999999200 ) ) ;
#2237 = CARTESIAN_POINT ( 'NONE',  ( 53.91025826000000600, 7.010268366000000000, 6.829123194000001000 ) ) ;
#2238 = CARTESIAN_POINT ( 'NONE',  ( 51.54924583000000400, 6.993809838999999900, 6.896107536999999800 ) ) ;
#2239 = CARTESIAN_POINT ( 'NONE',  ( 47.34038870999999900, 6.985392793000001700, 7.079128443000001000 ) ) ;
#2240 = CARTESIAN_POINT ( 'NONE',  ( 43.13153159000000200, 7.022780354000000000, 7.365437052999999100 ) ) ;
#2241 = CARTESIAN_POINT ( 'NONE',  ( 41.28321253000000700, 7.049332276000000300, 7.509549878999999700 ) ) ;
#2242 = CARTESIAN_POINT ( 'NONE',  ( 38.01072656999999600, 7.105827907000000100, 7.778827771000000400 ) ) ;
#2243 = CARTESIAN_POINT ( 'NONE',  ( 34.73824061000000500, 7.161993853000000200, 8.039831962999999200 ) ) ;
#2244 = CARTESIAN_POINT ( 'NONE',  ( 33.31486616999999500, 7.183909875999998600, 8.147034026000000000 ) ) ;
#2245 = CARTESIAN_POINT ( 'NONE',  ( 29.16886464000000200, 7.232492855000000300, 8.426485791000001100 ) ) ;
#2246 = CARTESIAN_POINT ( 'NONE',  ( 25.02286311000000700, 7.224204135999999100, 8.588369354999999300 ) ) ;
#2247 = CARTESIAN_POINT ( 'NONE',  ( 22.29981898000000100, 7.183739119000000200, 8.625376290000000200 ) ) ;
#2248 = CARTESIAN_POINT ( 'NONE',  ( 16.66219469553663400, 7.028971292371500600, 8.563777501030109800 ) ) ;
#2249 = CARTESIAN_POINT ( 'NONE',  ( 11.02457042078663800, 6.728124787884612900, 8.220399558226496600 ) ) ;
#2250 = CARTESIAN_POINT ( 'NONE',  ( 8.138702840650907400, 6.535097422492071900, 7.970101158720493300 ) ) ;
#2251 = CARTESIAN_POINT ( 'NONE',  ( 5.271690405642681700, 6.305819696218668100, 7.649825498785068200 ) ) ;
#2252 = CARTESIAN_POINT ( 'NONE',  ( 2.406176180187305400, 6.038237838115854600, 7.256362080331515000 ) ) ;
#2253 = CARTESIAN_POINT ( 'NONE',  ( 6.414431640927904100, -1.051221535153936700, 7.736963635015980500 ) ) ;
#2254 = CARTESIAN_POINT ( 'NONE',  ( 8.485585686744959900, -0.7294204851316876700, 8.087797680465199000 ) ) ;
#2255 = CARTESIAN_POINT ( 'NONE',  ( 10.56364477972141100, -0.4766313595757327700, 8.377827188351469400 ) ) ;
#2256 = CARTESIAN_POINT ( 'NONE',  ( 12.65240033985276600, -0.2894710963064834900, 8.608829343669089700 ) ) ;
#2257 = CARTESIAN_POINT ( 'NONE',  ( 17.47610965637080900, 0.005289050190876570600, 9.007646241460509600 ) ) ;
#2258 = CARTESIAN_POINT ( 'NONE',  ( 22.29981898000000100, 0.1148579676999999900, 9.138530792999999300 ) ) ;
#2259 = CARTESIAN_POINT ( 'NONE',  ( 25.02286311000000700, 0.1703982052000000100, 9.143152381999998500 ) ) ;
#2260 = CARTESIAN_POINT ( 'NONE',  ( -77.66984128000000000, 15.23510650000000200, -0.008781250397000003200 ) ) ;
#2261 = CARTESIAN_POINT ( 'NONE',  ( 29.16886464000000200, 0.3905156589000000600, 9.084466928000001200 ) ) ;
#2262 = CARTESIAN_POINT ( 'NONE',  ( 33.31486616999999500, 0.8285815449999999200, 8.966740852000002700 ) ) ;
#2263 = CARTESIAN_POINT ( 'NONE',  ( 34.73824061000000500, 1.005655003000000000, 8.921925892999999200 ) ) ;
#2264 = CARTESIAN_POINT ( 'NONE',  ( 38.01072656999999600, 1.453860803999999800, 8.813079333000001000 ) ) ;
#2265 = CARTESIAN_POINT ( 'NONE',  ( 41.28321253000000700, 1.939342369999999900, 8.697663593999999800 ) ) ;
#2266 = CARTESIAN_POINT ( 'NONE',  ( 43.13153159000000200, 2.201299446000000200, 8.633283351999999400 ) ) ;
#2267 = CARTESIAN_POINT ( 'NONE',  ( 47.34038870999999900, 2.702027020000000100, 8.491793739999998500 ) ) ;
#2268 = CARTESIAN_POINT ( 'NONE',  ( 51.54924583000000400, 2.953643225999999600, 8.367959404000000500 ) ) ;
#2269 = CARTESIAN_POINT ( 'NONE',  ( 53.91025826000000600, 3.004089789000000000, 8.306438280000001800 ) ) ;
#2270 = CARTESIAN_POINT ( 'NONE',  ( 57.96190629000000200, 3.005605642999999500, 8.217551809000001500 ) ) ;
#2271 = CARTESIAN_POINT ( 'NONE',  ( 62.01355432000000400, 2.953011955000000500, 8.161588194000000100 ) ) ;
#2272 = CARTESIAN_POINT ( 'NONE',  ( 63.70624488000000000, 2.933525176999999900, 8.144422205999999800 ) ) ;
#2273 = CARTESIAN_POINT ( 'NONE',  ( 67.34522254000000900, 2.912218415999999100, 8.122443925000000700 ) ) ;
#2274 = CARTESIAN_POINT ( 'NONE',  ( 70.98420019000001000, 2.938707868999999900, 8.130747604999999800 ) ) ;
#2275 = CARTESIAN_POINT ( 'NONE',  ( 72.93204394000001400, 2.968067770000000200, 8.143264404000000000 ) ) ;
#2276 = CARTESIAN_POINT ( 'NONE',  ( 77.66984128000000000, 3.057227104999999900, 8.186874721999998900 ) ) ;
#2277 = CARTESIAN_POINT ( 'NONE',  ( 82.40763862000001400, 3.107225079000000000, 8.218295265999998400 ) ) ;
#2278 = CARTESIAN_POINT ( 'NONE',  ( 85.20551069000001100, 3.082210694999999700, 8.210742799000000100 ) ) ;
#2279 = CARTESIAN_POINT ( 'NONE',  ( 88.93744532000002300, 2.890193609999999900, 8.113283794999999200 ) ) ;
#2280 = CARTESIAN_POINT ( 'NONE',  ( 92.66937994999999300, 2.491888786999999700, 7.916915304999999000 ) ) ;
#2281 = CARTESIAN_POINT ( 'NONE',  ( 93.61546706000000000, 2.377782508999999800, 7.861174165000000400 ) ) ;
#2282 = CARTESIAN_POINT ( 'NONE',  ( 96.65073190999997600, 1.973799488999999900, 7.667115118999998200 ) ) ;
#2283 = CARTESIAN_POINT ( 'NONE',  ( 99.68599674999998700, 1.465217802000000000, 7.439423468000001100 ) ) ;
#2284 = CARTESIAN_POINT ( 'NONE',  ( 101.7713962999999900, 1.084857922000000300, 7.283396090000001900 ) ) ;
#2285 = CARTESIAN_POINT ( 'NONE',  ( 106.8278862999999900, 0.1635456184000000400, 6.965445606000000300 ) ) ;
#2286 = CARTESIAN_POINT ( 'NONE',  ( 111.8843762999999900, -0.7010151113000000500, 6.833279120000001200 ) ) ;
#2287 = CARTESIAN_POINT ( 'NONE',  ( 114.8612759000000200, -1.163806658999999800, 6.838881067999999200 ) ) ;
#2288 = CARTESIAN_POINT ( 'NONE',  ( 120.0080568000000100, -1.987126889000000000, 6.906254801000000200 ) ) ;
#2289 = CARTESIAN_POINT ( 'NONE',  ( 125.1548375999999800, -2.976195283999999700, 6.988877815000000400 ) ) ;
#2290 = CARTESIAN_POINT ( 'NONE',  ( 127.3372921000000000, -3.442505019999999600, 7.015315035999999600 ) ) ;
#2291 = CARTESIAN_POINT ( 'NONE',  ( 131.0070173000000300, -4.324161517999998600, 7.036621971000000600 ) ) ;
#2292 = CARTESIAN_POINT ( 'NONE',  ( 134.6767424999999900, -5.402166917999999800, 7.008338962999999900 ) ) ;
#2293 = CARTESIAN_POINT ( 'NONE',  ( 136.1811064000000300, -5.881310187000000400, 6.987050822999999700 ) ) ;
#2294 = CARTESIAN_POINT ( 'NONE',  ( 139.8804493000000700, -7.154636801999998900, 6.909943444000001400 ) ) ;
#2295 = CARTESIAN_POINT ( 'NONE',  ( 143.5797921999999900, -8.683408908000000500, 6.765909520999999300 ) ) ;
#2296 = CARTESIAN_POINT ( 'NONE',  ( 145.7459963000000000, -9.680547995000001300, 6.654708214999999400 ) ) ;
#2297 = CARTESIAN_POINT ( 'NONE',  ( 147.8729981000000200, -10.75431154999999900, 6.520569335000000200 ) ) ;
#2298 = CARTESIAN_POINT ( 'NONE',  ( 150.0000000000000000, -11.93303287000000200, 6.358771187000000300 ) ) ;
#2299 = CARTESIAN_POINT ( 'NONE',  ( 6.414431640927904100, -1.051221535153936700, 7.736963635015980500 ) ) ;
#2300 = CARTESIAN_POINT ( 'NONE',  ( -70.98420019000001000, 14.14057126999999900, 0.04002953911000001200 ) ) ;
#2301 = CARTESIAN_POINT ( 'NONE',  ( 6.466783253989610200, -0.7317780799735216200, 8.034218875669621300 ) ) ;
#2302 = CARTESIAN_POINT ( 'NONE',  ( 6.500000000011866100, -0.3825498696691925200, 8.293108013608348400 ) ) ;
#2303 = CARTESIAN_POINT ( 'NONE',  ( 6.500000000000000900, 2.016073939736795500E-010, 8.510381697679742200 ) ) ;
#2304 = DIRECTION ( 'NONE',  ( 1.000000000000000000, 0.0000000000000000000, 0.0000000000000000000 ) ) ;
#2305 = DIRECTION ( 'NONE',  ( 0.0000000000000000000, -0.0000000000000000000, -1.000000000000000000 ) ) ;
#2306 = CARTESIAN_POINT ( 'NONE',  ( 0.0000000000000000000, 0.0000000000000000000, -2.710505431213761100E-017 ) ) ;
#2307 = CARTESIAN_POINT ( 'NONE',  ( 150.0000000000000000, -17.50000000000000000, 4.000000000000000000 ) ) ;
#2308 = CARTESIAN_POINT ( 'NONE',  ( 150.0000000000000000, -15.54808591000000100, 4.558777671999999700 ) ) ;
#2309 = CARTESIAN_POINT ( 'NONE',  ( 150.0000000000000000, -13.56260061000000200, 5.000284966999998900 ) ) ;
#2310 = CARTESIAN_POINT ( 'NONE',  ( 150.0000000000000000, -11.55293794000000300, 5.321830995000000000 ) ) ;
#2311 = CARTESIAN_POINT ( 'NONE',  ( 150.0000000000000000, -9.528816244999999800, 5.521860818999999600 ) ) ;
#2312 = CARTESIAN_POINT ( 'NONE',  ( 150.0000000000000000, -7.500000000000000000, 5.599999999999999600 ) ) ;
#2313 = CARTESIAN_POINT ( 'NONE',  ( 150.0000000000000000, -7.500000000000000000, 5.599999999999999600 ) ) ;
#2314 = CARTESIAN_POINT ( 'NONE',  ( 150.0000000000002800, -8.269622618000095600, 6.116118001000000200 ) ) ;
#2315 = CARTESIAN_POINT ( 'NONE',  ( 150.0000000000002800, -9.147928450000092600, 6.470210205000000800 ) ) ;
#2316 = CARTESIAN_POINT ( 'NONE',  ( 150.0000000000002800, -10.08949747000010600, 6.631371979999996400 ) ) ;
#2317 = CARTESIAN_POINT ( 'NONE',  ( 150.0000000000002800, -11.03556988000009700, 6.589545819999995200 ) ) ;
#2318 = CARTESIAN_POINT ( 'NONE',  ( 150.0000000000000000, -11.93303287000000200, 6.358771187000000300 ) ) ;
#2319 = CARTESIAN_POINT ( 'NONE',  ( 150.0000000000000000, -11.93303287000000200, 6.358771187000000300 ) ) ;
#2320 = CARTESIAN_POINT ( 'NONE',  ( 150.0000000000000000, -13.10849767999999000, 6.056510861000003100 ) ) ;
#2321 = CARTESIAN_POINT ( 'NONE',  ( 150.0000000000000000, -14.26143098999999200, 5.666627175999999500 ) ) ;
#2322 = CARTESIAN_POINT ( 'NONE',  ( 150.0000000000000000, -15.38312262999999200, 5.191356912999999900 ) ) ;
#2323 = CARTESIAN_POINT ( 'NONE',  ( 150.0000000000000000, -16.46520086999999300, 4.634247251999999800 ) ) ;
#2324 = CARTESIAN_POINT ( 'NONE',  ( 150.0000000000000000, -17.50000000000000000, 4.000000000000000000 ) ) ;
#2325 = DIRECTION ( 'NONE',  ( 0.0000000000000000000, 1.000000000000000000, 0.0000000000000000000 ) ) ;
#2326 = DIRECTION ( 'NONE',  ( -7.560643062271372000E-017, -1.383966429429561700E-016, 1.000000000000000000 ) ) ;
#2327 = CARTESIAN_POINT ( 'NONE',  ( 0.0000000000000000000, 0.0000000000000000000, 10.00000000000000000 ) ) ;
#2328 = DIRECTION ( 'NONE',  ( 1.000000000000000000, 0.0000000000000000000, 0.0000000000000000000 ) ) ;
#2329 = DIRECTION ( 'NONE',  ( 0.0000000000000000000, -0.0000000000000000000, -1.000000000000000000 ) ) ;
#2330 = CARTESIAN_POINT ( 'NONE',  ( 0.0000000000000000000, 0.0000000000000000000, 1.000000000000000000 ) ) ;
#2331 = DIRECTION ( 'NONE',  ( 0.0000000000000000000, 1.000000000000000000, 0.0000000000000000000 ) ) ;
#2332 = DIRECTION ( 'NONE',  ( -7.560643062271372000E-017, -1.383966429429561700E-016, 1.000000000000000000 ) ) ;
#2333 = CARTESIAN_POINT ( 'NONE',  ( 7.560643062271365800E-017, 1.383966429429560800E-016, 9.000000000000001800 ) ) ;
#2334 = CARTESIAN_POINT ( 'NONE',  ( -47.34038870999999900, -6.985392793000001700, 7.079128443000001000 ) ) ;
#2335 = CARTESIAN_POINT ( 'NONE',  ( -53.91025826000000600, -7.010268366000000000, 6.829123194000001000 ) ) ;
#2336 = CARTESIAN_POINT ( 'NONE',  ( -51.54924583000000400, -6.993809838999999900, 6.896107536999999800 ) ) ;
#2337 = CARTESIAN_POINT ( 'NONE',  ( -38.01072656999999600, -7.105827907000000100, 7.778827771000000400 ) ) ;
#2338 = CARTESIAN_POINT ( 'NONE',  ( -43.13153159000000200, -7.022780354000000000, 7.365437052999999100 ) ) ;
#2339 = CARTESIAN_POINT ( 'NONE',  ( -41.28321253000000700, -7.049332276000000300, 7.509549878999999700 ) ) ;
#2340 = CARTESIAN_POINT ( 'NONE',  ( -34.73824061000000500, -7.161993853000000200, 8.039831962999999200 ) ) ;
#2341 = CARTESIAN_POINT ( 'NONE',  ( -33.31486616999999500, -7.183909875999998600, 8.147034026000000000 ) ) ;
#2342 = CARTESIAN_POINT ( 'NONE',  ( -29.16886464000000200, -7.232492855000000300, 8.426485791000001100 ) ) ;
#2343 = CARTESIAN_POINT ( 'NONE',  ( -63.70624488000000000, -6.976388447000000600, 6.669575753999999400 ) ) ;
#2344 = CARTESIAN_POINT ( 'NONE',  ( -57.96190629000000200, -7.028905924999999200, 6.744687538999999200 ) ) ;
#2345 = CARTESIAN_POINT ( 'NONE',  ( -62.01355432000000400, -7.000480070999999200, 6.690280583999999900 ) ) ;
#2346 = UNCERTAINTY_MEASURE_WITH_UNIT (LENGTH_MEASURE( 1.000000000000000100E-005 ), #85, 'distance_accuracy_value', 'NONE');
#2347 = PRODUCT ( '12x_4.ccwigs', '12x_4.ccwigs', '', ( #77 ) ) ;
#2348 = UNCERTAINTY_MEASURE_WITH_UNIT (LENGTH_MEASURE( 1.000000000000000100E-005 ), #92, 'distance_accuracy_value', 'NONE');
#2349 = MANIFOLD_SOLID_BREP ( 'Imported1', #2546 ) ;
#2350 = ADVANCED_BREP_SHAPE_REPRESENTATION ( '12x_4.ccwigs', ( #2349, #1271 ), #48 ) ;
#2351 = AXIS2_PLACEMENT_3D ( 'NONE', #1841, #1840, #1839 ) ;
#2352 = AXIS2_PLACEMENT_3D ( 'NONE', #1866, #1865, #1864 ) ;
#2353 = PRESENTATION_LAYER_ASSIGNMENT (  '', '', ( #2399 ) ) ;
#2354 = AXIS2_PLACEMENT_3D ( 'NONE', #2333, #2332, #2331 ) ;
#2355 = AXIS2_PLACEMENT_3D ( 'NONE', #1854, #1853, #1851 ) ;
#2356 = AXIS2_PLACEMENT_3D ( 'NONE', #1849, #1848, #1847 ) ;
#2357 = VECTOR ( 'NONE', #155, 1000.000000000000000 ) ;
#2358 = AXIS2_PLACEMENT_3D ( 'NONE', #2207, #2206, #2205 ) ;
#2359 = VECTOR ( 'NONE', #147, 1000.000000000000000 ) ;
#2360 = CIRCLE ( 'NONE', #2358, 6.500000000000000900 ) ;
#2361 = AXIS2_PLACEMENT_3D ( 'NONE', #2306, #2305, #2304 ) ;
#2362 = CIRCLE ( 'NONE', #2382, 6.500000000000000900 ) ;
#2363 = AXIS2_PLACEMENT_3D ( 'NONE', #164, #163, #162 ) ;
#2364 = AXIS2_PLACEMENT_3D ( 'NONE', #2330, #2329, #2328 ) ;
#2365 = VECTOR ( 'NONE', #165, 1000.000000000000000 ) ;
#2366 = AXIS2_PLACEMENT_3D ( 'NONE', #161, #160, #159 ) ;
#2367 = VECTOR ( 'NONE', #167, 1000.000000000000000 ) ;
#2368 = CIRCLE ( 'NONE', #2363, 5.499999999496645300 ) ;
#2369 = AXIS2_PLACEMENT_3D ( 'NONE', #154, #153, #152 ) ;
#2370 = VECTOR ( 'NONE', #204, 1000.000000000000000 ) ;
#2371 = AXIS2_PLACEMENT_3D ( 'NONE', #208, #207, #206 ) ;
#2372 = VECTOR ( 'NONE', #209, 1000.000000000000000 ) ;
#2373 = CIRCLE ( 'NONE', #2366, 5.499999999496645300 ) ;
#2374 = CIRCLE ( 'NONE', #1284, 2.500000000475192300 ) ;
#2375 = AXIS2_PLACEMENT_3D ( 'NONE', #520, #519, #518 ) ;
#2376 = AXIS2_PLACEMENT_3D ( 'NONE', #516, #515, #514 ) ;
#2377 = AXIS2_PLACEMENT_3D ( 'NONE', #797, #796, #795 ) ;
#2378 = CIRCLE ( 'NONE', #2375, 6.500000000000000900 ) ;
#2379 = CIRCLE ( 'NONE', #2369, 5.499999999496645300 ) ;
#2380 = AXIS2_PLACEMENT_3D ( 'NONE', #1405, #1404, #1403 ) ;
#2381 = CIRCLE ( 'NONE', #2354, 5.499999999496645300 ) ;
#2382 = AXIS2_PLACEMENT_3D ( 'NONE', #2096, #2092, #2091 ) ;
#2383 = VECTOR ( 'NONE', #157, 1000.000000000000000 ) ;
#2384 = AXIS2_PLACEMENT_3D ( 'NONE', #1830, #1829, #1828 ) ;
#2385 = CIRCLE ( 'NONE', #2361, 5.499999999496645300 ) ;
#2386 = AXIS2_PLACEMENT_3D ( 'NONE', #1845, #1844, #1842 ) ;
#2387 = VECTOR ( 'NONE', #1894, 1000.000000000000000 ) ;
#2388 = AXIS2_PLACEMENT_3D ( 'NONE', #1824, #1823, #1779 ) ;
#2389 = AXIS2_PLACEMENT_3D ( 'NONE', #794, #793, #792 ) ;
#2390 = CIRCLE ( 'NONE', #2371, 6.500000000000000900 ) ;
#2391 = AXIS2_PLACEMENT_3D ( 'NONE', #1772, #1771, #1765 ) ;
#2392 = CIRCLE ( 'NONE', #2394, 5.499999999496645300 ) ;
#2393 = AXIS2_PLACEMENT_3D ( 'NONE', #1834, #1833, #1832 ) ;
#2394 = AXIS2_PLACEMENT_3D ( 'NONE', #151, #150, #149 ) ;
#2395 = AXIS2_PLACEMENT_3D ( 'NONE', #1776, #1775, #1774 ) ;
#2396 = CIRCLE ( 'NONE', #2398, 5.499999999496645300 ) ;
#2397 = CIRCLE ( 'NONE', #2364, 5.499999999496645300 ) ;
#2398 = AXIS2_PLACEMENT_3D ( 'NONE', #2327, #2326, #2325 ) ;
#2399 = STYLED_ITEM ( 'NONE', ( #2400 ), #2349 ) ;
#2400 = PRESENTATION_STYLE_ASSIGNMENT (( #127 ) ) ;
#2401 = SURFACE_STYLE_FILL_AREA ( #129 ) ;
#2402 = LINE ( 'NONE', #138, #1278 ) ;
#2403 = LINE ( 'NONE', #146, #1273 ) ;
#2404 = LINE ( 'NONE', #148, #2359 ) ;
#2405 = LINE ( 'NONE', #156, #2357 ) ;
#2406 = LINE ( 'NONE', #158, #2383 ) ;
#2407 = LINE ( 'NONE', #166, #2365 ) ;
#2408 = LINE ( 'NONE', #168, #2367 ) ;
#2409 = LINE ( 'NONE', #205, #2370 ) ;
#2410 = LINE ( 'NONE', #210, #2372 ) ;
#2411 = FACE_OUTER_BOUND ( 'NONE', #2547, .T. ) ;
#2412 = FACE_OUTER_BOUND ( 'NONE', #2570, .T. ) ;
#2413 = FACE_OUTER_BOUND ( 'NONE', #2569, .T. ) ;
#2414 = CYLINDRICAL_SURFACE ( 'NONE', #2389, 6.500000000000000900 ) ;
#2415 = FACE_OUTER_BOUND ( 'NONE', #2568, .T. ) ;
#2416 = SHAPE_DEFINITION_REPRESENTATION ( #2601, #2350 ) ;
#2417 = FACE_OUTER_BOUND ( 'NONE', #2567, .T. ) ;
#2418 = PRESENTATION_STYLE_ASSIGNMENT (( #86 ) ) ;
#2419 = FACE_BOUND ( 'NONE', #2566, .T. ) ;
#2420 = FACE_OUTER_BOUND ( 'NONE', #2565, .T. ) ;
#2421 = FACE_OUTER_BOUND ( 'NONE', #2564, .T. ) ;
#2422 = FACE_OUTER_BOUND ( 'NONE', #2563, .T. ) ;
#2423 = FACE_BOUND ( 'NONE', #2562, .T. ) ;
#2424 = FACE_OUTER_BOUND ( 'NONE', #2561, .T. ) ;
#2425 = CYLINDRICAL_SURFACE ( 'NONE', #2391, 5.499999999496645300 ) ;
#2426 = FACE_OUTER_BOUND ( 'NONE', #2560, .T. ) ;
#2427 = FACE_OUTER_BOUND ( 'NONE', #2559, .T. ) ;
#2428 = VERTEX_POINT ( 'NONE', #123 ) ;
#2429 = FACE_OUTER_BOUND ( 'NONE', #2557, .T. ) ;
#2430 = FACE_BOUND ( 'NONE', #2556, .T. ) ;
#2431 = CYLINDRICAL_SURFACE ( 'NONE', #2384, 5.499999999496645300 ) ;
#2432 = FACE_OUTER_BOUND ( 'NONE', #2558, .T. ) ;
#2433 = FACE_OUTER_BOUND ( 'NONE', #2555, .T. ) ;
#2434 = FACE_BOUND ( 'NONE', #2554, .T. ) ;
#2435 = CYLINDRICAL_SURFACE ( 'NONE', #2351, 2.500000000475192300 ) ;
#2436 = FACE_OUTER_BOUND ( 'NONE', #2552, .T. ) ;
#2437 = CYLINDRICAL_SURFACE ( 'NONE', #2386, 2.500000000475192300 ) ;
#2438 = FACE_OUTER_BOUND ( 'NONE', #2553, .T. ) ;
#2439 = VERTEX_POINT ( 'NONE', #122 ) ;
#2440 = CYLINDRICAL_SURFACE ( 'NONE', #2356, 5.499999999496645300 ) ;
#2441 = FACE_OUTER_BOUND ( 'NONE', #2551, .T. ) ;
#2442 = FACE_OUTER_BOUND ( 'NONE', #2549, .T. ) ;
#2443 = SURFACE_STYLE_FILL_AREA ( #88 ) ;
#2444 = CYLINDRICAL_SURFACE ( 'NONE', #2355, 5.499999999496645300 ) ;
#2445 = CYLINDRICAL_SURFACE ( 'NONE', #2352, 6.500000000000000900 ) ;
#2446 = FACE_OUTER_BOUND ( 'NONE', #2550, .T. ) ;
#2447 = FACE_OUTER_BOUND ( 'NONE', #2548, .T. ) ;
#2448 = LINE ( 'NONE', #1898, #2387 ) ;
#2449 = ORIENTED_EDGE ( 'NONE', *, *, #51, .F. ) ;
#2450 = ORIENTED_EDGE ( 'NONE', *, *, #23, .T. ) ;
#2451 = ORIENTED_EDGE ( 'NONE', *, *, #52, .F. ) ;
#2452 = ORIENTED_EDGE ( 'NONE', *, *, #53, .F. ) ;
#2453 = ORIENTED_EDGE ( 'NONE', *, *, #54, .T. ) ;
#2454 = ORIENTED_EDGE ( 'NONE', *, *, #55, .F. ) ;
#2455 = ORIENTED_EDGE ( 'NONE', *, *, #56, .F. ) ;
#2456 = ORIENTED_EDGE ( 'NONE', *, *, #57, .F. ) ;
#2457 = ORIENTED_EDGE ( 'NONE', *, *, #58, .F. ) ;
#2458 = ORIENTED_EDGE ( 'NONE', *, *, #59, .F. ) ;
#2459 = STYLED_ITEM ( 'NONE', ( #2418 ), #2350 ) ;
#2460 = ORIENTED_EDGE ( 'NONE', *, *, #61, .T. ) ;
#2461 = ORIENTED_EDGE ( 'NONE', *, *, #62, .F. ) ;
#2462 = ORIENTED_EDGE ( 'NONE', *, *, #60, .T. ) ;
#2463 = ORIENTED_EDGE ( 'NONE', *, *, #63, .F. ) ;
#2464 = ORIENTED_EDGE ( 'NONE', *, *, #65, .T. ) ;
#2465 = ORIENTED_EDGE ( 'NONE', *, *, #66, .F. ) ;
#2466 = ORIENTED_EDGE ( 'NONE', *, *, #64, .T. ) ;
#2467 = ORIENTED_EDGE ( 'NONE', *, *, #67, .F. ) ;
#2468 = ORIENTED_EDGE ( 'NONE', *, *, #69, .T. ) ;
#2469 = ORIENTED_EDGE ( 'NONE', *, *, #70, .T. ) ;
#2470 = ORIENTED_EDGE ( 'NONE', *, *, #68, .T. ) ;
#2471 = ORIENTED_EDGE ( 'NONE', *, *, #71, .F. ) ;
#2472 = ORIENTED_EDGE ( 'NONE', *, *, #68, .F. ) ;
#2473 = ORIENTED_EDGE ( 'NONE', *, *, #71, .T. ) ;
#2474 = ORIENTED_EDGE ( 'NONE', *, *, #72, .T. ) ;
#2475 = ORIENTED_EDGE ( 'NONE', *, *, #73, .T. ) ;
#2476 = ORIENTED_EDGE ( 'NONE', *, *, #69, .F. ) ;
#2477 = ORIENTED_EDGE ( 'NONE', *, *, #73, .F. ) ;
#2478 = ORIENTED_EDGE ( 'NONE', *, *, #70, .F. ) ;
#2479 = ORIENTED_EDGE ( 'NONE', *, *, #66, .T. ) ;
#2480 = ORIENTED_EDGE ( 'NONE', *, *, #1, .T. ) ;
#2481 = ORIENTED_EDGE ( 'NONE', *, *, #64, .F. ) ;
#2482 = ORIENTED_EDGE ( 'NONE', *, *, #72, .F. ) ;
#2483 = ORIENTED_EDGE ( 'NONE', *, *, #62, .T. ) ;
#2484 = ORIENTED_EDGE ( 'NONE', *, *, #2, .T. ) ;
#2485 = ORIENTED_EDGE ( 'NONE', *, *, #67, .T. ) ;
#2486 = ORIENTED_EDGE ( 'NONE', *, *, #3, .T. ) ;
#2487 = ORIENTED_EDGE ( 'NONE', *, *, #1, .F. ) ;
#2488 = ORIENTED_EDGE ( 'NONE', *, *, #5, .F. ) ;
#2489 = ORIENTED_EDGE ( 'NONE', *, *, #6, .F. ) ;
#2490 = ORIENTED_EDGE ( 'NONE', *, *, #4, .F. ) ;
#2491 = ORIENTED_EDGE ( 'NONE', *, *, #60, .F. ) ;
#2492 = ORIENTED_EDGE ( 'NONE', *, *, #63, .T. ) ;
#2493 = ORIENTED_EDGE ( 'NONE', *, *, #7, .T. ) ;
#2494 = ORIENTED_EDGE ( 'NONE', *, *, #9, .F. ) ;
#2495 = ORIENTED_EDGE ( 'NONE', *, *, #2, .F. ) ;
#2496 = ORIENTED_EDGE ( 'NONE', *, *, #57, .T. ) ;
#2497 = ORIENTED_EDGE ( 'NONE', *, *, #8, .T. ) ;
#2498 = ORIENTED_EDGE ( 'NONE', *, *, #5, .T. ) ;
#2499 = ORIENTED_EDGE ( 'NONE', *, *, #10, .F. ) ;
#2500 = ORIENTED_EDGE ( 'NONE', *, *, #9, .T. ) ;
#2501 = ORIENTED_EDGE ( 'NONE', *, *, #65, .F. ) ;
#2502 = ORIENTED_EDGE ( 'NONE', *, *, #3, .F. ) ;
#2503 = ORIENTED_EDGE ( 'NONE', *, *, #55, .T. ) ;
#2504 = ORIENTED_EDGE ( 'NONE', *, *, #11, .T. ) ;
#2505 = ORIENTED_EDGE ( 'NONE', *, *, #13, .F. ) ;
#2506 = ORIENTED_EDGE ( 'NONE', *, *, #12, .T. ) ;
#2507 = ORIENTED_EDGE ( 'NONE', *, *, #4, .T. ) ;
#2508 = ORIENTED_EDGE ( 'NONE', *, *, #10, .T. ) ;
#2509 = ORIENTED_EDGE ( 'NONE', *, *, #14, .T. ) ;
#2510 = ORIENTED_EDGE ( 'NONE', *, *, #6, .T. ) ;
#2511 = ORIENTED_EDGE ( 'NONE', *, *, #58, .T. ) ;
#2512 = ORIENTED_EDGE ( 'NONE', *, *, #13, .T. ) ;
#2513 = ORIENTED_EDGE ( 'NONE', *, *, #23, .F. ) ;
#2514 = ORIENTED_EDGE ( 'NONE', *, *, #61, .F. ) ;
#2515 = ORIENTED_EDGE ( 'NONE', *, *, #7, .F. ) ;
#2516 = ORIENTED_EDGE ( 'NONE', *, *, #15, .T. ) ;
#2517 = ORIENTED_EDGE ( 'NONE', *, *, #14, .F. ) ;
#2518 = ORIENTED_EDGE ( 'NONE', *, *, #44, .T. ) ;
#2519 = ORIENTED_EDGE ( 'NONE', *, *, #15, .F. ) ;
#2520 = ORIENTED_EDGE ( 'NONE', *, *, #59, .T. ) ;
#2521 = ORIENTED_EDGE ( 'NONE', *, *, #12, .F. ) ;
#2522 = ORIENTED_EDGE ( 'NONE', *, *, #8, .F. ) ;
#2523 = ORIENTED_EDGE ( 'NONE', *, *, #56, .T. ) ;
#2524 = ORIENTED_EDGE ( 'NONE', *, *, #11, .F. ) ;
#2525 = ORIENTED_EDGE ( 'NONE', *, *, #54, .F. ) ;
#2526 = ORIENTED_EDGE ( 'NONE', *, *, #16, .F. ) ;
#2527 = ORIENTED_EDGE ( 'NONE', *, *, #18, .F. ) ;
#2528 = ORIENTED_EDGE ( 'NONE', *, *, #17, .F. ) ;
#2529 = ORIENTED_EDGE ( 'NONE', *, *, #19, .F. ) ;
#2530 = ORIENTED_EDGE ( 'NONE', *, *, #52, .T. ) ;
#2531 = ORIENTED_EDGE ( 'NONE', *, *, #21, .F. ) ;
#2532 = ORIENTED_EDGE ( 'NONE', *, *, #20, .T. ) ;
#2533 = ORIENTED_EDGE ( 'NONE', *, *, #53, .T. ) ;
#2534 = ORIENTED_EDGE ( 'NONE', *, *, #18, .T. ) ;
#2535 = ORIENTED_EDGE ( 'NONE', *, *, #16, .T. ) ;
#2536 = ORIENTED_EDGE ( 'NONE', *, *, #22, .T. ) ;
#2537 = ORIENTED_EDGE ( 'NONE', *, *, #21, .T. ) ;
#2538 = ORIENTED_EDGE ( 'NONE', *, *, #26, .F. ) ;
#2539 = ORIENTED_EDGE ( 'NONE', *, *, #20, .F. ) ;
#2540 = ORIENTED_EDGE ( 'NONE', *, *, #19, .T. ) ;
#2541 = ORIENTED_EDGE ( 'NONE', *, *, #44, .F. ) ;
#2542 = ORIENTED_EDGE ( 'NONE', *, *, #51, .T. ) ;
#2543 = ORIENTED_EDGE ( 'NONE', *, *, #17, .T. ) ;
#2544 = ORIENTED_EDGE ( 'NONE', *, *, #26, .T. ) ;
#2545 = ORIENTED_EDGE ( 'NONE', *, *, #22, .F. ) ;
#2546 = CLOSED_SHELL ( 'NONE', ( #25, #27, #28, #30, #29, #31, #33, #32, #34, #35, #36, #37, #38, #39, #40, #41, #42, #47, #24, #46 ) ) ;
#2547 = EDGE_LOOP ( 'NONE', ( #2545, #2539, #2538 ) ) ;
#2548 = EDGE_LOOP ( 'NONE', ( #2540, #2542, #2543, #2537, #2544 ) ) ;
#2549 = EDGE_LOOP ( 'NONE', ( #2460, #2462, #2461, #2463 ) ) ;
#2550 = EDGE_LOOP ( 'NONE', ( #2541, #2450, #2449, #2451, #2452, #2453, #2454, #2455, #2456, #2457, #2458 ) ) ;
#2551 = EDGE_LOOP ( 'NONE', ( #2464, #2466, #2465, #2467 ) ) ;
#2552 = EDGE_LOOP ( 'NONE', ( #2468, #2470, #2469, #2471 ) ) ;
#2553 = EDGE_LOOP ( 'NONE', ( #2472, #2474, #2473, #2475 ) ) ;
#2554 = EDGE_LOOP ( 'NONE', ( #2477, #2478 ) ) ;
#2555 = EDGE_LOOP ( 'NONE', ( #2479, #2480 ) ) ;
#2556 = EDGE_LOOP ( 'NONE', ( #2476, #2482 ) ) ;
#2557 = EDGE_LOOP ( 'NONE', ( #2483, #2484 ) ) ;
#2558 = EDGE_LOOP ( 'NONE', ( #2481, #2486, #2485, #2487 ) ) ;
#2559 = EDGE_LOOP ( 'NONE', ( #2488, #2490, #2489 ) ) ;
#2560 = EDGE_LOOP ( 'NONE', ( #2491, #2493, #2492, #2495 ) ) ;
#2561 = EDGE_LOOP ( 'NONE', ( #2496, #2497, #2494, #2498, #2499 ) ) ;
#2562 = EDGE_LOOP ( 'NONE', ( #2501, #2502 ) ) ;
#2563 = EDGE_LOOP ( 'NONE', ( #2503, #2504 ) ) ;
#2564 = EDGE_LOOP ( 'NONE', ( #2500, #2506, #2505, #2507 ) ) ;
#2565 = EDGE_LOOP ( 'NONE', ( #2509, #2511, #2508, #2510, #2512 ) ) ;
#2566 = EDGE_LOOP ( 'NONE', ( #2514, #2515 ) ) ;
#2567 = EDGE_LOOP ( 'NONE', ( #2516, #2518 ) ) ;
#2568 = EDGE_LOOP ( 'NONE', ( #2513, #2519, #2520, #2517, #2521, #2522, #2523, #2524, #2525, #2526, #2528 ) ) ;
#2569 = EDGE_LOOP ( 'NONE', ( #2527, #2530, #2529, #2532 ) ) ;
#2570 = EDGE_LOOP ( 'NONE', ( #2531, #2535, #2533, #2534, #2536 ) ) ;
#2571 = VERTEX_POINT ( 'NONE', #121 ) ;
#2572 = VERTEX_POINT ( 'NONE', #120 ) ;
#2573 = VERTEX_POINT ( 'NONE', #119 ) ;
#2574 = VERTEX_POINT ( 'NONE', #118 ) ;
#2575 = VERTEX_POINT ( 'NONE', #117 ) ;
#2576 = VERTEX_POINT ( 'NONE', #116 ) ;
#2577 = VERTEX_POINT ( 'NONE', #115 ) ;
#2578 = VERTEX_POINT ( 'NONE', #114 ) ;
#2579 = VERTEX_POINT ( 'NONE', #113 ) ;
#2580 = VERTEX_POINT ( 'NONE', #112 ) ;
#2581 = VERTEX_POINT ( 'NONE', #110 ) ;
#2582 = VERTEX_POINT ( 'NONE', #96 ) ;
#2583 = VERTEX_POINT ( 'NONE', #97 ) ;
#2584 = VERTEX_POINT ( 'NONE', #102 ) ;
#2585 = VERTEX_POINT ( 'NONE', #111 ) ;
#2586 = VERTEX_POINT ( 'NONE', #105 ) ;
#2587 = VERTEX_POINT ( 'NONE', #95 ) ;
#2588 = VERTEX_POINT ( 'NONE', #101 ) ;
#2589 = VERTEX_POINT ( 'NONE', #107 ) ;
#2590 = VERTEX_POINT ( 'NONE', #74 ) ;
#2591 = VERTEX_POINT ( 'NONE', #108 ) ;
#2592 = VERTEX_POINT ( 'NONE', #94 ) ;
#2593 = VERTEX_POINT ( 'NONE', #104 ) ;
#2594 = VERTEX_POINT ( 'NONE', #106 ) ;
#2595 = VERTEX_POINT ( 'NONE', #109 ) ;
#2596 = VERTEX_POINT ( 'NONE', #100 ) ;
#2597 = VERTEX_POINT ( 'NONE', #99 ) ;
#2598 = VERTEX_POINT ( 'NONE', #98 ) ;
#2599 = VERTEX_POINT ( 'NONE', #103 ) ;
#2600 = VERTEX_POINT ( 'NONE', #93 ) ;
#2601 = PRODUCT_DEFINITION_SHAPE ( 'NONE', 'NONE',  #1281 ) ;
#2602 = PRODUCT_DEFINITION_CONTEXT ( 'detailed design', #76, 'design' ) ;
ENDSEC;
END-ISO-10303-21;
