ISO-10303-21;
HEADER;
/* Generated by software containing ST-Developer
 * from STEP Tools, Inc. (www.steptools.com) 
 */

FILE_DESCRIPTION(
/* description */ (''),
/* implementation_level */ '2;1');

FILE_NAME(
/* name */ 
'D:/Ronald One Drive/Professional/3D printers related files/Gopro Hero
 7.step',
/* time_stamp */ '2020-04-22T11:56:18-07:00',
/* author */ (''),
/* organization */ (''),
/* preprocessor_version */ 'ST-DEVELOPER v18.1',
/* originating_system */ 'Autodesk Translation Framework v9.2.0.1227',
/* authorisation */ '');

FILE_SCHEMA (('AUTOMOTIVE_DESIGN { 1 0 10303 214 3 1 1 }'));
ENDSEC;

DATA;
#10=MECHANICAL_DESIGN_GEOMETRIC_PRESENTATION_REPRESENTATION('',(#46,#47,
#48,#49,#50,#51,#52,#53,#54,#55,#56,#57,#58),#2802);
#11=SHAPE_REPRESENTATION_RELATIONSHIP('SRR','None',#2809,#12);
#12=ADVANCED_BREP_SHAPE_REPRESENTATION('',(#13),#2801);
#13=MANIFOLD_SOLID_BREP('Body1',#1547);
#14=SPHERICAL_SURFACE('',#1716,3.);
#15=SPHERICAL_SURFACE('',#1719,3.);
#16=SPHERICAL_SURFACE('',#1727,3.);
#17=FACE_BOUND('',#257,.T.);
#18=FACE_BOUND('',#280,.T.);
#19=CONICAL_SURFACE('',#1694,2.5,0.244978663126863);
#20=CONICAL_SURFACE('',#1697,2.5,0.244978663126864);
#21=CONICAL_SURFACE('',#1708,2.5,0.244978663126862);
#22=CONICAL_SURFACE('',#1711,2.5,0.244978663126861);
#23=(
BOUNDED_SURFACE()
B_SPLINE_SURFACE(2,2,((#2601,#2602,#2603),(#2604,#2605,#2606),(#2607,#2608,
#2609)),.UNSPECIFIED.,.F.,.F.,.F.)
B_SPLINE_SURFACE_WITH_KNOTS((3,3),(3,3),(1.63866979180482E-16,0.244978663126871),
(-3.14159265358979,-1.5707963267949),.UNSPECIFIED.)
GEOMETRIC_REPRESENTATION_ITEM()
RATIONAL_B_SPLINE_SURFACE(((1.,0.707106781186548,1.),(0.992507556682923,
0.701808823709387,0.992507556682923),(1.,0.707106781186548,1.)))
REPRESENTATION_ITEM('')
SURFACE()
);
#24=(
BOUNDED_SURFACE()
B_SPLINE_SURFACE(2,2,((#2621,#2622,#2623),(#2624,#2625,#2626),(#2627,#2628,
#2629)),.UNSPECIFIED.,.F.,.F.,.F.)
B_SPLINE_SURFACE_WITH_KNOTS((3,3),(3,3),(1.63866979180482E-16,0.244978663126873),
(-1.5707963267949,-3.58834108997913E-32),.UNSPECIFIED.)
GEOMETRIC_REPRESENTATION_ITEM()
RATIONAL_B_SPLINE_SURFACE(((1.,0.707106781186548,1.),(0.992507556682739,
0.701808823709257,0.992507556682739),(1.,0.707106781186548,1.)))
REPRESENTATION_ITEM('')
SURFACE()
);
#25=(
BOUNDED_SURFACE()
B_SPLINE_SURFACE(2,2,((#2641,#2642,#2643),(#2644,#2645,#2646),(#2647,#2648,
#2649)),.UNSPECIFIED.,.F.,.F.,.F.)
B_SPLINE_SURFACE_WITH_KNOTS((3,3),(3,3),(-1.55431223447522E-15,0.244978663126864),
(-4.12474273814219E-17,1.5707963267949),.UNSPECIFIED.)
GEOMETRIC_REPRESENTATION_ITEM()
RATIONAL_B_SPLINE_SURFACE(((1.,0.707106781186548,1.),(0.992507556682667,
0.701808823709205,0.992507556682667),(1.,0.707106781186548,1.)))
REPRESENTATION_ITEM('')
SURFACE()
);
#26=(
BOUNDED_SURFACE()
B_SPLINE_SURFACE(2,2,((#2658,#2659,#2660),(#2661,#2662,#2663),(#2664,#2665,
#2666)),.UNSPECIFIED.,.F.,.F.,.F.)
B_SPLINE_SURFACE_WITH_KNOTS((3,3),(3,3),(-1.05204539888061E-15,0.244978663126864),
(1.5707963267949,3.14159265358979),.UNSPECIFIED.)
GEOMETRIC_REPRESENTATION_ITEM()
RATIONAL_B_SPLINE_SURFACE(((1.,0.707106781186548,1.),(0.992507556682914,
0.70180882370938,0.992507556682914),(1.,0.707106781186548,1.)))
REPRESENTATION_ITEM('')
SURFACE()
);
#27=B_SPLINE_CURVE_WITH_KNOTS('',3,(#2423,#2424,#2425,#2426),
 .UNSPECIFIED.,.F.,.F.,(4,4),(-0.778608988755223,-0.536380889748478),
 .UNSPECIFIED.);
#28=B_SPLINE_CURVE_WITH_KNOTS('',3,(#2469,#2470,#2471,#2472),
 .UNSPECIFIED.,.F.,.F.,(4,4),(-1.0311248355173,-0.788722521768595),
 .UNSPECIFIED.);
#29=B_SPLINE_SURFACE_WITH_KNOTS('',3,3,((#2400,#2401,#2402,#2403),(#2404,
#2405,#2406,#2407),(#2408,#2409,#2410,#2411),(#2412,#2413,#2414,#2415),
(#2416,#2417,#2418,#2419)),.UNSPECIFIED.,.F.,.F.,.F.,(4,1,4),(4,4),(0.,
0.5,1.),(-0.778608988755223,-0.536380889748478),.UNSPECIFIED.);
#30=B_SPLINE_SURFACE_WITH_KNOTS('',3,3,((#2446,#2447,#2448,#2449),(#2450,
#2451,#2452,#2453),(#2454,#2455,#2456,#2457),(#2458,#2459,#2460,#2461),
(#2462,#2463,#2464,#2465)),.UNSPECIFIED.,.F.,.F.,.F.,(4,1,4),(4,4),(0.,
0.5,1.),(-1.0311248355173,-0.788722521768595),.UNSPECIFIED.);
#31=TOROIDAL_SURFACE('',#1598,3.41421356237309,1.5);
#32=TOROIDAL_SURFACE('',#1602,3.41421356237309,1.5);
#33=TOROIDAL_SURFACE('',#1610,3.4142135623731,1.5);
#34=TOROIDAL_SURFACE('',#1620,3.41421356237309,1.5);
#35=TOROIDAL_SURFACE('',#1626,2.19999999999999,0.2);
#36=TOROIDAL_SURFACE('',#1633,2.2,0.2);
#37=TOROIDAL_SURFACE('',#1639,2.2,0.2);
#38=TOROIDAL_SURFACE('',#1645,2.2,0.2);
#39=TOROIDAL_SURFACE('',#1659,2.,1.00000000000001);
#40=TOROIDAL_SURFACE('',#1664,2.,1.);
#41=TOROIDAL_SURFACE('',#1722,6.,3.);
#42=TOROIDAL_SURFACE('',#1731,6.,3.);
#43=TOROIDAL_SURFACE('',#1737,5.99999999999999,3.);
#44=TOROIDAL_SURFACE('',#1743,2.,0.999999999999999);
#45=TOROIDAL_SURFACE('',#1748,2.,1.);
#46=STYLED_ITEM('',(#2819),#1458);
#47=STYLED_ITEM('',(#2820),#1467);
#48=STYLED_ITEM('',(#2819),#1479);
#49=STYLED_ITEM('',(#2819),#1492);
#50=STYLED_ITEM('',(#2819),#1493);
#51=STYLED_ITEM('',(#2819),#1494);
#52=STYLED_ITEM('',(#2819),#1495);
#53=STYLED_ITEM('',(#2820),#1500);
#54=STYLED_ITEM('',(#2819),#1533);
#55=STYLED_ITEM('',(#2819),#1536);
#56=STYLED_ITEM('',(#2819),#1537);
#57=STYLED_ITEM('',(#2819),#1538);
#58=STYLED_ITEM('',(#2818),#13);
#59=PLANE('',#1564);
#60=PLANE('',#1568);
#61=PLANE('',#1572);
#62=PLANE('',#1576);
#63=PLANE('',#1577);
#64=PLANE('',#1581);
#65=PLANE('',#1585);
#66=PLANE('',#1589);
#67=PLANE('',#1593);
#68=PLANE('',#1594);
#69=PLANE('',#1623);
#70=PLANE('',#1625);
#71=PLANE('',#1650);
#72=PLANE('',#1653);
#73=PLANE('',#1667);
#74=PLANE('',#1670);
#75=PLANE('',#1673);
#76=PLANE('',#1696);
#77=PLANE('',#1699);
#78=PLANE('',#1702);
#79=PLANE('',#1705);
#80=PLANE('',#1707);
#81=PLANE('',#1710);
#82=PLANE('',#1715);
#83=PLANE('',#1757);
#84=PLANE('',#1758);
#85=PLANE('',#1759);
#86=PLANE('',#1760);
#87=FACE_OUTER_BOUND('',#184,.T.);
#88=FACE_OUTER_BOUND('',#185,.T.);
#89=FACE_OUTER_BOUND('',#186,.T.);
#90=FACE_OUTER_BOUND('',#187,.T.);
#91=FACE_OUTER_BOUND('',#188,.T.);
#92=FACE_OUTER_BOUND('',#189,.T.);
#93=FACE_OUTER_BOUND('',#190,.T.);
#94=FACE_OUTER_BOUND('',#191,.T.);
#95=FACE_OUTER_BOUND('',#192,.T.);
#96=FACE_OUTER_BOUND('',#193,.T.);
#97=FACE_OUTER_BOUND('',#194,.T.);
#98=FACE_OUTER_BOUND('',#195,.T.);
#99=FACE_OUTER_BOUND('',#196,.T.);
#100=FACE_OUTER_BOUND('',#197,.T.);
#101=FACE_OUTER_BOUND('',#198,.T.);
#102=FACE_OUTER_BOUND('',#199,.T.);
#103=FACE_OUTER_BOUND('',#200,.T.);
#104=FACE_OUTER_BOUND('',#201,.T.);
#105=FACE_OUTER_BOUND('',#202,.T.);
#106=FACE_OUTER_BOUND('',#203,.T.);
#107=FACE_OUTER_BOUND('',#204,.T.);
#108=FACE_OUTER_BOUND('',#205,.T.);
#109=FACE_OUTER_BOUND('',#206,.T.);
#110=FACE_OUTER_BOUND('',#207,.T.);
#111=FACE_OUTER_BOUND('',#208,.T.);
#112=FACE_OUTER_BOUND('',#209,.T.);
#113=FACE_OUTER_BOUND('',#210,.T.);
#114=FACE_OUTER_BOUND('',#211,.T.);
#115=FACE_OUTER_BOUND('',#212,.T.);
#116=FACE_OUTER_BOUND('',#213,.T.);
#117=FACE_OUTER_BOUND('',#214,.T.);
#118=FACE_OUTER_BOUND('',#215,.T.);
#119=FACE_OUTER_BOUND('',#216,.T.);
#120=FACE_OUTER_BOUND('',#217,.T.);
#121=FACE_OUTER_BOUND('',#218,.T.);
#122=FACE_OUTER_BOUND('',#219,.T.);
#123=FACE_OUTER_BOUND('',#220,.T.);
#124=FACE_OUTER_BOUND('',#221,.T.);
#125=FACE_OUTER_BOUND('',#222,.T.);
#126=FACE_OUTER_BOUND('',#223,.T.);
#127=FACE_OUTER_BOUND('',#224,.T.);
#128=FACE_OUTER_BOUND('',#225,.T.);
#129=FACE_OUTER_BOUND('',#226,.T.);
#130=FACE_OUTER_BOUND('',#227,.T.);
#131=FACE_OUTER_BOUND('',#228,.T.);
#132=FACE_OUTER_BOUND('',#229,.T.);
#133=FACE_OUTER_BOUND('',#230,.T.);
#134=FACE_OUTER_BOUND('',#231,.T.);
#135=FACE_OUTER_BOUND('',#232,.T.);
#136=FACE_OUTER_BOUND('',#233,.T.);
#137=FACE_OUTER_BOUND('',#234,.T.);
#138=FACE_OUTER_BOUND('',#235,.T.);
#139=FACE_OUTER_BOUND('',#236,.T.);
#140=FACE_OUTER_BOUND('',#237,.T.);
#141=FACE_OUTER_BOUND('',#238,.T.);
#142=FACE_OUTER_BOUND('',#239,.T.);
#143=FACE_OUTER_BOUND('',#240,.T.);
#144=FACE_OUTER_BOUND('',#241,.T.);
#145=FACE_OUTER_BOUND('',#242,.T.);
#146=FACE_OUTER_BOUND('',#243,.T.);
#147=FACE_OUTER_BOUND('',#244,.T.);
#148=FACE_OUTER_BOUND('',#245,.T.);
#149=FACE_OUTER_BOUND('',#246,.T.);
#150=FACE_OUTER_BOUND('',#247,.T.);
#151=FACE_OUTER_BOUND('',#248,.T.);
#152=FACE_OUTER_BOUND('',#249,.T.);
#153=FACE_OUTER_BOUND('',#250,.T.);
#154=FACE_OUTER_BOUND('',#251,.T.);
#155=FACE_OUTER_BOUND('',#252,.T.);
#156=FACE_OUTER_BOUND('',#253,.T.);
#157=FACE_OUTER_BOUND('',#254,.T.);
#158=FACE_OUTER_BOUND('',#255,.T.);
#159=FACE_OUTER_BOUND('',#256,.T.);
#160=FACE_OUTER_BOUND('',#258,.T.);
#161=FACE_OUTER_BOUND('',#259,.T.);
#162=FACE_OUTER_BOUND('',#260,.T.);
#163=FACE_OUTER_BOUND('',#261,.T.);
#164=FACE_OUTER_BOUND('',#262,.T.);
#165=FACE_OUTER_BOUND('',#263,.T.);
#166=FACE_OUTER_BOUND('',#264,.T.);
#167=FACE_OUTER_BOUND('',#265,.T.);
#168=FACE_OUTER_BOUND('',#266,.T.);
#169=FACE_OUTER_BOUND('',#267,.T.);
#170=FACE_OUTER_BOUND('',#268,.T.);
#171=FACE_OUTER_BOUND('',#269,.T.);
#172=FACE_OUTER_BOUND('',#270,.T.);
#173=FACE_OUTER_BOUND('',#271,.T.);
#174=FACE_OUTER_BOUND('',#272,.T.);
#175=FACE_OUTER_BOUND('',#273,.T.);
#176=FACE_OUTER_BOUND('',#274,.T.);
#177=FACE_OUTER_BOUND('',#275,.T.);
#178=FACE_OUTER_BOUND('',#276,.T.);
#179=FACE_OUTER_BOUND('',#277,.T.);
#180=FACE_OUTER_BOUND('',#278,.T.);
#181=FACE_OUTER_BOUND('',#279,.T.);
#182=FACE_OUTER_BOUND('',#281,.T.);
#183=FACE_OUTER_BOUND('',#282,.T.);
#184=EDGE_LOOP('',(#965,#966,#967,#968));
#185=EDGE_LOOP('',(#969,#970,#971,#972));
#186=EDGE_LOOP('',(#973,#974,#975,#976));
#187=EDGE_LOOP('',(#977,#978,#979,#980));
#188=EDGE_LOOP('',(#981,#982,#983,#984));
#189=EDGE_LOOP('',(#985,#986,#987,#988));
#190=EDGE_LOOP('',(#989,#990,#991,#992));
#191=EDGE_LOOP('',(#993,#994,#995,#996));
#192=EDGE_LOOP('',(#997,#998,#999,#1000,#1001,#1002,#1003,#1004));
#193=EDGE_LOOP('',(#1005,#1006,#1007,#1008));
#194=EDGE_LOOP('',(#1009,#1010,#1011,#1012));
#195=EDGE_LOOP('',(#1013,#1014,#1015,#1016));
#196=EDGE_LOOP('',(#1017,#1018,#1019,#1020));
#197=EDGE_LOOP('',(#1021,#1022,#1023,#1024));
#198=EDGE_LOOP('',(#1025,#1026,#1027,#1028));
#199=EDGE_LOOP('',(#1029,#1030,#1031,#1032));
#200=EDGE_LOOP('',(#1033,#1034,#1035,#1036));
#201=EDGE_LOOP('',(#1037,#1038,#1039,#1040,#1041,#1042,#1043,#1044));
#202=EDGE_LOOP('',(#1045,#1046,#1047,#1048));
#203=EDGE_LOOP('',(#1049,#1050,#1051,#1052));
#204=EDGE_LOOP('',(#1053,#1054,#1055,#1056));
#205=EDGE_LOOP('',(#1057,#1058,#1059,#1060));
#206=EDGE_LOOP('',(#1061,#1062,#1063,#1064));
#207=EDGE_LOOP('',(#1065,#1066,#1067,#1068));
#208=EDGE_LOOP('',(#1069,#1070,#1071,#1072));
#209=EDGE_LOOP('',(#1073,#1074,#1075,#1076));
#210=EDGE_LOOP('',(#1077,#1078,#1079,#1080));
#211=EDGE_LOOP('',(#1081,#1082,#1083,#1084));
#212=EDGE_LOOP('',(#1085,#1086,#1087,#1088,#1089,#1090,#1091,#1092,#1093,
#1094,#1095,#1096,#1097,#1098,#1099));
#213=EDGE_LOOP('',(#1100,#1101,#1102,#1103,#1104,#1105,#1106,#1107,#1108,
#1109));
#214=EDGE_LOOP('',(#1110,#1111,#1112,#1113));
#215=EDGE_LOOP('',(#1114,#1115,#1116,#1117));
#216=EDGE_LOOP('',(#1118,#1119,#1120,#1121));
#217=EDGE_LOOP('',(#1122,#1123,#1124,#1125));
#218=EDGE_LOOP('',(#1126,#1127,#1128,#1129));
#219=EDGE_LOOP('',(#1130,#1131,#1132,#1133));
#220=EDGE_LOOP('',(#1134,#1135,#1136,#1137));
#221=EDGE_LOOP('',(#1138,#1139,#1140,#1141));
#222=EDGE_LOOP('',(#1142,#1143,#1144,#1145));
#223=EDGE_LOOP('',(#1146,#1147,#1148,#1149));
#224=EDGE_LOOP('',(#1150,#1151,#1152,#1153));
#225=EDGE_LOOP('',(#1154,#1155,#1156,#1157));
#226=EDGE_LOOP('',(#1158,#1159,#1160,#1161));
#227=EDGE_LOOP('',(#1162,#1163,#1164,#1165));
#228=EDGE_LOOP('',(#1166,#1167,#1168,#1169));
#229=EDGE_LOOP('',(#1170,#1171,#1172,#1173));
#230=EDGE_LOOP('',(#1174,#1175,#1176,#1177));
#231=EDGE_LOOP('',(#1178,#1179,#1180,#1181));
#232=EDGE_LOOP('',(#1182,#1183,#1184,#1185));
#233=EDGE_LOOP('',(#1186,#1187,#1188,#1189));
#234=EDGE_LOOP('',(#1190,#1191,#1192,#1193,#1194,#1195,#1196,#1197));
#235=EDGE_LOOP('',(#1198,#1199,#1200,#1201));
#236=EDGE_LOOP('',(#1202,#1203,#1204,#1205));
#237=EDGE_LOOP('',(#1206,#1207,#1208,#1209));
#238=EDGE_LOOP('',(#1210,#1211,#1212,#1213));
#239=EDGE_LOOP('',(#1214,#1215,#1216,#1217));
#240=EDGE_LOOP('',(#1218,#1219,#1220,#1221));
#241=EDGE_LOOP('',(#1222,#1223,#1224,#1225,#1226,#1227,#1228,#1229));
#242=EDGE_LOOP('',(#1230,#1231,#1232,#1233));
#243=EDGE_LOOP('',(#1234,#1235,#1236,#1237));
#244=EDGE_LOOP('',(#1238,#1239,#1240,#1241));
#245=EDGE_LOOP('',(#1242,#1243,#1244,#1245));
#246=EDGE_LOOP('',(#1246,#1247,#1248,#1249));
#247=EDGE_LOOP('',(#1250,#1251,#1252,#1253));
#248=EDGE_LOOP('',(#1254,#1255,#1256,#1257));
#249=EDGE_LOOP('',(#1258,#1259,#1260,#1261));
#250=EDGE_LOOP('',(#1262,#1263,#1264,#1265,#1266,#1267,#1268));
#251=EDGE_LOOP('',(#1269,#1270,#1271,#1272));
#252=EDGE_LOOP('',(#1273,#1274,#1275,#1276));
#253=EDGE_LOOP('',(#1277,#1278,#1279,#1280));
#254=EDGE_LOOP('',(#1281,#1282,#1283,#1284));
#255=EDGE_LOOP('',(#1285,#1286,#1287,#1288));
#256=EDGE_LOOP('',(#1289,#1290,#1291,#1292,#1293,#1294,#1295,#1296));
#257=EDGE_LOOP('',(#1297,#1298,#1299,#1300,#1301,#1302,#1303,#1304));
#258=EDGE_LOOP('',(#1305,#1306,#1307));
#259=EDGE_LOOP('',(#1308,#1309,#1310));
#260=EDGE_LOOP('',(#1311,#1312,#1313,#1314));
#261=EDGE_LOOP('',(#1315,#1316,#1317));
#262=EDGE_LOOP('',(#1318,#1319,#1320,#1321));
#263=EDGE_LOOP('',(#1322,#1323,#1324,#1325));
#264=EDGE_LOOP('',(#1326,#1327,#1328,#1329));
#265=EDGE_LOOP('',(#1330,#1331,#1332,#1333));
#266=EDGE_LOOP('',(#1334,#1335,#1336,#1337));
#267=EDGE_LOOP('',(#1338,#1339,#1340,#1341));
#268=EDGE_LOOP('',(#1342,#1343,#1344,#1345));
#269=EDGE_LOOP('',(#1346,#1347,#1348,#1349));
#270=EDGE_LOOP('',(#1350,#1351,#1352,#1353));
#271=EDGE_LOOP('',(#1354,#1355,#1356,#1357));
#272=EDGE_LOOP('',(#1358,#1359,#1360,#1361));
#273=EDGE_LOOP('',(#1362,#1363,#1364,#1365));
#274=EDGE_LOOP('',(#1366,#1367,#1368,#1369));
#275=EDGE_LOOP('',(#1370,#1371,#1372,#1373));
#276=EDGE_LOOP('',(#1374,#1375,#1376,#1377));
#277=EDGE_LOOP('',(#1378,#1379,#1380,#1381));
#278=EDGE_LOOP('',(#1382,#1383,#1384,#1385));
#279=EDGE_LOOP('',(#1386,#1387,#1388,#1389,#1390,#1391,#1392));
#280=EDGE_LOOP('',(#1393,#1394,#1395,#1396,#1397,#1398,#1399,#1400));
#281=EDGE_LOOP('',(#1401,#1402,#1403,#1404));
#282=EDGE_LOOP('',(#1405,#1406,#1407,#1408));
#283=LINE('',#2280,#394);
#284=LINE('',#2283,#395);
#285=LINE('',#2286,#396);
#286=LINE('',#2288,#397);
#287=LINE('',#2289,#398);
#288=LINE('',#2294,#399);
#289=LINE('',#2298,#400);
#290=LINE('',#2300,#401);
#291=LINE('',#2301,#402);
#292=LINE('',#2306,#403);
#293=LINE('',#2310,#404);
#294=LINE('',#2312,#405);
#295=LINE('',#2313,#406);
#296=LINE('',#2318,#407);
#297=LINE('',#2321,#408);
#298=LINE('',#2322,#409);
#299=LINE('',#2329,#410);
#300=LINE('',#2332,#411);
#301=LINE('',#2335,#412);
#302=LINE('',#2337,#413);
#303=LINE('',#2338,#414);
#304=LINE('',#2344,#415);
#305=LINE('',#2347,#416);
#306=LINE('',#2349,#417);
#307=LINE('',#2350,#418);
#308=LINE('',#2356,#419);
#309=LINE('',#2359,#420);
#310=LINE('',#2361,#421);
#311=LINE('',#2362,#422);
#312=LINE('',#2368,#423);
#313=LINE('',#2370,#424);
#314=LINE('',#2371,#425);
#315=LINE('',#2378,#426);
#316=LINE('',#2381,#427);
#317=LINE('',#2398,#428);
#318=LINE('',#2399,#429);
#319=LINE('',#2438,#430);
#320=LINE('',#2439,#431);
#321=LINE('',#2444,#432);
#322=LINE('',#2445,#433);
#323=LINE('',#2479,#434);
#324=LINE('',#2481,#435);
#325=LINE('',#2483,#436);
#326=LINE('',#2487,#437);
#327=LINE('',#2489,#438);
#328=LINE('',#2491,#439);
#329=LINE('',#2492,#440);
#330=LINE('',#2505,#441);
#331=LINE('',#2508,#442);
#332=LINE('',#2517,#443);
#333=LINE('',#2520,#444);
#334=LINE('',#2529,#445);
#335=LINE('',#2532,#446);
#336=LINE('',#2540,#447);
#337=LINE('',#2541,#448);
#338=LINE('',#2544,#449);
#339=LINE('',#2546,#450);
#340=LINE('',#2547,#451);
#341=LINE('',#2550,#452);
#342=LINE('',#2554,#453);
#343=LINE('',#2555,#454);
#344=LINE('',#2558,#455);
#345=LINE('',#2564,#456);
#346=LINE('',#2573,#457);
#347=LINE('',#2579,#458);
#348=LINE('',#2580,#459);
#349=LINE('',#2583,#460);
#350=LINE('',#2587,#461);
#351=LINE('',#2588,#462);
#352=LINE('',#2597,#463);
#353=LINE('',#2600,#464);
#354=LINE('',#2617,#465);
#355=LINE('',#2620,#466);
#356=LINE('',#2637,#467);
#357=LINE('',#2640,#468);
#358=LINE('',#2657,#469);
#359=LINE('',#2671,#470);
#360=LINE('',#2674,#471);
#361=LINE('',#2677,#472);
#362=LINE('',#2678,#473);
#363=LINE('',#2681,#474);
#364=LINE('',#2685,#475);
#365=LINE('',#2686,#476);
#366=LINE('',#2689,#477);
#367=LINE('',#2692,#478);
#368=LINE('',#2695,#479);
#369=LINE('',#2696,#480);
#370=LINE('',#2699,#481);
#371=LINE('',#2703,#482);
#372=LINE('',#2705,#483);
#373=LINE('',#2707,#484);
#374=LINE('',#2710,#485);
#375=LINE('',#2713,#486);
#376=LINE('',#2714,#487);
#377=LINE('',#2718,#488);
#378=LINE('',#2721,#489);
#379=LINE('',#2722,#490);
#380=LINE('',#2758,#491);
#381=LINE('',#2760,#492);
#382=LINE('',#2761,#493);
#383=LINE('',#2769,#494);
#384=LINE('',#2771,#495);
#385=LINE('',#2772,#496);
#386=LINE('',#2777,#497);
#387=LINE('',#2779,#498);
#388=LINE('',#2786,#499);
#389=LINE('',#2787,#500);
#390=LINE('',#2789,#501);
#391=LINE('',#2791,#502);
#392=LINE('',#2792,#503);
#393=LINE('',#2794,#504);
#394=VECTOR('',#1767,10.);
#395=VECTOR('',#1770,10.);
#396=VECTOR('',#1773,10.);
#397=VECTOR('',#1774,10.);
#398=VECTOR('',#1775,10.);
#399=VECTOR('',#1780,10.);
#400=VECTOR('',#1785,10.);
#401=VECTOR('',#1786,10.);
#402=VECTOR('',#1787,10.);
#403=VECTOR('',#1792,10.);
#404=VECTOR('',#1797,10.);
#405=VECTOR('',#1798,10.);
#406=VECTOR('',#1799,10.);
#407=VECTOR('',#1804,10.);
#408=VECTOR('',#1809,10.);
#409=VECTOR('',#1810,10.);
#410=VECTOR('',#1817,10.);
#411=VECTOR('',#1820,10.);
#412=VECTOR('',#1823,10.);
#413=VECTOR('',#1824,10.);
#414=VECTOR('',#1825,10.);
#415=VECTOR('',#1832,10.);
#416=VECTOR('',#1835,10.);
#417=VECTOR('',#1836,10.);
#418=VECTOR('',#1837,10.);
#419=VECTOR('',#1842,10.);
#420=VECTOR('',#1845,10.);
#421=VECTOR('',#1848,10.);
#422=VECTOR('',#1849,10.);
#423=VECTOR('',#1856,10.);
#424=VECTOR('',#1859,10.);
#425=VECTOR('',#1860,10.);
#426=VECTOR('',#1867,10.);
#427=VECTOR('',#1870,1.5);
#428=VECTOR('',#1891,10.);
#429=VECTOR('',#1892,1.5);
#430=VECTOR('',#1909,1.5);
#431=VECTOR('',#1910,10.);
#432=VECTOR('',#1915,10.);
#433=VECTOR('',#1916,1.5);
#434=VECTOR('',#1929,10.);
#435=VECTOR('',#1930,10.);
#436=VECTOR('',#1931,10.);
#437=VECTOR('',#1934,10.);
#438=VECTOR('',#1935,10.);
#439=VECTOR('',#1936,10.);
#440=VECTOR('',#1937,10.);
#441=VECTOR('',#1952,10.);
#442=VECTOR('',#1955,10.);
#443=VECTOR('',#1966,10.);
#444=VECTOR('',#1969,10.);
#445=VECTOR('',#1980,10.);
#446=VECTOR('',#1983,10.);
#447=VECTOR('',#1994,10.);
#448=VECTOR('',#1995,10.);
#449=VECTOR('',#1998,10.);
#450=VECTOR('',#1999,10.);
#451=VECTOR('',#2000,10.);
#452=VECTOR('',#2003,10.);
#453=VECTOR('',#2008,10.);
#454=VECTOR('',#2009,10.);
#455=VECTOR('',#2012,10.);
#456=VECTOR('',#2019,10.);
#457=VECTOR('',#2032,10.);
#458=VECTOR('',#2041,10.);
#459=VECTOR('',#2042,10.);
#460=VECTOR('',#2045,10.);
#461=VECTOR('',#2050,10.);
#462=VECTOR('',#2051,10.);
#463=VECTOR('',#2062,10.);
#464=VECTOR('',#2065,10.);
#465=VECTOR('',#2074,10.);
#466=VECTOR('',#2077,10.);
#467=VECTOR('',#2086,10.);
#468=VECTOR('',#2089,10.);
#469=VECTOR('',#2100,10.);
#470=VECTOR('',#2107,10.);
#471=VECTOR('',#2110,10.);
#472=VECTOR('',#2113,10.);
#473=VECTOR('',#2114,10.);
#474=VECTOR('',#2117,10.);
#475=VECTOR('',#2122,10.);
#476=VECTOR('',#2123,10.);
#477=VECTOR('',#2126,10.);
#478=VECTOR('',#2129,10.);
#479=VECTOR('',#2132,10.);
#480=VECTOR('',#2133,10.);
#481=VECTOR('',#2136,10.);
#482=VECTOR('',#2141,10.);
#483=VECTOR('',#2142,10.);
#484=VECTOR('',#2143,10.);
#485=VECTOR('',#2146,10.);
#486=VECTOR('',#2149,10.);
#487=VECTOR('',#2150,10.);
#488=VECTOR('',#2155,10.);
#489=VECTOR('',#2158,10.);
#490=VECTOR('',#2159,10.);
#491=VECTOR('',#2210,10.);
#492=VECTOR('',#2213,10.);
#493=VECTOR('',#2214,10.);
#494=VECTOR('',#2225,10.);
#495=VECTOR('',#2228,10.);
#496=VECTOR('',#2229,10.);
#497=VECTOR('',#2238,10.);
#498=VECTOR('',#2241,10.);
#499=VECTOR('',#2254,10.);
#500=VECTOR('',#2255,10.);
#501=VECTOR('',#2258,10.);
#502=VECTOR('',#2261,10.);
#503=VECTOR('',#2262,10.);
#504=VECTOR('',#2265,10.);
#505=CIRCLE('',#1562,1.5);
#506=CIRCLE('',#1563,1.5);
#507=CIRCLE('',#1566,1.5);
#508=CIRCLE('',#1567,1.5);
#509=CIRCLE('',#1570,1.5);
#510=CIRCLE('',#1571,1.5);
#511=CIRCLE('',#1574,1.50000000000001);
#512=CIRCLE('',#1575,1.50000000000001);
#513=CIRCLE('',#1579,1.);
#514=CIRCLE('',#1580,1.);
#515=CIRCLE('',#1583,1.);
#516=CIRCLE('',#1584,1.);
#517=CIRCLE('',#1587,1.);
#518=CIRCLE('',#1588,1.);
#519=CIRCLE('',#1591,1.);
#520=CIRCLE('',#1592,1.);
#521=CIRCLE('',#1596,1.5);
#522=CIRCLE('',#1597,1.5);
#523=CIRCLE('',#1599,1.5);
#524=CIRCLE('',#1600,2.);
#525=CIRCLE('',#1601,3.41421356237309);
#526=CIRCLE('',#1603,1.5);
#527=CIRCLE('',#1604,3.41421356237309);
#528=CIRCLE('',#1605,2.);
#529=CIRCLE('',#1607,1.5);
#530=CIRCLE('',#1608,1.5);
#531=CIRCLE('',#1609,2.);
#532=CIRCLE('',#1611,1.5);
#533=CIRCLE('',#1612,2.);
#534=CIRCLE('',#1613,3.4142135623731);
#535=CIRCLE('',#1615,1.5);
#536=CIRCLE('',#1617,1.5);
#537=CIRCLE('',#1618,1.5);
#538=CIRCLE('',#1619,2.);
#539=CIRCLE('',#1621,2.);
#540=CIRCLE('',#1622,3.41421356237309);
#541=CIRCLE('',#1624,5.99999999999999);
#542=CIRCLE('',#1627,0.2);
#543=CIRCLE('',#1628,1.99999999999999);
#544=CIRCLE('',#1629,0.199999999999991);
#545=CIRCLE('',#1630,2.24999999999999);
#546=CIRCLE('',#1632,0.2);
#547=CIRCLE('',#1634,2.);
#548=CIRCLE('',#1635,0.199999999999998);
#549=CIRCLE('',#1636,2.25);
#550=CIRCLE('',#1638,0.2);
#551=CIRCLE('',#1640,2.);
#552=CIRCLE('',#1641,0.199999999999999);
#553=CIRCLE('',#1642,2.25);
#554=CIRCLE('',#1644,0.2);
#555=CIRCLE('',#1646,2.);
#556=CIRCLE('',#1647,0.2);
#557=CIRCLE('',#1648,2.25);
#558=CIRCLE('',#1652,2.);
#559=CIRCLE('',#1655,1.99999999999999);
#560=CIRCLE('',#1657,1.);
#561=CIRCLE('',#1658,0.999999999999999);
#562=CIRCLE('',#1660,1.00000000000001);
#563=CIRCLE('',#1661,3.);
#564=CIRCLE('',#1663,1.);
#565=CIRCLE('',#1665,1.);
#566=CIRCLE('',#1666,3.);
#567=CIRCLE('',#1669,2.);
#568=CIRCLE('',#1672,2.);
#569=CIRCLE('',#1675,5.);
#570=CIRCLE('',#1676,5.);
#571=CIRCLE('',#1677,3.);
#572=CIRCLE('',#1678,5.);
#573=CIRCLE('',#1679,2.85071250072666);
#574=CIRCLE('',#1681,5.);
#575=CIRCLE('',#1682,3.);
#576=CIRCLE('',#1683,5.);
#577=CIRCLE('',#1684,2.85071250072667);
#578=CIRCLE('',#1686,5.);
#579=CIRCLE('',#1687,3.);
#580=CIRCLE('',#1688,5.);
#581=CIRCLE('',#1689,2.85071250072666);
#582=CIRCLE('',#1691,5.);
#583=CIRCLE('',#1692,3.);
#584=CIRCLE('',#1693,2.85071250072666);
#585=CIRCLE('',#1695,2.);
#586=CIRCLE('',#1698,2.);
#587=CIRCLE('',#1701,3.);
#588=CIRCLE('',#1704,3.);
#589=CIRCLE('',#1706,6.);
#590=CIRCLE('',#1709,2.);
#591=CIRCLE('',#1712,2.);
#592=CIRCLE('',#1714,3.);
#593=CIRCLE('',#1717,3.);
#594=CIRCLE('',#1718,3.);
#595=CIRCLE('',#1720,3.);
#596=CIRCLE('',#1721,3.);
#597=CIRCLE('',#1723,3.);
#598=CIRCLE('',#1724,3.);
#599=CIRCLE('',#1725,6.);
#600=CIRCLE('',#1726,3.);
#601=CIRCLE('',#1728,3.);
#602=CIRCLE('',#1729,3.);
#603=CIRCLE('',#1730,3.);
#604=CIRCLE('',#1732,3.);
#605=CIRCLE('',#1733,3.);
#606=CIRCLE('',#1734,3.);
#607=CIRCLE('',#1738,3.);
#608=CIRCLE('',#1739,3.);
#609=CIRCLE('',#1740,3.);
#610=CIRCLE('',#1744,3.);
#611=CIRCLE('',#1745,1.);
#612=CIRCLE('',#1749,1.);
#613=CIRCLE('',#1750,1.);
#614=VERTEX_POINT('',#2276);
#615=VERTEX_POINT('',#2277);
#616=VERTEX_POINT('',#2279);
#617=VERTEX_POINT('',#2281);
#618=VERTEX_POINT('',#2285);
#619=VERTEX_POINT('',#2287);
#620=VERTEX_POINT('',#2291);
#621=VERTEX_POINT('',#2293);
#622=VERTEX_POINT('',#2297);
#623=VERTEX_POINT('',#2299);
#624=VERTEX_POINT('',#2303);
#625=VERTEX_POINT('',#2305);
#626=VERTEX_POINT('',#2309);
#627=VERTEX_POINT('',#2311);
#628=VERTEX_POINT('',#2315);
#629=VERTEX_POINT('',#2317);
#630=VERTEX_POINT('',#2325);
#631=VERTEX_POINT('',#2326);
#632=VERTEX_POINT('',#2328);
#633=VERTEX_POINT('',#2330);
#634=VERTEX_POINT('',#2334);
#635=VERTEX_POINT('',#2336);
#636=VERTEX_POINT('',#2340);
#637=VERTEX_POINT('',#2342);
#638=VERTEX_POINT('',#2346);
#639=VERTEX_POINT('',#2348);
#640=VERTEX_POINT('',#2352);
#641=VERTEX_POINT('',#2353);
#642=VERTEX_POINT('',#2355);
#643=VERTEX_POINT('',#2357);
#644=VERTEX_POINT('',#2364);
#645=VERTEX_POINT('',#2366);
#646=VERTEX_POINT('',#2374);
#647=VERTEX_POINT('',#2375);
#648=VERTEX_POINT('',#2377);
#649=VERTEX_POINT('',#2379);
#650=VERTEX_POINT('',#2383);
#651=VERTEX_POINT('',#2384);
#652=VERTEX_POINT('',#2389);
#653=VERTEX_POINT('',#2390);
#654=VERTEX_POINT('',#2395);
#655=VERTEX_POINT('',#2396);
#656=VERTEX_POINT('',#2420);
#657=VERTEX_POINT('',#2421);
#658=VERTEX_POINT('',#2429);
#659=VERTEX_POINT('',#2430);
#660=VERTEX_POINT('',#2435);
#661=VERTEX_POINT('',#2436);
#662=VERTEX_POINT('',#2441);
#663=VERTEX_POINT('',#2442);
#664=VERTEX_POINT('',#2466);
#665=VERTEX_POINT('',#2467);
#666=VERTEX_POINT('',#2478);
#667=VERTEX_POINT('',#2480);
#668=VERTEX_POINT('',#2482);
#669=VERTEX_POINT('',#2484);
#670=VERTEX_POINT('',#2486);
#671=VERTEX_POINT('',#2488);
#672=VERTEX_POINT('',#2490);
#673=VERTEX_POINT('',#2495);
#674=VERTEX_POINT('',#2496);
#675=VERTEX_POINT('',#2498);
#676=VERTEX_POINT('',#2500);
#677=VERTEX_POINT('',#2504);
#678=VERTEX_POINT('',#2506);
#679=VERTEX_POINT('',#2510);
#680=VERTEX_POINT('',#2512);
#681=VERTEX_POINT('',#2516);
#682=VERTEX_POINT('',#2518);
#683=VERTEX_POINT('',#2522);
#684=VERTEX_POINT('',#2524);
#685=VERTEX_POINT('',#2528);
#686=VERTEX_POINT('',#2530);
#687=VERTEX_POINT('',#2534);
#688=VERTEX_POINT('',#2536);
#689=VERTEX_POINT('',#2543);
#690=VERTEX_POINT('',#2545);
#691=VERTEX_POINT('',#2549);
#692=VERTEX_POINT('',#2553);
#693=VERTEX_POINT('',#2557);
#694=VERTEX_POINT('',#2561);
#695=VERTEX_POINT('',#2563);
#696=VERTEX_POINT('',#2567);
#697=VERTEX_POINT('',#2571);
#698=VERTEX_POINT('',#2578);
#699=VERTEX_POINT('',#2582);
#700=VERTEX_POINT('',#2586);
#701=VERTEX_POINT('',#2593);
#702=VERTEX_POINT('',#2594);
#703=VERTEX_POINT('',#2596);
#704=VERTEX_POINT('',#2598);
#705=VERTEX_POINT('',#2610);
#706=VERTEX_POINT('',#2612);
#707=VERTEX_POINT('',#2616);
#708=VERTEX_POINT('',#2618);
#709=VERTEX_POINT('',#2630);
#710=VERTEX_POINT('',#2632);
#711=VERTEX_POINT('',#2636);
#712=VERTEX_POINT('',#2638);
#713=VERTEX_POINT('',#2651);
#714=VERTEX_POINT('',#2655);
#715=VERTEX_POINT('',#2670);
#716=VERTEX_POINT('',#2672);
#717=VERTEX_POINT('',#2676);
#718=VERTEX_POINT('',#2680);
#719=VERTEX_POINT('',#2684);
#720=VERTEX_POINT('',#2688);
#721=VERTEX_POINT('',#2690);
#722=VERTEX_POINT('',#2694);
#723=VERTEX_POINT('',#2698);
#724=VERTEX_POINT('',#2702);
#725=VERTEX_POINT('',#2704);
#726=VERTEX_POINT('',#2706);
#727=VERTEX_POINT('',#2708);
#728=VERTEX_POINT('',#2712);
#729=VERTEX_POINT('',#2716);
#730=VERTEX_POINT('',#2720);
#731=VERTEX_POINT('',#2729);
#732=VERTEX_POINT('',#2733);
#733=VERTEX_POINT('',#2737);
#734=VERTEX_POINT('',#2738);
#735=VERTEX_POINT('',#2740);
#736=VERTEX_POINT('',#2742);
#737=VERTEX_POINT('',#2746);
#738=VERTEX_POINT('',#2747);
#739=VERTEX_POINT('',#2752);
#740=VERTEX_POINT('',#2753);
#741=VERTEX_POINT('',#2763);
#742=VERTEX_POINT('',#2765);
#743=EDGE_CURVE('',#614,#615,#505,.T.);
#744=EDGE_CURVE('',#614,#616,#283,.T.);
#745=EDGE_CURVE('',#616,#617,#506,.T.);
#746=EDGE_CURVE('',#615,#617,#284,.T.);
#747=EDGE_CURVE('',#618,#614,#285,.T.);
#748=EDGE_CURVE('',#618,#619,#286,.T.);
#749=EDGE_CURVE('',#619,#616,#287,.T.);
#750=EDGE_CURVE('',#620,#618,#507,.T.);
#751=EDGE_CURVE('',#620,#621,#288,.T.);
#752=EDGE_CURVE('',#621,#619,#508,.T.);
#753=EDGE_CURVE('',#622,#620,#289,.T.);
#754=EDGE_CURVE('',#622,#623,#290,.T.);
#755=EDGE_CURVE('',#623,#621,#291,.T.);
#756=EDGE_CURVE('',#624,#622,#509,.T.);
#757=EDGE_CURVE('',#624,#625,#292,.T.);
#758=EDGE_CURVE('',#625,#623,#510,.T.);
#759=EDGE_CURVE('',#626,#624,#293,.T.);
#760=EDGE_CURVE('',#626,#627,#294,.T.);
#761=EDGE_CURVE('',#627,#625,#295,.T.);
#762=EDGE_CURVE('',#628,#626,#511,.T.);
#763=EDGE_CURVE('',#628,#629,#296,.T.);
#764=EDGE_CURVE('',#629,#627,#512,.T.);
#765=EDGE_CURVE('',#615,#628,#297,.T.);
#766=EDGE_CURVE('',#617,#629,#298,.T.);
#767=EDGE_CURVE('',#630,#631,#513,.T.);
#768=EDGE_CURVE('',#630,#632,#299,.T.);
#769=EDGE_CURVE('',#632,#633,#514,.T.);
#770=EDGE_CURVE('',#633,#631,#300,.T.);
#771=EDGE_CURVE('',#634,#633,#301,.T.);
#772=EDGE_CURVE('',#635,#634,#302,.T.);
#773=EDGE_CURVE('',#635,#631,#303,.T.);
#774=EDGE_CURVE('',#635,#636,#515,.T.);
#775=EDGE_CURVE('',#634,#637,#516,.T.);
#776=EDGE_CURVE('',#637,#636,#304,.T.);
#777=EDGE_CURVE('',#638,#637,#305,.T.);
#778=EDGE_CURVE('',#639,#638,#306,.T.);
#779=EDGE_CURVE('',#639,#636,#307,.T.);
#780=EDGE_CURVE('',#640,#641,#517,.T.);
#781=EDGE_CURVE('',#640,#642,#308,.T.);
#782=EDGE_CURVE('',#642,#643,#518,.T.);
#783=EDGE_CURVE('',#643,#641,#309,.T.);
#784=EDGE_CURVE('',#630,#641,#310,.T.);
#785=EDGE_CURVE('',#632,#643,#311,.T.);
#786=EDGE_CURVE('',#639,#644,#519,.T.);
#787=EDGE_CURVE('',#638,#645,#520,.T.);
#788=EDGE_CURVE('',#645,#644,#312,.T.);
#789=EDGE_CURVE('',#640,#644,#313,.T.);
#790=EDGE_CURVE('',#642,#645,#314,.T.);
#791=EDGE_CURVE('',#646,#647,#521,.T.);
#792=EDGE_CURVE('',#648,#647,#315,.T.);
#793=EDGE_CURVE('',#648,#649,#522,.T.);
#794=EDGE_CURVE('',#649,#646,#316,.T.);
#795=EDGE_CURVE('',#650,#651,#523,.T.);
#796=EDGE_CURVE('',#651,#647,#524,.T.);
#797=EDGE_CURVE('',#646,#650,#525,.T.);
#798=EDGE_CURVE('',#652,#653,#526,.T.);
#799=EDGE_CURVE('',#653,#649,#527,.T.);
#800=EDGE_CURVE('',#648,#652,#528,.T.);
#801=EDGE_CURVE('',#654,#655,#529,.T.);
#802=EDGE_CURVE('',#651,#655,#317,.T.);
#803=EDGE_CURVE('',#650,#654,#318,.T.);
#804=EDGE_CURVE('',#656,#657,#530,.T.);
#805=EDGE_CURVE('',#657,#653,#27,.T.);
#806=EDGE_CURVE('',#652,#656,#531,.T.);
#807=EDGE_CURVE('',#658,#659,#532,.T.);
#808=EDGE_CURVE('',#659,#655,#533,.T.);
#809=EDGE_CURVE('',#654,#658,#534,.T.);
#810=EDGE_CURVE('',#660,#661,#535,.T.);
#811=EDGE_CURVE('',#661,#657,#319,.T.);
#812=EDGE_CURVE('',#660,#656,#320,.T.);
#813=EDGE_CURVE('',#662,#663,#536,.T.);
#814=EDGE_CURVE('',#659,#663,#321,.T.);
#815=EDGE_CURVE('',#658,#662,#322,.T.);
#816=EDGE_CURVE('',#664,#665,#537,.T.);
#817=EDGE_CURVE('',#665,#661,#28,.T.);
#818=EDGE_CURVE('',#660,#664,#538,.T.);
#819=EDGE_CURVE('',#664,#663,#539,.T.);
#820=EDGE_CURVE('',#662,#665,#540,.T.);
#821=EDGE_CURVE('',#666,#653,#323,.T.);
#822=EDGE_CURVE('',#667,#666,#324,.T.);
#823=EDGE_CURVE('',#668,#667,#325,.T.);
#824=EDGE_CURVE('',#669,#668,#541,.T.);
#825=EDGE_CURVE('',#670,#669,#326,.T.);
#826=EDGE_CURVE('',#671,#670,#327,.T.);
#827=EDGE_CURVE('',#672,#671,#328,.T.);
#828=EDGE_CURVE('',#665,#672,#329,.T.);
#829=EDGE_CURVE('',#673,#674,#542,.T.);
#830=EDGE_CURVE('',#674,#675,#543,.T.);
#831=EDGE_CURVE('',#675,#676,#544,.T.);
#832=EDGE_CURVE('',#676,#673,#545,.T.);
#833=EDGE_CURVE('',#675,#677,#330,.T.);
#834=EDGE_CURVE('',#677,#678,#546,.T.);
#835=EDGE_CURVE('',#678,#676,#331,.T.);
#836=EDGE_CURVE('',#677,#679,#547,.T.);
#837=EDGE_CURVE('',#679,#680,#548,.T.);
#838=EDGE_CURVE('',#680,#678,#549,.T.);
#839=EDGE_CURVE('',#679,#681,#332,.T.);
#840=EDGE_CURVE('',#681,#682,#550,.T.);
#841=EDGE_CURVE('',#682,#680,#333,.T.);
#842=EDGE_CURVE('',#681,#683,#551,.T.);
#843=EDGE_CURVE('',#683,#684,#552,.T.);
#844=EDGE_CURVE('',#684,#682,#553,.T.);
#845=EDGE_CURVE('',#683,#685,#334,.T.);
#846=EDGE_CURVE('',#685,#686,#554,.T.);
#847=EDGE_CURVE('',#686,#684,#335,.T.);
#848=EDGE_CURVE('',#685,#687,#555,.T.);
#849=EDGE_CURVE('',#687,#688,#556,.T.);
#850=EDGE_CURVE('',#688,#686,#557,.T.);
#851=EDGE_CURVE('',#687,#674,#336,.T.);
#852=EDGE_CURVE('',#673,#688,#337,.T.);
#853=EDGE_CURVE('',#679,#689,#338,.T.);
#854=EDGE_CURVE('',#689,#690,#339,.T.);
#855=EDGE_CURVE('',#681,#690,#340,.T.);
#856=EDGE_CURVE('',#677,#691,#341,.T.);
#857=EDGE_CURVE('',#691,#689,#558,.T.);
#858=EDGE_CURVE('',#675,#692,#342,.T.);
#859=EDGE_CURVE('',#692,#691,#343,.T.);
#860=EDGE_CURVE('',#674,#693,#344,.T.);
#861=EDGE_CURVE('',#693,#692,#559,.T.);
#862=EDGE_CURVE('',#686,#694,#560,.T.);
#863=EDGE_CURVE('',#694,#695,#345,.T.);
#864=EDGE_CURVE('',#695,#684,#561,.T.);
#865=EDGE_CURVE('',#696,#688,#562,.T.);
#866=EDGE_CURVE('',#694,#696,#563,.F.);
#867=EDGE_CURVE('',#673,#697,#564,.T.);
#868=EDGE_CURVE('',#697,#696,#346,.T.);
#869=EDGE_CURVE('',#670,#676,#565,.T.);
#870=EDGE_CURVE('',#697,#670,#566,.F.);
#871=EDGE_CURVE('',#687,#698,#347,.T.);
#872=EDGE_CURVE('',#698,#693,#348,.T.);
#873=EDGE_CURVE('',#685,#699,#349,.T.);
#874=EDGE_CURVE('',#699,#698,#567,.T.);
#875=EDGE_CURVE('',#683,#700,#350,.T.);
#876=EDGE_CURVE('',#700,#699,#351,.T.);
#877=EDGE_CURVE('',#690,#700,#568,.T.);
#878=EDGE_CURVE('',#701,#702,#569,.T.);
#879=EDGE_CURVE('',#702,#703,#352,.T.);
#880=EDGE_CURVE('',#703,#704,#570,.T.);
#881=EDGE_CURVE('',#704,#701,#353,.T.);
#882=EDGE_CURVE('',#703,#705,#571,.T.);
#883=EDGE_CURVE('',#705,#706,#572,.T.);
#884=EDGE_CURVE('',#706,#704,#573,.T.);
#885=EDGE_CURVE('',#705,#707,#354,.T.);
#886=EDGE_CURVE('',#707,#708,#574,.T.);
#887=EDGE_CURVE('',#708,#706,#355,.T.);
#888=EDGE_CURVE('',#707,#709,#575,.T.);
#889=EDGE_CURVE('',#709,#710,#576,.T.);
#890=EDGE_CURVE('',#710,#708,#577,.T.);
#891=EDGE_CURVE('',#709,#711,#356,.T.);
#892=EDGE_CURVE('',#711,#712,#578,.T.);
#893=EDGE_CURVE('',#712,#710,#357,.T.);
#894=EDGE_CURVE('',#711,#666,#579,.T.);
#895=EDGE_CURVE('',#666,#713,#580,.T.);
#896=EDGE_CURVE('',#713,#712,#581,.T.);
#897=EDGE_CURVE('',#672,#714,#582,.T.);
#898=EDGE_CURVE('',#714,#713,#358,.T.);
#899=EDGE_CURVE('',#672,#702,#583,.T.);
#900=EDGE_CURVE('',#701,#714,#584,.T.);
#901=EDGE_CURVE('',#715,#713,#359,.T.);
#902=EDGE_CURVE('',#715,#716,#585,.T.);
#903=EDGE_CURVE('',#716,#712,#360,.T.);
#904=EDGE_CURVE('',#714,#717,#361,.T.);
#905=EDGE_CURVE('',#717,#715,#362,.T.);
#906=EDGE_CURVE('',#718,#701,#363,.T.);
#907=EDGE_CURVE('',#718,#717,#586,.T.);
#908=EDGE_CURVE('',#719,#704,#364,.T.);
#909=EDGE_CURVE('',#719,#718,#365,.T.);
#910=EDGE_CURVE('',#707,#720,#366,.T.);
#911=EDGE_CURVE('',#720,#721,#587,.F.);
#912=EDGE_CURVE('',#721,#709,#367,.T.);
#913=EDGE_CURVE('',#722,#705,#368,.T.);
#914=EDGE_CURVE('',#720,#722,#369,.T.);
#915=EDGE_CURVE('',#703,#723,#370,.T.);
#916=EDGE_CURVE('',#723,#722,#588,.F.);
#917=EDGE_CURVE('',#724,#702,#371,.T.);
#918=EDGE_CURVE('',#725,#724,#372,.T.);
#919=EDGE_CURVE('',#726,#725,#373,.T.);
#920=EDGE_CURVE('',#727,#726,#589,.T.);
#921=EDGE_CURVE('',#723,#727,#374,.T.);
#922=EDGE_CURVE('',#716,#728,#375,.T.);
#923=EDGE_CURVE('',#728,#710,#376,.T.);
#924=EDGE_CURVE('',#728,#729,#590,.T.);
#925=EDGE_CURVE('',#729,#708,#377,.T.);
#926=EDGE_CURVE('',#729,#730,#378,.T.);
#927=EDGE_CURVE('',#730,#706,#379,.T.);
#928=EDGE_CURVE('',#730,#719,#591,.T.);
#929=EDGE_CURVE('',#671,#724,#592,.F.);
#930=EDGE_CURVE('',#731,#720,#593,.F.);
#931=EDGE_CURVE('',#721,#731,#594,.F.);
#932=EDGE_CURVE('',#732,#723,#595,.F.);
#933=EDGE_CURVE('',#722,#732,#596,.F.);
#934=EDGE_CURVE('',#733,#734,#597,.F.);
#935=EDGE_CURVE('',#735,#733,#598,.T.);
#936=EDGE_CURVE('',#735,#736,#599,.T.);
#937=EDGE_CURVE('',#734,#736,#600,.T.);
#938=EDGE_CURVE('',#737,#738,#601,.F.);
#939=EDGE_CURVE('',#667,#737,#602,.F.);
#940=EDGE_CURVE('',#738,#667,#603,.F.);
#941=EDGE_CURVE('',#739,#740,#604,.F.);
#942=EDGE_CURVE('',#727,#739,#605,.T.);
#943=EDGE_CURVE('',#740,#726,#606,.T.);
#944=EDGE_CURVE('',#739,#732,#380,.T.);
#945=EDGE_CURVE('',#696,#733,#381,.T.);
#946=EDGE_CURVE('',#734,#694,#382,.T.);
#947=EDGE_CURVE('',#741,#668,#607,.T.);
#948=EDGE_CURVE('',#742,#741,#608,.F.);
#949=EDGE_CURVE('',#669,#742,#609,.T.);
#950=EDGE_CURVE('',#737,#741,#383,.T.);
#951=EDGE_CURVE('',#741,#735,#384,.T.);
#952=EDGE_CURVE('',#733,#742,#385,.T.);
#953=EDGE_CURVE('',#725,#695,#610,.F.);
#954=EDGE_CURVE('',#682,#725,#611,.T.);
#955=EDGE_CURVE('',#695,#740,#386,.T.);
#956=EDGE_CURVE('',#742,#697,#387,.T.);
#957=EDGE_CURVE('',#724,#680,#612,.T.);
#958=EDGE_CURVE('',#678,#671,#613,.T.);
#959=EDGE_CURVE('',#736,#739,#388,.T.);
#960=EDGE_CURVE('',#740,#734,#389,.T.);
#961=EDGE_CURVE('',#711,#738,#390,.T.);
#962=EDGE_CURVE('',#738,#721,#391,.T.);
#963=EDGE_CURVE('',#731,#737,#392,.T.);
#964=EDGE_CURVE('',#732,#731,#393,.T.);
#965=ORIENTED_EDGE('',*,*,#743,.F.);
#966=ORIENTED_EDGE('',*,*,#744,.T.);
#967=ORIENTED_EDGE('',*,*,#745,.T.);
#968=ORIENTED_EDGE('',*,*,#746,.F.);
#969=ORIENTED_EDGE('',*,*,#747,.F.);
#970=ORIENTED_EDGE('',*,*,#748,.T.);
#971=ORIENTED_EDGE('',*,*,#749,.T.);
#972=ORIENTED_EDGE('',*,*,#744,.F.);
#973=ORIENTED_EDGE('',*,*,#750,.F.);
#974=ORIENTED_EDGE('',*,*,#751,.T.);
#975=ORIENTED_EDGE('',*,*,#752,.T.);
#976=ORIENTED_EDGE('',*,*,#748,.F.);
#977=ORIENTED_EDGE('',*,*,#753,.F.);
#978=ORIENTED_EDGE('',*,*,#754,.T.);
#979=ORIENTED_EDGE('',*,*,#755,.T.);
#980=ORIENTED_EDGE('',*,*,#751,.F.);
#981=ORIENTED_EDGE('',*,*,#756,.F.);
#982=ORIENTED_EDGE('',*,*,#757,.T.);
#983=ORIENTED_EDGE('',*,*,#758,.T.);
#984=ORIENTED_EDGE('',*,*,#754,.F.);
#985=ORIENTED_EDGE('',*,*,#759,.F.);
#986=ORIENTED_EDGE('',*,*,#760,.T.);
#987=ORIENTED_EDGE('',*,*,#761,.T.);
#988=ORIENTED_EDGE('',*,*,#757,.F.);
#989=ORIENTED_EDGE('',*,*,#762,.F.);
#990=ORIENTED_EDGE('',*,*,#763,.T.);
#991=ORIENTED_EDGE('',*,*,#764,.T.);
#992=ORIENTED_EDGE('',*,*,#760,.F.);
#993=ORIENTED_EDGE('',*,*,#765,.F.);
#994=ORIENTED_EDGE('',*,*,#746,.T.);
#995=ORIENTED_EDGE('',*,*,#766,.T.);
#996=ORIENTED_EDGE('',*,*,#763,.F.);
#997=ORIENTED_EDGE('',*,*,#766,.F.);
#998=ORIENTED_EDGE('',*,*,#745,.F.);
#999=ORIENTED_EDGE('',*,*,#749,.F.);
#1000=ORIENTED_EDGE('',*,*,#752,.F.);
#1001=ORIENTED_EDGE('',*,*,#755,.F.);
#1002=ORIENTED_EDGE('',*,*,#758,.F.);
#1003=ORIENTED_EDGE('',*,*,#761,.F.);
#1004=ORIENTED_EDGE('',*,*,#764,.F.);
#1005=ORIENTED_EDGE('',*,*,#767,.F.);
#1006=ORIENTED_EDGE('',*,*,#768,.T.);
#1007=ORIENTED_EDGE('',*,*,#769,.T.);
#1008=ORIENTED_EDGE('',*,*,#770,.T.);
#1009=ORIENTED_EDGE('',*,*,#770,.F.);
#1010=ORIENTED_EDGE('',*,*,#771,.F.);
#1011=ORIENTED_EDGE('',*,*,#772,.F.);
#1012=ORIENTED_EDGE('',*,*,#773,.T.);
#1013=ORIENTED_EDGE('',*,*,#774,.F.);
#1014=ORIENTED_EDGE('',*,*,#772,.T.);
#1015=ORIENTED_EDGE('',*,*,#775,.T.);
#1016=ORIENTED_EDGE('',*,*,#776,.T.);
#1017=ORIENTED_EDGE('',*,*,#776,.F.);
#1018=ORIENTED_EDGE('',*,*,#777,.F.);
#1019=ORIENTED_EDGE('',*,*,#778,.F.);
#1020=ORIENTED_EDGE('',*,*,#779,.T.);
#1021=ORIENTED_EDGE('',*,*,#780,.F.);
#1022=ORIENTED_EDGE('',*,*,#781,.T.);
#1023=ORIENTED_EDGE('',*,*,#782,.T.);
#1024=ORIENTED_EDGE('',*,*,#783,.T.);
#1025=ORIENTED_EDGE('',*,*,#768,.F.);
#1026=ORIENTED_EDGE('',*,*,#784,.T.);
#1027=ORIENTED_EDGE('',*,*,#783,.F.);
#1028=ORIENTED_EDGE('',*,*,#785,.F.);
#1029=ORIENTED_EDGE('',*,*,#786,.F.);
#1030=ORIENTED_EDGE('',*,*,#778,.T.);
#1031=ORIENTED_EDGE('',*,*,#787,.T.);
#1032=ORIENTED_EDGE('',*,*,#788,.T.);
#1033=ORIENTED_EDGE('',*,*,#781,.F.);
#1034=ORIENTED_EDGE('',*,*,#789,.T.);
#1035=ORIENTED_EDGE('',*,*,#788,.F.);
#1036=ORIENTED_EDGE('',*,*,#790,.F.);
#1037=ORIENTED_EDGE('',*,*,#767,.T.);
#1038=ORIENTED_EDGE('',*,*,#773,.F.);
#1039=ORIENTED_EDGE('',*,*,#774,.T.);
#1040=ORIENTED_EDGE('',*,*,#779,.F.);
#1041=ORIENTED_EDGE('',*,*,#786,.T.);
#1042=ORIENTED_EDGE('',*,*,#789,.F.);
#1043=ORIENTED_EDGE('',*,*,#780,.T.);
#1044=ORIENTED_EDGE('',*,*,#784,.F.);
#1045=ORIENTED_EDGE('',*,*,#791,.T.);
#1046=ORIENTED_EDGE('',*,*,#792,.F.);
#1047=ORIENTED_EDGE('',*,*,#793,.T.);
#1048=ORIENTED_EDGE('',*,*,#794,.T.);
#1049=ORIENTED_EDGE('',*,*,#795,.T.);
#1050=ORIENTED_EDGE('',*,*,#796,.T.);
#1051=ORIENTED_EDGE('',*,*,#791,.F.);
#1052=ORIENTED_EDGE('',*,*,#797,.T.);
#1053=ORIENTED_EDGE('',*,*,#798,.T.);
#1054=ORIENTED_EDGE('',*,*,#799,.T.);
#1055=ORIENTED_EDGE('',*,*,#793,.F.);
#1056=ORIENTED_EDGE('',*,*,#800,.T.);
#1057=ORIENTED_EDGE('',*,*,#801,.T.);
#1058=ORIENTED_EDGE('',*,*,#802,.F.);
#1059=ORIENTED_EDGE('',*,*,#795,.F.);
#1060=ORIENTED_EDGE('',*,*,#803,.T.);
#1061=ORIENTED_EDGE('',*,*,#804,.T.);
#1062=ORIENTED_EDGE('',*,*,#805,.T.);
#1063=ORIENTED_EDGE('',*,*,#798,.F.);
#1064=ORIENTED_EDGE('',*,*,#806,.T.);
#1065=ORIENTED_EDGE('',*,*,#807,.T.);
#1066=ORIENTED_EDGE('',*,*,#808,.T.);
#1067=ORIENTED_EDGE('',*,*,#801,.F.);
#1068=ORIENTED_EDGE('',*,*,#809,.T.);
#1069=ORIENTED_EDGE('',*,*,#810,.T.);
#1070=ORIENTED_EDGE('',*,*,#811,.T.);
#1071=ORIENTED_EDGE('',*,*,#804,.F.);
#1072=ORIENTED_EDGE('',*,*,#812,.F.);
#1073=ORIENTED_EDGE('',*,*,#813,.T.);
#1074=ORIENTED_EDGE('',*,*,#814,.F.);
#1075=ORIENTED_EDGE('',*,*,#807,.F.);
#1076=ORIENTED_EDGE('',*,*,#815,.T.);
#1077=ORIENTED_EDGE('',*,*,#816,.T.);
#1078=ORIENTED_EDGE('',*,*,#817,.T.);
#1079=ORIENTED_EDGE('',*,*,#810,.F.);
#1080=ORIENTED_EDGE('',*,*,#818,.T.);
#1081=ORIENTED_EDGE('',*,*,#816,.F.);
#1082=ORIENTED_EDGE('',*,*,#819,.T.);
#1083=ORIENTED_EDGE('',*,*,#813,.F.);
#1084=ORIENTED_EDGE('',*,*,#820,.T.);
#1085=ORIENTED_EDGE('',*,*,#820,.F.);
#1086=ORIENTED_EDGE('',*,*,#815,.F.);
#1087=ORIENTED_EDGE('',*,*,#809,.F.);
#1088=ORIENTED_EDGE('',*,*,#803,.F.);
#1089=ORIENTED_EDGE('',*,*,#797,.F.);
#1090=ORIENTED_EDGE('',*,*,#794,.F.);
#1091=ORIENTED_EDGE('',*,*,#799,.F.);
#1092=ORIENTED_EDGE('',*,*,#821,.F.);
#1093=ORIENTED_EDGE('',*,*,#822,.F.);
#1094=ORIENTED_EDGE('',*,*,#823,.F.);
#1095=ORIENTED_EDGE('',*,*,#824,.F.);
#1096=ORIENTED_EDGE('',*,*,#825,.F.);
#1097=ORIENTED_EDGE('',*,*,#826,.F.);
#1098=ORIENTED_EDGE('',*,*,#827,.F.);
#1099=ORIENTED_EDGE('',*,*,#828,.F.);
#1100=ORIENTED_EDGE('',*,*,#818,.F.);
#1101=ORIENTED_EDGE('',*,*,#812,.T.);
#1102=ORIENTED_EDGE('',*,*,#806,.F.);
#1103=ORIENTED_EDGE('',*,*,#800,.F.);
#1104=ORIENTED_EDGE('',*,*,#792,.T.);
#1105=ORIENTED_EDGE('',*,*,#796,.F.);
#1106=ORIENTED_EDGE('',*,*,#802,.T.);
#1107=ORIENTED_EDGE('',*,*,#808,.F.);
#1108=ORIENTED_EDGE('',*,*,#814,.T.);
#1109=ORIENTED_EDGE('',*,*,#819,.F.);
#1110=ORIENTED_EDGE('',*,*,#829,.T.);
#1111=ORIENTED_EDGE('',*,*,#830,.T.);
#1112=ORIENTED_EDGE('',*,*,#831,.T.);
#1113=ORIENTED_EDGE('',*,*,#832,.T.);
#1114=ORIENTED_EDGE('',*,*,#831,.F.);
#1115=ORIENTED_EDGE('',*,*,#833,.T.);
#1116=ORIENTED_EDGE('',*,*,#834,.T.);
#1117=ORIENTED_EDGE('',*,*,#835,.T.);
#1118=ORIENTED_EDGE('',*,*,#834,.F.);
#1119=ORIENTED_EDGE('',*,*,#836,.T.);
#1120=ORIENTED_EDGE('',*,*,#837,.T.);
#1121=ORIENTED_EDGE('',*,*,#838,.T.);
#1122=ORIENTED_EDGE('',*,*,#837,.F.);
#1123=ORIENTED_EDGE('',*,*,#839,.T.);
#1124=ORIENTED_EDGE('',*,*,#840,.T.);
#1125=ORIENTED_EDGE('',*,*,#841,.T.);
#1126=ORIENTED_EDGE('',*,*,#840,.F.);
#1127=ORIENTED_EDGE('',*,*,#842,.T.);
#1128=ORIENTED_EDGE('',*,*,#843,.T.);
#1129=ORIENTED_EDGE('',*,*,#844,.T.);
#1130=ORIENTED_EDGE('',*,*,#843,.F.);
#1131=ORIENTED_EDGE('',*,*,#845,.T.);
#1132=ORIENTED_EDGE('',*,*,#846,.T.);
#1133=ORIENTED_EDGE('',*,*,#847,.T.);
#1134=ORIENTED_EDGE('',*,*,#846,.F.);
#1135=ORIENTED_EDGE('',*,*,#848,.T.);
#1136=ORIENTED_EDGE('',*,*,#849,.T.);
#1137=ORIENTED_EDGE('',*,*,#850,.T.);
#1138=ORIENTED_EDGE('',*,*,#849,.F.);
#1139=ORIENTED_EDGE('',*,*,#851,.T.);
#1140=ORIENTED_EDGE('',*,*,#829,.F.);
#1141=ORIENTED_EDGE('',*,*,#852,.T.);
#1142=ORIENTED_EDGE('',*,*,#839,.F.);
#1143=ORIENTED_EDGE('',*,*,#853,.T.);
#1144=ORIENTED_EDGE('',*,*,#854,.T.);
#1145=ORIENTED_EDGE('',*,*,#855,.F.);
#1146=ORIENTED_EDGE('',*,*,#836,.F.);
#1147=ORIENTED_EDGE('',*,*,#856,.T.);
#1148=ORIENTED_EDGE('',*,*,#857,.T.);
#1149=ORIENTED_EDGE('',*,*,#853,.F.);
#1150=ORIENTED_EDGE('',*,*,#833,.F.);
#1151=ORIENTED_EDGE('',*,*,#858,.T.);
#1152=ORIENTED_EDGE('',*,*,#859,.T.);
#1153=ORIENTED_EDGE('',*,*,#856,.F.);
#1154=ORIENTED_EDGE('',*,*,#830,.F.);
#1155=ORIENTED_EDGE('',*,*,#860,.T.);
#1156=ORIENTED_EDGE('',*,*,#861,.T.);
#1157=ORIENTED_EDGE('',*,*,#858,.F.);
#1158=ORIENTED_EDGE('',*,*,#847,.F.);
#1159=ORIENTED_EDGE('',*,*,#862,.T.);
#1160=ORIENTED_EDGE('',*,*,#863,.T.);
#1161=ORIENTED_EDGE('',*,*,#864,.T.);
#1162=ORIENTED_EDGE('',*,*,#850,.F.);
#1163=ORIENTED_EDGE('',*,*,#865,.F.);
#1164=ORIENTED_EDGE('',*,*,#866,.F.);
#1165=ORIENTED_EDGE('',*,*,#862,.F.);
#1166=ORIENTED_EDGE('',*,*,#852,.F.);
#1167=ORIENTED_EDGE('',*,*,#867,.T.);
#1168=ORIENTED_EDGE('',*,*,#868,.T.);
#1169=ORIENTED_EDGE('',*,*,#865,.T.);
#1170=ORIENTED_EDGE('',*,*,#832,.F.);
#1171=ORIENTED_EDGE('',*,*,#869,.F.);
#1172=ORIENTED_EDGE('',*,*,#870,.F.);
#1173=ORIENTED_EDGE('',*,*,#867,.F.);
#1174=ORIENTED_EDGE('',*,*,#851,.F.);
#1175=ORIENTED_EDGE('',*,*,#871,.T.);
#1176=ORIENTED_EDGE('',*,*,#872,.T.);
#1177=ORIENTED_EDGE('',*,*,#860,.F.);
#1178=ORIENTED_EDGE('',*,*,#848,.F.);
#1179=ORIENTED_EDGE('',*,*,#873,.T.);
#1180=ORIENTED_EDGE('',*,*,#874,.T.);
#1181=ORIENTED_EDGE('',*,*,#871,.F.);
#1182=ORIENTED_EDGE('',*,*,#845,.F.);
#1183=ORIENTED_EDGE('',*,*,#875,.T.);
#1184=ORIENTED_EDGE('',*,*,#876,.T.);
#1185=ORIENTED_EDGE('',*,*,#873,.F.);
#1186=ORIENTED_EDGE('',*,*,#842,.F.);
#1187=ORIENTED_EDGE('',*,*,#855,.T.);
#1188=ORIENTED_EDGE('',*,*,#877,.T.);
#1189=ORIENTED_EDGE('',*,*,#875,.F.);
#1190=ORIENTED_EDGE('',*,*,#857,.F.);
#1191=ORIENTED_EDGE('',*,*,#859,.F.);
#1192=ORIENTED_EDGE('',*,*,#861,.F.);
#1193=ORIENTED_EDGE('',*,*,#872,.F.);
#1194=ORIENTED_EDGE('',*,*,#874,.F.);
#1195=ORIENTED_EDGE('',*,*,#876,.F.);
#1196=ORIENTED_EDGE('',*,*,#877,.F.);
#1197=ORIENTED_EDGE('',*,*,#854,.F.);
#1198=ORIENTED_EDGE('',*,*,#878,.T.);
#1199=ORIENTED_EDGE('',*,*,#879,.T.);
#1200=ORIENTED_EDGE('',*,*,#880,.T.);
#1201=ORIENTED_EDGE('',*,*,#881,.T.);
#1202=ORIENTED_EDGE('',*,*,#880,.F.);
#1203=ORIENTED_EDGE('',*,*,#882,.T.);
#1204=ORIENTED_EDGE('',*,*,#883,.T.);
#1205=ORIENTED_EDGE('',*,*,#884,.T.);
#1206=ORIENTED_EDGE('',*,*,#883,.F.);
#1207=ORIENTED_EDGE('',*,*,#885,.T.);
#1208=ORIENTED_EDGE('',*,*,#886,.T.);
#1209=ORIENTED_EDGE('',*,*,#887,.T.);
#1210=ORIENTED_EDGE('',*,*,#886,.F.);
#1211=ORIENTED_EDGE('',*,*,#888,.T.);
#1212=ORIENTED_EDGE('',*,*,#889,.T.);
#1213=ORIENTED_EDGE('',*,*,#890,.T.);
#1214=ORIENTED_EDGE('',*,*,#889,.F.);
#1215=ORIENTED_EDGE('',*,*,#891,.T.);
#1216=ORIENTED_EDGE('',*,*,#892,.T.);
#1217=ORIENTED_EDGE('',*,*,#893,.T.);
#1218=ORIENTED_EDGE('',*,*,#892,.F.);
#1219=ORIENTED_EDGE('',*,*,#894,.T.);
#1220=ORIENTED_EDGE('',*,*,#895,.T.);
#1221=ORIENTED_EDGE('',*,*,#896,.T.);
#1222=ORIENTED_EDGE('',*,*,#817,.F.);
#1223=ORIENTED_EDGE('',*,*,#828,.T.);
#1224=ORIENTED_EDGE('',*,*,#897,.T.);
#1225=ORIENTED_EDGE('',*,*,#898,.T.);
#1226=ORIENTED_EDGE('',*,*,#895,.F.);
#1227=ORIENTED_EDGE('',*,*,#821,.T.);
#1228=ORIENTED_EDGE('',*,*,#805,.F.);
#1229=ORIENTED_EDGE('',*,*,#811,.F.);
#1230=ORIENTED_EDGE('',*,*,#897,.F.);
#1231=ORIENTED_EDGE('',*,*,#899,.T.);
#1232=ORIENTED_EDGE('',*,*,#878,.F.);
#1233=ORIENTED_EDGE('',*,*,#900,.T.);
#1234=ORIENTED_EDGE('',*,*,#896,.F.);
#1235=ORIENTED_EDGE('',*,*,#901,.F.);
#1236=ORIENTED_EDGE('',*,*,#902,.T.);
#1237=ORIENTED_EDGE('',*,*,#903,.T.);
#1238=ORIENTED_EDGE('',*,*,#898,.F.);
#1239=ORIENTED_EDGE('',*,*,#904,.T.);
#1240=ORIENTED_EDGE('',*,*,#905,.T.);
#1241=ORIENTED_EDGE('',*,*,#901,.T.);
#1242=ORIENTED_EDGE('',*,*,#900,.F.);
#1243=ORIENTED_EDGE('',*,*,#906,.F.);
#1244=ORIENTED_EDGE('',*,*,#907,.T.);
#1245=ORIENTED_EDGE('',*,*,#904,.F.);
#1246=ORIENTED_EDGE('',*,*,#881,.F.);
#1247=ORIENTED_EDGE('',*,*,#908,.F.);
#1248=ORIENTED_EDGE('',*,*,#909,.T.);
#1249=ORIENTED_EDGE('',*,*,#906,.T.);
#1250=ORIENTED_EDGE('',*,*,#888,.F.);
#1251=ORIENTED_EDGE('',*,*,#910,.T.);
#1252=ORIENTED_EDGE('',*,*,#911,.T.);
#1253=ORIENTED_EDGE('',*,*,#912,.T.);
#1254=ORIENTED_EDGE('',*,*,#885,.F.);
#1255=ORIENTED_EDGE('',*,*,#913,.F.);
#1256=ORIENTED_EDGE('',*,*,#914,.F.);
#1257=ORIENTED_EDGE('',*,*,#910,.F.);
#1258=ORIENTED_EDGE('',*,*,#882,.F.);
#1259=ORIENTED_EDGE('',*,*,#915,.T.);
#1260=ORIENTED_EDGE('',*,*,#916,.T.);
#1261=ORIENTED_EDGE('',*,*,#913,.T.);
#1262=ORIENTED_EDGE('',*,*,#879,.F.);
#1263=ORIENTED_EDGE('',*,*,#917,.F.);
#1264=ORIENTED_EDGE('',*,*,#918,.F.);
#1265=ORIENTED_EDGE('',*,*,#919,.F.);
#1266=ORIENTED_EDGE('',*,*,#920,.F.);
#1267=ORIENTED_EDGE('',*,*,#921,.F.);
#1268=ORIENTED_EDGE('',*,*,#915,.F.);
#1269=ORIENTED_EDGE('',*,*,#893,.F.);
#1270=ORIENTED_EDGE('',*,*,#903,.F.);
#1271=ORIENTED_EDGE('',*,*,#922,.T.);
#1272=ORIENTED_EDGE('',*,*,#923,.T.);
#1273=ORIENTED_EDGE('',*,*,#890,.F.);
#1274=ORIENTED_EDGE('',*,*,#923,.F.);
#1275=ORIENTED_EDGE('',*,*,#924,.T.);
#1276=ORIENTED_EDGE('',*,*,#925,.T.);
#1277=ORIENTED_EDGE('',*,*,#887,.F.);
#1278=ORIENTED_EDGE('',*,*,#925,.F.);
#1279=ORIENTED_EDGE('',*,*,#926,.T.);
#1280=ORIENTED_EDGE('',*,*,#927,.T.);
#1281=ORIENTED_EDGE('',*,*,#884,.F.);
#1282=ORIENTED_EDGE('',*,*,#927,.F.);
#1283=ORIENTED_EDGE('',*,*,#928,.T.);
#1284=ORIENTED_EDGE('',*,*,#908,.T.);
#1285=ORIENTED_EDGE('',*,*,#899,.F.);
#1286=ORIENTED_EDGE('',*,*,#827,.T.);
#1287=ORIENTED_EDGE('',*,*,#929,.T.);
#1288=ORIENTED_EDGE('',*,*,#917,.T.);
#1289=ORIENTED_EDGE('',*,*,#905,.F.);
#1290=ORIENTED_EDGE('',*,*,#907,.F.);
#1291=ORIENTED_EDGE('',*,*,#909,.F.);
#1292=ORIENTED_EDGE('',*,*,#928,.F.);
#1293=ORIENTED_EDGE('',*,*,#926,.F.);
#1294=ORIENTED_EDGE('',*,*,#924,.F.);
#1295=ORIENTED_EDGE('',*,*,#922,.F.);
#1296=ORIENTED_EDGE('',*,*,#902,.F.);
#1297=ORIENTED_EDGE('',*,*,#743,.T.);
#1298=ORIENTED_EDGE('',*,*,#765,.T.);
#1299=ORIENTED_EDGE('',*,*,#762,.T.);
#1300=ORIENTED_EDGE('',*,*,#759,.T.);
#1301=ORIENTED_EDGE('',*,*,#756,.T.);
#1302=ORIENTED_EDGE('',*,*,#753,.T.);
#1303=ORIENTED_EDGE('',*,*,#750,.T.);
#1304=ORIENTED_EDGE('',*,*,#747,.T.);
#1305=ORIENTED_EDGE('',*,*,#911,.F.);
#1306=ORIENTED_EDGE('',*,*,#930,.F.);
#1307=ORIENTED_EDGE('',*,*,#931,.F.);
#1308=ORIENTED_EDGE('',*,*,#916,.F.);
#1309=ORIENTED_EDGE('',*,*,#932,.F.);
#1310=ORIENTED_EDGE('',*,*,#933,.F.);
#1311=ORIENTED_EDGE('',*,*,#934,.F.);
#1312=ORIENTED_EDGE('',*,*,#935,.F.);
#1313=ORIENTED_EDGE('',*,*,#936,.T.);
#1314=ORIENTED_EDGE('',*,*,#937,.F.);
#1315=ORIENTED_EDGE('',*,*,#938,.F.);
#1316=ORIENTED_EDGE('',*,*,#939,.F.);
#1317=ORIENTED_EDGE('',*,*,#940,.F.);
#1318=ORIENTED_EDGE('',*,*,#941,.F.);
#1319=ORIENTED_EDGE('',*,*,#942,.F.);
#1320=ORIENTED_EDGE('',*,*,#920,.T.);
#1321=ORIENTED_EDGE('',*,*,#943,.F.);
#1322=ORIENTED_EDGE('',*,*,#942,.T.);
#1323=ORIENTED_EDGE('',*,*,#944,.T.);
#1324=ORIENTED_EDGE('',*,*,#932,.T.);
#1325=ORIENTED_EDGE('',*,*,#921,.T.);
#1326=ORIENTED_EDGE('',*,*,#866,.T.);
#1327=ORIENTED_EDGE('',*,*,#945,.T.);
#1328=ORIENTED_EDGE('',*,*,#934,.T.);
#1329=ORIENTED_EDGE('',*,*,#946,.T.);
#1330=ORIENTED_EDGE('',*,*,#824,.T.);
#1331=ORIENTED_EDGE('',*,*,#947,.F.);
#1332=ORIENTED_EDGE('',*,*,#948,.F.);
#1333=ORIENTED_EDGE('',*,*,#949,.F.);
#1334=ORIENTED_EDGE('',*,*,#939,.T.);
#1335=ORIENTED_EDGE('',*,*,#950,.T.);
#1336=ORIENTED_EDGE('',*,*,#947,.T.);
#1337=ORIENTED_EDGE('',*,*,#823,.T.);
#1338=ORIENTED_EDGE('',*,*,#948,.T.);
#1339=ORIENTED_EDGE('',*,*,#951,.T.);
#1340=ORIENTED_EDGE('',*,*,#935,.T.);
#1341=ORIENTED_EDGE('',*,*,#952,.T.);
#1342=ORIENTED_EDGE('',*,*,#844,.F.);
#1343=ORIENTED_EDGE('',*,*,#864,.F.);
#1344=ORIENTED_EDGE('',*,*,#953,.F.);
#1345=ORIENTED_EDGE('',*,*,#954,.F.);
#1346=ORIENTED_EDGE('',*,*,#953,.T.);
#1347=ORIENTED_EDGE('',*,*,#955,.T.);
#1348=ORIENTED_EDGE('',*,*,#943,.T.);
#1349=ORIENTED_EDGE('',*,*,#919,.T.);
#1350=ORIENTED_EDGE('',*,*,#870,.T.);
#1351=ORIENTED_EDGE('',*,*,#825,.T.);
#1352=ORIENTED_EDGE('',*,*,#949,.T.);
#1353=ORIENTED_EDGE('',*,*,#956,.T.);
#1354=ORIENTED_EDGE('',*,*,#838,.F.);
#1355=ORIENTED_EDGE('',*,*,#957,.F.);
#1356=ORIENTED_EDGE('',*,*,#929,.F.);
#1357=ORIENTED_EDGE('',*,*,#958,.F.);
#1358=ORIENTED_EDGE('',*,*,#835,.F.);
#1359=ORIENTED_EDGE('',*,*,#958,.T.);
#1360=ORIENTED_EDGE('',*,*,#826,.T.);
#1361=ORIENTED_EDGE('',*,*,#869,.T.);
#1362=ORIENTED_EDGE('',*,*,#841,.F.);
#1363=ORIENTED_EDGE('',*,*,#954,.T.);
#1364=ORIENTED_EDGE('',*,*,#918,.T.);
#1365=ORIENTED_EDGE('',*,*,#957,.T.);
#1366=ORIENTED_EDGE('',*,*,#937,.T.);
#1367=ORIENTED_EDGE('',*,*,#959,.T.);
#1368=ORIENTED_EDGE('',*,*,#941,.T.);
#1369=ORIENTED_EDGE('',*,*,#960,.T.);
#1370=ORIENTED_EDGE('',*,*,#894,.F.);
#1371=ORIENTED_EDGE('',*,*,#961,.T.);
#1372=ORIENTED_EDGE('',*,*,#940,.T.);
#1373=ORIENTED_EDGE('',*,*,#822,.T.);
#1374=ORIENTED_EDGE('',*,*,#938,.T.);
#1375=ORIENTED_EDGE('',*,*,#962,.T.);
#1376=ORIENTED_EDGE('',*,*,#931,.T.);
#1377=ORIENTED_EDGE('',*,*,#963,.T.);
#1378=ORIENTED_EDGE('',*,*,#930,.T.);
#1379=ORIENTED_EDGE('',*,*,#914,.T.);
#1380=ORIENTED_EDGE('',*,*,#933,.T.);
#1381=ORIENTED_EDGE('',*,*,#964,.T.);
#1382=ORIENTED_EDGE('',*,*,#945,.F.);
#1383=ORIENTED_EDGE('',*,*,#868,.F.);
#1384=ORIENTED_EDGE('',*,*,#956,.F.);
#1385=ORIENTED_EDGE('',*,*,#952,.F.);
#1386=ORIENTED_EDGE('',*,*,#950,.F.);
#1387=ORIENTED_EDGE('',*,*,#963,.F.);
#1388=ORIENTED_EDGE('',*,*,#964,.F.);
#1389=ORIENTED_EDGE('',*,*,#944,.F.);
#1390=ORIENTED_EDGE('',*,*,#959,.F.);
#1391=ORIENTED_EDGE('',*,*,#936,.F.);
#1392=ORIENTED_EDGE('',*,*,#951,.F.);
#1393=ORIENTED_EDGE('',*,*,#771,.T.);
#1394=ORIENTED_EDGE('',*,*,#769,.F.);
#1395=ORIENTED_EDGE('',*,*,#785,.T.);
#1396=ORIENTED_EDGE('',*,*,#782,.F.);
#1397=ORIENTED_EDGE('',*,*,#790,.T.);
#1398=ORIENTED_EDGE('',*,*,#787,.F.);
#1399=ORIENTED_EDGE('',*,*,#777,.T.);
#1400=ORIENTED_EDGE('',*,*,#775,.F.);
#1401=ORIENTED_EDGE('',*,*,#955,.F.);
#1402=ORIENTED_EDGE('',*,*,#863,.F.);
#1403=ORIENTED_EDGE('',*,*,#946,.F.);
#1404=ORIENTED_EDGE('',*,*,#960,.F.);
#1405=ORIENTED_EDGE('',*,*,#891,.F.);
#1406=ORIENTED_EDGE('',*,*,#912,.F.);
#1407=ORIENTED_EDGE('',*,*,#962,.F.);
#1408=ORIENTED_EDGE('',*,*,#961,.F.);
#1409=CYLINDRICAL_SURFACE('',#1561,1.5);
#1410=CYLINDRICAL_SURFACE('',#1565,1.5);
#1411=CYLINDRICAL_SURFACE('',#1569,1.5);
#1412=CYLINDRICAL_SURFACE('',#1573,1.50000000000001);
#1413=CYLINDRICAL_SURFACE('',#1578,1.);
#1414=CYLINDRICAL_SURFACE('',#1582,1.);
#1415=CYLINDRICAL_SURFACE('',#1586,1.);
#1416=CYLINDRICAL_SURFACE('',#1590,1.);
#1417=CYLINDRICAL_SURFACE('',#1595,1.5);
#1418=CYLINDRICAL_SURFACE('',#1606,1.5);
#1419=CYLINDRICAL_SURFACE('',#1614,1.5);
#1420=CYLINDRICAL_SURFACE('',#1616,1.5);
#1421=CYLINDRICAL_SURFACE('',#1631,0.2);
#1422=CYLINDRICAL_SURFACE('',#1637,0.2);
#1423=CYLINDRICAL_SURFACE('',#1643,0.2);
#1424=CYLINDRICAL_SURFACE('',#1649,0.2);
#1425=CYLINDRICAL_SURFACE('',#1651,2.);
#1426=CYLINDRICAL_SURFACE('',#1654,1.99999999999999);
#1427=CYLINDRICAL_SURFACE('',#1656,1.);
#1428=CYLINDRICAL_SURFACE('',#1662,1.);
#1429=CYLINDRICAL_SURFACE('',#1668,2.);
#1430=CYLINDRICAL_SURFACE('',#1671,2.);
#1431=CYLINDRICAL_SURFACE('',#1674,5.);
#1432=CYLINDRICAL_SURFACE('',#1680,5.);
#1433=CYLINDRICAL_SURFACE('',#1685,5.);
#1434=CYLINDRICAL_SURFACE('',#1690,5.);
#1435=CYLINDRICAL_SURFACE('',#1700,3.);
#1436=CYLINDRICAL_SURFACE('',#1703,3.);
#1437=CYLINDRICAL_SURFACE('',#1713,3.);
#1438=CYLINDRICAL_SURFACE('',#1735,3.);
#1439=CYLINDRICAL_SURFACE('',#1736,3.);
#1440=CYLINDRICAL_SURFACE('',#1741,3.);
#1441=CYLINDRICAL_SURFACE('',#1742,3.);
#1442=CYLINDRICAL_SURFACE('',#1746,3.);
#1443=CYLINDRICAL_SURFACE('',#1747,3.);
#1444=CYLINDRICAL_SURFACE('',#1751,1.);
#1445=CYLINDRICAL_SURFACE('',#1752,1.);
#1446=CYLINDRICAL_SURFACE('',#1753,3.);
#1447=CYLINDRICAL_SURFACE('',#1754,3.);
#1448=CYLINDRICAL_SURFACE('',#1755,3.);
#1449=CYLINDRICAL_SURFACE('',#1756,3.);
#1450=ADVANCED_FACE('',(#87),#1409,.F.);
#1451=ADVANCED_FACE('',(#88),#59,.F.);
#1452=ADVANCED_FACE('',(#89),#1410,.F.);
#1453=ADVANCED_FACE('',(#90),#60,.F.);
#1454=ADVANCED_FACE('',(#91),#1411,.F.);
#1455=ADVANCED_FACE('',(#92),#61,.F.);
#1456=ADVANCED_FACE('',(#93),#1412,.F.);
#1457=ADVANCED_FACE('',(#94),#62,.F.);
#1458=ADVANCED_FACE('',(#95),#63,.T.);
#1459=ADVANCED_FACE('',(#96),#1413,.F.);
#1460=ADVANCED_FACE('',(#97),#64,.F.);
#1461=ADVANCED_FACE('',(#98),#1414,.F.);
#1462=ADVANCED_FACE('',(#99),#65,.F.);
#1463=ADVANCED_FACE('',(#100),#1415,.F.);
#1464=ADVANCED_FACE('',(#101),#66,.F.);
#1465=ADVANCED_FACE('',(#102),#1416,.F.);
#1466=ADVANCED_FACE('',(#103),#67,.F.);
#1467=ADVANCED_FACE('',(#104),#68,.F.);
#1468=ADVANCED_FACE('',(#105),#1417,.F.);
#1469=ADVANCED_FACE('',(#106),#31,.F.);
#1470=ADVANCED_FACE('',(#107),#32,.F.);
#1471=ADVANCED_FACE('',(#108),#1418,.F.);
#1472=ADVANCED_FACE('',(#109),#29,.T.);
#1473=ADVANCED_FACE('',(#110),#33,.F.);
#1474=ADVANCED_FACE('',(#111),#1419,.F.);
#1475=ADVANCED_FACE('',(#112),#1420,.F.);
#1476=ADVANCED_FACE('',(#113),#30,.T.);
#1477=ADVANCED_FACE('',(#114),#34,.F.);
#1478=ADVANCED_FACE('',(#115),#69,.T.);
#1479=ADVANCED_FACE('',(#116),#70,.T.);
#1480=ADVANCED_FACE('',(#117),#35,.T.);
#1481=ADVANCED_FACE('',(#118),#1421,.T.);
#1482=ADVANCED_FACE('',(#119),#36,.T.);
#1483=ADVANCED_FACE('',(#120),#1422,.T.);
#1484=ADVANCED_FACE('',(#121),#37,.T.);
#1485=ADVANCED_FACE('',(#122),#1423,.T.);
#1486=ADVANCED_FACE('',(#123),#38,.T.);
#1487=ADVANCED_FACE('',(#124),#1424,.T.);
#1488=ADVANCED_FACE('',(#125),#71,.F.);
#1489=ADVANCED_FACE('',(#126),#1425,.F.);
#1490=ADVANCED_FACE('',(#127),#72,.F.);
#1491=ADVANCED_FACE('',(#128),#1426,.F.);
#1492=ADVANCED_FACE('',(#129),#1427,.T.);
#1493=ADVANCED_FACE('',(#130),#39,.T.);
#1494=ADVANCED_FACE('',(#131),#1428,.T.);
#1495=ADVANCED_FACE('',(#132),#40,.T.);
#1496=ADVANCED_FACE('',(#133),#73,.F.);
#1497=ADVANCED_FACE('',(#134),#1429,.F.);
#1498=ADVANCED_FACE('',(#135),#74,.F.);
#1499=ADVANCED_FACE('',(#136),#1430,.F.);
#1500=ADVANCED_FACE('',(#137),#75,.T.);
#1501=ADVANCED_FACE('',(#138),#1431,.T.);
#1502=ADVANCED_FACE('',(#139),#23,.F.);
#1503=ADVANCED_FACE('',(#140),#1432,.T.);
#1504=ADVANCED_FACE('',(#141),#24,.F.);
#1505=ADVANCED_FACE('',(#142),#1433,.T.);
#1506=ADVANCED_FACE('',(#143),#25,.F.);
#1507=ADVANCED_FACE('',(#144),#1434,.T.);
#1508=ADVANCED_FACE('',(#145),#26,.F.);
#1509=ADVANCED_FACE('',(#146),#19,.T.);
#1510=ADVANCED_FACE('',(#147),#76,.T.);
#1511=ADVANCED_FACE('',(#148),#20,.T.);
#1512=ADVANCED_FACE('',(#149),#77,.T.);
#1513=ADVANCED_FACE('',(#150),#1435,.T.);
#1514=ADVANCED_FACE('',(#151),#78,.T.);
#1515=ADVANCED_FACE('',(#152),#1436,.T.);
#1516=ADVANCED_FACE('',(#153),#79,.T.);
#1517=ADVANCED_FACE('',(#154),#80,.T.);
#1518=ADVANCED_FACE('',(#155),#21,.T.);
#1519=ADVANCED_FACE('',(#156),#81,.T.);
#1520=ADVANCED_FACE('',(#157),#22,.T.);
#1521=ADVANCED_FACE('',(#158),#1437,.T.);
#1522=ADVANCED_FACE('',(#159,#17),#82,.T.);
#1523=ADVANCED_FACE('',(#160),#14,.T.);
#1524=ADVANCED_FACE('',(#161),#15,.T.);
#1525=ADVANCED_FACE('',(#162),#41,.F.);
#1526=ADVANCED_FACE('',(#163),#16,.T.);
#1527=ADVANCED_FACE('',(#164),#42,.T.);
#1528=ADVANCED_FACE('',(#165),#1438,.T.);
#1529=ADVANCED_FACE('',(#166),#1439,.T.);
#1530=ADVANCED_FACE('',(#167),#43,.T.);
#1531=ADVANCED_FACE('',(#168),#1440,.T.);
#1532=ADVANCED_FACE('',(#169),#1441,.F.);
#1533=ADVANCED_FACE('',(#170),#44,.T.);
#1534=ADVANCED_FACE('',(#171),#1442,.T.);
#1535=ADVANCED_FACE('',(#172),#1443,.T.);
#1536=ADVANCED_FACE('',(#173),#45,.T.);
#1537=ADVANCED_FACE('',(#174),#1444,.T.);
#1538=ADVANCED_FACE('',(#175),#1445,.T.);
#1539=ADVANCED_FACE('',(#176),#1446,.F.);
#1540=ADVANCED_FACE('',(#177),#1447,.T.);
#1541=ADVANCED_FACE('',(#178),#1448,.T.);
#1542=ADVANCED_FACE('',(#179),#1449,.T.);
#1543=ADVANCED_FACE('',(#180),#83,.T.);
#1544=ADVANCED_FACE('',(#181,#18),#84,.T.);
#1545=ADVANCED_FACE('',(#182),#85,.T.);
#1546=ADVANCED_FACE('',(#183),#86,.T.);
#1547=CLOSED_SHELL('',(#1450,#1451,#1452,#1453,#1454,#1455,#1456,#1457,
#1458,#1459,#1460,#1461,#1462,#1463,#1464,#1465,#1466,#1467,#1468,#1469,
#1470,#1471,#1472,#1473,#1474,#1475,#1476,#1477,#1478,#1479,#1480,#1481,
#1482,#1483,#1484,#1485,#1486,#1487,#1488,#1489,#1490,#1491,#1492,#1493,
#1494,#1495,#1496,#1497,#1498,#1499,#1500,#1501,#1502,#1503,#1504,#1505,
#1506,#1507,#1508,#1509,#1510,#1511,#1512,#1513,#1514,#1515,#1516,#1517,
#1518,#1519,#1520,#1521,#1522,#1523,#1524,#1525,#1526,#1527,#1528,#1529,
#1530,#1531,#1532,#1533,#1534,#1535,#1536,#1537,#1538,#1539,#1540,#1541,
#1542,#1543,#1544,#1545,#1546));
#1548=DERIVED_UNIT_ELEMENT(#1550,1.);
#1549=DERIVED_UNIT_ELEMENT(#2804,3.);
#1550=(
MASS_UNIT()
NAMED_UNIT(*)
SI_UNIT(.KILO.,.GRAM.)
);
#1551=DERIVED_UNIT((#1548,#1549));
#1552=MEASURE_REPRESENTATION_ITEM('density measure',
POSITIVE_RATIO_MEASURE(930.),#1551);
#1553=PROPERTY_DEFINITION_REPRESENTATION(#1558,#1555);
#1554=PROPERTY_DEFINITION_REPRESENTATION(#1559,#1556);
#1555=REPRESENTATION('material name',(#1557),#2801);
#1556=REPRESENTATION('density',(#1552),#2801);
#1557=DESCRIPTIVE_REPRESENTATION_ITEM('Rubber','Rubber');
#1558=PROPERTY_DEFINITION('material property','material name',#2811);
#1559=PROPERTY_DEFINITION('material property','density of part',#2811);
#1560=AXIS2_PLACEMENT_3D('placement',#2274,#1761,#1762);
#1561=AXIS2_PLACEMENT_3D('',#2275,#1763,#1764);
#1562=AXIS2_PLACEMENT_3D('',#2278,#1765,#1766);
#1563=AXIS2_PLACEMENT_3D('',#2282,#1768,#1769);
#1564=AXIS2_PLACEMENT_3D('',#2284,#1771,#1772);
#1565=AXIS2_PLACEMENT_3D('',#2290,#1776,#1777);
#1566=AXIS2_PLACEMENT_3D('',#2292,#1778,#1779);
#1567=AXIS2_PLACEMENT_3D('',#2295,#1781,#1782);
#1568=AXIS2_PLACEMENT_3D('',#2296,#1783,#1784);
#1569=AXIS2_PLACEMENT_3D('',#2302,#1788,#1789);
#1570=AXIS2_PLACEMENT_3D('',#2304,#1790,#1791);
#1571=AXIS2_PLACEMENT_3D('',#2307,#1793,#1794);
#1572=AXIS2_PLACEMENT_3D('',#2308,#1795,#1796);
#1573=AXIS2_PLACEMENT_3D('',#2314,#1800,#1801);
#1574=AXIS2_PLACEMENT_3D('',#2316,#1802,#1803);
#1575=AXIS2_PLACEMENT_3D('',#2319,#1805,#1806);
#1576=AXIS2_PLACEMENT_3D('',#2320,#1807,#1808);
#1577=AXIS2_PLACEMENT_3D('',#2323,#1811,#1812);
#1578=AXIS2_PLACEMENT_3D('',#2324,#1813,#1814);
#1579=AXIS2_PLACEMENT_3D('',#2327,#1815,#1816);
#1580=AXIS2_PLACEMENT_3D('',#2331,#1818,#1819);
#1581=AXIS2_PLACEMENT_3D('',#2333,#1821,#1822);
#1582=AXIS2_PLACEMENT_3D('',#2339,#1826,#1827);
#1583=AXIS2_PLACEMENT_3D('',#2341,#1828,#1829);
#1584=AXIS2_PLACEMENT_3D('',#2343,#1830,#1831);
#1585=AXIS2_PLACEMENT_3D('',#2345,#1833,#1834);
#1586=AXIS2_PLACEMENT_3D('',#2351,#1838,#1839);
#1587=AXIS2_PLACEMENT_3D('',#2354,#1840,#1841);
#1588=AXIS2_PLACEMENT_3D('',#2358,#1843,#1844);
#1589=AXIS2_PLACEMENT_3D('',#2360,#1846,#1847);
#1590=AXIS2_PLACEMENT_3D('',#2363,#1850,#1851);
#1591=AXIS2_PLACEMENT_3D('',#2365,#1852,#1853);
#1592=AXIS2_PLACEMENT_3D('',#2367,#1854,#1855);
#1593=AXIS2_PLACEMENT_3D('',#2369,#1857,#1858);
#1594=AXIS2_PLACEMENT_3D('',#2372,#1861,#1862);
#1595=AXIS2_PLACEMENT_3D('',#2373,#1863,#1864);
#1596=AXIS2_PLACEMENT_3D('',#2376,#1865,#1866);
#1597=AXIS2_PLACEMENT_3D('',#2380,#1868,#1869);
#1598=AXIS2_PLACEMENT_3D('',#2382,#1871,#1872);
#1599=AXIS2_PLACEMENT_3D('',#2385,#1873,#1874);
#1600=AXIS2_PLACEMENT_3D('',#2386,#1875,#1876);
#1601=AXIS2_PLACEMENT_3D('',#2387,#1877,#1878);
#1602=AXIS2_PLACEMENT_3D('',#2388,#1879,#1880);
#1603=AXIS2_PLACEMENT_3D('',#2391,#1881,#1882);
#1604=AXIS2_PLACEMENT_3D('',#2392,#1883,#1884);
#1605=AXIS2_PLACEMENT_3D('',#2393,#1885,#1886);
#1606=AXIS2_PLACEMENT_3D('',#2394,#1887,#1888);
#1607=AXIS2_PLACEMENT_3D('',#2397,#1889,#1890);
#1608=AXIS2_PLACEMENT_3D('',#2422,#1893,#1894);
#1609=AXIS2_PLACEMENT_3D('',#2427,#1895,#1896);
#1610=AXIS2_PLACEMENT_3D('',#2428,#1897,#1898);
#1611=AXIS2_PLACEMENT_3D('',#2431,#1899,#1900);
#1612=AXIS2_PLACEMENT_3D('',#2432,#1901,#1902);
#1613=AXIS2_PLACEMENT_3D('',#2433,#1903,#1904);
#1614=AXIS2_PLACEMENT_3D('',#2434,#1905,#1906);
#1615=AXIS2_PLACEMENT_3D('',#2437,#1907,#1908);
#1616=AXIS2_PLACEMENT_3D('',#2440,#1911,#1912);
#1617=AXIS2_PLACEMENT_3D('',#2443,#1913,#1914);
#1618=AXIS2_PLACEMENT_3D('',#2468,#1917,#1918);
#1619=AXIS2_PLACEMENT_3D('',#2473,#1919,#1920);
#1620=AXIS2_PLACEMENT_3D('',#2474,#1921,#1922);
#1621=AXIS2_PLACEMENT_3D('',#2475,#1923,#1924);
#1622=AXIS2_PLACEMENT_3D('',#2476,#1925,#1926);
#1623=AXIS2_PLACEMENT_3D('',#2477,#1927,#1928);
#1624=AXIS2_PLACEMENT_3D('',#2485,#1932,#1933);
#1625=AXIS2_PLACEMENT_3D('',#2493,#1938,#1939);
#1626=AXIS2_PLACEMENT_3D('',#2494,#1940,#1941);
#1627=AXIS2_PLACEMENT_3D('',#2497,#1942,#1943);
#1628=AXIS2_PLACEMENT_3D('',#2499,#1944,#1945);
#1629=AXIS2_PLACEMENT_3D('',#2501,#1946,#1947);
#1630=AXIS2_PLACEMENT_3D('',#2502,#1948,#1949);
#1631=AXIS2_PLACEMENT_3D('',#2503,#1950,#1951);
#1632=AXIS2_PLACEMENT_3D('',#2507,#1953,#1954);
#1633=AXIS2_PLACEMENT_3D('',#2509,#1956,#1957);
#1634=AXIS2_PLACEMENT_3D('',#2511,#1958,#1959);
#1635=AXIS2_PLACEMENT_3D('',#2513,#1960,#1961);
#1636=AXIS2_PLACEMENT_3D('',#2514,#1962,#1963);
#1637=AXIS2_PLACEMENT_3D('',#2515,#1964,#1965);
#1638=AXIS2_PLACEMENT_3D('',#2519,#1967,#1968);
#1639=AXIS2_PLACEMENT_3D('',#2521,#1970,#1971);
#1640=AXIS2_PLACEMENT_3D('',#2523,#1972,#1973);
#1641=AXIS2_PLACEMENT_3D('',#2525,#1974,#1975);
#1642=AXIS2_PLACEMENT_3D('',#2526,#1976,#1977);
#1643=AXIS2_PLACEMENT_3D('',#2527,#1978,#1979);
#1644=AXIS2_PLACEMENT_3D('',#2531,#1981,#1982);
#1645=AXIS2_PLACEMENT_3D('',#2533,#1984,#1985);
#1646=AXIS2_PLACEMENT_3D('',#2535,#1986,#1987);
#1647=AXIS2_PLACEMENT_3D('',#2537,#1988,#1989);
#1648=AXIS2_PLACEMENT_3D('',#2538,#1990,#1991);
#1649=AXIS2_PLACEMENT_3D('',#2539,#1992,#1993);
#1650=AXIS2_PLACEMENT_3D('',#2542,#1996,#1997);
#1651=AXIS2_PLACEMENT_3D('',#2548,#2001,#2002);
#1652=AXIS2_PLACEMENT_3D('',#2551,#2004,#2005);
#1653=AXIS2_PLACEMENT_3D('',#2552,#2006,#2007);
#1654=AXIS2_PLACEMENT_3D('',#2556,#2010,#2011);
#1655=AXIS2_PLACEMENT_3D('',#2559,#2013,#2014);
#1656=AXIS2_PLACEMENT_3D('',#2560,#2015,#2016);
#1657=AXIS2_PLACEMENT_3D('',#2562,#2017,#2018);
#1658=AXIS2_PLACEMENT_3D('',#2565,#2020,#2021);
#1659=AXIS2_PLACEMENT_3D('',#2566,#2022,#2023);
#1660=AXIS2_PLACEMENT_3D('',#2568,#2024,#2025);
#1661=AXIS2_PLACEMENT_3D('',#2569,#2026,#2027);
#1662=AXIS2_PLACEMENT_3D('',#2570,#2028,#2029);
#1663=AXIS2_PLACEMENT_3D('',#2572,#2030,#2031);
#1664=AXIS2_PLACEMENT_3D('',#2574,#2033,#2034);
#1665=AXIS2_PLACEMENT_3D('',#2575,#2035,#2036);
#1666=AXIS2_PLACEMENT_3D('',#2576,#2037,#2038);
#1667=AXIS2_PLACEMENT_3D('',#2577,#2039,#2040);
#1668=AXIS2_PLACEMENT_3D('',#2581,#2043,#2044);
#1669=AXIS2_PLACEMENT_3D('',#2584,#2046,#2047);
#1670=AXIS2_PLACEMENT_3D('',#2585,#2048,#2049);
#1671=AXIS2_PLACEMENT_3D('',#2589,#2052,#2053);
#1672=AXIS2_PLACEMENT_3D('',#2590,#2054,#2055);
#1673=AXIS2_PLACEMENT_3D('',#2591,#2056,#2057);
#1674=AXIS2_PLACEMENT_3D('',#2592,#2058,#2059);
#1675=AXIS2_PLACEMENT_3D('',#2595,#2060,#2061);
#1676=AXIS2_PLACEMENT_3D('',#2599,#2063,#2064);
#1677=AXIS2_PLACEMENT_3D('',#2611,#2066,#2067);
#1678=AXIS2_PLACEMENT_3D('',#2613,#2068,#2069);
#1679=AXIS2_PLACEMENT_3D('',#2614,#2070,#2071);
#1680=AXIS2_PLACEMENT_3D('',#2615,#2072,#2073);
#1681=AXIS2_PLACEMENT_3D('',#2619,#2075,#2076);
#1682=AXIS2_PLACEMENT_3D('',#2631,#2078,#2079);
#1683=AXIS2_PLACEMENT_3D('',#2633,#2080,#2081);
#1684=AXIS2_PLACEMENT_3D('',#2634,#2082,#2083);
#1685=AXIS2_PLACEMENT_3D('',#2635,#2084,#2085);
#1686=AXIS2_PLACEMENT_3D('',#2639,#2087,#2088);
#1687=AXIS2_PLACEMENT_3D('',#2650,#2090,#2091);
#1688=AXIS2_PLACEMENT_3D('',#2652,#2092,#2093);
#1689=AXIS2_PLACEMENT_3D('',#2653,#2094,#2095);
#1690=AXIS2_PLACEMENT_3D('',#2654,#2096,#2097);
#1691=AXIS2_PLACEMENT_3D('',#2656,#2098,#2099);
#1692=AXIS2_PLACEMENT_3D('',#2667,#2101,#2102);
#1693=AXIS2_PLACEMENT_3D('',#2668,#2103,#2104);
#1694=AXIS2_PLACEMENT_3D('',#2669,#2105,#2106);
#1695=AXIS2_PLACEMENT_3D('',#2673,#2108,#2109);
#1696=AXIS2_PLACEMENT_3D('',#2675,#2111,#2112);
#1697=AXIS2_PLACEMENT_3D('',#2679,#2115,#2116);
#1698=AXIS2_PLACEMENT_3D('',#2682,#2118,#2119);
#1699=AXIS2_PLACEMENT_3D('',#2683,#2120,#2121);
#1700=AXIS2_PLACEMENT_3D('',#2687,#2124,#2125);
#1701=AXIS2_PLACEMENT_3D('',#2691,#2127,#2128);
#1702=AXIS2_PLACEMENT_3D('',#2693,#2130,#2131);
#1703=AXIS2_PLACEMENT_3D('',#2697,#2134,#2135);
#1704=AXIS2_PLACEMENT_3D('',#2700,#2137,#2138);
#1705=AXIS2_PLACEMENT_3D('',#2701,#2139,#2140);
#1706=AXIS2_PLACEMENT_3D('',#2709,#2144,#2145);
#1707=AXIS2_PLACEMENT_3D('',#2711,#2147,#2148);
#1708=AXIS2_PLACEMENT_3D('',#2715,#2151,#2152);
#1709=AXIS2_PLACEMENT_3D('',#2717,#2153,#2154);
#1710=AXIS2_PLACEMENT_3D('',#2719,#2156,#2157);
#1711=AXIS2_PLACEMENT_3D('',#2723,#2160,#2161);
#1712=AXIS2_PLACEMENT_3D('',#2724,#2162,#2163);
#1713=AXIS2_PLACEMENT_3D('',#2725,#2164,#2165);
#1714=AXIS2_PLACEMENT_3D('',#2726,#2166,#2167);
#1715=AXIS2_PLACEMENT_3D('',#2727,#2168,#2169);
#1716=AXIS2_PLACEMENT_3D('',#2728,#2170,#2171);
#1717=AXIS2_PLACEMENT_3D('',#2730,#2172,#2173);
#1718=AXIS2_PLACEMENT_3D('',#2731,#2174,#2175);
#1719=AXIS2_PLACEMENT_3D('',#2732,#2176,#2177);
#1720=AXIS2_PLACEMENT_3D('',#2734,#2178,#2179);
#1721=AXIS2_PLACEMENT_3D('',#2735,#2180,#2181);
#1722=AXIS2_PLACEMENT_3D('',#2736,#2182,#2183);
#1723=AXIS2_PLACEMENT_3D('',#2739,#2184,#2185);
#1724=AXIS2_PLACEMENT_3D('',#2741,#2186,#2187);
#1725=AXIS2_PLACEMENT_3D('',#2743,#2188,#2189);
#1726=AXIS2_PLACEMENT_3D('',#2744,#2190,#2191);
#1727=AXIS2_PLACEMENT_3D('',#2745,#2192,#2193);
#1728=AXIS2_PLACEMENT_3D('',#2748,#2194,#2195);
#1729=AXIS2_PLACEMENT_3D('',#2749,#2196,#2197);
#1730=AXIS2_PLACEMENT_3D('',#2750,#2198,#2199);
#1731=AXIS2_PLACEMENT_3D('',#2751,#2200,#2201);
#1732=AXIS2_PLACEMENT_3D('',#2754,#2202,#2203);
#1733=AXIS2_PLACEMENT_3D('',#2755,#2204,#2205);
#1734=AXIS2_PLACEMENT_3D('',#2756,#2206,#2207);
#1735=AXIS2_PLACEMENT_3D('',#2757,#2208,#2209);
#1736=AXIS2_PLACEMENT_3D('',#2759,#2211,#2212);
#1737=AXIS2_PLACEMENT_3D('',#2762,#2215,#2216);
#1738=AXIS2_PLACEMENT_3D('',#2764,#2217,#2218);
#1739=AXIS2_PLACEMENT_3D('',#2766,#2219,#2220);
#1740=AXIS2_PLACEMENT_3D('',#2767,#2221,#2222);
#1741=AXIS2_PLACEMENT_3D('',#2768,#2223,#2224);
#1742=AXIS2_PLACEMENT_3D('',#2770,#2226,#2227);
#1743=AXIS2_PLACEMENT_3D('',#2773,#2230,#2231);
#1744=AXIS2_PLACEMENT_3D('',#2774,#2232,#2233);
#1745=AXIS2_PLACEMENT_3D('',#2775,#2234,#2235);
#1746=AXIS2_PLACEMENT_3D('',#2776,#2236,#2237);
#1747=AXIS2_PLACEMENT_3D('',#2778,#2239,#2240);
#1748=AXIS2_PLACEMENT_3D('',#2780,#2242,#2243);
#1749=AXIS2_PLACEMENT_3D('',#2781,#2244,#2245);
#1750=AXIS2_PLACEMENT_3D('',#2782,#2246,#2247);
#1751=AXIS2_PLACEMENT_3D('',#2783,#2248,#2249);
#1752=AXIS2_PLACEMENT_3D('',#2784,#2250,#2251);
#1753=AXIS2_PLACEMENT_3D('',#2785,#2252,#2253);
#1754=AXIS2_PLACEMENT_3D('',#2788,#2256,#2257);
#1755=AXIS2_PLACEMENT_3D('',#2790,#2259,#2260);
#1756=AXIS2_PLACEMENT_3D('',#2793,#2263,#2264);
#1757=AXIS2_PLACEMENT_3D('',#2795,#2266,#2267);
#1758=AXIS2_PLACEMENT_3D('',#2796,#2268,#2269);
#1759=AXIS2_PLACEMENT_3D('',#2797,#2270,#2271);
#1760=AXIS2_PLACEMENT_3D('',#2798,#2272,#2273);
#1761=DIRECTION('axis',(0.,0.,1.));
#1762=DIRECTION('refdir',(1.,0.,0.));
#1763=DIRECTION('center_axis',(0.,0.,1.));
#1764=DIRECTION('ref_axis',(0.,1.,0.));
#1765=DIRECTION('center_axis',(0.,-9.69627095742495E-17,1.));
#1766=DIRECTION('ref_axis',(0.,1.,0.));
#1767=DIRECTION('',(0.,0.,1.));
#1768=DIRECTION('center_axis',(0.,-9.69627095742495E-17,1.));
#1769=DIRECTION('ref_axis',(0.,1.,9.69627095742495E-17));
#1770=DIRECTION('',(0.,0.,1.));
#1771=DIRECTION('center_axis',(1.,4.1842576305011E-17,0.));
#1772=DIRECTION('ref_axis',(-4.1842576305011E-17,1.,9.69627095742494E-17));
#1773=DIRECTION('',(-4.1842576305011E-17,1.,9.69627095742494E-17));
#1774=DIRECTION('',(0.,0.,1.));
#1775=DIRECTION('',(-4.1842576305011E-17,1.,9.69627095742494E-17));
#1776=DIRECTION('center_axis',(0.,0.,1.));
#1777=DIRECTION('ref_axis',(1.,4.65701551396098E-11,0.));
#1778=DIRECTION('center_axis',(0.,-9.69627095742495E-17,1.));
#1779=DIRECTION('ref_axis',(1.,4.65701551396098E-11,0.));
#1780=DIRECTION('',(0.,0.,1.));
#1781=DIRECTION('center_axis',(0.,-9.69627095742495E-17,1.));
#1782=DIRECTION('ref_axis',(1.,4.65701551396098E-11,4.51556842762973E-27));
#1783=DIRECTION('center_axis',(0.,-1.,0.));
#1784=DIRECTION('ref_axis',(1.,0.,0.));
#1785=DIRECTION('',(1.,0.,0.));
#1786=DIRECTION('',(0.,0.,1.));
#1787=DIRECTION('',(1.,0.,0.));
#1788=DIRECTION('center_axis',(0.,0.,1.));
#1789=DIRECTION('ref_axis',(3.88430028882187E-12,-1.,0.));
#1790=DIRECTION('center_axis',(0.,-9.69627095742495E-17,1.));
#1791=DIRECTION('ref_axis',(3.88430028882187E-12,-1.,0.));
#1792=DIRECTION('',(0.,0.,1.));
#1793=DIRECTION('center_axis',(0.,-9.69627095742495E-17,1.));
#1794=DIRECTION('ref_axis',(3.88430028882187E-12,-1.,-9.69627095742494E-17));
#1795=DIRECTION('center_axis',(-1.,0.,0.));
#1796=DIRECTION('ref_axis',(0.,-1.,-9.69627095742494E-17));
#1797=DIRECTION('',(0.,-1.,-9.69627095742494E-17));
#1798=DIRECTION('',(0.,0.,1.));
#1799=DIRECTION('',(0.,-1.,-9.69627095742494E-17));
#1800=DIRECTION('center_axis',(0.,0.,1.));
#1801=DIRECTION('ref_axis',(-1.,1.94037378757154E-11,0.));
#1802=DIRECTION('center_axis',(0.,-9.69627095742495E-17,1.));
#1803=DIRECTION('ref_axis',(-1.,1.94037378757154E-11,0.));
#1804=DIRECTION('',(0.,0.,1.));
#1805=DIRECTION('center_axis',(0.,-9.69627095742495E-17,1.));
#1806=DIRECTION('ref_axis',(-1.,1.94037378757154E-11,1.88143900029785E-27));
#1807=DIRECTION('center_axis',(0.,1.,0.));
#1808=DIRECTION('ref_axis',(-1.,0.,0.));
#1809=DIRECTION('',(-1.,0.,0.));
#1810=DIRECTION('',(-1.,0.,0.));
#1811=DIRECTION('center_axis',(-1.54074395550408E-33,9.69627095742495E-17,
-1.));
#1812=DIRECTION('ref_axis',(-1.,0.,1.54074395550408E-33));
#1813=DIRECTION('center_axis',(0.,0.,-1.));
#1814=DIRECTION('ref_axis',(0.707106781186549,-0.707106781186546,0.));
#1815=DIRECTION('center_axis',(0.,0.,1.));
#1816=DIRECTION('ref_axis',(0.707106781186549,-0.707106781186546,0.));
#1817=DIRECTION('',(0.,0.,1.));
#1818=DIRECTION('center_axis',(0.,0.,1.));
#1819=DIRECTION('ref_axis',(0.707106781186549,-0.707106781186546,0.));
#1820=DIRECTION('',(0.,0.,-1.));
#1821=DIRECTION('center_axis',(1.,2.49488320140485E-16,0.));
#1822=DIRECTION('ref_axis',(2.49488320140485E-16,-1.,0.));
#1823=DIRECTION('',(2.49488320140485E-16,-1.,0.));
#1824=DIRECTION('',(0.,0.,1.));
#1825=DIRECTION('',(2.49488320140485E-16,-1.,0.));
#1826=DIRECTION('center_axis',(0.,0.,-1.));
#1827=DIRECTION('ref_axis',(0.707106781186549,0.707106781186546,0.));
#1828=DIRECTION('center_axis',(0.,0.,1.));
#1829=DIRECTION('ref_axis',(0.707106781186549,0.707106781186546,0.));
#1830=DIRECTION('center_axis',(0.,0.,1.));
#1831=DIRECTION('ref_axis',(0.707106781186549,0.707106781186546,0.));
#1832=DIRECTION('',(0.,0.,-1.));
#1833=DIRECTION('center_axis',(-2.49488320140485E-16,1.,0.));
#1834=DIRECTION('ref_axis',(1.,2.49488320140485E-16,0.));
#1835=DIRECTION('',(1.,2.49488320140485E-16,0.));
#1836=DIRECTION('',(0.,0.,1.));
#1837=DIRECTION('',(1.,2.49488320140485E-16,0.));
#1838=DIRECTION('center_axis',(0.,0.,-1.));
#1839=DIRECTION('ref_axis',(-0.707106781186553,-0.707106781186542,0.));
#1840=DIRECTION('center_axis',(0.,0.,1.));
#1841=DIRECTION('ref_axis',(-0.707106781186553,-0.707106781186542,0.));
#1842=DIRECTION('',(0.,0.,1.));
#1843=DIRECTION('center_axis',(0.,0.,1.));
#1844=DIRECTION('ref_axis',(-0.707106781186553,-0.707106781186542,0.));
#1845=DIRECTION('',(0.,0.,-1.));
#1846=DIRECTION('center_axis',(0.,-1.,0.));
#1847=DIRECTION('ref_axis',(-1.,0.,0.));
#1848=DIRECTION('',(-1.,0.,0.));
#1849=DIRECTION('',(-1.,0.,0.));
#1850=DIRECTION('center_axis',(0.,0.,-1.));
#1851=DIRECTION('ref_axis',(-0.707106781186546,0.707106781186549,0.));
#1852=DIRECTION('center_axis',(0.,0.,1.));
#1853=DIRECTION('ref_axis',(-0.707106781186546,0.707106781186549,0.));
#1854=DIRECTION('center_axis',(0.,0.,1.));
#1855=DIRECTION('ref_axis',(-0.707106781186546,0.707106781186549,0.));
#1856=DIRECTION('',(0.,0.,-1.));
#1857=DIRECTION('center_axis',(-1.,-2.49488320140485E-16,0.));
#1858=DIRECTION('ref_axis',(-2.49488320140485E-16,1.,0.));
#1859=DIRECTION('',(-2.49488320140485E-16,1.,0.));
#1860=DIRECTION('',(-2.49488320140485E-16,1.,0.));
#1861=DIRECTION('center_axis',(0.,0.,-1.));
#1862=DIRECTION('ref_axis',(-1.,0.,0.));
#1863=DIRECTION('center_axis',(0.,0.,-1.));
#1864=DIRECTION('ref_axis',(0.942809041582064,-0.333333333333333,0.));
#1865=DIRECTION('center_axis',(2.35513868802567E-15,-3.33066907387547E-15,
1.));
#1866=DIRECTION('ref_axis',(0.,-1.,-3.33066907387547E-15));
#1867=DIRECTION('',(0.,0.,1.));
#1868=DIRECTION('center_axis',(-1.25607396694702E-14,1.77635683940025E-14,
-1.));
#1869=DIRECTION('ref_axis',(0.942809041582064,-0.333333333333333,-1.77635683940025E-14));
#1870=DIRECTION('',(0.,0.,1.));
#1871=DIRECTION('center_axis',(0.,1.,0.));
#1872=DIRECTION('ref_axis',(1.,0.,-1.44589307473438E-15));
#1873=DIRECTION('center_axis',(1.,0.,0.));
#1874=DIRECTION('ref_axis',(0.,-1.,-7.40148683083438E-16));
#1875=DIRECTION('center_axis',(0.,-1.,0.));
#1876=DIRECTION('ref_axis',(-0.707106781186549,0.,0.707106781186546));
#1877=DIRECTION('center_axis',(0.,1.,0.));
#1878=DIRECTION('ref_axis',(1.,0.,-1.46329557877471E-15));
#1879=DIRECTION('center_axis',(0.,1.,0.));
#1880=DIRECTION('ref_axis',(1.,0.,-7.77167527669727E-15));
#1881=DIRECTION('center_axis',(0.756974285497044,-4.83646208765621E-16,
-0.653444665672801));
#1882=DIRECTION('ref_axis',(0.616073538969886,-0.333333333333332,0.713682200611736));
#1883=DIRECTION('center_axis',(0.,1.,0.));
#1884=DIRECTION('ref_axis',(1.,0.,-7.80424308679846E-15));
#1885=DIRECTION('center_axis',(0.,-1.,0.));
#1886=DIRECTION('ref_axis',(-0.707106781186549,0.,-0.707106781186546));
#1887=DIRECTION('center_axis',(-1.,0.,3.52451753849256E-16));
#1888=DIRECTION('ref_axis',(0.,-0.333333333333332,-0.942809041582064));
#1889=DIRECTION('center_axis',(1.,0.,0.));
#1890=DIRECTION('ref_axis',(0.,-1.,0.));
#1891=DIRECTION('',(1.,0.,-3.52451753849256E-16));
#1892=DIRECTION('',(1.,0.,-3.52451753849256E-16));
#1893=DIRECTION('center_axis',(1.,8.50681201692127E-16,6.4634367681243E-15));
#1894=DIRECTION('ref_axis',(-5.9211894646675E-15,-0.296282257371712,0.955100426115873));
#1895=DIRECTION('center_axis',(0.,-1.,0.));
#1896=DIRECTION('ref_axis',(-0.707106781186549,0.,-0.707106781186546));
#1897=DIRECTION('center_axis',(0.,1.,0.));
#1898=DIRECTION('ref_axis',(0.,0.,-1.));
#1899=DIRECTION('center_axis',(-1.17756934401283E-15,0.,-1.));
#1900=DIRECTION('ref_axis',(0.,-1.,0.));
#1901=DIRECTION('center_axis',(0.,-1.,0.));
#1902=DIRECTION('ref_axis',(0.707106781186546,0.,0.707106781186549));
#1903=DIRECTION('center_axis',(0.,1.,0.));
#1904=DIRECTION('ref_axis',(0.,0.,-1.));
#1905=DIRECTION('center_axis',(1.,0.,0.));
#1906=DIRECTION('ref_axis',(0.,-0.991449751701165,0.130489041117248));
#1907=DIRECTION('center_axis',(1.,5.37578786627252E-15,-4.53192018571217E-15));
#1908=DIRECTION('ref_axis',(5.9211894646675E-15,-0.296282257371712,0.955100426115873));
#1909=DIRECTION('',(-1.,0.,0.));
#1910=DIRECTION('',(-1.,0.,0.));
#1911=DIRECTION('center_axis',(5.28677630773884E-16,0.,1.));
#1912=DIRECTION('ref_axis',(-0.942809041582064,-0.333333333333332,7.40148683083437E-16));
#1913=DIRECTION('center_axis',(-2.61682076447295E-16,7.40148683083438E-16,
-1.));
#1914=DIRECTION('ref_axis',(0.,-1.,-7.40148683083438E-16));
#1915=DIRECTION('',(-5.28677630773884E-16,0.,-1.));
#1916=DIRECTION('',(-5.28677630773884E-16,0.,-1.));
#1917=DIRECTION('center_axis',(0.756974285433333,-3.21075313522507E-11,
0.653444665746607));
#1918=DIRECTION('ref_axis',(-0.616073539047572,-0.333333333333332,0.713682200544675));
#1919=DIRECTION('center_axis',(0.,-1.,0.));
#1920=DIRECTION('ref_axis',(0.707106781186546,0.,-0.707106781186549));
#1921=DIRECTION('center_axis',(0.,1.,0.));
#1922=DIRECTION('ref_axis',(-1.,0.,3.61473268683594E-16));
#1923=DIRECTION('center_axis',(0.,-1.,0.));
#1924=DIRECTION('ref_axis',(0.707106781186546,0.,-0.707106781186549));
#1925=DIRECTION('center_axis',(0.,1.,0.));
#1926=DIRECTION('ref_axis',(-1.,0.,3.25176795283269E-16));
#1927=DIRECTION('center_axis',(0.,1.,0.));
#1928=DIRECTION('ref_axis',(0.,0.,-1.));
#1929=DIRECTION('',(1.,0.,0.));
#1930=DIRECTION('',(0.,0.,-1.));
#1931=DIRECTION('',(-1.,0.,0.));
#1932=DIRECTION('center_axis',(0.,1.,0.));
#1933=DIRECTION('ref_axis',(0.707106781186547,0.,-0.707106781186548));
#1934=DIRECTION('',(0.,0.,-1.));
#1935=DIRECTION('',(-1.,0.,0.));
#1936=DIRECTION('',(0.,0.,1.));
#1937=DIRECTION('',(1.,0.,0.));
#1938=DIRECTION('center_axis',(0.,1.,0.));
#1939=DIRECTION('ref_axis',(0.,0.,1.));
#1940=DIRECTION('center_axis',(0.,0.,-1.));
#1941=DIRECTION('ref_axis',(-1.,0.,0.));
#1942=DIRECTION('center_axis',(1.11022302462513E-14,1.,2.8665835232991E-15));
#1943=DIRECTION('ref_axis',(-0.249999999999972,0.,0.968245836551861));
#1944=DIRECTION('center_axis',(0.,0.,-1.));
#1945=DIRECTION('ref_axis',(-0.707106781186549,0.707106781186546,0.));
#1946=DIRECTION('center_axis',(-1.,2.22044604925041E-14,-5.73316704659922E-15));
#1947=DIRECTION('ref_axis',(-2.22044604925041E-14,-1.,0.));
#1948=DIRECTION('center_axis',(0.,0.,1.));
#1949=DIRECTION('ref_axis',(-0.707106781186548,0.707106781186547,0.));
#1950=DIRECTION('center_axis',(1.,0.,0.));
#1951=DIRECTION('ref_axis',(0.,-0.612372435695783,0.790569415042104));
#1952=DIRECTION('',(1.,0.,0.));
#1953=DIRECTION('center_axis',(-1.,0.,-2.86658352329948E-15));
#1954=DIRECTION('ref_axis',(0.,-1.,0.));
#1955=DIRECTION('',(-1.,0.,0.));
#1956=DIRECTION('center_axis',(0.,0.,-1.));
#1957=DIRECTION('ref_axis',(-1.,0.,0.));
#1958=DIRECTION('center_axis',(0.,0.,-1.));
#1959=DIRECTION('ref_axis',(0.707106781186547,0.707106781186547,0.));
#1960=DIRECTION('center_axis',(0.,1.,1.14663340931979E-14));
#1961=DIRECTION('ref_axis',(-1.,0.,0.));
#1962=DIRECTION('center_axis',(0.,0.,1.));
#1963=DIRECTION('ref_axis',(0.707106781186547,0.707106781186548,0.));
#1964=DIRECTION('center_axis',(0.,-1.,0.));
#1965=DIRECTION('ref_axis',(-0.612372435695793,0.,0.790569415042096));
#1966=DIRECTION('',(0.,-1.,0.));
#1967=DIRECTION('center_axis',(2.77555756156289E-15,1.,-1.21829799740231E-14));
#1968=DIRECTION('ref_axis',(-1.,2.77555756156289E-15,0.));
#1969=DIRECTION('',(0.,1.,0.));
#1970=DIRECTION('center_axis',(0.,0.,-1.));
#1971=DIRECTION('ref_axis',(-1.,0.,0.));
#1972=DIRECTION('center_axis',(0.,0.,-1.));
#1973=DIRECTION('ref_axis',(0.707106781186547,-0.707106781186548,0.));
#1974=DIRECTION('center_axis',(1.,0.,0.));
#1975=DIRECTION('ref_axis',(0.,1.,0.));
#1976=DIRECTION('center_axis',(0.,0.,1.));
#1977=DIRECTION('ref_axis',(0.707106781186547,-0.707106781186548,0.));
#1978=DIRECTION('center_axis',(-1.,-8.57315076930623E-17,1.38088408791131E-17));
#1979=DIRECTION('ref_axis',(0.,0.612372435695795,0.790569415042095));
#1980=DIRECTION('',(-1.,-8.57315076930623E-17,1.38088408791131E-17));
#1981=DIRECTION('center_axis',(1.,0.,0.));
#1982=DIRECTION('ref_axis',(0.,1.,0.));
#1983=DIRECTION('',(1.,1.39212918448296E-16,0.));
#1984=DIRECTION('center_axis',(0.,0.,-1.));
#1985=DIRECTION('ref_axis',(-1.,0.,0.));
#1986=DIRECTION('center_axis',(0.,0.,-1.));
#1987=DIRECTION('ref_axis',(-0.707106781186548,-0.707106781186547,0.));
#1988=DIRECTION('center_axis',(0.,-1.,-1.14663340931982E-14));
#1989=DIRECTION('ref_axis',(1.,0.,0.));
#1990=DIRECTION('center_axis',(0.,0.,1.));
#1991=DIRECTION('ref_axis',(-0.707106781186548,-0.707106781186547,0.));
#1992=DIRECTION('center_axis',(-1.95634013149807E-16,1.,2.93922822079248E-17));
#1993=DIRECTION('ref_axis',(0.612372435695783,0.,0.790569415042104));
#1994=DIRECTION('',(-1.95634013149807E-16,1.,2.93922822079248E-17));
#1995=DIRECTION('',(3.09469832648127E-16,-1.,0.));
#1996=DIRECTION('center_axis',(1.,0.,0.));
#1997=DIRECTION('ref_axis',(0.,-1.,0.));
#1998=DIRECTION('',(0.,0.,-1.));
#1999=DIRECTION('',(0.,-1.,0.));
#2000=DIRECTION('',(0.,0.,-1.));
#2001=DIRECTION('center_axis',(0.,0.,-1.));
#2002=DIRECTION('ref_axis',(1.,0.,0.));
#2003=DIRECTION('',(0.,0.,-1.));
#2004=DIRECTION('center_axis',(0.,0.,-1.));
#2005=DIRECTION('ref_axis',(1.,0.,0.));
#2006=DIRECTION('center_axis',(0.,1.,0.));
#2007=DIRECTION('ref_axis',(1.,0.,0.));
#2008=DIRECTION('',(0.,0.,-1.));
#2009=DIRECTION('',(1.,0.,0.));
#2010=DIRECTION('center_axis',(0.,0.,-1.));
#2011=DIRECTION('ref_axis',(0.,1.,0.));
#2012=DIRECTION('',(0.,0.,-1.));
#2013=DIRECTION('center_axis',(0.,0.,-1.));
#2014=DIRECTION('ref_axis',(0.,1.,0.));
#2015=DIRECTION('center_axis',(1.,1.39212918448296E-16,0.));
#2016=DIRECTION('ref_axis',(0.,-0.707106781186547,0.707106781186548));
#2017=DIRECTION('center_axis',(1.,0.,0.));
#2018=DIRECTION('ref_axis',(0.,0.,1.));
#2019=DIRECTION('',(1.,1.39212918448296E-16,0.));
#2020=DIRECTION('center_axis',(-1.,0.,0.));
#2021=DIRECTION('ref_axis',(0.,-1.,0.));
#2022=DIRECTION('center_axis',(0.,0.,1.));
#2023=DIRECTION('ref_axis',(1.,0.,0.));
#2024=DIRECTION('center_axis',(0.,1.,0.));
#2025=DIRECTION('ref_axis',(-1.,0.,0.));
#2026=DIRECTION('center_axis',(0.,0.,1.));
#2027=DIRECTION('ref_axis',(0.,-1.,0.));
#2028=DIRECTION('center_axis',(3.09469832648127E-16,-1.,0.));
#2029=DIRECTION('ref_axis',(-0.707106781186549,0.,0.707106781186546));
#2030=DIRECTION('center_axis',(0.,-1.,0.));
#2031=DIRECTION('ref_axis',(0.,0.,1.));
#2032=DIRECTION('',(3.09469832648127E-16,-1.,0.));
#2033=DIRECTION('center_axis',(0.,0.,1.));
#2034=DIRECTION('ref_axis',(1.,0.,0.));
#2035=DIRECTION('center_axis',(1.,0.,0.));
#2036=DIRECTION('ref_axis',(0.,1.,0.));
#2037=DIRECTION('center_axis',(0.,0.,1.));
#2038=DIRECTION('ref_axis',(-1.,0.,0.));
#2039=DIRECTION('center_axis',(-1.,-1.95634013149807E-16,0.));
#2040=DIRECTION('ref_axis',(-1.95634013149807E-16,1.,0.));
#2041=DIRECTION('',(0.,0.,-1.));
#2042=DIRECTION('',(-1.95634013149807E-16,1.,0.));
#2043=DIRECTION('center_axis',(0.,0.,-1.));
#2044=DIRECTION('ref_axis',(-1.,0.,0.));
#2045=DIRECTION('',(0.,0.,-1.));
#2046=DIRECTION('center_axis',(0.,0.,-1.));
#2047=DIRECTION('ref_axis',(-1.,0.,0.));
#2048=DIRECTION('center_axis',(8.57315076930623E-17,-1.,0.));
#2049=DIRECTION('ref_axis',(-1.,-8.57315076930623E-17,0.));
#2050=DIRECTION('',(0.,0.,-1.));
#2051=DIRECTION('',(-1.,-8.57315076930623E-17,0.));
#2052=DIRECTION('center_axis',(0.,0.,-1.));
#2053=DIRECTION('ref_axis',(2.77555756156289E-16,-1.,0.));
#2054=DIRECTION('center_axis',(0.,0.,-1.));
#2055=DIRECTION('ref_axis',(2.77555756156289E-16,-1.,0.));
#2056=DIRECTION('center_axis',(0.,0.,1.));
#2057=DIRECTION('ref_axis',(1.,0.,0.));
#2058=DIRECTION('center_axis',(0.,-1.,-9.69627095742494E-17));
#2059=DIRECTION('ref_axis',(0.992507556682903,0.,-0.122183263695705));
#2060=DIRECTION('center_axis',(0.,-1.,0.));
#2061=DIRECTION('ref_axis',(0.970142500145332,0.,-0.242535625036333));
#2062=DIRECTION('',(0.,-1.,-9.69627095742494E-17));
#2063=DIRECTION('center_axis',(0.,1.,0.));
#2064=DIRECTION('ref_axis',(1.,0.,0.));
#2065=DIRECTION('',(0.,1.,9.69627095742494E-17));
#2066=DIRECTION('center_axis',(0.,9.69627095742495E-17,-1.));
#2067=DIRECTION('ref_axis',(0.707106781186548,-0.707106781186547,-6.85629894621736E-17));
#2068=DIRECTION('center_axis',(1.,0.,0.));
#2069=DIRECTION('ref_axis',(0.,-1.,-2.22044604925031E-16));
#2070=DIRECTION('center_axis',(0.,-9.69627095742495E-17,1.));
#2071=DIRECTION('ref_axis',(0.707106781186548,-0.707106781186547,-4.86818218402485E-17));
#2072=DIRECTION('center_axis',(-1.,0.,0.));
#2073=DIRECTION('ref_axis',(0.,-0.992507556682903,-0.122183263695704));
#2074=DIRECTION('',(-1.,0.,0.));
#2075=DIRECTION('center_axis',(1.,0.,0.));
#2076=DIRECTION('ref_axis',(0.,-1.,4.44089209850063E-16));
#2077=DIRECTION('',(1.,0.,0.));
#2078=DIRECTION('center_axis',(0.,9.69627095742495E-17,-1.));
#2079=DIRECTION('ref_axis',(-0.707106781186546,-0.707106781186549,-6.85629894621737E-17));
#2080=DIRECTION('center_axis',(-4.44089209850063E-16,-1.,-5.46698800086409E-17));
#2081=DIRECTION('ref_axis',(-1.,4.44089209850063E-16,-2.22044604925031E-16));
#2082=DIRECTION('center_axis',(0.,-9.69627095742495E-17,1.));
#2083=DIRECTION('ref_axis',(-0.707106781186547,-0.707106781186548,-4.86818218402484E-17));
#2084=DIRECTION('center_axis',(0.,1.,9.69627095742495E-17));
#2085=DIRECTION('ref_axis',(-0.992507556682903,0.,-0.122183263695704));
#2086=DIRECTION('',(0.,1.,9.69627095742494E-17));
#2087=DIRECTION('center_axis',(4.44089209850063E-16,-1.,5.46698800086438E-17));
#2088=DIRECTION('ref_axis',(-1.,-4.44089209850063E-16,2.22044604925031E-16));
#2089=DIRECTION('',(0.,-1.,-9.69627095742494E-17));
#2090=DIRECTION('center_axis',(0.,9.69627095742495E-17,-1.));
#2091=DIRECTION('ref_axis',(-0.707106781186546,0.707106781186549,6.85629894621738E-17));
#2092=DIRECTION('center_axis',(-1.,0.,0.));
#2093=DIRECTION('ref_axis',(0.,1.,-2.22044604925031E-16));
#2094=DIRECTION('center_axis',(0.,-9.69627095742495E-17,1.));
#2095=DIRECTION('ref_axis',(-0.707106781186546,0.707106781186549,4.86818218402485E-17));
#2096=DIRECTION('center_axis',(1.,0.,0.));
#2097=DIRECTION('ref_axis',(0.,0.992507556682903,-0.122183263695705));
#2098=DIRECTION('center_axis',(-1.,0.,0.));
#2099=DIRECTION('ref_axis',(0.,1.,0.));
#2100=DIRECTION('',(-1.,0.,0.));
#2101=DIRECTION('center_axis',(0.,9.69627095742495E-17,-1.));
#2102=DIRECTION('ref_axis',(0.707106781186547,0.707106781186548,6.85629894621736E-17));
#2103=DIRECTION('center_axis',(0.,-9.69627095742495E-17,1.));
#2104=DIRECTION('ref_axis',(0.707106781186547,0.707106781186548,4.86818218402485E-17));
#2105=DIRECTION('center_axis',(0.,0.,1.));
#2106=DIRECTION('ref_axis',(-0.707106781186546,0.707106781186549,2.74251957848695E-17));
#2107=DIRECTION('',(0.,0.242535625036333,0.970142500145332));
#2108=DIRECTION('center_axis',(0.,-9.69627095742495E-17,1.));
#2109=DIRECTION('ref_axis',(-0.707106781186546,0.707106781186549,6.85629894621737E-17));
#2110=DIRECTION('',(-0.242535625036332,0.,0.970142500145332));
#2111=DIRECTION('center_axis',(0.,0.970142500145332,-0.242535625036333));
#2112=DIRECTION('ref_axis',(0.,0.242535625036333,0.970142500145332));
#2113=DIRECTION('',(0.,-0.242535625036333,-0.970142500145332));
#2114=DIRECTION('',(-1.,0.,0.));
#2115=DIRECTION('center_axis',(0.,0.,1.));
#2116=DIRECTION('ref_axis',(0.707106781186547,0.707106781186548,2.74251957848695E-17));
#2117=DIRECTION('',(0.242535625036333,0.,0.970142500145332));
#2118=DIRECTION('center_axis',(0.,-9.69627095742495E-17,1.));
#2119=DIRECTION('ref_axis',(0.707106781186547,0.707106781186548,6.85629894621736E-17));
#2120=DIRECTION('center_axis',(0.970142500145332,2.3516911371807E-17,-0.242535625036333));
#2121=DIRECTION('ref_axis',(-0.242535625036333,0.,-0.970142500145332));
#2122=DIRECTION('',(0.24253562503633,0.,0.970142500145333));
#2123=DIRECTION('',(0.,1.,9.69627095742494E-17));
#2124=DIRECTION('center_axis',(0.,3.64007549057428E-16,1.));
#2125=DIRECTION('ref_axis',(-0.707106781186547,-0.707106781186548,0.));
#2126=DIRECTION('',(0.,3.64007549057428E-16,1.));
#2127=DIRECTION('center_axis',(0.,3.70074341541719E-16,1.));
#2128=DIRECTION('ref_axis',(0.,-1.,3.70074341541719E-16));
#2129=DIRECTION('',(0.,-3.64007549057428E-16,-1.));
#2130=DIRECTION('center_axis',(0.,-1.,3.64007549057428E-16));
#2131=DIRECTION('ref_axis',(0.,3.64007549057428E-16,1.));
#2132=DIRECTION('',(0.,-3.64007549057428E-16,-1.));
#2133=DIRECTION('',(1.,0.,0.));
#2134=DIRECTION('center_axis',(0.,3.64007549057428E-16,1.));
#2135=DIRECTION('ref_axis',(0.707106781186548,-0.707106781186547,0.));
#2136=DIRECTION('',(0.,3.64007549057428E-16,1.));
#2137=DIRECTION('center_axis',(0.,3.70074341541719E-16,1.));
#2138=DIRECTION('ref_axis',(1.,0.,0.));
#2139=DIRECTION('center_axis',(1.,0.,0.));
#2140=DIRECTION('ref_axis',(0.,0.,-1.));
#2141=DIRECTION('',(0.,0.,-1.));
#2142=DIRECTION('',(0.,1.,0.));
#2143=DIRECTION('',(0.,0.,1.));
#2144=DIRECTION('center_axis',(1.,0.,0.));
#2145=DIRECTION('ref_axis',(0.,0.707106781186548,-0.707106781186547));
#2146=DIRECTION('',(0.,1.,0.));
#2147=DIRECTION('center_axis',(-0.970142500145332,2.35169113718069E-17,
-0.242535625036332));
#2148=DIRECTION('ref_axis',(-0.242535625036332,0.,0.970142500145332));
#2149=DIRECTION('',(0.,-1.,-9.69627095742494E-17));
#2150=DIRECTION('',(-0.242535625036332,5.38537270414381E-16,0.970142500145332));
#2151=DIRECTION('center_axis',(0.,0.,1.));
#2152=DIRECTION('ref_axis',(-0.707106781186546,-0.707106781186548,-2.74251957848695E-17));
#2153=DIRECTION('center_axis',(0.,-9.69627095742495E-17,1.));
#2154=DIRECTION('ref_axis',(-0.707106781186546,-0.707106781186549,-6.85629894621737E-17));
#2155=DIRECTION('',(0.,-0.242535625036331,0.970142500145333));
#2156=DIRECTION('center_axis',(0.,-0.970142500145332,-0.242535625036333));
#2157=DIRECTION('ref_axis',(0.,0.242535625036333,-0.970142500145332));
#2158=DIRECTION('',(1.,0.,0.));
#2159=DIRECTION('',(0.,-0.242535625036332,0.970142500145332));
#2160=DIRECTION('center_axis',(0.,0.,1.));
#2161=DIRECTION('ref_axis',(0.707106781186548,-0.707106781186547,-2.74251957848694E-17));
#2162=DIRECTION('center_axis',(0.,-9.69627095742495E-17,1.));
#2163=DIRECTION('ref_axis',(0.707106781186548,-0.707106781186547,-6.85629894621735E-17));
#2164=DIRECTION('center_axis',(0.,0.,1.));
#2165=DIRECTION('ref_axis',(0.707106781186547,0.707106781186548,0.));
#2166=DIRECTION('center_axis',(0.,0.,1.));
#2167=DIRECTION('ref_axis',(0.,1.,0.));
#2168=DIRECTION('center_axis',(0.,9.69627095742495E-17,-1.));
#2169=DIRECTION('ref_axis',(0.,-1.,-9.69627095742494E-17));
#2170=DIRECTION('center_axis',(0.408248290463862,-0.816496580927726,-0.408248290463863));
#2171=DIRECTION('ref_axis',(-0.577350269189625,-0.577350269189625,0.577350269189627));
#2172=DIRECTION('center_axis',(-1.,0.,0.));
#2173=DIRECTION('ref_axis',(0.,0.,1.));
#2174=DIRECTION('center_axis',(0.,-1.,0.));
#2175=DIRECTION('ref_axis',(-1.,0.,0.));
#2176=DIRECTION('center_axis',(-0.408248290463863,-0.816496580927726,-0.408248290463863));
#2177=DIRECTION('ref_axis',(0.577350269189626,-0.577350269189625,0.577350269189626));
#2178=DIRECTION('center_axis',(7.40148683083438E-16,-1.,0.));
#2179=DIRECTION('ref_axis',(0.,0.,1.));
#2180=DIRECTION('center_axis',(1.,0.,0.));
#2181=DIRECTION('ref_axis',(0.,-1.,3.70074341541719E-16));
#2182=DIRECTION('center_axis',(0.,0.,-1.));
#2183=DIRECTION('ref_axis',(-1.,0.,0.));
#2184=DIRECTION('center_axis',(0.,0.,-1.));
#2185=DIRECTION('ref_axis',(-1.,-3.70074341541719E-16,0.));
#2186=DIRECTION('center_axis',(3.70074341541719E-16,-1.,0.));
#2187=DIRECTION('ref_axis',(0.,0.,-1.));
#2188=DIRECTION('center_axis',(0.,0.,1.));
#2189=DIRECTION('ref_axis',(-0.707106781186547,-0.707106781186548,0.));
#2190=DIRECTION('center_axis',(-1.,0.,0.));
#2191=DIRECTION('ref_axis',(0.,1.,0.));
#2192=DIRECTION('center_axis',(-0.408248290463862,-0.816496580927727,0.408248290463863));
#2193=DIRECTION('ref_axis',(-0.577350269189626,0.577350269189626,0.577350269189626));
#2194=DIRECTION('center_axis',(-1.48029736616688E-15,1.,0.));
#2195=DIRECTION('ref_axis',(0.,0.,1.));
#2196=DIRECTION('center_axis',(-1.,0.,0.));
#2197=DIRECTION('ref_axis',(0.,1.,0.));
#2198=DIRECTION('center_axis',(0.,-3.70074341541719E-16,1.));
#2199=DIRECTION('ref_axis',(-1.,0.,0.));
#2200=DIRECTION('center_axis',(-1.,0.,0.));
#2201=DIRECTION('ref_axis',(0.,0.,1.));
#2202=DIRECTION('center_axis',(-1.,0.,0.));
#2203=DIRECTION('ref_axis',(0.,0.,-1.));
#2204=DIRECTION('center_axis',(0.,-1.,0.));
#2205=DIRECTION('ref_axis',(1.,0.,0.));
#2206=DIRECTION('center_axis',(0.,0.,1.));
#2207=DIRECTION('ref_axis',(1.85037170770859E-16,-1.,0.));
#2208=DIRECTION('center_axis',(0.,1.,0.));
#2209=DIRECTION('ref_axis',(0.707106781186547,0.,0.707106781186548));
#2210=DIRECTION('',(0.,-1.,0.));
#2211=DIRECTION('center_axis',(0.,0.,1.));
#2212=DIRECTION('ref_axis',(-0.707106781186547,-0.707106781186548,0.));
#2213=DIRECTION('',(0.,0.,-1.));
#2214=DIRECTION('',(0.,0.,1.));
#2215=DIRECTION('center_axis',(0.,1.,0.));
#2216=DIRECTION('ref_axis',(0.,0.,1.));
#2217=DIRECTION('center_axis',(-1.,0.,0.));
#2218=DIRECTION('ref_axis',(0.,0.,1.));
#2219=DIRECTION('center_axis',(0.,-1.,0.));
#2220=DIRECTION('ref_axis',(1.,0.,0.));
#2221=DIRECTION('center_axis',(0.,0.,1.));
#2222=DIRECTION('ref_axis',(0.,1.,0.));
#2223=DIRECTION('center_axis',(-1.,0.,0.));
#2224=DIRECTION('ref_axis',(0.,0.707106781186547,0.707106781186548));
#2225=DIRECTION('',(1.,0.,0.));
#2226=DIRECTION('center_axis',(-3.09469832648127E-16,1.,0.));
#2227=DIRECTION('ref_axis',(0.707106781186547,2.18828217238157E-16,-0.707106781186547));
#2228=DIRECTION('',(3.09469832648127E-16,-1.,0.));
#2229=DIRECTION('',(-3.09469832648127E-16,1.,0.));
#2230=DIRECTION('center_axis',(0.,0.,1.));
#2231=DIRECTION('ref_axis',(1.,0.,0.));
#2232=DIRECTION('center_axis',(0.,0.,1.));
#2233=DIRECTION('ref_axis',(1.,0.,0.));
#2234=DIRECTION('center_axis',(0.,1.,0.));
#2235=DIRECTION('ref_axis',(0.,0.,1.));
#2236=DIRECTION('center_axis',(0.,0.,1.));
#2237=DIRECTION('ref_axis',(0.707106781186548,-0.707106781186547,0.));
#2238=DIRECTION('',(0.,0.,-1.));
#2239=DIRECTION('center_axis',(0.,0.,1.));
#2240=DIRECTION('ref_axis',(-0.707106781186547,0.707106781186547,0.));
#2241=DIRECTION('',(0.,0.,1.));
#2242=DIRECTION('center_axis',(0.,0.,1.));
#2243=DIRECTION('ref_axis',(1.,0.,0.));
#2244=DIRECTION('center_axis',(0.,-1.,0.));
#2245=DIRECTION('ref_axis',(1.,0.,0.));
#2246=DIRECTION('center_axis',(-1.,0.,0.));
#2247=DIRECTION('ref_axis',(0.,0.,1.));
#2248=DIRECTION('center_axis',(-1.,0.,0.));
#2249=DIRECTION('ref_axis',(0.,0.707106781186546,0.707106781186549));
#2250=DIRECTION('center_axis',(0.,1.,0.));
#2251=DIRECTION('ref_axis',(0.707106781186547,0.,0.707106781186548));
#2252=DIRECTION('center_axis',(-1.,-1.39212918448296E-16,0.));
#2253=DIRECTION('ref_axis',(0.,0.707106781186548,-0.707106781186547));
#2254=DIRECTION('',(1.,1.39212918448296E-16,0.));
#2255=DIRECTION('',(-1.,-1.39212918448296E-16,0.));
#2256=DIRECTION('center_axis',(0.,0.,-1.));
#2257=DIRECTION('ref_axis',(-0.707106781186546,0.707106781186549,0.));
#2258=DIRECTION('',(0.,0.,1.));
#2259=DIRECTION('center_axis',(0.,1.,0.));
#2260=DIRECTION('ref_axis',(-0.707106781186546,0.,0.707106781186549));
#2261=DIRECTION('',(0.,-1.,0.));
#2262=DIRECTION('',(0.,1.,0.));
#2263=DIRECTION('center_axis',(-1.,0.,0.));
#2264=DIRECTION('ref_axis',(0.,-0.707106781186547,0.707106781186548));
#2265=DIRECTION('',(-1.,0.,0.));
#2266=DIRECTION('center_axis',(-1.,-3.09469832648127E-16,0.));
#2267=DIRECTION('ref_axis',(3.09469832648127E-16,-1.,0.));
#2268=DIRECTION('center_axis',(0.,0.,1.));
#2269=DIRECTION('ref_axis',(0.,1.,0.));
#2270=DIRECTION('center_axis',(1.39212918448296E-16,-1.,0.));
#2271=DIRECTION('ref_axis',(1.,1.39212918448296E-16,0.));
#2272=DIRECTION('center_axis',(-1.,0.,0.));
#2273=DIRECTION('ref_axis',(0.,0.,1.));
#2274=CARTESIAN_POINT('',(0.,0.,0.));
#2275=CARTESIAN_POINT('Origin',(-3.,19.9,-12.2));
#2276=CARTESIAN_POINT('',(-1.5,19.9000000000291,-12.2));
#2277=CARTESIAN_POINT('',(-3.,21.4,-12.2));
#2278=CARTESIAN_POINT('Origin',(-3.,19.9,-12.2));
#2279=CARTESIAN_POINT('',(-1.5,19.9000000000291,-12.));
#2280=CARTESIAN_POINT('',(-1.5,19.9000000000291,-12.2));
#2281=CARTESIAN_POINT('',(-3.,21.4,-12.));
#2282=CARTESIAN_POINT('Origin',(-3.,19.9,-12.));
#2283=CARTESIAN_POINT('',(-3.,21.4,-12.2));
#2284=CARTESIAN_POINT('Origin',(-1.5,-19.8999999999302,-12.2));
#2285=CARTESIAN_POINT('',(-1.5,-19.8999999999302,-12.2));
#2286=CARTESIAN_POINT('',(-1.5,1.50000000003492,-12.2));
#2287=CARTESIAN_POINT('',(-1.49999999999999,-19.8999999999302,-12.));
#2288=CARTESIAN_POINT('',(-1.5,-19.8999999999302,-12.2));
#2289=CARTESIAN_POINT('',(-1.5,19.9000000000291,-12.));
#2290=CARTESIAN_POINT('Origin',(-3.,-19.9,-12.2));
#2291=CARTESIAN_POINT('',(-3.,-21.4,-12.2));
#2292=CARTESIAN_POINT('Origin',(-3.,-19.9,-12.2));
#2293=CARTESIAN_POINT('',(-3.,-21.4,-12.));
#2294=CARTESIAN_POINT('',(-3.,-21.4,-12.2));
#2295=CARTESIAN_POINT('Origin',(-3.,-19.9,-12.));
#2296=CARTESIAN_POINT('Origin',(-59.3999999999942,-21.4,-12.2));
#2297=CARTESIAN_POINT('',(-59.3999999999942,-21.4,-12.2));
#2298=CARTESIAN_POINT('',(-29.6999999999971,-21.4,-12.2));
#2299=CARTESIAN_POINT('',(-59.3999999999942,-21.4,-12.));
#2300=CARTESIAN_POINT('',(-59.3999999999942,-21.4,-12.2));
#2301=CARTESIAN_POINT('',(-3.,-21.4,-12.));
#2302=CARTESIAN_POINT('Origin',(-59.4,-19.9,-12.2));
#2303=CARTESIAN_POINT('',(-60.9,-19.8999999999302,-12.2));
#2304=CARTESIAN_POINT('Origin',(-59.4,-19.9,-12.2));
#2305=CARTESIAN_POINT('',(-60.9,-19.8999999999302,-12.));
#2306=CARTESIAN_POINT('',(-60.9,-19.8999999999302,-12.2));
#2307=CARTESIAN_POINT('Origin',(-59.4,-19.9,-12.));
#2308=CARTESIAN_POINT('Origin',(-60.9,19.9000000000291,-12.2));
#2309=CARTESIAN_POINT('',(-60.9,19.9000000000291,-12.2));
#2310=CARTESIAN_POINT('',(-60.9,21.4000000000145,-12.2));
#2311=CARTESIAN_POINT('',(-60.9,19.9000000000291,-12.));
#2312=CARTESIAN_POINT('',(-60.9,19.9000000000291,-12.2));
#2313=CARTESIAN_POINT('',(-60.9,-19.8999999999302,-12.));
#2314=CARTESIAN_POINT('Origin',(-59.4,19.9,-12.2));
#2315=CARTESIAN_POINT('',(-59.3999999999942,21.4,-12.2));
#2316=CARTESIAN_POINT('Origin',(-59.4,19.9,-12.2));
#2317=CARTESIAN_POINT('',(-59.3999999999942,21.4,-12.));
#2318=CARTESIAN_POINT('',(-59.3999999999942,21.4,-12.2));
#2319=CARTESIAN_POINT('Origin',(-59.4,19.9,-12.));
#2320=CARTESIAN_POINT('Origin',(-3.,21.4,-12.2));
#2321=CARTESIAN_POINT('',(-1.5,21.4,-12.2));
#2322=CARTESIAN_POINT('',(-59.3999999999942,21.4,-12.));
#2323=CARTESIAN_POINT('Origin',(-31.1999999999996,4.92895602975871E-12,
-12.));
#2324=CARTESIAN_POINT('Origin',(-38.6,-2.7,12.2));
#2325=CARTESIAN_POINT('',(-38.6,-3.70000000000001,11.2));
#2326=CARTESIAN_POINT('',(-37.6,-2.7,11.2));
#2327=CARTESIAN_POINT('Origin',(-38.6,-2.7,11.2));
#2328=CARTESIAN_POINT('',(-38.6,-3.70000000000001,12.2));
#2329=CARTESIAN_POINT('',(-38.6,-3.70000000000001,12.2));
#2330=CARTESIAN_POINT('',(-37.6,-2.7,12.2));
#2331=CARTESIAN_POINT('Origin',(-38.6,-2.7,12.2));
#2332=CARTESIAN_POINT('',(-37.6,-2.7,12.2));
#2333=CARTESIAN_POINT('Origin',(-37.6,14.1,12.2));
#2334=CARTESIAN_POINT('',(-37.6,13.1,12.2));
#2335=CARTESIAN_POINT('',(-37.6,-4.40000000000001,12.2));
#2336=CARTESIAN_POINT('',(-37.6,13.1,11.2));
#2337=CARTESIAN_POINT('',(-37.6,13.1,12.2));
#2338=CARTESIAN_POINT('',(-37.6,14.1,11.2));
#2339=CARTESIAN_POINT('Origin',(-38.6,13.1,12.2));
#2340=CARTESIAN_POINT('',(-38.6,14.1,11.2));
#2341=CARTESIAN_POINT('Origin',(-38.6,13.1,11.2));
#2342=CARTESIAN_POINT('',(-38.6,14.1,12.2));
#2343=CARTESIAN_POINT('Origin',(-38.6,13.1,12.2));
#2344=CARTESIAN_POINT('',(-38.6,14.1,12.2));
#2345=CARTESIAN_POINT('Origin',(-55.4,14.1,12.2));
#2346=CARTESIAN_POINT('',(-54.4,14.1,12.2));
#2347=CARTESIAN_POINT('',(-27.7,14.1,12.2));
#2348=CARTESIAN_POINT('',(-54.4,14.1,11.2));
#2349=CARTESIAN_POINT('',(-54.4,14.1,12.2));
#2350=CARTESIAN_POINT('',(-55.4,14.1,11.2));
#2351=CARTESIAN_POINT('Origin',(-54.4,-2.70000000000001,12.2));
#2352=CARTESIAN_POINT('',(-55.4,-2.70000000000001,11.2));
#2353=CARTESIAN_POINT('',(-54.4,-3.70000000000001,11.2));
#2354=CARTESIAN_POINT('Origin',(-54.4,-2.70000000000001,11.2));
#2355=CARTESIAN_POINT('',(-55.4,-2.70000000000001,12.2));
#2356=CARTESIAN_POINT('',(-55.4,-2.70000000000001,12.2));
#2357=CARTESIAN_POINT('',(-54.4,-3.70000000000001,12.2));
#2358=CARTESIAN_POINT('Origin',(-54.4,-2.70000000000001,12.2));
#2359=CARTESIAN_POINT('',(-54.4,-3.70000000000001,12.2));
#2360=CARTESIAN_POINT('Origin',(-37.6,-3.70000000000001,12.2));
#2361=CARTESIAN_POINT('',(-37.6,-3.70000000000001,11.2));
#2362=CARTESIAN_POINT('',(-18.8,-3.70000000000001,12.2));
#2363=CARTESIAN_POINT('Origin',(-54.4,13.1,12.2));
#2364=CARTESIAN_POINT('',(-55.4,13.1,11.2));
#2365=CARTESIAN_POINT('Origin',(-54.4,13.1,11.2));
#2366=CARTESIAN_POINT('',(-55.4,13.1,12.2));
#2367=CARTESIAN_POINT('Origin',(-54.4,13.1,12.2));
#2368=CARTESIAN_POINT('',(-55.4,13.1,12.2));
#2369=CARTESIAN_POINT('Origin',(-55.4,-3.70000000000001,12.2));
#2370=CARTESIAN_POINT('',(-55.4,-3.70000000000001,11.2));
#2371=CARTESIAN_POINT('',(-55.4,-13.3,12.2));
#2372=CARTESIAN_POINT('Origin',(-46.5,5.2,11.2));
#2373=CARTESIAN_POINT('Origin',(-55.4142135623731,24.4,5.60000000000001));
#2374=CARTESIAN_POINT('',(-55.4142135623731,22.9,3.60000000000001));
#2375=CARTESIAN_POINT('',(-54.,23.9,3.60000000000001));
#2376=CARTESIAN_POINT('Origin',(-55.4142135623731,24.4,3.60000000000001));
#2377=CARTESIAN_POINT('',(-54.,23.9,-5.));
#2378=CARTESIAN_POINT('',(-54.,23.9,5.60000000000001));
#2379=CARTESIAN_POINT('',(-55.4142135623731,22.9,-5.));
#2380=CARTESIAN_POINT('Origin',(-55.4142135623731,24.4,-4.99999999999997));
#2381=CARTESIAN_POINT('',(-55.4142135623731,22.9,5.60000000000001));
#2382=CARTESIAN_POINT('Origin',(-52.,24.4,3.60000000000001));
#2383=CARTESIAN_POINT('',(-52.,22.9,7.0142135623731));
#2384=CARTESIAN_POINT('',(-52.,23.9,5.60000000000001));
#2385=CARTESIAN_POINT('Origin',(-52.,24.4,7.0142135623731));
#2386=CARTESIAN_POINT('Origin',(-52.,23.9,3.60000000000001));
#2387=CARTESIAN_POINT('Origin',(-52.,22.9,3.60000000000001));
#2388=CARTESIAN_POINT('Origin',(-52.,24.4,-5.));
#2389=CARTESIAN_POINT('',(-53.3068893313456,23.9,-6.51394857099409));
#2390=CARTESIAN_POINT('',(-54.2309996398004,22.9,-7.58447187191169));
#2391=CARTESIAN_POINT('Origin',(-54.2309996398004,24.4,-7.58447187191169));
#2392=CARTESIAN_POINT('Origin',(-52.,22.9,-5.));
#2393=CARTESIAN_POINT('Origin',(-52.,23.9,-5.));
#2394=CARTESIAN_POINT('Origin',(-41.4,24.4,7.0142135623731));
#2395=CARTESIAN_POINT('',(-43.4,22.9,7.0142135623731));
#2396=CARTESIAN_POINT('',(-43.4,23.9,5.60000000000001));
#2397=CARTESIAN_POINT('Origin',(-43.4,24.4,7.0142135623731));
#2398=CARTESIAN_POINT('',(-41.4,23.9,5.6));
#2399=CARTESIAN_POINT('',(-41.4,22.9,7.0142135623731));
#2400=CARTESIAN_POINT('Ctrl Pts',(-52.,23.9,-7.));
#2401=CARTESIAN_POINT('Ctrl Pts',(-52.4733464856817,23.9,-7.));
#2402=CARTESIAN_POINT('Ctrl Pts',(-52.9488557972722,23.9,-6.82301468784192));
#2403=CARTESIAN_POINT('Ctrl Pts',(-53.3068893313456,23.9,-6.51394857099409));
#2404=CARTESIAN_POINT('Ctrl Pts',(-52.,23.6280026018933,-7.08437647069011));
#2405=CARTESIAN_POINT('Ctrl Pts',(-52.5028193681152,23.6280026018933,-7.08437647069011));
#2406=CARTESIAN_POINT('Ctrl Pts',(-53.0076116906433,23.6244709319054,-6.90131620499482));
#2407=CARTESIAN_POINT('Ctrl Pts',(-53.3739196534224,23.6098600828776,-6.59159895644554));
#2408=CARTESIAN_POINT('Ctrl Pts',(-52.,23.134062278977,-7.41228672794257));
#2409=CARTESIAN_POINT('Ctrl Pts',(-52.6000193850433,23.134062278977,-7.41228672794258));
#2410=CARTESIAN_POINT('Ctrl Pts',(-53.1989886161577,23.1321075694007,-7.21160400057253));
#2411=CARTESIAN_POINT('Ctrl Pts',(-53.6283629219302,23.0957472233421,-6.8863553780623));
#2412=CARTESIAN_POINT('Ctrl Pts',(-52.,22.8944099602966,-7.95456797007171));
#2413=CARTESIAN_POINT('Ctrl Pts',(-52.7415075598838,22.8944099602966,-7.95456797007171));
#2414=CARTESIAN_POINT('Ctrl Pts',(-53.4795340192076,22.9191584054101,-7.72513233524464));
#2415=CARTESIAN_POINT('Ctrl Pts',(-54.0299086735702,22.9,-7.35152071555735));
#2416=CARTESIAN_POINT('Ctrl Pts',(-52.,22.8572487585058,-8.23691707749794));
#2417=CARTESIAN_POINT('Ctrl Pts',(-52.8124165583129,22.8572487585058,-8.23691707749794));
#2418=CARTESIAN_POINT('Ctrl Pts',(-53.6197981658906,22.9,-7.99032484414764));
#2419=CARTESIAN_POINT('Ctrl Pts',(-54.2309996398004,22.9,-7.58447187191169));
#2420=CARTESIAN_POINT('',(-52.,23.9,-7.));
#2421=CARTESIAN_POINT('',(-52.,22.8572487585058,-8.23691707749794));
#2422=CARTESIAN_POINT('Origin',(-52.,24.3444233860576,-8.43265063917381));
#2423=CARTESIAN_POINT('Ctrl Pts',(-52.,22.8572487585058,-8.23691707749794));
#2424=CARTESIAN_POINT('Ctrl Pts',(-52.8124165583129,22.8572487585058,-8.23691707749794));
#2425=CARTESIAN_POINT('Ctrl Pts',(-53.6197981658906,22.9,-7.99032484414764));
#2426=CARTESIAN_POINT('Ctrl Pts',(-54.2309996398004,22.9,-7.58447187191169));
#2427=CARTESIAN_POINT('Origin',(-52.,23.9,-5.));
#2428=CARTESIAN_POINT('Origin',(-43.4,24.4,3.60000000000001));
#2429=CARTESIAN_POINT('',(-39.9857864376269,22.9,3.6));
#2430=CARTESIAN_POINT('',(-41.4,23.9,3.6));
#2431=CARTESIAN_POINT('Origin',(-39.9857864376269,24.4,3.6));
#2432=CARTESIAN_POINT('Origin',(-43.4,23.9,3.60000000000001));
#2433=CARTESIAN_POINT('Origin',(-43.4,22.9,3.60000000000001));
#2434=CARTESIAN_POINT('Origin',(-54.,24.3444233860576,-8.43265063917381));
#2435=CARTESIAN_POINT('',(-43.4,23.9,-7.));
#2436=CARTESIAN_POINT('',(-43.4,22.8572487585058,-8.23691707749794));
#2437=CARTESIAN_POINT('Origin',(-43.4,24.3444233860576,-8.43265063917381));
#2438=CARTESIAN_POINT('',(-54.,22.8572487585058,-8.23691707749794));
#2439=CARTESIAN_POINT('',(-54.,23.9,-7.));
#2440=CARTESIAN_POINT('Origin',(-39.9857864376269,24.4,-7.));
#2441=CARTESIAN_POINT('',(-39.9857864376269,22.9,-5.));
#2442=CARTESIAN_POINT('',(-41.4,23.9,-5.));
#2443=CARTESIAN_POINT('Origin',(-39.9857864376269,24.4,-5.));
#2444=CARTESIAN_POINT('',(-41.4,23.9,-7.));
#2445=CARTESIAN_POINT('',(-39.9857864376269,22.9,-7.));
#2446=CARTESIAN_POINT('Ctrl Pts',(-42.0931106684896,23.9,-6.51394857085182));
#2447=CARTESIAN_POINT('Ctrl Pts',(-42.452698207977,23.9,-6.82435615546066));
#2448=CARTESIAN_POINT('Ctrl Pts',(-42.9292222847997,23.9,-7.));
#2449=CARTESIAN_POINT('Ctrl Pts',(-43.4,23.9,-7.));
#2450=CARTESIAN_POINT('Ctrl Pts',(-42.0260803464089,23.609860082871,-6.59159895630296));
#2451=CARTESIAN_POINT('Ctrl Pts',(-42.39397822885,23.6245343486964,-6.90266049877718));
#2452=CARTESIAN_POINT('Ctrl Pts',(-42.8999093466622,23.6280026018933,-7.08437647069011));
#2453=CARTESIAN_POINT('Ctrl Pts',(-43.4,23.6280026018933,-7.08437647069011));
#2454=CARTESIAN_POINT('Ctrl Pts',(-41.7716435661456,23.0957331811198,-6.88634786165854));
#2455=CARTESIAN_POINT('Ctrl Pts',(-42.2028815241446,23.1322513453003,-7.21300819032464));
#2456=CARTESIAN_POINT('Ctrl Pts',(-42.8032368176141,23.1340525465854,-7.41227852329926));
#2457=CARTESIAN_POINT('Ctrl Pts',(-43.4,23.1340525465854,-7.41227852329926));
#2458=CARTESIAN_POINT('Ctrl Pts',(-41.3700913261765,22.8999999999913,-7.35152071538533));
#2459=CARTESIAN_POINT('Ctrl Pts',(-41.9228548215584,22.9192415603825,-7.72675395554136));
#2460=CARTESIAN_POINT('Ctrl Pts',(-42.6625164749176,22.8944099602966,-7.95456797007171));
#2461=CARTESIAN_POINT('Ctrl Pts',(-43.4,22.8944099602966,-7.95456797007171));
#2462=CARTESIAN_POINT('Ctrl Pts',(-41.1690003599182,22.9,-7.58447187172488));
#2463=CARTESIAN_POINT('Ctrl Pts',(-41.7828546870119,22.9000000000152,-7.99208640450349));
#2464=CARTESIAN_POINT('Ctrl Pts',(-42.5919922875044,22.8572487585058,-8.23691707749794));
#2465=CARTESIAN_POINT('Ctrl Pts',(-43.4,22.8572487585058,-8.23691707749794));
#2466=CARTESIAN_POINT('',(-42.0931106684896,23.9,-6.51394857085183));
#2467=CARTESIAN_POINT('',(-41.1690003598674,22.9,-7.58447187180142));
#2468=CARTESIAN_POINT('Origin',(-41.1690003599182,24.4,-7.58447187166884));
#2469=CARTESIAN_POINT('Ctrl Pts',(-41.1690003599182,22.9,-7.58447187172488));
#2470=CARTESIAN_POINT('Ctrl Pts',(-41.7828546870119,22.9000000000152,-7.99208640450349));
#2471=CARTESIAN_POINT('Ctrl Pts',(-42.5919922875044,22.8572487585058,-8.23691707749794));
#2472=CARTESIAN_POINT('Ctrl Pts',(-43.4,22.8572487585058,-8.23691707749794));
#2473=CARTESIAN_POINT('Origin',(-43.4,23.9,-5.));
#2474=CARTESIAN_POINT('Origin',(-43.4,24.4,-5.));
#2475=CARTESIAN_POINT('Origin',(-43.4,23.9,-5.));
#2476=CARTESIAN_POINT('Origin',(-43.4,22.9,-5.));
#2477=CARTESIAN_POINT('Origin',(0.,22.9,12.2));
#2478=CARTESIAN_POINT('',(-59.4,22.9,-7.5844718719117));
#2479=CARTESIAN_POINT('',(0.,22.9,-7.58447187191169));
#2480=CARTESIAN_POINT('',(-59.4,22.9,9.2));
#2481=CARTESIAN_POINT('',(-59.4,22.9,6.1));
#2482=CARTESIAN_POINT('',(-34.9,22.9,9.2));
#2483=CARTESIAN_POINT('',(0.,22.9,9.2));
#2484=CARTESIAN_POINT('',(-28.9,22.9,15.2));
#2485=CARTESIAN_POINT('Origin',(-34.9,22.9,15.2));
#2486=CARTESIAN_POINT('',(-28.9,22.9,19.5));
#2487=CARTESIAN_POINT('',(-28.9,22.9,12.2));
#2488=CARTESIAN_POINT('',(-3.,22.9,19.5));
#2489=CARTESIAN_POINT('',(-7.975,22.9,19.5));
#2490=CARTESIAN_POINT('',(-3.,22.9,-7.58447187191169));
#2491=CARTESIAN_POINT('',(-3.,22.9,6.1));
#2492=CARTESIAN_POINT('',(0.,22.9,-7.58447187191169));
#2493=CARTESIAN_POINT('Origin',(-47.7,23.9,-0.699999999999995));
#2494=CARTESIAN_POINT('Origin',(-28.9,19.9,20.2745966692415));
#2495=CARTESIAN_POINT('',(-31.15,19.9,20.4682458365519));
#2496=CARTESIAN_POINT('',(-30.9,19.9,20.2745966692415));
#2497=CARTESIAN_POINT('Origin',(-31.1,19.9,20.2745966692415));
#2498=CARTESIAN_POINT('',(-28.9,21.9,20.2745966692415));
#2499=CARTESIAN_POINT('Origin',(-28.9,19.9,20.2745966692415));
#2500=CARTESIAN_POINT('',(-28.9,22.15,20.4682458365519));
#2501=CARTESIAN_POINT('Origin',(-28.9,22.1,20.2745966692415));
#2502=CARTESIAN_POINT('Origin',(-28.9,19.9,20.4682458365519));
#2503=CARTESIAN_POINT('Origin',(-7.975,22.1,20.2745966692415));
#2504=CARTESIAN_POINT('',(-3.,21.9,20.2745966692415));
#2505=CARTESIAN_POINT('',(-7.975,21.9,20.2745966692415));
#2506=CARTESIAN_POINT('',(-3.,22.15,20.4682458365519));
#2507=CARTESIAN_POINT('Origin',(-3.,22.1,20.2745966692415));
#2508=CARTESIAN_POINT('',(-7.975,22.15,20.4682458365519));
#2509=CARTESIAN_POINT('Origin',(-3.,19.9,20.2745966692415));
#2510=CARTESIAN_POINT('',(-1.,19.9,20.2745966692415));
#2511=CARTESIAN_POINT('Origin',(-3.,19.9,20.2745966692415));
#2512=CARTESIAN_POINT('',(-0.750000000000002,19.9,20.4682458365519));
#2513=CARTESIAN_POINT('Origin',(-0.800000000000002,19.9,20.2745966692415));
#2514=CARTESIAN_POINT('Origin',(-3.,19.9,20.4682458365519));
#2515=CARTESIAN_POINT('Origin',(-0.8,4.275,20.2745966692415));
#2516=CARTESIAN_POINT('',(-1.,-2.8,20.2745966692415));
#2517=CARTESIAN_POINT('',(-1.,4.275,20.2745966692415));
#2518=CARTESIAN_POINT('',(-0.75,-2.8,20.4682458365519));
#2519=CARTESIAN_POINT('Origin',(-0.8,-2.8,20.2745966692415));
#2520=CARTESIAN_POINT('',(-0.75,4.275,20.4682458365519));
#2521=CARTESIAN_POINT('Origin',(-3.,-2.8,20.2745966692415));
#2522=CARTESIAN_POINT('',(-3.,-4.8,20.2745966692415));
#2523=CARTESIAN_POINT('Origin',(-3.,-2.8,20.2745966692415));
#2524=CARTESIAN_POINT('',(-3.,-5.05,20.4682458365519));
#2525=CARTESIAN_POINT('Origin',(-3.,-5.,20.2745966692415));
#2526=CARTESIAN_POINT('Origin',(-3.,-2.8,20.4682458365519));
#2527=CARTESIAN_POINT('Origin',(-23.925,-5.,20.2745966692415));
#2528=CARTESIAN_POINT('',(-28.9,-4.8,20.2745966692415));
#2529=CARTESIAN_POINT('',(-23.925,-4.8,20.2745966692415));
#2530=CARTESIAN_POINT('',(-28.9,-5.05,20.4682458365519));
#2531=CARTESIAN_POINT('Origin',(-28.9,-5.,20.2745966692415));
#2532=CARTESIAN_POINT('',(-23.925,-5.05,20.4682458365519));
#2533=CARTESIAN_POINT('Origin',(-28.9,-2.8,20.2745966692415));
#2534=CARTESIAN_POINT('',(-30.9,-2.8,20.2745966692415));
#2535=CARTESIAN_POINT('Origin',(-28.9,-2.8,20.2745966692415));
#2536=CARTESIAN_POINT('',(-31.15,-2.8,20.4682458365519));
#2537=CARTESIAN_POINT('Origin',(-31.1,-2.8,20.2745966692415));
#2538=CARTESIAN_POINT('Origin',(-28.9,-2.8,20.4682458365519));
#2539=CARTESIAN_POINT('Origin',(-31.1,15.725,20.2745966692415));
#2540=CARTESIAN_POINT('',(-30.9,15.725,20.2745966692415));
#2541=CARTESIAN_POINT('',(-31.15,15.725,20.4682458365519));
#2542=CARTESIAN_POINT('Origin',(-1.,19.9,20.5));
#2543=CARTESIAN_POINT('',(-1.,19.9,20.2));
#2544=CARTESIAN_POINT('',(-1.,19.9,20.5));
#2545=CARTESIAN_POINT('',(-1.,-2.8,20.2));
#2546=CARTESIAN_POINT('',(-1.,-2.8,20.2));
#2547=CARTESIAN_POINT('',(-1.,-2.8,20.5));
#2548=CARTESIAN_POINT('Origin',(-3.,19.9,20.5));
#2549=CARTESIAN_POINT('',(-3.,21.9,20.2));
#2550=CARTESIAN_POINT('',(-3.,21.9,20.5));
#2551=CARTESIAN_POINT('Origin',(-3.,19.9,20.2));
#2552=CARTESIAN_POINT('Origin',(-28.9,21.9,20.5));
#2553=CARTESIAN_POINT('',(-28.9,21.9,20.2));
#2554=CARTESIAN_POINT('',(-28.9,21.9,20.5));
#2555=CARTESIAN_POINT('',(-3.,21.9,20.2));
#2556=CARTESIAN_POINT('Origin',(-28.9,19.9,20.5));
#2557=CARTESIAN_POINT('',(-30.9,19.9,20.2));
#2558=CARTESIAN_POINT('',(-30.9,19.9,20.5));
#2559=CARTESIAN_POINT('Origin',(-28.9,19.9,20.2));
#2560=CARTESIAN_POINT('Origin',(-23.925,-4.8,19.5));
#2561=CARTESIAN_POINT('',(-28.9,-5.8,19.5));
#2562=CARTESIAN_POINT('Origin',(-28.9,-4.8,19.5));
#2563=CARTESIAN_POINT('',(-3.,-5.8,19.5));
#2564=CARTESIAN_POINT('',(-23.925,-5.8,19.5));
#2565=CARTESIAN_POINT('Origin',(-3.,-4.8,19.5));
#2566=CARTESIAN_POINT('Origin',(-28.9,-2.8,19.5));
#2567=CARTESIAN_POINT('',(-31.9,-2.8,19.5));
#2568=CARTESIAN_POINT('Origin',(-30.9,-2.8,19.5));
#2569=CARTESIAN_POINT('Origin',(-28.9,-2.8,19.5));
#2570=CARTESIAN_POINT('Origin',(-30.9,15.725,19.5));
#2571=CARTESIAN_POINT('',(-31.9,19.9,19.5));
#2572=CARTESIAN_POINT('Origin',(-30.9,19.9,19.5));
#2573=CARTESIAN_POINT('',(-31.9,15.725,19.5));
#2574=CARTESIAN_POINT('Origin',(-28.9,19.9,19.5));
#2575=CARTESIAN_POINT('Origin',(-28.9,21.9,19.5));
#2576=CARTESIAN_POINT('Origin',(-28.9,19.9,19.5));
#2577=CARTESIAN_POINT('Origin',(-30.9,-2.8,20.5));
#2578=CARTESIAN_POINT('',(-30.9,-2.8,20.2));
#2579=CARTESIAN_POINT('',(-30.9,-2.8,20.5));
#2580=CARTESIAN_POINT('',(-30.9,19.9,20.2));
#2581=CARTESIAN_POINT('Origin',(-28.9,-2.8,20.5));
#2582=CARTESIAN_POINT('',(-28.9,-4.8,20.2));
#2583=CARTESIAN_POINT('',(-28.9,-4.8,20.5));
#2584=CARTESIAN_POINT('Origin',(-28.9,-2.8,20.2));
#2585=CARTESIAN_POINT('Origin',(-3.,-4.8,20.5));
#2586=CARTESIAN_POINT('',(-3.,-4.8,20.2));
#2587=CARTESIAN_POINT('',(-3.,-4.8,20.5));
#2588=CARTESIAN_POINT('',(-28.9,-4.8,20.2));
#2589=CARTESIAN_POINT('Origin',(-3.,-2.8,20.5));
#2590=CARTESIAN_POINT('Origin',(-3.,-2.8,20.2));
#2591=CARTESIAN_POINT('Origin',(-15.95,8.55,20.2));
#2592=CARTESIAN_POINT('Origin',(-5.,5.72499999999999,-7.5844718719117));
#2593=CARTESIAN_POINT('',(-0.14928749927334,19.9,-8.79714999709336));
#2594=CARTESIAN_POINT('',(0.,19.9,-7.58447187191169));
#2595=CARTESIAN_POINT('Origin',(-5.,19.9,-7.58447187191169));
#2596=CARTESIAN_POINT('',(0.,-19.9,-7.5844718719117));
#2597=CARTESIAN_POINT('',(0.,5.72499999999999,-7.5844718719117));
#2598=CARTESIAN_POINT('',(-0.149287499273348,-19.9,-8.79714999709336));
#2599=CARTESIAN_POINT('Origin',(-5.,-19.9,-7.5844718719117));
#2600=CARTESIAN_POINT('',(-0.149287499273341,5.72499999999999,-8.79714999709336));
#2601=CARTESIAN_POINT('Ctrl Pts',(0.,-19.9,-7.58447187191167));
#2602=CARTESIAN_POINT('Ctrl Pts',(-5.55111512312578E-16,-22.9,-7.58447187191167));
#2603=CARTESIAN_POINT('Ctrl Pts',(-3.,-22.9,-7.58447187191167));
#2604=CARTESIAN_POINT('Ctrl Pts',(0.,-19.9,-8.19999999999998));
#2605=CARTESIAN_POINT('Ctrl Pts',(-5.55111512312578E-16,-22.9,-8.19999999999998));
#2606=CARTESIAN_POINT('Ctrl Pts',(-3.,-22.9,-8.19999999999998));
#2607=CARTESIAN_POINT('Ctrl Pts',(-0.149287499273348,-19.9,-8.79714999709336));
#2608=CARTESIAN_POINT('Ctrl Pts',(-0.149287499273349,-22.7507125007267,
-8.79714999709336));
#2609=CARTESIAN_POINT('Ctrl Pts',(-3.,-22.7507125007267,-8.79714999709336));
#2610=CARTESIAN_POINT('',(-3.,-22.9,-7.58447187191167));
#2611=CARTESIAN_POINT('Origin',(-3.,-19.9,-7.58447187191167));
#2612=CARTESIAN_POINT('',(-3.,-22.7507125007267,-8.79714999709332));
#2613=CARTESIAN_POINT('Origin',(-3.,-17.9,-7.58447187191166));
#2614=CARTESIAN_POINT('Origin',(-3.,-19.9,-8.79714999709332));
#2615=CARTESIAN_POINT('Origin',(0.,-17.9,-7.58447187191171));
#2616=CARTESIAN_POINT('',(-59.4,-22.9,-7.5844718719117));
#2617=CARTESIAN_POINT('',(0.,-22.9,-7.5844718719117));
#2618=CARTESIAN_POINT('',(-59.4,-22.7507125007267,-8.79714999709337));
#2619=CARTESIAN_POINT('Origin',(-59.4,-17.9,-7.58447187191171));
#2620=CARTESIAN_POINT('',(0.,-22.7507125007267,-8.79714999709337));
#2621=CARTESIAN_POINT('Ctrl Pts',(-59.4,-22.9,-7.58447187191166));
#2622=CARTESIAN_POINT('Ctrl Pts',(-62.4,-22.9,-7.58447187191166));
#2623=CARTESIAN_POINT('Ctrl Pts',(-62.4,-19.9,-7.58447187191166));
#2624=CARTESIAN_POINT('Ctrl Pts',(-59.4,-22.9,-8.2));
#2625=CARTESIAN_POINT('Ctrl Pts',(-62.4,-22.9,-8.2));
#2626=CARTESIAN_POINT('Ctrl Pts',(-62.4,-19.9,-8.2));
#2627=CARTESIAN_POINT('Ctrl Pts',(-59.4,-22.7507125007267,-8.79714999709337));
#2628=CARTESIAN_POINT('Ctrl Pts',(-62.2507125007267,-22.7507125007267,-8.79714999709337));
#2629=CARTESIAN_POINT('Ctrl Pts',(-62.2507125007267,-19.9,-8.79714999709337));
#2630=CARTESIAN_POINT('',(-62.4,-19.9,-7.58447187191166));
#2631=CARTESIAN_POINT('Origin',(-59.4,-19.9,-7.58447187191166));
#2632=CARTESIAN_POINT('',(-62.2507125007267,-19.9,-8.79714999709332));
#2633=CARTESIAN_POINT('Origin',(-57.4,-19.9,-7.58447187191166));
#2634=CARTESIAN_POINT('Origin',(-59.4,-19.9,-8.79714999709332));
#2635=CARTESIAN_POINT('Origin',(-57.4,5.72499999999999,-7.58447187191169));
#2636=CARTESIAN_POINT('',(-62.4,19.9,-7.58447187191169));
#2637=CARTESIAN_POINT('',(-62.4,5.72499999999999,-7.58447187191169));
#2638=CARTESIAN_POINT('',(-62.2507125007267,19.9,-8.79714999709335));
#2639=CARTESIAN_POINT('Origin',(-57.4,19.9,-7.58447187191169));
#2640=CARTESIAN_POINT('',(-62.2507125007267,5.72499999999999,-8.79714999709336));
#2641=CARTESIAN_POINT('Ctrl Pts',(-62.4,19.9,-7.58447187191169));
#2642=CARTESIAN_POINT('Ctrl Pts',(-62.4,22.9,-7.58447187191169));
#2643=CARTESIAN_POINT('Ctrl Pts',(-59.4,22.9,-7.58447187191169));
#2644=CARTESIAN_POINT('Ctrl Pts',(-62.4,19.9,-8.2));
#2645=CARTESIAN_POINT('Ctrl Pts',(-62.4,22.9,-8.2));
#2646=CARTESIAN_POINT('Ctrl Pts',(-59.4,22.9,-8.2));
#2647=CARTESIAN_POINT('Ctrl Pts',(-62.2507125007267,19.9,-8.79714999709336));
#2648=CARTESIAN_POINT('Ctrl Pts',(-62.2507125007267,22.7507125007267,-8.79714999709336));
#2649=CARTESIAN_POINT('Ctrl Pts',(-59.4,22.7507125007267,-8.79714999709336));
#2650=CARTESIAN_POINT('Origin',(-59.4,19.9,-7.5844718719117));
#2651=CARTESIAN_POINT('',(-59.4,22.7507125007267,-8.79714999709336));
#2652=CARTESIAN_POINT('Origin',(-59.4,17.9,-7.5844718719117));
#2653=CARTESIAN_POINT('Origin',(-59.4,19.9,-8.79714999709336));
#2654=CARTESIAN_POINT('Origin',(0.,17.9,-7.58447187191169));
#2655=CARTESIAN_POINT('',(-3.,22.7507125007267,-8.79714999709336));
#2656=CARTESIAN_POINT('Origin',(-3.,17.9,-7.58447187191169));
#2657=CARTESIAN_POINT('',(0.,22.7507125007267,-8.79714999709336));
#2658=CARTESIAN_POINT('Ctrl Pts',(-3.,22.9,-7.58447187191169));
#2659=CARTESIAN_POINT('Ctrl Pts',(-5.55111512312578E-16,22.9,-7.58447187191169));
#2660=CARTESIAN_POINT('Ctrl Pts',(0.,19.9,-7.58447187191169));
#2661=CARTESIAN_POINT('Ctrl Pts',(-3.,22.9,-8.2));
#2662=CARTESIAN_POINT('Ctrl Pts',(5.55111512312578E-16,22.9,-8.2));
#2663=CARTESIAN_POINT('Ctrl Pts',(1.11022302462516E-15,19.9,-8.2));
#2664=CARTESIAN_POINT('Ctrl Pts',(-3.,22.7507125007267,-8.79714999709336));
#2665=CARTESIAN_POINT('Ctrl Pts',(-0.149287499273341,22.7507125007267,-8.79714999709336));
#2666=CARTESIAN_POINT('Ctrl Pts',(-0.149287499273341,19.9,-8.79714999709336));
#2667=CARTESIAN_POINT('Origin',(-3.,19.9,-7.5844718719117));
#2668=CARTESIAN_POINT('Origin',(-3.,19.9,-8.79714999709336));
#2669=CARTESIAN_POINT('Origin',(-59.4,19.9,-10.2));
#2670=CARTESIAN_POINT('',(-59.4,21.9,-12.2));
#2671=CARTESIAN_POINT('',(-59.4,21.9,-12.2));
#2672=CARTESIAN_POINT('',(-61.4,19.9,-12.2));
#2673=CARTESIAN_POINT('Origin',(-59.4,19.9,-12.2));
#2674=CARTESIAN_POINT('',(-61.4,19.9,-12.2));
#2675=CARTESIAN_POINT('Origin',(0.,22.4,-10.2));
#2676=CARTESIAN_POINT('',(-3.,21.9,-12.2));
#2677=CARTESIAN_POINT('',(-3.,22.9,-8.2));
#2678=CARTESIAN_POINT('',(0.,21.9,-12.2));
#2679=CARTESIAN_POINT('Origin',(-3.,19.9,-10.2));
#2680=CARTESIAN_POINT('',(-1.,19.9,-12.2));
#2681=CARTESIAN_POINT('',(-1.,19.9,-12.2));
#2682=CARTESIAN_POINT('Origin',(-3.,19.9,-12.2));
#2683=CARTESIAN_POINT('Origin',(-0.5,11.45,-10.2));
#2684=CARTESIAN_POINT('',(-0.999999999999998,-19.9,-12.2));
#2685=CARTESIAN_POINT('',(-0.999999999999998,-19.9,-12.2));
#2686=CARTESIAN_POINT('',(-1.,11.45,-12.2));
#2687=CARTESIAN_POINT('Origin',(-59.4,-19.9,-6.1));
#2688=CARTESIAN_POINT('',(-59.4,-22.9,9.2));
#2689=CARTESIAN_POINT('',(-59.4,-22.9,-6.1));
#2690=CARTESIAN_POINT('',(-62.4,-19.9,9.2));
#2691=CARTESIAN_POINT('Origin',(-59.4,-19.9,9.2));
#2692=CARTESIAN_POINT('',(-62.4,-19.9,-6.1));
#2693=CARTESIAN_POINT('Origin',(0.,-22.9,-12.2));
#2694=CARTESIAN_POINT('',(-3.,-22.9,9.2));
#2695=CARTESIAN_POINT('',(-3.,-22.9,-6.1));
#2696=CARTESIAN_POINT('',(0.,-22.9,9.2));
#2697=CARTESIAN_POINT('Origin',(-3.,-19.9,-6.1));
#2698=CARTESIAN_POINT('',(0.,-19.9,9.2));
#2699=CARTESIAN_POINT('',(0.,-19.9,-6.1));
#2700=CARTESIAN_POINT('Origin',(-3.,-19.9,9.2));
#2701=CARTESIAN_POINT('Origin',(0.,-7.59126854444551E-15,-1.33479805239834E-15));
#2702=CARTESIAN_POINT('',(0.,19.9,19.5));
#2703=CARTESIAN_POINT('',(0.,19.9,6.1));
#2704=CARTESIAN_POINT('',(0.,-2.8,19.5));
#2705=CARTESIAN_POINT('',(0.,4.275,19.5));
#2706=CARTESIAN_POINT('',(0.,-2.8,15.2));
#2707=CARTESIAN_POINT('',(0.,-2.8,6.1));
#2708=CARTESIAN_POINT('',(0.,-8.8,9.2));
#2709=CARTESIAN_POINT('Origin',(0.,-8.8,15.2));
#2710=CARTESIAN_POINT('',(0.,-11.45,9.2));
#2711=CARTESIAN_POINT('Origin',(-61.9,11.45,-10.2));
#2712=CARTESIAN_POINT('',(-61.4,-19.9,-12.2));
#2713=CARTESIAN_POINT('',(-61.4,11.45,-12.2));
#2714=CARTESIAN_POINT('',(-61.4,-19.9,-12.2));
#2715=CARTESIAN_POINT('Origin',(-59.4,-19.9,-10.2));
#2716=CARTESIAN_POINT('',(-59.4,-21.9,-12.2));
#2717=CARTESIAN_POINT('Origin',(-59.4,-19.9,-12.2));
#2718=CARTESIAN_POINT('',(-59.4,-21.9,-12.2));
#2719=CARTESIAN_POINT('Origin',(0.,-22.4,-10.2));
#2720=CARTESIAN_POINT('',(-3.,-21.9,-12.2));
#2721=CARTESIAN_POINT('',(0.,-21.9,-12.2));
#2722=CARTESIAN_POINT('',(-3.,-21.9,-12.2));
#2723=CARTESIAN_POINT('Origin',(-3.,-19.9,-10.2));
#2724=CARTESIAN_POINT('Origin',(-3.,-19.9,-12.2));
#2725=CARTESIAN_POINT('Origin',(-3.,19.9,6.1));
#2726=CARTESIAN_POINT('Origin',(-3.,19.9,19.5));
#2727=CARTESIAN_POINT('Origin',(0.,22.9,-12.2));
#2728=CARTESIAN_POINT('Origin',(-59.4,-19.9,9.2));
#2729=CARTESIAN_POINT('',(-59.4,-19.9,12.2));
#2730=CARTESIAN_POINT('Origin',(-59.4,-19.9,9.2));
#2731=CARTESIAN_POINT('Origin',(-59.4,-19.9,9.2));
#2732=CARTESIAN_POINT('Origin',(-3.,-19.9,9.2));
#2733=CARTESIAN_POINT('',(-3.,-19.9,12.2));
#2734=CARTESIAN_POINT('Origin',(-3.,-19.9,9.2));
#2735=CARTESIAN_POINT('Origin',(-3.,-19.9,9.2));
#2736=CARTESIAN_POINT('Origin',(-28.9,-2.8,15.2));
#2737=CARTESIAN_POINT('',(-31.9,-2.8,15.2));
#2738=CARTESIAN_POINT('',(-28.9,-5.8,15.2));
#2739=CARTESIAN_POINT('Origin',(-28.9,-2.8,15.2));
#2740=CARTESIAN_POINT('',(-34.9,-2.8,12.2));
#2741=CARTESIAN_POINT('Origin',(-34.9,-2.8,15.2));
#2742=CARTESIAN_POINT('',(-28.9,-8.8,12.2));
#2743=CARTESIAN_POINT('Origin',(-28.9,-2.8,12.2));
#2744=CARTESIAN_POINT('Origin',(-28.9,-8.8,15.2));
#2745=CARTESIAN_POINT('Origin',(-59.4,19.9,9.2));
#2746=CARTESIAN_POINT('',(-59.4,19.9,12.2));
#2747=CARTESIAN_POINT('',(-62.4,19.9,9.2));
#2748=CARTESIAN_POINT('Origin',(-59.4,19.9,9.2));
#2749=CARTESIAN_POINT('Origin',(-59.4,19.9,9.2));
#2750=CARTESIAN_POINT('Origin',(-59.4,19.9,9.2));
#2751=CARTESIAN_POINT('Origin',(-3.,-8.8,15.2));
#2752=CARTESIAN_POINT('',(-3.,-8.8,12.2));
#2753=CARTESIAN_POINT('',(-3.,-5.8,15.2));
#2754=CARTESIAN_POINT('Origin',(-3.,-8.8,15.2));
#2755=CARTESIAN_POINT('Origin',(-3.,-8.8,9.2));
#2756=CARTESIAN_POINT('Origin',(-3.,-2.8,15.2));
#2757=CARTESIAN_POINT('Origin',(-3.,-11.45,9.2));
#2758=CARTESIAN_POINT('',(-3.,-11.45,12.2));
#2759=CARTESIAN_POINT('Origin',(-28.9,-2.8,12.2));
#2760=CARTESIAN_POINT('',(-31.9,-2.8,12.2));
#2761=CARTESIAN_POINT('',(-28.9,-5.8,12.2));
#2762=CARTESIAN_POINT('Origin',(-34.9,19.9,15.2));
#2763=CARTESIAN_POINT('',(-34.9,19.9,12.2));
#2764=CARTESIAN_POINT('Origin',(-34.9,19.9,9.2));
#2765=CARTESIAN_POINT('',(-31.9,19.9,15.2));
#2766=CARTESIAN_POINT('Origin',(-34.9,19.9,15.2));
#2767=CARTESIAN_POINT('Origin',(-28.9,19.9,15.2));
#2768=CARTESIAN_POINT('Origin',(0.,19.9,9.2));
#2769=CARTESIAN_POINT('',(0.,19.9,12.2));
#2770=CARTESIAN_POINT('Origin',(-34.9,-9.84114067821045E-15,15.2));
#2771=CARTESIAN_POINT('',(-34.9,-9.84114067821045E-15,12.2));
#2772=CARTESIAN_POINT('',(-31.9,-8.91273118026606E-15,15.2));
#2773=CARTESIAN_POINT('Origin',(-3.,-2.8,19.5));
#2774=CARTESIAN_POINT('Origin',(-3.,-2.8,19.5));
#2775=CARTESIAN_POINT('Origin',(-1.,-2.8,19.5));
#2776=CARTESIAN_POINT('Origin',(-3.,-2.8,6.1));
#2777=CARTESIAN_POINT('',(-3.,-5.8,6.1));
#2778=CARTESIAN_POINT('Origin',(-28.9,19.9,12.2));
#2779=CARTESIAN_POINT('',(-31.9,19.9,12.2));
#2780=CARTESIAN_POINT('Origin',(-3.,19.9,19.5));
#2781=CARTESIAN_POINT('Origin',(-1.,19.9,19.5));
#2782=CARTESIAN_POINT('Origin',(-3.,21.9,19.5));
#2783=CARTESIAN_POINT('Origin',(-7.975,21.9,19.5));
#2784=CARTESIAN_POINT('Origin',(-1.,4.275,19.5));
#2785=CARTESIAN_POINT('Origin',(-15.95,-8.8,15.2));
#2786=CARTESIAN_POINT('',(-15.95,-8.8,12.2));
#2787=CARTESIAN_POINT('',(-15.95,-5.8,15.2));
#2788=CARTESIAN_POINT('Origin',(-59.4,19.9,6.1));
#2789=CARTESIAN_POINT('',(-62.4,19.9,6.1));
#2790=CARTESIAN_POINT('Origin',(-59.4,-11.45,9.2));
#2791=CARTESIAN_POINT('',(-62.4,-11.45,9.2));
#2792=CARTESIAN_POINT('',(-59.4,-11.45,12.2));
#2793=CARTESIAN_POINT('Origin',(0.,-19.9,9.2));
#2794=CARTESIAN_POINT('',(0.,-19.9,12.2));
#2795=CARTESIAN_POINT('Origin',(-31.9,22.9,12.2));
#2796=CARTESIAN_POINT('Origin',(0.,-22.9,12.2));
#2797=CARTESIAN_POINT('Origin',(-31.9,-5.8,12.2));
#2798=CARTESIAN_POINT('Origin',(-62.4,-8.88178419700125E-15,-2.22044604925031E-15));
#2799=UNCERTAINTY_MEASURE_WITH_UNIT(LENGTH_MEASURE(0.01),#2803,
'DISTANCE_ACCURACY_VALUE',
'Maximum model space distance between geometric entities at asserted c
onnectivities');
#2800=UNCERTAINTY_MEASURE_WITH_UNIT(LENGTH_MEASURE(0.01),#2803,
'DISTANCE_ACCURACY_VALUE',
'Maximum model space distance between geometric entities at asserted c
onnectivities');
#2801=(
GEOMETRIC_REPRESENTATION_CONTEXT(3)
GLOBAL_UNCERTAINTY_ASSIGNED_CONTEXT((#2799))
GLOBAL_UNIT_ASSIGNED_CONTEXT((#2803,#2805,#2806))
REPRESENTATION_CONTEXT('','3D')
);
#2802=(
GEOMETRIC_REPRESENTATION_CONTEXT(3)
GLOBAL_UNCERTAINTY_ASSIGNED_CONTEXT((#2800))
GLOBAL_UNIT_ASSIGNED_CONTEXT((#2803,#2805,#2806))
REPRESENTATION_CONTEXT('','3D')
);
#2803=(
LENGTH_UNIT()
NAMED_UNIT(*)
SI_UNIT(.MILLI.,.METRE.)
);
#2804=(
LENGTH_UNIT()
NAMED_UNIT(*)
SI_UNIT($,.METRE.)
);
#2805=(
NAMED_UNIT(*)
PLANE_ANGLE_UNIT()
SI_UNIT($,.RADIAN.)
);
#2806=(
NAMED_UNIT(*)
SI_UNIT($,.STERADIAN.)
SOLID_ANGLE_UNIT()
);
#2807=SHAPE_DEFINITION_REPRESENTATION(#2808,#2809);
#2808=PRODUCT_DEFINITION_SHAPE('',$,#2811);
#2809=SHAPE_REPRESENTATION('',(#1560),#2801);
#2810=PRODUCT_DEFINITION_CONTEXT('part definition',#2815,'design');
#2811=PRODUCT_DEFINITION('Gopro Hero 7','Gopro Hero 7 v1',#2812,#2810);
#2812=PRODUCT_DEFINITION_FORMATION('',$,#2817);
#2813=PRODUCT_RELATED_PRODUCT_CATEGORY('Gopro Hero 7 v1',
'Gopro Hero 7 v1',(#2817));
#2814=APPLICATION_PROTOCOL_DEFINITION('international standard',
'automotive_design',2009,#2815);
#2815=APPLICATION_CONTEXT(
'Core Data for Automotive Mechanical Design Process');
#2816=PRODUCT_CONTEXT('part definition',#2815,'mechanical');
#2817=PRODUCT('Gopro Hero 7','Gopro Hero 7 v1',$,(#2816));
#2818=PRESENTATION_STYLE_ASSIGNMENT((#2821));
#2819=PRESENTATION_STYLE_ASSIGNMENT((#2822));
#2820=PRESENTATION_STYLE_ASSIGNMENT((#2823));
#2821=SURFACE_STYLE_USAGE(.BOTH.,#2824);
#2822=SURFACE_STYLE_USAGE(.BOTH.,#2825);
#2823=SURFACE_STYLE_USAGE(.BOTH.,#2826);
#2824=SURFACE_SIDE_STYLE('',(#2827));
#2825=SURFACE_SIDE_STYLE('',(#2828));
#2826=SURFACE_SIDE_STYLE('',(#2829));
#2827=SURFACE_STYLE_FILL_AREA(#2830);
#2828=SURFACE_STYLE_FILL_AREA(#2831);
#2829=SURFACE_STYLE_FILL_AREA(#2832);
#2830=FILL_AREA_STYLE('Rubber - Black',(#2833));
#2831=FILL_AREA_STYLE('Glossy - Black',(#2834));
#2832=FILL_AREA_STYLE('Clear',(#2835));
#2833=FILL_AREA_STYLE_COLOUR('Rubber - Black',#2836);
#2834=FILL_AREA_STYLE_COLOUR('Glossy - Black',#2837);
#2835=FILL_AREA_STYLE_COLOUR('Clear',#2838);
#2836=COLOUR_RGB('Rubber - Black',0.250980392156863,0.250980392156863,0.250980392156863);
#2837=COLOUR_RGB('Glossy - Black',0.,0.,0.);
#2838=COLOUR_RGB('Clear',0.,0.,0.);
ENDSEC;
END-ISO-10303-21;
