ISO-10303-21;
HEADER;
FILE_DESCRIPTION (( 'STEP AP214' ),
    '1' );
FILE_NAME ('Herelink_Airunit_Antenna.STEP',
    '2020-11-13T09:24:55',
    ( 'User' ),
    ( 'User' ),
    'SwSTEP 2.0',
    'SolidWorks 2018',
    '' );
FILE_SCHEMA (( 'AUTOMOTIVE_DESIGN' ));
ENDSEC;

DATA;
#1 =( GEOMETRIC_REPRESENTATION_CONTEXT ( 3 ) GLOBAL_UNCERTAINTY_ASSIGNED_CONTEXT ( ( #10216 ) ) GLOBAL_UNIT_ASSIGNED_CONTEXT ( ( #1662, #8377, #11242 ) ) REPRESENTATION_CONTEXT ( 'NONE', 'WORKASPACE' ) );
#2 = LINE ( 'NONE', #5446, #9326 ) ;
#3 = PRESENTATION_LAYER_ASSIGNMENT (  '', '', ( #5009 ) ) ;
#4 = VECTOR ( 'NONE', #8029, 1000.000000000000114 ) ;
#5 = CARTESIAN_POINT ( 'NONE',  ( 44.36819777075264426, 3.433012701888070062, 270.4510849563059764 ) ) ;
#6 = DIRECTION ( 'NONE',  ( 0.0000000000000000000, 1.000000000000000000, 0.0000000000000000000 ) ) ;
#7 = ADVANCED_FACE ( 'NONE', ( #6460 ), #12059, .T. ) ;
#8 = DIRECTION ( 'NONE',  ( 2.310408848391428716E-16, 0.01745240643728355329, 0.9998476951563912696 ) ) ;
#9 = CARTESIAN_POINT ( 'NONE',  ( 40.14050265449050414, 3.500000000000000000, 0.3458658864955414525 ) ) ;
#10 = VECTOR ( 'NONE', #10322, 1000.000000000000114 ) ;
#11 = PRESENTATION_STYLE_ASSIGNMENT (( #7411 ) ) ;
#12 = FILL_AREA_STYLE ('',( #8601 ) ) ;
#13 =( NAMED_UNIT ( * ) SI_UNIT ( $, .STERADIAN. ) SOLID_ANGLE_UNIT ( ) );
#14 = SURFACE_STYLE_USAGE ( .BOTH. , #11652 ) ;
#15 = DIRECTION ( 'NONE',  ( -0.01744974916069415294, -0.9996954598818872384, -0.01744974916068200294 ) ) ;
#16 = DIRECTION ( 'NONE',  ( 0.0000000000000000000, -0.9998476951563912696, 0.01745240643728355329 ) ) ;
#17 = STYLED_ITEM ( 'NONE', ( #4498 ), #1253 ) ;
#18 = FACE_OUTER_BOUND ( 'NONE', #7431, .T. ) ;
#19 = SURFACE_STYLE_USAGE ( .BOTH. , #4848 ) ;
#20 = ORIENTED_EDGE ( 'NONE', *, *, #2066, .F. ) ;
#21 = CARTESIAN_POINT ( 'NONE',  ( 23.50000000000000000, -0.6999999999999999556, -5.299999999999929656 ) ) ;
#22 = DIRECTION ( 'NONE',  ( 1.000000000000000000, 0.0000000000000000000, 0.0000000000000000000 ) ) ;
#23 = SURFACE_STYLE_USAGE ( .BOTH. , #3923 ) ;
#24 = DIRECTION ( 'NONE',  ( 6.166869547171879167E-17, -1.000000000000000000, 0.0000000000000000000 ) ) ;
#25 = SURFACE_STYLE_FILL_AREA ( #4088 ) ;
#26 = EDGE_CURVE ( 'NONE', #1474, #4605, #8823, .T. ) ;
#27 = PLANE ( 'NONE',  #1297 ) ;
#28 = AXIS2_PLACEMENT_3D ( 'NONE', #842, #8594, #1793 ) ;
#29 = CARTESIAN_POINT ( 'NONE',  ( 23.50000000000000000, 1.200000000001455902, 5.500000000000000000 ) ) ;
#30 = PRESENTATION_LAYER_ASSIGNMENT (  '', '', ( #7140 ) ) ;
#31 = VECTOR ( 'NONE', #252, 1000.000000000000000 ) ;
#32 = ORIENTED_EDGE ( 'NONE', *, *, #11294, .T. ) ;
#33 = AXIS2_PLACEMENT_3D ( 'NONE', #9263, #6493, #3563 ) ;
#34 = SURFACE_STYLE_FILL_AREA ( #729 ) ;
#35 =( LENGTH_UNIT ( ) NAMED_UNIT ( * ) SI_UNIT ( .MILLI., .METRE. ) );
#36 = ORIENTED_EDGE ( 'NONE', *, *, #5399, .T. ) ;
#37 =( NAMED_UNIT ( * ) SI_UNIT ( $, .STERADIAN. ) SOLID_ANGLE_UNIT ( ) );
#38 = DIRECTION ( 'NONE',  ( -0.0000000000000000000, 1.000000000000000000, 0.0000000000000000000 ) ) ;
#39 = ORIENTED_EDGE ( 'NONE', *, *, #684, .T. ) ;
#40 = CARTESIAN_POINT ( 'NONE',  ( -26.50000000000000000, 1.199999999999999956, 4.100000000000000533 ) ) ;
#41 = PRESENTATION_STYLE_ASSIGNMENT (( #4405 ) ) ;
#42 = B_SPLINE_CURVE_WITH_KNOTS ( 'NONE', 3,
 ( #9557, #11452, #3779, #10465, #3817, #1925 ),
 .UNSPECIFIED., .F., .F.,
 ( 4, 2, 4 ),
 ( 4.646763389596430195E-08, 0.5000000232338169814, 1.000000000000000000 ),
 .UNSPECIFIED. ) ;
#43 = ORIENTED_EDGE ( 'NONE', *, *, #6697, .T. ) ;
#44 = CARTESIAN_POINT ( 'NONE',  ( -67.08039585117978731, -1.500000000000000000, -11.60036725769282029 ) ) ;
#45 = VECTOR ( 'NONE', #10881, 1000.000000000000000 ) ;
#46 =( GEOMETRIC_REPRESENTATION_CONTEXT ( 3 ) GLOBAL_UNCERTAINTY_ASSIGNED_CONTEXT ( ( #1298 ) ) GLOBAL_UNIT_ASSIGNED_CONTEXT ( ( #2369, #1455, #10090 ) ) REPRESENTATION_CONTEXT ( 'NONE', 'WORKASPACE' ) );
#47 = ORIENTED_EDGE ( 'NONE', *, *, #6787, .F. ) ;
#48 = MECHANICAL_DESIGN_GEOMETRIC_PRESENTATION_REPRESENTATION (  '', ( #7315 ), #8607 ) ;
#49 = CARTESIAN_POINT ( 'NONE',  ( 40.80352283366450195, 3.500000000000000000, -0.3364343990496574954 ) ) ;
#50 = COLOUR_RGB ( '',0.7529411764705882248, 0.7529411764705882248, 0.7529411764705882248 ) ;
#51 = MECHANICAL_DESIGN_GEOMETRIC_PRESENTATION_REPRESENTATION (  '', ( #926 ), #6368 ) ;
#52 = PRESENTATION_STYLE_ASSIGNMENT (( #4349 ) ) ;
#53 =( NAMED_UNIT ( * ) SI_UNIT ( $, .STERADIAN. ) SOLID_ANGLE_UNIT ( ) );
#54 =( LENGTH_UNIT ( ) NAMED_UNIT ( * ) SI_UNIT ( .MILLI., .METRE. ) );
#55 =( LENGTH_UNIT ( ) NAMED_UNIT ( * ) SI_UNIT ( .MILLI., .METRE. ) );
#56 = EDGE_CURVE ( 'NONE', #5884, #8245, #11032, .T. ) ;
#57 =( NAMED_UNIT ( * ) PLANE_ANGLE_UNIT ( ) SI_UNIT ( $, .RADIAN. ) );
#58 = VECTOR ( 'NONE', #9443, 1000.000000000000000 ) ;
#59 = VECTOR ( 'NONE', #924, 1000.000000000000000 ) ;
#60 = ORIENTED_EDGE ( 'NONE', *, *, #7209, .F. ) ;
#61 =( GEOMETRIC_REPRESENTATION_CONTEXT ( 3 ) GLOBAL_UNCERTAINTY_ASSIGNED_CONTEXT ( ( #7306 ) ) GLOBAL_UNIT_ASSIGNED_CONTEXT ( ( #2676, #6481, #12096 ) ) REPRESENTATION_CONTEXT ( 'NONE', 'WORKASPACE' ) );
#62 = VERTEX_POINT ( 'NONE', #6027 ) ;
#63 = SURFACE_STYLE_USAGE ( .BOTH. , #6728 ) ;
#64 = VECTOR ( 'NONE', #1545, 1000.000000000000000 ) ;
#65 = TOROIDAL_SURFACE ( 'NONE', #10456, 1.000000000000000000, 0.2000000000000000111 ) ;
#66 = COLOUR_RGB ( '',0.7529411764705882248, 0.7529411764705882248, 0.7529411764705882248 ) ;
#67 = FILL_AREA_STYLE_COLOUR ( '', #4791 ) ;
#68 = ADVANCED_FACE ( 'NONE', ( #9712 ), #2597, .F. ) ;
#69 =( GEOMETRIC_REPRESENTATION_CONTEXT ( 3 ) GLOBAL_UNCERTAINTY_ASSIGNED_CONTEXT ( ( #4963 ) ) GLOBAL_UNIT_ASSIGNED_CONTEXT ( ( #12085, #9282, #10976 ) ) REPRESENTATION_CONTEXT ( 'NONE', 'WORKASPACE' ) );
#70 = SURFACE_STYLE_FILL_AREA ( #1882 ) ;
#71 = CARTESIAN_POINT ( 'NONE',  ( 25.17854103316059877, -1.200000000012820145, -5.950000000000000178 ) ) ;
#72 = EDGE_LOOP ( 'NONE', ( #12019, #4189 ) ) ;
#73 = ORIENTED_EDGE ( 'NONE', *, *, #4454, .T. ) ;
#74 = DIRECTION ( 'NONE',  ( 1.000000000000000000, -7.400243456590534975E-16, 0.0000000000000000000 ) ) ;
#75 = ORIENTED_EDGE ( 'NONE', *, *, #3068, .T. ) ;
#76 = EDGE_CURVE ( 'NONE', #410, #7508, #4171, .T. ) ;
#77 = UNCERTAINTY_MEASURE_WITH_UNIT (LENGTH_MEASURE( 1.000000000000000082E-05 ), #144, 'distance_accuracy_value', 'NONE');
#78 = CARTESIAN_POINT ( 'NONE',  ( -52.50000000000000000, -0.1000000000000000472, -8.599999999999999645 ) ) ;
#79 =( GEOMETRIC_REPRESENTATION_CONTEXT ( 3 ) GLOBAL_UNCERTAINTY_ASSIGNED_CONTEXT ( ( #11695 ) ) GLOBAL_UNIT_ASSIGNED_CONTEXT ( ( #55, #4030, #10705 ) ) REPRESENTATION_CONTEXT ( 'NONE', 'WORKASPACE' ) );
#80 = DIRECTION ( 'NONE',  ( 1.000000000000000000, 0.0000000000000000000, 0.0000000000000000000 ) ) ;
#81 = FACE_OUTER_BOUND ( 'NONE', #6912, .T. ) ;
#82 =( BOUNDED_CURVE ( )  B_SPLINE_CURVE ( 3, ( #12165, #10393, #2794, #778 ),
 .UNSPECIFIED., .F., .F. ) 
 B_SPLINE_CURVE_WITH_KNOTS ( ( 4, 4 ),
 ( 4.188790204767274261, 4.712388980384689674 ),
 .UNSPECIFIED. ) 
 CURVE ( )  GEOMETRIC_REPRESENTATION_ITEM ( )  RATIONAL_B_SPLINE_CURVE ( ( 1.000000000000000000, 0.9772838841910630459, 0.9772838841910630459, 1.000000000000000000 ) ) 
 REPRESENTATION_ITEM ( '' )  );
#83 = CIRCLE ( 'NONE', #578, 1.400000000000000133 ) ;
#84 = MECHANICAL_DESIGN_GEOMETRIC_PRESENTATION_REPRESENTATION (  '', ( #10134 ), #724 ) ;
#85 = PRESENTATION_LAYER_ASSIGNMENT (  '', '', ( #8718 ) ) ;
#86 = CARTESIAN_POINT ( 'NONE',  ( 38.78308903779344519, 3.500000000000000000, 1.050539168121039868 ) ) ;
#87 = CARTESIAN_POINT ( 'NONE',  ( -47.65810784417229939, 1.200000000000484901, 6.108107844172270262 ) ) ;
#88 = PLANE ( 'NONE',  #6613 ) ;
#89 = CARTESIAN_POINT ( 'NONE',  ( -51.50000000000000000, 3.000000000000000000, 10.00000000000000000 ) ) ;
#90 = FILL_AREA_STYLE_COLOUR ( '', #7042 ) ;
#91 =( LENGTH_UNIT ( ) NAMED_UNIT ( * ) SI_UNIT ( .MILLI., .METRE. ) );
#92 = PRESENTATION_STYLE_ASSIGNMENT (( #7421 ) ) ;
#93 = EDGE_CURVE ( 'NONE', #6219, #10176, #233, .T. ) ;
#94 = ORIENTED_EDGE ( 'NONE', *, *, #513, .F. ) ;
#95 = ORIENTED_EDGE ( 'NONE', *, *, #7070, .T. ) ;
#96 = SURFACE_STYLE_FILL_AREA ( #1992 ) ;
#98 = VERTEX_POINT ( 'NONE', #663 ) ;
#97 = VECTOR ( 'NONE', #442, 1000.000000000000000 ) ;
#99 = AXIS2_PLACEMENT_3D ( 'NONE', #10150, #5408, #8295 ) ;
#100 = PLANE ( 'NONE',  #3468 ) ;
#101 = ORIENTED_EDGE ( 'NONE', *, *, #5037, .F. ) ;
#102 = AXIS2_PLACEMENT_3D ( 'NONE', #10211, #6370, #5458 ) ;
#103 = FILL_AREA_STYLE ('',( #2012 ) ) ;
#104 = DIRECTION ( 'NONE',  ( 0.0000000000000000000, -1.000000000000000000, 0.0000000000000000000 ) ) ;
#105 = ORIENTED_EDGE ( 'NONE', *, *, #10674, .F. ) ;
#106 = CIRCLE ( 'NONE', #395, 4.883974596296410731 ) ;
#107 = CARTESIAN_POINT ( 'NONE',  ( -26.50000000000000000, 1.200000000001454792, -5.299999999999999822 ) ) ;
#108 = VERTEX_POINT ( 'NONE', #4577 ) ;
#110 = VERTEX_POINT ( 'NONE', #10237 ) ;
#109 = LINE ( 'NONE', #7076, #7650 ) ;
#111 = ORIENTED_EDGE ( 'NONE', *, *, #11262, .T. ) ;
#113 = ORIENTED_EDGE ( 'NONE', *, *, #6439, .T. ) ;
#112 =( NAMED_UNIT ( * ) PLANE_ANGLE_UNIT ( ) SI_UNIT ( $, .RADIAN. ) );
#114 = EDGE_CURVE ( 'NONE', #857, #6077, #4337, .T. ) ;
#115 =( NAMED_UNIT ( * ) SI_UNIT ( $, .STERADIAN. ) SOLID_ANGLE_UNIT ( ) );
#116 = DIRECTION ( 'NONE',  ( 0.0000000000000000000, 1.000000000000000000, 0.0000000000000000000 ) ) ;
#117 =( NAMED_UNIT ( * ) SI_UNIT ( $, .STERADIAN. ) SOLID_ANGLE_UNIT ( ) );
#118 = ORIENTED_EDGE ( 'NONE', *, *, #3538, .F. ) ;
#119 = MECHANICAL_DESIGN_GEOMETRIC_PRESENTATION_REPRESENTATION (  '', ( #517 ), #1406 ) ;
#120 =( NAMED_UNIT ( * ) PLANE_ANGLE_UNIT ( ) SI_UNIT ( $, .RADIAN. ) );
#121 = DIRECTION ( 'NONE',  ( -1.000000000000000000, 0.0000000000000000000, 0.0000000000000000000 ) ) ;
#122 = AXIS2_PLACEMENT_3D ( 'NONE', #9217, #11284, #4628 ) ;
#123 = ADVANCED_FACE ( 'NONE', ( #2678, #7322 ), #8420, .T. ) ;
#124 = VERTEX_POINT ( 'NONE', #11192 ) ;
#125 = VECTOR ( 'NONE', #7503, 999.9999999999998863 ) ;
#126 = SURFACE_SIDE_STYLE ('',( #96 ) ) ;
#127 = CONICAL_SURFACE ( 'NONE', #9092, 4.853553390555590319, 0.7853981633572542087 ) ;
#128 = EDGE_CURVE ( 'NONE', #11862, #11626, #4479, .T. ) ;
#129 = SURFACE_STYLE_FILL_AREA ( #7303 ) ;
#130 =( NAMED_UNIT ( * ) SI_UNIT ( $, .STERADIAN. ) SOLID_ANGLE_UNIT ( ) );
#131 = LINE ( 'NONE', #10660, #7524 ) ;
#132 = CARTESIAN_POINT ( 'NONE',  ( 44.36819777075264426, 2.299999999999999822, 270.4510849563059764 ) ) ;
#133 = STYLED_ITEM ( 'NONE', ( #217 ), #3330 ) ;
#134 = EDGE_LOOP ( 'NONE', ( #730, #4593, #9962, #6774, #1030 ) ) ;
#135 = SURFACE_SIDE_STYLE ('',( #7790 ) ) ;
#136 = DIRECTION ( 'NONE',  ( 0.0000000000000000000, 0.0000000000000000000, 1.000000000000000000 ) ) ;
#137 = ORIENTED_EDGE ( 'NONE', *, *, #2673, .F. ) ;
#138 = CIRCLE ( 'NONE', #4134, 0.4000000000000010214 ) ;
#139 = CARTESIAN_POINT ( 'NONE',  ( -51.37747150831400234, 3.061250268090749849, -14.99999998912709920 ) ) ;
#140 = VECTOR ( 'NONE', #7743, 1000.000000000000000 ) ;
#141 = EDGE_CURVE ( 'NONE', #8025, #12197, #2214, .T. ) ;
#142 = SURFACE_STYLE_FILL_AREA ( #10195 ) ;
#143 =( LENGTH_UNIT ( ) NAMED_UNIT ( * ) SI_UNIT ( .MILLI., .METRE. ) );
#144 =( LENGTH_UNIT ( ) NAMED_UNIT ( * ) SI_UNIT ( .MILLI., .METRE. ) );
#145 = EDGE_CURVE ( 'NONE', #3539, #9297, #3721, .T. ) ;
#146 = ORIENTED_EDGE ( 'NONE', *, *, #7666, .T. ) ;
#147 = DIRECTION ( 'NONE',  ( 6.088635164774826268E-51, 3.334366247207814693E-34, 1.000000000000000000 ) ) ;
#148 = CONICAL_SURFACE ( 'NONE', #308, 269.0747729669885189, 1.047197551196612730 ) ;
#149 = FACE_OUTER_BOUND ( 'NONE', #2705, .T. ) ;
#150 = MECHANICAL_DESIGN_GEOMETRIC_PRESENTATION_REPRESENTATION (  '', ( #551 ), #4711 ) ;
#151 =( NAMED_UNIT ( * ) SI_UNIT ( $, .STERADIAN. ) SOLID_ANGLE_UNIT ( ) );
#152 = PRESENTATION_STYLE_ASSIGNMENT (( #8961 ) ) ;
#153 = SURFACE_SIDE_STYLE ('',( #5054 ) ) ;
#154 =( NAMED_UNIT ( * ) PLANE_ANGLE_UNIT ( ) SI_UNIT ( $, .RADIAN. ) );
#155 = CARTESIAN_POINT ( 'NONE',  ( -50.44426372367667710, 3.500000000000001776, -14.99999999999999645 ) ) ;
#156 = MECHANICAL_DESIGN_GEOMETRIC_PRESENTATION_REPRESENTATION (  '', ( #1628 ), #6799 ) ;
#157 =( GEOMETRIC_REPRESENTATION_CONTEXT ( 3 ) GLOBAL_UNCERTAINTY_ASSIGNED_CONTEXT ( ( #10647 ) ) GLOBAL_UNIT_ASSIGNED_CONTEXT ( ( #899, #856, #4764 ) ) REPRESENTATION_CONTEXT ( 'NONE', 'WORKASPACE' ) );
#158 = FACE_OUTER_BOUND ( 'NONE', #801, .T. ) ;
#159 = SURFACE_SIDE_STYLE ('',( #10580 ) ) ;
#160 = EDGE_LOOP ( 'NONE', ( #3989, #9861, #2539, #10619 ) ) ;
#161 = CARTESIAN_POINT ( 'NONE',  ( 47.50000000000000000, -1.500000000000000000, 14.69999999999999929 ) ) ;
#162 = PLANE ( 'NONE',  #5615 ) ;
#163 = PRESENTATION_STYLE_ASSIGNMENT (( #12359 ) ) ;
#164 = CARTESIAN_POINT ( 'NONE',  ( 23.50000000000000000, -0.2999999999999999889, 5.500000000000079048 ) ) ;
#165 = CARTESIAN_POINT ( 'NONE',  ( 23.50000000000000000, 2.000000000000000000, 5.500000000000000000 ) ) ;
#166 = EDGE_CURVE ( 'NONE', #474, #3226, #3122, .T. ) ;
#167 = DIRECTION ( 'NONE',  ( 0.0000000000000000000, -1.000000000000000000, 0.0000000000000000000 ) ) ;
#168 = DIRECTION ( 'NONE',  ( 0.0000000000000000000, 0.7071067811865474617, 0.7071067811865474617 ) ) ;
#169 = ORIENTED_EDGE ( 'NONE', *, *, #10357, .F. ) ;
#170 = AXIS2_PLACEMENT_3D ( 'NONE', #691, #3625, #3577 ) ;
#171 = STYLED_ITEM ( 'NONE', ( #11 ), #9470 ) ;
#172 = LINE ( 'NONE', #945, #3207 ) ;
#173 = CARTESIAN_POINT ( 'NONE',  ( -24.82145896684129838, -1.200000000016240076, -5.950000000000120082 ) ) ;
#174 = EDGE_LOOP ( 'NONE', ( #11709, #10340, #5860, #9868 ) ) ;
#175 = LINE ( 'NONE', #5896, #10085 ) ;
#176 = COLOUR_RGB ( '',0.7529411764705882248, 0.7529411764705882248, 0.7529411764705882248 ) ;
#177 =( BOUNDED_CURVE ( )  B_SPLINE_CURVE ( 3, ( #8669, #9546, #3854, #10495 ),
 .UNSPECIFIED., .F., .F. ) 
 B_SPLINE_CURVE_WITH_KNOTS ( ( 4, 4 ),
 ( 0.9533592231645700021, 1.570796326794895004 ),
 .UNSPECIFIED. ) 
 CURVE ( )  GEOMETRIC_REPRESENTATION_ITEM ( )  RATIONAL_B_SPLINE_CURVE ( ( 1.000000000000000000, 0.9684824697978630104, 0.9684824697978630104, 1.000000000000000000 ) ) 
 REPRESENTATION_ITEM ( '' )  );
#178 = UNCERTAINTY_MEASURE_WITH_UNIT (LENGTH_MEASURE( 1.000000000000000082E-05 ), #10701, 'distance_accuracy_value', 'NONE');
#179 = ADVANCED_FACE ( 'NONE', ( #5683 ), #9044, .T. ) ;
#180 = COLOUR_RGB ( '',0.7529411764705882248, 0.7529411764705882248, 0.7529411764705882248 ) ;
#181 = ORIENTED_EDGE ( 'NONE', *, *, #10515, .T. ) ;
#182 =( NAMED_UNIT ( * ) PLANE_ANGLE_UNIT ( ) SI_UNIT ( $, .RADIAN. ) );
#183 = ORIENTED_EDGE ( 'NONE', *, *, #3456, .T. ) ;
#184 = EDGE_CURVE ( 'NONE', #2688, #5841, #8422, .T. ) ;
#185 = CARTESIAN_POINT ( 'NONE',  ( -26.50000000000000000, 1.800000000000000044, -4.299999999999999822 ) ) ;
#186 = LINE ( 'NONE', #2417, #10092 ) ;
#187 = AXIS2_PLACEMENT_3D ( 'NONE', #1056, #3096, #9780 ) ;
#188 = CARTESIAN_POINT ( 'NONE',  ( 51.29999999999999716, 3.000000000000000000, 10.00000000000000000 ) ) ;
#189 = ORIENTED_EDGE ( 'NONE', *, *, #949, .T. ) ;
#190 = AXIS2_PLACEMENT_3D ( 'NONE', #8312, #12115, #10259 ) ;
#191 = SURFACE_STYLE_FILL_AREA ( #9790 ) ;
#192 = AXIS2_PLACEMENT_3D ( 'NONE', #5299, #1531, #11944 ) ;
#193 = ORIENTED_EDGE ( 'NONE', *, *, #10391, .T. ) ;
#194 = CARTESIAN_POINT ( 'NONE',  ( 23.50000000000000000, 2.000000000000000000, -5.299999999999999822 ) ) ;
#195 = DIRECTION ( 'NONE',  ( 0.0000000000000000000, -0.01745240643728355329, -0.9998476951563912696 ) ) ;
#196 = EDGE_LOOP ( 'NONE', ( #10095, #10597, #210, #8382 ) ) ;
#197 = LINE ( 'NONE', #9264, #11736 ) ;
#198 = EDGE_CURVE ( 'NONE', #7408, #8656, #9100, .T. ) ;
#199 = FILL_AREA_STYLE_COLOUR ( '', #5429 ) ;
#200 = FACE_OUTER_BOUND ( 'NONE', #3148, .T. ) ;
#201 =( NAMED_UNIT ( * ) PLANE_ANGLE_UNIT ( ) SI_UNIT ( $, .RADIAN. ) );
#202 = CIRCLE ( 'NONE', #3202, 1.400000000000000133 ) ;
#203 = SURFACE_STYLE_FILL_AREA ( #1767 ) ;
#204 = DIRECTION ( 'NONE',  ( -1.000000000000000000, 0.0000000000000000000, 4.625929269271489858E-16 ) ) ;
#205 = CARTESIAN_POINT ( 'NONE',  ( -50.65147186257620149, 2.151471862576145089, 15.00000000000000000 ) ) ;
#206 = AXIS2_PLACEMENT_3D ( 'NONE', #5102, #8070, #9979 ) ;
#207 = FACE_OUTER_BOUND ( 'NONE', #6494, .T. ) ;
#208 = AXIS2_PLACEMENT_3D ( 'NONE', #4804, #3812, #2894 ) ;
#209 = APPLICATION_PROTOCOL_DEFINITION ( 'draft international standard', 'automotive_design', 1998, #6001 ) ;
#210 = ORIENTED_EDGE ( 'NONE', *, *, #5976, .T. ) ;
#211 = DIRECTION ( 'NONE',  ( 0.0000000000000000000, -1.000000000000000000, 0.0000000000000000000 ) ) ;
#212 = EDGE_LOOP ( 'NONE', ( #12307, #8843, #8407, #7703 ) ) ;
#213 = AXIS2_PLACEMENT_3D ( 'NONE', #5461, #11219, #8355 ) ;
#214 =( NAMED_UNIT ( * ) PLANE_ANGLE_UNIT ( ) SI_UNIT ( $, .RADIAN. ) );
#215 = CARTESIAN_POINT ( 'NONE',  ( 51.30000000000539728, -1.199999999995755795, 10.00000000000000000 ) ) ;
#216 = VECTOR ( 'NONE', #11272, 1000.000000000000114 ) ;
#217 = PRESENTATION_STYLE_ASSIGNMENT (( #5439 ) ) ;
#218 = CARTESIAN_POINT ( 'NONE',  ( -28.16897398685415155, -0.3999990008934490304, 4.863964069382039845 ) ) ;
#219 = EDGE_CURVE ( 'NONE', #11205, #4663, #6448, .T. ) ;
#220 = CARTESIAN_POINT ( 'NONE',  ( 25.14959026476299897, 1.200000000001091083, 4.891892155827740396 ) ) ;
#221 = FILL_AREA_STYLE ('',( #3107 ) ) ;
#222 = EDGE_CURVE ( 'NONE', #8539, #12004, #6589, .T. ) ;
#223 = CARTESIAN_POINT ( 'NONE',  ( 47.50000000000000000, -2.700000000000000178, 14.00000000000000000 ) ) ;
#224 = CARTESIAN_POINT ( 'NONE',  ( 44.36819777075264426, 2.300000000019160051, 270.4510849563059764 ) ) ;
#225 = AXIS2_PLACEMENT_3D ( 'NONE', #11081, #557, #393 ) ;
#226 = LINE ( 'NONE', #1264, #5673 ) ;
#227 = SURFACE_SIDE_STYLE ('',( #5626 ) ) ;
#228 = CARTESIAN_POINT ( 'NONE',  ( 50.65147186257620149, 2.151471862576145089, 15.00000000000000000 ) ) ;
#229 = UNCERTAINTY_MEASURE_WITH_UNIT (LENGTH_MEASURE( 1.000000000000000082E-05 ), #3412, 'distance_accuracy_value', 'NONE');
#230 = VECTOR ( 'NONE', #4615, 1000.000000000000000 ) ;
#231 = STYLED_ITEM ( 'NONE', ( #8200 ), #1661 ) ;
#232 = PRESENTATION_LAYER_ASSIGNMENT (  '', '', ( #3487 ) ) ;
#233 = CIRCLE ( 'NONE', #4606, 0.5000000000000004441 ) ;
#234 = CARTESIAN_POINT ( 'NONE',  ( -52.50000000000000000, -1.200000000000000178, -11.60036725769279897 ) ) ;
#235 = CARTESIAN_POINT ( 'NONE',  ( -47.50000000000000000, 1.502943725256499885, 10.00000000000000000 ) ) ;
#236 = DIRECTION ( 'NONE',  ( 1.000000000000000000, 0.0000000000000000000, 0.0000000000000000000 ) ) ;
#237 = COLOUR_RGB ( '',0.7529411764705882248, 0.7529411764705882248, 0.7529411764705882248 ) ;
#238 = PLANE ( 'NONE',  #6850 ) ;
#239 = ORIENTED_EDGE ( 'NONE', *, *, #6668, .F. ) ;
#240 =( NAMED_UNIT ( * ) SI_UNIT ( $, .STERADIAN. ) SOLID_ANGLE_UNIT ( ) );
#241 = COLOUR_RGB ( '',0.7529411764705882248, 0.7529411764705882248, 0.7529411764705882248 ) ;
#242 = LINE ( 'NONE', #9358, #11637 ) ;
#243 = DIRECTION ( 'NONE',  ( 0.0000000000000000000, 1.000000000000000000, 0.0000000000000000000 ) ) ;
#244 =( NAMED_UNIT ( * ) PLANE_ANGLE_UNIT ( ) SI_UNIT ( $, .RADIAN. ) );
#245 = ADVANCED_FACE ( 'NONE', ( #4324 ), #8963, .T. ) ;
#246 = CARTESIAN_POINT ( 'NONE',  ( 51.29999999999999716, -1.199999999999999956, -15.00000000000000000 ) ) ;
#247 = VECTOR ( 'NONE', #8516, 1000.000000000000000 ) ;
#248 = VERTEX_POINT ( 'NONE', #7060 ) ;
#249 = CIRCLE ( 'NONE', #3357, 1.800000000000145262 ) ;
#250 = MECHANICAL_DESIGN_GEOMETRIC_PRESENTATION_REPRESENTATION (  '', ( #9275 ), #2447 ) ;
#251 = DIRECTION ( 'NONE',  ( 1.000000000000000000, 2.129595449599169385E-16, 0.0000000000000000000 ) ) ;
#252 = DIRECTION ( 'NONE',  ( 0.0000000000000000000, 0.0000000000000000000, -1.000000000000000000 ) ) ;
#254 = ORIENTED_EDGE ( 'NONE', *, *, #8925, .T. ) ;
#253 = SURFACE_STYLE_USAGE ( .BOTH. , #8955 ) ;
#255 = CARTESIAN_POINT ( 'NONE',  ( 25.65685424949239746, 2.299999999999999822, -10.00000000000000000 ) ) ;
#256 = ORIENTED_EDGE ( 'NONE', *, *, #5066, .T. ) ;
#258 = ORIENTED_EDGE ( 'NONE', *, *, #5285, .F. ) ;
#257 = VECTOR ( 'NONE', #8937, 1000.000000000000000 ) ;
#259 = COLOUR_RGB ( '',0.7529411764705882248, 0.7529411764705882248, 0.7529411764705882248 ) ;
#260 = ORIENTED_EDGE ( 'NONE', *, *, #11529, .F. ) ;
#261 = CARTESIAN_POINT ( 'NONE',  ( 20.00000000000000000, 2.299999999999999822, -12.00000000000000000 ) ) ;
#262 = SURFACE_STYLE_USAGE ( .BOTH. , #2178 ) ;
#263 = UNCERTAINTY_MEASURE_WITH_UNIT (LENGTH_MEASURE( 1.000000000000000082E-05 ), #5345, 'distance_accuracy_value', 'NONE');
#264 = UNCERTAINTY_MEASURE_WITH_UNIT (LENGTH_MEASURE( 1.000000000000000082E-05 ), #6662, 'distance_accuracy_value', 'NONE');
#265 = EDGE_LOOP ( 'NONE', ( #2221, #3673, #7747, #12011 ) ) ;
#266 = VECTOR ( 'NONE', #674, 1000.000000000000227 ) ;
#267 = EDGE_CURVE ( 'NONE', #7966, #9578, #7551, .T. ) ;
#268 =( GEOMETRIC_REPRESENTATION_CONTEXT ( 3 ) GLOBAL_UNCERTAINTY_ASSIGNED_CONTEXT ( ( #4781 ) ) GLOBAL_UNIT_ASSIGNED_CONTEXT ( ( #1862, #10444, #2844 ) ) REPRESENTATION_CONTEXT ( 'NONE', 'WORKASPACE' ) );
#269 = SURFACE_SIDE_STYLE ('',( #2048 ) ) ;
#270 = VERTEX_POINT ( 'NONE', #11852 ) ;
#271 = EDGE_LOOP ( 'NONE', ( #436, #9774, #1195, #6782 ) ) ;
#272 = MECHANICAL_DESIGN_GEOMETRIC_PRESENTATION_REPRESENTATION (  '', ( #8494 ), #8095 ) ;
#273 = CARTESIAN_POINT ( 'NONE',  ( -26.50000000000000000, 1.199999999999999956, -5.299999999999999822 ) ) ;
#274 = CARTESIAN_POINT ( 'NONE',  ( -25.85000000000000142, 2.299999999999999822, 7.649999999999999467 ) ) ;
#275 = ORIENTED_EDGE ( 'NONE', *, *, #10198, .F. ) ;
#276 = COLOUR_RGB ( '',0.7529411764705882248, 0.7529411764705882248, 0.7529411764705882248 ) ;
#277 = ORIENTED_EDGE ( 'NONE', *, *, #6393, .F. ) ;
#278 = DIRECTION ( 'NONE',  ( 1.000000000000000000, 0.0000000000000000000, -5.551115123125780730E-16 ) ) ;
#279 = EDGE_CURVE ( 'NONE', #4006, #2691, #7476, .T. ) ;
#280 = SURFACE_SIDE_STYLE ('',( #3149 ) ) ;
#281 = SURFACE_STYLE_USAGE ( .BOTH. , #6074 ) ;
#282 =( GEOMETRIC_REPRESENTATION_CONTEXT ( 3 ) GLOBAL_UNCERTAINTY_ASSIGNED_CONTEXT ( ( #9413 ) ) GLOBAL_UNIT_ASSIGNED_CONTEXT ( ( #4965, #11618, #3118 ) ) REPRESENTATION_CONTEXT ( 'NONE', 'WORKASPACE' ) );
#283 = CIRCLE ( 'NONE', #1283, 0.8000000000000003775 ) ;
#284 = CIRCLE ( 'NONE', #1157, 0.5000000000000406342 ) ;
#285 = FILL_AREA_STYLE_COLOUR ( '', #3199 ) ;
#286 = AXIS2_PLACEMENT_3D ( 'NONE', #9975, #1497, #4263 ) ;
#287 = SURFACE_STYLE_USAGE ( .BOTH. , #5946 ) ;
#288 = SURFACE_STYLE_USAGE ( .BOTH. , #6208 ) ;
#289 = AXIS2_PLACEMENT_3D ( 'NONE', #6202, #4345, #568 ) ;
#290 = CARTESIAN_POINT ( 'NONE',  ( 21.83102601314530133, -0.3999990008954799614, -5.936035930617990175 ) ) ;
#291 = FILL_AREA_STYLE_COLOUR ( '', #1583 ) ;
#292 = DIRECTION ( 'NONE',  ( -1.000000000000000000, 0.0000000000000000000, 2.312964634635744929E-16 ) ) ;
#293 = EDGE_CURVE ( 'NONE', #6323, #10101, #5973, .T. ) ;
#294 = VERTEX_POINT ( 'NONE', #9087 ) ;
#295 = APPLICATION_PROTOCOL_DEFINITION ( 'draft international standard', 'automotive_design', 1998, #6091 ) ;
#296 = PRESENTATION_LAYER_ASSIGNMENT (  '', '', ( #5067 ) ) ;
#297 = LINE ( 'NONE', #11798, #9911 ) ;
#298 = SURFACE_STYLE_USAGE ( .BOTH. , #8134 ) ;
#299 = CARTESIAN_POINT ( 'NONE',  ( 37.47200940514054679, 1.799999999995949951, 1.893300604215085059 ) ) ;
#300 = CARTESIAN_POINT ( 'NONE',  ( 52.20000000000000284, -1.199999999999999956, 10.00000000000000000 ) ) ;
#301 = DIRECTION ( 'NONE',  ( 0.0000000000000000000, -1.000000000000000000, 0.0000000000000000000 ) ) ;
#302 = STYLED_ITEM ( 'NONE', ( #6874 ), #3364 ) ;
#303 =( NAMED_UNIT ( * ) SI_UNIT ( $, .STERADIAN. ) SOLID_ANGLE_UNIT ( ) );
#304 = CARTESIAN_POINT ( 'NONE',  ( 23.50000000000000000, -0.3069809625912964801, 5.500000000000079048 ) ) ;
#305 = FILL_AREA_STYLE ('',( #1193 ) ) ;
#306 = SURFACE_STYLE_FILL_AREA ( #4286 ) ;
#307 = CARTESIAN_POINT ( 'NONE',  ( 37.47106385175609944, 3.066987298079334678, 2.098906329686510031 ) ) ;
#308 = AXIS2_PLACEMENT_3D ( 'NONE', #5, #11522, #5746 ) ;
#309 = PRESENTATION_STYLE_ASSIGNMENT (( #7245 ) ) ;
#310 =( NAMED_UNIT ( * ) SI_UNIT ( $, .STERADIAN. ) SOLID_ANGLE_UNIT ( ) );
#311 = ADVANCED_FACE ( 'NONE', ( #12209 ), #5457, .T. ) ;
#312 = EDGE_CURVE ( 'NONE', #3920, #697, #11023, .T. ) ;
#313 = CARTESIAN_POINT ( 'NONE',  ( 24.14127246753590228, 1.799999999999039924, 2.567318290878569886 ) ) ;
#314 = DIRECTION ( 'NONE',  ( 1.000000000000000000, 2.129595449599169385E-16, 0.0000000000000000000 ) ) ;
#315 = EDGE_CURVE ( 'NONE', #10026, #9887, #1754, .T. ) ;
#316 = COLOUR_RGB ( '',0.7529411764705882248, 0.7529411764705882248, 0.7529411764705882248 ) ;
#317 =( GEOMETRIC_REPRESENTATION_CONTEXT ( 3 ) GLOBAL_UNCERTAINTY_ASSIGNED_CONTEXT ( ( #7838 ) ) GLOBAL_UNIT_ASSIGNED_CONTEXT ( ( #9672, #5920, #9750 ) ) REPRESENTATION_CONTEXT ( 'NONE', 'WORKASPACE' ) );
#318 = LINE ( 'NONE', #7092, #4259 ) ;
#319 = VERTEX_POINT ( 'NONE', #7218 ) ;
#320 = DIRECTION ( 'NONE',  ( -1.000000000000000000, 0.0000000000000000000, 0.0000000000000000000 ) ) ;
#321 = CARTESIAN_POINT ( 'NONE',  ( -26.49979409913894912, 0.3761389023522334063, -7.072488381162420623 ) ) ;
#322 = VECTOR ( 'NONE', #6740, 1000.000000000000000 ) ;
#323 = PRESENTATION_LAYER_ASSIGNMENT (  '', '', ( #5988 ) ) ;
#324 = MECHANICAL_DESIGN_GEOMETRIC_PRESENTATION_REPRESENTATION (  '', ( #4301 ), #12187 ) ;
#326 = ORIENTED_EDGE ( 'NONE', *, *, #10143, .T. ) ;
#325 = AXIS2_PLACEMENT_3D ( 'NONE', #2225, #350, #8098 ) ;
#327 = DIRECTION ( 'NONE',  ( 2.989991556278199621E-16, 5.219049674965839952E-18, 1.000000000000000000 ) ) ;
#328 = CARTESIAN_POINT ( 'NONE',  ( 25.65685424949239746, 0.0000000000000000000, -10.00000000000000000 ) ) ;
#329 = CIRCLE ( 'NONE', #6725, 5.000000000000000000 ) ;
#330 = SURFACE_STYLE_USAGE ( .BOTH. , #6083 ) ;
#331 = FACE_OUTER_BOUND ( 'NONE', #2263, .T. ) ;
#332 = ORIENTED_EDGE ( 'NONE', *, *, #10037, .F. ) ;
#333 = PRESENTATION_STYLE_ASSIGNMENT (( #5511 ) ) ;
#334 = ORIENTED_EDGE ( 'NONE', *, *, #6192, .F. ) ;
#335 = ORIENTED_EDGE ( 'NONE', *, *, #8684, .T. ) ;
#336 = EDGE_CURVE ( 'NONE', #1165, #9744, #3278, .T. ) ;
#337 = DIRECTION ( 'NONE',  ( 0.0000000000000000000, 0.0000000000000000000, 1.000000000000000000 ) ) ;
#338 = SURFACE_SIDE_STYLE ('',( #3930 ) ) ;
#339 = FACE_OUTER_BOUND ( 'NONE', #3164, .T. ) ;
#340 = STYLED_ITEM ( 'NONE', ( #2363 ), #8333 ) ;
#341 =( NAMED_UNIT ( * ) SI_UNIT ( $, .STERADIAN. ) SOLID_ANGLE_UNIT ( ) );
#342 = DIRECTION ( 'NONE',  ( -0.9998658526349275544, 0.0000000000000000000, -0.01637915549194164308 ) ) ;
#343 =( NAMED_UNIT ( * ) PLANE_ANGLE_UNIT ( ) SI_UNIT ( $, .RADIAN. ) );
#344 = ORIENTED_EDGE ( 'NONE', *, *, #2001, .F. ) ;
#345 = AXIS2_PLACEMENT_3D ( 'NONE', #3395, #10816, #3431 ) ;
#346 = VERTEX_POINT ( 'NONE', #6223 ) ;
#347 = CARTESIAN_POINT ( 'NONE',  ( -68.60321982055950230, -1.200000000000000178, -5.599632742307179889 ) ) ;
#348 = COLOUR_RGB ( '',0.7529411764705882248, 0.7529411764705882248, 0.7529411764705882248 ) ;
#349 = LINE ( 'NONE', #1365, #10254 ) ;
#350 = DIRECTION ( 'NONE',  ( 3.870880290109319700E-16, 1.000000000000000000, 5.504375069206810435E-16 ) ) ;
#351 = CARTESIAN_POINT ( 'NONE',  ( -26.50000000000000000, -0.2999999999999999889, -5.299999999999919886 ) ) ;
#352 = VECTOR ( 'NONE', #6840, 1000.000000000000114 ) ;
#353 = EDGE_CURVE ( 'NONE', #7074, #6204, #4634, .T. ) ;
#354 = EDGE_LOOP ( 'NONE', ( #10425, #10483, #1341, #5336 ) ) ;
#355 = STYLED_ITEM ( 'NONE', ( #642 ), #2100 ) ;
#356 = ORIENTED_EDGE ( 'NONE', *, *, #4163, .T. ) ;
#357 =( GEOMETRIC_REPRESENTATION_CONTEXT ( 3 ) GLOBAL_UNCERTAINTY_ASSIGNED_CONTEXT ( ( #636 ) ) GLOBAL_UNIT_ASSIGNED_CONTEXT ( ( #11088, #5425, #4472 ) ) REPRESENTATION_CONTEXT ( 'NONE', 'WORKASPACE' ) );
#358 = FACE_OUTER_BOUND ( 'NONE', #12084, .T. ) ;
#359 = CARTESIAN_POINT ( 'NONE',  ( -25.85000000000000142, -1.200000000016030022, 3.821458966840619809 ) ) ;
#360 = DIRECTION ( 'NONE',  ( -1.000000000000000000, 0.0000000000000000000, 0.0000000000000000000 ) ) ;
#361 = CARTESIAN_POINT ( 'NONE',  ( 37.63824873692700379, 2.299999999999999822, 4.850000000000079581 ) ) ;
#362 = FILL_AREA_STYLE ('',( #2241 ) ) ;
#363 = EDGE_CURVE ( 'NONE', #12237, #11142, #7774, .T. ) ;
#364 = LINE ( 'NONE', #9261, #812 ) ;
#365 = ORIENTED_EDGE ( 'NONE', *, *, #5643, .T. ) ;
#366 = EDGE_CURVE ( 'NONE', #7935, #891, #7623, .T. ) ;
#367 = CARTESIAN_POINT ( 'NONE',  ( -26.50000000000000000, 2.000000000000000000, -5.299999999999999822 ) ) ;
#368 = DIRECTION ( 'NONE',  ( 0.0000000000000000000, 1.000000000000000000, 0.0000000000000000000 ) ) ;
#369 = ORIENTED_EDGE ( 'NONE', *, *, #11455, .F. ) ;
#370 = ORIENTED_EDGE ( 'NONE', *, *, #9226, .T. ) ;
#371 = CARTESIAN_POINT ( 'NONE',  ( -25.85000000000000142, 2.299999999999999822, -2.782205948333249967 ) ) ;
#372 = DIRECTION ( 'NONE',  ( 0.0000000000000000000, 0.0000000000000000000, 1.000000000000000000 ) ) ;
#373 = ADVANCED_FACE ( 'NONE', ( #10292 ), #2511, .T. ) ;
#374 = SURFACE_STYLE_FILL_AREA ( #7287 ) ;
#375 = CARTESIAN_POINT ( 'NONE',  ( -32.14127246753589873, 1.800000000000000044, -5.941272467535820390 ) ) ;
#376 = SURFACE_STYLE_FILL_AREA ( #6560 ) ;
#377 = MECHANICAL_DESIGN_GEOMETRIC_PRESENTATION_REPRESENTATION (  '', ( #4109 ), #11764 ) ;
#378 = LINE ( 'NONE', #5734, #3268 ) ;
#379 =( LENGTH_UNIT ( ) NAMED_UNIT ( * ) SI_UNIT ( .MILLI., .METRE. ) );
#380 =( GEOMETRIC_REPRESENTATION_CONTEXT ( 3 ) GLOBAL_UNCERTAINTY_ASSIGNED_CONTEXT ( ( #8261 ) ) GLOBAL_UNIT_ASSIGNED_CONTEXT ( ( #2699, #2614, #12204 ) ) REPRESENTATION_CONTEXT ( 'NONE', 'WORKASPACE' ) );
#381 = DIRECTION ( 'NONE',  ( 0.0000000000000000000, 0.0000000000000000000, -1.000000000000000000 ) ) ;
#382 = DIRECTION ( 'NONE',  ( -1.000000000000000000, -1.020351554195982139E-15, 0.0000000000000000000 ) ) ;
#383 = EDGE_CURVE ( 'NONE', #10399, #8035, #2809, .T. ) ;
#384 = CARTESIAN_POINT ( 'NONE',  ( -23.92441161005043782, 2.137918974365880409, -11.11924377444445255 ) ) ;
#385 = FILL_AREA_STYLE_COLOUR ( '', #8139 ) ;
#386 = FILL_AREA_STYLE_COLOUR ( '', #1285 ) ;
#387 = ADVANCED_FACE ( 'NONE', ( #6579 ), #4315, .T. ) ;
#388 = EDGE_CURVE ( 'NONE', #7066, #2063, #5507, .T. ) ;
#389 =( NAMED_UNIT ( * ) PLANE_ANGLE_UNIT ( ) SI_UNIT ( $, .RADIAN. ) );
#390 = AXIS2_PLACEMENT_3D ( 'NONE', #9650, #9497, #908 ) ;
#391 = PLANE ( 'NONE',  #192 ) ;
#392 = ORIENTED_EDGE ( 'NONE', *, *, #10718, .F. ) ;
#393 = DIRECTION ( 'NONE',  ( 1.000000000000000000, 0.0000000000000000000, 4.179535469590354428E-32 ) ) ;
#394 = MECHANICAL_DESIGN_GEOMETRIC_PRESENTATION_REPRESENTATION (  '', ( #12013 ), #2601 ) ;
#396 = LINE ( 'NONE', #7683, #1770 ) ;
#395 = AXIS2_PLACEMENT_3D ( 'NONE', #11814, #2343, #4284 ) ;
#397 = ORIENTED_EDGE ( 'NONE', *, *, #9944, .F. ) ;
#398 = ORIENTED_EDGE ( 'NONE', *, *, #8364, .T. ) ;
#399 = VERTEX_POINT ( 'NONE', #2286 ) ;
#401 = VERTEX_POINT ( 'NONE', #2201 ) ;
#400 = CARTESIAN_POINT ( 'NONE',  ( 47.50000000000000000, 2.146446609458509958, 10.00000000000000000 ) ) ;
#402 = SURFACE_STYLE_USAGE ( .BOTH. , #6242 ) ;
#403 = CARTESIAN_POINT ( 'NONE',  ( 50.66508987014359633, 0.7999999999999999334, -13.16508987014356080 ) ) ;
#404 = CARTESIAN_POINT ( 'NONE',  ( -32.14999999999999858, 2.299999999999999822, 6.150000000000080291 ) ) ;
#405 = EDGE_LOOP ( 'NONE', ( #8677, #5556, #9122, #5899 ) ) ;
#406 = COLOUR_RGB ( '',0.7529411764705882248, 0.7529411764705882248, 0.7529411764705882248 ) ;
#407 = CARTESIAN_POINT ( 'NONE',  ( 41.65096347429519597, 3.433012701872514949, -1.381984381437779907 ) ) ;
#408 =( NAMED_UNIT ( * ) PLANE_ANGLE_UNIT ( ) SI_UNIT ( $, .RADIAN. ) );
#409 = SURFACE_SIDE_STYLE ('',( #2071 ) ) ;
#410 = VERTEX_POINT ( 'NONE', #9907 ) ;
#412 = EDGE_LOOP ( 'NONE', ( #5699, #9398, #1454, #2382 ) ) ;
#411 = FACE_OUTER_BOUND ( 'NONE', #2096, .T. ) ;
#413 = SURFACE_STYLE_USAGE ( .BOTH. , #8951 ) ;
#414 = ORIENTED_EDGE ( 'NONE', *, *, #293, .F. ) ;
#415 = ORIENTED_EDGE ( 'NONE', *, *, #3704, .F. ) ;
#416 = UNCERTAINTY_MEASURE_WITH_UNIT (LENGTH_MEASURE( 1.000000000000000082E-05 ), #3816, 'distance_accuracy_value', 'NONE');
#417 = EDGE_LOOP ( 'NONE', ( #7186, #8994, #11484, #2089 ) ) ;
#418 = FILL_AREA_STYLE_COLOUR ( '', #3503 ) ;
#419 =( NAMED_UNIT ( * ) SI_UNIT ( $, .STERADIAN. ) SOLID_ANGLE_UNIT ( ) );
#420 = CARTESIAN_POINT ( 'NONE',  ( -47.50000000000000000, 3.000000000000000000, 10.00000000000000000 ) ) ;
#421 =( NAMED_UNIT ( * ) SI_UNIT ( $, .STERADIAN. ) SOLID_ANGLE_UNIT ( ) );
#422 = SURFACE_STYLE_FILL_AREA ( #8006 ) ;
#423 = CARTESIAN_POINT ( 'NONE',  ( 25.15932519075570184, 0.4000010255251943425, -5.922071878214239860 ) ) ;
#424 = ORIENTED_EDGE ( 'NONE', *, *, #6825, .T. ) ;
#425 =( LENGTH_UNIT ( ) NAMED_UNIT ( * ) SI_UNIT ( .MILLI., .METRE. ) );
#426 = DIRECTION ( 'NONE',  ( -1.000000000000000000, 0.0000000000000000000, 0.0000000000000000000 ) ) ;
#427 = CARTESIAN_POINT ( 'NONE',  ( -26.50000000000000000, 2.000000000000000000, -4.299999999999999822 ) ) ;
#428 = VECTOR ( 'NONE', #8352, 1000.000000000000000 ) ;
#429 = EDGE_CURVE ( 'NONE', #4605, #6272, #6872, .T. ) ;
#430 = STYLED_ITEM ( 'NONE', ( #9705 ), #5512 ) ;
#431 = MECHANICAL_DESIGN_GEOMETRIC_PRESENTATION_REPRESENTATION (  '', ( #12217 ), #1076 ) ;
#432 = ADVANCED_FACE ( 'NONE', ( #4007 ), #8947, .T. ) ;
#433 = MECHANICAL_DESIGN_GEOMETRIC_PRESENTATION_REPRESENTATION (  '', ( #2147 ), #11117 ) ;
#434 = LINE ( 'NONE', #1483, #11240 ) ;
#435 = DIRECTION ( 'NONE',  ( 1.000000000000000000, 0.0000000000000000000, 0.0000000000000000000 ) ) ;
#436 = ORIENTED_EDGE ( 'NONE', *, *, #4703, .F. ) ;
#437 = VECTOR ( 'NONE', #381, 1000.000000000000000 ) ;
#438 = ORIENTED_EDGE ( 'NONE', *, *, #8583, .F. ) ;
#439 = SURFACE_STYLE_USAGE ( .BOTH. , #11905 ) ;
#440 = DIRECTION ( 'NONE',  ( 0.9599228933175314449, -2.950417687941151558E-13, -0.2802642304770616155 ) ) ;
#441 = CARTESIAN_POINT ( 'NONE',  ( 24.15000000000000213, 2.299999999999999822, 1.698178942940104852 ) ) ;
#442 = DIRECTION ( 'NONE',  ( 1.000000000000000000, 0.0000000000000000000, 0.0000000000000000000 ) ) ;
#443 = ADVANCED_FACE ( 'NONE', ( #6126 ), #11169, .T. ) ;
#444 = STYLED_ITEM ( 'NONE', ( #1705 ), #2674 ) ;
#445 = VERTEX_POINT ( 'NONE', #8903 ) ;
#446 =( LENGTH_UNIT ( ) NAMED_UNIT ( * ) SI_UNIT ( .MILLI., .METRE. ) );
#447 = AXIS2_PLACEMENT_3D ( 'NONE', #11347, #10430, #1763 ) ;
#448 = SURFACE_SIDE_STYLE ('',( #3611 ) ) ;
#449 = COLOUR_RGB ( '',0.7529411764705882248, 0.7529411764705882248, 0.7529411764705882248 ) ;
#450 = MECHANICAL_DESIGN_GEOMETRIC_PRESENTATION_REPRESENTATION (  '', ( #7073 ), #4839 ) ;
#451 =( NAMED_UNIT ( * ) PLANE_ANGLE_UNIT ( ) SI_UNIT ( $, .RADIAN. ) );
#452 = CARTESIAN_POINT ( 'NONE',  ( -52.50000000000000000, -2.700000000000000178, -15.00000000000000000 ) ) ;
#453 = EDGE_CURVE ( 'NONE', #8906, #3003, #10281, .T. ) ;
#454 = UNCERTAINTY_MEASURE_WITH_UNIT (LENGTH_MEASURE( 1.000000000000000082E-05 ), #9897, 'distance_accuracy_value', 'NONE');
#455 = EDGE_CURVE ( 'NONE', #8864, #10844, #3555, .T. ) ;
#456 = CARTESIAN_POINT ( 'NONE',  ( 37.63824873692700379, 2.299999999999999822, 6.150000000000080291 ) ) ;
#457 = CARTESIAN_POINT ( 'NONE',  ( 25.65685424949239746, 3.000000000000000000, -13.79999999999999893 ) ) ;
#458 = DIRECTION ( 'NONE',  ( 0.9998476951563912696, -0.01745240643728355329, 2.668398875675531903E-15 ) ) ;
#459 = ORIENTED_EDGE ( 'NONE', *, *, #980, .T. ) ;
#460 = CARTESIAN_POINT ( 'NONE',  ( -68.60321982055950230, -1.200000000000000178, 6.150000000000000355 ) ) ;
#461 = AXIS2_PLACEMENT_3D ( 'NONE', #10251, #4549, #12063 ) ;
#462 = DIRECTION ( 'NONE',  ( 0.5041973887543758082, 0.0000000000000000000, 0.8635884396940876062 ) ) ;
#463 = SURFACE_SIDE_STYLE ('',( #142 ) ) ;
#464 = DIRECTION ( 'NONE',  ( -0.01744974916068024393, 0.9996954598818875715, -0.01744974916068024393 ) ) ;
#465 = UNCERTAINTY_MEASURE_WITH_UNIT (LENGTH_MEASURE( 1.000000000000000082E-05 ), #12268, 'distance_accuracy_value', 'NONE');
#466 = SURFACE_STYLE_USAGE ( .BOTH. , #10989 ) ;
#467 = COLOUR_RGB ( '',0.7529411764705882248, 0.7529411764705882248, 0.7529411764705882248 ) ;
#468 = AXIS2_PLACEMENT_3D ( 'NONE', #3498, #6419, #3623 ) ;
#469 = CARTESIAN_POINT ( 'NONE',  ( 51.64644660940669496, 2.853553390593269956, -14.44102006379998038 ) ) ;
#470 = ORIENTED_EDGE ( 'NONE', *, *, #9323, .F. ) ;
#471 = FILL_AREA_STYLE ('',( #9139 ) ) ;
#472 = SURFACE_STYLE_FILL_AREA ( #10140 ) ;
#473 = PRODUCT_DEFINITION_CONTEXT ( 'detailed design', #6001, 'design' ) ;
#474 = VERTEX_POINT ( 'NONE', #9985 ) ;
#475 = PRESENTATION_LAYER_ASSIGNMENT (  '', '', ( #3091 ) ) ;
#476 = VECTOR ( 'NONE', #3135, 1000.000000000000000 ) ;
#477 = DIRECTION ( 'NONE',  ( 0.0000000000000000000, 0.0000000000000000000, -1.000000000000000000 ) ) ;
#478 = ORIENTED_EDGE ( 'NONE', *, *, #1169, .F. ) ;
#479 = FACE_OUTER_BOUND ( 'NONE', #935, .T. ) ;
#480 = CARTESIAN_POINT ( 'NONE',  ( 22.86396406938204962, -0.3999990008941739505, 3.831026013143219888 ) ) ;
#481 = DIRECTION ( 'NONE',  ( 0.0000000000000000000, -1.000000000000000000, 0.0000000000000000000 ) ) ;
#482 = CARTESIAN_POINT ( 'NONE',  ( -52.20000000000000284, -0.4000000000000000222, -8.599999999999999645 ) ) ;
#483 = VERTEX_POINT ( 'NONE', #8125 ) ;
#484 = AXIS2_PLACEMENT_3D ( 'NONE', #8712, #2121, #9664 ) ;
#485 = SURFACE_STYLE_FILL_AREA ( #1596 ) ;
#486 = FILL_AREA_STYLE ('',( #7199 ) ) ;
#487 = ORIENTED_EDGE ( 'NONE', *, *, #3167, .T. ) ;
#488 = DIRECTION ( 'NONE',  ( 0.0000000000000000000, 0.0000000000000000000, -1.000000000000000000 ) ) ;
#489 = FILL_AREA_STYLE ('',( #1594 ) ) ;
#490 = EDGE_LOOP ( 'NONE', ( #1108, #3090, #4196, #6959 ) ) ;
#491 = FILL_AREA_STYLE_COLOUR ( '', #4398 ) ;
#492 = ORIENTED_EDGE ( 'NONE', *, *, #10656, .F. ) ;
#493 = EDGE_CURVE ( 'NONE', #12082, #891, #3849, .T. ) ;
#494 = FILL_AREA_STYLE ('',( #1555 ) ) ;
#495 = CIRCLE ( 'NONE', #461, 3.999999999999524825 ) ;
#496 = CARTESIAN_POINT ( 'NONE',  ( -28.69999999999999929, 0.7999999999999999334, -13.19999999999999929 ) ) ;
#497 = CYLINDRICAL_SURFACE ( 'NONE', #3345, 1.900000000000000577 ) ;
#498 = AXIS2_PLACEMENT_3D ( 'NONE', #255, #1346, #6054 ) ;
#499 =( LENGTH_UNIT ( ) NAMED_UNIT ( * ) SI_UNIT ( .MILLI., .METRE. ) );
#500 = CARTESIAN_POINT ( 'NONE',  ( -26.50000000000000000, -1.200000000021370195, 5.500000000000000000 ) ) ;
#501 = DIRECTION ( 'NONE',  ( 0.0000000000000000000, 0.0000000000000000000, 1.000000000000000000 ) ) ;
#502 = DIRECTION ( 'NONE',  ( 0.0000000000000000000, 0.0000000000000000000, -1.000000000000000000 ) ) ;
#503 =( GEOMETRIC_REPRESENTATION_CONTEXT ( 3 ) GLOBAL_UNCERTAINTY_ASSIGNED_CONTEXT ( ( #10836 ) ) GLOBAL_UNIT_ASSIGNED_CONTEXT ( ( #8188, #2362, #2443 ) ) REPRESENTATION_CONTEXT ( 'NONE', 'WORKASPACE' ) );
#504 = ADVANCED_FACE ( 'NONE', ( #4772 ), #7368, .T. ) ;
#505 = LINE ( 'NONE', #6610, #3546 ) ;
#506 = EDGE_LOOP ( 'NONE', ( #9225, #4655, #9112, #11927 ) ) ;
#507 = SURFACE_SIDE_STYLE ('',( #11828 ) ) ;
#508 = ORIENTED_EDGE ( 'NONE', *, *, #1554, .F. ) ;
#509 = VECTOR ( 'NONE', #8156, 1000.000000000000000 ) ;
#510 = VECTOR ( 'NONE', #10063, 1000.000000000000000 ) ;
#511 = LINE ( 'NONE', #4709, #4773 ) ;
#512 = FACE_OUTER_BOUND ( 'NONE', #9527, .T. ) ;
#513 = EDGE_CURVE ( 'NONE', #7610, #917, #6112, .T. ) ;
#514 = STYLED_ITEM ( 'NONE', ( #9523 ), #2487 ) ;
#515 = CIRCLE ( 'NONE', #3771, 0.8000000000000003775 ) ;
#516 = DIRECTION ( 'NONE',  ( 0.0000000000000000000, 1.000000000000000000, 0.0000000000000000000 ) ) ;
#517 = STYLED_ITEM ( 'NONE', ( #10559 ), #6084 ) ;
#518 =( GEOMETRIC_REPRESENTATION_CONTEXT ( 3 ) GLOBAL_UNCERTAINTY_ASSIGNED_CONTEXT ( ( #3270 ) ) GLOBAL_UNIT_ASSIGNED_CONTEXT ( ( #10946, #8049, #9080 ) ) REPRESENTATION_CONTEXT ( 'NONE', 'WORKASPACE' ) );
#519 = CARTESIAN_POINT ( 'NONE',  ( -25.86396406938204962, -0.3999990008941869402, 3.831026013145859999 ) ) ;
#520 = LINE ( 'NONE', #10782, #2821 ) ;
#521 = CARTESIAN_POINT ( 'NONE',  ( -26.96038527272597563, 0.1347012605522279194, -7.016262661512518761 ) ) ;
#522 = DIRECTION ( 'NONE',  ( 0.0000000000000000000, 2.608002250830389487E-32, 1.000000000000000000 ) ) ;
#523 = CARTESIAN_POINT ( 'NONE',  ( 23.50000000000000000, 1.800000000000000044, 5.500000000000000000 ) ) ;
#524 =( GEOMETRIC_REPRESENTATION_CONTEXT ( 3 ) GLOBAL_UNCERTAINTY_ASSIGNED_CONTEXT ( ( #1916 ) ) GLOBAL_UNIT_ASSIGNED_CONTEXT ( ( #5527, #12178, #3557 ) ) REPRESENTATION_CONTEXT ( 'NONE', 'WORKASPACE' ) );
#525 = CARTESIAN_POINT ( 'NONE',  ( 51.29289321881350361, 2.500000000000000000, 10.00000000000000000 ) ) ;
#526 = FILL_AREA_STYLE_COLOUR ( '', #9832 ) ;
#527 = ORIENTED_EDGE ( 'NONE', *, *, #9336, .T. ) ;
#528 =( NAMED_UNIT ( * ) PLANE_ANGLE_UNIT ( ) SI_UNIT ( $, .RADIAN. ) );
#529 = FACE_OUTER_BOUND ( 'NONE', #6186, .T. ) ;
#530 = AXIS2_PLACEMENT_3D ( 'NONE', #3513, #5409, #8170 ) ;
#531 = PLANE ( 'NONE',  #10065 ) ;
#532 = LINE ( 'NONE', #11968, #989 ) ;
#533 = SURFACE_STYLE_USAGE ( .BOTH. , #2551 ) ;
#535 = ORIENTED_EDGE ( 'NONE', *, *, #9117, .T. ) ;
#534 = CARTESIAN_POINT ( 'NONE',  ( -25.87792812178575019, 0.4000010255229959899, -3.640674809246159604 ) ) ;
#536 = SURFACE_SIDE_STYLE ('',( #1741 ) ) ;
#537 = CIRCLE ( 'NONE', #2633, 3.199999999999633804 ) ;
#538 =( GEOMETRIC_REPRESENTATION_CONTEXT ( 3 ) GLOBAL_UNCERTAINTY_ASSIGNED_CONTEXT ( ( #4147 ) ) GLOBAL_UNIT_ASSIGNED_CONTEXT ( ( #9951, #7047, #419 ) ) REPRESENTATION_CONTEXT ( 'NONE', 'WORKASPACE' ) );
#539 =( LENGTH_UNIT ( ) NAMED_UNIT ( * ) SI_UNIT ( .MILLI., .METRE. ) );
#540 = EDGE_CURVE ( 'NONE', #784, #2074, #11750, .T. ) ;
#541 = CARTESIAN_POINT ( 'NONE',  ( 37.63824873692700379, 2.299999999999999822, -5.949999999999929123 ) ) ;
#542 =( LENGTH_UNIT ( ) NAMED_UNIT ( * ) SI_UNIT ( .MILLI., .METRE. ) );
#543 =( NAMED_UNIT ( * ) SI_UNIT ( $, .STERADIAN. ) SOLID_ANGLE_UNIT ( ) );
#544 = FACE_OUTER_BOUND ( 'NONE', #7714, .T. ) ;
#545 = EDGE_CURVE ( 'NONE', #3608, #9078, #817, .T. ) ;
#546 = ORIENTED_EDGE ( 'NONE', *, *, #9287, .T. ) ;
#547 = DIRECTION ( 'NONE',  ( 1.000000000000000000, 0.0000000000000000000, 0.0000000000000000000 ) ) ;
#548 = DIRECTION ( 'NONE',  ( -1.000000000000000000, 1.784094010544389739E-16, 4.901758008155019966E-16 ) ) ;
#549 = CIRCLE ( 'NONE', #1467, 0.6544949780325570732 ) ;
#550 = ORIENTED_EDGE ( 'NONE', *, *, #5085, .F. ) ;
#551 = STYLED_ITEM ( 'NONE', ( #4278 ), #4316 ) ;
#552 = ORIENTED_EDGE ( 'NONE', *, *, #573, .T. ) ;
#553 = ORIENTED_EDGE ( 'NONE', *, *, #5722, .F. ) ;
#554 = VECTOR ( 'NONE', #8652, 1000.000000000000114 ) ;
#555 = ORIENTED_EDGE ( 'NONE', *, *, #3068, .F. ) ;
#556 = ORIENTED_EDGE ( 'NONE', *, *, #9073, .F. ) ;
#557 = DIRECTION ( 'NONE',  ( 3.776217863425074675E-48, 1.000000000000000000, -9.035018104045879322E-17 ) ) ;
#558 = PRESENTATION_LAYER_ASSIGNMENT (  '', '', ( #11706 ) ) ;
#559 = PRESENTATION_LAYER_ASSIGNMENT (  '', '', ( #9429 ) ) ;
#560 = PRESENTATION_LAYER_ASSIGNMENT (  '', '', ( #1928 ) ) ;
#561 = UNCERTAINTY_MEASURE_WITH_UNIT (LENGTH_MEASURE( 1.000000000000000082E-05 ), #9186, 'distance_accuracy_value', 'NONE');
#562 = ORIENTED_EDGE ( 'NONE', *, *, #1574, .T. ) ;
#564 = ADVANCED_FACE ( 'NONE', ( #10271 ), #6377, .F. ) ;
#563 = PLANE ( 'NONE',  #11662 ) ;
#566 = ORIENTED_EDGE ( 'NONE', *, *, #10409, .F. ) ;
#565 = SURFACE_STYLE_FILL_AREA ( #6792 ) ;
#567 =( NAMED_UNIT ( * ) SI_UNIT ( $, .STERADIAN. ) SOLID_ANGLE_UNIT ( ) );
#568 = DIRECTION ( 'NONE',  ( -1.000000000000000000, 6.938893903907222067E-15, 0.0000000000000000000 ) ) ;
#569 = ADVANCED_FACE ( 'NONE', ( #3104 ), #65, .T. ) ;
#570 = ORIENTED_EDGE ( 'NONE', *, *, #6558, .T. ) ;
#571 =( LENGTH_UNIT ( ) NAMED_UNIT ( * ) SI_UNIT ( .MILLI., .METRE. ) );
#572 = FILL_AREA_STYLE_COLOUR ( '', #5873 ) ;
#573 = EDGE_CURVE ( 'NONE', #2842, #11972, #1570, .T. ) ;
#574 = FILL_AREA_STYLE ('',( #526 ) ) ;
#575 = CARTESIAN_POINT ( 'NONE',  ( 23.50000000000000000, 1.800000000002909939, 5.500000000000079048 ) ) ;
#576 = MECHANICAL_DESIGN_GEOMETRIC_PRESENTATION_REPRESENTATION (  '', ( #739 ), #9369 ) ;
#577 = ORIENTED_EDGE ( 'NONE', *, *, #7402, .F. ) ;
#578 = AXIS2_PLACEMENT_3D ( 'NONE', #7318, #4433, #8404 ) ;
#579 = LINE ( 'NONE', #6640, #2103 ) ;
#580 =( GEOMETRIC_REPRESENTATION_CONTEXT ( 3 ) GLOBAL_UNCERTAINTY_ASSIGNED_CONTEXT ( ( #10865 ) ) GLOBAL_UNIT_ASSIGNED_CONTEXT ( ( #8367, #2504, #2627 ) ) REPRESENTATION_CONTEXT ( 'NONE', 'WORKASPACE' ) );
#581 = SURFACE_SIDE_STYLE ('',( #597 ) ) ;
#582 = CARTESIAN_POINT ( 'NONE',  ( -31.11389936382359878, 3.500000000000000000, 11.92006873989519988 ) ) ;
#583 = FILL_AREA_STYLE_COLOUR ( '', #1194 ) ;
#584 = CARTESIAN_POINT ( 'NONE',  ( 24.15000000000000213, 2.299999999999999822, -7.474999999999999645 ) ) ;
#585 = CYLINDRICAL_SURFACE ( 'NONE', #5620, 4.700000000000000178 ) ;
#586 =( NAMED_UNIT ( * ) SI_UNIT ( $, .STERADIAN. ) SOLID_ANGLE_UNIT ( ) );
#587 = FILL_AREA_STYLE ('',( #10151 ) ) ;
#588 = CARTESIAN_POINT ( 'NONE',  ( -51.64644658987389647, 2.853553410126084877, -14.75984213113620136 ) ) ;
#589 = SURFACE_STYLE_USAGE ( .BOTH. , #11109 ) ;
#590 = ORIENTED_EDGE ( 'NONE', *, *, #5726, .F. ) ;
#591 = EDGE_CURVE ( 'NONE', #10867, #6182, #8501, .T. ) ;
#592 = MECHANICAL_DESIGN_GEOMETRIC_PRESENTATION_REPRESENTATION (  '', ( #8738 ), #5130 ) ;
#593 = DIRECTION ( 'NONE',  ( -1.778194379851089694E-15, 1.000000000000000000, -1.243513618526272169E-14 ) ) ;
#594 = AXIS2_PLACEMENT_3D ( 'NONE', #10291, #8431, #7517 ) ;
#595 =( LENGTH_UNIT ( ) NAMED_UNIT ( * ) SI_UNIT ( .MILLI., .METRE. ) );
#596 = EDGE_CURVE ( 'NONE', #8370, #10996, #4157, .T. ) ;
#597 = SURFACE_STYLE_FILL_AREA ( #12003 ) ;
#598 = CARTESIAN_POINT ( 'NONE',  ( 37.47009096146980767, 3.000000000000000000, 2.349013996001439786 ) ) ;
#599 = FILL_AREA_STYLE ('',( #2659 ) ) ;
#600 = CARTESIAN_POINT ( 'NONE',  ( 22.07417989148054716, 2.089160432414680191, -11.26666666666666039 ) ) ;
#601 = STYLED_ITEM ( 'NONE', ( #7842 ), #3246 ) ;
#602 = CARTESIAN_POINT ( 'NONE',  ( 47.50000000000000000, 1.800000000002909939, 10.00000000000000000 ) ) ;
#603 = AXIS2_PLACEMENT_3D ( 'NONE', #865, #7613, #1751 ) ;
#604 = UNCERTAINTY_MEASURE_WITH_UNIT (LENGTH_MEASURE( 1.000000000000000082E-05 ), #6113, 'distance_accuracy_value', 'NONE');
#605 = SURFACE_STYLE_USAGE ( .BOTH. , #11225 ) ;
#606 = CARTESIAN_POINT ( 'NONE',  ( 51.43620451041950048, 3.028995438950104813, -14.99999999999923972 ) ) ;
#607 =( GEOMETRIC_REPRESENTATION_CONTEXT ( 3 ) GLOBAL_UNCERTAINTY_ASSIGNED_CONTEXT ( ( #7988 ) ) GLOBAL_UNIT_ASSIGNED_CONTEXT ( ( #9840, #9051, #10830 ) ) REPRESENTATION_CONTEXT ( 'NONE', 'WORKASPACE' ) );
#608 = CARTESIAN_POINT ( 'NONE',  ( -24.10102051443364957, 3.500000000000000000, -13.00000000000000000 ) ) ;
#609 = ORIENTED_EDGE ( 'NONE', *, *, #2127, .T. ) ;
#610 = CIRCLE ( 'NONE', #7300, 1.199999999999999734 ) ;
#611 = EDGE_CURVE ( 'NONE', #3659, #4550, #7445, .T. ) ;
#612 = UNCERTAINTY_MEASURE_WITH_UNIT (LENGTH_MEASURE( 1.000000000000000082E-05 ), #2556, 'distance_accuracy_value', 'NONE');
#613 = SURFACE_STYLE_FILL_AREA ( #7739 ) ;
#614 = EDGE_CURVE ( 'NONE', #2692, #3219, #6997, .T. ) ;
#615 = DIRECTION ( 'NONE',  ( -0.0000000000000000000, 0.01745240643728355329, 0.9998476951563912696 ) ) ;
#616 = EDGE_LOOP ( 'NONE', ( #2388, #1259, #9808, #7350 ) ) ;
#617 = SURFACE_STYLE_USAGE ( .BOTH. , #8289 ) ;
#618 =( LENGTH_UNIT ( ) NAMED_UNIT ( * ) SI_UNIT ( .MILLI., .METRE. ) );
#619 = CIRCLE ( 'NONE', #7364, 1.000000000000000000 ) ;
#620 = AXIS2_PLACEMENT_3D ( 'NONE', #6328, #516, #2358 ) ;
#621 = VECTOR ( 'NONE', #11569, 1000.000000000000000 ) ;
#622 = FILL_AREA_STYLE_COLOUR ( '', #1673 ) ;
#623 = VERTEX_POINT ( 'NONE', #692 ) ;
#624 = CARTESIAN_POINT ( 'NONE',  ( -52.50000000000000000, -1.199999999999999956, -13.79999999999999893 ) ) ;
#625 = SURFACE_SIDE_STYLE ('',( #12022 ) ) ;
#626 = ADVANCED_FACE ( 'NONE', ( #8922 ), #5395, .F. ) ;
#627 = ORIENTED_EDGE ( 'NONE', *, *, #2536, .F. ) ;
#628 = SURFACE_STYLE_FILL_AREA ( #12256 ) ;
#629 = CARTESIAN_POINT ( 'NONE',  ( -32.23495939512579866, 3.499999999999955147, 8.080378074460259796 ) ) ;
#630 = AXIS2_PLACEMENT_3D ( 'NONE', #1792, #2726, #9425 ) ;
#631 = STYLED_ITEM ( 'NONE', ( #5592 ), #7084 ) ;
#632 = ORIENTED_EDGE ( 'NONE', *, *, #9530, .F. ) ;
#633 = COLOUR_RGB ( '',0.7529411764705882248, 0.7529411764705882248, 0.7529411764705882248 ) ;
#634 =( LENGTH_UNIT ( ) NAMED_UNIT ( * ) SI_UNIT ( .MILLI., .METRE. ) );
#635 = VERTEX_POINT ( 'NONE', #9380 ) ;
#636 = UNCERTAINTY_MEASURE_WITH_UNIT (LENGTH_MEASURE( 1.000000000000000082E-05 ), #11088, 'distance_accuracy_value', 'NONE');
#637 = DIRECTION ( 'NONE',  ( 1.000000000000000000, 5.288791085217827275E-17, 0.0000000000000000000 ) ) ;
#638 = ORIENTED_EDGE ( 'NONE', *, *, #3443, .T. ) ;
#639 = VECTOR ( 'NONE', #11870, 1000.000000000000000 ) ;
#640 = TOROIDAL_SURFACE ( 'NONE', #1331, 4.000000000000280664, 0.5000000000000000000 ) ;
#641 = SURFACE_SIDE_STYLE ('',( #2411 ) ) ;
#642 = PRESENTATION_STYLE_ASSIGNMENT (( #7932 ) ) ;
#643 = CARTESIAN_POINT ( 'NONE',  ( -28.10102051443364957, 2.299999999999999822, -10.00000000000000000 ) ) ;
#644 = FACE_OUTER_BOUND ( 'NONE', #4387, .T. ) ;
#645 = AXIS2_PLACEMENT_3D ( 'NONE', #12123, #6463, #2664 ) ;
#646 =( LENGTH_UNIT ( ) NAMED_UNIT ( * ) SI_UNIT ( .MILLI., .METRE. ) );
#647 = ORIENTED_EDGE ( 'NONE', *, *, #166, .T. ) ;
#648 = ORIENTED_EDGE ( 'NONE', *, *, #6056, .F. ) ;
#649 = DIRECTION ( 'NONE',  ( 6.219586674706248461E-32, 1.243513618526272169E-14, 1.000000000000000000 ) ) ;
#650 = CARTESIAN_POINT ( 'NONE',  ( 51.29999999999999716, 1.502943725152305010, -15.00000000000000000 ) ) ;
#651 = SURFACE_STYLE_FILL_AREA ( #3934 ) ;
#652 = PLANE ( 'NONE',  #12176 ) ;
#653 = DIRECTION ( 'NONE',  ( 0.0000000000000000000, 0.0000000000000000000, -1.000000000000000000 ) ) ;
#654 = PRESENTATION_STYLE_ASSIGNMENT (( #7515 ) ) ;
#655 = EDGE_CURVE ( 'NONE', #4878, #5014, #9974, .T. ) ;
#656 =( NAMED_UNIT ( * ) PLANE_ANGLE_UNIT ( ) SI_UNIT ( $, .RADIAN. ) );
#657 = DIRECTION ( 'NONE',  ( 1.000000000000000000, 0.0000000000000000000, 0.0000000000000000000 ) ) ;
#658 =( GEOMETRIC_REPRESENTATION_CONTEXT ( 3 ) GLOBAL_UNCERTAINTY_ASSIGNED_CONTEXT ( ( #10949 ) ) GLOBAL_UNIT_ASSIGNED_CONTEXT ( ( #2330, #11878, #10890 ) ) REPRESENTATION_CONTEXT ( 'NONE', 'WORKASPACE' ) );
#659 = ORIENTED_EDGE ( 'NONE', *, *, #6374, .T. ) ;
#660 = ORIENTED_EDGE ( 'NONE', *, *, #7663, .T. ) ;
#661 = DIRECTION ( 'NONE',  ( 0.0000000000000000000, 0.0000000000000000000, 1.000000000000000000 ) ) ;
#662 = FACE_OUTER_BOUND ( 'NONE', #10221, .T. ) ;
#663 = CARTESIAN_POINT ( 'NONE',  ( -28.69999999999999929, 0.7999999999999999334, -12.23491012985641824 ) ) ;
#665 = B_SPLINE_CURVE_WITH_KNOTS ( 'NONE', 3,
 ( #2203, #4187, #7085, #10776 ),
 .UNSPECIFIED., .F., .F.,
 ( 4, 4 ),
 ( 1.203107199197922175E-14, 0.0007359382172950580323 ),
 .UNSPECIFIED. ) ;
#664 = AXIS2_PLACEMENT_3D ( 'NONE', #6109, #3198, #5043 ) ;
#666 = VECTOR ( 'NONE', #4714, 1000.000000000000000 ) ;
#667 =( LENGTH_UNIT ( ) NAMED_UNIT ( * ) SI_UNIT ( .MILLI., .METRE. ) );
#668 = SURFACE_SIDE_STYLE ('',( #8804 ) ) ;
#669 = SURFACE_STYLE_FILL_AREA ( #1851 ) ;
#670 = SURFACE_STYLE_FILL_AREA ( #9655 ) ;
#671 = FACE_OUTER_BOUND ( 'NONE', #2458, .T. ) ;
#672 = FILL_AREA_STYLE ('',( #7428 ) ) ;
#673 = DIRECTION ( 'NONE',  ( 0.9998476951563912696, 0.01745240643728355329, 0.0000000000000000000 ) ) ;
#674 = DIRECTION ( 'NONE',  ( 0.5041973887555499800, 0.0000000000000000000, 0.8635884396934020435 ) ) ;
#675 = AXIS2_PLACEMENT_3D ( 'NONE', #602, #4558, #6504 ) ;
#676 = DIRECTION ( 'NONE',  ( 0.0000000000000000000, 1.000000000000000000, 0.0000000000000000000 ) ) ;
#677 = SURFACE_STYLE_FILL_AREA ( #3724 ) ;
#678 = STYLED_ITEM ( 'NONE', ( #6534 ), #6540 ) ;
#679 = MECHANICAL_DESIGN_GEOMETRIC_PRESENTATION_REPRESENTATION (  '', ( #3309 ), #8678 ) ;
#681 = ADVANCED_FACE ( 'NONE', ( #4144 ), #10414, .T. ) ;
#680 = CARTESIAN_POINT ( 'NONE',  ( -26.50000000000000000, 2.000000000000000000, 4.299999999999999822 ) ) ;
#682 = FILL_AREA_STYLE_COLOUR ( '', #9717 ) ;
#683 = ADVANCED_FACE ( 'NONE', ( #200 ), #497, .F. ) ;
#684 = EDGE_CURVE ( 'NONE', #4362, #10411, #7288, .T. ) ;
#685 = PRESENTATION_STYLE_ASSIGNMENT (( #6722 ) ) ;
#686 = VERTEX_POINT ( 'NONE', #5529 ) ;
#687 =( NAMED_UNIT ( * ) PLANE_ANGLE_UNIT ( ) SI_UNIT ( $, .RADIAN. ) );
#688 = EDGE_CURVE ( 'NONE', #6790, #12057, #806, .T. ) ;
#689 =( NAMED_UNIT ( * ) PLANE_ANGLE_UNIT ( ) SI_UNIT ( $, .RADIAN. ) );
#690 = COLOUR_RGB ( '',0.7529411764705882248, 0.7529411764705882248, 0.7529411764705882248 ) ;
#691 = CARTESIAN_POINT ( 'NONE',  ( -26.50000000000000000, 1.200000000001456790, 5.500000000000000000 ) ) ;
#692 = CARTESIAN_POINT ( 'NONE',  ( 22.84999999999975273, -1.200000000016025137, 3.821458966837329996 ) ) ;
#693 = VERTEX_POINT ( 'NONE', #8332 ) ;
#694 = ORIENTED_EDGE ( 'NONE', *, *, #2998, .T. ) ;
#695 = ORIENTED_EDGE ( 'NONE', *, *, #8298, .T. ) ;
#696 = SURFACE_STYLE_USAGE ( .BOTH. , #4564 ) ;
#697 = VERTEX_POINT ( 'NONE', #2642 ) ;
#698 = ORIENTED_EDGE ( 'NONE', *, *, #1883, .T. ) ;
#699 = CIRCLE ( 'NONE', #4883, 0.1999999999999996503 ) ;
#700 = DIRECTION ( 'NONE',  ( 1.000000000000000000, 8.673617379884027583E-16, 0.0000000000000000000 ) ) ;
#701 = CARTESIAN_POINT ( 'NONE',  ( -25.86396406938204962, -0.3999990008941790576, -3.631026013147189868 ) ) ;
#702 =( GEOMETRIC_REPRESENTATION_CONTEXT ( 3 ) GLOBAL_UNCERTAINTY_ASSIGNED_CONTEXT ( ( #1670 ) ) GLOBAL_UNIT_ASSIGNED_CONTEXT ( ( #5241, #10898, #5192 ) ) REPRESENTATION_CONTEXT ( 'NONE', 'WORKASPACE' ) );
#703 = EDGE_CURVE ( 'NONE', #9585, #3377, #2793, .T. ) ;
#704 = ORIENTED_EDGE ( 'NONE', *, *, #76, .F. ) ;
#705 = DIRECTION ( 'NONE',  ( -0.9998476951563912696, -0.01745240643728355329, 2.581085506426065195E-16 ) ) ;
#706 =( LENGTH_UNIT ( ) NAMED_UNIT ( * ) SI_UNIT ( .MILLI., .METRE. ) );
#707 = CARTESIAN_POINT ( 'NONE',  ( 23.50000000000000000, 2.000000000000000000, -5.299999999999999822 ) ) ;
#708 = ORIENTED_EDGE ( 'NONE', *, *, #1151, .T. ) ;
#709 = SURFACE_SIDE_STYLE ('',( #10111 ) ) ;
#710 = ORIENTED_EDGE ( 'NONE', *, *, #2512, .F. ) ;
#711 = VECTOR ( 'NONE', #3705, 1000.000000000000000 ) ;
#712 = VERTEX_POINT ( 'NONE', #2559 ) ;
#713 = DIRECTION ( 'NONE',  ( 0.0000000000000000000, 0.0000000000000000000, -1.000000000000000000 ) ) ;
#714 = CARTESIAN_POINT ( 'NONE',  ( 51.29999999999999716, -1.199999999999999956, 10.00000000000000000 ) ) ;
#715 = VERTEX_POINT ( 'NONE', #9255 ) ;
#716 = CARTESIAN_POINT ( 'NONE',  ( -68.60321982055950230, -1.200000000010685186, -4.649999999999820055 ) ) ;
#717 = UNCERTAINTY_MEASURE_WITH_UNIT (LENGTH_MEASURE( 1.000000000000000082E-05 ), #2285, 'distance_accuracy_value', 'NONE');
#718 = UNCERTAINTY_MEASURE_WITH_UNIT (LENGTH_MEASURE( 1.000000000000000082E-05 ), #11479, 'distance_accuracy_value', 'NONE');
#719 = CARTESIAN_POINT ( 'NONE',  ( -26.17713943235062857, -0.5357252713628327667, -7.059763170122041132 ) ) ;
#720 = ORIENTED_EDGE ( 'NONE', *, *, #3841, .T. ) ;
#721 = VERTEX_POINT ( 'NONE', #10239 ) ;
#722 = LINE ( 'NONE', #11176, #12413 ) ;
#723 = CARTESIAN_POINT ( 'NONE',  ( -51.29999999999999716, -1.200000000000000178, -10.14919333847030103 ) ) ;
#724 =( GEOMETRIC_REPRESENTATION_CONTEXT ( 3 ) GLOBAL_UNCERTAINTY_ASSIGNED_CONTEXT ( ( #4303 ) ) GLOBAL_UNIT_ASSIGNED_CONTEXT ( ( #12389, #7753, #8629 ) ) REPRESENTATION_CONTEXT ( 'NONE', 'WORKASPACE' ) );
#725 = MECHANICAL_DESIGN_GEOMETRIC_PRESENTATION_REPRESENTATION (  '', ( #8718 ), #8477 ) ;
#726 = CARTESIAN_POINT ( 'NONE',  ( -51.50000000000000000, -2.700000000000000178, 10.00000000000000000 ) ) ;
#727 = DIRECTION ( 'NONE',  ( -1.000000000000000000, 3.136830188958566835E-16, 0.0000000000000000000 ) ) ;
#728 = CARTESIAN_POINT ( 'NONE',  ( 41.65096347429519597, 3.433012701872514949, -1.381984381437779907 ) ) ;
#729 = FILL_AREA_STYLE ('',( #5554 ) ) ;
#730 = ORIENTED_EDGE ( 'NONE', *, *, #8518, .F. ) ;
#731 = PRESENTATION_STYLE_ASSIGNMENT (( #3398 ) ) ;
#732 = ORIENTED_EDGE ( 'NONE', *, *, #7982, .F. ) ;
#733 = CARTESIAN_POINT ( 'NONE',  ( 23.50000000000000000, 1.800000000002909939, 5.500000000000079048 ) ) ;
#734 = CARTESIAN_POINT ( 'NONE',  ( -27.14127246753589873, 1.800000000000000044, 6.141272467535969781 ) ) ;
#735 = SURFACE_STYLE_FILL_AREA ( #7867 ) ;
#736 = EDGE_CURVE ( 'NONE', #9224, #10086, #10998, .T. ) ;
#737 = FILL_AREA_STYLE ('',( #12079 ) ) ;
#738 = CARTESIAN_POINT ( 'NONE',  ( 23.50000000000000000, 1.800000000000000044, 4.700000000000000178 ) ) ;
#739 = STYLED_ITEM ( 'NONE', ( #12375 ), #8143 ) ;
#740 =( GEOMETRIC_REPRESENTATION_CONTEXT ( 3 ) GLOBAL_UNCERTAINTY_ASSIGNED_CONTEXT ( ( #7720 ) ) GLOBAL_UNIT_ASSIGNED_CONTEXT ( ( #6535, #4419, #7398 ) ) REPRESENTATION_CONTEXT ( 'NONE', 'WORKASPACE' ) );
#741 = PRESENTATION_STYLE_ASSIGNMENT (( #11064 ) ) ;
#742 = VERTEX_POINT ( 'NONE', #10196 ) ;
#743 = CARTESIAN_POINT ( 'NONE',  ( 24.15000000000000213, 2.299999999999999822, -2.782205948333334788 ) ) ;
#744 = DIRECTION ( 'NONE',  ( 0.0000000000000000000, 0.0000000000000000000, 1.000000000000000000 ) ) ;
#745 = VECTOR ( 'NONE', #6789, 1000.000000000000114 ) ;
#746 = DIRECTION ( 'NONE',  ( 0.0000000000000000000, 1.000000000000000000, 0.0000000000000000000 ) ) ;
#747 =( NAMED_UNIT ( * ) SI_UNIT ( $, .STERADIAN. ) SOLID_ANGLE_UNIT ( ) );
#748 = B_SPLINE_CURVE_WITH_KNOTS ( 'NONE', 3,
 ( #7437, #10257, #9230, #10174 ),
 .UNSPECIFIED., .F., .F.,
 ( 4, 4 ),
 ( 4.055790350041035082E-16, 0.002400540168335219948 ),
 .UNSPECIFIED. ) ;
#749 =( NAMED_UNIT ( * ) SI_UNIT ( $, .STERADIAN. ) SOLID_ANGLE_UNIT ( ) );
#750 = ADVANCED_FACE ( 'NONE', ( #5038 ), #1698, .T. ) ;
#751 = VECTOR ( 'NONE', #9713, 1000.000000000000227 ) ;
#752 = EDGE_CURVE ( 'NONE', #4492, #10101, #8774, .T. ) ;
#753 = MECHANICAL_DESIGN_GEOMETRIC_PRESENTATION_REPRESENTATION (  '', ( #7230 ), #11746 ) ;
#754 = DIRECTION ( 'NONE',  ( 0.0000000000000000000, 0.0000000000000000000, 1.000000000000000000 ) ) ;
#755 = PRESENTATION_LAYER_ASSIGNMENT (  '', '', ( #5945 ) ) ;
#756 = SURFACE_SIDE_STYLE ('',( #9977 ) ) ;
#757 = PRESENTATION_STYLE_ASSIGNMENT (( #10230 ) ) ;
#758 = ORIENTED_EDGE ( 'NONE', *, *, #8106, .F. ) ;
#759 = AXIS2_PLACEMENT_3D ( 'NONE', #629, #593, #11975 ) ;
#760 = CIRCLE ( 'NONE', #12365, 1.700000000000000178 ) ;
#761 = DIRECTION ( 'NONE',  ( 0.0000000000000000000, -1.000000000000000000, 0.0000000000000000000 ) ) ;
#762 = SURFACE_SIDE_STYLE ('',( #11197 ) ) ;
#763 = CARTESIAN_POINT ( 'NONE',  ( -26.50000000000000000, 1.199999999999999956, -4.500000000000000000 ) ) ;
#764 = COLOUR_RGB ( '',0.7529411764705882248, 0.7529411764705882248, 0.7529411764705882248 ) ;
#765 = EDGE_CURVE ( 'NONE', #2102, #9665, #11874, .T. ) ;
#766 = DIRECTION ( 'NONE',  ( 0.0000000000000000000, 0.9998476951563911586, 0.01745240643728354982 ) ) ;
#767 = ORIENTED_EDGE ( 'NONE', *, *, #2830, .T. ) ;
#768 = VECTOR ( 'NONE', #6888, 1000.000000000000000 ) ;
#769 = DIRECTION ( 'NONE',  ( -1.859295415067326230E-17, 0.01745240643728355329, -0.9998476951563912696 ) ) ;
#770 = DIRECTION ( 'NONE',  ( 1.000000000000000000, 0.0000000000000000000, 0.0000000000000000000 ) ) ;
#771 = AXIS2_PLACEMENT_3D ( 'NONE', #1907, #3761, #9543 ) ;
#772 = PLANE ( 'NONE',  #6530 ) ;
#773 = DIRECTION ( 'NONE',  ( -0.5492864297670910778, 0.0000000000000000000, 0.8356341412805742275 ) ) ;
#774 = ORIENTED_EDGE ( 'NONE', *, *, #141, .F. ) ;
#775 =( NAMED_UNIT ( * ) PLANE_ANGLE_UNIT ( ) SI_UNIT ( $, .RADIAN. ) );
#776 = ORIENTED_EDGE ( 'NONE', *, *, #315, .T. ) ;
#777 = PRESENTATION_STYLE_ASSIGNMENT (( #6043 ) ) ;
#778 = CARTESIAN_POINT ( 'NONE',  ( 50.30330404108730136, 3.500000000000000000, -15.00000000000000000 ) ) ;
#779 = EDGE_CURVE ( 'NONE', #11862, #11116, #3079, .T. ) ;
#780 = SURFACE_STYLE_FILL_AREA ( #9553 ) ;
#781 = ORIENTED_EDGE ( 'NONE', *, *, #7022, .T. ) ;
#782 = EDGE_CURVE ( 'NONE', #6258, #10158, #6247, .T. ) ;
#783 =( LENGTH_UNIT ( ) NAMED_UNIT ( * ) SI_UNIT ( .MILLI., .METRE. ) );
#784 = VERTEX_POINT ( 'NONE', #1869 ) ;
#785 =( NAMED_UNIT ( * ) SI_UNIT ( $, .STERADIAN. ) SOLID_ANGLE_UNIT ( ) );
#786 =( NAMED_UNIT ( * ) PLANE_ANGLE_UNIT ( ) SI_UNIT ( $, .RADIAN. ) );
#787 = COLOUR_RGB ( '',0.7529411764705882248, 0.7529411764705882248, 0.7529411764705882248 ) ;
#788 = DIRECTION ( 'NONE',  ( 0.0000000000000000000, 0.0000000000000000000, -1.000000000000000000 ) ) ;
#789 = ORIENTED_EDGE ( 'NONE', *, *, #4240, .F. ) ;
#790 = MECHANICAL_DESIGN_GEOMETRIC_PRESENTATION_REPRESENTATION (  '', ( #1866 ), #9420 ) ;
#791 =( LENGTH_UNIT ( ) NAMED_UNIT ( * ) SI_UNIT ( .MILLI., .METRE. ) );
#792 = DIRECTION ( 'NONE',  ( -0.7071067811865441310, 0.7071067811865510144, 3.271025955591185342E-16 ) ) ;
#793 = SURFACE_STYLE_FILL_AREA ( #1032 ) ;
#794 = DIRECTION ( 'NONE',  ( 0.0000000000000000000, 0.0000000000000000000, -1.000000000000000000 ) ) ;
#795 = PRESENTATION_STYLE_ASSIGNMENT (( #8513 ) ) ;
#796 =( LENGTH_UNIT ( ) NAMED_UNIT ( * ) SI_UNIT ( .MILLI., .METRE. ) );
#797 = ORIENTED_EDGE ( 'NONE', *, *, #2797, .F. ) ;
#798 = ORIENTED_EDGE ( 'NONE', *, *, #1268, .F. ) ;
#799 = UNCERTAINTY_MEASURE_WITH_UNIT (LENGTH_MEASURE( 1.000000000000000082E-05 ), #8913, 'distance_accuracy_value', 'NONE');
#800 =( LENGTH_UNIT ( ) NAMED_UNIT ( * ) SI_UNIT ( .MILLI., .METRE. ) );
#801 = EDGE_LOOP ( 'NONE', ( #7676, #11647 ) ) ;
#802 = MECHANICAL_DESIGN_GEOMETRIC_PRESENTATION_REPRESENTATION (  '', ( #3566 ), #5583 ) ;
#803 = STYLED_ITEM ( 'NONE', ( #5989 ), #7772 ) ;
#804 = CARTESIAN_POINT ( 'NONE',  ( 51.37002508531249845, 3.062790684334729896, -14.99999999711018006 ) ) ;
#805 = VECTOR ( 'NONE', #9098, 1000.000000000000000 ) ;
#806 = CIRCLE ( 'NONE', #11873, 0.5000000000000254241 ) ;
#807 = LINE ( 'NONE', #10646, #1560 ) ;
#808 = CARTESIAN_POINT ( 'NONE',  ( 42.08429383864650219, 5.776443852546250035, -13.79999999999999893 ) ) ;
#809 = SURFACE_STYLE_FILL_AREA ( #4596 ) ;
#810 =( NAMED_UNIT ( * ) SI_UNIT ( $, .STERADIAN. ) SOLID_ANGLE_UNIT ( ) );
#811 = CARTESIAN_POINT ( 'NONE',  ( 51.50000000001769962, -2.699999999856985244, 10.00000000000000000 ) ) ;
#812 = VECTOR ( 'NONE', #3522, 1000.000000000000000 ) ;
#813 = VERTEX_POINT ( 'NONE', #11438 ) ;
#814 = ORIENTED_EDGE ( 'NONE', *, *, #3925, .F. ) ;
#815 = DIRECTION ( 'NONE',  ( 0.0000000000000000000, -1.000000000000000000, 0.0000000000000000000 ) ) ;
#816 = EDGE_CURVE ( 'NONE', #7651, #1684, #177, .T. ) ;
#817 = LINE ( 'NONE', #7243, #5048 ) ;
#818 = ADVANCED_FACE ( 'NONE', ( #2778 ), #2634, .T. ) ;
#819 = COLOUR_RGB ( '',0.7529411764705882248, 0.7529411764705882248, 0.7529411764705882248 ) ;
#820 = CARTESIAN_POINT ( 'NONE',  ( 22.84999999999999787, 2.299999999999999822, -4.649999999999919531 ) ) ;
#821 = FILL_AREA_STYLE_COLOUR ( '', #2061 ) ;
#822 = ADVANCED_FACE ( 'NONE', ( #5025 ), #7737, .T. ) ;
#823 =( GEOMETRIC_REPRESENTATION_CONTEXT ( 3 ) GLOBAL_UNCERTAINTY_ASSIGNED_CONTEXT ( ( #3830 ) ) GLOBAL_UNIT_ASSIGNED_CONTEXT ( ( #2549, #5360, #4535 ) ) REPRESENTATION_CONTEXT ( 'NONE', 'WORKASPACE' ) );
#824 = CARTESIAN_POINT ( 'NONE',  ( -50.66508987014359633, 0.7999999999999999334, -13.16508987014356080 ) ) ;
#825 = CARTESIAN_POINT ( 'NONE',  ( 25.15932519075570184, 0.4000010255231937761, -4.677928121785719817 ) ) ;
#826 = VECTOR ( 'NONE', #11783, 1000.000000000000000 ) ;
#827 = DIRECTION ( 'NONE',  ( 0.0000000000000000000, -0.01745240643728355329, 0.9998476951563912696 ) ) ;
#828 = DIRECTION ( 'NONE',  ( 0.0000000000000000000, -9.035018104045879322E-17, -1.000000000000000000 ) ) ;
#829 = CYLINDRICAL_SURFACE ( 'NONE', #11021, 0.8000000000000003775 ) ;
#830 = DIRECTION ( 'NONE',  ( 0.0000000000000000000, 0.0000000000000000000, 1.000000000000000000 ) ) ;
#831 = PRESENTATION_STYLE_ASSIGNMENT (( #2975 ) ) ;
#832 = EDGE_CURVE ( 'NONE', #8767, #10302, #9668, .T. ) ;
#833 = CARTESIAN_POINT ( 'NONE',  ( -26.50000000000000000, -1.200000000021375079, 5.500000000000000000 ) ) ;
#834 = AXIS2_PLACEMENT_3D ( 'NONE', #6604, #8, #4716 ) ;
#835 = PRESENTATION_LAYER_ASSIGNMENT (  '', '', ( #7470 ) ) ;
#836 = CARTESIAN_POINT ( 'NONE',  ( -50.68773582912768205, -0.4973861212922210950, -10.49999999999999112 ) ) ;
#837 =( NAMED_UNIT ( * ) PLANE_ANGLE_UNIT ( ) SI_UNIT ( $, .RADIAN. ) );
#839 = MECHANICAL_DESIGN_GEOMETRIC_PRESENTATION_REPRESENTATION (  '', ( #11823 ), #1742 ) ;
#838 = B_SPLINE_CURVE_WITH_KNOTS ( 'NONE', 3,
 ( #8231, #5268, #8153, #9187, #11087, #5223, #12026, #2532 ),
 .UNSPECIFIED., .F., .F.,
 ( 4, 2, 2, 4 ),
 ( 0.0000000000000000000, 0.5000000000000046629, 0.7500000000000023315, 1.000000000000000000 ),
 .UNSPECIFIED. ) ;
#840 = CARTESIAN_POINT ( 'NONE',  ( -32.23495939512574182, 3.500000000000000000, 8.080378074460210058 ) ) ;
#841 = PRESENTATION_STYLE_ASSIGNMENT (( #8757 ) ) ;
#842 = CARTESIAN_POINT ( 'NONE',  ( 20.00000000000000000, 3.405465559969194977, -12.00000000000000000 ) ) ;
#843 =( NAMED_UNIT ( * ) SI_UNIT ( $, .STERADIAN. ) SOLID_ANGLE_UNIT ( ) );
#844 = CIRCLE ( 'NONE', #5836, 2.199999999999415756 ) ;
#845 = COLOUR_RGB ( '',0.7529411764705882248, 0.7529411764705882248, 0.7529411764705882248 ) ;
#846 = ORIENTED_EDGE ( 'NONE', *, *, #7663, .F. ) ;
#847 = EDGE_CURVE ( 'NONE', #3038, #2040, #8327, .T. ) ;
#848 = CIRCLE ( 'NONE', #187, 268.6463119979134717 ) ;
#849 = SURFACE_STYLE_FILL_AREA ( #599 ) ;
#850 =( LENGTH_UNIT ( ) NAMED_UNIT ( * ) SI_UNIT ( .MILLI., .METRE. ) );
#851 = FILL_AREA_STYLE_COLOUR ( '', #9115 ) ;
#852 = UNCERTAINTY_MEASURE_WITH_UNIT (LENGTH_MEASURE( 1.000000000000000082E-05 ), #9067, 'distance_accuracy_value', 'NONE');
#853 =( NAMED_UNIT ( * ) PLANE_ANGLE_UNIT ( ) SI_UNIT ( $, .RADIAN. ) );
#854 = COLOUR_RGB ( '',0.7529411764705882248, 0.7529411764705882248, 0.7529411764705882248 ) ;
#855 = AXIS2_PLACEMENT_3D ( 'NONE', #8881, #4246, #7928 ) ;
#856 =( NAMED_UNIT ( * ) PLANE_ANGLE_UNIT ( ) SI_UNIT ( $, .RADIAN. ) );
#857 = VERTEX_POINT ( 'NONE', #889 ) ;
#858 = AXIS2_PLACEMENT_3D ( 'NONE', #8679, #3903, #4871 ) ;
#859 = CARTESIAN_POINT ( 'NONE',  ( 21.47753927018257869, 2.685801053712674413, -13.17911214966201428 ) ) ;
#860 = STYLED_ITEM ( 'NONE', ( #1607 ), #11856 ) ;
#861 = EDGE_LOOP ( 'NONE', ( #10820, #902, #10396, #1143 ) ) ;
#862 = EDGE_LOOP ( 'NONE', ( #4502, #1773, #10175, #2562 ) ) ;
#864 = ORIENTED_EDGE ( 'NONE', *, *, #12251, .F. ) ;
#863 = COLOUR_RGB ( '',0.7529411764705882248, 0.7529411764705882248, 0.7529411764705882248 ) ;
#865 = CARTESIAN_POINT ( 'NONE',  ( -32.23495939512579866, 1.800000000002909939, 8.080378074460210058 ) ) ;
#866 = DIRECTION ( 'NONE',  ( 0.0000000000000000000, -1.000000000000000000, 0.0000000000000000000 ) ) ;
#867 = EDGE_CURVE ( 'NONE', #4586, #1777, #9377, .T. ) ;
#868 = LINE ( 'NONE', #5848, #554 ) ;
#869 = ORIENTED_EDGE ( 'NONE', *, *, #5647, .F. ) ;
#870 = DIRECTION ( 'NONE',  ( -1.000000000000000000, 0.0000000000000000000, 0.0000000000000000000 ) ) ;
#871 = EDGE_CURVE ( 'NONE', #4138, #7362, #6843, .T. ) ;
#872 = PLANE ( 'NONE',  #4937 ) ;
#873 = ORIENTED_EDGE ( 'NONE', *, *, #11659, .T. ) ;
#874 = FILL_AREA_STYLE ('',( #12328 ) ) ;
#875 =( NAMED_UNIT ( * ) PLANE_ANGLE_UNIT ( ) SI_UNIT ( $, .RADIAN. ) );
#876 = PRESENTATION_LAYER_ASSIGNMENT (  '', '', ( #10113 ) ) ;
#877 = ORIENTED_EDGE ( 'NONE', *, *, #4817, .T. ) ;
#878 = ORIENTED_EDGE ( 'NONE', *, *, #4703, .T. ) ;
#879 = UNCERTAINTY_MEASURE_WITH_UNIT (LENGTH_MEASURE( 1.000000000000000082E-05 ), #8221, 'distance_accuracy_value', 'NONE');
#880 = ORIENTED_EDGE ( 'NONE', *, *, #1765, .T. ) ;
#881 = FILL_AREA_STYLE_COLOUR ( '', #9487 ) ;
#882 = FILL_AREA_STYLE_COLOUR ( '', #11767 ) ;
#883 = DIRECTION ( 'NONE',  ( -0.7071067812149690601, 0.7071067811581260854, 2.003070486882035049E-16 ) ) ;
#884 = LINE ( 'NONE', #8813, #7224 ) ;
#885 = STYLED_ITEM ( 'NONE', ( #8505 ), #1717 ) ;
#886 =( GEOMETRIC_REPRESENTATION_CONTEXT ( 3 ) GLOBAL_UNCERTAINTY_ASSIGNED_CONTEXT ( ( #8828 ) ) GLOBAL_UNIT_ASSIGNED_CONTEXT ( ( #5016, #7960, #3092 ) ) REPRESENTATION_CONTEXT ( 'NONE', 'WORKASPACE' ) );
#887 = DIRECTION ( 'NONE',  ( -1.000000000000000000, 0.0000000000000000000, 0.0000000000000000000 ) ) ;
#888 = CARTESIAN_POINT ( 'NONE',  ( -52.50000000000000000, 3.000000000000000000, -13.79999999999999893 ) ) ;
#889 = CARTESIAN_POINT ( 'NONE',  ( -27.15000000000000213, 2.299999999999999822, 7.649999999999999467 ) ) ;
#890 = ADVANCED_FACE ( 'NONE', ( #3242 ), #8746, .F. ) ;
#891 = VERTEX_POINT ( 'NONE', #11373 ) ;
#892 = LINE ( 'NONE', #6475, #8264 ) ;
#893 = DIRECTION ( 'NONE',  ( 0.0000000000000000000, 1.000000000000000000, 0.0000000000000000000 ) ) ;
#894 = CIRCLE ( 'NONE', #1782, 1.800000000003205258 ) ;
#895 = CARTESIAN_POINT ( 'NONE',  ( 38.48949857075054837, 3.500000000000000000, 1.128591447108959755 ) ) ;
#896 = CARTESIAN_POINT ( 'NONE',  ( -68.60321982055950230, -1.200000000000000178, -4.649999999999999467 ) ) ;
#897 = DIRECTION ( 'NONE',  ( -0.7071067811865475727, 0.7071067811865475727, 0.0000000000000000000 ) ) ;
#898 = FILL_AREA_STYLE_COLOUR ( '', #10891 ) ;
#899 =( LENGTH_UNIT ( ) NAMED_UNIT ( * ) SI_UNIT ( .MILLI., .METRE. ) );
#900 = CARTESIAN_POINT ( 'NONE',  ( 37.63824873692700379, 2.299999999999999822, -7.474999999999999645 ) ) ;
#901 = PRESENTATION_LAYER_ASSIGNMENT (  '', '', ( #10134 ) ) ;
#902 = ORIENTED_EDGE ( 'NONE', *, *, #8853, .T. ) ;
#903 = SURFACE_SIDE_STYLE ('',( #7330 ) ) ;
#904 = CARTESIAN_POINT ( 'NONE',  ( 25.65685424949239746, -0.6999999999999999556, -13.79999999999999893 ) ) ;
#905 = EDGE_CURVE ( 'NONE', #4214, #5634, #329, .T. ) ;
#906 = SURFACE_STYLE_USAGE ( .BOTH. , #4736 ) ;
#907 = EDGE_LOOP ( 'NONE', ( #10986, #1173, #6985, #4542 ) ) ;
#908 = DIRECTION ( 'NONE',  ( 0.0000000000000000000, 0.0000000000000000000, -1.000000000000000000 ) ) ;
#909 = COLOUR_RGB ( '',0.7529411764705882248, 0.7529411764705882248, 0.7529411764705882248 ) ;
#910 = SURFACE_SIDE_STYLE ('',( #2116 ) ) ;
#911 = SURFACE_STYLE_FILL_AREA ( #5178 ) ;
#912 = UNCERTAINTY_MEASURE_WITH_UNIT (LENGTH_MEASURE( 1.000000000000000082E-05 ), #571, 'distance_accuracy_value', 'NONE');
#913 = CARTESIAN_POINT ( 'NONE',  ( 41.42483333279859892, 3.500000000000000000, -1.493106612243422004 ) ) ;
#914 = SURFACE_STYLE_USAGE ( .BOTH. , #8542 ) ;
#915 = CARTESIAN_POINT ( 'NONE',  ( 23.24544410003094796, -0.6999999999999999556, 5.500000000000079048 ) ) ;
#916 = CARTESIAN_POINT ( 'NONE',  ( -24.82145896684129838, -1.200000000016240076, -5.950000000000120082 ) ) ;
#917 = VERTEX_POINT ( 'NONE', #10652 ) ;
#918 = B_SPLINE_CURVE_WITH_KNOTS ( 'NONE', 3,
 ( #2759, #12173, #3713, #5614 ),
 .UNSPECIFIED., .F., .F.,
 ( 4, 4 ),
 ( 4.274892638223265789E-15, 0.002400540168332094843 ),
 .UNSPECIFIED. ) ;
#919 = EDGE_CURVE ( 'NONE', #3221, #294, #5925, .T. ) ;
#920 = VECTOR ( 'NONE', #9727, 1000.000000000000114 ) ;
#921 = STYLED_ITEM ( 'NONE', ( #10096 ), #2491 ) ;
#922 = ORIENTED_EDGE ( 'NONE', *, *, #4603, .F. ) ;
#923 = PRESENTATION_LAYER_ASSIGNMENT (  '', '', ( #7232 ) ) ;
#924 = DIRECTION ( 'NONE',  ( 0.0000000000000000000, 0.0000000000000000000, -1.000000000000000000 ) ) ;
#925 = LINE ( 'NONE', #7736, #5628 ) ;
#926 = STYLED_ITEM ( 'NONE', ( #9296 ), #11324 ) ;
#927 = SURFACE_STYLE_USAGE ( .BOTH. , #1834 ) ;
#928 = EDGE_LOOP ( 'NONE', ( #6695, #7989 ) ) ;
#929 =( LENGTH_UNIT ( ) NAMED_UNIT ( * ) SI_UNIT ( .MILLI., .METRE. ) );
#930 = EDGE_CURVE ( 'NONE', #2249, #2622, #619, .T. ) ;
#931 = DIRECTION ( 'NONE',  ( 0.0000000000000000000, 0.0000000000000000000, -1.000000000000000000 ) ) ;
#932 = VERTEX_POINT ( 'NONE', #8871 ) ;
#933 = PRESENTATION_STYLE_ASSIGNMENT (( #5651 ) ) ;
#934 = EDGE_CURVE ( 'NONE', #8399, #1932, #8471, .T. ) ;
#935 = EDGE_LOOP ( 'NONE', ( #5625, #8856, #12282, #1203 ) ) ;
#936 = LINE ( 'NONE', #3658, #9804 ) ;
#937 = ADVANCED_FACE ( 'NONE', ( #7267 ), #1853, .T. ) ;
#938 =( GEOMETRIC_REPRESENTATION_CONTEXT ( 3 ) GLOBAL_UNCERTAINTY_ASSIGNED_CONTEXT ( ( #7730 ) ) GLOBAL_UNIT_ASSIGNED_CONTEXT ( ( #9773, #201, #1213 ) ) REPRESENTATION_CONTEXT ( 'NONE', 'WORKASPACE' ) );
#939 = ORIENTED_EDGE ( 'NONE', *, *, #2174, .F. ) ;
#940 = DIRECTION ( 'NONE',  ( 0.0000000000000000000, 0.0000000000000000000, 1.000000000000000000 ) ) ;
#941 = SURFACE_STYLE_USAGE ( .BOTH. , #11394 ) ;
#942 = ORIENTED_EDGE ( 'NONE', *, *, #6422, .F. ) ;
#943 = SURFACE_STYLE_USAGE ( .BOTH. , #11621 ) ;
#944 = AXIS2_PLACEMENT_3D ( 'NONE', #5823, #2927, #8709 ) ;
#945 = CARTESIAN_POINT ( 'NONE',  ( -52.50000000000000000, -1.199999999999999956, -13.79999999999999893 ) ) ;
#946 = LINE ( 'NONE', #5274, #12175 ) ;
#947 = EDGE_CURVE ( 'NONE', #294, #2921, #1535, .T. ) ;
#948 = FACE_OUTER_BOUND ( 'NONE', #10699, .T. ) ;
#949 = EDGE_CURVE ( 'NONE', #9875, #4340, #9512, .T. ) ;
#950 = CIRCLE ( 'NONE', #1174, 3.799999999999999378 ) ;
#951 = CARTESIAN_POINT ( 'NONE',  ( -52.50000000000000000, -0.4000000000000000222, -8.599999999999999645 ) ) ;
#952 = CIRCLE ( 'NONE', #2934, 0.1999999999999996503 ) ;
#953 = CARTESIAN_POINT ( 'NONE',  ( -68.60321982055950230, -1.200000000000000178, 21.39567676978599664 ) ) ;
#955 = ORIENTED_EDGE ( 'NONE', *, *, #2512, .T. ) ;
#954 = SURFACE_SIDE_STYLE ('',( #565 ) ) ;
#956 = SURFACE_STYLE_USAGE ( .BOTH. , #5697 ) ;
#957 = VERTEX_POINT ( 'NONE', #9741 ) ;
#958 = COLOUR_RGB ( '',0.7529411764705882248, 0.7529411764705882248, 0.7529411764705882248 ) ;
#959 = DIRECTION ( 'NONE',  ( 0.7071067811865450192, -0.7071067811865500152, 0.0000000000000000000 ) ) ;
#960 = CARTESIAN_POINT ( 'NONE',  ( -47.50000000000000000, 2.146446609406744699, 10.00000000000000000 ) ) ;
#961 = PRESENTATION_STYLE_ASSIGNMENT (( #12132 ) ) ;
#962 = DIRECTION ( 'NONE',  ( 0.0000000000000000000, 0.0000000000000000000, 1.000000000000000000 ) ) ;
#963 = DIRECTION ( 'NONE',  ( 1.000000000000000000, 0.0000000000000000000, 0.0000000000000000000 ) ) ;
#964 = AXIS2_PLACEMENT_3D ( 'NONE', #6266, #5251, #2428 ) ;
#965 = AXIS2_PLACEMENT_3D ( 'NONE', #1042, #104, #2057 ) ;
#966 = AXIS2_PLACEMENT_3D ( 'NONE', #3605, #4630, #2770 ) ;
#967 = CARTESIAN_POINT ( 'NONE',  ( 38.80623786514634332, 3.500000000000000000, 1.043557003315132015 ) ) ;
#968 = UNCERTAINTY_MEASURE_WITH_UNIT (LENGTH_MEASURE( 1.000000000000000082E-05 ), #5367, 'distance_accuracy_value', 'NONE');
#969 = ORIENTED_EDGE ( 'NONE', *, *, #3768, .F. ) ;
#970 = SURFACE_STYLE_USAGE ( .BOTH. , #5794 ) ;
#971 = VECTOR ( 'NONE', #9032, 1000.000000000000000 ) ;
#972 = PRESENTATION_STYLE_ASSIGNMENT (( #8998 ) ) ;
#973 = VECTOR ( 'NONE', #4664, 1000.000000000000000 ) ;
#974 = SURFACE_STYLE_USAGE ( .BOTH. , #4994 ) ;
#975 = CARTESIAN_POINT ( 'NONE',  ( -51.57294122709459572, 2.927058772905405171, -15.00000000000000000 ) ) ;
#976 = CARTESIAN_POINT ( 'NONE',  ( 37.47196683167349818, 3.188998619744449758, 1.887483524455630057 ) ) ;
#977 = PRESENTATION_STYLE_ASSIGNMENT (( #8489 ) ) ;
#978 = ADVANCED_FACE ( 'NONE', ( #4417 ), #5019, .F. ) ;
#979 = CARTESIAN_POINT ( 'NONE',  ( 24.14127246753590228, 1.800000000000000044, -4.658727532464030041 ) ) ;
#980 = EDGE_CURVE ( 'NONE', #4426, #1639, #10828, .T. ) ;
#981 =( GEOMETRIC_REPRESENTATION_CONTEXT ( 3 ) GLOBAL_UNCERTAINTY_ASSIGNED_CONTEXT ( ( #3453 ) ) GLOBAL_UNIT_ASSIGNED_CONTEXT ( ( #1998, #6935, #2130 ) ) REPRESENTATION_CONTEXT ( 'NONE', 'WORKASPACE' ) );
#982 = CARTESIAN_POINT ( 'NONE',  ( -31.11389936382359878, 3.500000000000000000, 11.92006873989519988 ) ) ;
#983 = SURFACE_STYLE_FILL_AREA ( #3329 ) ;
#984 = FACE_OUTER_BOUND ( 'NONE', #5872, .T. ) ;
#985 = STYLED_ITEM ( 'NONE', ( #309 ), #9466 ) ;
#986 = FILL_AREA_STYLE_COLOUR ( '', #8178 ) ;
#987 =( NAMED_UNIT ( * ) SI_UNIT ( $, .STERADIAN. ) SOLID_ANGLE_UNIT ( ) );
#988 = DIRECTION ( 'NONE',  ( -0.9998476951563912696, -0.01745240643728355329, -4.549401361807211585E-15 ) ) ;
#989 = VECTOR ( 'NONE', #12392, 1000.000000000000114 ) ;
#990 = DIRECTION ( 'NONE',  ( -0.9998476951563912696, 0.01745240643728355329, 4.660697013305037019E-16 ) ) ;
#991 = EDGE_LOOP ( 'NONE', ( #10022, #8957, #8474, #11791 ) ) ;
#992 = COLOUR_RGB ( '',0.7529411764705882248, 0.7529411764705882248, 0.7529411764705882248 ) ;
#993 = CARTESIAN_POINT ( 'NONE',  ( -25.85000000000000142, -1.200000000016025137, -3.621458966841315075 ) ) ;
#994 = PRESENTATION_STYLE_ASSIGNMENT (( #8446 ) ) ;
#995 = DIRECTION ( 'NONE',  ( -1.000000000000000000, 0.0000000000000000000, 0.0000000000000000000 ) ) ;
#996 = EDGE_CURVE ( 'NONE', #7066, #10640, #1088, .T. ) ;
#997 = UNCERTAINTY_MEASURE_WITH_UNIT (LENGTH_MEASURE( 1.000000000000000082E-05 ), #3433, 'distance_accuracy_value', 'NONE');
#998 = DIRECTION ( 'NONE',  ( 0.0000000000000000000, 0.0000000000000000000, -1.000000000000000000 ) ) ;
#999 =( NAMED_UNIT ( * ) SI_UNIT ( $, .STERADIAN. ) SOLID_ANGLE_UNIT ( ) );
#1000 = CARTESIAN_POINT ( 'NONE',  ( -27.39474727461896819, -0.3813237128917403851, -13.73379100747370352 ) ) ;
#1001 = PRESENTATION_LAYER_ASSIGNMENT (  '', '', ( #6193 ) ) ;
#1002 = LINE ( 'NONE', #1073, #6149 ) ;
#1003 =( GEOMETRIC_REPRESENTATION_CONTEXT ( 3 ) GLOBAL_UNCERTAINTY_ASSIGNED_CONTEXT ( ( #7755 ) ) GLOBAL_UNIT_ASSIGNED_CONTEXT ( ( #5224, #4266, #2409 ) ) REPRESENTATION_CONTEXT ( 'NONE', 'WORKASPACE' ) );
#1004 = ORIENTED_EDGE ( 'NONE', *, *, #312, .F. ) ;
#1005 = VERTEX_POINT ( 'NONE', #10552 ) ;
#1006 = CARTESIAN_POINT ( 'NONE',  ( -51.29999999999999716, -0.4000000000000000222, -11.19999999999999929 ) ) ;
#1007 = CARTESIAN_POINT ( 'NONE',  ( -52.50000000000000000, 3.000000000000000000, 15.00000000000000000 ) ) ;
#1008 = ORIENTED_EDGE ( 'NONE', *, *, #2220, .F. ) ;
#1010 = B_SPLINE_CURVE_WITH_KNOTS ( 'NONE', 3,
 ( #5307, #8118, #2444, #3417 ),
 .UNSPECIFIED., .F., .F.,
 ( 4, 4 ),
 ( 8.547834154397291278E-15, 0.002400540168323884831 ),
 .UNSPECIFIED. ) ;
#1009 = AXIS2_PLACEMENT_3D ( 'NONE', #4717, #7555, #1701 ) ;
#1011 = SURFACE_STYLE_USAGE ( .BOTH. , #12300 ) ;
#1012 = ADVANCED_FACE ( 'NONE', ( #7575 ), #5933, .T. ) ;
#1013 = ORIENTED_EDGE ( 'NONE', *, *, #2085, .F. ) ;
#1014 = UNCERTAINTY_MEASURE_WITH_UNIT (LENGTH_MEASURE( 1.000000000000000082E-05 ), #542, 'distance_accuracy_value', 'NONE');
#1015 = DIRECTION ( 'NONE',  ( 0.0000000000000000000, -1.000000000000000000, 0.0000000000000000000 ) ) ;
#1016 = ORIENTED_EDGE ( 'NONE', *, *, #11903, .F. ) ;
#1017 = COLOUR_RGB ( '',0.7529411764705882248, 0.7529411764705882248, 0.7529411764705882248 ) ;
#1018 = CARTESIAN_POINT ( 'NONE',  ( -26.50000000000000000, 1.800000000000000044, -6.299999999999999822 ) ) ;
#1019 = EDGE_CURVE ( 'NONE', #12397, #8130, #925, .T. ) ;
#1020 =( NAMED_UNIT ( * ) SI_UNIT ( $, .STERADIAN. ) SOLID_ANGLE_UNIT ( ) );
#1021 = EDGE_LOOP ( 'NONE', ( #5033, #7206 ) ) ;
#1023 = ORIENTED_EDGE ( 'NONE', *, *, #10079, .F. ) ;
#1022 = SURFACE_STYLE_FILL_AREA ( #4978 ) ;
#1024 = DIRECTION ( 'NONE',  ( 1.000000000000000000, -1.525156345358134947E-15, 0.0000000000000000000 ) ) ;
#1025 = AXIS2_PLACEMENT_3D ( 'NONE', #5756, #6724, #11489 ) ;
#1026 = ORIENTED_EDGE ( 'NONE', *, *, #782, .F. ) ;
#1027 = CARTESIAN_POINT ( 'NONE',  ( 29.14127246753590228, 1.800000000000000044, -5.941272467535820390 ) ) ;
#1028 = ORIENTED_EDGE ( 'NONE', *, *, #4268, .T. ) ;
#1029 = FILL_AREA_STYLE_COLOUR ( '', #3046 ) ;
#1030 = ORIENTED_EDGE ( 'NONE', *, *, #10741, .F. ) ;
#1031 = CYLINDRICAL_SURFACE ( 'NONE', #1487, 0.5000000000000005551 ) ;
#1032 = FILL_AREA_STYLE ('',( #3867 ) ) ;
#1033 =( GEOMETRIC_REPRESENTATION_CONTEXT ( 3 ) GLOBAL_UNCERTAINTY_ASSIGNED_CONTEXT ( ( #3665 ) ) GLOBAL_UNIT_ASSIGNED_CONTEXT ( ( #10715, #3113, #5927 ) ) REPRESENTATION_CONTEXT ( 'NONE', 'WORKASPACE' ) );
#1034 = COLOUR_RGB ( '',0.7529411764705882248, 0.7529411764705882248, 0.7529411764705882248 ) ;
#1035 = SURFACE_STYLE_USAGE ( .BOTH. , #6815 ) ;
#1036 = EDGE_CURVE ( 'NONE', #4356, #7499, #5770, .T. ) ;
#1037 = VERTEX_POINT ( 'NONE', #9725 ) ;
#1038 = LINE ( 'NONE', #4661, #8408 ) ;
#1039 = CARTESIAN_POINT ( 'NONE',  ( 24.13603593061794683, -0.3999990008932880481, 3.831026013143239872 ) ) ;
#1040 = CARTESIAN_POINT ( 'NONE',  ( -26.43030350746388280, 0.3761143785081932367, -7.072480736863018258 ) ) ;
#1041 = EDGE_CURVE ( 'NONE', #2535, #1037, #12148, .T. ) ;
#1042 = CARTESIAN_POINT ( 'NONE',  ( 44.36819777075264426, 2.299999999999999822, 270.4510849563059764 ) ) ;
#1043 = CARTESIAN_POINT ( 'NONE',  ( -49.73491012985650173, 0.7999999999999999334, 10.00000000000000000 ) ) ;
#1044 = AXIS2_PLACEMENT_3D ( 'NONE', #1550, #6299, #5431 ) ;
#1045 = SURFACE_STYLE_FILL_AREA ( #7804 ) ;
#1046 = EDGE_LOOP ( 'NONE', ( #4438, #8246, #10680, #11720 ) ) ;
#1047 = DIRECTION ( 'NONE',  ( -1.000000000000000000, 0.0000000000000000000, 2.130677696476174807E-31 ) ) ;
#1048 = ORIENTED_EDGE ( 'NONE', *, *, #9604, .F. ) ;
#1049 = PLANE ( 'NONE',  #5057 ) ;
#1050 = DIRECTION ( 'NONE',  ( 1.000000000000000000, 0.0000000000000000000, 0.0000000000000000000 ) ) ;
#1051 = AXIS2_PLACEMENT_3D ( 'NONE', #4583, #10334, #10284 ) ;
#1052 = AXIS2_PLACEMENT_3D ( 'NONE', #9711, #8759, #10706 ) ;
#1053 = CARTESIAN_POINT ( 'NONE',  ( 50.65147186257620149, 2.151471862576145089, 10.00000000000000000 ) ) ;
#1054 = CARTESIAN_POINT ( 'NONE',  ( -51.55871456127869124, 2.940860285558036136, -15.00000001741492461 ) ) ;
#1055 = DIRECTION ( 'NONE',  ( 0.0000000000000000000, -1.000000000000000000, 0.0000000000000000000 ) ) ;
#1056 = CARTESIAN_POINT ( 'NONE',  ( 44.36819777075264426, 1.800000000000079980, 270.4510849563059764 ) ) ;
#1057 = ORIENTED_EDGE ( 'NONE', *, *, #4704, .F. ) ;
#1058 = CARTESIAN_POINT ( 'NONE',  ( 41.25481527284550509, 2.299999999999999822, -1.575925951476395026 ) ) ;
#1059 =( NAMED_UNIT ( * ) SI_UNIT ( $, .STERADIAN. ) SOLID_ANGLE_UNIT ( ) );
#1060 = FILL_AREA_STYLE ('',( #90 ) ) ;
#1061 = DIRECTION ( 'NONE',  ( 1.000000000000000000, -5.138253021092297308E-16, 0.0000000000000000000 ) ) ;
#1062 =( GEOMETRIC_REPRESENTATION_CONTEXT ( 3 ) GLOBAL_UNCERTAINTY_ASSIGNED_CONTEXT ( ( #10948 ) ) GLOBAL_UNIT_ASSIGNED_CONTEXT ( ( #2142, #5044, #10756 ) ) REPRESENTATION_CONTEXT ( 'NONE', 'WORKASPACE' ) );
#1063 = LINE ( 'NONE', #2097, #3639 ) ;
#1064 = ORIENTED_EDGE ( 'NONE', *, *, #7181, .T. ) ;
#1065 = SURFACE_STYLE_FILL_AREA ( #4238 ) ;
#1066 = CARTESIAN_POINT ( 'NONE',  ( -68.60321982055950230, 1.199999999999999956, 4.891892155827720856 ) ) ;
#1067 = ADVANCED_FACE ( 'NONE', ( #9649 ), #3077, .T. ) ;
#1068 = FILL_AREA_STYLE ('',( #8857 ) ) ;
#1069 = CARTESIAN_POINT ( 'NONE',  ( -32.23495939512574182, 3.433012701892219631, 8.080378074460188742 ) ) ;
#1070 =( NAMED_UNIT ( * ) PLANE_ANGLE_UNIT ( ) SI_UNIT ( $, .RADIAN. ) );
#1071 = VECTOR ( 'NONE', #2273, 1000.000000000000114 ) ;
#1072 = EDGE_CURVE ( 'NONE', #1966, #10072, #3892, .T. ) ;
#1073 = CARTESIAN_POINT ( 'NONE',  ( -52.50000000000000000, -1.199999999999999956, 10.00000000000000000 ) ) ;
#1074 = MECHANICAL_DESIGN_GEOMETRIC_PRESENTATION_REPRESENTATION (  '', ( #7781 ), #658 ) ;
#1075 = DIRECTION ( 'NONE',  ( 0.0000000000000000000, 0.0000000000000000000, 1.000000000000000000 ) ) ;
#1076 =( GEOMETRIC_REPRESENTATION_CONTEXT ( 3 ) GLOBAL_UNCERTAINTY_ASSIGNED_CONTEXT ( ( #6990 ) ) GLOBAL_UNIT_ASSIGNED_CONTEXT ( ( #8663, #7673, #6641 ) ) REPRESENTATION_CONTEXT ( 'NONE', 'WORKASPACE' ) );
#1077 = ORIENTED_EDGE ( 'NONE', *, *, #6773, .T. ) ;
#1078 = AXIS2_PLACEMENT_3D ( 'NONE', #5587, #4587, #4508 ) ;
#1079 = FACE_OUTER_BOUND ( 'NONE', #11964, .T. ) ;
#1080 = CARTESIAN_POINT ( 'NONE',  ( -51.29999999999999716, -0.1000000000000000472, -7.200000000000000178 ) ) ;
#1081 = CARTESIAN_POINT ( 'NONE',  ( -26.50000000000000000, -1.200000000021375079, -5.299999999999999822 ) ) ;
#1082 = SURFACE_SIDE_STYLE ('',( #1022 ) ) ;
#1083 = CARTESIAN_POINT ( 'NONE',  ( 42.44674335738390170, 3.000000000000000000, -0.9832966566726730751 ) ) ;
#1084 = ORIENTED_EDGE ( 'NONE', *, *, #3456, .F. ) ;
#1085 = LINE ( 'NONE', #9644, #3971 ) ;
#1086 = CARTESIAN_POINT ( 'NONE',  ( 23.50000000000000000, 1.800000000000000044, 4.299999999999999822 ) ) ;
#1087 = CARTESIAN_POINT ( 'NONE',  ( -51.55499991200366594, 2.944312115478477931, -14.99999989561982261 ) ) ;
#1088 = LINE ( 'NONE', #8654, #5018 ) ;
#1089 = CARTESIAN_POINT ( 'NONE',  ( -26.50000000000000000, 1.800000000000000044, -5.299999999999999822 ) ) ;
#1090 = CARTESIAN_POINT ( 'NONE',  ( -26.50000000000000000, 2.000000000000000000, 5.500000000000000000 ) ) ;
#1091 = ORIENTED_EDGE ( 'NONE', *, *, #2874, .F. ) ;
#1092 =( LENGTH_UNIT ( ) NAMED_UNIT ( * ) SI_UNIT ( .MILLI., .METRE. ) );
#1093 = CIRCLE ( 'NONE', #2144, 0.4000000000000010214 ) ;
#1094 = MECHANICAL_DESIGN_GEOMETRIC_PRESENTATION_REPRESENTATION (  '', ( #444 ), #282 ) ;
#1095 = ORIENTED_EDGE ( 'NONE', *, *, #1457, .T. ) ;
#1096 = STYLED_ITEM ( 'NONE', ( #795 ), #6289 ) ;
#1097 = PRESENTATION_STYLE_ASSIGNMENT (( #1509 ) ) ;
#1098 = DIRECTION ( 'NONE',  ( -0.01744974916068485829, 0.9996954598818874604, -0.01744974916068270723 ) ) ;
#1099 = ORIENTED_EDGE ( 'NONE', *, *, #26, .F. ) ;
#1100 = VERTEX_POINT ( 'NONE', #3881 ) ;
#1101 = DIRECTION ( 'NONE',  ( 0.0000000000000000000, -1.000000000000000000, 0.0000000000000000000 ) ) ;
#1102 = CARTESIAN_POINT ( 'NONE',  ( -26.50000000000000000, 1.800000000000000044, 5.500000000000000000 ) ) ;
#1103 = PLANE ( 'NONE',  #2295 ) ;
#1104 = LINE ( 'NONE', #6810, #9378 ) ;
#1105 = EDGE_CURVE ( 'NONE', #8339, #2110, #1002, .T. ) ;
#1106 =( NAMED_UNIT ( * ) SI_UNIT ( $, .STERADIAN. ) SOLID_ANGLE_UNIT ( ) );
#1107 = CARTESIAN_POINT ( 'NONE',  ( 23.50000000000000000, 2.000000000000000000, -6.299999999999999822 ) ) ;
#1108 = ORIENTED_EDGE ( 'NONE', *, *, #2127, .F. ) ;
#1109 = EDGE_CURVE ( 'NONE', #2656, #3846, #7946, .T. ) ;
#1110 = ORIENTED_EDGE ( 'NONE', *, *, #545, .F. ) ;
#1111 = DIRECTION ( 'NONE',  ( -1.000000000000000000, 0.0000000000000000000, 0.0000000000000000000 ) ) ;
#1112 = VECTOR ( 'NONE', #8375, 1000.000000000000000 ) ;
#1113 = UNCERTAINTY_MEASURE_WITH_UNIT (LENGTH_MEASURE( 1.000000000000000082E-05 ), #9648, 'distance_accuracy_value', 'NONE');
#1115 = UNCERTAINTY_MEASURE_WITH_UNIT (LENGTH_MEASURE( 1.000000000000000082E-05 ), #11471, 'distance_accuracy_value', 'NONE');
#1114 =( NAMED_UNIT ( * ) PLANE_ANGLE_UNIT ( ) SI_UNIT ( $, .RADIAN. ) );
#1116 = STYLED_ITEM ( 'NONE', ( #3860 ), #3681 ) ;
#1117 = COLOUR_RGB ( '',0.7529411764705882248, 0.7529411764705882248, 0.7529411764705882248 ) ;
#1118 = DIRECTION ( 'NONE',  ( 0.0000000000000000000, 0.0000000000000000000, 1.000000000000000000 ) ) ;
#1119 = SURFACE_SIDE_STYLE ('',( #4086 ) ) ;
#1120 = FILL_AREA_STYLE ('',( #3004 ) ) ;
#1121 = ORIENTED_EDGE ( 'NONE', *, *, #7377, .T. ) ;
#1122 = VERTEX_POINT ( 'NONE', #10676 ) ;
#1123 =( GEOMETRIC_REPRESENTATION_CONTEXT ( 3 ) GLOBAL_UNCERTAINTY_ASSIGNED_CONTEXT ( ( #6726 ) ) GLOBAL_UNIT_ASSIGNED_CONTEXT ( ( #10296, #6620, #12240 ) ) REPRESENTATION_CONTEXT ( 'NONE', 'WORKASPACE' ) );
#1124 = AXIS2_PLACEMENT_3D ( 'NONE', #7366, #3541, #10217 ) ;
#1125 =( LENGTH_UNIT ( ) NAMED_UNIT ( * ) SI_UNIT ( .MILLI., .METRE. ) );
#1126 = VECTOR ( 'NONE', #10324, 1000.000000000000000 ) ;
#1127 = CARTESIAN_POINT ( 'NONE',  ( 51.50000000000000000, -2.700000000000000178, -14.00000000000000000 ) ) ;
#1128 =( LENGTH_UNIT ( ) NAMED_UNIT ( * ) SI_UNIT ( .MILLI., .METRE. ) );
#1129 = SURFACE_SIDE_STYLE ('',( #1478 ) ) ;
#1130 = FACE_OUTER_BOUND ( 'NONE', #862, .T. ) ;
#1131 =( NAMED_UNIT ( * ) SI_UNIT ( $, .STERADIAN. ) SOLID_ANGLE_UNIT ( ) );
#1132 = MECHANICAL_DESIGN_GEOMETRIC_PRESENTATION_REPRESENTATION (  '', ( #3091 ), #2439 ) ;
#1133 = CARTESIAN_POINT ( 'NONE',  ( 47.50000000000000000, -1.200000000010690071, 13.20000000000021956 ) ) ;
#1134 = DIRECTION ( 'NONE',  ( -0.0000000000000000000, 1.000000000000000000, 0.0000000000000000000 ) ) ;
#1135 = CARTESIAN_POINT ( 'NONE',  ( -44.79932197965934648, -0.4000000000000000222, -6.000000000000000000 ) ) ;
#1136 = ADVANCED_FACE ( 'NONE', ( #6909 ), #27, .F. ) ;
#1137 = SURFACE_STYLE_FILL_AREA ( #737 ) ;
#1138 = PRESENTATION_LAYER_ASSIGNMENT (  '', '', ( #5426 ) ) ;
#1139 =( LENGTH_UNIT ( ) NAMED_UNIT ( * ) SI_UNIT ( .MILLI., .METRE. ) );
#1140 = CARTESIAN_POINT ( 'NONE',  ( -47.50000000000000000, 0.7999999999999999334, 10.00000000000000000 ) ) ;
#1141 = FILL_AREA_STYLE_COLOUR ( '', #9355 ) ;
#1143 = ORIENTED_EDGE ( 'NONE', *, *, #1429, .F. ) ;
#1142 = DIRECTION ( 'NONE',  ( 0.0000000000000000000, 0.0000000000000000000, 1.000000000000000000 ) ) ;
#1144 = FILL_AREA_STYLE ('',( #7850 ) ) ;
#1145 =( NAMED_UNIT ( * ) PLANE_ANGLE_UNIT ( ) SI_UNIT ( $, .RADIAN. ) );
#1146 = PRESENTATION_STYLE_ASSIGNMENT (( #5440 ) ) ;
#1147 =( LENGTH_UNIT ( ) NAMED_UNIT ( * ) SI_UNIT ( .MILLI., .METRE. ) );
#1148 = DIRECTION ( 'NONE',  ( 1.000000000000000000, 0.0000000000000000000, 0.0000000000000000000 ) ) ;
#1149 = COLOUR_RGB ( '',0.7529411764705882248, 0.7529411764705882248, 0.7529411764705882248 ) ;
#1150 = FACE_OUTER_BOUND ( 'NONE', #5552, .T. ) ;
#1151 = EDGE_CURVE ( 'NONE', #2249, #8690, #1616, .T. ) ;
#1152 = ORIENTED_EDGE ( 'NONE', *, *, #871, .T. ) ;
#1153 = ORIENTED_EDGE ( 'NONE', *, *, #1977, .T. ) ;
#1154 = STYLED_ITEM ( 'NONE', ( #11309 ), #8834 ) ;
#1155 = FILL_AREA_STYLE ('',( #2137 ) ) ;
#1156 = ORIENTED_EDGE ( 'NONE', *, *, #7496, .F. ) ;
#1157 = AXIS2_PLACEMENT_3D ( 'NONE', #5267, #440, #7189 ) ;
#1158 = DIRECTION ( 'NONE',  ( -1.000000000000000000, -1.671814187836139801E-31, 6.041948581480100033E-47 ) ) ;
#1159 = LINE ( 'NONE', #3776, #2534 ) ;
#1160 = CARTESIAN_POINT ( 'NONE',  ( 44.36819777075264426, 2.300000000019160051, 270.4510849563059764 ) ) ;
#1161 = ORIENTED_EDGE ( 'NONE', *, *, #9709, .F. ) ;
#1162 = FACE_OUTER_BOUND ( 'NONE', #11519, .T. ) ;
#1163 = DIRECTION ( 'NONE',  ( -1.000000000000000000, 0.0000000000000000000, 0.0000000000000000000 ) ) ;
#1164 = SURFACE_SIDE_STYLE ('',( #5766 ) ) ;
#1165 = VERTEX_POINT ( 'NONE', #5007 ) ;
#1166 = ORIENTED_EDGE ( 'NONE', *, *, #5643, .F. ) ;
#1167 = ORIENTED_EDGE ( 'NONE', *, *, #6103, .F. ) ;
#1168 = ORIENTED_EDGE ( 'NONE', *, *, #7696, .T. ) ;
#1169 = EDGE_CURVE ( 'NONE', #1976, #2468, #9123, .T. ) ;
#1170 = DIRECTION ( 'NONE',  ( 1.000000000000000000, 0.0000000000000000000, 0.0000000000000000000 ) ) ;
#1171 = DIRECTION ( 'NONE',  ( 5.551115123125780730E-16, 0.0000000000000000000, 1.000000000000000000 ) ) ;
#1172 = SURFACE_SIDE_STYLE ('',( #12023 ) ) ;
#1173 = ORIENTED_EDGE ( 'NONE', *, *, #1938, .F. ) ;
#1174 = AXIS2_PLACEMENT_3D ( 'NONE', #643, #10130, #9270 ) ;
#1175 = CARTESIAN_POINT ( 'NONE',  ( -47.50000000000000000, -1.200000000010685186, 13.20000000000021956 ) ) ;
#1176 = CARTESIAN_POINT ( 'NONE',  ( 44.36819777075264426, 2.299999999999999822, 270.4510849563059764 ) ) ;
#1177 = AXIS2_PLACEMENT_3D ( 'NONE', #5029, #8912, #1187 ) ;
#1178 = DIRECTION ( 'NONE',  ( -1.000000000000000000, 0.0000000000000000000, 0.0000000000000000000 ) ) ;
#1179 =( NAMED_UNIT ( * ) PLANE_ANGLE_UNIT ( ) SI_UNIT ( $, .RADIAN. ) );
#1180 = ORIENTED_EDGE ( 'NONE', *, *, #1731, .F. ) ;
#1181 = VERTEX_POINT ( 'NONE', #161 ) ;
#1182 =( NAMED_UNIT ( * ) PLANE_ANGLE_UNIT ( ) SI_UNIT ( $, .RADIAN. ) );
#1183 = EDGE_CURVE ( 'NONE', #11794, #11243, #1299, .T. ) ;
#1184 = DIRECTION ( 'NONE',  ( 0.0000000000000000000, -0.7071067811865470176, 0.7071067811865480168 ) ) ;
#1185 = LINE ( 'NONE', #4336, #3170 ) ;
#1186 = DIRECTION ( 'NONE',  ( 0.0000000000000000000, -1.000000000000000000, 0.0000000000000000000 ) ) ;
#1187 = DIRECTION ( 'NONE',  ( 1.000000000000000000, 0.0000000000000000000, 0.0000000000000000000 ) ) ;
#1188 = DIRECTION ( 'NONE',  ( 0.0000000000000000000, 0.0000000000000000000, -1.000000000000000000 ) ) ;
#1189 = DIRECTION ( 'NONE',  ( 0.0000000000000000000, 0.9998476951563911586, -0.01745240643728354982 ) ) ;
#1190 = PRESENTATION_LAYER_ASSIGNMENT (  '', '', ( #1846 ) ) ;
#1191 = EDGE_LOOP ( 'NONE', ( #2918, #438 ) ) ;
#1192 = PLANE ( 'NONE',  #2360 ) ;
#1193 = FILL_AREA_STYLE_COLOUR ( '', #10438 ) ;
#1194 = COLOUR_RGB ( '',0.7529411764705882248, 0.7529411764705882248, 0.7529411764705882248 ) ;
#1195 = ORIENTED_EDGE ( 'NONE', *, *, #8174, .T. ) ;
#1196 = UNCERTAINTY_MEASURE_WITH_UNIT (LENGTH_MEASURE( 1.000000000000000082E-05 ), #9157, 'distance_accuracy_value', 'NONE');
#1197 = AXIS2_PLACEMENT_3D ( 'NONE', #7127, #3322, #6260 ) ;
#1198 = FILL_AREA_STYLE_COLOUR ( '', #5515 ) ;
#1199 = ADVANCED_FACE ( 'NONE', ( #6318 ), #3094, .F. ) ;
#1200 = EDGE_CURVE ( 'NONE', #270, #8539, #7342, .T. ) ;
#1201 =( NAMED_UNIT ( * ) PLANE_ANGLE_UNIT ( ) SI_UNIT ( $, .RADIAN. ) );
#1202 = EDGE_CURVE ( 'NONE', #9744, #10867, #549, .T. ) ;
#1203 = ORIENTED_EDGE ( 'NONE', *, *, #4009, .T. ) ;
#1204 = DIRECTION ( 'NONE',  ( 0.0000000000000000000, -2.312964634635759720E-16, -1.000000000000000000 ) ) ;
#1205 = FACE_OUTER_BOUND ( 'NONE', #3314, .T. ) ;
#1206 = LINE ( 'NONE', #4393, #11551 ) ;
#1207 =( GEOMETRIC_REPRESENTATION_CONTEXT ( 3 ) GLOBAL_UNCERTAINTY_ASSIGNED_CONTEXT ( ( #9563 ) ) GLOBAL_UNIT_ASSIGNED_CONTEXT ( ( #11466, #5689, #6786 ) ) REPRESENTATION_CONTEXT ( 'NONE', 'WORKASPACE' ) );
#1208 = FILL_AREA_STYLE ('',( #6033 ) ) ;
#1209 = CARTESIAN_POINT ( 'NONE',  ( 37.63824873692700379, 2.299999999999999822, -7.450000000000000178 ) ) ;
#1210 = MECHANICAL_DESIGN_GEOMETRIC_PRESENTATION_REPRESENTATION (  '', ( #11706 ), #3805 ) ;
#1211 = MECHANICAL_DESIGN_GEOMETRIC_PRESENTATION_REPRESENTATION (  '', ( #11708 ), #12352 ) ;
#1212 = SURFACE_STYLE_FILL_AREA ( #494 ) ;
#1213 =( NAMED_UNIT ( * ) SI_UNIT ( $, .STERADIAN. ) SOLID_ANGLE_UNIT ( ) );
#1214 = EDGE_LOOP ( 'NONE', ( #9678, #3697 ) ) ;
#1215 = SURFACE_STYLE_FILL_AREA ( #2591 ) ;
#1216 = DIRECTION ( 'NONE',  ( 0.0000000000000000000, 0.0000000000000000000, 1.000000000000000000 ) ) ;
#1217 = DIRECTION ( 'NONE',  ( 2.129595449599169631E-16, -1.000000000000000000, 0.0000000000000000000 ) ) ;
#1218 =( NAMED_UNIT ( * ) SI_UNIT ( $, .STERADIAN. ) SOLID_ANGLE_UNIT ( ) );
#1219 = EDGE_CURVE ( 'NONE', #4340, #4138, #10157, .T. ) ;
#1220 = DIRECTION ( 'NONE',  ( -5.594396834692300603E-47, 1.000000000000000000, -5.804910374423090309E-32 ) ) ;
#1221 = DIRECTION ( 'NONE',  ( 0.0000000000000000000, 1.000000000000000000, 0.0000000000000000000 ) ) ;
#1222 =( LENGTH_UNIT ( ) NAMED_UNIT ( * ) SI_UNIT ( .MILLI., .METRE. ) );
#1223 = ORIENTED_EDGE ( 'NONE', *, *, #4240, .T. ) ;
#1224 = PRESENTATION_LAYER_ASSIGNMENT (  '', '', ( #4654 ) ) ;
#1225 = CARTESIAN_POINT ( 'NONE',  ( 23.50000000000000000, 1.199999999999999956, 6.299999999999999822 ) ) ;
#1226 = CARTESIAN_POINT ( 'NONE',  ( -26.50000000000000000, 2.000000000000000000, -5.299999999999999822 ) ) ;
#1227 = AXIS2_PLACEMENT_3D ( 'NONE', #2373, #11177, #8238 ) ;
#1228 =( GEOMETRIC_REPRESENTATION_CONTEXT ( 3 ) GLOBAL_UNCERTAINTY_ASSIGNED_CONTEXT ( ( #7372 ) ) GLOBAL_UNIT_ASSIGNED_CONTEXT ( ( #783, #7580, #6554 ) ) REPRESENTATION_CONTEXT ( 'NONE', 'WORKASPACE' ) );
#1229 = FACE_OUTER_BOUND ( 'NONE', #10762, .T. ) ;
#1230 = ORIENTED_EDGE ( 'NONE', *, *, #9048, .T. ) ;
#1231 = SURFACE_STYLE_FILL_AREA ( #7601 ) ;
#1232 = ORIENTED_EDGE ( 'NONE', *, *, #5113, .F. ) ;
#1233 = CARTESIAN_POINT ( 'NONE',  ( -47.50000000000000000, 1.792893218813470080, 15.00000000000000000 ) ) ;
#1234 = DIRECTION ( 'NONE',  ( -1.000000000000000000, 3.136830188958566835E-16, 0.0000000000000000000 ) ) ;
#1235 = ORIENTED_EDGE ( 'NONE', *, *, #8336, .T. ) ;
#1236 = EDGE_CURVE ( 'NONE', #12088, #11434, #7647, .T. ) ;
#1237 = VECTOR ( 'NONE', #10361, 1000.000000000000000 ) ;
#1238 = AXIS2_PLACEMENT_3D ( 'NONE', #4291, #4372, #11026 ) ;
#1239 = ORIENTED_EDGE ( 'NONE', *, *, #540, .F. ) ;
#1240 = MECHANICAL_DESIGN_GEOMETRIC_PRESENTATION_REPRESENTATION (  '', ( #5373 ), #4900 ) ;
#1241 = PRESENTATION_STYLE_ASSIGNMENT (( #2349 ) ) ;
#1242 = STYLED_ITEM ( 'NONE', ( #5735 ), #10197 ) ;
#1243 = COLOUR_RGB ( '',0.7529411764705882248, 0.7529411764705882248, 0.7529411764705882248 ) ;
#1244 = ORIENTED_EDGE ( 'NONE', *, *, #6026, .F. ) ;
#1245 = DIRECTION ( 'NONE',  ( 0.5041973887543758082, 0.0000000000000000000, 0.8635884396940876062 ) ) ;
#1246 = SURFACE_SIDE_STYLE ('',( #5703 ) ) ;
#1247 = CARTESIAN_POINT ( 'NONE',  ( 37.47200940514054679, 1.799999999995949951, 1.893300604215085059 ) ) ;
#1248 = ORIENTED_EDGE ( 'NONE', *, *, #5088, .T. ) ;
#1249 = EDGE_CURVE ( 'NONE', #9120, #4426, #8503, .T. ) ;
#1250 = LINE ( 'NONE', #2069, #4302 ) ;
#1251 = FILL_AREA_STYLE_COLOUR ( '', #5698 ) ;
#1252 = SURFACE_STYLE_USAGE ( .BOTH. , #10973 ) ;
#1253 = ADVANCED_FACE ( 'NONE', ( #1927 ), #2377, .T. ) ;
#1254 = FILL_AREA_STYLE ('',( #9072 ) ) ;
#1255 = MECHANICAL_DESIGN_GEOMETRIC_PRESENTATION_REPRESENTATION (  '', ( #601 ), #11989 ) ;
#1256 = LINE ( 'NONE', #3655, #5031 ) ;
#1257 = VECTOR ( 'NONE', #7044, 1000.000000000000000 ) ;
#1258 = AXIS2_PLACEMENT_3D ( 'NONE', #5717, #11448, #9634 ) ;
#1259 = ORIENTED_EDGE ( 'NONE', *, *, #3610, .T. ) ;
#1260 =( NAMED_UNIT ( * ) SI_UNIT ( $, .STERADIAN. ) SOLID_ANGLE_UNIT ( ) );
#1261 = ORIENTED_EDGE ( 'NONE', *, *, #8568, .T. ) ;
#1262 = CARTESIAN_POINT ( 'NONE',  ( -52.50000000000000000, -1.200000000000000178, -11.60036725769279897 ) ) ;
#1263 = LINE ( 'NONE', #8237, #64 ) ;
#1264 = CARTESIAN_POINT ( 'NONE',  ( 52.20000000000000284, -1.199999999999999956, 10.00000000000000000 ) ) ;
#1265 = PRESENTATION_STYLE_ASSIGNMENT (( #10097 ) ) ;
#1266 = PRESENTATION_STYLE_ASSIGNMENT (( #12384 ) ) ;
#1267 = PLANE ( 'NONE',  #1361 ) ;
#1268 = EDGE_CURVE ( 'NONE', #7184, #7203, #10602, .T. ) ;
#1269 = CARTESIAN_POINT ( 'NONE',  ( -24.92072706790039049, 1.686779520936094068, -12.09294207128898968 ) ) ;
#1270 = CARTESIAN_POINT ( 'NONE',  ( -35.52733467635630404, 2.300000000044979842, 10.00259813127139985 ) ) ;
#1271 = EDGE_CURVE ( 'NONE', #10118, #11572, #8224, .T. ) ;
#1272 = FACE_OUTER_BOUND ( 'NONE', #6938, .T. ) ;
#1273 = CARTESIAN_POINT ( 'NONE',  ( -52.50000000000000000, -1.199999999999999956, -5.389570480844269262 ) ) ;
#1274 = VECTOR ( 'NONE', #3488, 999.9999999999998863 ) ;
#1275 = ORIENTED_EDGE ( 'NONE', *, *, #3111, .T. ) ;
#1276 = CARTESIAN_POINT ( 'NONE',  ( -47.50000000000000000, 2.146446609392849592, 14.85355339057771928 ) ) ;
#1277 = STYLED_ITEM ( 'NONE', ( #5480 ), #4186 ) ;
#1278 = PRESENTATION_STYLE_ASSIGNMENT (( #2506 ) ) ;
#1279 = CARTESIAN_POINT ( 'NONE',  ( -25.85872753246410127, 1.800000000000000044, -5.941272467535820390 ) ) ;
#1280 = DIRECTION ( 'NONE',  ( 0.0000000000000000000, -1.000000000000000000, 0.0000000000000000000 ) ) ;
#1281 = VECTOR ( 'NONE', #2798, 1000.000000000000114 ) ;
#1282 = AXIS2_PLACEMENT_3D ( 'NONE', #1759, #4689, #5593 ) ;
#1283 = AXIS2_PLACEMENT_3D ( 'NONE', #9191, #5428, #11261 ) ;
#1284 = VECTOR ( 'NONE', #10662, 1000.000000000000000 ) ;
#1285 = COLOUR_RGB ( '',0.7529411764705882248, 0.7529411764705882248, 0.7529411764705882248 ) ;
#1286 = LINE ( 'NONE', #10703, #4799 ) ;
#1287 = CARTESIAN_POINT ( 'NONE',  ( -28.15932519075380114, 0.4000010255251945646, -4.677928121785759785 ) ) ;
#1288 = DIRECTION ( 'NONE',  ( 0.0000000000000000000, -0.9396926207859098712, -0.3420201433256644385 ) ) ;
#1289 = FACE_OUTER_BOUND ( 'NONE', #9142, .T. ) ;
#1290 =( NAMED_UNIT ( * ) SI_UNIT ( $, .STERADIAN. ) SOLID_ANGLE_UNIT ( ) );
#1291 = ORIENTED_EDGE ( 'NONE', *, *, #2460, .T. ) ;
#1292 =( NAMED_UNIT ( * ) PLANE_ANGLE_UNIT ( ) SI_UNIT ( $, .RADIAN. ) );
#1293 = CARTESIAN_POINT ( 'NONE',  ( -49.70000000000000284, -1.200000000000000178, 21.39567676978599664 ) ) ;
#1294 = SURFACE_STYLE_USAGE ( .BOTH. , #7082 ) ;
#1295 = CARTESIAN_POINT ( 'NONE',  ( 47.50000000000000000, -2.700000000000000178, 10.00000000000000000 ) ) ;
#1296 = ORIENTED_EDGE ( 'NONE', *, *, #8265, .F. ) ;
#1297 = AXIS2_PLACEMENT_3D ( 'NONE', #228, #8859, #1204 ) ;
#1298 = UNCERTAINTY_MEASURE_WITH_UNIT (LENGTH_MEASURE( 1.000000000000000082E-05 ), #2369, 'distance_accuracy_value', 'NONE');
#1299 = LINE ( 'NONE', #7877, #6621 ) ;
#1301 = VERTEX_POINT ( 'NONE', #10691 ) ;
#1300 = FILL_AREA_STYLE ('',( #1380 ) ) ;
#1302 = FILL_AREA_STYLE_COLOUR ( '', #9412 ) ;
#1303 = VERTEX_POINT ( 'NONE', #8946 ) ;
#1304 = ORIENTED_EDGE ( 'NONE', *, *, #6059, .F. ) ;
#1305 = CARTESIAN_POINT ( 'NONE',  ( -28.17854103315945125, -1.200000000015390089, 4.849999999999920597 ) ) ;
#1306 = CARTESIAN_POINT ( 'NONE',  ( -24.46673396555453195, 1.956576685429164630, -11.59546808703319520 ) ) ;
#1307 = ORIENTED_EDGE ( 'NONE', *, *, #9492, .F. ) ;
#1308 =( LENGTH_UNIT ( ) NAMED_UNIT ( * ) SI_UNIT ( .MILLI., .METRE. ) );
#1309 = CARTESIAN_POINT ( 'NONE',  ( 24.14709079687674986, 2.133331864690615198, 1.987891213773554711 ) ) ;
#1310 = ORIENTED_EDGE ( 'NONE', *, *, #3237, .T. ) ;
#1311 = CYLINDRICAL_SURFACE ( 'NONE', #2950, 1.400000000000000133 ) ;
#1312 = CARTESIAN_POINT ( 'NONE',  ( -52.50000000000000000, 3.000000000000000000, -15.00000000000000000 ) ) ;
#1313 = EDGE_CURVE ( 'NONE', #8048, #8370, #1443, .T. ) ;
#1314 = AXIS2_PLACEMENT_3D ( 'NONE', #7880, #11528, #8836 ) ;
#1315 = STYLED_ITEM ( 'NONE', ( #11469 ), #8463 ) ;
#1316 = ADVANCED_FACE ( 'NONE', ( #11036 ), #9851, .T. ) ;
#1317 = ORIENTED_EDGE ( 'NONE', *, *, #9410, .T. ) ;
#1319 = ORIENTED_EDGE ( 'NONE', *, *, #11143, .F. ) ;
#1318 = PRESENTATION_STYLE_ASSIGNMENT (( #8662 ) ) ;
#1320 = MECHANICAL_DESIGN_GEOMETRIC_PRESENTATION_REPRESENTATION (  '', ( #9467 ), #5375 ) ;
#1321 = CARTESIAN_POINT ( 'NONE',  ( -26.60750658883650033, 1.084202172485503941E-16, -14.77173093898297829 ) ) ;
#1322 = ORIENTED_EDGE ( 'NONE', *, *, #1268, .T. ) ;
#1323 = VERTEX_POINT ( 'NONE', #11799 ) ;
#1324 = ORIENTED_EDGE ( 'NONE', *, *, #752, .T. ) ;
#1325 = PRESENTATION_STYLE_ASSIGNMENT (( #8387 ) ) ;
#1326 = EDGE_LOOP ( 'NONE', ( #11530, #5397, #4361, #10784 ) ) ;
#1327 = DIRECTION ( 'NONE',  ( -1.000000000000000000, 0.0000000000000000000, 0.0000000000000000000 ) ) ;
#1328 = FILL_AREA_STYLE_COLOUR ( '', #11314 ) ;
#1330 = ADVANCED_FACE ( 'NONE', ( #5240 ), #2416, .T. ) ;
#1329 =( NAMED_UNIT ( * ) SI_UNIT ( $, .STERADIAN. ) SOLID_ANGLE_UNIT ( ) );
#1331 = AXIS2_PLACEMENT_3D ( 'NONE', #4696, #6583, #8401 ) ;
#1332 = ORIENTED_EDGE ( 'NONE', *, *, #11820, .T. ) ;
#1333 = SURFACE_STYLE_USAGE ( .BOTH. , #5056 ) ;
#1334 =( NAMED_UNIT ( * ) PLANE_ANGLE_UNIT ( ) SI_UNIT ( $, .RADIAN. ) );
#1335 = DIRECTION ( 'NONE',  ( 0.0000000000000000000, 0.0000000000000000000, 1.000000000000000000 ) ) ;
#1336 = PRESENTATION_LAYER_ASSIGNMENT (  '', '', ( #9068 ) ) ;
#1337 = CARTESIAN_POINT ( 'NONE',  ( -47.10000000000000142, -1.200000000000000178, -10.14919333847030103 ) ) ;
#1338 = CARTESIAN_POINT ( 'NONE',  ( -52.20000000000000284, -0.1000000000000000056, -6.926679946931850296 ) ) ;
#1339 = VECTOR ( 'NONE', #2767, 999.9999999999998863 ) ;
#1340 = EDGE_CURVE ( 'NONE', #10837, #1808, #7032, .T. ) ;
#1341 = ORIENTED_EDGE ( 'NONE', *, *, #6634, .F. ) ;
#1342 = UNCERTAINTY_MEASURE_WITH_UNIT (LENGTH_MEASURE( 1.000000000000000082E-05 ), #11106, 'distance_accuracy_value', 'NONE');
#1343 = UNCERTAINTY_MEASURE_WITH_UNIT (LENGTH_MEASURE( 1.000000000000000082E-05 ), #9340, 'distance_accuracy_value', 'NONE');
#1344 = CIRCLE ( 'NONE', #9016, 1.000000000000000000 ) ;
#1345 = PLANE ( 'NONE',  #11734 ) ;
#1346 = DIRECTION ( 'NONE',  ( 0.0000000000000000000, 1.000000000000000000, 0.0000000000000000000 ) ) ;
#1347 = PRESENTATION_STYLE_ASSIGNMENT (( #6410 ) ) ;
#1348 = DIRECTION ( 'NONE',  ( -0.01744974916068024393, 0.9996954598818875715, 0.01744974916068024393 ) ) ;
#1349 = AXIS2_PLACEMENT_3D ( 'NONE', #7231, #1442, #2438 ) ;
#1350 = CARTESIAN_POINT ( 'NONE',  ( -23.67059888451080596, 2.192276822387354773, -10.92852676025055381 ) ) ;
#1351 =( NAMED_UNIT ( * ) PLANE_ANGLE_UNIT ( ) SI_UNIT ( $, .RADIAN. ) );
#1352 = DIRECTION ( 'NONE',  ( 0.5041973887543877986, -1.210143096841419367E-13, 0.8635884396940807228 ) ) ;
#1353 = CARTESIAN_POINT ( 'NONE',  ( 47.50000000000000000, -1.500000000000000000, 10.00000000000000000 ) ) ;
#1354 = ORIENTED_EDGE ( 'NONE', *, *, #7687, .T. ) ;
#1355 = CIRCLE ( 'NONE', #8357, 0.1999999999999996503 ) ;
#1356 = AXIS2_PLACEMENT_3D ( 'NONE', #3397, #10068, #7246 ) ;
#1357 = VECTOR ( 'NONE', #10560, 1000.000000000000000 ) ;
#1358 = EDGE_CURVE ( 'NONE', #8245, #3991, #2050, .T. ) ;
#1359 = CARTESIAN_POINT ( 'NONE',  ( 23.50000000000000000, -1.200000000000000178, 4.700000000000000178 ) ) ;
#1360 = FILL_AREA_STYLE ('',( #4257 ) ) ;
#1361 = AXIS2_PLACEMENT_3D ( 'NONE', #3151, #8914, #382 ) ;
#1362 = ORIENTED_EDGE ( 'NONE', *, *, #4843, .F. ) ;
#1363 =( NAMED_UNIT ( * ) SI_UNIT ( $, .STERADIAN. ) SOLID_ANGLE_UNIT ( ) );
#1364 =( NAMED_UNIT ( * ) SI_UNIT ( $, .STERADIAN. ) SOLID_ANGLE_UNIT ( ) );
#1365 = CARTESIAN_POINT ( 'NONE',  ( -68.60321982055950230, 1.200000000000728040, -5.908107844172270084 ) ) ;
#1366 =( GEOMETRIC_REPRESENTATION_CONTEXT ( 3 ) GLOBAL_UNCERTAINTY_ASSIGNED_CONTEXT ( ( #6923 ) ) GLOBAL_UNIT_ASSIGNED_CONTEXT ( ( #11678, #1179, #6961 ) ) REPRESENTATION_CONTEXT ( 'NONE', 'WORKASPACE' ) );
#1367 = CARTESIAN_POINT ( 'NONE',  ( -26.50000000000000000, 1.799999999946064966, 5.500000000000079048 ) ) ;
#1368 = DIRECTION ( 'NONE',  ( -1.000000000000000000, 0.0000000000000000000, 0.0000000000000000000 ) ) ;
#1369 =( NAMED_UNIT ( * ) SI_UNIT ( $, .STERADIAN. ) SOLID_ANGLE_UNIT ( ) );
#1370 = ADVANCED_FACE ( 'NONE', ( #4935 ), #10062, .T. ) ;
#1371 = ORIENTED_EDGE ( 'NONE', *, *, #5285, .T. ) ;
#1372 = SURFACE_STYLE_USAGE ( .BOTH. , #5235 ) ;
#1373 = VECTOR ( 'NONE', #12205, 1000.000000000000000 ) ;
#1374 = UNCERTAINTY_MEASURE_WITH_UNIT (LENGTH_MEASURE( 1.000000000000000082E-05 ), #11432, 'distance_accuracy_value', 'NONE');
#1375 = CIRCLE ( 'NONE', #4294, 1.758107844173583567 ) ;
#1376 = DIRECTION ( 'NONE',  ( 0.0000000000000000000, 0.0000000000000000000, 1.000000000000000000 ) ) ;
#1377 = ORIENTED_EDGE ( 'NONE', *, *, #10857, .T. ) ;
#1378 = EDGE_CURVE ( 'NONE', #9384, #7709, #844, .T. ) ;
#1379 = CARTESIAN_POINT ( 'NONE',  ( -38.80734283176445132, 3.000000000000000000, 7.005680400517160678 ) ) ;
#1380 = FILL_AREA_STYLE_COLOUR ( '', #10925 ) ;
#1381 = SURFACE_SIDE_STYLE ('',( #2960 ) ) ;
#1382 = EDGE_LOOP ( 'NONE', ( #8796, #4589, #6644, #12370, #9853 ) ) ;
#1383 = SURFACE_STYLE_FILL_AREA ( #4327 ) ;
#1384 = STYLED_ITEM ( 'NONE', ( #12225 ), #8330 ) ;
#1385 = CARTESIAN_POINT ( 'NONE',  ( 51.29999999999999716, 1.502943725152305010, -13.79999999999999893 ) ) ;
#1386 = EDGE_LOOP ( 'NONE', ( #3100, #2542, #4299, #4432 ) ) ;
#1387 = DIRECTION ( 'NONE',  ( -1.000000000000000000, 0.0000000000000000000, 0.0000000000000000000 ) ) ;
#1388 = UNCERTAINTY_MEASURE_WITH_UNIT (LENGTH_MEASURE( 1.000000000000000082E-05 ), #5702, 'distance_accuracy_value', 'NONE');
#1389 = AXIS2_PLACEMENT_3D ( 'NONE', #4923, #6580, #7522 ) ;
#1390 = PRESENTATION_STYLE_ASSIGNMENT (( #281 ) ) ;
#1391 = ADVANCED_FACE ( 'NONE', ( #3726 ), #3565, .T. ) ;
#1392 = ORIENTED_EDGE ( 'NONE', *, *, #11294, .F. ) ;
#1393 = LINE ( 'NONE', #9351, #8175 ) ;
#1394 = VECTOR ( 'NONE', #4865, 1000.000000000000000 ) ;
#1395 = ORIENTED_EDGE ( 'NONE', *, *, #8058, .F. ) ;
#1396 = CARTESIAN_POINT ( 'NONE',  ( -26.50000000000000000, 2.000000000000000000, 5.500000000000000000 ) ) ;
#1397 = SURFACE_STYLE_FILL_AREA ( #6974 ) ;
#1398 = CARTESIAN_POINT ( 'NONE',  ( -24.82145896684049902, -1.200000000017100055, 6.150000000000130029 ) ) ;
#1399 = LINE ( 'NONE', #11172, #4296 ) ;
#1400 = SHAPE_DEFINITION_REPRESENTATION ( #9147, #9589 ) ;
#1401 = EDGE_CURVE ( 'NONE', #7610, #8782, #4666, .T. ) ;
#1402 = ORIENTED_EDGE ( 'NONE', *, *, #6144, .T. ) ;
#1403 = AXIS2_PLACEMENT_3D ( 'NONE', #523, #10017, #6245 ) ;
#1404 = PLANE ( 'NONE',  #225 ) ;
#1405 = VERTEX_POINT ( 'NONE', #608 ) ;
#1406 =( GEOMETRIC_REPRESENTATION_CONTEXT ( 3 ) GLOBAL_UNCERTAINTY_ASSIGNED_CONTEXT ( ( #5608 ) ) GLOBAL_UNIT_ASSIGNED_CONTEXT ( ( #6456, #8230, #567 ) ) REPRESENTATION_CONTEXT ( 'NONE', 'WORKASPACE' ) );
#1407 = SURFACE_STYLE_FILL_AREA ( #1360 ) ;
#1408 = AXIS2_PLACEMENT_3D ( 'NONE', #8299, #6488, #12104 ) ;
#1409 = LINE ( 'NONE', #4918, #9821 ) ;
#1410 = DIRECTION ( 'NONE',  ( -0.01744974916068024393, 0.9996954598818875715, 0.01744974916068024393 ) ) ;
#1411 = CARTESIAN_POINT ( 'NONE',  ( -47.50000000000000000, -2.700000000000000178, 10.00000000000000000 ) ) ;
#1412 = EDGE_CURVE ( 'NONE', #10158, #3076, #8368, .T. ) ;
#1413 = COLOUR_RGB ( '',0.7529411764705882248, 0.7529411764705882248, 0.7529411764705882248 ) ;
#1414 = CARTESIAN_POINT ( 'NONE',  ( -26.50000000000000000, -1.200000000000000178, -5.299999999999999822 ) ) ;
#1415 = ORIENTED_EDGE ( 'NONE', *, *, #4211, .T. ) ;
#1416 = EDGE_CURVE ( 'NONE', #2401, #5252, #9265, .T. ) ;
#1417 = DIRECTION ( 'NONE',  ( -8.432683563761130178E-16, -1.000000000000000000, 6.023345402686529304E-17 ) ) ;
#1418 = EDGE_LOOP ( 'NONE', ( #5802, #10963, #11198, #9794 ) ) ;
#1419 = CARTESIAN_POINT ( 'NONE',  ( -51.29999999999999716, 3.000000000000000000, 10.00000000000000000 ) ) ;
#1420 =( LENGTH_UNIT ( ) NAMED_UNIT ( * ) SI_UNIT ( .MILLI., .METRE. ) );
#1421 = SURFACE_STYLE_FILL_AREA ( #4234 ) ;
#1422 = LINE ( 'NONE', #6355, #2810 ) ;
#1423 = AXIS2_PLACEMENT_3D ( 'NONE', #1007, #6714, #5867 ) ;
#1424 = PRESENTATION_STYLE_ASSIGNMENT (( #4098 ) ) ;
#1425 = FILL_AREA_STYLE ('',( #11810 ) ) ;
#1426 = CARTESIAN_POINT ( 'NONE',  ( 52.20000000000000284, -1.199999999999999956, -14.69999999999999929 ) ) ;
#1427 = DIRECTION ( 'NONE',  ( 0.0000000000000000000, 0.0000000000000000000, -1.000000000000000000 ) ) ;
#1428 = FILL_AREA_STYLE_COLOUR ( '', #9701 ) ;
#1429 = EDGE_CURVE ( 'NONE', #4038, #813, #83, .T. ) ;
#1430 = SURFACE_STYLE_FILL_AREA ( #4244 ) ;
#1431 = CARTESIAN_POINT ( 'NONE',  ( -26.50000000000000000, 1.800000000000000044, 6.700000000000000178 ) ) ;
#1432 = VECTOR ( 'NONE', #1387, 1000.000000000000000 ) ;
#1433 =( NAMED_UNIT ( * ) PLANE_ANGLE_UNIT ( ) SI_UNIT ( $, .RADIAN. ) );
#1434 = EDGE_CURVE ( 'NONE', #10336, #8918, #4482, .T. ) ;
#1435 = VECTOR ( 'NONE', #12362, 1000.000000000000000 ) ;
#1436 = FILL_AREA_STYLE ('',( #3161 ) ) ;
#1437 = VERTEX_POINT ( 'NONE', #4526 ) ;
#1438 = STYLED_ITEM ( 'NONE', ( #1097 ), #4252 ) ;
#1439 = FILL_AREA_STYLE_COLOUR ( '', #1640 ) ;
#1440 = PRESENTATION_STYLE_ASSIGNMENT (( #8012 ) ) ;
#1441 = LINE ( 'NONE', #10618, #3124 ) ;
#1442 = DIRECTION ( 'NONE',  ( 0.0000000000000000000, -1.000000000000000000, 0.0000000000000000000 ) ) ;
#1443 = CIRCLE ( 'NONE', #10476, 4.700000000000000178 ) ;
#1444 =( GEOMETRIC_REPRESENTATION_CONTEXT ( 3 ) GLOBAL_UNCERTAINTY_ASSIGNED_CONTEXT ( ( #1514 ) ) GLOBAL_UNIT_ASSIGNED_CONTEXT ( ( #8282, #6424, #6342 ) ) REPRESENTATION_CONTEXT ( 'NONE', 'WORKASPACE' ) );
#1445 = PRESENTATION_LAYER_ASSIGNMENT (  '', '', ( #803 ) ) ;
#1446 = ORIENTED_EDGE ( 'NONE', *, *, #1492, .T. ) ;
#1447 = ORIENTED_EDGE ( 'NONE', *, *, #2916, .F. ) ;
#1449 = ORIENTED_EDGE ( 'NONE', *, *, #5924, .F. ) ;
#1448 = FILL_AREA_STYLE_COLOUR ( '', #10932 ) ;
#1450 =( LENGTH_UNIT ( ) NAMED_UNIT ( * ) SI_UNIT ( .MILLI., .METRE. ) );
#1451 = FILL_AREA_STYLE_COLOUR ( '', #9137 ) ;
#1453 = ADVANCED_FACE ( 'NONE', ( #10883 ), #2669, .F. ) ;
#1452 = SURFACE_STYLE_USAGE ( .BOTH. , #11128 ) ;
#1454 = ORIENTED_EDGE ( 'NONE', *, *, #7978, .T. ) ;
#1455 =( NAMED_UNIT ( * ) PLANE_ANGLE_UNIT ( ) SI_UNIT ( $, .RADIAN. ) );
#1456 = PLANE ( 'NONE',  #2841 ) ;
#1457 = EDGE_CURVE ( 'NONE', #3602, #11576, #1600, .T. ) ;
#1458 = SURFACE_SIDE_STYLE ('',( #7011 ) ) ;
#1459 = EDGE_LOOP ( 'NONE', ( #4886, #4608, #5400, #8644 ) ) ;
#1460 = ORIENTED_EDGE ( 'NONE', *, *, #4776, .T. ) ;
#1462 = ORIENTED_EDGE ( 'NONE', *, *, #12302, .F. ) ;
#1461 = LINE ( 'NONE', #5383, #4054 ) ;
#1463 = DIRECTION ( 'NONE',  ( 1.000000000000000000, 0.0000000000000000000, -4.625929269271489858E-16 ) ) ;
#1464 = ORIENTED_EDGE ( 'NONE', *, *, #11722, .F. ) ;
#1465 = CONICAL_SURFACE ( 'NONE', #7913, 3.799999999912415216, 0.7853981633974476129 ) ;
#1466 = VERTEX_POINT ( 'NONE', #8318 ) ;
#1467 = AXIS2_PLACEMENT_3D ( 'NONE', #4146, #243, #1216 ) ;
#1468 = PRESENTATION_LAYER_ASSIGNMENT (  '', '', ( #2952 ) ) ;
#1469 = ORIENTED_EDGE ( 'NONE', *, *, #12061, .T. ) ;
#1470 = CARTESIAN_POINT ( 'NONE',  ( -26.50000000000000000, -0.3000000000000034861, 5.500000000000079048 ) ) ;
#1471 = DIRECTION ( 'NONE',  ( 0.0000000000000000000, -1.000000000000000000, 0.0000000000000000000 ) ) ;
#1472 =( NAMED_UNIT ( * ) PLANE_ANGLE_UNIT ( ) SI_UNIT ( $, .RADIAN. ) );
#1473 =( NAMED_UNIT ( * ) PLANE_ANGLE_UNIT ( ) SI_UNIT ( $, .RADIAN. ) );
#1474 = VERTEX_POINT ( 'NONE', #7406 ) ;
#1475 =( NAMED_UNIT ( * ) PLANE_ANGLE_UNIT ( ) SI_UNIT ( $, .RADIAN. ) );
#1476 =( LENGTH_UNIT ( ) NAMED_UNIT ( * ) SI_UNIT ( .MILLI., .METRE. ) );
#1477 = CARTESIAN_POINT ( 'NONE',  ( -51.50000000000007105, 3.000000000000003109, -14.37954930904468576 ) ) ;
#1478 = SURFACE_STYLE_FILL_AREA ( #11593 ) ;
#1479 = DIRECTION ( 'NONE',  ( 0.0000000000000000000, 0.0000000000000000000, -1.000000000000000000 ) ) ;
#1480 = LINE ( 'NONE', #5508, #428 ) ;
#1481 = EDGE_CURVE ( 'NONE', #2495, #11794, #12211, .T. ) ;
#1482 =( GEOMETRIC_REPRESENTATION_CONTEXT ( 3 ) GLOBAL_UNCERTAINTY_ASSIGNED_CONTEXT ( ( #1494 ) ) GLOBAL_UNIT_ASSIGNED_CONTEXT ( ( #1092, #9743, #5021 ) ) REPRESENTATION_CONTEXT ( 'NONE', 'WORKASPACE' ) );
#1483 = CARTESIAN_POINT ( 'NONE',  ( 29.14127246753590228, 1.800000000000000044, -4.658727532464030041 ) ) ;
#1484 = CIRCLE ( 'NONE', #12221, 269.5123374017305196 ) ;
#1485 = PRESENTATION_LAYER_ASSIGNMENT (  '', '', ( #6443 ) ) ;
#1486 = SURFACE_SIDE_STYLE ('',( #3110 ) ) ;
#1487 = AXIS2_PLACEMENT_3D ( 'NONE', #4377, #6280, #5335 ) ;
#1488 = CIRCLE ( 'NONE', #122, 0.4000000000000010214 ) ;
#1489 = ORIENTED_EDGE ( 'NONE', *, *, #453, .T. ) ;
#1490 = ORIENTED_EDGE ( 'NONE', *, *, #10788, .F. ) ;
#1491 = SURFACE_SIDE_STYLE ('',( #12038 ) ) ;
#1492 = EDGE_CURVE ( 'NONE', #3460, #2932, #4637, .T. ) ;
#1493 = PRESENTATION_STYLE_ASSIGNMENT (( #3248 ) ) ;
#1494 = UNCERTAINTY_MEASURE_WITH_UNIT (LENGTH_MEASURE( 1.000000000000000082E-05 ), #1092, 'distance_accuracy_value', 'NONE');
#1495 = CARTESIAN_POINT ( 'NONE',  ( 23.50000000000000000, 2.000000000000000000, 5.500000000000000000 ) ) ;
#1496 = PRESENTATION_STYLE_ASSIGNMENT (( #10074 ) ) ;
#1497 = DIRECTION ( 'NONE',  ( -0.9998476951563912696, -0.01745240643728355329, 0.0000000000000000000 ) ) ;
#1498 = CARTESIAN_POINT ( 'NONE',  ( -52.50000000000000000, 3.000000000000000000, -15.00000000000000000 ) ) ;
#1499 = DIRECTION ( 'NONE',  ( 1.000000000000000000, 0.0000000000000000000, 0.0000000000000000000 ) ) ;
#1500 = PRESENTATION_LAYER_ASSIGNMENT (  '', '', ( #6685 ) ) ;
#1501 = EDGE_LOOP ( 'NONE', ( #9751, #3238, #6948, #1332, #10331, #2267, #1180, #11158 ) ) ;
#1502 = DIRECTION ( 'NONE',  ( 0.0000000000000000000, 0.0000000000000000000, 1.000000000000000000 ) ) ;
#1503 = STYLED_ITEM ( 'NONE', ( #4129 ), #6415 ) ;
#1504 = LINE ( 'NONE', #3799, #5901 ) ;
#1505 = CARTESIAN_POINT ( 'NONE',  ( 51.45754322773449729, 3.016891842022010106, -14.99999999999923972 ) ) ;
#1506 = MECHANICAL_DESIGN_GEOMETRIC_PRESENTATION_REPRESENTATION (  '', ( #860 ), #11769 ) ;
#1507 = DIRECTION ( 'NONE',  ( -1.000000000000000000, 0.0000000000000000000, 0.0000000000000000000 ) ) ;
#1508 =( NAMED_UNIT ( * ) SI_UNIT ( $, .STERADIAN. ) SOLID_ANGLE_UNIT ( ) );
#1509 = SURFACE_STYLE_USAGE ( .BOTH. , #5279 ) ;
#1510 = EDGE_CURVE ( 'NONE', #4962, #2932, #9416, .T. ) ;
#1511 = PRESENTATION_STYLE_ASSIGNMENT (( #3155 ) ) ;
#1512 = EDGE_CURVE ( 'NONE', #8165, #9447, #11913, .T. ) ;
#1513 = CARTESIAN_POINT ( 'NONE',  ( -52.20000000000000284, -0.4000000000000000222, -8.599999999999999645 ) ) ;
#1514 = UNCERTAINTY_MEASURE_WITH_UNIT (LENGTH_MEASURE( 1.000000000000000082E-05 ), #8282, 'distance_accuracy_value', 'NONE');
#1515 = DIRECTION ( 'NONE',  ( 1.000000000000000000, 0.0000000000000000000, 0.0000000000000000000 ) ) ;
#1516 = PLANE ( 'NONE',  #6123 ) ;
#1517 =( NAMED_UNIT ( * ) PLANE_ANGLE_UNIT ( ) SI_UNIT ( $, .RADIAN. ) );
#1518 = ORIENTED_EDGE ( 'NONE', *, *, #7632, .F. ) ;
#1519 = CARTESIAN_POINT ( 'NONE',  ( 47.50000000000000000, -1.200000000000000178, 15.00000000000000000 ) ) ;
#1520 = AXIS2_PLACEMENT_3D ( 'NONE', #7999, #7118, #7200 ) ;
#1521 = DIRECTION ( 'NONE',  ( 0.0000000000000000000, -1.000000000000000000, 0.0000000000000000000 ) ) ;
#1522 = ADVANCED_FACE ( 'NONE', ( #8674 ), #6700, .T. ) ;
#1523 = DIRECTION ( 'NONE',  ( -1.000000000000000000, 0.0000000000000000000, 0.0000000000000000000 ) ) ;
#1524 = ADVANCED_FACE ( 'NONE', ( #8966 ), #1724, .T. ) ;
#1525 = PLANE ( 'NONE',  #2965 ) ;
#1526 = FILL_AREA_STYLE_COLOUR ( '', #10029 ) ;
#1527 = AXIS2_PLACEMENT_3D ( 'NONE', #12271, #12198, #11296 ) ;
#1528 = AXIS2_PLACEMENT_3D ( 'NONE', #7081, #6041, #9816 ) ;
#1529 =( NAMED_UNIT ( * ) SI_UNIT ( $, .STERADIAN. ) SOLID_ANGLE_UNIT ( ) );
#1530 = ORIENTED_EDGE ( 'NONE', *, *, #3963, .F. ) ;
#1531 = DIRECTION ( 'NONE',  ( 0.7071067811865500152, 0.7071067811865450192, -1.635512977795605244E-16 ) ) ;
#1532 = CARTESIAN_POINT ( 'NONE',  ( -47.10000000000000142, -1.200000000000000178, -7.050806661529700037 ) ) ;
#1533 = ORIENTED_EDGE ( 'NONE', *, *, #11583, .T. ) ;
#1534 = ORIENTED_EDGE ( 'NONE', *, *, #10551, .T. ) ;
#1535 = LINE ( 'NONE', #11564, #10690 ) ;
#1536 = CARTESIAN_POINT ( 'NONE',  ( -23.21722072128805792, 3.052978223414196002, -12.08526525477820179 ) ) ;
#1537 = ORIENTED_EDGE ( 'NONE', *, *, #4704, .T. ) ;
#1538 = CYLINDRICAL_SURFACE ( 'NONE', #5132, 3.799999999999999378 ) ;
#1539 =( NAMED_UNIT ( * ) SI_UNIT ( $, .STERADIAN. ) SOLID_ANGLE_UNIT ( ) );
#1540 =( NAMED_UNIT ( * ) PLANE_ANGLE_UNIT ( ) SI_UNIT ( $, .RADIAN. ) );
#1541 = DIRECTION ( 'NONE',  ( 1.000000000000000000, 2.129595449599169385E-16, 0.0000000000000000000 ) ) ;
#1542 = EDGE_LOOP ( 'NONE', ( #8078, #1944, #4954, #4950 ) ) ;
#1543 = AXIS2_PLACEMENT_3D ( 'NONE', #2060, #147, #4048 ) ;
#1544 = UNCERTAINTY_MEASURE_WITH_UNIT (LENGTH_MEASURE( 1.000000000000000082E-05 ), #10123, 'distance_accuracy_value', 'NONE');
#1545 = DIRECTION ( 'NONE',  ( -1.000000000000000000, 0.0000000000000000000, 0.0000000000000000000 ) ) ;
#1546 = ORIENTED_EDGE ( 'NONE', *, *, #3610, .F. ) ;
#1547 = SURFACE_STYLE_FILL_AREA ( #11303 ) ;
#1548 =( LENGTH_UNIT ( ) NAMED_UNIT ( * ) SI_UNIT ( .MILLI., .METRE. ) );
#1549 =( NAMED_UNIT ( * ) PLANE_ANGLE_UNIT ( ) SI_UNIT ( $, .RADIAN. ) );
#1550 = CARTESIAN_POINT ( 'NONE',  ( 37.63824873692700379, 3.000000000000000000, 1.217794051666573951 ) ) ;
#1551 = SURFACE_STYLE_FILL_AREA ( #7516 ) ;
#1552 = ORIENTED_EDGE ( 'NONE', *, *, #2816, .F. ) ;
#1553 = ORIENTED_EDGE ( 'NONE', *, *, #5516, .T. ) ;
#1554 = EDGE_CURVE ( 'NONE', #3659, #7729, #10285, .T. ) ;
#1555 = FILL_AREA_STYLE_COLOUR ( '', #5304 ) ;
#1556 = FILL_AREA_STYLE ('',( #583 ) ) ;
#1557 = VECTOR ( 'NONE', #8185, 1000.000000000000000 ) ;
#1558 = DIRECTION ( 'NONE',  ( 0.0000000000000000000, 0.0000000000000000000, -1.000000000000000000 ) ) ;
#1559 = PRESENTATION_STYLE_ASSIGNMENT (( #8462 ) ) ;
#1560 = VECTOR ( 'NONE', #4934, 1000.000000000000000 ) ;
#1561 = AXIS2_PLACEMENT_3D ( 'NONE', #11756, #11630, #4979 ) ;
#1562 = SURFACE_STYLE_USAGE ( .BOTH. , #9252 ) ;
#1563 =( NAMED_UNIT ( * ) SI_UNIT ( $, .STERADIAN. ) SOLID_ANGLE_UNIT ( ) );
#1564 = AXIS2_PLACEMENT_3D ( 'NONE', #1495, #6331, #5221 ) ;
#1565 =( NAMED_UNIT ( * ) SI_UNIT ( $, .STERADIAN. ) SOLID_ANGLE_UNIT ( ) );
#1566 = EDGE_LOOP ( 'NONE', ( #2275, #3735, #5772, #10595 ) ) ;
#1567 = SURFACE_SIDE_STYLE ('',( #8111 ) ) ;
#1568 = ORIENTED_EDGE ( 'NONE', *, *, #7324, .T. ) ;
#1569 = CARTESIAN_POINT ( 'NONE',  ( -28.69999999999999929, -0.2000000000000000389, -12.21745506492821853 ) ) ;
#1570 = LINE ( 'NONE', #10139, #2649 ) ;
#1571 = PRESENTATION_STYLE_ASSIGNMENT (( #3591 ) ) ;
#1572 = CARTESIAN_POINT ( 'NONE',  ( -26.50000000000000000, 1.799999999832379904, -5.991272467534299651 ) ) ;
#1573 = UNCERTAINTY_MEASURE_WITH_UNIT (LENGTH_MEASURE( 1.000000000000000082E-05 ), #5432, 'distance_accuracy_value', 'NONE');
#1574 = EDGE_CURVE ( 'NONE', #6272, #4343, #11902, .T. ) ;
#1575 = UNCERTAINTY_MEASURE_WITH_UNIT (LENGTH_MEASURE( 1.000000000000000082E-05 ), #91, 'distance_accuracy_value', 'NONE');
#1576 = PRESENTATION_LAYER_ASSIGNMENT (  '', '', ( #921 ) ) ;
#1577 = FILL_AREA_STYLE ('',( #1710 ) ) ;
#1578 = COLOUR_RGB ( '',0.7529411764705882248, 0.7529411764705882248, 0.7529411764705882248 ) ;
#1579 = AXIS2_PLACEMENT_3D ( 'NONE', #953, #8736, #3889 ) ;
#1580 = EDGE_LOOP ( 'NONE', ( #7197, #10496, #9284, #10620 ) ) ;
#1581 = STYLED_ITEM ( 'NONE', ( #4681 ), #11196 ) ;
#1582 = CIRCLE ( 'NONE', #7244, 0.2545558999690680779 ) ;
#1583 = COLOUR_RGB ( '',0.7529411764705882248, 0.7529411764705882248, 0.7529411764705882248 ) ;
#1585 = ADVANCED_FACE ( 'NONE', ( #7921 ), #12208, .T. ) ;
#1584 = CARTESIAN_POINT ( 'NONE',  ( -23.64781457804576092, 2.870686500735803115, -12.45549237710557300 ) ) ;
#1586 = CARTESIAN_POINT ( 'NONE',  ( 23.50000000000000000, -1.200000000000000178, 6.299999999999999822 ) ) ;
#1587 =( NAMED_UNIT ( * ) PLANE_ANGLE_UNIT ( ) SI_UNIT ( $, .RADIAN. ) );
#1589 = ADVANCED_FACE ( 'NONE', ( #5513 ), #1590, .T. ) ;
#1588 = DIRECTION ( 'NONE',  ( 0.0000000000000000000, -1.000000000000000000, 0.0000000000000000000 ) ) ;
#1590 = CONICAL_SURFACE ( 'NONE', #11159, 4.883974596113949573, 1.047197551179630537 ) ;
#1591 = FILL_AREA_STYLE_COLOUR ( '', #3244 ) ;
#1592 =( GEOMETRIC_REPRESENTATION_CONTEXT ( 3 ) GLOBAL_UNCERTAINTY_ASSIGNED_CONTEXT ( ( #12089 ) ) GLOBAL_UNIT_ASSIGNED_CONTEXT ( ( #7016, #11816, #9920 ) ) REPRESENTATION_CONTEXT ( 'NONE', 'WORKASPACE' ) );
#1593 = DIRECTION ( 'NONE',  ( 0.0000000000000000000, 0.0000000000000000000, 1.000000000000000000 ) ) ;
#1594 = FILL_AREA_STYLE_COLOUR ( '', #3411 ) ;
#1595 = ORIENTED_EDGE ( 'NONE', *, *, #4074, .T. ) ;
#1596 = FILL_AREA_STYLE ('',( #7369 ) ) ;
#1597 = CIRCLE ( 'NONE', #1797, 1.000000000000000000 ) ;
#1598 = AXIS2_PLACEMENT_3D ( 'NONE', #1176, #7916, #10806 ) ;
#1599 = DIRECTION ( 'NONE',  ( 0.9998476951563912696, -0.01745240643728355329, 0.0000000000000000000 ) ) ;
#1600 = LINE ( 'NONE', #11138, #8067 ) ;
#1601 = PRESENTATION_STYLE_ASSIGNMENT (( #5363 ) ) ;
#1602 = FILL_AREA_STYLE ('',( #6350 ) ) ;
#1604 = VERTEX_POINT ( 'NONE', #4784 ) ;
#1603 = CARTESIAN_POINT ( 'NONE',  ( 41.75124628592240583, 3.000000000000000000, 0.2905626329966789489 ) ) ;
#1605 = DIRECTION ( 'NONE',  ( 0.0000000000000000000, -1.000000000000000000, 0.0000000000000000000 ) ) ;
#1606 = LINE ( 'NONE', #11270, #3883 ) ;
#1607 = PRESENTATION_STYLE_ASSIGNMENT (( #2008 ) ) ;
#1608 = AXIS2_PLACEMENT_3D ( 'NONE', #3547, #1515, #9288 ) ;
#1609 = EDGE_CURVE ( 'NONE', #7499, #11602, #378, .T. ) ;
#1610 = PLANE ( 'NONE',  #6588 ) ;
#1611 = CARTESIAN_POINT ( 'NONE',  ( -52.20000000000000284, -0.1000000000000000056, -5.599632742307179889 ) ) ;
#1612 = DIRECTION ( 'NONE',  ( -0.01744974916069410437, 0.9996954598818872384, -0.01744974916068200294 ) ) ;
#1613 = VERTEX_POINT ( 'NONE', #11355 ) ;
#1614 =( NAMED_UNIT ( * ) SI_UNIT ( $, .STERADIAN. ) SOLID_ANGLE_UNIT ( ) );
#1615 =( NAMED_UNIT ( * ) SI_UNIT ( $, .STERADIAN. ) SOLID_ANGLE_UNIT ( ) );
#1616 = CIRCLE ( 'NONE', #7930, 0.1999999999999996503 ) ;
#1617 = DIRECTION ( 'NONE',  ( 0.0000000000000000000, 0.0000000000000000000, -1.000000000000000000 ) ) ;
#1618 = ORIENTED_EDGE ( 'NONE', *, *, #12319, .T. ) ;
#1619 = MECHANICAL_DESIGN_GEOMETRIC_PRESENTATION_REPRESENTATION (  '', ( #7834 ), #79 ) ;
#1620 = EDGE_LOOP ( 'NONE', ( #10531, #4757, #4807, #7649, #8008 ) ) ;
#1621 = ORIENTED_EDGE ( 'NONE', *, *, #145, .F. ) ;
#1622 = DIRECTION ( 'NONE',  ( 1.780759003274225367E-17, -0.01745240643728355329, -0.9998476951563912696 ) ) ;
#1623 = DIRECTION ( 'NONE',  ( 2.137303368128424738E-18, 0.9998476951563849413, -0.01745240643764794930 ) ) ;
#1624 = ORIENTED_EDGE ( 'NONE', *, *, #11743, .F. ) ;
#1625 = ORIENTED_EDGE ( 'NONE', *, *, #8122, .T. ) ;
#1626 = CARTESIAN_POINT ( 'NONE',  ( 21.85040973523910068, 1.200000000001047784, -4.691892155827740218 ) ) ;
#1627 = LINE ( 'NONE', #6265, #7501 ) ;
#1628 = STYLED_ITEM ( 'NONE', ( #7461 ), #443 ) ;
#1629 = PRESENTATION_LAYER_ASSIGNMENT (  '', '', ( #3807 ) ) ;
#1630 = ORIENTED_EDGE ( 'NONE', *, *, #3212, .F. ) ;
#1631 = CARTESIAN_POINT ( 'NONE',  ( -22.48553107821720687, 3.242418735640997696, -11.60412000375062291 ) ) ;
#1633 = ORIENTED_EDGE ( 'NONE', *, *, #3316, .F. ) ;
#1632 = LINE ( 'NONE', #4099, #6765 ) ;
#1634 = DIRECTION ( 'NONE',  ( 3.870880290109319700E-16, 1.000000000000000000, 5.504375069206810435E-16 ) ) ;
#1635 =( LENGTH_UNIT ( ) NAMED_UNIT ( * ) SI_UNIT ( .MILLI., .METRE. ) );
#1636 = EDGE_LOOP ( 'NONE', ( #1464, #3475, #3031, #7724 ) ) ;
#1637 = ORIENTED_EDGE ( 'NONE', *, *, #11612, .F. ) ;
#1638 = CARTESIAN_POINT ( 'NONE',  ( 47.50000000000000000, 1.502943725152300125, 13.79999999999999893 ) ) ;
#1639 = VERTEX_POINT ( 'NONE', #2752 ) ;
#1640 = COLOUR_RGB ( '',0.7529411764705882248, 0.7529411764705882248, 0.7529411764705882248 ) ;
#1641 = EDGE_CURVE ( 'NONE', #2102, #8323, #6438, .T. ) ;
#1642 =( NAMED_UNIT ( * ) PLANE_ANGLE_UNIT ( ) SI_UNIT ( $, .RADIAN. ) );
#1643 =( LENGTH_UNIT ( ) NAMED_UNIT ( * ) SI_UNIT ( .MILLI., .METRE. ) );
#1644 =( NAMED_UNIT ( * ) SI_UNIT ( $, .STERADIAN. ) SOLID_ANGLE_UNIT ( ) );
#1645 = LINE ( 'NONE', #4116, #4529 ) ;
#1646 = PRESENTATION_LAYER_ASSIGNMENT (  '', '', ( #9833 ) ) ;
#1647 = ORIENTED_EDGE ( 'NONE', *, *, #114, .F. ) ;
#1648 = STYLED_ITEM ( 'NONE', ( #12284 ), #9700 ) ;
#1649 = VERTEX_POINT ( 'NONE', #7389 ) ;
#1650 = CARTESIAN_POINT ( 'NONE',  ( -68.60321982055950230, -1.200000000000000178, 6.150000000000000355 ) ) ;
#1651 = CARTESIAN_POINT ( 'NONE',  ( -51.29999999999999716, -0.4000000000000000222, -10.00000000000000000 ) ) ;
#1652 = CARTESIAN_POINT ( 'NONE',  ( 40.34453774363934997, 3.000000000000000000, 1.588804055028715245 ) ) ;
#1653 = DIRECTION ( 'NONE',  ( -1.000000000000000000, 0.0000000000000000000, 0.0000000000000000000 ) ) ;
#1654 = DIRECTION ( 'NONE',  ( 0.0000000000000000000, -1.000000000000000000, 0.0000000000000000000 ) ) ;
#1655 = ADVANCED_FACE ( 'NONE', ( #1898 ), #10133, .T. ) ;
#1656 = FILL_AREA_STYLE_COLOUR ( '', #2949 ) ;
#1657 = DIRECTION ( 'NONE',  ( -1.000000000000000000, -1.734723475976805517E-15, 0.0000000000000000000 ) ) ;
#1658 = B_SPLINE_CURVE_WITH_KNOTS ( 'NONE', 3,
 ( #3205, #9895, #519, #359 ),
 .UNSPECIFIED., .F., .F.,
 ( 4, 4 ),
 ( 4.133836397800414793E-16, 0.002400540168335180049 ),
 .UNSPECIFIED. ) ;
#1659 = PRESENTATION_STYLE_ASSIGNMENT (( #6647 ) ) ;
#1660 = FILL_AREA_STYLE_COLOUR ( '', #3532 ) ;
#1661 = ADVANCED_FACE ( 'NONE', ( #512 ), #9304, .T. ) ;
#1662 =( LENGTH_UNIT ( ) NAMED_UNIT ( * ) SI_UNIT ( .MILLI., .METRE. ) );
#1663 = LINE ( 'NONE', #9952, #437 ) ;
#1664 = EDGE_LOOP ( 'NONE', ( #3902, #878, #6752, #10038 ) ) ;
#1665 = EDGE_CURVE ( 'NONE', #6323, #3506, #6717, .T. ) ;
#1666 =( GEOMETRIC_REPRESENTATION_CONTEXT ( 3 ) GLOBAL_UNCERTAINTY_ASSIGNED_CONTEXT ( ( #2256 ) ) GLOBAL_UNIT_ASSIGNED_CONTEXT ( ( #3442, #5294, #9133 ) ) REPRESENTATION_CONTEXT ( 'NONE', 'WORKASPACE' ) );
#1667 = LINE ( 'NONE', #9767, #5890 ) ;
#1668 = DIRECTION ( 'NONE',  ( 0.0000000000000000000, 0.0000000000000000000, 1.000000000000000000 ) ) ;
#1669 = PRESENTATION_LAYER_ASSIGNMENT (  '', '', ( #8512 ) ) ;
#1670 = UNCERTAINTY_MEASURE_WITH_UNIT (LENGTH_MEASURE( 1.000000000000000082E-05 ), #5241, 'distance_accuracy_value', 'NONE');
#1671 =( NAMED_UNIT ( * ) SI_UNIT ( $, .STERADIAN. ) SOLID_ANGLE_UNIT ( ) );
#1672 = CARTESIAN_POINT ( 'NONE',  ( -26.50000000000000000, -0.6291582739833500026, -7.090035920607360431 ) ) ;
#1673 = COLOUR_RGB ( '',0.7529411764705882248, 0.7529411764705882248, 0.7529411764705882248 ) ;
#1674 = ORIENTED_EDGE ( 'NONE', *, *, #10911, .T. ) ;
#1675 = EDGE_CURVE ( 'NONE', #8979, #2688, #10124, .T. ) ;
#1676 = VECTOR ( 'NONE', #12383, 1000.000000000000114 ) ;
#1677 = CARTESIAN_POINT ( 'NONE',  ( -47.70000000000000284, -1.200000000000000178, 6.150000000000000355 ) ) ;
#1678 = DIRECTION ( 'NONE',  ( 9.637352644330750740E-16, -1.000000000000000000, 6.023345402706629233E-17 ) ) ;
#1679 =( GEOMETRIC_REPRESENTATION_CONTEXT ( 3 ) GLOBAL_UNCERTAINTY_ASSIGNED_CONTEXT ( ( #11970 ) ) GLOBAL_UNIT_ASSIGNED_CONTEXT ( ( #9902, #8036, #11711 ) ) REPRESENTATION_CONTEXT ( 'NONE', 'WORKASPACE' ) );
#1680 = CARTESIAN_POINT ( 'NONE',  ( -27.10810784417230224, 1.200000000001091971, 3.850409735238379927 ) ) ;
#1681 = CARTESIAN_POINT ( 'NONE',  ( 24.12207187821429955, 0.4000010255234862089, -3.640674809244284660 ) ) ;
#1682 = FILL_AREA_STYLE ('',( #12163 ) ) ;
#1683 = COLOUR_RGB ( '',0.7529411764705882248, 0.7529411764705882248, 0.7529411764705882248 ) ;
#1684 = VERTEX_POINT ( 'NONE', #8260 ) ;
#1685 = DIRECTION ( 'NONE',  ( -0.4178170706402883905, -0.8660254037844379305, -0.2746432148835460940 ) ) ;
#1686 = EDGE_CURVE ( 'NONE', #742, #2769, #9096, .T. ) ;
#1687 = EDGE_CURVE ( 'NONE', #8975, #6335, #10433, .T. ) ;
#1688 = DIRECTION ( 'NONE',  ( 0.0000000000000000000, 0.0000000000000000000, -1.000000000000000000 ) ) ;
#1689 = DIRECTION ( 'NONE',  ( -1.153799848845835034E-32, 3.366219183895514908E-16, 1.000000000000000000 ) ) ;
#1690 = CARTESIAN_POINT ( 'NONE',  ( 23.50000000000000000, 2.000000000000000000, 6.700000000000000178 ) ) ;
#1691 = DIRECTION ( 'NONE',  ( 0.0000000000000000000, 1.000000000000000000, 0.0000000000000000000 ) ) ;
#1692 = MECHANICAL_DESIGN_GEOMETRIC_PRESENTATION_REPRESENTATION (  '', ( #6399 ), #10915 ) ;
#1693 = CARTESIAN_POINT ( 'NONE',  ( -51.49999999997860556, -2.700000000000000178, 10.00000000000000000 ) ) ;
#1694 = VECTOR ( 'NONE', #6933, 1000.000000000000000 ) ;
#1695 = CARTESIAN_POINT ( 'NONE',  ( -51.64644660940840026, 2.853553390591650363, 15.00000000000000000 ) ) ;
#1696 = ORIENTED_EDGE ( 'NONE', *, *, #6388, .T. ) ;
#1697 = DIRECTION ( 'NONE',  ( 6.960324765865079345E-46, -4.012354050806734646E-31, 1.000000000000000000 ) ) ;
#1698 = PLANE ( 'NONE',  #11642 ) ;
#1699 = ORIENTED_EDGE ( 'NONE', *, *, #10276, .T. ) ;
#1700 = FILL_AREA_STYLE_COLOUR ( '', #4318 ) ;
#1701 = DIRECTION ( 'NONE',  ( 1.000000000000000000, 0.0000000000000000000, 0.0000000000000000000 ) ) ;
#1702 =( GEOMETRIC_REPRESENTATION_CONTEXT ( 3 ) GLOBAL_UNCERTAINTY_ASSIGNED_CONTEXT ( ( #5413 ) ) GLOBAL_UNIT_ASSIGNED_CONTEXT ( ( #7339, #3483, #1565 ) ) REPRESENTATION_CONTEXT ( 'NONE', 'WORKASPACE' ) );
#1703 = STYLED_ITEM ( 'NONE', ( #10474 ), #7466 ) ;
#1704 = VERTEX_POINT ( 'NONE', #4541 ) ;
#1705 = PRESENTATION_STYLE_ASSIGNMENT (( #10672 ) ) ;
#1706 = EDGE_LOOP ( 'NONE', ( #12015, #1304 ) ) ;
#1707 = CARTESIAN_POINT ( 'NONE',  ( 22.89189215582774750, 1.200000000001050893, 3.850409735237009912 ) ) ;
#1708 = CARTESIAN_POINT ( 'NONE',  ( -25.96884741432976895, -0.1969687912594510759, -7.001515474954202567 ) ) ;
#1709 = VERTEX_POINT ( 'NONE', #6487 ) ;
#1710 = FILL_AREA_STYLE_COLOUR ( '', #6262 ) ;
#1711 = EDGE_LOOP ( 'NONE', ( #9445, #4695, #6496, #4132 ) ) ;
#1712 = FACE_OUTER_BOUND ( 'NONE', #9724, .T. ) ;
#1713 = DIRECTION ( 'NONE',  ( -0.7478895271910589448, -0.4999999999966749931, 0.4366477471844544822 ) ) ;
#1714 = ADVANCED_FACE ( 'NONE', ( #4463 ), #4777, .T. ) ;
#1715 = CIRCLE ( 'NONE', #4671, 0.8000000000000003775 ) ;
#1716 = SURFACE_SIDE_STYLE ('',( #10460 ) ) ;
#1717 = ADVANCED_FACE ( 'NONE', ( #10863 ), #8464, .T. ) ;
#1718 = STYLED_ITEM ( 'NONE', ( #7789 ), #1316 ) ;
#1719 = DIRECTION ( 'NONE',  ( -3.136830188958564863E-16, -1.000000000000000000, 0.0000000000000000000 ) ) ;
#1720 = ORIENTED_EDGE ( 'NONE', *, *, #1271, .T. ) ;
#1721 = CARTESIAN_POINT ( 'NONE',  ( -32.14999999999999858, 2.299999999999999822, 4.850000000000079581 ) ) ;
#1722 = VERTEX_POINT ( 'NONE', #5488 ) ;
#1723 = DIRECTION ( 'NONE',  ( 2.129595449599169631E-16, -1.000000000000000000, 0.0000000000000000000 ) ) ;
#1724 = PLANE ( 'NONE',  #9259 ) ;
#1725 = VECTOR ( 'NONE', #11981, 1000.000000000000000 ) ;
#1726 = SURFACE_STYLE_FILL_AREA ( #1682 ) ;
#1727 = FACE_OUTER_BOUND ( 'NONE', #8854, .T. ) ;
#1728 = FACE_OUTER_BOUND ( 'NONE', #3754, .T. ) ;
#1729 = FACE_OUTER_BOUND ( 'NONE', #9364, .T. ) ;
#1730 =( LENGTH_UNIT ( ) NAMED_UNIT ( * ) SI_UNIT ( .MILLI., .METRE. ) );
#1731 = EDGE_CURVE ( 'NONE', #10399, #6312, #2812, .T. ) ;
#1732 = CARTESIAN_POINT ( 'NONE',  ( -51.29289321881350361, 2.500000000000000000, 10.00000000000000000 ) ) ;
#1734 = EDGE_LOOP ( 'NONE', ( #6622, #6743, #4118, #6853, #8945, #369, #8702, #1110, #7530, #8376, #5402, #1633, #11939, #3071, #6975, #9983, #1647, #12021, #6464, #1004, #7879, #9194, #11813, #4939, #6024, #922, #2828, #1630, #10279, #10539, #12081, #758, #392, #6993, #11304 ) ) ;
#1733 = SURFACE_STYLE_USAGE ( .BOTH. , #3797 ) ;
#1735 = SURFACE_SIDE_STYLE ('',( #2340 ) ) ;
#1736 = STYLED_ITEM ( 'NONE', ( #8534 ), #5200 ) ;
#1737 = ORIENTED_EDGE ( 'NONE', *, *, #11914, .F. ) ;
#1738 =( GEOMETRIC_REPRESENTATION_CONTEXT ( 3 ) GLOBAL_UNCERTAINTY_ASSIGNED_CONTEXT ( ( #4380 ) ) GLOBAL_UNIT_ASSIGNED_CONTEXT ( ( #5287, #1472, #10189 ) ) REPRESENTATION_CONTEXT ( 'NONE', 'WORKASPACE' ) );
#1739 = CARTESIAN_POINT ( 'NONE',  ( -50.69434430235604339, -0.8759852989820493541, -10.37925898765355015 ) ) ;
#1740 = COLOUR_RGB ( '',0.7529411764705882248, 0.7529411764705882248, 0.7529411764705882248 ) ;
#1741 = SURFACE_STYLE_FILL_AREA ( #10147 ) ;
#1743 = B_SPLINE_CURVE_WITH_KNOTS ( 'NONE', 3,
 ( #4079, #5030, #5076, #220 ),
 .UNSPECIFIED., .F., .F.,
 ( 4, 4 ),
 ( 8.556072226642879952E-15, 0.002400540168323900009 ),
 .UNSPECIFIED. ) ;
#1742 =( GEOMETRIC_REPRESENTATION_CONTEXT ( 3 ) GLOBAL_UNCERTAINTY_ASSIGNED_CONTEXT ( ( #229 ) ) GLOBAL_UNIT_ASSIGNED_CONTEXT ( ( #3412, #12017, #6362 ) ) REPRESENTATION_CONTEXT ( 'NONE', 'WORKASPACE' ) );
#1744 = FACE_OUTER_BOUND ( 'NONE', #5959, .T. ) ;
#1745 = DIRECTION ( 'NONE',  ( 4.442442729652724584E-17, 0.01745240643728355329, -0.9998476951563912696 ) ) ;
#1746 = CARTESIAN_POINT ( 'NONE',  ( 22.85872753246414746, 1.800000000000000044, 15.00000000000000000 ) ) ;
#1747 = UNCERTAINTY_MEASURE_WITH_UNIT (LENGTH_MEASURE( 1.000000000000000082E-05 ), #4232, 'distance_accuracy_value', 'NONE');
#1748 = DIRECTION ( 'NONE',  ( 0.9998476951563912696, -0.01745240643728355329, 3.651493198292837469E-16 ) ) ;
#1749 = COLOUR_RGB ( '',0.7529411764705882248, 0.7529411764705882248, 0.7529411764705882248 ) ;
#1750 =( NAMED_UNIT ( * ) PLANE_ANGLE_UNIT ( ) SI_UNIT ( $, .RADIAN. ) );
#1751 = DIRECTION ( 'NONE',  ( 0.0000000000000000000, 0.0000000000000000000, -1.000000000000000000 ) ) ;
#1752 = LINE ( 'NONE', #8879, #10437 ) ;
#1753 = FILL_AREA_STYLE_COLOUR ( '', #7942 ) ;
#1754 = CIRCLE ( 'NONE', #9180, 1.199999999999999734 ) ;
#1755 = DIRECTION ( 'NONE',  ( 0.0000000000000000000, -1.000000000000000000, 0.0000000000000000000 ) ) ;
#1756 = STYLED_ITEM ( 'NONE', ( #3650 ), #2677 ) ;
#1757 = DIRECTION ( 'NONE',  ( -1.000000000000000000, 0.0000000000000000000, 0.0000000000000000000 ) ) ;
#1758 = PRESENTATION_LAYER_ASSIGNMENT (  '', '', ( #1096 ) ) ;
#1759 = CARTESIAN_POINT ( 'NONE',  ( -68.60321982055950230, -1.200000000000000178, 21.39567676978599664 ) ) ;
#1760 = SURFACE_STYLE_FILL_AREA ( #1155 ) ;
#1761 = MECHANICAL_DESIGN_GEOMETRIC_PRESENTATION_REPRESENTATION (  '', ( #2893 ), #6296 ) ;
#1762 = ORIENTED_EDGE ( 'NONE', *, *, #9870, .F. ) ;
#1763 = DIRECTION ( 'NONE',  ( 0.0000000000000000000, 0.0000000000000000000, 1.000000000000000000 ) ) ;
#1764 = SURFACE_SIDE_STYLE ('',( #849 ) ) ;
#1765 = EDGE_CURVE ( 'NONE', #10010, #1405, #6114, .T. ) ;
#1766 = SURFACE_STYLE_FILL_AREA ( #2345 ) ;
#1767 = FILL_AREA_STYLE ('',( #1591 ) ) ;
#1768 = EDGE_CURVE ( 'NONE', #8794, #2842, #5808, .T. ) ;
#1769 = CARTESIAN_POINT ( 'NONE',  ( 22.80872753246240237, 1.799999999946064966, 5.500000000000079048 ) ) ;
#1770 = VECTOR ( 'NONE', #4724, 1000.000000000000000 ) ;
#1771 = DIRECTION ( 'NONE',  ( 0.01744974916068714119, -0.9996954598818873494, 0.01744974916068283907 ) ) ;
#1772 = ORIENTED_EDGE ( 'NONE', *, *, #10274, .F. ) ;
#1773 = ORIENTED_EDGE ( 'NONE', *, *, #222, .F. ) ;
#1774 = LINE ( 'NONE', #10213, #3437 ) ;
#1775 = PRESENTATION_LAYER_ASSIGNMENT (  '', '', ( #4128 ) ) ;
#1776 = ORIENTED_EDGE ( 'NONE', *, *, #5567, .F. ) ;
#1777 = VERTEX_POINT ( 'NONE', #4770 ) ;
#1778 = DIRECTION ( 'NONE',  ( 0.0000000000000000000, -1.000000000000000000, 0.0000000000000000000 ) ) ;
#1779 =( LENGTH_UNIT ( ) NAMED_UNIT ( * ) SI_UNIT ( .MILLI., .METRE. ) );
#1780 =( NAMED_UNIT ( * ) SI_UNIT ( $, .STERADIAN. ) SOLID_ANGLE_UNIT ( ) );
#1781 = AXIS2_PLACEMENT_3D ( 'NONE', #8520, #3613, #3737 ) ;
#1782 = AXIS2_PLACEMENT_3D ( 'NONE', #10934, #1417, #9027 ) ;
#1783 = EDGE_LOOP ( 'NONE', ( #7346, #189 ) ) ;
#1784 = ORIENTED_EDGE ( 'NONE', *, *, #7307, .F. ) ;
#1785 = DIRECTION ( 'NONE',  ( 1.000000000000000000, 0.0000000000000000000, 0.0000000000000000000 ) ) ;
#1786 = ADVANCED_FACE ( 'NONE', ( #9836 ), #5654, .F. ) ;
#1787 =( NAMED_UNIT ( * ) PLANE_ANGLE_UNIT ( ) SI_UNIT ( $, .RADIAN. ) );
#1788 = ORIENTED_EDGE ( 'NONE', *, *, #8612, .T. ) ;
#1789 = ADVANCED_FACE ( 'NONE', ( #7603 ), #12360, .T. ) ;
#1790 = EDGE_LOOP ( 'NONE', ( #10023, #6748, #3789, #6617, #370, #7865, #8624, #4503, #555, #7327, #12009, #183, #5266, #8733 ) ) ;
#1791 = ORIENTED_EDGE ( 'NONE', *, *, #5976, .F. ) ;
#1792 = CARTESIAN_POINT ( 'NONE',  ( -68.60321982055950230, -1.200000000000000178, -13.19999999999999929 ) ) ;
#1793 = DIRECTION ( 'NONE',  ( 0.0000000000000000000, 0.0000000000000000000, 1.000000000000000000 ) ) ;
#1794 = CARTESIAN_POINT ( 'NONE',  ( 23.50000000000000000, 1.800000000000000044, -6.299999999999999822 ) ) ;
#1795 = ORIENTED_EDGE ( 'NONE', *, *, #279, .F. ) ;
#1796 = LINE ( 'NONE', #9178, #3748 ) ;
#1797 = AXIS2_PLACEMENT_3D ( 'NONE', #2942, #4077, #5830 ) ;
#1798 = SURFACE_SIDE_STYLE ('',( #1212 ) ) ;
#1799 = ORIENTED_EDGE ( 'NONE', *, *, #4780, .F. ) ;
#1800 = UNCERTAINTY_MEASURE_WITH_UNIT (LENGTH_MEASURE( 1.000000000000000082E-05 ), #2055, 'distance_accuracy_value', 'NONE');
#1801 = COLOUR_RGB ( '',0.7529411764705882248, 0.7529411764705882248, 0.7529411764705882248 ) ;
#1802 = SURFACE_SIDE_STYLE ('',( #10301 ) ) ;
#1803 =( NAMED_UNIT ( * ) SI_UNIT ( $, .STERADIAN. ) SOLID_ANGLE_UNIT ( ) );
#1804 = AXIS2_PLACEMENT_3D ( 'NONE', #6252, #6561, #11241 ) ;
#1805 = LINE ( 'NONE', #10255, #5586 ) ;
#1806 = CARTESIAN_POINT ( 'NONE',  ( 47.50000000000000000, -1.499999999907686066, 10.00000000000000000 ) ) ;
#1807 = CARTESIAN_POINT ( 'NONE',  ( -27.10810784417230224, 1.200000000000728040, 21.39567676978599664 ) ) ;
#1808 = VERTEX_POINT ( 'NONE', #8436 ) ;
#1809 = EDGE_LOOP ( 'NONE', ( #5234, #3446, #4141, #9810, #1795 ) ) ;
#1810 = CARTESIAN_POINT ( 'NONE',  ( 47.50000000000000000, 1.792893218813444989, 10.00000000000000000 ) ) ;
#1811 = DIRECTION ( 'NONE',  ( 0.0000000000000000000, 0.0000000000000000000, 1.000000000000000000 ) ) ;
#1812 = CIRCLE ( 'NONE', #7826, 0.5000000000000004441 ) ;
#1813 = EDGE_CURVE ( 'NONE', #932, #11346, #9534, .T. ) ;
#1814 = DIRECTION ( 'NONE',  ( -1.000000000000000000, 0.0000000000000000000, 0.0000000000000000000 ) ) ;
#1815 = SURFACE_SIDE_STYLE ('',( #628 ) ) ;
#1816 = PRESENTATION_LAYER_ASSIGNMENT (  '', '', ( #1154 ) ) ;
#1817 = AXIS2_PLACEMENT_3D ( 'NONE', #4057, #7952, #8935 ) ;
#1818 = SURFACE_SIDE_STYLE ('',( #9030 ) ) ;
#1819 = VERTEX_POINT ( 'NONE', #3782 ) ;
#1820 = FILL_AREA_STYLE ('',( #10277 ) ) ;
#1821 = CARTESIAN_POINT ( 'NONE',  ( 23.50000000000000000, -1.200000000021370195, 5.500000000000000000 ) ) ;
#1822 = VECTOR ( 'NONE', #10441, 1000.000000000000000 ) ;
#1823 = SURFACE_STYLE_USAGE ( .BOTH. , #12342 ) ;
#1824 = CARTESIAN_POINT ( 'NONE',  ( -32.14127246753589873, 1.800000000000000044, -4.658727532464030041 ) ) ;
#1825 = B_SPLINE_CURVE_WITH_KNOTS ( 'NONE', 3,
 ( #10665, #6899, #7854, #7769 ),
 .UNSPECIFIED., .F., .F.,
 ( 4, 4 ),
 ( 4.270773603472650821E-15, 0.002400540168332440053 ),
 .UNSPECIFIED. ) ;
#1827 = PRESENTATION_STYLE_ASSIGNMENT (( #3912 ) ) ;
#1826 =( NAMED_UNIT ( * ) SI_UNIT ( $, .STERADIAN. ) SOLID_ANGLE_UNIT ( ) );
#1828 = EDGE_CURVE ( 'NONE', #483, #12012, #8026, .T. ) ;
#1829 = STYLED_ITEM ( 'NONE', ( #11721 ), #2560 ) ;
#1830 = CARTESIAN_POINT ( 'NONE',  ( -24.83102601314719848, -0.3999990008941770037, -4.663964069382029898 ) ) ;
#1831 = VERTEX_POINT ( 'NONE', #11386 ) ;
#1832 = STYLED_ITEM ( 'NONE', ( #8723 ), #10692 ) ;
#1833 = VECTOR ( 'NONE', #6348, 1000.000000000000000 ) ;
#1834 = SURFACE_SIDE_STYLE ('',( #12018 ) ) ;
#1835 = DIRECTION ( 'NONE',  ( 0.0000000000000000000, -1.000000000000000000, 0.0000000000000000000 ) ) ;
#1836 = CARTESIAN_POINT ( 'NONE',  ( -28.10102051443364957, 2.299999999999999822, -13.79999999999999893 ) ) ;
#1837 =( LENGTH_UNIT ( ) NAMED_UNIT ( * ) SI_UNIT ( .MILLI., .METRE. ) );
#1838 = FACE_OUTER_BOUND ( 'NONE', #2700, .T. ) ;
#1839 = EDGE_CURVE ( 'NONE', #11626, #12057, #7150, .T. ) ;
#1840 =( LENGTH_UNIT ( ) NAMED_UNIT ( * ) SI_UNIT ( .MILLI., .METRE. ) );
#1841 = VECTOR ( 'NONE', #11811, 1000.000000000000000 ) ;
#1842 = ORIENTED_EDGE ( 'NONE', *, *, #9854, .T. ) ;
#1843 = FILL_AREA_STYLE_COLOUR ( '', #5174 ) ;
#1844 = CARTESIAN_POINT ( 'NONE',  ( 47.50000000000000000, 0.7999999999940879958, 12.23491012985629922 ) ) ;
#1845 = ADVANCED_FACE ( 'NONE', ( #1728 ), #9394, .F. ) ;
#1846 = STYLED_ITEM ( 'NONE', ( #1496 ), #3257 ) ;
#1847 = CARTESIAN_POINT ( 'NONE',  ( -26.50000000000000000, 1.799999999946064966, 5.500000000000079048 ) ) ;
#1848 = CARTESIAN_POINT ( 'NONE',  ( -47.50000000000000000, -1.199999999999999956, 14.69999999999999929 ) ) ;
#1849 = ORIENTED_EDGE ( 'NONE', *, *, #5758, .T. ) ;
#1850 = LINE ( 'NONE', #11580, #10246 ) ;
#1851 = FILL_AREA_STYLE ('',( #6547 ) ) ;
#1852 = ORIENTED_EDGE ( 'NONE', *, *, #5516, .F. ) ;
#1853 = TOROIDAL_SURFACE ( 'NONE', #484, 1.000000000000000000, 0.2000000000000000111 ) ;
#1854 = DIRECTION ( 'NONE',  ( 0.0000000000000000000, 0.0000000000000000000, -1.000000000000000000 ) ) ;
#1855 = EDGE_CURVE ( 'NONE', #6322, #10807, #10275, .T. ) ;
#1856 = FACE_OUTER_BOUND ( 'NONE', #5128, .T. ) ;
#1857 = ORIENTED_EDGE ( 'NONE', *, *, #7896, .T. ) ;
#1858 = EDGE_CURVE ( 'NONE', #957, #1100, #10420, .T. ) ;
#1859 = DIRECTION ( 'NONE',  ( 1.000000000000000000, 0.0000000000000000000, 1.927470528863699157E-15 ) ) ;
#1860 = EDGE_LOOP ( 'NONE', ( #4617, #8497, #3589, #7829 ) ) ;
#1861 =( NAMED_UNIT ( * ) PLANE_ANGLE_UNIT ( ) SI_UNIT ( $, .RADIAN. ) );
#1862 =( LENGTH_UNIT ( ) NAMED_UNIT ( * ) SI_UNIT ( .MILLI., .METRE. ) );
#1863 = ORIENTED_EDGE ( 'NONE', *, *, #2998, .F. ) ;
#1864 = ORIENTED_EDGE ( 'NONE', *, *, #2019, .T. ) ;
#1865 = COLOUR_RGB ( '',0.7529411764705882248, 0.7529411764705882248, 0.7529411764705882248 ) ;
#1866 = STYLED_ITEM ( 'NONE', ( #7708 ), #4453 ) ;
#1867 = CARTESIAN_POINT ( 'NONE',  ( -47.50000000000000000, -1.199999999999999956, 15.00000000000000000 ) ) ;
#1868 = LINE ( 'NONE', #3282, #7726 ) ;
#1869 = CARTESIAN_POINT ( 'NONE',  ( -52.50000000000000000, -0.1000000000000000056, -11.41006226146289926 ) ) ;
#1870 = ORIENTED_EDGE ( 'NONE', *, *, #7868, .T. ) ;
#1871 = CARTESIAN_POINT ( 'NONE',  ( -28.14959026476165249, 1.200000000000869926, 4.891892155827720856 ) ) ;
#1872 = ORIENTED_EDGE ( 'NONE', *, *, #8488, .T. ) ;
#1873 = STYLED_ITEM ( 'NONE', ( #1559 ), #681 ) ;
#1874 = MECHANICAL_DESIGN_GEOMETRIC_PRESENTATION_REPRESENTATION (  '', ( #11559 ), #3415 ) ;
#1875 = CARTESIAN_POINT ( 'NONE',  ( 40.63592162685080211, 3.500000000000000000, -0.1298090627781910145 ) ) ;
#1876 = DIRECTION ( 'NONE',  ( 0.0000000000000000000, -1.000000000000000000, 0.0000000000000000000 ) ) ;
#1877 =( NAMED_UNIT ( * ) SI_UNIT ( $, .STERADIAN. ) SOLID_ANGLE_UNIT ( ) );
#1878 = DIRECTION ( 'NONE',  ( -4.625929269271489858E-16, 0.0000000000000000000, -1.000000000000000000 ) ) ;
#1879 = CONICAL_SURFACE ( 'NONE', #2245, 1.799999999997168532, 0.01745329251982707247 ) ;
#1880 = VERTEX_POINT ( 'NONE', #7686 ) ;
#1881 = ORIENTED_EDGE ( 'NONE', *, *, #3576, .F. ) ;
#1882 = FILL_AREA_STYLE ('',( #10383 ) ) ;
#1883 = EDGE_CURVE ( 'NONE', #721, #6699, #1409, .T. ) ;
#1884 = FACE_OUTER_BOUND ( 'NONE', #7657, .T. ) ;
#1885 = SURFACE_STYLE_FILL_AREA ( #12344 ) ;
#1886 = MECHANICAL_DESIGN_GEOMETRIC_PRESENTATION_REPRESENTATION (  '', ( #5926 ), #5519 ) ;
#1887 =( NAMED_UNIT ( * ) PLANE_ANGLE_UNIT ( ) SI_UNIT ( $, .RADIAN. ) );
#1888 = AXIS2_PLACEMENT_3D ( 'NONE', #4658, #1778, #7539 ) ;
#1889 = CARTESIAN_POINT ( 'NONE',  ( 24.36911924375670324, -0.1431421099148081910, -13.57668290518038745 ) ) ;
#1890 = DIRECTION ( 'NONE',  ( -0.01745240643764779664, 0.9998476951563849413, 0.0000000000000000000 ) ) ;
#1891 = LINE ( 'NONE', #6035, #2196 ) ;
#1892 = COLOUR_RGB ( '',0.7529411764705882248, 0.7529411764705882248, 0.7529411764705882248 ) ;
#1893 = CARTESIAN_POINT ( 'NONE',  ( 23.50000000000000000, -0.2999999999999999889, -5.299999999999929656 ) ) ;
#1894 = FILL_AREA_STYLE ('',( #9613 ) ) ;
#1895 = UNCERTAINTY_MEASURE_WITH_UNIT (LENGTH_MEASURE( 1.000000000000000082E-05 ), #3432, 'distance_accuracy_value', 'NONE');
#1896 = VECTOR ( 'NONE', #9164, 1000.000000000000000 ) ;
#1897 = DIRECTION ( 'NONE',  ( 1.000000000000000000, 9.637352644330754684E-16, 0.0000000000000000000 ) ) ;
#1898 = FACE_OUTER_BOUND ( 'NONE', #11418, .T. ) ;
#1899 = EDGE_CURVE ( 'NONE', #4343, #9742, #6860, .T. ) ;
#1900 = CARTESIAN_POINT ( 'NONE',  ( -47.50000000000000000, 1.792893218813495171, 10.00000000000000000 ) ) ;
#1901 = DIRECTION ( 'NONE',  ( 2.286102436236890086E-16, 1.000000000000000000, 3.061276722300149995E-16 ) ) ;
#1902 = MECHANICAL_DESIGN_GEOMETRIC_PRESENTATION_REPRESENTATION (  '', ( #6193 ), #2565 ) ;
#1903 = FACE_OUTER_BOUND ( 'NONE', #7163, .T. ) ;
#1904 = AXIS2_PLACEMENT_3D ( 'NONE', #1411, #9105, #8066 ) ;
#1905 = ORIENTED_EDGE ( 'NONE', *, *, #4817, .F. ) ;
#1906 = DIRECTION ( 'NONE',  ( 0.0000000000000000000, 0.0000000000000000000, 1.000000000000000000 ) ) ;
#1907 = CARTESIAN_POINT ( 'NONE',  ( 23.50000000000000000, 1.200000000001454792, -5.299999999999999822 ) ) ;
#1909 = PRESENTATION_LAYER_ASSIGNMENT (  '', '', ( #8181 ) ) ;
#1908 = B_SPLINE_CURVE_WITH_KNOTS ( 'NONE', 3,
 ( #4537, #701, #534, #8413 ),
 .UNSPECIFIED., .F., .F.,
 ( 4, 4 ),
 ( 5.348062342359811081E-15, 0.002400540168330269914 ),
 .UNSPECIFIED. ) ;
#1910 = ADVANCED_FACE ( 'NONE', ( #3691 ), #5889, .T. ) ;
#1911 = VECTOR ( 'NONE', #9004, 1000.000000000000114 ) ;
#1912 = VECTOR ( 'NONE', #3904, 1000.000000000000114 ) ;
#1913 = SURFACE_SIDE_STYLE ('',( #12368 ) ) ;
#1914 = FACE_OUTER_BOUND ( 'NONE', #7795, .T. ) ;
#1915 =( NAMED_UNIT ( * ) PLANE_ANGLE_UNIT ( ) SI_UNIT ( $, .RADIAN. ) );
#1916 = UNCERTAINTY_MEASURE_WITH_UNIT (LENGTH_MEASURE( 1.000000000000000082E-05 ), #5527, 'distance_accuracy_value', 'NONE');
#1917 = ORIENTED_EDGE ( 'NONE', *, *, #293, .T. ) ;
#1918 = EDGE_CURVE ( 'NONE', #4362, #3846, #1715, .T. ) ;
#1919 = VECTOR ( 'NONE', #5107, 1000.000000000000000 ) ;
#1920 = DIRECTION ( 'NONE',  ( 0.0000000000000000000, -0.9396926207859098712, 0.3420201433256644385 ) ) ;
#1921 = CARTESIAN_POINT ( 'NONE',  ( 37.63824873692700379, 2.299999999973499687, -2.782205948333395185 ) ) ;
#1922 = FILL_AREA_STYLE_COLOUR ( '', #10154 ) ;
#1923 = AXIS2_PLACEMENT_3D ( 'NONE', #10664, #11611, #9873 ) ;
#1924 = ORIENTED_EDGE ( 'NONE', *, *, #2460, .F. ) ;
#1925 = CARTESIAN_POINT ( 'NONE',  ( 37.47618512322014794, 3.500000000000000000, 1.214509626374344009 ) ) ;
#1926 = STYLED_ITEM ( 'NONE', ( #4588 ), #6411 ) ;
#1927 = FACE_OUTER_BOUND ( 'NONE', #5909, .T. ) ;
#1928 = STYLED_ITEM ( 'NONE', ( #5055 ), #12048 ) ;
#1929 = VERTEX_POINT ( 'NONE', #8761 ) ;
#1930 = ORIENTED_EDGE ( 'NONE', *, *, #2874, .T. ) ;
#1932 = VERTEX_POINT ( 'NONE', #3992 ) ;
#1931 = PRESENTATION_STYLE_ASSIGNMENT (( #7113 ) ) ;
#1933 = EDGE_CURVE ( 'NONE', #4067, #623, #1104, .T. ) ;
#1934 = LINE ( 'NONE', #10549, #2545 ) ;
#1935 = ORIENTED_EDGE ( 'NONE', *, *, #7417, .T. ) ;
#1936 = CARTESIAN_POINT ( 'NONE',  ( 24.79840832495516167, -0.3159304210254361700, -13.70190133116765807 ) ) ;
#1937 =( LENGTH_UNIT ( ) NAMED_UNIT ( * ) SI_UNIT ( .MILLI., .METRE. ) );
#1938 = EDGE_CURVE ( 'NONE', #11142, #3396, #9071, .T. ) ;
#1939 = CARTESIAN_POINT ( 'NONE',  ( -26.50000000000000000, 1.200000000001454792, -5.299999999999999822 ) ) ;
#1940 = EDGE_LOOP ( 'NONE', ( #9306, #8315, #11440, #4938 ) ) ;
#1941 = SURFACE_STYLE_FILL_AREA ( #4369 ) ;
#1942 = AXIS2_PLACEMENT_3D ( 'NONE', #452, #4359, #4478 ) ;
#1943 = ORIENTED_EDGE ( 'NONE', *, *, #9397, .F. ) ;
#1944 = ORIENTED_EDGE ( 'NONE', *, *, #3476, .T. ) ;
#1945 = ORIENTED_EDGE ( 'NONE', *, *, #4046, .F. ) ;
#1946 = ORIENTED_EDGE ( 'NONE', *, *, #9709, .T. ) ;
#1947 = UNCERTAINTY_MEASURE_WITH_UNIT (LENGTH_MEASURE( 1.000000000000000082E-05 ), #2606, 'distance_accuracy_value', 'NONE');
#1948 = DIRECTION ( 'NONE',  ( 0.0000000000000000000, 0.9396926207859105373, -0.3420201433256628287 ) ) ;
#1949 = FILL_AREA_STYLE_COLOUR ( '', #6332 ) ;
#1950 = CARTESIAN_POINT ( 'NONE',  ( -27.38652115816342558, -0.3777427340652499410, -13.73222542510257149 ) ) ;
#1951 = PRESENTATION_LAYER_ASSIGNMENT (  '', '', ( #10758 ) ) ;
#1952 = AXIS2_PLACEMENT_3D ( 'NONE', #10491, #11560, #6832 ) ;
#1953 = DIRECTION ( 'NONE',  ( 0.0000000000000000000, -1.000000000000000000, 0.0000000000000000000 ) ) ;
#1954 = CARTESIAN_POINT ( 'NONE',  ( 44.36819777075264426, 3.066987298116219840, 270.4510849563059764 ) ) ;
#1955 = ORIENTED_EDGE ( 'NONE', *, *, #8201, .T. ) ;
#1956 = UNCERTAINTY_MEASURE_WITH_UNIT (LENGTH_MEASURE( 1.000000000000000082E-05 ), #4795, 'distance_accuracy_value', 'NONE');
#1957 = LINE ( 'NONE', #6670, #9896 ) ;
#1958 =( NAMED_UNIT ( * ) PLANE_ANGLE_UNIT ( ) SI_UNIT ( $, .RADIAN. ) );
#1959 = ORIENTED_EDGE ( 'NONE', *, *, #3188, .T. ) ;
#1960 = COLOUR_RGB ( '',0.7529411764705882248, 0.7529411764705882248, 0.7529411764705882248 ) ;
#1961 = CARTESIAN_POINT ( 'NONE',  ( 41.10780953456950471, 3.500000000000000000, -0.7503378811960930150 ) ) ;
#1962 = SURFACE_SIDE_STYLE ('',( #12313 ) ) ;
#1963 = FILL_AREA_STYLE_COLOUR ( '', #7183 ) ;
#1964 = CARTESIAN_POINT ( 'NONE',  ( -26.50000000000000000, 2.000000000000000000, 5.500000000000000000 ) ) ;
#1965 = PRESENTATION_LAYER_ASSIGNMENT (  '', '', ( #1718 ) ) ;
#1966 = VERTEX_POINT ( 'NONE', #979 ) ;
#1967 = PRESENTATION_STYLE_ASSIGNMENT (( #287 ) ) ;
#1968 = DIRECTION ( 'NONE',  ( 0.0000000000000000000, -1.000000000000000000, 0.0000000000000000000 ) ) ;
#1969 = CIRCLE ( 'NONE', #9625, 4.999999999986361132 ) ;
#1970 = LINE ( 'NONE', #9694, #10202 ) ;
#1971 = DIRECTION ( 'NONE',  ( 0.0000000000000000000, 0.0000000000000000000, -1.000000000000000000 ) ) ;
#1972 = ADVANCED_FACE ( 'NONE', ( #11298 ), #6412, .T. ) ;
#1973 = UNCERTAINTY_MEASURE_WITH_UNIT (LENGTH_MEASURE( 1.000000000000000082E-05 ), #10067, 'distance_accuracy_value', 'NONE');
#1974 = DIRECTION ( 'NONE',  ( 0.0000000000000000000, 0.0000000000000000000, 1.000000000000000000 ) ) ;
#1975 = SURFACE_SIDE_STYLE ('',( #9446 ) ) ;
#1976 = VERTEX_POINT ( 'NONE', #139 ) ;
#1977 = EDGE_CURVE ( 'NONE', #10355, #3038, #1825, .T. ) ;
#1978 = DIRECTION ( 'NONE',  ( 0.01745240643764815053, 0.9998476951563849413, 2.137303368128424738E-18 ) ) ;
#1979 = STYLED_ITEM ( 'NONE', ( #8215 ), #5270 ) ;
#1980 =( GEOMETRIC_REPRESENTATION_CONTEXT ( 3 ) GLOBAL_UNCERTAINTY_ASSIGNED_CONTEXT ( ( #2134 ) ) GLOBAL_UNIT_ASSIGNED_CONTEXT ( ( #6307, #1517, #8251 ) ) REPRESENTATION_CONTEXT ( 'NONE', 'WORKASPACE' ) );
#1981 =( GEOMETRIC_REPRESENTATION_CONTEXT ( 3 ) GLOBAL_UNCERTAINTY_ASSIGNED_CONTEXT ( ( #5887 ) ) GLOBAL_UNIT_ASSIGNED_CONTEXT ( ( #634, #7349, #12192 ) ) REPRESENTATION_CONTEXT ( 'NONE', 'WORKASPACE' ) );
#1982 = CARTESIAN_POINT ( 'NONE',  ( -51.29999999999999716, -1.200000000000000178, -11.60036725769279897 ) ) ;
#1983 = COLOUR_RGB ( '',0.7529411764705882248, 0.7529411764705882248, 0.7529411764705882248 ) ;
#1984 = CARTESIAN_POINT ( 'NONE',  ( -26.50000000000000000, 1.199999999999999956, -6.700000000000000178 ) ) ;
#1985 = FILL_AREA_STYLE_COLOUR ( '', #8790 ) ;
#1986 = SURFACE_STYLE_USAGE ( .BOTH. , #2075 ) ;
#1987 = COLOUR_RGB ( '',0.7529411764705882248, 0.7529411764705882248, 0.7529411764705882248 ) ;
#1988 = FILL_AREA_STYLE ('',( #6796 ) ) ;
#1989 = ORIENTED_EDGE ( 'NONE', *, *, #11393, .T. ) ;
#1990 = B_SPLINE_CURVE_WITH_KNOTS ( 'NONE', 3,
 ( #4041, #7771, #7937, #2184 ),
 .UNSPECIFIED., .F., .F.,
 ( 4, 4 ),
 ( 0.0000000000000000000, 1.000000000000000000 ),
 .UNSPECIFIED. ) ;
#1991 = SURFACE_STYLE_USAGE ( .BOTH. , #4984 ) ;
#1992 = FILL_AREA_STYLE ('',( #6798 ) ) ;
#1993 = AXIS2_PLACEMENT_3D ( 'NONE', #733, #1719, #10215 ) ;
#1994 = FACE_BOUND ( 'NONE', #10378, .T. ) ;
#1995 = DIRECTION ( 'NONE',  ( 0.0000000000000000000, 0.0000000000000000000, 1.000000000000000000 ) ) ;
#1996 = AXIS2_PLACEMENT_3D ( 'NONE', #7698, #3967, #8737 ) ;
#1997 = SURFACE_STYLE_USAGE ( .BOTH. , #10461 ) ;
#1998 =( LENGTH_UNIT ( ) NAMED_UNIT ( * ) SI_UNIT ( .MILLI., .METRE. ) );
#1999 = ORIENTED_EDGE ( 'NONE', *, *, #7982, .T. ) ;
#2000 = CARTESIAN_POINT ( 'NONE',  ( 23.50000000000000000, 2.000000000000000000, -6.700000000000000178 ) ) ;
#2001 = EDGE_CURVE ( 'NONE', #4083, #9224, #9671, .T. ) ;
#2002 = CARTESIAN_POINT ( 'NONE',  ( 23.24544410003094796, -0.6999999999999999556, -5.299999999999929656 ) ) ;
#2003 = ORIENTED_EDGE ( 'NONE', *, *, #3823, .T. ) ;
#2004 = EDGE_CURVE ( 'NONE', #3441, #5245, #9299, .T. ) ;
#2005 = DIRECTION ( 'NONE',  ( 0.0000000000000000000, -1.000000000000000000, 0.0000000000000000000 ) ) ;
#2006 = ORIENTED_EDGE ( 'NONE', *, *, #6511, .F. ) ;
#2007 = FACE_OUTER_BOUND ( 'NONE', #5886, .T. ) ;
#2008 = SURFACE_STYLE_USAGE ( .BOTH. , #903 ) ;
#2009 = PRESENTATION_LAYER_ASSIGNMENT (  '', '', ( #2427 ) ) ;
#2010 = ORIENTED_EDGE ( 'NONE', *, *, #2662, .T. ) ;
#2011 = DIRECTION ( 'NONE',  ( 0.4317942198470497983, -0.8660254037844345998, -0.2520986943771918454 ) ) ;
#2012 = FILL_AREA_STYLE_COLOUR ( '', #5877 ) ;
#2013 =( LENGTH_UNIT ( ) NAMED_UNIT ( * ) SI_UNIT ( .MILLI., .METRE. ) );
#2014 = ORIENTED_EDGE ( 'NONE', *, *, #9336, .F. ) ;
#2015 = DIRECTION ( 'NONE',  ( 0.0000000000000000000, 0.0000000000000000000, -1.000000000000000000 ) ) ;
#2016 = COLOUR_RGB ( '',0.7529411764705882248, 0.7529411764705882248, 0.7529411764705882248 ) ;
#2017 = STYLED_ITEM ( 'NONE', ( #6958 ), #6903 ) ;
#2018 =( NAMED_UNIT ( * ) SI_UNIT ( $, .STERADIAN. ) SOLID_ANGLE_UNIT ( ) );
#2019 = EDGE_CURVE ( 'NONE', #5314, #8830, #2639, .T. ) ;
#2020 = COLOUR_RGB ( '',0.7529411764705882248, 0.7529411764705882248, 0.7529411764705882248 ) ;
#2021 =( LENGTH_UNIT ( ) NAMED_UNIT ( * ) SI_UNIT ( .MILLI., .METRE. ) );
#2022 = CYLINDRICAL_SURFACE ( 'NONE', #2694, 4.999999999999999112 ) ;
#2024 = VERTEX_POINT ( 'NONE', #2867 ) ;
#2023 = CARTESIAN_POINT ( 'NONE',  ( -20.10102051443365312, 3.405465559969194977, -11.00000000000000000 ) ) ;
#2025 = DIRECTION ( 'NONE',  ( -1.000000000000000000, 0.0000000000000000000, 0.0000000000000000000 ) ) ;
#2026 = ORIENTED_EDGE ( 'NONE', *, *, #3993, .T. ) ;
#2027 = PRESENTATION_LAYER_ASSIGNMENT (  '', '', ( #10838 ) ) ;
#2028 = PLANE ( 'NONE',  #3254 ) ;
#2029 = CARTESIAN_POINT ( 'NONE',  ( -26.50000000000000000, 1.199999999999999956, -6.100000000000000533 ) ) ;
#2030 = VECTOR ( 'NONE', #11476, 1000.000000000000000 ) ;
#2031 = FILL_AREA_STYLE ('',( #6835 ) ) ;
#2032 = ADVANCED_FACE ( 'NONE', ( #7742 ), #5334, .T. ) ;
#2033 = CARTESIAN_POINT ( 'NONE',  ( -44.50000000000000000, -1.200000000000000178, -5.950000000000000178 ) ) ;
#2034 = VECTOR ( 'NONE', #11985, 1000.000000000000000 ) ;
#2035 =( GEOMETRIC_REPRESENTATION_CONTEXT ( 3 ) GLOBAL_UNCERTAINTY_ASSIGNED_CONTEXT ( ( #12232 ) ) GLOBAL_UNIT_ASSIGNED_CONTEXT ( ( #3763, #4753, #7592 ) ) REPRESENTATION_CONTEXT ( 'NONE', 'WORKASPACE' ) );
#2036 = AXIS2_PLACEMENT_3D ( 'NONE', #5023, #3185, #4022 ) ;
#2037 = EDGE_LOOP ( 'NONE', ( #6021, #11204, #9516, #1161, #7458, #2558, #1362, #7228 ) ) ;
#2038 =( NAMED_UNIT ( * ) SI_UNIT ( $, .STERADIAN. ) SOLID_ANGLE_UNIT ( ) );
#2039 = ORIENTED_EDGE ( 'NONE', *, *, #2673, .T. ) ;
#2040 = VERTEX_POINT ( 'NONE', #7983 ) ;
#2041 = PRESENTATION_STYLE_ASSIGNMENT (( #2199 ) ) ;
#2042 = CARTESIAN_POINT ( 'NONE',  ( -47.70000000000000284, -1.200000000000000178, 21.39567676978599664 ) ) ;
#2043 = COLOUR_RGB ( '',0.7529411764705882248, 0.7529411764705882248, 0.7529411764705882248 ) ;
#2044 = SURFACE_SIDE_STYLE ('',( #5831 ) ) ;
#2045 = DIRECTION ( 'NONE',  ( 0.0000000000000000000, 0.0000000000000000000, -1.000000000000000000 ) ) ;
#2046 = SURFACE_STYLE_FILL_AREA ( #3660 ) ;
#2047 =( NAMED_UNIT ( * ) PLANE_ANGLE_UNIT ( ) SI_UNIT ( $, .RADIAN. ) );
#2048 = SURFACE_STYLE_FILL_AREA ( #6107 ) ;
#2049 = EDGE_CURVE ( 'NONE', #3991, #7651, #3535, .T. ) ;
#2050 =( BOUNDED_CURVE ( )  B_SPLINE_CURVE ( 3, ( #1337, #3310, #3264, #10936 ),
 .UNSPECIFIED., .F., .F. ) 
 B_SPLINE_CURVE_WITH_KNOTS ( ( 4, 4 ),
 ( 2.188233430421774983, 4.094951876757814802 ),
 .UNSPECIFIED. ) 
 CURVE ( )  GEOMETRIC_REPRESENTATION_ITEM ( )  RATIONAL_B_SPLINE_CURVE ( ( 1.000000000000000000, 0.7192982456202969832, 0.7192982456202969832, 1.000000000000000000 ) ) 
 REPRESENTATION_ITEM ( '' )  );
#2051 = MECHANICAL_DESIGN_GEOMETRIC_PRESENTATION_REPRESENTATION (  '', ( #4654 ), #9605 ) ;
#2052 = UNCERTAINTY_MEASURE_WITH_UNIT (LENGTH_MEASURE( 1.000000000000000082E-05 ), #2854, 'distance_accuracy_value', 'NONE');
#2053 = VECTOR ( 'NONE', #502, 1000.000000000000000 ) ;
#2054 = PRESENTATION_LAYER_ASSIGNMENT (  '', '', ( #11429 ) ) ;
#2055 =( LENGTH_UNIT ( ) NAMED_UNIT ( * ) SI_UNIT ( .MILLI., .METRE. ) );
#2056 = CARTESIAN_POINT ( 'NONE',  ( -47.50000000000000000, -1.199999999999999956, 10.00000000000000000 ) ) ;
#2057 = DIRECTION ( 'NONE',  ( -1.000000000000000000, 0.0000000000000000000, 0.0000000000000000000 ) ) ;
#2058 = COLOUR_RGB ( '',0.7529411764705882248, 0.7529411764705882248, 0.7529411764705882248 ) ;
#2059 = DIRECTION ( 'NONE',  ( -5.288791085217829124E-17, 1.000000000000000000, 0.0000000000000000000 ) ) ;
#2060 = CARTESIAN_POINT ( 'NONE',  ( 47.50000000000000000, -1.199999999999999956, 14.69999999999999929 ) ) ;
#2061 = COLOUR_RGB ( '',0.7529411764705882248, 0.7529411764705882248, 0.7529411764705882248 ) ;
#2062 = CARTESIAN_POINT ( 'NONE',  ( -47.50000000000000000, -1.200000000000000178, 13.19999999999999929 ) ) ;
#2063 = VERTEX_POINT ( 'NONE', #6102 ) ;
#2064 = LINE ( 'NONE', #11536, #1284 ) ;
#2065 = FILL_AREA_STYLE_COLOUR ( '', #7391 ) ;
#2066 = EDGE_CURVE ( 'NONE', #12057, #2243, #5485, .T. ) ;
#2067 =( NAMED_UNIT ( * ) SI_UNIT ( $, .STERADIAN. ) SOLID_ANGLE_UNIT ( ) );
#2068 = SURFACE_STYLE_USAGE ( .BOTH. , #1129 ) ;
#2069 = CARTESIAN_POINT ( 'NONE',  ( -51.00294372512239249, 1.800000000029875036, 15.00000000000000000 ) ) ;
#2070 = AXIS2_PLACEMENT_3D ( 'NONE', #7101, #11072, #11853 ) ;
#2071 = SURFACE_STYLE_FILL_AREA ( #4271 ) ;
#2072 = AXIS2_PLACEMENT_3D ( 'NONE', #8396, #1634, #7359 ) ;
#2073 = VERTEX_POINT ( 'NONE', #5162 ) ;
#2074 = VERTEX_POINT ( 'NONE', #2218 ) ;
#2075 = SURFACE_SIDE_STYLE ('',( #3349 ) ) ;
#2077 = CARTESIAN_POINT ( 'NONE',  ( -51.56406578935506246, 2.935758663105546784, -14.99999997707928046 ) ) ;
#2076 = CIRCLE ( 'NONE', #9688, 0.5000000000000004441 ) ;
#2078 = PRESENTATION_LAYER_ASSIGNMENT (  '', '', ( #1832 ) ) ;
#2079 = CARTESIAN_POINT ( 'NONE',  ( 21.84067480924430171, 0.4000010255225363576, -5.922071878214290486 ) ) ;
#2080 = DIRECTION ( 'NONE',  ( 0.0000000000000000000, -1.000000000000000000, 0.0000000000000000000 ) ) ;
#2081 = ORIENTED_EDGE ( 'NONE', *, *, #5483, .T. ) ;
#2082 = EDGE_LOOP ( 'NONE', ( #4152, #9942, #4069, #6629 ) ) ;
#2083 = SURFACE_STYLE_FILL_AREA ( #6222 ) ;
#2084 =( LENGTH_UNIT ( ) NAMED_UNIT ( * ) SI_UNIT ( .MILLI., .METRE. ) );
#2085 = EDGE_CURVE ( 'NONE', #5459, #715, #6108, .T. ) ;
#2086 = SURFACE_SIDE_STYLE ('',( #2306 ) ) ;
#2087 = SURFACE_SIDE_STYLE ('',( #12149 ) ) ;
#2089 = ORIENTED_EDGE ( 'NONE', *, *, #6103, .T. ) ;
#2088 = CARTESIAN_POINT ( 'NONE',  ( 23.50000000000000000, 2.000000000000000000, 6.899999999999999467 ) ) ;
#2090 = DIRECTION ( 'NONE',  ( 0.0000000000000000000, 0.0000000000000000000, 1.000000000000000000 ) ) ;
#2091 = ORIENTED_EDGE ( 'NONE', *, *, #8698, .F. ) ;
#2092 = ORIENTED_EDGE ( 'NONE', *, *, #7498, .F. ) ;
#2093 = STYLED_ITEM ( 'NONE', ( #741 ), #3311 ) ;
#2095 = LINE ( 'NONE', #6584, #10763 ) ;
#2094 = SURFACE_SIDE_STYLE ('',( #10747 ) ) ;
#2096 = EDGE_LOOP ( 'NONE', ( #10908, #3882, #10102, #10769 ) ) ;
#2097 = CARTESIAN_POINT ( 'NONE',  ( 47.65810784417229939, 1.199999999999999956, 4.891892155827720856 ) ) ;
#2098 = ORIENTED_EDGE ( 'NONE', *, *, #9048, .F. ) ;
#2099 =( LENGTH_UNIT ( ) NAMED_UNIT ( * ) SI_UNIT ( .MILLI., .METRE. ) );
#2100 = ADVANCED_FACE ( 'NONE', ( #948 ), #6060, .T. ) ;
#2101 = EDGE_CURVE ( 'NONE', #474, #8898, #7130, .T. ) ;
#2102 = VERTEX_POINT ( 'NONE', #307 ) ;
#2103 = VECTOR ( 'NONE', #883, 999.9999999999998863 ) ;
#2104 = FILL_AREA_STYLE_COLOUR ( '', #5610 ) ;
#2105 = EDGE_CURVE ( 'NONE', #7512, #2789, #4750, .T. ) ;
#2106 = VECTOR ( 'NONE', #6545, 1000.000000000000000 ) ;
#2107 = LINE ( 'NONE', #726, #10344 ) ;
#2108 =( NAMED_UNIT ( * ) PLANE_ANGLE_UNIT ( ) SI_UNIT ( $, .RADIAN. ) );
#2109 = STYLED_ITEM ( 'NONE', ( #2229 ), #4574 ) ;
#2110 = VERTEX_POINT ( 'NONE', #1273 ) ;
#2111 = CARTESIAN_POINT ( 'NONE',  ( -26.50000000000000000, 2.000000000000000000, 4.500000000000000000 ) ) ;
#2112 = SURFACE_STYLE_FILL_AREA ( #9205 ) ;
#2113 = ORIENTED_EDGE ( 'NONE', *, *, #7809, .F. ) ;
#2114 = CARTESIAN_POINT ( 'NONE',  ( -26.50000000000000000, 1.800000000000000044, -6.500000000000000000 ) ) ;
#2115 = CARTESIAN_POINT ( 'NONE',  ( 23.50000000000000000, -0.3069809625912964801, 5.500000000000079048 ) ) ;
#2116 = SURFACE_STYLE_FILL_AREA ( #8661 ) ;
#2117 = DIRECTION ( 'NONE',  ( 0.0000000000000000000, 2.608002250830389487E-32, 1.000000000000000000 ) ) ;
#2118 = CARTESIAN_POINT ( 'NONE',  ( -25.85872753246410127, 1.800000000000000044, 6.141272467535969781 ) ) ;
#2119 = CIRCLE ( 'NONE', #1389, 4.678460968991549507 ) ;
#2120 = FILL_AREA_STYLE_COLOUR ( '', #11202 ) ;
#2121 = DIRECTION ( 'NONE',  ( 0.0000000000000000000, 1.000000000000000000, 0.0000000000000000000 ) ) ;
#2122 = CARTESIAN_POINT ( 'NONE',  ( 47.50000000000000000, 3.000000000000000000, 10.00000000000000000 ) ) ;
#2123 = ORIENTED_EDGE ( 'NONE', *, *, #4924, .T. ) ;
#2124 = SURFACE_SIDE_STYLE ('',( #7143 ) ) ;
#2125 = VECTOR ( 'NONE', #8418, 1000.000000000000000 ) ;
#2126 = SURFACE_STYLE_USAGE ( .BOTH. , #5958 ) ;
#2127 = EDGE_CURVE ( 'NONE', #1819, #9521, #6848, .T. ) ;
#2128 = CARTESIAN_POINT ( 'NONE',  ( -51.29999999999999716, -0.1000000000000000472, -10.00000000000000000 ) ) ;
#2129 = FILL_AREA_STYLE_COLOUR ( '', #1034 ) ;
#2130 =( NAMED_UNIT ( * ) SI_UNIT ( $, .STERADIAN. ) SOLID_ANGLE_UNIT ( ) );
#2131 = FILL_AREA_STYLE_COLOUR ( '', #690 ) ;
#2132 = DIRECTION ( 'NONE',  ( 0.0000000000000000000, 3.486305596842109938E-32, -1.000000000000000000 ) ) ;
#2133 = STYLED_ITEM ( 'NONE', ( #7201 ), #1199 ) ;
#2134 = UNCERTAINTY_MEASURE_WITH_UNIT (LENGTH_MEASURE( 1.000000000000000082E-05 ), #6307, 'distance_accuracy_value', 'NONE');
#2135 = VERTEX_POINT ( 'NONE', #8807 ) ;
#2136 = CIRCLE ( 'NONE', #345, 0.8000000000000003775 ) ;
#2137 = FILL_AREA_STYLE_COLOUR ( '', #4026 ) ;
#2138 =( NAMED_UNIT ( * ) SI_UNIT ( $, .STERADIAN. ) SOLID_ANGLE_UNIT ( ) );
#2139 = SURFACE_STYLE_USAGE ( .BOTH. , #4045 ) ;
#2140 = VECTOR ( 'NONE', #2865, 1000.000000000000000 ) ;
#2141 = EDGE_CURVE ( 'NONE', #10364, #5314, #6548, .T. ) ;
#2142 =( LENGTH_UNIT ( ) NAMED_UNIT ( * ) SI_UNIT ( .MILLI., .METRE. ) );
#2143 =( GEOMETRIC_REPRESENTATION_CONTEXT ( 3 ) GLOBAL_UNCERTAINTY_ASSIGNED_CONTEXT ( ( #8745 ) ) GLOBAL_UNIT_ASSIGNED_CONTEXT ( ( #5998, #3056, #10572 ) ) REPRESENTATION_CONTEXT ( 'NONE', 'WORKASPACE' ) );
#2144 = AXIS2_PLACEMENT_3D ( 'NONE', #7361, #522, #1499 ) ;
#2145 = PRESENTATION_STYLE_ASSIGNMENT (( #11770 ) ) ;
#2146 = ORIENTED_EDGE ( 'NONE', *, *, #9944, .T. ) ;
#2147 = STYLED_ITEM ( 'NONE', ( #3158 ), #10451 ) ;
#2148 = CARTESIAN_POINT ( 'NONE',  ( -24.10102051443364957, 2.506486074402840103, -13.00000000000000000 ) ) ;
#2149 =( NAMED_UNIT ( * ) SI_UNIT ( $, .STERADIAN. ) SOLID_ANGLE_UNIT ( ) );
#2150 = FILL_AREA_STYLE_COLOUR ( '', #863 ) ;
#2151 = CARTESIAN_POINT ( 'NONE',  ( 23.50000000000000000, 1.800000000000000044, 4.100000000000000533 ) ) ;
#2152 = ORIENTED_EDGE ( 'NONE', *, *, #4411, .T. ) ;
#2153 = VECTOR ( 'NONE', #22, 1000.000000000000000 ) ;
#2154 = DIRECTION ( 'NONE',  ( -1.000000000000000000, 0.0000000000000000000, 0.0000000000000000000 ) ) ;
#2155 = EDGE_CURVE ( 'NONE', #7499, #98, #1868, .T. ) ;
#2156 = FILL_AREA_STYLE_COLOUR ( '', #3935 ) ;
#2157 = CARTESIAN_POINT ( 'NONE',  ( -51.46103864698876151, 3.015893976316461611, -15.00000054267170846 ) ) ;
#2158 = CARTESIAN_POINT ( 'NONE',  ( -44.79932197965934648, -0.4000000000000000222, -11.19999999999999929 ) ) ;
#2159 = CARTESIAN_POINT ( 'NONE',  ( 47.50000000000000000, -1.199999999999999956, 10.00000000000000000 ) ) ;
#2160 = ADVANCED_FACE ( 'NONE', ( #339 ), #6691, .F. ) ;
#2161 = EDGE_LOOP ( 'NONE', ( #3163, #11357, #1239, #969, #6486, #1518, #10469, #4845, #11124, #3052 ) ) ;
#2162 = CARTESIAN_POINT ( 'NONE',  ( -51.29289321881350361, 2.500000000000000000, -14.37954930904470174 ) ) ;
#2163 = PRESENTATION_STYLE_ASSIGNMENT (( #3256 ) ) ;
#2164 = MECHANICAL_DESIGN_GEOMETRIC_PRESENTATION_REPRESENTATION (  '', ( #4276 ), #3620 ) ;
#2165 = ORIENTED_EDGE ( 'NONE', *, *, #388, .F. ) ;
#2166 = FILL_AREA_STYLE_COLOUR ( '', #9676 ) ;
#2167 = DIRECTION ( 'NONE',  ( 0.0000000000000000000, -1.000000000000000000, 0.0000000000000000000 ) ) ;
#2168 = STYLED_ITEM ( 'NONE', ( #6131 ), #11917 ) ;
#2169 = ORIENTED_EDGE ( 'NONE', *, *, #5534, .T. ) ;
#2170 = CARTESIAN_POINT ( 'NONE',  ( 23.50000000000000000, -1.200000000021375079, -5.299999999999999822 ) ) ;
#2171 = DIRECTION ( 'NONE',  ( 2.286102436236890086E-16, 1.000000000000000000, 3.061276722300149995E-16 ) ) ;
#2172 = VECTOR ( 'NONE', #7017, 1000.000000000000000 ) ;
#2173 = DIRECTION ( 'NONE',  ( 0.0000000000000000000, -1.000000000000000000, 0.0000000000000000000 ) ) ;
#2174 = EDGE_CURVE ( 'NONE', #1405, #248, #3230, .T. ) ;
#2175 =( NAMED_UNIT ( * ) SI_UNIT ( $, .STERADIAN. ) SOLID_ANGLE_UNIT ( ) );
#2176 = CIRCLE ( 'NONE', #10511, 1.199999999999999734 ) ;
#2177 = ORIENTED_EDGE ( 'NONE', *, *, #2589, .F. ) ;
#2178 = SURFACE_SIDE_STYLE ('',( #10128 ) ) ;
#2179 = EDGE_CURVE ( 'NONE', #8399, #1880, #11726, .T. ) ;
#2180 = ORIENTED_EDGE ( 'NONE', *, *, #7167, .T. ) ;
#2181 =( NAMED_UNIT ( * ) SI_UNIT ( $, .STERADIAN. ) SOLID_ANGLE_UNIT ( ) );
#2182 = LINE ( 'NONE', #12020, #1557 ) ;
#2183 = TOROIDAL_SURFACE ( 'NONE', #10801, 268.1907983707804988, 0.5000000000000160982 ) ;
#2184 = CARTESIAN_POINT ( 'NONE',  ( -8.374920288904739607, 2.300000000009580159, 6.150000000000249933 ) ) ;
#2185 = AXIS2_PLACEMENT_3D ( 'NONE', #10935, #368, #4312 ) ;
#2186 = PRESENTATION_STYLE_ASSIGNMENT (( #4640 ) ) ;
#2187 = CARTESIAN_POINT ( 'NONE',  ( -51.49999999994220445, -2.700000000052470206, 10.00000000000000000 ) ) ;
#2188 = DIRECTION ( 'NONE',  ( -0.5041973887551769451, -5.355178044986639347E-13, -0.8635884396936198693 ) ) ;
#2189 = ORIENTED_EDGE ( 'NONE', *, *, #1457, .F. ) ;
#2190 = ORIENTED_EDGE ( 'NONE', *, *, #7442, .F. ) ;
#2191 = MECHANICAL_DESIGN_GEOMETRIC_PRESENTATION_REPRESENTATION (  '', ( #2359 ), #5008 ) ;
#2192 = SURFACE_STYLE_FILL_AREA ( #3588 ) ;
#2193 = FILL_AREA_STYLE_COLOUR ( '', #7091 ) ;
#2194 = CARTESIAN_POINT ( 'NONE',  ( -26.50000000000000000, 2.000000000000000000, 5.500000000000000000 ) ) ;
#2195 = DIRECTION ( 'NONE',  ( -1.141265444756083850E-16, -1.000000000000000000, 0.0000000000000000000 ) ) ;
#2196 = VECTOR ( 'NONE', #7995, 1000.000000000000000 ) ;
#2197 = CARTESIAN_POINT ( 'NONE',  ( 41.42483333279859892, 3.500000000000000000, -1.493106612243422004 ) ) ;
#2198 = FILL_AREA_STYLE_COLOUR ( '', #8727 ) ;
#2199 = SURFACE_STYLE_USAGE ( .BOTH. , #159 ) ;
#2200 = SURFACE_SIDE_STYLE ('',( #3143 ) ) ;
#2201 = CARTESIAN_POINT ( 'NONE',  ( 23.50000000000000000, 1.800000000002909939, -4.608727532462570053 ) ) ;
#2202 = COLOUR_RGB ( '',0.7529411764705882248, 0.7529411764705882248, 0.7529411764705882248 ) ;
#2203 = CARTESIAN_POINT ( 'NONE',  ( 42.22222878184280859, 3.066987298071154555, -1.096876661693620081 ) ) ;
#2204 = STYLED_ITEM ( 'NONE', ( #6003 ), #1136 ) ;
#2205 = CARTESIAN_POINT ( 'NONE',  ( -47.50000000000000000, -1.200000000000000178, 15.00000000000000000 ) ) ;
#2206 = LINE ( 'NONE', #7582, #6294 ) ;
#2207 =( NAMED_UNIT ( * ) SI_UNIT ( $, .STERADIAN. ) SOLID_ANGLE_UNIT ( ) );
#2208 = VECTOR ( 'NONE', #6944, 1000.000000000000000 ) ;
#2209 = CARTESIAN_POINT ( 'NONE',  ( -44.50000000000000000, -1.200000000000000178, -4.649999999999929301 ) ) ;
#2211 = ORIENTED_EDGE ( 'NONE', *, *, #4741, .T. ) ;
#2210 = DIRECTION ( 'NONE',  ( 0.01745240643728354982, 0.9998476951563911586, 0.0000000000000000000 ) ) ;
#2212 = COLOUR_RGB ( '',0.7529411764705882248, 0.7529411764705882248, 0.7529411764705882248 ) ;
#2213 =( LENGTH_UNIT ( ) NAMED_UNIT ( * ) SI_UNIT ( .MILLI., .METRE. ) );
#2214 = LINE ( 'NONE', #4123, #12224 ) ;
#2215 = CARTESIAN_POINT ( 'NONE',  ( 20.00000000000000000, 3.500000000000000000, -11.00000000000000000 ) ) ;
#2216 = VECTOR ( 'NONE', #10581, 999.9999999999998863 ) ;
#2217 = DIRECTION ( 'NONE',  ( 0.0000000000000000000, 0.0000000000000000000, -1.000000000000000000 ) ) ;
#2218 = CARTESIAN_POINT ( 'NONE',  ( -52.50000000000000000, -1.199999999999999956, -11.81042951915571848 ) ) ;
#2219 = LINE ( 'NONE', #2426, #2368 ) ;
#2220 = EDGE_CURVE ( 'NONE', #3979, #8533, #4281, .T. ) ;
#2221 = ORIENTED_EDGE ( 'NONE', *, *, #5323, .F. ) ;
#2222 = PRESENTATION_STYLE_ASSIGNMENT (( #1372 ) ) ;
#2223 = VECTOR ( 'NONE', #2868, 1000.000000000000114 ) ;
#2224 = AXIS2_PLACEMENT_3D ( 'NONE', #4100, #3175, #10800 ) ;
#2225 = CARTESIAN_POINT ( 'NONE',  ( 37.63824873692700379, 3.500000000000000000, -2.782205948333429824 ) ) ;
#2226 = ADVANCED_FACE ( 'NONE', ( #3523 ), #6187, .T. ) ;
#2227 = STYLED_ITEM ( 'NONE', ( #1347 ), #10014 ) ;
#2228 = CARTESIAN_POINT ( 'NONE',  ( 21.00000000000000000, -1.493513925597159897, -10.00000000000000000 ) ) ;
#2229 = PRESENTATION_STYLE_ASSIGNMENT (( #9517 ) ) ;
#2230 = FILL_AREA_STYLE ('',( #8890 ) ) ;
#2231 = ORIENTED_EDGE ( 'NONE', *, *, #10813, .T. ) ;
#2232 = VECTOR ( 'NONE', #6082, 1000.000000000000000 ) ;
#2233 = ORIENTED_EDGE ( 'NONE', *, *, #10099, .T. ) ;
#2234 = ORIENTED_EDGE ( 'NONE', *, *, #1855, .T. ) ;
#2235 = EDGE_LOOP ( 'NONE', ( #7609, #6755, #4220, #11805 ) ) ;
#2236 = SURFACE_STYLE_FILL_AREA ( #9673 ) ;
#2238 = ORIENTED_EDGE ( 'NONE', *, *, #9459, .F. ) ;
#2237 = CARTESIAN_POINT ( 'NONE',  ( 23.50000000000000000, 1.799999999832379904, -5.299999999999919886 ) ) ;
#2239 = FILL_AREA_STYLE ('',( #7954 ) ) ;
#2240 =( LENGTH_UNIT ( ) NAMED_UNIT ( * ) SI_UNIT ( .MILLI., .METRE. ) );
#2241 = FILL_AREA_STYLE_COLOUR ( '', #50 ) ;
#2242 =( GEOMETRIC_REPRESENTATION_CONTEXT ( 3 ) GLOBAL_UNCERTAINTY_ASSIGNED_CONTEXT ( ( #11132 ) ) GLOBAL_UNIT_ASSIGNED_CONTEXT ( ( #646, #687, #2703 ) ) REPRESENTATION_CONTEXT ( 'NONE', 'WORKASPACE' ) );
#2243 = VERTEX_POINT ( 'NONE', #2301 ) ;
#2244 = PLANE ( 'NONE',  #206 ) ;
#2245 = AXIS2_PLACEMENT_3D ( 'NONE', #11126, #1678, #12025 ) ;
#2246 = FILL_AREA_STYLE ('',( #2198 ) ) ;
#2247 = MECHANICAL_DESIGN_GEOMETRIC_PRESENTATION_REPRESENTATION (  '', ( #3699 ), #3061 ) ;
#2248 = DIRECTION ( 'NONE',  ( 0.0000000000000000000, 0.0000000000000000000, -1.000000000000000000 ) ) ;
#2249 = VERTEX_POINT ( 'NONE', #427 ) ;
#2250 = ORIENTED_EDGE ( 'NONE', *, *, #8908, .F. ) ;
#2251 = DIRECTION ( 'NONE',  ( 0.7071067811865531239, 0.7071067811865420216, -1.635512977795612639E-16 ) ) ;
#2252 = EDGE_CURVE ( 'NONE', #11897, #3221, #12164, .T. ) ;
#2253 = ORIENTED_EDGE ( 'NONE', *, *, #4289, .T. ) ;
#2254 = LINE ( 'NONE', #734, #9600 ) ;
#2255 = ORIENTED_EDGE ( 'NONE', *, *, #9685, .T. ) ;
#2256 = UNCERTAINTY_MEASURE_WITH_UNIT (LENGTH_MEASURE( 1.000000000000000082E-05 ), #3442, 'distance_accuracy_value', 'NONE');
#2257 = AXIS2_PLACEMENT_3D ( 'NONE', #5121, #9835, #3280 ) ;
#2258 = PLANE ( 'NONE',  #9449 ) ;
#2259 = DIRECTION ( 'NONE',  ( 0.0000000000000000000, 0.0000000000000000000, -1.000000000000000000 ) ) ;
#2260 = CARTESIAN_POINT ( 'NONE',  ( -51.00294372514229480, 1.800000000009959855, -13.79999999999999893 ) ) ;
#2261 = LINE ( 'NONE', #1262, #8114 ) ;
#2262 = AXIS2_PLACEMENT_3D ( 'NONE', #8459, #3637, #11325 ) ;
#2263 = EDGE_LOOP ( 'NONE', ( #3426, #5849, #1943, #1235 ) ) ;
#2264 = CARTESIAN_POINT ( 'NONE',  ( -23.89936911447459877, 2.143877567978333953, -11.09973267944750930 ) ) ;
#2265 = DIRECTION ( 'NONE',  ( 0.0000000000000000000, -1.000000000000000000, 0.0000000000000000000 ) ) ;
#2266 = DIRECTION ( 'NONE',  ( -1.000000000000000000, 0.0000000000000000000, 0.0000000000000000000 ) ) ;
#2267 = ORIENTED_EDGE ( 'NONE', *, *, #10643, .T. ) ;
#2268 = DIRECTION ( 'NONE',  ( 0.0000000000000000000, 1.000000000000000000, 0.0000000000000000000 ) ) ;
#2269 = VECTOR ( 'NONE', #4089, 1000.000000000000114 ) ;
#2270 = AXIS2_PLACEMENT_3D ( 'NONE', #10371, #9421, #7548 ) ;
#2271 = CARTESIAN_POINT ( 'NONE',  ( 22.85872753246414746, 1.800000000000000044, -4.658727532464030041 ) ) ;
#2272 = EDGE_CURVE ( 'NONE', #1181, #10996, #9662, .T. ) ;
#2273 = DIRECTION ( 'NONE',  ( 0.01744974916066639389, 0.9996954598818876825, -0.01744974916068199600 ) ) ;
#2274 = DIRECTION ( 'NONE',  ( 0.0000000000000000000, 0.0000000000000000000, 1.000000000000000000 ) ) ;
#2275 = ORIENTED_EDGE ( 'NONE', *, *, #6226, .T. ) ;
#2276 = PRESENTATION_STYLE_ASSIGNMENT (( #7669 ) ) ;
#2277 = PRESENTATION_LAYER_ASSIGNMENT (  '', '', ( #7834 ) ) ;
#2278 = LINE ( 'NONE', #6184, #10653 ) ;
#2279 = CARTESIAN_POINT ( 'NONE',  ( 22.89189215582774750, 1.200000000001050893, 3.850409735237009912 ) ) ;
#2280 = AXIS2_PLACEMENT_3D ( 'NONE', #3217, #4185, #5145 ) ;
#2281 = AXIS2_PLACEMENT_3D ( 'NONE', #9307, #7598, #4547 ) ;
#2282 = CARTESIAN_POINT ( 'NONE',  ( 22.85872753246414746, 1.800000000000000044, -7.466272467535899793 ) ) ;
#2283 =( NAMED_UNIT ( * ) SI_UNIT ( $, .STERADIAN. ) SOLID_ANGLE_UNIT ( ) );
#2284 = DIRECTION ( 'NONE',  ( 1.000000000000000000, 2.129595449599169385E-16, 0.0000000000000000000 ) ) ;
#2285 =( LENGTH_UNIT ( ) NAMED_UNIT ( * ) SI_UNIT ( .MILLI., .METRE. ) );
#2286 = CARTESIAN_POINT ( 'NONE',  ( -52.49999999999159428, -1.700000000024120217, 10.00000000000000000 ) ) ;
#2287 = ADVANCED_FACE ( 'NONE', ( #7591 ), #1525, .F. ) ;
#2288 = CARTESIAN_POINT ( 'NONE',  ( -32.14999999999999858, 2.299999999999999822, -2.782205948333395185 ) ) ;
#2289 = FILL_AREA_STYLE_COLOUR ( '', #6526 ) ;
#2290 = EDGE_CURVE ( 'NONE', #3821, #1613, #3824, .T. ) ;
#2291 = SURFACE_SIDE_STYLE ('',( #8659 ) ) ;
#2292 = SURFACE_STYLE_FILL_AREA ( #4320 ) ;
#2293 = ORIENTED_EDGE ( 'NONE', *, *, #9073, .T. ) ;
#2294 = SURFACE_STYLE_FILL_AREA ( #6002 ) ;
#2295 = AXIS2_PLACEMENT_3D ( 'NONE', #7849, #2090, #8800 ) ;
#2296 = FILL_AREA_STYLE_COLOUR ( '', #2666 ) ;
#2297 = CARTESIAN_POINT ( 'NONE',  ( -23.21685649640321358, 2.252573930716427419, -10.63975308912950979 ) ) ;
#2298 =( GEOMETRIC_REPRESENTATION_CONTEXT ( 3 ) GLOBAL_UNCERTAINTY_ASSIGNED_CONTEXT ( ( #1973 ) ) GLOBAL_UNIT_ASSIGNED_CONTEXT ( ( #10067, #6093, #5284 ) ) REPRESENTATION_CONTEXT ( 'NONE', 'WORKASPACE' ) );
#2299 = CIRCLE ( 'NONE', #10678, 1.758107844169843448 ) ;
#2300 = ADVANCED_FACE ( 'NONE', ( #6400 ), #10555, .T. ) ;
#2301 = CARTESIAN_POINT ( 'NONE',  ( -32.23495939512579866, 3.066987298097954895, 12.96435267072470054 ) ) ;
#2302 = COLOUR_RGB ( '',0.7529411764705882248, 0.7529411764705882248, 0.7529411764705882248 ) ;
#2303 = DIRECTION ( 'NONE',  ( 0.0000000000000000000, 1.000000000000000000, 0.0000000000000000000 ) ) ;
#2304 = CIRCLE ( 'NONE', #9235, 1.758107844171619805 ) ;
#2305 = ORIENTED_EDGE ( 'NONE', *, *, #12002, .T. ) ;
#2306 = SURFACE_STYLE_FILL_AREA ( #4025 ) ;
#2307 =( NAMED_UNIT ( * ) PLANE_ANGLE_UNIT ( ) SI_UNIT ( $, .RADIAN. ) );
#2308 = ORIENTED_EDGE ( 'NONE', *, *, #8883, .T. ) ;
#2309 = EDGE_CURVE ( 'NONE', #3327, #6445, #11738, .T. ) ;
#2310 = STYLED_ITEM ( 'NONE', ( #2928 ), #2226 ) ;
#2311 = VERTEX_POINT ( 'NONE', #8277 ) ;
#2312 = LINE ( 'NONE', #7776, #8028 ) ;
#2313 =( GEOMETRIC_REPRESENTATION_CONTEXT ( 3 ) GLOBAL_UNCERTAINTY_ASSIGNED_CONTEXT ( ( #4742 ) ) GLOBAL_UNIT_ASSIGNED_CONTEXT ( ( #800, #8753, #7511 ) ) REPRESENTATION_CONTEXT ( 'NONE', 'WORKASPACE' ) );
#2314 = LINE ( 'NONE', #11378, #7268 ) ;
#2315 = PLANE ( 'NONE',  #1564 ) ;
#2316 = ORIENTED_EDGE ( 'NONE', *, *, #7070, .F. ) ;
#2317 = SURFACE_STYLE_FILL_AREA ( #3344 ) ;
#2318 = CARTESIAN_POINT ( 'NONE',  ( -51.29999999999999716, -1.200000000000000178, -7.050806661529700037 ) ) ;
#2319 = FILL_AREA_STYLE_COLOUR ( '', #8990 ) ;
#2320 = CARTESIAN_POINT ( 'NONE',  ( -26.03861063938360232, 0.1330320122377835201, -7.016017262906977692 ) ) ;
#2321 = ORIENTED_EDGE ( 'NONE', *, *, #7618, .F. ) ;
#2322 = FILL_AREA_STYLE ('',( #7116 ) ) ;
#2323 = FACE_OUTER_BOUND ( 'NONE', #9957, .T. ) ;
#2324 = EDGE_CURVE ( 'NONE', #6153, #11218, #2485, .T. ) ;
#2325 =( NAMED_UNIT ( * ) PLANE_ANGLE_UNIT ( ) SI_UNIT ( $, .RADIAN. ) );
#2326 = DIRECTION ( 'NONE',  ( 0.0000000000000000000, 1.000000000000000000, 0.0000000000000000000 ) ) ;
#2327 = VECTOR ( 'NONE', #1288, 1000.000000000000114 ) ;
#2328 = SURFACE_STYLE_USAGE ( .BOTH. , #4354 ) ;
#2329 = VECTOR ( 'NONE', #11691, 1000.000000000000000 ) ;
#2330 =( LENGTH_UNIT ( ) NAMED_UNIT ( * ) SI_UNIT ( .MILLI., .METRE. ) );
#2331 = STYLED_ITEM ( 'NONE', ( #9637 ), #2997 ) ;
#2332 = UNCERTAINTY_MEASURE_WITH_UNIT (LENGTH_MEASURE( 1.000000000000000082E-05 ), #11629, 'distance_accuracy_value', 'NONE');
#2333 = ORIENTED_EDGE ( 'NONE', *, *, #2101, .T. ) ;
#2334 = DIRECTION ( 'NONE',  ( 1.000000000000000000, 0.0000000000000000000, 0.0000000000000000000 ) ) ;
#2335 = ORIENTED_EDGE ( 'NONE', *, *, #2707, .T. ) ;
#2336 = AXIS2_PLACEMENT_3D ( 'NONE', #9524, #7652, #10473 ) ;
#2337 = DIRECTION ( 'NONE',  ( 0.0000000000000000000, 0.0000000000000000000, 1.000000000000000000 ) ) ;
#2338 = CARTESIAN_POINT ( 'NONE',  ( 26.50000000000000000, 0.7999999999999999334, -12.23491012985643955 ) ) ;
#2339 = DIRECTION ( 'NONE',  ( -1.000000000000000000, 0.0000000000000000000, 0.0000000000000000000 ) ) ;
#2340 = SURFACE_STYLE_FILL_AREA ( #3672 ) ;
#2341 = LINE ( 'NONE', #1867, #7448 ) ;
#2342 = EDGE_CURVE ( 'NONE', #7966, #5842, #9228, .T. ) ;
#2343 = DIRECTION ( 'NONE',  ( 8.879670859120929771E-17, 1.000000000000000000, 1.576971091305800121E-31 ) ) ;
#2344 = CARTESIAN_POINT ( 'NONE',  ( 37.63824873692700379, 2.299999999999999822, -4.649999999999919531 ) ) ;
#2345 = FILL_AREA_STYLE ('',( #5034 ) ) ;
#2346 = VECTOR ( 'NONE', #1713, 1000.000000000000000 ) ;
#2347 = UNCERTAINTY_MEASURE_WITH_UNIT (LENGTH_MEASURE( 1.000000000000000082E-05 ), #6468, 'distance_accuracy_value', 'NONE');
#2348 = EDGE_CURVE ( 'NONE', #5568, #1122, #8040, .T. ) ;
#2349 = SURFACE_STYLE_USAGE ( .BOTH. , #3362 ) ;
#2350 = LINE ( 'NONE', #10337, #11316 ) ;
#2351 = ORIENTED_EDGE ( 'NONE', *, *, #4191, .F. ) ;
#2352 = VERTEX_POINT ( 'NONE', #7238 ) ;
#2353 = ORIENTED_EDGE ( 'NONE', *, *, #9076, .T. ) ;
#2354 = CARTESIAN_POINT ( 'NONE',  ( 20.94280904158209822, 3.220531282313154886, -11.66666666666666075 ) ) ;
#2355 = ADVANCED_FACE ( 'NONE', ( #2939 ), #10849, .T. ) ;
#2356 = FACE_OUTER_BOUND ( 'NONE', #7812, .T. ) ;
#2357 = AXIS2_PLACEMENT_3D ( 'NONE', #12124, #1685, #6633 ) ;
#2358 = DIRECTION ( 'NONE',  ( 1.692413147316635049E-15, 0.0000000000000000000, -1.000000000000000000 ) ) ;
#2359 = STYLED_ITEM ( 'NONE', ( #4176 ), #1524 ) ;
#2360 = AXIS2_PLACEMENT_3D ( 'NONE', #11610, #8880, #10623 ) ;
#2361 = LINE ( 'NONE', #8009, #10877 ) ;
#2362 =( NAMED_UNIT ( * ) PLANE_ANGLE_UNIT ( ) SI_UNIT ( $, .RADIAN. ) );
#2363 = PRESENTATION_STYLE_ASSIGNMENT (( #6967 ) ) ;
#2364 = SURFACE_STYLE_USAGE ( .BOTH. , #7192 ) ;
#2365 = DIRECTION ( 'NONE',  ( 0.0000000000000000000, 1.000000000000000000, 0.0000000000000000000 ) ) ;
#2367 = ADVANCED_FACE ( 'NONE', ( #7740 ), #2183, .F. ) ;
#2366 = DIRECTION ( 'NONE',  ( 0.0000000000000000000, 0.0000000000000000000, -1.000000000000000000 ) ) ;
#2368 = VECTOR ( 'NONE', #2383, 999.9999999999998863 ) ;
#2369 =( LENGTH_UNIT ( ) NAMED_UNIT ( * ) SI_UNIT ( .MILLI., .METRE. ) );
#2370 = SURFACE_SIDE_STYLE ('',( #7534 ) ) ;
#2372 = FILL_AREA_STYLE ('',( #5276 ) ) ;
#2371 = COLOUR_RGB ( '',0.7529411764705882248, 0.7529411764705882248, 0.7529411764705882248 ) ;
#2373 = CARTESIAN_POINT ( 'NONE',  ( 23.50000000000000000, -0.2999999999999999889, -5.299999999999929656 ) ) ;
#2374 = LINE ( 'NONE', #3946, #6893 ) ;
#2375 = STYLED_ITEM ( 'NONE', ( #2526 ), #1330 ) ;
#2376 = CARTESIAN_POINT ( 'NONE',  ( -52.50000000000000000, -1.199999999999999956, -15.00000000000000000 ) ) ;
#2377 = TOROIDAL_SURFACE ( 'NONE', #11175, 269.3247729669954538, 0.5000000000000000000 ) ;
#2378 = SURFACE_SIDE_STYLE ('',( #6524 ) ) ;
#2380 = ORIENTED_EDGE ( 'NONE', *, *, #10218, .F. ) ;
#2379 = CARTESIAN_POINT ( 'NONE',  ( -26.50000000000000000, 1.800000000000000044, -5.299999999999999822 ) ) ;
#2381 = FILL_AREA_STYLE_COLOUR ( '', #8353 ) ;
#2382 = ORIENTED_EDGE ( 'NONE', *, *, #11934, .T. ) ;
#2383 = DIRECTION ( 'NONE',  ( -0.01745240643764779664, 0.9998476951563849413, 0.0000000000000000000 ) ) ;
#2384 = DIRECTION ( 'NONE',  ( 0.0000000000000000000, 0.0000000000000000000, -1.000000000000000000 ) ) ;
#2385 = ORIENTED_EDGE ( 'NONE', *, *, #10992, .F. ) ;
#2386 =( NAMED_UNIT ( * ) PLANE_ANGLE_UNIT ( ) SI_UNIT ( $, .RADIAN. ) );
#2387 =( LENGTH_UNIT ( ) NAMED_UNIT ( * ) SI_UNIT ( .MILLI., .METRE. ) );
#2388 = ORIENTED_EDGE ( 'NONE', *, *, #7900, .F. ) ;
#2389 = CIRCLE ( 'NONE', #2544, 1.400000000000000133 ) ;
#2390 = FILL_AREA_STYLE_COLOUR ( '', #633 ) ;
#2391 = EDGE_CURVE ( 'NONE', #9006, #8632, #946, .T. ) ;
#2392 = PRESENTATION_LAYER_ASSIGNMENT (  '', '', ( #430 ) ) ;
#2393 = STYLED_ITEM ( 'NONE', ( #6873 ), #8593 ) ;
#2394 = SURFACE_SIDE_STYLE ('',( #8940 ) ) ;
#2395 = ORIENTED_EDGE ( 'NONE', *, *, #11696, .T. ) ;
#2397 = ORIENTED_EDGE ( 'NONE', *, *, #4622, .T. ) ;
#2396 = PRESENTATION_STYLE_ASSIGNMENT (( #3380 ) ) ;
#2398 = PRESENTATION_LAYER_ASSIGNMENT (  '', '', ( #4335 ) ) ;
#2399 =( LENGTH_UNIT ( ) NAMED_UNIT ( * ) SI_UNIT ( .MILLI., .METRE. ) );
#2400 = ORIENTED_EDGE ( 'NONE', *, *, #10582, .F. ) ;
#2401 = VERTEX_POINT ( 'NONE', #1680 ) ;
#2402 = ORIENTED_EDGE ( 'NONE', *, *, #2781, .F. ) ;
#2403 = SURFACE_STYLE_FILL_AREA ( #9309 ) ;
#2404 = PRESENTATION_STYLE_ASSIGNMENT (( #3229 ) ) ;
#2405 = VERTEX_POINT ( 'NONE', #10135 ) ;
#2406 = DIRECTION ( 'NONE',  ( 0.0000000000000000000, -1.000000000000000000, 0.0000000000000000000 ) ) ;
#2407 = PRESENTATION_STYLE_ASSIGNMENT (( #1733 ) ) ;
#2408 = CARTESIAN_POINT ( 'NONE',  ( -26.82249431936671513, 0.2810364670405776644, -7.045327109898972040 ) ) ;
#2409 =( NAMED_UNIT ( * ) SI_UNIT ( $, .STERADIAN. ) SOLID_ANGLE_UNIT ( ) );
#2410 = AXIS2_PLACEMENT_3D ( 'NONE', #11697, #4001, #1118 ) ;
#2411 = SURFACE_STYLE_FILL_AREA ( #6455 ) ;
#2412 = FILL_AREA_STYLE_COLOUR ( '', #4435 ) ;
#2413 = PRESENTATION_LAYER_ASSIGNMENT (  '', '', ( #9483 ) ) ;
#2414 = DIRECTION ( 'NONE',  ( 0.0000000000000000000, 1.000000000000000000, 0.0000000000000000000 ) ) ;
#2415 = AXIS2_PLACEMENT_3D ( 'NONE', #6594, #8496, #7672 ) ;
#2416 = PLANE ( 'NONE',  #3030 ) ;
#2417 = CARTESIAN_POINT ( 'NONE',  ( -47.49999999993889332, -499000.0000000000000, 499017.0000000000000 ) ) ;
#2418 = LINE ( 'NONE', #12274, #4974 ) ;
#2419 = EDGE_CURVE ( 'NONE', #9346, #6219, #12222, .T. ) ;
#2420 = ORIENTED_EDGE ( 'NONE', *, *, #7046, .F. ) ;
#2421 = ORIENTED_EDGE ( 'NONE', *, *, #2324, .T. ) ;
#2422 = EDGE_CURVE ( 'NONE', #8776, #11794, #10714, .T. ) ;
#2423 = CARTESIAN_POINT ( 'NONE',  ( -52.20000000000000284, -0.4000000000000000222, -7.200000000000000178 ) ) ;
#2424 =( LENGTH_UNIT ( ) NAMED_UNIT ( * ) SI_UNIT ( .MILLI., .METRE. ) );
#2425 = CARTESIAN_POINT ( 'NONE',  ( -27.10810784417230224, 1.200000000001091971, 3.850409735238379927 ) ) ;
#2426 = CARTESIAN_POINT ( 'NONE',  ( -27.19127246753760119, 1.799999999946064966, 5.500000000000079048 ) ) ;
#2427 = STYLED_ITEM ( 'NONE', ( #6425 ), #3871 ) ;
#2428 = DIRECTION ( 'NONE',  ( 0.0000000000000000000, -1.000000000000000000, 0.0000000000000000000 ) ) ;
#2429 = CONICAL_SURFACE ( 'NONE', #2905, 1.800000000003205258, 0.01745329252056498567 ) ;
#2430 = ADVANCED_FACE ( 'NONE', ( #8328 ), #640, .T. ) ;
#2431 = DIRECTION ( 'NONE',  ( 0.0000000000000000000, -1.000000000000000000, 0.0000000000000000000 ) ) ;
#2432 = ORIENTED_EDGE ( 'NONE', *, *, #2976, .T. ) ;
#2433 = MECHANICAL_DESIGN_GEOMETRIC_PRESENTATION_REPRESENTATION (  '', ( #10758 ), #7586 ) ;
#2434 = AXIS2_PLACEMENT_3D ( 'NONE', #1367, #4389, #5275 ) ;
#2435 = COLOUR_RGB ( '',0.7529411764705882248, 0.7529411764705882248, 0.7529411764705882248 ) ;
#2436 = DIRECTION ( 'NONE',  ( 1.000000000000000000, 0.0000000000000000000, 0.0000000000000000000 ) ) ;
#2437 = SURFACE_SIDE_STYLE ('',( #2567 ) ) ;
#2438 = DIRECTION ( 'NONE',  ( 0.0000000000000000000, 0.0000000000000000000, -1.000000000000000000 ) ) ;
#2439 =( GEOMETRIC_REPRESENTATION_CONTEXT ( 3 ) GLOBAL_UNCERTAINTY_ASSIGNED_CONTEXT ( ( #3753 ) ) GLOBAL_UNIT_ASSIGNED_CONTEXT ( ( #7250, #7331, #9165 ) ) REPRESENTATION_CONTEXT ( 'NONE', 'WORKASPACE' ) );
#2440 = ORIENTED_EDGE ( 'NONE', *, *, #1899, .F. ) ;
#2441 = UNCERTAINTY_MEASURE_WITH_UNIT (LENGTH_MEASURE( 1.000000000000000082E-05 ), #5997, 'distance_accuracy_value', 'NONE');
#2442 = UNCERTAINTY_MEASURE_WITH_UNIT (LENGTH_MEASURE( 1.000000000000000082E-05 ), #929, 'distance_accuracy_value', 'NONE');
#2443 =( NAMED_UNIT ( * ) SI_UNIT ( $, .STERADIAN. ) SOLID_ANGLE_UNIT ( ) );
#2444 = CARTESIAN_POINT ( 'NONE',  ( -28.15932519075579776, 0.4000010255251857938, 6.122071878214240037 ) ) ;
#2445 = DIRECTION ( 'NONE',  ( 0.0000000000000000000, 0.0000000000000000000, 1.000000000000000000 ) ) ;
#2446 = CARTESIAN_POINT ( 'NONE',  ( -26.17620316102561162, 0.2800424838879503331, -7.045087172818833565 ) ) ;
#2447 =( GEOMETRIC_REPRESENTATION_CONTEXT ( 3 ) GLOBAL_UNCERTAINTY_ASSIGNED_CONTEXT ( ( #2994 ) ) GLOBAL_UNIT_ASSIGNED_CONTEXT ( ( #11584, #2108, #5812 ) ) REPRESENTATION_CONTEXT ( 'NONE', 'WORKASPACE' ) );
#2448 = LINE ( 'NONE', #2282, #6667 ) ;
#2449 = FILL_AREA_STYLE ('',( #4427 ) ) ;
#2450 = DIRECTION ( 'NONE',  ( -1.825746599146412263E-17, 0.01745240643728355329, 0.9998476951563912696 ) ) ;
#2451 = CARTESIAN_POINT ( 'NONE',  ( 51.52646246390490603, 2.969320239178440346, -15.00000000000000000 ) ) ;
#2452 = CARTESIAN_POINT ( 'NONE',  ( 47.50000000000000000, -1.199999999999999956, 10.00000000000000000 ) ) ;
#2453 = SURFACE_SIDE_STYLE ('',( #7906 ) ) ;
#2454 = ORIENTED_EDGE ( 'NONE', *, *, #10391, .F. ) ;
#2455 = PLANE ( 'NONE',  #7104 ) ;
#2456 = VECTOR ( 'NONE', #6500, 1000.000000000000000 ) ;
#2457 = DIRECTION ( 'NONE',  ( 1.000000000000000000, 0.0000000000000000000, 0.0000000000000000000 ) ) ;
#2458 = EDGE_LOOP ( 'NONE', ( #5250, #11563, #10321, #10893 ) ) ;
#2459 = COLOUR_RGB ( '',0.7529411764705882248, 0.7529411764705882248, 0.7529411764705882248 ) ;
#2460 = EDGE_CURVE ( 'NONE', #10856, #11918, #4136, .T. ) ;
#2461 = DIRECTION ( 'NONE',  ( 0.0000000000000000000, 1.000000000000000000, 0.0000000000000000000 ) ) ;
#2462 = DIRECTION ( 'NONE',  ( 0.0000000000000000000, 0.0000000000000000000, -1.000000000000000000 ) ) ;
#2463 = DIRECTION ( 'NONE',  ( 1.000000000000000000, 0.0000000000000000000, 0.0000000000000000000 ) ) ;
#2464 = MECHANICAL_DESIGN_GEOMETRIC_PRESENTATION_REPRESENTATION (  '', ( #1154 ), #268 ) ;
#2465 = DIRECTION ( 'NONE',  ( 0.0000000000000000000, 0.0000000000000000000, -1.000000000000000000 ) ) ;
#2466 = FILL_AREA_STYLE ('',( #11190 ) ) ;
#2467 =( NAMED_UNIT ( * ) PLANE_ANGLE_UNIT ( ) SI_UNIT ( $, .RADIAN. ) );
#2468 = VERTEX_POINT ( 'NONE', #10388 ) ;
#2469 = AXIS2_PLACEMENT_3D ( 'NONE', #11255, #3492, #7356 ) ;
#2470 = VERTEX_POINT ( 'NONE', #10356 ) ;
#2471 = FILL_AREA_STYLE_COLOUR ( '', #12016 ) ;
#2472 = CONICAL_SURFACE ( 'NONE', #5653, 4.100000000059937477, 0.7853981633974476129 ) ;
#2473 = DIRECTION ( 'NONE',  ( 0.0000000000000000000, 0.0000000000000000000, 1.000000000000000000 ) ) ;
#2474 = ORIENTED_EDGE ( 'NONE', *, *, #5807, .F. ) ;
#2475 = CIRCLE ( 'NONE', #9063, 4.700000000000000178 ) ;
#2476 =( NAMED_UNIT ( * ) PLANE_ANGLE_UNIT ( ) SI_UNIT ( $, .RADIAN. ) );
#2477 = ORIENTED_EDGE ( 'NONE', *, *, #9245, .F. ) ;
#2478 = EDGE_CURVE ( 'NONE', #5539, #2311, #936, .T. ) ;
#2479 = PRESENTATION_LAYER_ASSIGNMENT (  '', '', ( #10967 ) ) ;
#2480 = DIRECTION ( 'NONE',  ( 1.734723475968523266E-15, 0.0000000000000000000, 1.000000000000000000 ) ) ;
#2481 = ORIENTED_EDGE ( 'NONE', *, *, #12251, .T. ) ;
#2482 = MECHANICAL_DESIGN_GEOMETRIC_PRESENTATION_REPRESENTATION (  '', ( #2736 ), #9388 ) ;
#2483 = PRESENTATION_STYLE_ASSIGNMENT (( #6520 ) ) ;
#2484 = STYLED_ITEM ( 'NONE', ( #9308 ), #10937 ) ;
#2485 = CIRCLE ( 'NONE', #3599, 0.6544949780325570732 ) ;
#2487 = ADVANCED_FACE ( 'NONE', ( #12322 ), #8316, .T. ) ;
#2486 = FILL_AREA_STYLE_COLOUR ( '', #1960 ) ;
#2488 = PLANE ( 'NONE',  #447 ) ;
#2489 = CARTESIAN_POINT ( 'NONE',  ( -27.01757084619460514, -0.2636819261078720555, -7.007151688336857198 ) ) ;
#2491 = ADVANCED_FACE ( 'NONE', ( #3674 ), #772, .T. ) ;
#2490 = CARTESIAN_POINT ( 'NONE',  ( -51.29289321881350361, 3.000000000000000000, 15.00000000000000000 ) ) ;
#2492 = CONICAL_SURFACE ( 'NONE', #966, 2.234910129853560079, 0.01745329252020236602 ) ;
#2493 = DIRECTION ( 'NONE',  ( -1.000000000000000000, -3.186367169979144768E-19, -1.825468529096159971E-17 ) ) ;
#2494 =( BOUNDED_CURVE ( )  B_SPLINE_CURVE ( 3, ( #2148, #5049, #5938, #4008 ),
 .UNSPECIFIED., .F., .F. ) 
 B_SPLINE_CURVE_WITH_KNOTS ( ( 4, 4 ),
 ( 3.785093762383080040, 4.409055886829260196 ),
 .UNSPECIFIED. ) 
 CURVE ( )  GEOMETRIC_REPRESENTATION_ITEM ( )  RATIONAL_B_SPLINE_CURVE ( ( 1.000000000000000000, 0.9678182409155920984, 0.9678182409155920984, 1.000000000000000000 ) ) 
 REPRESENTATION_ITEM ( '' )  );
#2495 = VERTEX_POINT ( 'NONE', #1638 ) ;
#2496 = EDGE_CURVE ( 'NONE', #4492, #8165, #2475, .T. ) ;
#2497 = FILL_AREA_STYLE_COLOUR ( '', #276 ) ;
#2498 = DIRECTION ( 'NONE',  ( 1.000000000000000000, 0.0000000000000000000, -5.551115123125780730E-16 ) ) ;
#2499 = ORIENTED_EDGE ( 'NONE', *, *, #8612, .F. ) ;
#2500 = CARTESIAN_POINT ( 'NONE',  ( 24.15000000000030056, -1.200000000015385204, -3.621458966839430360 ) ) ;
#2501 = CIRCLE ( 'NONE', #9050, 0.8000000000000003775 ) ;
#2502 = CARTESIAN_POINT ( 'NONE',  ( -28.29205289837804571, 14.57132038991648137, -15.00000000000000000 ) ) ;
#2503 = MECHANICAL_DESIGN_GEOMETRIC_PRESENTATION_REPRESENTATION (  '', ( #2093 ), #5075 ) ;
#2504 =( NAMED_UNIT ( * ) PLANE_ANGLE_UNIT ( ) SI_UNIT ( $, .RADIAN. ) );
#2505 = CARTESIAN_POINT ( 'NONE',  ( 41.78904771355804826, 3.000000000000000000, 0.2393241651128339975 ) ) ;
#2506 = SURFACE_STYLE_USAGE ( .BOTH. , #536 ) ;
#2507 =( GEOMETRIC_REPRESENTATION_CONTEXT ( 3 ) GLOBAL_UNCERTAINTY_ASSIGNED_CONTEXT ( ( #4917 ) ) GLOBAL_UNIT_ASSIGNED_CONTEXT ( ( #6559, #7506, #6516 ) ) REPRESENTATION_CONTEXT ( 'NONE', 'WORKASPACE' ) );
#2508 = EDGE_CURVE ( 'NONE', #3740, #742, #6398, .T. ) ;
#2509 = FILL_AREA_STYLE ('',( #4449 ) ) ;
#2510 = CARTESIAN_POINT ( 'NONE',  ( 47.50000000000000000, 0.7999999998176460236, 10.00000000000000000 ) ) ;
#2511 = PLANE ( 'NONE',  #964 ) ;
#2512 = EDGE_CURVE ( 'NONE', #6654, #7068, #3853, .T. ) ;
#2513 = DIRECTION ( 'NONE',  ( 0.0000000000000000000, -1.000000000000000000, 0.0000000000000000000 ) ) ;
#2514 = SURFACE_STYLE_FILL_AREA ( #9381 ) ;
#2515 = COLOUR_RGB ( '',0.7529411764705882248, 0.7529411764705882248, 0.7529411764705882248 ) ;
#2516 = CARTESIAN_POINT ( 'NONE',  ( 23.50000000000000000, 1.800000000000000044, 4.500000000000000000 ) ) ;
#2517 = ORIENTED_EDGE ( 'NONE', *, *, #12072, .F. ) ;
#2518 = PRESENTATION_LAYER_ASSIGNMENT (  '', '', ( #551 ) ) ;
#2519 = DIRECTION ( 'NONE',  ( 0.0000000000000000000, 0.9998476951563849413, 0.01745240643764794930 ) ) ;
#2520 = VECTOR ( 'NONE', #1612, 1000.000000000000227 ) ;
#2521 = LINE ( 'NONE', #4948, #2216 ) ;
#2522 = UNCERTAINTY_MEASURE_WITH_UNIT (LENGTH_MEASURE( 1.000000000000000082E-05 ), #8938, 'distance_accuracy_value', 'NONE');
#2523 = UNCERTAINTY_MEASURE_WITH_UNIT (LENGTH_MEASURE( 1.000000000000000082E-05 ), #6989, 'distance_accuracy_value', 'NONE');
#2524 = UNCERTAINTY_MEASURE_WITH_UNIT (LENGTH_MEASURE( 1.000000000000000082E-05 ), #7257, 'distance_accuracy_value', 'NONE');
#2525 = CARTESIAN_POINT ( 'NONE',  ( -26.50000000000000000, 1.800000000000000044, -5.299999999999999822 ) ) ;
#2526 = PRESENTATION_STYLE_ASSIGNMENT (( #7242 ) ) ;
#2527 = AXIS2_PLACEMENT_3D ( 'NONE', #9368, #3626, #7407 ) ;
#2528 = MECHANICAL_DESIGN_GEOMETRIC_PRESENTATION_REPRESENTATION (  '', ( #5009 ), #10052 ) ;
#2529 = ORIENTED_EDGE ( 'NONE', *, *, #8043, .F. ) ;
#2530 = SURFACE_SIDE_STYLE ('',( #6638 ) ) ;
#2531 = CARTESIAN_POINT ( 'NONE',  ( 41.25481527290520489, 2.299999999984525090, -1.575925951567245020 ) ) ;
#2532 = CARTESIAN_POINT ( 'NONE',  ( 20.94280904158209822, 3.220531282313154886, -11.66666666666666075 ) ) ;
#2533 = CARTESIAN_POINT ( 'NONE',  ( 21.48485086623085749, 2.288839618307411783, -10.37283974248315488 ) ) ;
#2534 = VECTOR ( 'NONE', #1755, 1000.000000000000000 ) ;
#2535 = VERTEX_POINT ( 'NONE', #824 ) ;
#2536 = EDGE_CURVE ( 'NONE', #5082, #10942, #6095, .T. ) ;
#2537 = DIRECTION ( 'NONE',  ( 0.0000000000000000000, 0.7071067811865474617, -0.7071067811865474617 ) ) ;
#2538 = CARTESIAN_POINT ( 'NONE',  ( 23.50000000000000000, 1.800000000000000044, -5.299999999999999822 ) ) ;
#2539 = ORIENTED_EDGE ( 'NONE', *, *, #6605, .F. ) ;
#2540 = ORIENTED_EDGE ( 'NONE', *, *, #7080, .T. ) ;
#2542 = ORIENTED_EDGE ( 'NONE', *, *, #1687, .T. ) ;
#2541 = VECTOR ( 'NONE', #10799, 1000.000000000000000 ) ;
#2543 = CARTESIAN_POINT ( 'NONE',  ( -51.29289321881350361, 3.000000000000000000, -14.37954930904470174 ) ) ;
#2544 = AXIS2_PLACEMENT_3D ( 'NONE', #2554, #1654, #7291 ) ;
#2545 = VECTOR ( 'NONE', #5724, 1000.000000000000227 ) ;
#2546 = ORIENTED_EDGE ( 'NONE', *, *, #6469, .F. ) ;
#2547 = AXIS2_PLACEMENT_3D ( 'NONE', #11400, #3666, #830 ) ;
#2548 = ORIENTED_EDGE ( 'NONE', *, *, #10370, .T. ) ;
#2549 =( LENGTH_UNIT ( ) NAMED_UNIT ( * ) SI_UNIT ( .MILLI., .METRE. ) );
#2550 = FACE_OUTER_BOUND ( 'NONE', #861, .T. ) ;
#2551 = SURFACE_SIDE_STYLE ('',( #6675 ) ) ;
#2552 = CARTESIAN_POINT ( 'NONE',  ( -52.50000000000000000, 0.0000000000000000000, -15.00000000000000000 ) ) ;
#2553 = CLOSED_SHELL ( 'NONE', ( #5574, #2430, #6084, #10632, #10811, #8275, #2611, #9941, #3743, #10260, #6836, #1391, #11389, #179, #7099, #3999, #8333, #7527, #8713, #1253, #4186, #8398, #3676, #2160, #2745, #311, #9584, #12116, #564, #3495, #11565, #890, #1589, #7021, #7653, #2616, #2997, #11871, #245, #8212, #1067, #10194, #10869, #10256, #11002, #4267, #978, #11740, #2487, #8834, #9088, #5763, #10387, #12048, #2367, #1453, #11498, #10384, #2555, #7706, #10132, #3246, #3114, #3938, #1199, #11129, #7401, #4453, #3493, #11259, #10002, #9403, #4066, #3330, #12301, #68, #5385, #1845, #1910, #7333, #12053, #5952, #11988, #8525, #12243, #373, #6484, #3440, #5328, #6602, #5255, #10014, #11439, #2287, #9070, #10076, #7772, #1136, #7523, #3558, #1370, #8463, #8075, #11123, #2929, #7593, #6289, #1330, #8888, #6358, #2869, #7336, #1522, #5892, #9009, #5443, #504, #2491, #3181, #9466, #1585, #11933, #6211, #9341, #822, #11817, #5127, #4316, #4450, #3619, #4713, #10330, #681, #6962, #4885, #10752, #10937, #4715, #7275, #8393, #12363, #8649, #11328, #9152, #7, #1524, #11917, #6415, #7084 ) ) ;
#2554 = CARTESIAN_POINT ( 'NONE',  ( 23.50000000000000000, 1.199999999999999956, -5.299999999999999822 ) ) ;
#2555 = ADVANCED_FACE ( 'NONE', ( #10700 ), #10403, .T. ) ;
#2556 =( LENGTH_UNIT ( ) NAMED_UNIT ( * ) SI_UNIT ( .MILLI., .METRE. ) );
#2557 = DIRECTION ( 'NONE',  ( 0.0000000000000000000, 0.0000000000000000000, 1.000000000000000000 ) ) ;
#2558 = ORIENTED_EDGE ( 'NONE', *, *, #7181, .F. ) ;
#2559 = CARTESIAN_POINT ( 'NONE',  ( 52.50000000000000000, -1.199999999999999956, -15.00000000000000000 ) ) ;
#2560 = ADVANCED_FACE ( 'NONE', ( #7886 ), #9564, .T. ) ;
#2561 = ORIENTED_EDGE ( 'NONE', *, *, #388, .T. ) ;
#2562 = ORIENTED_EDGE ( 'NONE', *, *, #11760, .T. ) ;
#2563 = CARTESIAN_POINT ( 'NONE',  ( -26.50000000000000000, -1.200000000021375079, -5.299999999999999822 ) ) ;
#2564 = EDGE_CURVE ( 'NONE', #4878, #2495, #7266, .T. ) ;
#2565 =( GEOMETRIC_REPRESENTATION_CONTEXT ( 3 ) GLOBAL_UNCERTAINTY_ASSIGNED_CONTEXT ( ( #8929 ) ) GLOBAL_UNIT_ASSIGNED_CONTEXT ( ( #446, #6337, #5389 ) ) REPRESENTATION_CONTEXT ( 'NONE', 'WORKASPACE' ) );
#2566 = DIRECTION ( 'NONE',  ( 0.01744974916068718976, 0.9996954598818873494, 0.01744974916068198906 ) ) ;
#2567 = SURFACE_STYLE_FILL_AREA ( #3290 ) ;
#2568 = AXIS2_PLACEMENT_3D ( 'NONE', #1209, #195, #6878 ) ;
#2569 = AXIS2_PLACEMENT_3D ( 'NONE', #10818, #6217, #2462 ) ;
#2570 = SURFACE_STYLE_FILL_AREA ( #8166 ) ;
#2571 = DIRECTION ( 'NONE',  ( 0.0000000000000000000, 0.0000000000000000000, -1.000000000000000000 ) ) ;
#2572 = ORIENTED_EDGE ( 'NONE', *, *, #10440, .F. ) ;
#2573 = DIRECTION ( 'NONE',  ( 0.0000000000000000000, 0.0000000000000000000, 1.000000000000000000 ) ) ;
#2574 = EDGE_CURVE ( 'NONE', #8263, #3396, #1085, .T. ) ;
#2575 = CARTESIAN_POINT ( 'NONE',  ( -22.22361573518891475, 3.286877686081111971, -11.46863633070169364 ) ) ;
#2576 = CARTESIAN_POINT ( 'NONE',  ( -26.50000000000000000, 1.800000000002909939, 5.500000000000079048 ) ) ;
#2577 = CARTESIAN_POINT ( 'NONE',  ( 52.00000000000000000, 1.792893218813464973, 10.00000000000000000 ) ) ;
#2578 = CARTESIAN_POINT ( 'NONE',  ( 21.90609571105469655, 2.208646977693045077, -10.87737028403330264 ) ) ;
#2579 = MECHANICAL_DESIGN_GEOMETRIC_PRESENTATION_REPRESENTATION (  '', ( #6685 ), #1679 ) ;
#2580 = ORIENTED_EDGE ( 'NONE', *, *, #6987, .F. ) ;
#2581 =( NAMED_UNIT ( * ) PLANE_ANGLE_UNIT ( ) SI_UNIT ( $, .RADIAN. ) );
#2582 =( GEOMETRIC_REPRESENTATION_CONTEXT ( 3 ) GLOBAL_UNCERTAINTY_ASSIGNED_CONTEXT ( ( #3376 ) ) GLOBAL_UNIT_ASSIGNED_CONTEXT ( ( #3025, #4115, #3945 ) ) REPRESENTATION_CONTEXT ( 'NONE', 'WORKASPACE' ) );
#2583 =( NAMED_UNIT ( * ) SI_UNIT ( $, .STERADIAN. ) SOLID_ANGLE_UNIT ( ) );
#2584 = CONICAL_SURFACE ( 'NONE', #4751, 1.799999999997168532, 0.01745329251982707247 ) ;
#2585 = AXIS2_PLACEMENT_3D ( 'NONE', #4554, #3617, #10258 ) ;
#2586 = FILL_AREA_STYLE_COLOUR ( '', #6885 ) ;
#2587 = SURFACE_SIDE_STYLE ('',( #11011 ) ) ;
#2588 = DIRECTION ( 'NONE',  ( 0.0000000000000000000, 1.000000000000000000, 0.0000000000000000000 ) ) ;
#2589 = EDGE_CURVE ( 'NONE', #11846, #8350, #7725, .T. ) ;
#2590 = EDGE_CURVE ( 'NONE', #1437, #7358, #2623, .T. ) ;
#2591 = FILL_AREA_STYLE ('',( #491 ) ) ;
#2592 = CARTESIAN_POINT ( 'NONE',  ( 23.50000000000000000, 1.800000000000000044, 6.700000000000000178 ) ) ;
#2593 = CARTESIAN_POINT ( 'NONE',  ( 39.20010362801710357, 3.000000000000000000, 2.108537438730015090 ) ) ;
#2594 = CARTESIAN_POINT ( 'NONE',  ( -25.85872753246410127, 1.800000000000000044, 7.641272467535969781 ) ) ;
#2595 = PRESENTATION_LAYER_ASSIGNMENT (  '', '', ( #1277 ) ) ;
#2596 = DIRECTION ( 'NONE',  ( 0.0000000000000000000, 0.0000000000000000000, -1.000000000000000000 ) ) ;
#2597 = PLANE ( 'NONE',  #5888 ) ;
#2598 = SURFACE_STYLE_USAGE ( .BOTH. , #11153 ) ;
#2599 = DIRECTION ( 'NONE',  ( 1.000000000000000000, 0.0000000000000000000, 0.0000000000000000000 ) ) ;
#2600 = LINE ( 'NONE', #900, #2140 ) ;
#2601 =( GEOMETRIC_REPRESENTATION_CONTEXT ( 3 ) GLOBAL_UNCERTAINTY_ASSIGNED_CONTEXT ( ( #7106 ) ) GLOBAL_UNIT_ASSIGNED_CONTEXT ( ( #4455, #3638, #1614 ) ) REPRESENTATION_CONTEXT ( 'NONE', 'WORKASPACE' ) );
#2602 = MECHANICAL_DESIGN_GEOMETRIC_PRESENTATION_REPRESENTATION (  '', ( #631 ), #3717 ) ;
#2603 = FILL_AREA_STYLE_COLOUR ( '', #3407 ) ;
#2604 = CYLINDRICAL_SURFACE ( 'NONE', #4209, 3.799999999999999378 ) ;
#2605 = ORIENTED_EDGE ( 'NONE', *, *, #8507, .F. ) ;
#2606 =( LENGTH_UNIT ( ) NAMED_UNIT ( * ) SI_UNIT ( .MILLI., .METRE. ) );
#2607 = CARTESIAN_POINT ( 'NONE',  ( -50.70000000000000284, -1.200000000000000178, -10.14919333847030103 ) ) ;
#2608 = FACE_BOUND ( 'NONE', #3028, .T. ) ;
#2609 = COLOUR_RGB ( '',0.7529411764705882248, 0.7529411764705882248, 0.7529411764705882248 ) ;
#2611 = ADVANCED_FACE ( 'NONE', ( #2925 ), #9365, .T. ) ;
#2610 = DIRECTION ( 'NONE',  ( 0.0000000000000000000, 0.0000000000000000000, -1.000000000000000000 ) ) ;
#2612 = VERTEX_POINT ( 'NONE', #6946 ) ;
#2613 = FILL_AREA_STYLE ('',( #12203 ) ) ;
#2614 =( NAMED_UNIT ( * ) PLANE_ANGLE_UNIT ( ) SI_UNIT ( $, .RADIAN. ) );
#2616 = ADVANCED_FACE ( 'NONE', ( #2007 ), #10753, .F. ) ;
#2615 = CARTESIAN_POINT ( 'NONE',  ( 21.73839689571583733, 2.250200313278955200, -10.65161804411496327 ) ) ;
#2617 = ORIENTED_EDGE ( 'NONE', *, *, #779, .T. ) ;
#2618 =( GEOMETRIC_REPRESENTATION_CONTEXT ( 3 ) GLOBAL_UNCERTAINTY_ASSIGNED_CONTEXT ( ( #717 ) ) GLOBAL_UNIT_ASSIGNED_CONTEXT ( ( #2285, #6251, #5183 ) ) REPRESENTATION_CONTEXT ( 'NONE', 'WORKASPACE' ) );
#2619 = CARTESIAN_POINT ( 'NONE',  ( -52.00000000000000000, 1.792893218813464973, -15.00000000000000000 ) ) ;
#2620 = FACE_OUTER_BOUND ( 'NONE', #1790, .T. ) ;
#2621 = CARTESIAN_POINT ( 'NONE',  ( -52.50000000000000000, 1.792893218813464973, 14.50000000000000000 ) ) ;
#2622 = VERTEX_POINT ( 'NONE', #3000 ) ;
#2623 = LINE ( 'NONE', #9528, #2153 ) ;
#2624 = DIRECTION ( 'NONE',  ( 0.0000000000000000000, -1.000000000000000000, 0.0000000000000000000 ) ) ;
#2625 = COLOUR_RGB ( '',0.7529411764705882248, 0.7529411764705882248, 0.7529411764705882248 ) ;
#2626 = ORIENTED_EDGE ( 'NONE', *, *, #947, .F. ) ;
#2627 =( NAMED_UNIT ( * ) SI_UNIT ( $, .STERADIAN. ) SOLID_ANGLE_UNIT ( ) );
#2628 = ORIENTED_EDGE ( 'NONE', *, *, #3704, .T. ) ;
#2629 = EDGE_CURVE ( 'NONE', #10991, #9430, #1850, .T. ) ;
#2630 = DIRECTION ( 'NONE',  ( 0.0000000000000000000, -1.000000000000000000, 0.0000000000000000000 ) ) ;
#2631 = CARTESIAN_POINT ( 'NONE',  ( 41.38743518153094669, 3.000000000000000000, 0.7657885618132910244 ) ) ;
#2632 = CARTESIAN_POINT ( 'NONE',  ( -47.50000000000000000, 0.8000000000195539585, 13.16508987014322152 ) ) ;
#2633 = AXIS2_PLACEMENT_3D ( 'NONE', #5065, #6170, #4108 ) ;
#2634 = CYLINDRICAL_SURFACE ( 'NONE', #8717, 1.400000000000000133 ) ;
#2635 = COLOUR_RGB ( '',0.7529411764705882248, 0.7529411764705882248, 0.7529411764705882248 ) ;
#2636 = PRESENTATION_LAYER_ASSIGNMENT (  '', '', ( #8886 ) ) ;
#2637 =( NAMED_UNIT ( * ) PLANE_ANGLE_UNIT ( ) SI_UNIT ( $, .RADIAN. ) );
#2638 = FILL_AREA_STYLE ('',( #1656 ) ) ;
#2639 = CIRCLE ( 'NONE', #5943, 0.2545558999690680779 ) ;
#2641 = B_SPLINE_CURVE_WITH_KNOTS ( 'NONE', 3,
 ( #8438, #8309, #1584, #1536, #10129, #3458, #10172, #11170, #1631, #2575, #12024, #12068, #10298, #8271, #4552, #4516 ),
 .UNSPECIFIED., .F., .F.,
 ( 4, 2, 2, 2, 2, 2, 2, 4 ),
 ( 0.0000000000000000000, 0.2499999999999969469, 0.3749999999999946154, 0.4374999999999945599, 0.4999999999999945599, 0.6249999999999964473, 0.7499999999999983347, 1.000000000000000000 ),
 .UNSPECIFIED. ) ;
#2640 = STYLED_ITEM ( 'NONE', ( #11520 ), #10570 ) ;
#2642 = CARTESIAN_POINT ( 'NONE',  ( -25.85000000000000142, 2.299999999999999822, 6.150000000000000355 ) ) ;
#2643 = UNCERTAINTY_MEASURE_WITH_UNIT (LENGTH_MEASURE( 1.000000000000000082E-05 ), #3332, 'distance_accuracy_value', 'NONE');
#2644 = VERTEX_POINT ( 'NONE', #2187 ) ;
#2645 = CARTESIAN_POINT ( 'NONE',  ( -27.15000000000000213, -1.200000000015385204, -3.621458966841324845 ) ) ;
#2646 = ORIENTED_EDGE ( 'NONE', *, *, #9492, .T. ) ;
#2647 = DIRECTION ( 'NONE',  ( 1.000000000000000000, 0.0000000000000000000, 0.0000000000000000000 ) ) ;
#2648 = FACE_OUTER_BOUND ( 'NONE', #4277, .T. ) ;
#2649 = VECTOR ( 'NONE', #11178, 1000.000000000000000 ) ;
#2650 =( NAMED_UNIT ( * ) PLANE_ANGLE_UNIT ( ) SI_UNIT ( $, .RADIAN. ) );
#2651 = STYLED_ITEM ( 'NONE', ( #4760 ), #2430 ) ;
#2652 = STYLED_ITEM ( 'NONE', ( #5785 ), #6225 ) ;
#2653 = EDGE_LOOP ( 'NONE', ( #10408, #7270, #4364, #1696 ) ) ;
#2654 = ORIENTED_EDGE ( 'NONE', *, *, #4894, .F. ) ;
#2655 = AXIS2_PLACEMENT_3D ( 'NONE', #3088, #9696, #10645 ) ;
#2656 = VERTEX_POINT ( 'NONE', #7898 ) ;
#2657 = LINE ( 'NONE', #6263, #11326 ) ;
#2658 = DIRECTION ( 'NONE',  ( -3.136830188958564863E-16, -1.000000000000000000, 0.0000000000000000000 ) ) ;
#2659 = FILL_AREA_STYLE_COLOUR ( '', #7188 ) ;
#2660 = CARTESIAN_POINT ( 'NONE',  ( -51.29999999999999716, 3.000000000000000000, -13.79999999999999893 ) ) ;
#2661 = EDGE_CURVE ( 'NONE', #10482, #917, #8668, .T. ) ;
#2662 = EDGE_CURVE ( 'NONE', #10510, #1929, #2312, .T. ) ;
#2663 = COLOUR_RGB ( '',0.7529411764705882248, 0.7529411764705882248, 0.7529411764705882248 ) ;
#2664 = DIRECTION ( 'NONE',  ( 1.000000000000000000, 0.0000000000000000000, -5.426845201511270036E-15 ) ) ;
#2665 = CARTESIAN_POINT ( 'NONE',  ( -47.50000000000000000, 0.7999999999999999334, 10.00000000000000000 ) ) ;
#2666 = COLOUR_RGB ( '',0.7529411764705882248, 0.7529411764705882248, 0.7529411764705882248 ) ;
#2667 = STYLED_ITEM ( 'NONE', ( #4610 ), #3804 ) ;
#2668 = PRESENTATION_STYLE_ASSIGNMENT (( #9169 ) ) ;
#2669 = TOROIDAL_SURFACE ( 'NONE', #10303, 5.133974596215519881, 0.5000000000000179856 ) ;
#2670 = CARTESIAN_POINT ( 'NONE',  ( 22.44796354951305517, 1.715376774382219027, -12.32388650383254536 ) ) ;
#2671 = CARTESIAN_POINT ( 'NONE',  ( 37.63824873692700379, 3.000000000000000000, -2.782205948333384971 ) ) ;
#2672 = CIRCLE ( 'NONE', #6908, 1.400000000000000133 ) ;
#2673 = EDGE_CURVE ( 'NONE', #2110, #9585, #175, .T. ) ;
#2674 = ADVANCED_FACE ( 'NONE', ( #9950 ), #10675, .T. ) ;
#2675 = CARTESIAN_POINT ( 'NONE',  ( -52.20000000000000284, -1.500000000000000000, -14.69999999999999929 ) ) ;
#2676 =( LENGTH_UNIT ( ) NAMED_UNIT ( * ) SI_UNIT ( .MILLI., .METRE. ) );
#2677 = ADVANCED_FACE ( 'NONE', ( #3210, #6383, #10229, #11424, #2608, #1994 ), #5930, .T. ) ;
#2678 = FACE_OUTER_BOUND ( 'NONE', #9452, .T. ) ;
#2679 = LINE ( 'NONE', #9433, #5532 ) ;
#2680 = DIRECTION ( 'NONE',  ( 0.0000000000000000000, 1.000000000000000000, 0.0000000000000000000 ) ) ;
#2681 = UNCERTAINTY_MEASURE_WITH_UNIT (LENGTH_MEASURE( 1.000000000000000082E-05 ), #2013, 'distance_accuracy_value', 'NONE');
#2682 = SURFACE_STYLE_USAGE ( .BOTH. , #8427 ) ;
#2683 = PRESENTATION_STYLE_ASSIGNMENT (( #10742 ) ) ;
#2684 = ORIENTED_EDGE ( 'NONE', *, *, #198, .T. ) ;
#2685 = AXIS2_PLACEMENT_3D ( 'NONE', #9598, #11339, #10421 ) ;
#2686 = ORIENTED_EDGE ( 'NONE', *, *, #2564, .T. ) ;
#2688 = VERTEX_POINT ( 'NONE', #313 ) ;
#2687 = VECTOR ( 'NONE', #11173, 1000.000000000000114 ) ;
#2689 =( NAMED_UNIT ( * ) SI_UNIT ( $, .STERADIAN. ) SOLID_ANGLE_UNIT ( ) );
#2690 = CARTESIAN_POINT ( 'NONE',  ( -25.96878524922523113, -0.06168690433823512120, -6.999022146868872696 ) ) ;
#2691 = VERTEX_POINT ( 'NONE', #8926 ) ;
#2692 = VERTEX_POINT ( 'NONE', #7067 ) ;
#2693 = VECTOR ( 'NONE', #4488, 1000.000000000000000 ) ;
#2694 = AXIS2_PLACEMENT_3D ( 'NONE', #5669, #8381, #1668 ) ;
#2695 = DIRECTION ( 'NONE',  ( 1.000000000000000000, 0.0000000000000000000, 0.0000000000000000000 ) ) ;
#2696 = ORIENTED_EDGE ( 'NONE', *, *, #11928, .F. ) ;
#2698 = VERTEX_POINT ( 'NONE', #7023 ) ;
#2697 = LINE ( 'NONE', #4224, #11650 ) ;
#2699 =( LENGTH_UNIT ( ) NAMED_UNIT ( * ) SI_UNIT ( .MILLI., .METRE. ) );
#2700 = EDGE_LOOP ( 'NONE', ( #11747, #11731, #8097, #2335 ) ) ;
#2701 = SURFACE_STYLE_FILL_AREA ( #9647 ) ;
#2702 = VERTEX_POINT ( 'NONE', #1233 ) ;
#2703 =( NAMED_UNIT ( * ) SI_UNIT ( $, .STERADIAN. ) SOLID_ANGLE_UNIT ( ) );
#2704 = CARTESIAN_POINT ( 'NONE',  ( 40.87406156829270287, 3.000000000000000000, -0.6552128185270450489 ) ) ;
#2705 = EDGE_LOOP ( 'NONE', ( #2855, #9601, #12183, #4135 ) ) ;
#2706 = DIRECTION ( 'NONE',  ( 1.000000000000000000, 2.129595449599169385E-16, 0.0000000000000000000 ) ) ;
#2707 = EDGE_CURVE ( 'NONE', #2470, #7358, #6078, .T. ) ;
#2708 = CARTESIAN_POINT ( 'NONE',  ( 47.50000000000000000, -1.199999999999999956, 13.79999999999999893 ) ) ;
#2709 = SURFACE_STYLE_USAGE ( .BOTH. , #11012 ) ;
#2710 = AXIS2_PLACEMENT_3D ( 'NONE', #12008, #1521, #2596 ) ;
#2711 = VERTEX_POINT ( 'NONE', #7938 ) ;
#2712 = FACE_OUTER_BOUND ( 'NONE', #12065, .T. ) ;
#2713 = MECHANICAL_DESIGN_GEOMETRIC_PRESENTATION_REPRESENTATION (  '', ( #2877 ), #6742 ) ;
#2714 = EDGE_LOOP ( 'NONE', ( #10464, #5347, #10953, #3020 ) ) ;
#2715 = SURFACE_STYLE_FILL_AREA ( #486 ) ;
#2716 = CARTESIAN_POINT ( 'NONE',  ( 2.193237164325539723, 1.956302708260434731, 4.855999258543040042 ) ) ;
#2717 = FACE_OUTER_BOUND ( 'NONE', #7941, .T. ) ;
#2718 = FILL_AREA_STYLE ('',( #9575 ) ) ;
#2719 =( NAMED_UNIT ( * ) SI_UNIT ( $, .STERADIAN. ) SOLID_ANGLE_UNIT ( ) );
#2720 = FILL_AREA_STYLE ('',( #7590 ) ) ;
#2721 = DIRECTION ( 'NONE',  ( 1.000000000000000000, 0.0000000000000000000, 0.0000000000000000000 ) ) ;
#2722 = B_SPLINE_CURVE_WITH_KNOTS ( 'NONE', 3,
 ( #2922, #6826, #11431, #3966, #3842, #10487 ),
 .UNSPECIFIED., .F., .F.,
 ( 4, 2, 4 ),
 ( 0.0000000000000000000, 0.5000000000000000000, 1.000000000000000000 ),
 .UNSPECIFIED. ) ;
#2723 = COLOUR_RGB ( '',0.7529411764705882248, 0.7529411764705882248, 0.7529411764705882248 ) ;
#2724 = DIRECTION ( 'NONE',  ( 1.000000000000000000, 0.0000000000000000000, 0.0000000000000000000 ) ) ;
#2725 = VERTEX_POINT ( 'NONE', #7987 ) ;
#2726 = DIRECTION ( 'NONE',  ( 0.0000000000000000000, 0.01745240643728355329, -0.9998476951563912696 ) ) ;
#2727 = VECTOR ( 'NONE', #3323, 1000.000000000000000 ) ;
#2728 = VERTEX_POINT ( 'NONE', #4168 ) ;
#2729 = CARTESIAN_POINT ( 'NONE',  ( 20.94280904158209822, 3.405465559969194977, -11.66666666666666075 ) ) ;
#2730 = EDGE_CURVE ( 'NONE', #11972, #1005, #8617, .T. ) ;
#2731 = UNCERTAINTY_MEASURE_WITH_UNIT (LENGTH_MEASURE( 1.000000000000000082E-05 ), #11752, 'distance_accuracy_value', 'NONE');
#2732 = MECHANICAL_DESIGN_GEOMETRIC_PRESENTATION_REPRESENTATION (  '', ( #11111 ), #6829 ) ;
#2733 = CARTESIAN_POINT ( 'NONE',  ( 25.14959026476089932, 1.200000000000873923, -4.691892155827740218 ) ) ;
#2734 = VECTOR ( 'NONE', #7915, 1000.000000000000000 ) ;
#2735 = FACE_OUTER_BOUND ( 'NONE', #354, .T. ) ;
#2736 = STYLED_ITEM ( 'NONE', ( #8793 ), #5892 ) ;
#2737 =( NAMED_UNIT ( * ) SI_UNIT ( $, .STERADIAN. ) SOLID_ANGLE_UNIT ( ) );
#2738 = STYLED_ITEM ( 'NONE', ( #10939 ), #10752 ) ;
#2739 = DIRECTION ( 'NONE',  ( 4.796872981867681481E-15, -0.7071067811581260854, 0.7071067812149690601 ) ) ;
#2740 = PLANE ( 'NONE',  #8320 ) ;
#2741 = UNCERTAINTY_MEASURE_WITH_UNIT (LENGTH_MEASURE( 1.000000000000000082E-05 ), #6587, 'distance_accuracy_value', 'NONE');
#2742 = FILL_AREA_STYLE ('',( #2862 ) ) ;
#2743 = ORIENTED_EDGE ( 'NONE', *, *, #3353, .F. ) ;
#2744 = EDGE_CURVE ( 'NONE', #1323, #2912, #9047, .T. ) ;
#2745 = ADVANCED_FACE ( 'NONE', ( #3809 ), #11269, .T. ) ;
#2746 = CARTESIAN_POINT ( 'NONE',  ( -51.29999999999999716, -0.09999999998215054753, -6.700000000000000178 ) ) ;
#2747 = FILL_AREA_STYLE ('',( #682 ) ) ;
#2748 = ADVANCED_FACE ( 'NONE', ( #4868 ), #2244, .T. ) ;
#2749 =( GEOMETRIC_REPRESENTATION_CONTEXT ( 3 ) GLOBAL_UNCERTAINTY_ASSIGNED_CONTEXT ( ( #465 ) ) GLOBAL_UNIT_ASSIGNED_CONTEXT ( ( #12268, #6517, #8419 ) ) REPRESENTATION_CONTEXT ( 'NONE', 'WORKASPACE' ) );
#2750 = VECTOR ( 'NONE', #7981, 1000.000000000000000 ) ;
#2751 =( NAMED_UNIT ( * ) SI_UNIT ( $, .STERADIAN. ) SOLID_ANGLE_UNIT ( ) );
#2752 = CARTESIAN_POINT ( 'NONE',  ( 25.14959026476089932, 1.200000000001091971, -5.908107844172260315 ) ) ;
#2753 = EDGE_LOOP ( 'NONE', ( #7948, #8291, #2395, #5986 ) ) ;
#2754 = EDGE_CURVE ( 'NONE', #4522, #3828, #6228, .T. ) ;
#2755 = EDGE_CURVE ( 'NONE', #2073, #10696, #10382, .T. ) ;
#2756 = UNCERTAINTY_MEASURE_WITH_UNIT (LENGTH_MEASURE( 1.000000000000000082E-05 ), #5806, 'distance_accuracy_value', 'NONE');
#2757 = SURFACE_SIDE_STYLE ('',( #10369 ) ) ;
#2758 = DIRECTION ( 'NONE',  ( 0.0000000000000000000, 0.0000000000000000000, -1.000000000000000000 ) ) ;
#2759 = CARTESIAN_POINT ( 'NONE',  ( 25.17854103316279790, -1.200000000017100055, 6.150000000000110489 ) ) ;
#2760 = AXIS2_PLACEMENT_3D ( 'NONE', #5935, #9802, #4929 ) ;
#2761 = DIRECTION ( 'NONE',  ( 0.0000000000000000000, 0.0000000000000000000, -1.000000000000000000 ) ) ;
#2762 = CARTESIAN_POINT ( 'NONE',  ( -50.68079942857859521, -0.09999999998215104713, -10.50000000000000000 ) ) ;
#2763 = VERTEX_POINT ( 'NONE', #11759 ) ;
#2764 = CARTESIAN_POINT ( 'NONE',  ( -26.50000000000000000, 1.200000000001454126, 5.500000000000000000 ) ) ;
#2765 =( NAMED_UNIT ( * ) PLANE_ANGLE_UNIT ( ) SI_UNIT ( $, .RADIAN. ) );
#2766 = VECTOR ( 'NONE', #1075, 1000.000000000000000 ) ;
#2767 = DIRECTION ( 'NONE',  ( 0.7071067811865420216, -0.7071067811865531239, 0.0000000000000000000 ) ) ;
#2768 = AXIS2_PLACEMENT_3D ( 'NONE', #4925, #988, #9611 ) ;
#2769 = VERTEX_POINT ( 'NONE', #10933 ) ;
#2770 = DIRECTION ( 'NONE',  ( 0.0000000000000000000, 0.0000000000000000000, 1.000000000000000000 ) ) ;
#2771 = CARTESIAN_POINT ( 'NONE',  ( 47.50000000000000000, 1.792893218813464973, 15.00000000000000000 ) ) ;
#2772 = CARTESIAN_POINT ( 'NONE',  ( 52.50000000000000000, -2.700000000000000178, 10.00000000000000000 ) ) ;
#2773 = ORIENTED_EDGE ( 'NONE', *, *, #9170, .F. ) ;
#2774 =( LENGTH_UNIT ( ) NAMED_UNIT ( * ) SI_UNIT ( .MILLI., .METRE. ) );
#2775 = DIRECTION ( 'NONE',  ( 0.0000000000000000000, -1.000000000000000000, 0.0000000000000000000 ) ) ;
#2776 = ORIENTED_EDGE ( 'NONE', *, *, #8954, .T. ) ;
#2777 = PRESENTATION_STYLE_ASSIGNMENT (( #4298 ) ) ;
#2778 = FACE_OUTER_BOUND ( 'NONE', #5979, .T. ) ;
#2779 = FILL_AREA_STYLE_COLOUR ( '', #3545 ) ;
#2780 = ORIENTED_EDGE ( 'NONE', *, *, #10165, .T. ) ;
#2781 = EDGE_CURVE ( 'NONE', #6306, #5631, #11553, .T. ) ;
#2782 =( LENGTH_UNIT ( ) NAMED_UNIT ( * ) SI_UNIT ( .MILLI., .METRE. ) );
#2783 = CARTESIAN_POINT ( 'NONE',  ( -31.47994687483554443, 3.500000000000000000, 12.02694193221697994 ) ) ;
#2784 = CONICAL_SURFACE ( 'NONE', #603, 4.678460969053279683, 1.047197551141512806 ) ;
#2785 = ORIENTED_EDGE ( 'NONE', *, *, #455, .T. ) ;
#2786 = AXIS2_PLACEMENT_3D ( 'NONE', #10810, #7917, #8870 ) ;
#2787 = AXIS2_PLACEMENT_3D ( 'NONE', #9331, #1599, #653 ) ;
#2788 = FILL_AREA_STYLE_COLOUR ( '', #1865 ) ;
#2789 = VERTEX_POINT ( 'NONE', #5226 ) ;
#2790 = DIRECTION ( 'NONE',  ( -0.0000000000000000000, 1.000000000000000000, 0.0000000000000000000 ) ) ;
#2791 = ORIENTED_EDGE ( 'NONE', *, *, #4363, .F. ) ;
#2792 = FILL_AREA_STYLE ('',( #2586 ) ) ;
#2793 = LINE ( 'NONE', #12179, #10713 ) ;
#2794 = CARTESIAN_POINT ( 'NONE',  ( 50.40894639345635397, 3.499999999999999556, -14.99999999999999645 ) ) ;
#2795 = LINE ( 'NONE', #6201, #3097 ) ;
#2796 =( NAMED_UNIT ( * ) SI_UNIT ( $, .STERADIAN. ) SOLID_ANGLE_UNIT ( ) );
#2797 = EDGE_CURVE ( 'NONE', #5644, #11703, #11525, .T. ) ;
#2798 = DIRECTION ( 'NONE',  ( -0.7071067811865474617, -0.7071067811865474617, 7.579303919088335542E-16 ) ) ;
#2799 = ORIENTED_EDGE ( 'NONE', *, *, #2496, .F. ) ;
#2800 = SURFACE_SIDE_STYLE ('',( #9227 ) ) ;
#2801 = AXIS2_PLACEMENT_3D ( 'NONE', #1732, #6512, #700 ) ;
#2802 = ORIENTED_EDGE ( 'NONE', *, *, #3316, .T. ) ;
#2803 = STYLED_ITEM ( 'NONE', ( #333 ), #9209 ) ;
#2804 = CARTESIAN_POINT ( 'NONE',  ( -27.14127246753589873, 1.800000000000000044, -7.441272467535809731 ) ) ;
#2805 = COLOUR_RGB ( '',0.7529411764705882248, 0.7529411764705882248, 0.7529411764705882248 ) ;
#2806 = CARTESIAN_POINT ( 'NONE',  ( -51.00294372515229213, 1.800000000000000044, -13.79999999999999893 ) ) ;
#2807 = CIRCLE ( 'NONE', #3675, 1.800000000000145262 ) ;
#2809 = B_SPLINE_CURVE_WITH_KNOTS ( 'NONE', 3,
 ( #6518, #3405, #5649, #5591 ),
 .UNSPECIFIED., .F., .F.,
 ( 4, 4 ),
 ( 4.043734149553955148E-16, 0.002400540168335219948 ),
 .UNSPECIFIED. ) ;
#2808 = AXIS2_PLACEMENT_3D ( 'NONE', #351, #7899, #314 ) ;
#2810 = VECTOR ( 'NONE', #1523, 1000.000000000000000 ) ;
#2811 = ADVANCED_FACE ( 'NONE', ( #1838 ), #238, .F. ) ;
#2812 = CIRCLE ( 'NONE', #1527, 1.758107844173583567 ) ;
#2813 = SURFACE_STYLE_USAGE ( .BOTH. , #1913 ) ;
#2814 = LINE ( 'NONE', #9537, #11331 ) ;
#2815 = CARTESIAN_POINT ( 'NONE',  ( -49.70565569764396230, -0.8759852989820493541, -10.37925898765355015 ) ) ;
#2816 = EDGE_CURVE ( 'NONE', #10975, #5759, #5006, .T. ) ;
#2817 =( NAMED_UNIT ( * ) PLANE_ANGLE_UNIT ( ) SI_UNIT ( $, .RADIAN. ) );
#2818 = VECTOR ( 'NONE', #2173, 1000.000000000000000 ) ;
#2819 = DIRECTION ( 'NONE',  ( 3.640137012133220075E-15, 0.0000000000000000000, -1.000000000000000000 ) ) ;
#2820 = SURFACE_STYLE_FILL_AREA ( #4371 ) ;
#2821 = VECTOR ( 'NONE', #10859, 1000.000000000000000 ) ;
#2822 = DIRECTION ( 'NONE',  ( 1.000000000000000000, -7.400243456590534975E-16, 0.0000000000000000000 ) ) ;
#2823 = PRESENTATION_LAYER_ASSIGNMENT (  '', '', ( #4276 ) ) ;
#2824 = CARTESIAN_POINT ( 'NONE',  ( -67.08039585117978731, -1.500000000000000000, -24.13675991466964987 ) ) ;
#2825 = CARTESIAN_POINT ( 'NONE',  ( 22.85872753246414746, 1.800000000000000044, -5.941272467535809731 ) ) ;
#2826 = MECHANICAL_DESIGN_GEOMETRIC_PRESENTATION_REPRESENTATION (  '', ( #9483 ), #3059 ) ;
#2827 = PRESENTATION_LAYER_ASSIGNMENT (  '', '', ( #10513 ) ) ;
#2828 = ORIENTED_EDGE ( 'NONE', *, *, #1271, .F. ) ;
#2829 = FILL_AREA_STYLE ('',( #821 ) ) ;
#2830 = EDGE_CURVE ( 'NONE', #8794, #6308, #2448, .T. ) ;
#2831 = SURFACE_STYLE_FILL_AREA ( #7659 ) ;
#2832 = CARTESIAN_POINT ( 'NONE',  ( 24.27179998132965011, -0.1084596574344163927, -13.53859077518779941 ) ) ;
#2833 = EDGE_CURVE ( 'NONE', #10027, #2102, #5621, .T. ) ;
#2834 = COLOUR_RGB ( '',0.7529411764705882248, 0.7529411764705882248, 0.7529411764705882248 ) ;
#2835 =( NAMED_UNIT ( * ) PLANE_ANGLE_UNIT ( ) SI_UNIT ( $, .RADIAN. ) );
#2836 = SURFACE_STYLE_USAGE ( .BOTH. , #5603 ) ;
#2837 = ORIENTED_EDGE ( 'NONE', *, *, #1858, .T. ) ;
#2838 = VECTOR ( 'NONE', #4149, 1000.000000000000000 ) ;
#2839 = FILL_AREA_STYLE_COLOUR ( '', #6381 ) ;
#2840 = UNCERTAINTY_MEASURE_WITH_UNIT (LENGTH_MEASURE( 1.000000000000000082E-05 ), #1128, 'distance_accuracy_value', 'NONE');
#2841 = AXIS2_PLACEMENT_3D ( 'NONE', #11993, #2498, #10137 ) ;
#2842 = VERTEX_POINT ( 'NONE', #2825 ) ;
#2843 = FILL_AREA_STYLE_COLOUR ( '', #10042 ) ;
#2844 =( NAMED_UNIT ( * ) SI_UNIT ( $, .STERADIAN. ) SOLID_ANGLE_UNIT ( ) );
#2845 = MECHANICAL_DESIGN_GEOMETRIC_PRESENTATION_REPRESENTATION (  '', ( #10923 ), #9891 ) ;
#2846 =( GEOMETRIC_REPRESENTATION_CONTEXT ( 3 ) GLOBAL_UNCERTAINTY_ASSIGNED_CONTEXT ( ( #8286 ) ) GLOBAL_UNIT_ASSIGNED_CONTEXT ( ( #9855, #1292, #8944 ) ) REPRESENTATION_CONTEXT ( 'NONE', 'WORKASPACE' ) );
#2847 = ORIENTED_EDGE ( 'NONE', *, *, #4124, .T. ) ;
#2848 = ORIENTED_EDGE ( 'NONE', *, *, #4042, .F. ) ;
#2849 = SURFACE_STYLE_USAGE ( .BOTH. , #6750 ) ;
#2850 = DIRECTION ( 'NONE',  ( 0.0000000000000000000, -1.000000000000000000, 0.0000000000000000000 ) ) ;
#2851 = ORIENTED_EDGE ( 'NONE', *, *, #4411, .F. ) ;
#2852 = DIRECTION ( 'NONE',  ( 0.0000000000000000000, 0.0000000000000000000, 1.000000000000000000 ) ) ;
#2853 = EDGE_LOOP ( 'NONE', ( #6088, #7007, #1230, #8687 ) ) ;
#2854 =( LENGTH_UNIT ( ) NAMED_UNIT ( * ) SI_UNIT ( .MILLI., .METRE. ) );
#2855 = ORIENTED_EDGE ( 'NONE', *, *, #832, .T. ) ;
#2856 = VECTOR ( 'NONE', #1623, 999.9999999999998863 ) ;
#2857 = SURFACE_STYLE_USAGE ( .BOTH. , #9511 ) ;
#2858 = FILL_AREA_STYLE_COLOUR ( '', #6682 ) ;
#2859 = CARTESIAN_POINT ( 'NONE',  ( 23.50000000000000000, 1.199999999999999956, -6.100000000000000533 ) ) ;
#2860 = ORIENTED_EDGE ( 'NONE', *, *, #6842, .T. ) ;
#2861 = EDGE_LOOP ( 'NONE', ( #6122, #4078 ) ) ;
#2862 = FILL_AREA_STYLE_COLOUR ( '', #854 ) ;
#2863 = ORIENTED_EDGE ( 'NONE', *, *, #9489, .F. ) ;
#2864 = CIRCLE ( 'NONE', #1124, 0.5000000000000004441 ) ;
#2865 = DIRECTION ( 'NONE',  ( 1.000000000000000000, 0.0000000000000000000, 0.0000000000000000000 ) ) ;
#2866 = STYLED_ITEM ( 'NONE', ( #8788 ), #683 ) ;
#2867 = CARTESIAN_POINT ( 'NONE',  ( -52.20000000000000284, -1.199999999999999956, -11.81042951915571848 ) ) ;
#2868 = DIRECTION ( 'NONE',  ( -0.5773502691896278405, -0.5773502691896217343, -0.5773502691896278405 ) ) ;
#2869 = ADVANCED_FACE ( 'NONE', ( #9343 ), #5676, .T. ) ;
#2870 = ORIENTED_EDGE ( 'NONE', *, *, #4909, .F. ) ;
#2871 =( LENGTH_UNIT ( ) NAMED_UNIT ( * ) SI_UNIT ( .MILLI., .METRE. ) );
#2872 =( LENGTH_UNIT ( ) NAMED_UNIT ( * ) SI_UNIT ( .MILLI., .METRE. ) );
#2873 = PRESENTATION_STYLE_ASSIGNMENT (( #6246 ) ) ;
#2874 = EDGE_CURVE ( 'NONE', #8302, #10423, #5445, .T. ) ;
#2875 = SURFACE_STYLE_USAGE ( .BOTH. , #8620 ) ;
#2876 = MECHANICAL_DESIGN_GEOMETRIC_PRESENTATION_REPRESENTATION (  '', ( #5855 ), #8417 ) ;
#2877 = STYLED_ITEM ( 'NONE', ( #7833 ), #9881 ) ;
#2878 = DIRECTION ( 'NONE',  ( 1.812584574444032781E-47, 1.000000000000000000, -1.807003620809174878E-16 ) ) ;
#2879 = ORIENTED_EDGE ( 'NONE', *, *, #6693, .F. ) ;
#2880 = UNCERTAINTY_MEASURE_WITH_UNIT (LENGTH_MEASURE( 1.000000000000000082E-05 ), #2399, 'distance_accuracy_value', 'NONE');
#2881 = SURFACE_STYLE_FILL_AREA ( #2246 ) ;
#2882 = LINE ( 'NONE', #3840, #140 ) ;
#2883 = DIRECTION ( 'NONE',  ( 0.0000000000000000000, 0.0000000000000000000, -1.000000000000000000 ) ) ;
#2884 = DIRECTION ( 'NONE',  ( 0.0000000000000000000, 0.0000000000000000000, -1.000000000000000000 ) ) ;
#2885 = B_SPLINE_CURVE_WITH_KNOTS ( 'NONE', 3,
 ( #11409, #12353, #3856, #895, #11531, #5789, #86, #967, #5875, #7635, #9, #8720, #1875, #9551, #49, #7710, #3810, #1961, #4802, #11445 ),
 .UNSPECIFIED., .F., .F.,
 ( 4, 1, 1, 1, 2, 2, 2, 1, 1, 1, 2, 2, 4 ),
 ( 0.0000000000000000000, 0.1250000000000054123, 0.1875000000000059952, 0.2187500000000064948, 0.2343750000000064948, 0.2500000000000064948, 0.5000000000000169864, 0.6250000000000239808, 0.6875000000000259792, 0.7187500000000259792, 0.7343750000000239808, 0.7500000000000229816, 1.000000000000000000 ),
 .UNSPECIFIED. ) ;
#2886 = DIRECTION ( 'NONE',  ( 0.0000000000000000000, -1.000000000000000000, 0.0000000000000000000 ) ) ;
#2887 = UNCERTAINTY_MEASURE_WITH_UNIT (LENGTH_MEASURE( 1.000000000000000082E-05 ), #7134, 'distance_accuracy_value', 'NONE');
#2888 = CARTESIAN_POINT ( 'NONE',  ( -52.20000000000000284, -1.500000000000000000, -5.599632742307179889 ) ) ;
#2889 =( GEOMETRIC_REPRESENTATION_CONTEXT ( 3 ) GLOBAL_UNCERTAINTY_ASSIGNED_CONTEXT ( ( #1800 ) ) GLOBAL_UNIT_ASSIGNED_CONTEXT ( ( #2055, #182, #4131 ) ) REPRESENTATION_CONTEXT ( 'NONE', 'WORKASPACE' ) );
#2890 = AXIS2_PLACEMENT_3D ( 'NONE', #1081, #7787, #12422 ) ;
#2891 = CARTESIAN_POINT ( 'NONE',  ( -51.29999999999999716, -1.199999999999999956, -15.00000000000000000 ) ) ;
#2892 = TOROIDAL_SURFACE ( 'NONE', #10263, 0.2545558999690690216, 0.4000000000000000222 ) ;
#2893 = STYLED_ITEM ( 'NONE', ( #1931 ), #11439 ) ;
#2894 = DIRECTION ( 'NONE',  ( -1.000000000000000000, 0.0000000000000000000, 0.0000000000000000000 ) ) ;
#2895 = SURFACE_SIDE_STYLE ('',( #3572 ) ) ;
#2896 = SURFACE_STYLE_USAGE ( .BOTH. , #1802 ) ;
#2897 = EDGE_CURVE ( 'NONE', #6730, #4297, #42, .T. ) ;
#2898 = FILL_AREA_STYLE_COLOUR ( '', #7057 ) ;
#2899 = PRESENTATION_STYLE_ASSIGNMENT (( #12280 ) ) ;
#2900 = MECHANICAL_DESIGN_GEOMETRIC_PRESENTATION_REPRESENTATION (  '', ( #11224 ), #3540 ) ;
#2901 = DIRECTION ( 'NONE',  ( 0.0000000000000000000, 1.000000000000000000, 0.0000000000000000000 ) ) ;
#2902 = ORIENTED_EDGE ( 'NONE', *, *, #5203, .T. ) ;
#2903 = FACE_OUTER_BOUND ( 'NONE', #6635, .T. ) ;
#2904 = CARTESIAN_POINT ( 'NONE',  ( -51.29999999999999716, -1.199999999999999956, -11.49117618741295921 ) ) ;
#2905 = AXIS2_PLACEMENT_3D ( 'NONE', #7334, #5292, #11931 ) ;
#2906 = UNCERTAINTY_MEASURE_WITH_UNIT (LENGTH_MEASURE( 1.000000000000000082E-05 ), #4153, 'distance_accuracy_value', 'NONE');
#2907 = DIRECTION ( 'NONE',  ( 0.0000000000000000000, 0.0000000000000000000, -1.000000000000000000 ) ) ;
#2908 = CIRCLE ( 'NONE', #390, 0.8000000000000003775 ) ;
#2909 = FILL_AREA_STYLE_COLOUR ( '', #3022 ) ;
#2910 = UNCERTAINTY_MEASURE_WITH_UNIT (LENGTH_MEASURE( 1.000000000000000082E-05 ), #791, 'distance_accuracy_value', 'NONE');
#2911 =( LENGTH_UNIT ( ) NAMED_UNIT ( * ) SI_UNIT ( .MILLI., .METRE. ) );
#2912 = VERTEX_POINT ( 'NONE', #811 ) ;
#2913 = CARTESIAN_POINT ( 'NONE',  ( -52.50000000000000000, 1.800000000000000044, -4.658727532464030041 ) ) ;
#2914 = VECTOR ( 'NONE', #1055, 1000.000000000000000 ) ;
#2915 = MECHANICAL_DESIGN_GEOMETRIC_PRESENTATION_REPRESENTATION (  '', ( #3961 ), #11235 ) ;
#2916 = EDGE_CURVE ( 'NONE', #4216, #2102, #10238, .T. ) ;
#2917 = VECTOR ( 'NONE', #1186, 1000.000000000000000 ) ;
#2918 = ORIENTED_EDGE ( 'NONE', *, *, #2019, .F. ) ;
#2919 = VECTOR ( 'NONE', #11258, 1000.000000000000000 ) ;
#2920 =( NAMED_UNIT ( * ) SI_UNIT ( $, .STERADIAN. ) SOLID_ANGLE_UNIT ( ) );
#2921 = VERTEX_POINT ( 'NONE', #3694 ) ;
#2922 = CARTESIAN_POINT ( 'NONE',  ( 37.47009096146980767, 3.000000000000000000, 2.349013996001439786 ) ) ;
#2923 =( LENGTH_UNIT ( ) NAMED_UNIT ( * ) SI_UNIT ( .MILLI., .METRE. ) );
#2924 = EDGE_LOOP ( 'NONE', ( #11121, #6917, #1930, #3965 ) ) ;
#2925 = FACE_OUTER_BOUND ( 'NONE', #5154, .T. ) ;
#2926 = AXIS2_PLACEMENT_3D ( 'NONE', #4842, #4682, #4723 ) ;
#2927 = DIRECTION ( 'NONE',  ( 0.0000000000000000000, -1.000000000000000000, 0.0000000000000000000 ) ) ;
#2928 = PRESENTATION_STYLE_ASSIGNMENT (( #466 ) ) ;
#2929 = ADVANCED_FACE ( 'NONE', ( #18 ), #4844, .T. ) ;
#2930 = ORIENTED_EDGE ( 'NONE', *, *, #11625, .T. ) ;
#2931 = CARTESIAN_POINT ( 'NONE',  ( -48.09999999999999432, -2.200000000000000178, -8.599999999999999645 ) ) ;
#2932 = VERTEX_POINT ( 'NONE', #10509 ) ;
#2933 = PRESENTATION_LAYER_ASSIGNMENT (  '', '', ( #1628 ) ) ;
#2934 = AXIS2_PLACEMENT_3D ( 'NONE', #1018, #8595, #7680 ) ;
#2935 = CARTESIAN_POINT ( 'NONE',  ( -49.70000000000000284, -1.200000000000000178, -10.14919333847030103 ) ) ;
#2936 = VECTOR ( 'NONE', #10064, 1000.000000000000000 ) ;
#2937 = VECTOR ( 'NONE', #2886, 1000.000000000000000 ) ;
#2938 = CIRCLE ( 'NONE', #4258, 1.400000000000000133 ) ;
#2939 = FACE_OUTER_BOUND ( 'NONE', #9785, .T. ) ;
#2940 = FILL_AREA_STYLE_COLOUR ( '', #4285 ) ;
#2941 = COLOUR_RGB ( '',0.7529411764705882248, 0.7529411764705882248, 0.7529411764705882248 ) ;
#2942 = CARTESIAN_POINT ( 'NONE',  ( 23.50000000000000000, 2.000000000000000000, 5.500000000000000000 ) ) ;
#2943 = FACE_OUTER_BOUND ( 'NONE', #11454, .T. ) ;
#2944 = DIRECTION ( 'NONE',  ( 0.01744974916068485829, -0.9996954598818874604, -0.01744974916068270723 ) ) ;
#2945 = LINE ( 'NONE', #6760, #352 ) ;
#2946 = ORIENTED_EDGE ( 'NONE', *, *, #6842, .F. ) ;
#2947 = ORIENTED_EDGE ( 'NONE', *, *, #11842, .F. ) ;
#2948 = EDGE_CURVE ( 'NONE', #4889, #6790, #11990, .T. ) ;
#2949 = COLOUR_RGB ( '',0.7529411764705882248, 0.7529411764705882248, 0.7529411764705882248 ) ;
#2950 = AXIS2_PLACEMENT_3D ( 'NONE', #10039, #9995, #2384 ) ;
#2951 = SURFACE_SIDE_STYLE ('',( #1760 ) ) ;
#2952 = STYLED_ITEM ( 'NONE', ( #9633 ), #9525 ) ;
#2953 = CARTESIAN_POINT ( 'NONE',  ( 24.70604176190184731, -0.2770998473723934596, -13.67966942776978634 ) ) ;
#2954 = FILL_AREA_STYLE ('',( #2909 ) ) ;
#2955 = PRESENTATION_STYLE_ASSIGNMENT (( #9344 ) ) ;
#2956 = CARTESIAN_POINT ( 'NONE',  ( -51.29999999999999716, -1.200000000000000178, -10.14919333847030103 ) ) ;
#2957 = FILL_AREA_STYLE_COLOUR ( '', #4049 ) ;
#2958 = ORIENTED_EDGE ( 'NONE', *, *, #11843, .T. ) ;
#2959 = ORIENTED_EDGE ( 'NONE', *, *, #2324, .F. ) ;
#2960 = SURFACE_STYLE_FILL_AREA ( #7328 ) ;
#2961 = EDGE_CURVE ( 'NONE', #9689, #932, #9189, .T. ) ;
#2962 = SURFACE_STYLE_USAGE ( .BOTH. , #4789 ) ;
#2963 = CARTESIAN_POINT ( 'NONE',  ( -47.50000000000000000, -1.500000000000000000, 10.00000000000000000 ) ) ;
#2964 = CARTESIAN_POINT ( 'NONE',  ( -27.09023895087979383, -0.2522061972825162535, -13.66354546617722399 ) ) ;
#2965 = AXIS2_PLACEMENT_3D ( 'NONE', #3707, #4699, #10152 ) ;
#2966 = PRESENTATION_STYLE_ASSIGNMENT (( #10798 ) ) ;
#2967 = SURFACE_STYLE_FILL_AREA ( #7063 ) ;
#2968 = PRESENTATION_LAYER_ASSIGNMENT (  '', '', ( #3847 ) ) ;
#2969 = DIRECTION ( 'NONE',  ( -1.000000000000000000, 0.0000000000000000000, 0.0000000000000000000 ) ) ;
#2970 = PRESENTATION_LAYER_ASSIGNMENT (  '', '', ( #4902 ) ) ;
#2971 = SURFACE_SIDE_STYLE ('',( #8016 ) ) ;
#2972 = TOROIDAL_SURFACE ( 'NONE', #12277, 1.000000000000000000, 0.2000000000000000111 ) ;
#2973 = PRESENTATION_STYLE_ASSIGNMENT (( #262 ) ) ;
#2974 = COLOUR_RGB ( '',0.7529411764705882248, 0.7529411764705882248, 0.7529411764705882248 ) ;
#2975 = SURFACE_STYLE_USAGE ( .BOTH. , #11566 ) ;
#2976 = EDGE_CURVE ( 'NONE', #6308, #8546, #2600, .T. ) ;
#2977 = COLOUR_RGB ( '',0.7529411764705882248, 0.7529411764705882248, 0.7529411764705882248 ) ;
#2978 = EDGE_CURVE ( 'NONE', #9866, #6306, #7403, .T. ) ;
#2979 = FACE_OUTER_BOUND ( 'NONE', #9293, .T. ) ;
#2980 = CIRCLE ( 'NONE', #10666, 0.2545558999690680779 ) ;
#2981 = DIRECTION ( 'NONE',  ( 0.0000000000000000000, 1.000000000000000000, 0.0000000000000000000 ) ) ;
#2982 = CARTESIAN_POINT ( 'NONE',  ( 49.70000000000000284, -1.200000000000000178, 21.39567676978595046 ) ) ;
#2983 = AXIS2_PLACEMENT_3D ( 'NONE', #8852, #2132, #3949 ) ;
#2984 = SURFACE_SIDE_STYLE ('',( #2236 ) ) ;
#2985 = ORIENTED_EDGE ( 'NONE', *, *, #5401, .T. ) ;
#2986 = CARTESIAN_POINT ( 'NONE',  ( 23.50000000000000000, -1.200000000000000178, -5.299999999999999822 ) ) ;
#2987 = PRESENTATION_STYLE_ASSIGNMENT (( #1562 ) ) ;
#2988 =( NAMED_UNIT ( * ) SI_UNIT ( $, .STERADIAN. ) SOLID_ANGLE_UNIT ( ) );
#2989 = STYLED_ITEM ( 'NONE', ( #5069 ), #11933 ) ;
#2990 = ORIENTED_EDGE ( 'NONE', *, *, #3612, .F. ) ;
#2991 = VERTEX_POINT ( 'NONE', #2002 ) ;
#2993 = ORIENTED_EDGE ( 'NONE', *, *, #7100, .F. ) ;
#2992 = PRESENTATION_STYLE_ASSIGNMENT (( #7360 ) ) ;
#2994 = UNCERTAINTY_MEASURE_WITH_UNIT (LENGTH_MEASURE( 1.000000000000000082E-05 ), #11584, 'distance_accuracy_value', 'NONE');
#2996 = UNCERTAINTY_MEASURE_WITH_UNIT (LENGTH_MEASURE( 1.000000000000000082E-05 ), #4731, 'distance_accuracy_value', 'NONE');
#2995 = DIRECTION ( 'NONE',  ( 0.0000000000000000000, 0.0000000000000000000, -1.000000000000000000 ) ) ;
#2997 = ADVANCED_FACE ( 'NONE', ( #9499 ), #3950, .T. ) ;
#2998 = EDGE_CURVE ( 'NONE', #1613, #11897, #11100, .T. ) ;
#2999 = VERTEX_POINT ( 'NONE', #1107 ) ;
#3000 = CARTESIAN_POINT ( 'NONE',  ( -26.50000000000000000, 2.000000000000000000, -6.299999999999999822 ) ) ;
#3001 = CARTESIAN_POINT ( 'NONE',  ( -51.29999999999999716, 1.502943725152295018, 10.00000000000000000 ) ) ;
#3002 = EDGE_CURVE ( 'NONE', #10302, #8898, #7691, .T. ) ;
#3003 = VERTEX_POINT ( 'NONE', #9636 ) ;
#3004 = FILL_AREA_STYLE_COLOUR ( '', #2302 ) ;
#3005 =( NAMED_UNIT ( * ) PLANE_ANGLE_UNIT ( ) SI_UNIT ( $, .RADIAN. ) );
#3006 = ORIENTED_EDGE ( 'NONE', *, *, #6937, .T. ) ;
#3007 = EDGE_LOOP ( 'NONE', ( #4803, #4485, #10642, #8385 ) ) ;
#3008 = VERTEX_POINT ( 'NONE', #6808 ) ;
#3009 = PRESENTATION_STYLE_ASSIGNMENT (( #10637 ) ) ;
#3011 = EDGE_LOOP ( 'NONE', ( #3667, #7968, #5020, #10008 ) ) ;
#3010 = DIRECTION ( 'NONE',  ( 0.0000000000000000000, 0.0000000000000000000, 1.000000000000000000 ) ) ;
#3012 =( NAMED_UNIT ( * ) PLANE_ANGLE_UNIT ( ) SI_UNIT ( $, .RADIAN. ) );
#3013 = PLANE ( 'NONE',  #2655 ) ;
#3014 =( NAMED_UNIT ( * ) PLANE_ANGLE_UNIT ( ) SI_UNIT ( $, .RADIAN. ) );
#3015 = ORIENTED_EDGE ( 'NONE', *, *, #7696, .F. ) ;
#3016 = CYLINDRICAL_SURFACE ( 'NONE', #12387, 0.8000000000000003775 ) ;
#3017 = AXIS2_PLACEMENT_3D ( 'NONE', #1226, #7851, #5967 ) ;
#3018 = CARTESIAN_POINT ( 'NONE',  ( -52.20000000000000284, -1.199999999999999956, 10.00000000000000000 ) ) ;
#3019 = CARTESIAN_POINT ( 'NONE',  ( 20.00000000000000000, 3.405465559969194977, -11.00000000000000000 ) ) ;
#3020 = ORIENTED_EDGE ( 'NONE', *, *, #1151, .F. ) ;
#3021 = CARTESIAN_POINT ( 'NONE',  ( -28.10102051443364957, 3.000000000000000000, -13.79999999999999893 ) ) ;
#3022 = COLOUR_RGB ( '',0.7529411764705882248, 0.7529411764705882248, 0.7529411764705882248 ) ;
#3023 = SURFACE_STYLE_USAGE ( .BOTH. , #7971 ) ;
#3024 = FILL_AREA_STYLE_COLOUR ( '', #3802 ) ;
#3025 =( LENGTH_UNIT ( ) NAMED_UNIT ( * ) SI_UNIT ( .MILLI., .METRE. ) );
#3026 = CARTESIAN_POINT ( 'NONE',  ( -52.20000000000000284, -0.4000000000000000222, -10.00000000000000000 ) ) ;
#3027 =( LENGTH_UNIT ( ) NAMED_UNIT ( * ) SI_UNIT ( .MILLI., .METRE. ) );
#3028 = EDGE_LOOP ( 'NONE', ( #3645, #3728 ) ) ;
#3029 =( NAMED_UNIT ( * ) SI_UNIT ( $, .STERADIAN. ) SOLID_ANGLE_UNIT ( ) );
#3030 = AXIS2_PLACEMENT_3D ( 'NONE', #371, #8157, #4391 ) ;
#3031 = ORIENTED_EDGE ( 'NONE', *, *, #4448, .T. ) ;
#3032 = CARTESIAN_POINT ( 'NONE',  ( -51.29999999999999716, 3.000000000000000000, -15.00000000000000000 ) ) ;
#3033 = SURFACE_STYLE_FILL_AREA ( #1208 ) ;
#3034 = PRESENTATION_STYLE_ASSIGNMENT (( #10548 ) ) ;
#3035 = CARTESIAN_POINT ( 'NONE',  ( 47.50000000000000000, 3.000000000000000000, 10.00000000000000000 ) ) ;
#3036 = CARTESIAN_POINT ( 'NONE',  ( 24.10810784417230224, 1.200000000001093747, 3.850409735237014797 ) ) ;
#3037 =( NAMED_UNIT ( * ) PLANE_ANGLE_UNIT ( ) SI_UNIT ( $, .RADIAN. ) );
#3038 = VERTEX_POINT ( 'NONE', #7852 ) ;
#3039 = EDGE_CURVE ( 'NONE', #5271, #7953, #1063, .T. ) ;
#3040 = FILL_AREA_STYLE ('',( #5900 ) ) ;
#3041 = AXIS2_PLACEMENT_3D ( 'NONE', #2122, #7756, #3939 ) ;
#3042 = LINE ( 'NONE', #3757, #1357 ) ;
#3043 = AXIS2_PLACEMENT_3D ( 'NONE', #10232, #8414, #1653 ) ;
#3044 = PRESENTATION_LAYER_ASSIGNMENT (  '', '', ( #9467 ) ) ;
#3045 = CARTESIAN_POINT ( 'NONE',  ( 37.63824873692700379, 3.500000000000000000, 2.351768647882129581 ) ) ;
#3046 = COLOUR_RGB ( '',0.7529411764705882248, 0.7529411764705882248, 0.7529411764705882248 ) ;
#3047 = CARTESIAN_POINT ( 'NONE',  ( 6.463458433036850082, 3.000000000000000000, 53.75838237026799504 ) ) ;
#3048 = DIRECTION ( 'NONE',  ( 0.0000000000000000000, 1.000000000000000000, 0.0000000000000000000 ) ) ;
#3049 = FILL_AREA_STYLE_COLOUR ( '', #9082 ) ;
#3050 = DIRECTION ( 'NONE',  ( 0.0000000000000000000, -1.000000000000000000, 0.0000000000000000000 ) ) ;
#3051 = CARTESIAN_POINT ( 'NONE',  ( -51.40685159998283638, 3.047024016678372860, -15.00000545459334056 ) ) ;
#3052 = ORIENTED_EDGE ( 'NONE', *, *, #5548, .F. ) ;
#3053 = LINE ( 'NONE', #10142, #1833 ) ;
#3054 = DIRECTION ( 'NONE',  ( 0.0000000000000000000, -1.000000000000000000, 0.0000000000000000000 ) ) ;
#3055 = ADVANCED_FACE ( 'NONE', ( #11260, #8882 ), #11574, .T. ) ;
#3056 =( NAMED_UNIT ( * ) PLANE_ANGLE_UNIT ( ) SI_UNIT ( $, .RADIAN. ) );
#3057 = PRESENTATION_LAYER_ASSIGNMENT (  '', '', ( #1756 ) ) ;
#3058 = SURFACE_STYLE_FILL_AREA ( #8899 ) ;
#3059 =( GEOMETRIC_REPRESENTATION_CONTEXT ( 3 ) GLOBAL_UNCERTAINTY_ASSIGNED_CONTEXT ( ( #5437 ) ) GLOBAL_UNIT_ASSIGNED_CONTEXT ( ( #9595, #8636, #53 ) ) REPRESENTATION_CONTEXT ( 'NONE', 'WORKASPACE' ) );
#3060 = DIRECTION ( 'NONE',  ( 0.0000000000000000000, 1.000000000000000000, 0.0000000000000000000 ) ) ;
#3061 =( GEOMETRIC_REPRESENTATION_CONTEXT ( 3 ) GLOBAL_UNCERTAINTY_ASSIGNED_CONTEXT ( ( #1374 ) ) GLOBAL_UNIT_ASSIGNED_CONTEXT ( ( #11432, #12378, #999 ) ) REPRESENTATION_CONTEXT ( 'NONE', 'WORKASPACE' ) );
#3062 = SURFACE_STYLE_USAGE ( .BOTH. , #8722 ) ;
#3063 = COLOUR_RGB ( '',0.7529411764705882248, 0.7529411764705882248, 0.7529411764705882248 ) ;
#3064 = ORIENTED_EDGE ( 'NONE', *, *, #76, .T. ) ;
#3065 =( NAMED_UNIT ( * ) SI_UNIT ( $, .STERADIAN. ) SOLID_ANGLE_UNIT ( ) );
#3066 = EDGE_CURVE ( 'NONE', #3843, #9677, #10960, .T. ) ;
#3067 = FILL_AREA_STYLE ('',( #1963 ) ) ;
#3068 = EDGE_CURVE ( 'NONE', #319, #9006, #7853, .T. ) ;
#3069 = UNCERTAINTY_MEASURE_WITH_UNIT (LENGTH_MEASURE( 1.000000000000000082E-05 ), #3861, 'distance_accuracy_value', 'NONE');
#3070 =( LENGTH_UNIT ( ) NAMED_UNIT ( * ) SI_UNIT ( .MILLI., .METRE. ) );
#3071 = ORIENTED_EDGE ( 'NONE', *, *, #11390, .F. ) ;
#3072 = COLOUR_RGB ( '',0.7529411764705882248, 0.7529411764705882248, 0.7529411764705882248 ) ;
#3073 = PRESENTATION_LAYER_ASSIGNMENT (  '', '', ( #7986 ) ) ;
#3074 = ORIENTED_EDGE ( 'NONE', *, *, #11313, .F. ) ;
#3075 = SURFACE_STYLE_USAGE ( .BOTH. , #6861 ) ;
#3076 = VERTEX_POINT ( 'NONE', #10583 ) ;
#3077 = PLANE ( 'NONE',  #1543 ) ;
#3078 = FACE_OUTER_BOUND ( 'NONE', #11290, .T. ) ;
#3079 = CIRCLE ( 'NONE', #7843, 4.000000000000000000 ) ;
#3080 = MECHANICAL_DESIGN_GEOMETRIC_PRESENTATION_REPRESENTATION (  '', ( #231 ), #1702 ) ;
#3081 = MECHANICAL_DESIGN_GEOMETRIC_PRESENTATION_REPRESENTATION (  '', ( #11160 ), #4375 ) ;
#3082 = DIRECTION ( 'NONE',  ( 6.166869547171879167E-17, -1.000000000000000000, 0.0000000000000000000 ) ) ;
#3083 = EDGE_LOOP ( 'NONE', ( #10916, #10542, #1460, #9529 ) ) ;
#3084 = SURFACE_STYLE_FILL_AREA ( #7567 ) ;
#3085 =( NAMED_UNIT ( * ) PLANE_ANGLE_UNIT ( ) SI_UNIT ( $, .RADIAN. ) );
#3086 = ORIENTED_EDGE ( 'NONE', *, *, #7404, .T. ) ;
#3087 =( NAMED_UNIT ( * ) PLANE_ANGLE_UNIT ( ) SI_UNIT ( $, .RADIAN. ) );
#3088 = CARTESIAN_POINT ( 'NONE',  ( 37.63824873692700379, 2.299999999999999822, -2.782205948333395185 ) ) ;
#3089 = CARTESIAN_POINT ( 'NONE',  ( -50.34204100699379580, 3.500000000000000000, -15.00000000000000000 ) ) ;
#3090 = ORIENTED_EDGE ( 'NONE', *, *, #8536, .T. ) ;
#3091 = STYLED_ITEM ( 'NONE', ( #8063 ), #5003 ) ;
#3092 =( NAMED_UNIT ( * ) SI_UNIT ( $, .STERADIAN. ) SOLID_ANGLE_UNIT ( ) );
#3093 = DIRECTION ( 'NONE',  ( 0.0000000000000000000, -1.000000000000000000, 0.0000000000000000000 ) ) ;
#3094 = PLANE ( 'NONE',  #3656 ) ;
#3095 = FILL_AREA_STYLE ('',( #5910 ) ) ;
#3096 = DIRECTION ( 'NONE',  ( 0.0000000000000000000, 1.000000000000000000, 0.0000000000000000000 ) ) ;
#3097 = VECTOR ( 'NONE', #4223, 1000.000000000000000 ) ;
#3098 = AXIS2_PLACEMENT_3D ( 'NONE', #11638, #7839, #7918 ) ;
#3099 = VECTOR ( 'NONE', #8300, 1000.000000000000114 ) ;
#3100 = ORIENTED_EDGE ( 'NONE', *, *, #6472, .T. ) ;
#3101 = CARTESIAN_POINT ( 'NONE',  ( -26.36325021346593900, 0.3640058732332865921, -7.068600452273252621 ) ) ;
#3102 = ORIENTED_EDGE ( 'NONE', *, *, #11069, .T. ) ;
#3103 = CARTESIAN_POINT ( 'NONE',  ( 50.70000000000000284, -1.200000000000000178, 21.39567676978599664 ) ) ;
#3104 = FACE_OUTER_BOUND ( 'NONE', #3550, .T. ) ;
#3105 = PRESENTATION_STYLE_ASSIGNMENT (( #7875 ) ) ;
#3106 = FILL_AREA_STYLE_COLOUR ( '', #449 ) ;
#3107 = FILL_AREA_STYLE_COLOUR ( '', #8146 ) ;
#3108 = PRESENTATION_STYLE_ASSIGNMENT (( #5863 ) ) ;
#3109 = FILL_AREA_STYLE_COLOUR ( '', #5795 ) ;
#3110 = SURFACE_STYLE_FILL_AREA ( #1436 ) ;
#3111 = EDGE_CURVE ( 'NONE', #4138, #1303, #5600, .T. ) ;
#3112 = AXIS2_PLACEMENT_3D ( 'NONE', #4486, #11148, #5436 ) ;
#3113 =( NAMED_UNIT ( * ) PLANE_ANGLE_UNIT ( ) SI_UNIT ( $, .RADIAN. ) );
#3114 = ADVANCED_FACE ( 'NONE', ( #3786 ), #10066, .F. ) ;
#3115 = VECTOR ( 'NONE', #6972, 1000.000000000000000 ) ;
#3116 = UNCERTAINTY_MEASURE_WITH_UNIT (LENGTH_MEASURE( 1.000000000000000082E-05 ), #7507, 'distance_accuracy_value', 'NONE');
#3117 = AXIS2_PLACEMENT_3D ( 'NONE', #9807, #11667, #11628 ) ;
#3118 =( NAMED_UNIT ( * ) SI_UNIT ( $, .STERADIAN. ) SOLID_ANGLE_UNIT ( ) );
#3119 =( LENGTH_UNIT ( ) NAMED_UNIT ( * ) SI_UNIT ( .MILLI., .METRE. ) );
#3120 = CARTESIAN_POINT ( 'NONE',  ( -25.85000000000000142, 2.299999999999999822, -2.782205948333395185 ) ) ;
#3121 = LINE ( 'NONE', #4951, #10452 ) ;
#3122 = LINE ( 'NONE', #5199, #1911 ) ;
#3123 = CARTESIAN_POINT ( 'NONE',  ( -25.06102051443364687, 1.546486074402840138, -12.27999999999999936 ) ) ;
#3124 = VECTOR ( 'NONE', #168, 1000.000000000000114 ) ;
#3125 = EDGE_CURVE ( 'NONE', #3869, #686, #10374, .T. ) ;
#3126 = DIRECTION ( 'NONE',  ( 1.000000000000000000, 0.0000000000000000000, 0.0000000000000000000 ) ) ;
#3127 = SURFACE_SIDE_STYLE ('',( #6568 ) ) ;
#3128 = PRESENTATION_LAYER_ASSIGNMENT (  '', '', ( #444 ) ) ;
#3129 = SURFACE_STYLE_USAGE ( .BOTH. , #9852 ) ;
#3130 = AXIS2_PLACEMENT_3D ( 'NONE', #9060, #4344, #4383 ) ;
#3131 = ORIENTED_EDGE ( 'NONE', *, *, #12100, .T. ) ;
#3132 = CARTESIAN_POINT ( 'NONE',  ( -51.47726865811231534, 3.005364406691366064, -15.00000002457955972 ) ) ;
#3133 = AXIS2_PLACEMENT_3D ( 'NONE', #2379, #5320, #10983 ) ;
#3134 = SURFACE_STYLE_USAGE ( .BOTH. , #11762 ) ;
#3135 = DIRECTION ( 'NONE',  ( 0.0000000000000000000, 0.0000000000000000000, -1.000000000000000000 ) ) ;
#3136 = DIRECTION ( 'NONE',  ( 1.000000000000000000, 0.0000000000000000000, 0.0000000000000000000 ) ) ;
#3137 = TOROIDAL_SURFACE ( 'NONE', #4631, 1.000000000000000000, 0.2000000000000000111 ) ;
#3138 = UNCERTAINTY_MEASURE_WITH_UNIT (LENGTH_MEASURE( 1.000000000000000082E-05 ), #9008, 'distance_accuracy_value', 'NONE');
#3139 = ORIENTED_EDGE ( 'NONE', *, *, #10486, .F. ) ;
#3140 = FILL_AREA_STYLE ('',( #9594 ) ) ;
#3141 = AXIS2_PLACEMENT_3D ( 'NONE', #1893, #1723, #2706 ) ;
#3142 = DIRECTION ( 'NONE',  ( 0.0000000000000000000, 0.0000000000000000000, 1.000000000000000000 ) ) ;
#3143 = SURFACE_STYLE_FILL_AREA ( #7962 ) ;
#3144 = DIRECTION ( 'NONE',  ( -6.166869547165669353E-17, 1.000000000000000000, 9.913060369304699859E-33 ) ) ;
#3146 = EDGE_LOOP ( 'NONE', ( #1546, #20, #11207, #6982 ) ) ;
#3145 = DIRECTION ( 'NONE',  ( 0.0000000000000000000, -1.000000000000000000, 0.0000000000000000000 ) ) ;
#3147 = FILL_AREA_STYLE ('',( #1302 ) ) ;
#3148 = EDGE_LOOP ( 'NONE', ( #10611, #5579, #12374, #864, #5490, #12229, #9281, #720, #590, #2014, #1402, #12321 ) ) ;
#3150 = ORIENTED_EDGE ( 'NONE', *, *, #1412, .T. ) ;
#3149 = SURFACE_STYLE_FILL_AREA ( #7909 ) ;
#3151 = CARTESIAN_POINT ( 'NONE',  ( 37.63824873692700379, 2.299999999999999822, -4.649999999999919531 ) ) ;
#3152 = AXIS2_PLACEMENT_3D ( 'NONE', #888, #7702, #9661 ) ;
#3153 = CARTESIAN_POINT ( 'NONE',  ( -26.50000000000000000, 2.000000000000000000, 5.500000000000000000 ) ) ;
#3154 = ORIENTED_EDGE ( 'NONE', *, *, #1665, .F. ) ;
#3155 = SURFACE_STYLE_USAGE ( .BOTH. , #3279 ) ;
#3156 = CARTESIAN_POINT ( 'NONE',  ( -51.50000000000000000, 3.000000000000000000, -15.00000000000000000 ) ) ;
#3157 = ORIENTED_EDGE ( 'NONE', *, *, #9489, .T. ) ;
#3158 = PRESENTATION_STYLE_ASSIGNMENT (( #8303 ) ) ;
#3159 = DIRECTION ( 'NONE',  ( 8.879670859120929771E-17, 1.000000000000000000, 0.0000000000000000000 ) ) ;
#3160 = PRESENTATION_LAYER_ASSIGNMENT (  '', '', ( #6785 ) ) ;
#3161 = FILL_AREA_STYLE_COLOUR ( '', #1749 ) ;
#3162 = EDGE_CURVE ( 'NONE', #12398, #635, #4997, .T. ) ;
#3163 = ORIENTED_EDGE ( 'NONE', *, *, #2105, .T. ) ;
#3164 = EDGE_LOOP ( 'NONE', ( #9312, #9090, #7237, #939 ) ) ;
#3165 = FILL_AREA_STYLE ('',( #9681 ) ) ;
#3166 =( NAMED_UNIT ( * ) SI_UNIT ( $, .STERADIAN. ) SOLID_ANGLE_UNIT ( ) );
#3167 = EDGE_CURVE ( 'NONE', #1604, #10364, #11980, .T. ) ;
#3168 = ORIENTED_EDGE ( 'NONE', *, *, #11455, .T. ) ;
#3169 = FACE_OUTER_BOUND ( 'NONE', #5167, .T. ) ;
#3170 = VECTOR ( 'NONE', #3337, 1000.000000000000000 ) ;
#3171 = PRESENTATION_LAYER_ASSIGNMENT (  '', '', ( #1866 ) ) ;
#3172 = ORIENTED_EDGE ( 'NONE', *, *, #7166, .F. ) ;
#3173 = CARTESIAN_POINT ( 'NONE',  ( -26.05374822170651683, 0.5537583671299537436, -13.27938931346225182 ) ) ;
#3174 = VECTOR ( 'NONE', #3548, 1000.000000000000114 ) ;
#3175 = DIRECTION ( 'NONE',  ( 0.0000000000000000000, -1.000000000000000000, 0.0000000000000000000 ) ) ;
#3176 = VECTOR ( 'NONE', #9109, 1000.000000000000000 ) ;
#3177 = PRESENTATION_LAYER_ASSIGNMENT (  '', '', ( #1873 ) ) ;
#3178 = AXIS2_PLACEMENT_3D ( 'NONE', #5798, #11451, #10537 ) ;
#3179 =( LENGTH_UNIT ( ) NAMED_UNIT ( * ) SI_UNIT ( .MILLI., .METRE. ) );
#3180 =( LENGTH_UNIT ( ) NAMED_UNIT ( * ) SI_UNIT ( .MILLI., .METRE. ) );
#3181 = ADVANCED_FACE ( 'NONE', ( #9490 ), #9003, .T. ) ;
#3182 = DIRECTION ( 'NONE',  ( 0.0000000000000000000, 0.0000000000000000000, -1.000000000000000000 ) ) ;
#3183 = EDGE_LOOP ( 'NONE', ( #6616, #5455, #1248, #1028 ) ) ;
#3184 = UNCERTAINTY_MEASURE_WITH_UNIT (LENGTH_MEASURE( 1.000000000000000082E-05 ), #1840, 'distance_accuracy_value', 'NONE');
#3185 = DIRECTION ( 'NONE',  ( 0.0000000000000000000, 0.0000000000000000000, 1.000000000000000000 ) ) ;
#3186 = CARTESIAN_POINT ( 'NONE',  ( 49.69999999999910045, -1.200000000058665250, 10.00000000000000000 ) ) ;
#3187 = CIRCLE ( 'NONE', #7529, 1.700000000000000178 ) ;
#3188 = EDGE_CURVE ( 'NONE', #2405, #10614, #9020, .T. ) ;
#3189 = FILL_AREA_STYLE ('',( #1141 ) ) ;
#3190 = FILL_AREA_STYLE ('',( #2129 ) ) ;
#3191 = DIRECTION ( 'NONE',  ( 0.0000000000000000000, -1.000000000000000000, 0.0000000000000000000 ) ) ;
#3192 =( GEOMETRIC_REPRESENTATION_CONTEXT ( 3 ) GLOBAL_UNCERTAINTY_ASSIGNED_CONTEXT ( ( #3598 ) ) GLOBAL_UNIT_ASSIGNED_CONTEXT ( ( #7925, #10947, #10819 ) ) REPRESENTATION_CONTEXT ( 'NONE', 'WORKASPACE' ) );
#3193 = CARTESIAN_POINT ( 'NONE',  ( -32.14127246753589873, 1.800000000000000044, 15.00000000000000000 ) ) ;
#3194 =( NAMED_UNIT ( * ) PLANE_ANGLE_UNIT ( ) SI_UNIT ( $, .RADIAN. ) );
#3195 = AXIS2_PLACEMENT_3D ( 'NONE', #8410, #5694, #11268 ) ;
#3196 =( NAMED_UNIT ( * ) SI_UNIT ( $, .STERADIAN. ) SOLID_ANGLE_UNIT ( ) );
#3197 = CARTESIAN_POINT ( 'NONE',  ( -25.85872753246410127, 1.800000000000000044, -5.941272467535809731 ) ) ;
#3198 = DIRECTION ( 'NONE',  ( 4.346951598611971894E-16, 0.3420201433256636059, 0.9396926207859103153 ) ) ;
#3199 = COLOUR_RGB ( '',0.7529411764705882248, 0.7529411764705882248, 0.7529411764705882248 ) ;
#3200 = EDGE_CURVE ( 'NONE', #3076, #10578, #2278, .T. ) ;
#3201 = STYLED_ITEM ( 'NONE', ( #11891 ), #1910 ) ;
#3202 = AXIS2_PLACEMENT_3D ( 'NONE', #78, #2025, #9770 ) ;
#3203 = ORIENTED_EDGE ( 'NONE', *, *, #12319, .F. ) ;
#3204 = AXIS2_PLACEMENT_3D ( 'NONE', #11884, #10108, #7211 ) ;
#3205 = CARTESIAN_POINT ( 'NONE',  ( -25.89189215582775105, 1.200000000001042011, 3.850409735238375042 ) ) ;
#3206 = CARTESIAN_POINT ( 'NONE',  ( -28.16897398685275178, -0.3999990008898730576, -4.663964069382109834 ) ) ;
#3207 = VECTOR ( 'NONE', #3927, 1000.000000000000000 ) ;
#3208 = SURFACE_STYLE_USAGE ( .BOTH. , #4308 ) ;
#3209 = ORIENTED_EDGE ( 'NONE', *, *, #12395, .F. ) ;
#3210 = FACE_OUTER_BOUND ( 'NONE', #5045, .T. ) ;
#3211 = DIRECTION ( 'NONE',  ( -1.000000000000000000, 0.0000000000000000000, 0.0000000000000000000 ) ) ;
#3212 = EDGE_CURVE ( 'NONE', #12410, #10118, #7394, .T. ) ;
#3213 = CARTESIAN_POINT ( 'NONE',  ( 47.65810784417229939, 1.199999999999999956, 6.108107844172280032 ) ) ;
#3214 = CARTESIAN_POINT ( 'NONE',  ( 51.00294372515229213, 1.800000000000000044, 15.00000000000000000 ) ) ;
#3215 = VECTOR ( 'NONE', #2015, 1000.000000000000000 ) ;
#3216 = UNCERTAINTY_MEASURE_WITH_UNIT (LENGTH_MEASURE( 1.000000000000000082E-05 ), #850, 'distance_accuracy_value', 'NONE');
#3217 = CARTESIAN_POINT ( 'NONE',  ( -68.60321982055950230, -1.200000000000000178, -5.950000000000000178 ) ) ;
#3218 = VECTOR ( 'NONE', #4027, 1000.000000000000000 ) ;
#3219 = VERTEX_POINT ( 'NONE', #10909 ) ;
#3220 =( LENGTH_UNIT ( ) NAMED_UNIT ( * ) SI_UNIT ( .MILLI., .METRE. ) );
#3221 = VERTEX_POINT ( 'NONE', #2215 ) ;
#3222 = STYLED_ITEM ( 'NONE', ( #3978 ), #6358 ) ;
#3223 = LINE ( 'NONE', #8406, #1237 ) ;
#3224 = DIRECTION ( 'NONE',  ( 1.000000000000000000, 0.0000000000000000000, 0.0000000000000000000 ) ) ;
#3225 = MECHANICAL_DESIGN_GEOMETRIC_PRESENTATION_REPRESENTATION (  '', ( #10513 ), #380 ) ;
#3226 = VERTEX_POINT ( 'NONE', #11889 ) ;
#3227 = SURFACE_STYLE_FILL_AREA ( #9405 ) ;
#3228 =( NAMED_UNIT ( * ) PLANE_ANGLE_UNIT ( ) SI_UNIT ( $, .RADIAN. ) );
#3229 = SURFACE_STYLE_USAGE ( .BOTH. , #7848 ) ;
#3230 = LINE ( 'NONE', #10044, #5173 ) ;
#3231 = DIRECTION ( 'NONE',  ( -8.432683563761130178E-16, -1.000000000000000000, 6.023345402686529304E-17 ) ) ;
#3232 = EDGE_CURVE ( 'NONE', #6182, #1165, #9921, .T. ) ;
#3233 = CARTESIAN_POINT ( 'NONE',  ( -23.48680480018306227, 2.220487327823099211, -10.80558979182653090 ) ) ;
#3234 = SURFACE_SIDE_STYLE ('',( #10796 ) ) ;
#3235 = ORIENTED_EDGE ( 'NONE', *, *, #6668, .T. ) ;
#3236 = CARTESIAN_POINT ( 'NONE',  ( 52.20000000000000284, -1.199999999999999956, -14.69999999999999929 ) ) ;
#3237 = EDGE_CURVE ( 'NONE', #5719, #6322, #6357, .T. ) ;
#3238 = ORIENTED_EDGE ( 'NONE', *, *, #934, .T. ) ;
#3239 = DIRECTION ( 'NONE',  ( -1.000000000000000000, 0.0000000000000000000, 0.0000000000000000000 ) ) ;
#3240 = MANIFOLD_SOLID_BREP ( 'NONE', #7005 ) ;
#3241 = PRESENTATION_STYLE_ASSIGNMENT (( #3564 ) ) ;
#3242 = FACE_OUTER_BOUND ( 'NONE', #11507, .T. ) ;
#3243 = CIRCLE ( 'NONE', #9533, 0.5000000000000334177 ) ;
#3244 = COLOUR_RGB ( '',0.7529411764705882248, 0.7529411764705882248, 0.7529411764705882248 ) ;
#3245 = CARTESIAN_POINT ( 'NONE',  ( 51.37398722354458158, 2.999999967000927192, -14.74106296727911669 ) ) ;
#3246 = ADVANCED_FACE ( 'NONE', ( #6200 ), #7173, .F. ) ;
#3247 =( GEOMETRIC_REPRESENTATION_CONTEXT ( 3 ) GLOBAL_UNCERTAINTY_ASSIGNED_CONTEXT ( ( #8117 ) ) GLOBAL_UNIT_ASSIGNED_CONTEXT ( ( #1125, #3005, #5010 ) ) REPRESENTATION_CONTEXT ( 'NONE', 'WORKASPACE' ) );
#3248 = SURFACE_STYLE_USAGE ( .BOTH. , #8927 ) ;
#3249 = LINE ( 'NONE', #2746, #6851 ) ;
#3250 = COLOUR_RGB ( '',0.7529411764705882248, 0.7529411764705882248, 0.7529411764705882248 ) ;
#3251 = ORIENTED_EDGE ( 'NONE', *, *, #8684, .F. ) ;
#3252 = ORIENTED_EDGE ( 'NONE', *, *, #5711, .F. ) ;
#3253 = STYLED_ITEM ( 'NONE', ( #4452 ), #1845 ) ;
#3254 = AXIS2_PLACEMENT_3D ( 'NONE', #4940, #9542, #2883 ) ;
#3255 = SURFACE_SIDE_STYLE ('',( #2831 ) ) ;
#3257 = ADVANCED_FACE ( 'NONE', ( #11399 ), #2429, .T. ) ;
#3256 = SURFACE_STYLE_USAGE ( .BOTH. , #10013 ) ;
#3258 = FACE_OUTER_BOUND ( 'NONE', #7891, .T. ) ;
#3259 =( NAMED_UNIT ( * ) PLANE_ANGLE_UNIT ( ) SI_UNIT ( $, .RADIAN. ) );
#3260 = DIRECTION ( 'NONE',  ( 0.0000000000000000000, 0.0000000000000000000, -1.000000000000000000 ) ) ;
#3261 = FILL_AREA_STYLE_COLOUR ( '', #11763 ) ;
#3262 = ORIENTED_EDGE ( 'NONE', *, *, #2422, .T. ) ;
#3263 = ORIENTED_EDGE ( 'NONE', *, *, #9193, .T. ) ;
#3264 = CARTESIAN_POINT ( 'NONE',  ( -48.27073170728771601, -2.370731707287723200, -7.882081135837093910 ) ) ;
#3265 =( NAMED_UNIT ( * ) SI_UNIT ( $, .STERADIAN. ) SOLID_ANGLE_UNIT ( ) );
#3266 = SURFACE_STYLE_FILL_AREA ( #10970 ) ;
#3267 = SURFACE_STYLE_FILL_AREA ( #3719 ) ;
#3268 = VECTOR ( 'NONE', #1771, 1000.000000000000227 ) ;
#3269 = STYLED_ITEM ( 'NONE', ( #11341 ), #1391 ) ;
#3270 = UNCERTAINTY_MEASURE_WITH_UNIT (LENGTH_MEASURE( 1.000000000000000082E-05 ), #10946, 'distance_accuracy_value', 'NONE');
#3271 = SURFACE_SIDE_STYLE ('',( #1065 ) ) ;
#3272 = CARTESIAN_POINT ( 'NONE',  ( -27.15000000000000213, 2.299999999999999822, -4.649999999999919531 ) ) ;
#3273 = DIRECTION ( 'NONE',  ( 0.0000000000000000000, -1.000000000000000000, 0.0000000000000000000 ) ) ;
#3274 = SURFACE_STYLE_USAGE ( .BOTH. , #8878 ) ;
#3275 =( LENGTH_UNIT ( ) NAMED_UNIT ( * ) SI_UNIT ( .MILLI., .METRE. ) );
#3276 = VECTOR ( 'NONE', #8090, 1000.000000000000000 ) ;
#3277 = CARTESIAN_POINT ( 'NONE',  ( -23.90858411005531181, 2.141707826037954732, -11.10688644433449390 ) ) ;
#3278 = CIRCLE ( 'NONE', #8557, 0.6544949780325570732 ) ;
#3279 = SURFACE_SIDE_STYLE ('',( #306 ) ) ;
#3280 = DIRECTION ( 'NONE',  ( 0.0000000000000000000, -1.000000000000000000, 0.0000000000000000000 ) ) ;
#3281 = UNCERTAINTY_MEASURE_WITH_UNIT (LENGTH_MEASURE( 1.000000000000000082E-05 ), #5215, 'distance_accuracy_value', 'NONE');
#3282 = CARTESIAN_POINT ( 'NONE',  ( -47.50000000000000000, 0.7999999999999999334, -12.23491012985641824 ) ) ;
#3283 = SURFACE_STYLE_FILL_AREA ( #9367 ) ;
#3284 = CIRCLE ( 'NONE', #4571, 4.000000000010004442 ) ;
#3285 = EDGE_CURVE ( 'NONE', #3295, #8767, #4986, .T. ) ;
#3286 = STYLED_ITEM ( 'NONE', ( #831 ), #5255 ) ;
#3287 = MECHANICAL_DESIGN_GEOMETRIC_PRESENTATION_REPRESENTATION (  '', ( #8886 ), #1980 ) ;
#3288 = CARTESIAN_POINT ( 'NONE',  ( 51.38719624979768952, 3.028015587614670157, -14.91200729120144786 ) ) ;
#3289 =( GEOMETRIC_REPRESENTATION_CONTEXT ( 3 ) GLOBAL_UNCERTAINTY_ASSIGNED_CONTEXT ( ( #8642 ) ) GLOBAL_UNIT_ASSIGNED_CONTEXT ( ( #4543, #11112, #1615 ) ) REPRESENTATION_CONTEXT ( 'NONE', 'WORKASPACE' ) );
#3290 = FILL_AREA_STYLE ('',( #1439 ) ) ;
#3291 = ORIENTED_EDGE ( 'NONE', *, *, #847, .T. ) ;
#3292 =( NAMED_UNIT ( * ) PLANE_ANGLE_UNIT ( ) SI_UNIT ( $, .RADIAN. ) );
#3293 = FACE_OUTER_BOUND ( 'NONE', #4949, .T. ) ;
#3294 = ORIENTED_EDGE ( 'NONE', *, *, #5647, .T. ) ;
#3295 = VERTEX_POINT ( 'NONE', #10114 ) ;
#3296 = SURFACE_STYLE_FILL_AREA ( #5953 ) ;
#3297 = ORIENTED_EDGE ( 'NONE', *, *, #7295, .F. ) ;
#3299 = ORIENTED_EDGE ( 'NONE', *, *, #11312, .F. ) ;
#3298 = FILL_AREA_STYLE ('',( #8229 ) ) ;
#3300 = CARTESIAN_POINT ( 'NONE',  ( -52.50000000000000000, -0.1000000000000000056, -5.789937738537079603 ) ) ;
#3301 = CARTESIAN_POINT ( 'NONE',  ( -32.14127246753589873, 1.800000000000000044, 15.00000000000000000 ) ) ;
#3302 = DIRECTION ( 'NONE',  ( 0.0000000000000000000, 0.0000000000000000000, -1.000000000000000000 ) ) ;
#3303 = MECHANICAL_DESIGN_GEOMETRIC_PRESENTATION_REPRESENTATION (  '', ( #514 ), #5871 ) ;
#3304 = ORIENTED_EDGE ( 'NONE', *, *, #8265, .T. ) ;
#3305 = CIRCLE ( 'NONE', #6428, 0.5000000000000000000 ) ;
#3306 = DIRECTION ( 'NONE',  ( 0.0000000000000000000, -1.000000000000000000, 0.0000000000000000000 ) ) ;
#3307 = MECHANICAL_DESIGN_GEOMETRIC_PRESENTATION_REPRESENTATION (  '', ( #11133 ), #10968 ) ;
#3308 = DIRECTION ( 'NONE',  ( 1.000000000000000000, 1.046128856617773965E-15, 0.0000000000000000000 ) ) ;
#3309 = STYLED_ITEM ( 'NONE', ( #3921 ), #11129 ) ;
#3310 = CARTESIAN_POINT ( 'NONE',  ( -48.27073170728771601, -2.370731707287723200, -9.317918864162907155 ) ) ;
#3311 = ADVANCED_FACE ( 'NONE', ( #4248 ), #10871, .F. ) ;
#3312 = ORIENTED_EDGE ( 'NONE', *, *, #1481, .T. ) ;
#3314 = EDGE_LOOP ( 'NONE', ( #1447, #9274, #2321, #3764 ) ) ;
#3313 = COLOUR_RGB ( '',0.7529411764705882248, 0.7529411764705882248, 0.7529411764705882248 ) ;
#3315 = CARTESIAN_POINT ( 'NONE',  ( 52.50000000000000000, -1.200000000000000178, 10.00000000000000000 ) ) ;
#3316 = EDGE_CURVE ( 'NONE', #6679, #9297, #1422, .T. ) ;
#3317 = EDGE_LOOP ( 'NONE', ( #43, #3811, #6314, #1935 ) ) ;
#3318 = ORIENTED_EDGE ( 'NONE', *, *, #4670, .F. ) ;
#3319 = EDGE_CURVE ( 'NONE', #8632, #7729, #7302, .T. ) ;
#3320 = ORIENTED_EDGE ( 'NONE', *, *, #4120, .F. ) ;
#3321 = CARTESIAN_POINT ( 'NONE',  ( -47.50000000000000000, 3.000000000000000000, 13.79999999999999893 ) ) ;
#3322 = DIRECTION ( 'NONE',  ( 1.000000000000000000, -4.119827820024774363E-31, -3.669096581176885072E-46 ) ) ;
#3323 = DIRECTION ( 'NONE',  ( 0.0000000000000000000, -1.000000000000000000, 0.0000000000000000000 ) ) ;
#3324 = DIRECTION ( 'NONE',  ( -1.000000000000000000, 7.753131609225469868E-19, 4.441766124107544846E-17 ) ) ;
#3325 = CARTESIAN_POINT ( 'NONE',  ( -26.50000000000000000, 1.800000000000000044, 5.500000000000000000 ) ) ;
#3326 = MECHANICAL_DESIGN_GEOMETRIC_PRESENTATION_REPRESENTATION (  '', ( #8621 ), #10362 ) ;
#3327 = VERTEX_POINT ( 'NONE', #3404 ) ;
#3328 = SURFACE_SIDE_STYLE ('',( #7883 ) ) ;
#3329 = FILL_AREA_STYLE ('',( #386 ) ) ;
#3330 = ADVANCED_FACE ( 'NONE', ( #10122 ), #3482, .F. ) ;
#3331 = VECTOR ( 'NONE', #11992, 1000.000000000000000 ) ;
#3332 =( LENGTH_UNIT ( ) NAMED_UNIT ( * ) SI_UNIT ( .MILLI., .METRE. ) );
#3333 = PRESENTATION_STYLE_ASSIGNMENT (( #3342 ) ) ;
#3334 =( GEOMETRIC_REPRESENTATION_CONTEXT ( 3 ) GLOBAL_UNCERTAINTY_ASSIGNED_CONTEXT ( ( #11848 ) ) GLOBAL_UNIT_ASSIGNED_CONTEXT ( ( #5478, #656, #9204 ) ) REPRESENTATION_CONTEXT ( 'NONE', 'WORKASPACE' ) );
#3335 = DIRECTION ( 'NONE',  ( 0.0000000000000000000, 0.0000000000000000000, 1.000000000000000000 ) ) ;
#3336 = EDGE_CURVE ( 'NONE', #124, #7557, #5816, .T. ) ;
#3337 = DIRECTION ( 'NONE',  ( -0.01744974916068485829, 0.9996954598818874604, -0.01744974916068270723 ) ) ;
#3338 = ORIENTED_EDGE ( 'NONE', *, *, #6859, .F. ) ;
#3339 = ORIENTED_EDGE ( 'NONE', *, *, #1828, .T. ) ;
#3340 = CARTESIAN_POINT ( 'NONE',  ( -26.24544410003089823, -0.6999999999999999556, 5.500000000000079048 ) ) ;
#3341 =( GEOMETRIC_REPRESENTATION_CONTEXT ( 3 ) GLOBAL_UNCERTAINTY_ASSIGNED_CONTEXT ( ( #8206 ) ) GLOBAL_UNIT_ASSIGNED_CONTEXT ( ( #5073, #6011, #341 ) ) REPRESENTATION_CONTEXT ( 'NONE', 'WORKASPACE' ) );
#3342 = SURFACE_STYLE_USAGE ( .BOTH. , #4305 ) ;
#3343 = CARTESIAN_POINT ( 'NONE',  ( -26.50000000000000000, -0.6291582739833500026, -7.090035920607360431 ) ) ;
#3344 = FILL_AREA_STYLE ('',( #6158 ) ) ;
#3345 = AXIS2_PLACEMENT_3D ( 'NONE', #11195, #2724, #794 ) ;
#3346 = VERTEX_POINT ( 'NONE', #8256 ) ;
#3347 =( NAMED_UNIT ( * ) PLANE_ANGLE_UNIT ( ) SI_UNIT ( $, .RADIAN. ) );
#3348 = FILL_AREA_STYLE ('',( #2156 ) ) ;
#3349 = SURFACE_STYLE_FILL_AREA ( #9698 ) ;
#3350 = CARTESIAN_POINT ( 'NONE',  ( 23.50000000000000000, -0.2999999999999999889, 5.500000000000079048 ) ) ;
#3351 = CARTESIAN_POINT ( 'NONE',  ( 23.50000000000000000, 1.800000000000000044, 5.500000000000000000 ) ) ;
#3352 = SURFACE_SIDE_STYLE ('',( #6970 ) ) ;
#3353 = EDGE_CURVE ( 'NONE', #10688, #6654, #11013, .T. ) ;
#3354 = CARTESIAN_POINT ( 'NONE',  ( -52.35355339059329793, 2.146446609406750028, -15.00000000000000000 ) ) ;
#3355 = FACE_OUTER_BOUND ( 'NONE', #2037, .T. ) ;
#3356 = ORIENTED_EDGE ( 'NONE', *, *, #10671, .F. ) ;
#3357 = AXIS2_PLACEMENT_3D ( 'NONE', #500, #6389, #6479 ) ;
#3358 = CARTESIAN_POINT ( 'NONE',  ( 25.16897398685464893, -0.3999990008898730576, -5.936035930617899581 ) ) ;
#3359 = SURFACE_STYLE_USAGE ( .BOTH. , #11774 ) ;
#3360 =( NAMED_UNIT ( * ) SI_UNIT ( $, .STERADIAN. ) SOLID_ANGLE_UNIT ( ) );
#3361 = CARTESIAN_POINT ( 'NONE',  ( -51.52270558660769950, 2.977294413392289840, -15.12326422434344941 ) ) ;
#3362 = SURFACE_SIDE_STYLE ('',( #5471 ) ) ;
#3363 = SURFACE_STYLE_USAGE ( .BOTH. , #2394 ) ;
#3364 = ADVANCED_FACE ( 'NONE', ( #1744 ), #11275, .T. ) ;
#3365 = COLOUR_RGB ( '',0.7529411764705882248, 0.7529411764705882248, 0.7529411764705882248 ) ;
#3366 = VERTEX_POINT ( 'NONE', #2762 ) ;
#3367 = LINE ( 'NONE', #5026, #768 ) ;
#3368 = FILL_AREA_STYLE_COLOUR ( '', #4374 ) ;
#3369 = EDGE_CURVE ( 'NONE', #3828, #8993, #8354, .T. ) ;
#3370 =( GEOMETRIC_REPRESENTATION_CONTEXT ( 3 ) GLOBAL_UNCERTAINTY_ASSIGNED_CONTEXT ( ( #9322 ) ) GLOBAL_UNIT_ASSIGNED_CONTEXT ( ( #5757, #10541, #2988 ) ) REPRESENTATION_CONTEXT ( 'NONE', 'WORKASPACE' ) );
#3371 = EDGE_LOOP ( 'NONE', ( #3294, #873, #10171, #11104, #10774, #7280, #6321, #6111, #3150, #7493 ) ) ;
#3372 = AXIS2_PLACEMENT_3D ( 'NONE', #10766, #6115, #9733 ) ;
#3373 = ORIENTED_EDGE ( 'NONE', *, *, #2916, .T. ) ;
#3374 = UNCERTAINTY_MEASURE_WITH_UNIT (LENGTH_MEASURE( 1.000000000000000082E-05 ), #8618, 'distance_accuracy_value', 'NONE');
#3375 = STYLED_ITEM ( 'NONE', ( #12408 ), #10869 ) ;
#3376 = UNCERTAINTY_MEASURE_WITH_UNIT (LENGTH_MEASURE( 1.000000000000000082E-05 ), #3025, 'distance_accuracy_value', 'NONE');
#3377 = VERTEX_POINT ( 'NONE', #5664 ) ;
#3378 = LINE ( 'NONE', #2490, #6087 ) ;
#3379 = CARTESIAN_POINT ( 'NONE',  ( 22.84999999999975273, -1.200000000016025137, 3.821458966837329996 ) ) ;
#3380 = SURFACE_STYLE_USAGE ( .BOTH. , #11911 ) ;
#3382 = ADVANCED_FACE ( 'NONE', ( #8060 ), #11900, .F. ) ;
#3381 = FILL_AREA_STYLE ('',( #9023 ) ) ;
#3383 = ORIENTED_EDGE ( 'NONE', *, *, #1858, .F. ) ;
#3384 = CARTESIAN_POINT ( 'NONE',  ( -26.50000000000000000, -0.3069809625912964801, -5.299999999999919886 ) ) ;
#3385 = PRESENTATION_LAYER_ASSIGNMENT (  '', '', ( #4023 ) ) ;
#3386 = FILL_AREA_STYLE ('',( #8071 ) ) ;
#3387 = PLANE ( 'NONE',  #1520 ) ;
#3388 = ORIENTED_EDGE ( 'NONE', *, *, #9874, .T. ) ;
#3389 = DIRECTION ( 'NONE',  ( 0.0000000000000000000, 1.000000000000000000, 0.0000000000000000000 ) ) ;
#3390 = DIRECTION ( 'NONE',  ( 0.0000000000000000000, -0.01745240643728355329, 0.9998476951563912696 ) ) ;
#3391 = VECTOR ( 'NONE', #4208, 1000.000000000000000 ) ;
#3392 = CARTESIAN_POINT ( 'NONE',  ( -26.50000000000000000, 1.800000000000000044, 6.299999999999999822 ) ) ;
#3393 = AXIS2_PLACEMENT_3D ( 'NONE', #960, #1953, #11523 ) ;
#3394 = ORIENTED_EDGE ( 'NONE', *, *, #6192, .T. ) ;
#3395 = CARTESIAN_POINT ( 'NONE',  ( -26.50000000000000000, -1.200000000000000178, -5.299999999999999822 ) ) ;
#3396 = VERTEX_POINT ( 'NONE', #2675 ) ;
#3397 = CARTESIAN_POINT ( 'NONE',  ( -47.50000000000000000, 3.000000000000000000, 10.00000000000000000 ) ) ;
#3398 = SURFACE_STYLE_USAGE ( .BOTH. , #338 ) ;
#3399 = LINE ( 'NONE', #10922, #805 ) ;
#3400 = LINE ( 'NONE', #2806, #10569 ) ;
#3401 = CARTESIAN_POINT ( 'NONE',  ( 25.14959026476089932, 1.200000000001091971, -5.908107844172260315 ) ) ;
#3402 = EDGE_CURVE ( 'NONE', #7068, #8996, #10429, .T. ) ;
#3403 =( LENGTH_UNIT ( ) NAMED_UNIT ( * ) SI_UNIT ( .MILLI., .METRE. ) );
#3404 = CARTESIAN_POINT ( 'NONE',  ( -47.70000000000000284, -1.200000000000000178, 4.850000000000000533 ) ) ;
#3405 = CARTESIAN_POINT ( 'NONE',  ( 21.84067480924220206, 0.4000010255230039835, 4.877928121785719995 ) ) ;
#3406 = EDGE_CURVE ( 'NONE', #3377, #9715, #12040, .T. ) ;
#3407 = COLOUR_RGB ( '',0.7529411764705882248, 0.7529411764705882248, 0.7529411764705882248 ) ;
#3408 = EDGE_LOOP ( 'NONE', ( #1008, #8101 ) ) ;
#3409 = EDGE_LOOP ( 'NONE', ( #5868, #10712, #638, #1530 ) ) ;
#3410 = AXIS2_PLACEMENT_3D ( 'NONE', #3837, #9571, #10554 ) ;
#3411 = COLOUR_RGB ( '',0.7529411764705882248, 0.7529411764705882248, 0.7529411764705882248 ) ;
#3412 =( LENGTH_UNIT ( ) NAMED_UNIT ( * ) SI_UNIT ( .MILLI., .METRE. ) );
#3413 = STYLED_ITEM ( 'NONE', ( #8343 ), #569 ) ;
#3414 = LINE ( 'NONE', #8057, #12350 ) ;
#3415 =( GEOMETRIC_REPRESENTATION_CONTEXT ( 3 ) GLOBAL_UNCERTAINTY_ASSIGNED_CONTEXT ( ( #416 ) ) GLOBAL_UNIT_ASSIGNED_CONTEXT ( ( #3816, #57, #11538 ) ) REPRESENTATION_CONTEXT ( 'NONE', 'WORKASPACE' ) );
#3416 = SURFACE_SIDE_STYLE ('',( #4085 ) ) ;
#3417 = CARTESIAN_POINT ( 'NONE',  ( -28.14959026476165249, 1.200000000001091083, 6.108107844172259604 ) ) ;
#3418 = CARTESIAN_POINT ( 'NONE',  ( 29.14127246753590228, 1.800000000000000044, -5.941272467535820390 ) ) ;
#3419 = DIRECTION ( 'NONE',  ( 0.0000000000000000000, 0.0000000000000000000, 1.000000000000000000 ) ) ;
#3420 = FILL_AREA_STYLE_COLOUR ( '', #2635 ) ;
#3421 = FILL_AREA_STYLE_COLOUR ( '', #9900 ) ;
#3422 =( LENGTH_UNIT ( ) NAMED_UNIT ( * ) SI_UNIT ( .MILLI., .METRE. ) );
#3423 = LINE ( 'NONE', #1066, #2208 ) ;
#3424 = EDGE_CURVE ( 'NONE', #5590, #11346, #10273, .T. ) ;
#3425 = DIRECTION ( 'NONE',  ( -1.000000000000000000, 0.0000000000000000000, 2.312964634635744929E-16 ) ) ;
#3426 = ORIENTED_EDGE ( 'NONE', *, *, #1412, .F. ) ;
#3427 = CARTESIAN_POINT ( 'NONE',  ( 23.50000000000000000, 1.800000000000000044, -5.299999999999999822 ) ) ;
#3428 = VECTOR ( 'NONE', #1835, 1000.000000000000000 ) ;
#3429 = MECHANICAL_DESIGN_GEOMETRIC_PRESENTATION_REPRESENTATION (  '', ( #17 ), #12364 ) ;
#3430 = AXIS2_PLACEMENT_3D ( 'NONE', #1650, #615, #2457 ) ;
#3431 = DIRECTION ( 'NONE',  ( 0.0000000000000000000, 0.0000000000000000000, -1.000000000000000000 ) ) ;
#3432 =( LENGTH_UNIT ( ) NAMED_UNIT ( * ) SI_UNIT ( .MILLI., .METRE. ) );
#3434 = EDGE_LOOP ( 'NONE', ( #1568, #12297, #3086, #10535 ) ) ;
#3433 =( LENGTH_UNIT ( ) NAMED_UNIT ( * ) SI_UNIT ( .MILLI., .METRE. ) );
#3435 = CARTESIAN_POINT ( 'NONE',  ( -28.14959026475900217, 1.200000000000726930, -5.908107844172279854 ) ) ;
#3436 = COLOUR_RGB ( '',0.7529411764705882248, 0.7529411764705882248, 0.7529411764705882248 ) ;
#3437 = VECTOR ( 'NONE', #6413, 1000.000000000000000 ) ;
#3438 = DIRECTION ( 'NONE',  ( 0.0000000000000000000, 0.0000000000000000000, 1.000000000000000000 ) ) ;
#3439 = DIRECTION ( 'NONE',  ( 0.0000000000000000000, 1.000000000000000000, 0.0000000000000000000 ) ) ;
#3440 = ADVANCED_FACE ( 'NONE', ( #358 ), #5484, .T. ) ;
#3441 = VERTEX_POINT ( 'NONE', #916 ) ;
#3442 =( LENGTH_UNIT ( ) NAMED_UNIT ( * ) SI_UNIT ( .MILLI., .METRE. ) );
#3443 = EDGE_CURVE ( 'NONE', #712, #11370, #7752, .T. ) ;
#3444 = STYLED_ITEM ( 'NONE', ( #9560 ), #5574 ) ;
#3445 = MECHANICAL_DESIGN_GEOMETRIC_PRESENTATION_REPRESENTATION (  '', ( #7470 ), #4500 ) ;
#3446 = ORIENTED_EDGE ( 'NONE', *, *, #8349, .T. ) ;
#3447 = ORIENTED_EDGE ( 'NONE', *, *, #10718, .T. ) ;
#3448 = ORIENTED_EDGE ( 'NONE', *, *, #10745, .T. ) ;
#3449 = AXIS2_PLACEMENT_3D ( 'NONE', #7940, #4169, #9795 ) ;
#3450 = DIRECTION ( 'NONE',  ( 0.0000000000000000000, 0.9998476951563849413, 0.01745240643764794930 ) ) ;
#3451 = PRESENTATION_STYLE_ASSIGNMENT (( #6818 ) ) ;
#3452 = ORIENTED_EDGE ( 'NONE', *, *, #11699, .T. ) ;
#3453 = UNCERTAINTY_MEASURE_WITH_UNIT (LENGTH_MEASURE( 1.000000000000000082E-05 ), #1998, 'distance_accuracy_value', 'NONE');
#3454 = EDGE_LOOP ( 'NONE', ( #2985, #7806, #11029, #3373, #4397, #7577 ) ) ;
#3455 = DIRECTION ( 'NONE',  ( -1.000000000000000000, 0.0000000000000000000, 0.0000000000000000000 ) ) ;
#3456 = EDGE_CURVE ( 'NONE', #11211, #11035, #5496, .T. ) ;
#3457 = VERTEX_POINT ( 'NONE', #8590 ) ;
#3458 = CARTESIAN_POINT ( 'NONE',  ( -22.82461306416192670, 3.169441229156213957, -11.80562290458155772 ) ) ;
#3460 = VERTEX_POINT ( 'NONE', #7751 ) ;
#3459 = VECTOR ( 'NONE', #8704, 1000.000000000000000 ) ;
#3461 =( NAMED_UNIT ( * ) PLANE_ANGLE_UNIT ( ) SI_UNIT ( $, .RADIAN. ) );
#3462 = AXIS2_PLACEMENT_3D ( 'NONE', #304, #4122, #11775 ) ;
#3463 = ORIENTED_EDGE ( 'NONE', *, *, #996, .T. ) ;
#3464 = AXIS2_PLACEMENT_3D ( 'NONE', #896, #7639, #6762 ) ;
#3465 = DIRECTION ( 'NONE',  ( 0.0000000000000000000, 0.0000000000000000000, -1.000000000000000000 ) ) ;
#3466 = CARTESIAN_POINT ( 'NONE',  ( 51.37002508531249845, 3.062790684334729896, -14.99999999711018006 ) ) ;
#3467 = VECTOR ( 'NONE', #5213, 1000.000000000000114 ) ;
#3468 = AXIS2_PLACEMENT_3D ( 'NONE', #6902, #8808, #10670 ) ;
#3469 =( LENGTH_UNIT ( ) NAMED_UNIT ( * ) SI_UNIT ( .MILLI., .METRE. ) );
#3470 = CARTESIAN_POINT ( 'NONE',  ( -26.50000000000000000, 1.800000000000000044, 5.500000000000000000 ) ) ;
#3471 = COLOUR_RGB ( '',0.7529411764705882248, 0.7529411764705882248, 0.7529411764705882248 ) ;
#3472 = EDGE_CURVE ( 'NONE', #5295, #3219, #9391, .T. ) ;
#3473 = ORIENTED_EDGE ( 'NONE', *, *, #9193, .F. ) ;
#3474 = FACE_OUTER_BOUND ( 'NONE', #2924, .T. ) ;
#3475 = ORIENTED_EDGE ( 'NONE', *, *, #4330, .F. ) ;
#3476 = EDGE_CURVE ( 'NONE', #1831, #108, #3996, .T. ) ;
#3477 = DIRECTION ( 'NONE',  ( 0.0000000000000000000, 1.000000000000000000, 0.0000000000000000000 ) ) ;
#3478 = COLOUR_RGB ( '',0.7529411764705882248, 0.7529411764705882248, 0.7529411764705882248 ) ;
#3479 = DIRECTION ( 'NONE',  ( 0.0000000000000000000, -1.000000000000000000, 0.0000000000000000000 ) ) ;
#3480 = AXIS2_PLACEMENT_3D ( 'NONE', #3528, #11166, #2573 ) ;
#3481 = PLANE ( 'NONE',  #99 ) ;
#3482 = PLANE ( 'NONE',  #11300 ) ;
#3483 =( NAMED_UNIT ( * ) PLANE_ANGLE_UNIT ( ) SI_UNIT ( $, .RADIAN. ) );
#3484 = EDGE_LOOP ( 'NONE', ( #2529, #6821, #2499, #1624 ) ) ;
#3485 = PRESENTATION_STYLE_ASSIGNMENT (( #1823 ) ) ;
#3486 = PRESENTATION_LAYER_ASSIGNMENT (  '', '', ( #12013 ) ) ;
#3487 = STYLED_ITEM ( 'NONE', ( #5131 ), #7099 ) ;
#3488 = DIRECTION ( 'NONE',  ( -0.01745240643729265365, 0.9998476951563911586, 0.0000000000000000000 ) ) ;
#3489 = DIRECTION ( 'NONE',  ( 0.0000000000000000000, -1.000000000000000000, 0.0000000000000000000 ) ) ;
#3490 = COLOUR_RGB ( '',0.7529411764705882248, 0.7529411764705882248, 0.7529411764705882248 ) ;
#3491 = EDGE_LOOP ( 'NONE', ( #2696, #6061, #5175, #5105 ) ) ;
#3493 = ADVANCED_FACE ( 'NONE', ( #9242 ), #9581, .T. ) ;
#3492 = DIRECTION ( 'NONE',  ( -0.0000000000000000000, 0.7071067811865475727, 0.7071067811865475727 ) ) ;
#3494 = CARTESIAN_POINT ( 'NONE',  ( 25.65685424949239746, 2.299999999999999822, -13.79999999999999893 ) ) ;
#3495 = ADVANCED_FACE ( 'NONE', ( #9545 ), #3850, .T. ) ;
#3496 =( GEOMETRIC_REPRESENTATION_CONTEXT ( 3 ) GLOBAL_UNCERTAINTY_ASSIGNED_CONTEXT ( ( #9362 ) ) GLOBAL_UNIT_ASSIGNED_CONTEXT ( ( #667, #6601, #749 ) ) REPRESENTATION_CONTEXT ( 'NONE', 'WORKASPACE' ) );
#3497 = DIRECTION ( 'NONE',  ( -1.820068506126165881E-15, 0.0000000000000000000, -1.000000000000000000 ) ) ;
#3498 = CARTESIAN_POINT ( 'NONE',  ( -32.14999999999999858, 2.299999999999999822, -2.782205948333395185 ) ) ;
#3499 = DIRECTION ( 'NONE',  ( -4.625929269271489858E-16, 0.0000000000000000000, -1.000000000000000000 ) ) ;
#3500 = DIRECTION ( 'NONE',  ( 0.0000000000000000000, 0.0000000000000000000, 1.000000000000000000 ) ) ;
#3501 = FACE_OUTER_BOUND ( 'NONE', #2653, .T. ) ;
#3502 = ORIENTED_EDGE ( 'NONE', *, *, #9827, .F. ) ;
#3503 = COLOUR_RGB ( '',0.7529411764705882248, 0.7529411764705882248, 0.7529411764705882248 ) ;
#3504 = FACE_BOUND ( 'NONE', #1021, .T. ) ;
#3505 = DIRECTION ( 'NONE',  ( 4.442442729652727666E-17, 0.01745240643728355329, 0.9998476951563912696 ) ) ;
#3506 = VERTEX_POINT ( 'NONE', #7675 ) ;
#3507 = SURFACE_STYLE_FILL_AREA ( #2322 ) ;
#3508 = EDGE_CURVE ( 'NONE', #12004, #5759, #8491, .T. ) ;
#3509 = FILL_AREA_STYLE_COLOUR ( '', #9183 ) ;
#3510 = PRESENTATION_STYLE_ASSIGNMENT (( #12030 ) ) ;
#3511 = PRESENTATION_LAYER_ASSIGNMENT (  '', '', ( #4166 ) ) ;
#3512 = PRESENTATION_STYLE_ASSIGNMENT (( #4913 ) ) ;
#3513 = CARTESIAN_POINT ( 'NONE',  ( -44.79932197965934648, -0.4000000000000000222, -7.200000000000000178 ) ) ;
#3514 = ORIENTED_EDGE ( 'NONE', *, *, #1340, .F. ) ;
#3516 = STYLED_ITEM ( 'NONE', ( #3333 ), #9961 ) ;
#3515 = PRODUCT ( 'Herelink_Airunit_Antenna', 'Herelink_Airunit_Antenna', '', ( #6047 ) ) ;
#3517 = PRESENTATION_STYLE_ASSIGNMENT (( #11174 ) ) ;
#3518 = ORIENTED_EDGE ( 'NONE', *, *, #6693, .T. ) ;
#3519 = FILL_AREA_STYLE_COLOUR ( '', #5499 ) ;
#3520 = FILL_AREA_STYLE ('',( #1526 ) ) ;
#3521 = VERTEX_POINT ( 'NONE', #6751 ) ;
#3522 = DIRECTION ( 'NONE',  ( 2.312964634635744929E-16, -3.486305596842109938E-32, 1.000000000000000000 ) ) ;
#3523 = FACE_OUTER_BOUND ( 'NONE', #11651, .T. ) ;
#3524 = FILL_AREA_STYLE ('',( #4633 ) ) ;
#3525 = FACE_OUTER_BOUND ( 'NONE', #7121, .T. ) ;
#3526 = EDGE_LOOP ( 'NONE', ( #7276, #12253, #6367, #6646 ) ) ;
#3527 =( GEOMETRIC_REPRESENTATION_CONTEXT ( 3 ) GLOBAL_UNCERTAINTY_ASSIGNED_CONTEXT ( ( #12126 ) ) GLOBAL_UNIT_ASSIGNED_CONTEXT ( ( #143, #10793, #2138 ) ) REPRESENTATION_CONTEXT ( 'NONE', 'WORKASPACE' ) );
#3528 = CARTESIAN_POINT ( 'NONE',  ( 25.65685424949239746, 3.405465559969194977, -10.00000000000000000 ) ) ;
#3529 = EDGE_LOOP ( 'NONE', ( #8241, #12161, #2626, #11668, #11078, #1842 ) ) ;
#3530 = STYLED_ITEM ( 'NONE', ( #9684 ), #5952 ) ;
#3531 = PRESENTATION_STYLE_ASSIGNMENT (( #6450 ) ) ;
#3532 = COLOUR_RGB ( '',0.7529411764705882248, 0.7529411764705882248, 0.7529411764705882248 ) ;
#3533 = STYLED_ITEM ( 'NONE', ( #1318 ), #11389 ) ;
#3534 =( NAMED_UNIT ( * ) PLANE_ANGLE_UNIT ( ) SI_UNIT ( $, .RADIAN. ) );
#3535 = LINE ( 'NONE', #5036, #2329 ) ;
#3536 = CARTESIAN_POINT ( 'NONE',  ( -27.15000000000000213, 2.299999999999999822, 6.150000000000080291 ) ) ;
#3537 =( NAMED_UNIT ( * ) SI_UNIT ( $, .STERADIAN. ) SOLID_ANGLE_UNIT ( ) );
#3538 = EDGE_CURVE ( 'NONE', #5634, #1704, #2341, .T. ) ;
#3539 = VERTEX_POINT ( 'NONE', #1824 ) ;
#3540 =( GEOMETRIC_REPRESENTATION_CONTEXT ( 3 ) GLOBAL_UNCERTAINTY_ASSIGNED_CONTEXT ( ( #9903 ) ) GLOBAL_UNIT_ASSIGNED_CONTEXT ( ( #4159, #9997, #9958 ) ) REPRESENTATION_CONTEXT ( 'NONE', 'WORKASPACE' ) );
#3541 = DIRECTION ( 'NONE',  ( 0.0000000000000000000, 0.0000000000000000000, 1.000000000000000000 ) ) ;
#3542 = ORIENTED_EDGE ( 'NONE', *, *, #3353, .T. ) ;
#3543 = CARTESIAN_POINT ( 'NONE',  ( 23.50000000000000000, 1.800000000000000044, -5.299999999999999822 ) ) ;
#3544 = CARTESIAN_POINT ( 'NONE',  ( -52.50000000000000000, -0.1000000000000000056, -11.41006226146289926 ) ) ;
#3545 = COLOUR_RGB ( '',0.7529411764705882248, 0.7529411764705882248, 0.7529411764705882248 ) ;
#3546 = VECTOR ( 'NONE', #11246, 1000.000000000000000 ) ;
#3547 = CARTESIAN_POINT ( 'NONE',  ( 26.50000000000000000, 0.7999999999999999334, -13.19999999999999929 ) ) ;
#3548 = DIRECTION ( 'NONE',  ( 0.0000000000000000000, -0.9998476951563911586, -0.01745240643728354982 ) ) ;
#3549 =( NAMED_UNIT ( * ) PLANE_ANGLE_UNIT ( ) SI_UNIT ( $, .RADIAN. ) );
#3550 = EDGE_LOOP ( 'NONE', ( #6690, #2474, #1446, #6919 ) ) ;
#3551 = STYLED_ITEM ( 'NONE', ( #757 ), #6776 ) ;
#3552 = EDGE_CURVE ( 'NONE', #8350, #6258, #3400, .T. ) ;
#3553 = FACE_OUTER_BOUND ( 'NONE', #8972, .T. ) ;
#3554 = SURFACE_SIDE_STYLE ('',( #7194 ) ) ;
#3555 = LINE ( 'NONE', #5184, #12343 ) ;
#3556 = SURFACE_STYLE_USAGE ( .BOTH. , #11369 ) ;
#3557 =( NAMED_UNIT ( * ) SI_UNIT ( $, .STERADIAN. ) SOLID_ANGLE_UNIT ( ) );
#3558 = ADVANCED_FACE ( 'NONE', ( #1727, #9083, #11597, #5949, #4903, #8749 ), #4982, .F. ) ;
#3559 = UNCERTAINTY_MEASURE_WITH_UNIT (LENGTH_MEASURE( 1.000000000000000082E-05 ), #9007, 'distance_accuracy_value', 'NONE');
#3560 = DIRECTION ( 'NONE',  ( -0.5773502691896241767, 0.5773502691896260641, -0.5773502691896270633 ) ) ;
#3561 = MECHANICAL_DESIGN_GEOMETRIC_PRESENTATION_REPRESENTATION (  '', ( #10838 ), #8062 ) ;
#3562 =( NAMED_UNIT ( * ) PLANE_ANGLE_UNIT ( ) SI_UNIT ( $, .RADIAN. ) );
#3563 = DIRECTION ( 'NONE',  ( 0.0000000000000000000, 0.0000000000000000000, 1.000000000000000000 ) ) ;
#3564 = SURFACE_STYLE_USAGE ( .BOTH. , #11120 ) ;
#3565 = TOROIDAL_SURFACE ( 'NONE', #1227, 0.2545558999690699653, 0.4000000000000000222 ) ;
#3566 = STYLED_ITEM ( 'NONE', ( #1265 ), #504 ) ;
#3567 = VERTEX_POINT ( 'NONE', #8548 ) ;
#3568 = LINE ( 'NONE', #3021, #9419 ) ;
#3569 = SURFACE_SIDE_STYLE ('',( #11463 ) ) ;
#3570 =( LENGTH_UNIT ( ) NAMED_UNIT ( * ) SI_UNIT ( .MILLI., .METRE. ) );
#3571 = SURFACE_STYLE_FILL_AREA ( #874 ) ;
#3572 = SURFACE_STYLE_FILL_AREA ( #7640 ) ;
#3573 = FILL_AREA_STYLE_COLOUR ( '', #4747 ) ;
#3574 = FILL_AREA_STYLE ('',( #2497 ) ) ;
#3575 = SURFACE_STYLE_FILL_AREA ( #12358 ) ;
#3576 = EDGE_CURVE ( 'NONE', #10835, #1122, #6578, .T. ) ;
#3577 = DIRECTION ( 'NONE',  ( 1.000000000000000000, 9.866991275461193713E-16, -1.973398255092238743E-15 ) ) ;
#3578 = ORIENTED_EDGE ( 'NONE', *, *, #7003, .F. ) ;
#3579 = EDGE_LOOP ( 'NONE', ( #7792, #3339, #11430, #1863, #5257 ) ) ;
#3580 = ORIENTED_EDGE ( 'NONE', *, *, #11312, .T. ) ;
#3581 = EDGE_LOOP ( 'NONE', ( #11038, #8693, #6769, #11504 ) ) ;
#3582 = MECHANICAL_DESIGN_GEOMETRIC_PRESENTATION_REPRESENTATION (  '', ( #2952 ), #580 ) ;
#3583 = ORIENTED_EDGE ( 'NONE', *, *, #11529, .T. ) ;
#3584 =( NAMED_UNIT ( * ) PLANE_ANGLE_UNIT ( ) SI_UNIT ( $, .RADIAN. ) );
#3585 = FACE_OUTER_BOUND ( 'NONE', #7596, .T. ) ;
#3586 =( NAMED_UNIT ( * ) PLANE_ANGLE_UNIT ( ) SI_UNIT ( $, .RADIAN. ) );
#3587 = CARTESIAN_POINT ( 'NONE',  ( 22.07417989148054716, 2.089160432414680191, -11.26666666666666039 ) ) ;
#3588 = FILL_AREA_STYLE ('',( #7380 ) ) ;
#3589 = ORIENTED_EDGE ( 'NONE', *, *, #7632, .T. ) ;
#3590 = FILL_AREA_STYLE_COLOUR ( '', #3490 ) ;
#3591 = SURFACE_STYLE_USAGE ( .BOTH. , #6480 ) ;
#3592 = CARTESIAN_POINT ( 'NONE',  ( 51.29289321881350361, 2.500000000000000000, -14.44102006380132153 ) ) ;
#3594 = EDGE_LOOP ( 'NONE', ( #7831, #6467, #7137, #11997 ) ) ;
#3593 = FACE_OUTER_BOUND ( 'NONE', #6687, .T. ) ;
#3595 = ORIENTED_EDGE ( 'NONE', *, *, #1609, .T. ) ;
#3596 = ORIENTED_EDGE ( 'NONE', *, *, #11281, .T. ) ;
#3597 = EDGE_CURVE ( 'NONE', #10336, #1100, #11468, .T. ) ;
#3598 = UNCERTAINTY_MEASURE_WITH_UNIT (LENGTH_MEASURE( 1.000000000000000082E-05 ), #7925, 'distance_accuracy_value', 'NONE');
#3599 = AXIS2_PLACEMENT_3D ( 'NONE', #3384, #6375, #11047 ) ;
#3600 = UNCERTAINTY_MEASURE_WITH_UNIT (LENGTH_MEASURE( 1.000000000000000082E-05 ), #1643, 'distance_accuracy_value', 'NONE');
#3601 = CARTESIAN_POINT ( 'NONE',  ( 22.89189215582774750, 1.199999999999999956, -5.299999999999999822 ) ) ;
#3602 = VERTEX_POINT ( 'NONE', #2118 ) ;
#3603 = SURFACE_STYLE_FILL_AREA ( #3524 ) ;
#3604 =( GEOMETRIC_REPRESENTATION_CONTEXT ( 3 ) GLOBAL_UNCERTAINTY_ASSIGNED_CONTEXT ( ( #263 ) ) GLOBAL_UNIT_ASSIGNED_CONTEXT ( ( #5345, #3461, #4424 ) ) REPRESENTATION_CONTEXT ( 'NONE', 'WORKASPACE' ) );
#3605 = CARTESIAN_POINT ( 'NONE',  ( -47.50000000000000000, 0.7999999998176460236, 10.00000000000000000 ) ) ;
#3606 = CIRCLE ( 'NONE', #2569, 5.000000000000000000 ) ;
#3607 = CARTESIAN_POINT ( 'NONE',  ( -28.10102051443364957, 3.500000000000000000, -15.00000000000000000 ) ) ;
#3608 = VERTEX_POINT ( 'NONE', #4104 ) ;
#3609 = TOROIDAL_SURFACE ( 'NONE', #9939, 4.500000000000000000, 0.5000000000000210942 ) ;
#3610 = EDGE_CURVE ( 'NONE', #2243, #4889, #5506, .T. ) ;
#3611 = SURFACE_STYLE_FILL_AREA ( #3386 ) ;
#3612 = EDGE_CURVE ( 'NONE', #2991, #3346, #1582, .T. ) ;
#3613 = DIRECTION ( 'NONE',  ( 0.0000000000000000000, -1.000000000000000000, 0.0000000000000000000 ) ) ;
#3614 = DIRECTION ( 'NONE',  ( -1.238046920028749971E-16, -1.000000000000000000, 0.0000000000000000000 ) ) ;
#3615 = FACE_BOUND ( 'NONE', #3941, .T. ) ;
#3616 = SURFACE_SIDE_STYLE ('',( #11154 ) ) ;
#3617 = DIRECTION ( 'NONE',  ( -1.000000000000000000, 0.0000000000000000000, 0.0000000000000000000 ) ) ;
#3619 = ADVANCED_FACE ( 'NONE', ( #3553 ), #5210, .T. ) ;
#3618 = CARTESIAN_POINT ( 'NONE',  ( -26.23464948917521866, 0.3156208998217332473, -7.054774115669608214 ) ) ;
#3620 =( GEOMETRIC_REPRESENTATION_CONTEXT ( 3 ) GLOBAL_UNCERTAINTY_ASSIGNED_CONTEXT ( ( #5343 ) ) GLOBAL_UNIT_ASSIGNED_CONTEXT ( ( #6618, #11340, #1803 ) ) REPRESENTATION_CONTEXT ( 'NONE', 'WORKASPACE' ) );
#3621 = ORIENTED_EDGE ( 'NONE', *, *, #6976, .T. ) ;
#3622 = ORIENTED_EDGE ( 'NONE', *, *, #4998, .F. ) ;
#3623 = DIRECTION ( 'NONE',  ( -0.01745240643728355329, 0.9998476951563912696, 0.0000000000000000000 ) ) ;
#3624 = MECHANICAL_DESIGN_GEOMETRIC_PRESENTATION_REPRESENTATION (  '', ( #2989 ), #3868 ) ;
#3625 = DIRECTION ( 'NONE',  ( -9.250304320744869352E-16, 1.000000000000000000, -6.023345402706629233E-17 ) ) ;
#3626 = DIRECTION ( 'NONE',  ( 0.0000000000000000000, 0.0000000000000000000, -1.000000000000000000 ) ) ;
#3627 = VECTOR ( 'NONE', #766, 1000.000000000000114 ) ;
#3628 =( NAMED_UNIT ( * ) SI_UNIT ( $, .STERADIAN. ) SOLID_ANGLE_UNIT ( ) );
#3629 = EDGE_CURVE ( 'NONE', #1976, #11205, #11194, .T. ) ;
#3630 = VECTOR ( 'NONE', #6390, 1000.000000000000000 ) ;
#3631 = EDGE_CURVE ( 'NONE', #8485, #483, #4914, .T. ) ;
#3632 = EDGE_LOOP ( 'NONE', ( #11860, #7482, #1776, #9279 ) ) ;
#3633 = CARTESIAN_POINT ( 'NONE',  ( 25.17854103316264869, -1.200000000012820145, 4.849999999999780265 ) ) ;
#3634 =( LENGTH_UNIT ( ) NAMED_UNIT ( * ) SI_UNIT ( .MILLI., .METRE. ) );
#3635 = FACE_OUTER_BOUND ( 'NONE', #11655, .T. ) ;
#3636 = AXIS2_PLACEMENT_3D ( 'NONE', #7447, #11358, #3662 ) ;
#3637 = DIRECTION ( 'NONE',  ( 0.0000000000000000000, -1.000000000000000000, 0.0000000000000000000 ) ) ;
#3638 =( NAMED_UNIT ( * ) PLANE_ANGLE_UNIT ( ) SI_UNIT ( $, .RADIAN. ) );
#3639 = VECTOR ( 'NONE', #2944, 1000.000000000000000 ) ;
#3640 = UNCERTAINTY_MEASURE_WITH_UNIT (LENGTH_MEASURE( 1.000000000000000082E-05 ), #10410, 'distance_accuracy_value', 'NONE');
#3641 =( NAMED_UNIT ( * ) PLANE_ANGLE_UNIT ( ) SI_UNIT ( $, .RADIAN. ) );
#3642 = MECHANICAL_DESIGN_GEOMETRIC_PRESENTATION_REPRESENTATION (  '', ( #4936 ), #10207 ) ;
#3643 = AXIS2_PLACEMENT_3D ( 'NONE', #3153, #4996, #6939 ) ;
#3644 =( NAMED_UNIT ( * ) PLANE_ANGLE_UNIT ( ) SI_UNIT ( $, .RADIAN. ) );
#3645 = ORIENTED_EDGE ( 'NONE', *, *, #5369, .T. ) ;
#3646 = PLANE ( 'NONE',  #12239 ) ;
#3647 = CARTESIAN_POINT ( 'NONE',  ( 24.14127246753590228, 1.800000000000000044, -7.466272467535899793 ) ) ;
#3648 = UNCERTAINTY_MEASURE_WITH_UNIT (LENGTH_MEASURE( 1.000000000000000082E-05 ), #1476, 'distance_accuracy_value', 'NONE');
#3649 = FACE_OUTER_BOUND ( 'NONE', #3083, .T. ) ;
#3650 = PRESENTATION_STYLE_ASSIGNMENT (( #3075 ) ) ;
#3651 = LINE ( 'NONE', #7975, #8019 ) ;
#3652 = CARTESIAN_POINT ( 'NONE',  ( -51.60000000000000142, -1.500000000000000000, -5.599632742307179889 ) ) ;
#3653 = ORIENTED_EDGE ( 'NONE', *, *, #184, .T. ) ;
#3654 = COLOUR_RGB ( '',0.7529411764705882248, 0.7529411764705882248, 0.7529411764705882248 ) ;
#3655 = CARTESIAN_POINT ( 'NONE',  ( -68.60321982055950230, 1.200000000000728040, 6.108107844172259604 ) ) ;
#3656 = AXIS2_PLACEMENT_3D ( 'NONE', #2158, #9819, #204 ) ;
#3657 =( GEOMETRIC_REPRESENTATION_CONTEXT ( 3 ) GLOBAL_UNCERTAINTY_ASSIGNED_CONTEXT ( ( #4222 ) ) GLOBAL_UNIT_ASSIGNED_CONTEXT ( ( #35, #112, #4788 ) ) REPRESENTATION_CONTEXT ( 'NONE', 'WORKASPACE' ) );
#3658 = CARTESIAN_POINT ( 'NONE',  ( -25.06102051443364687, -11.78862234750974025, -12.27999999999999936 ) ) ;
#3659 = VERTEX_POINT ( 'NONE', #6881 ) ;
#3660 = FILL_AREA_STYLE ('',( #10519 ) ) ;
#3661 = ORIENTED_EDGE ( 'NONE', *, *, #1249, .F. ) ;
#3662 = DIRECTION ( 'NONE',  ( 1.000000000000000000, 0.0000000000000000000, 0.0000000000000000000 ) ) ;
#3663 = VECTOR ( 'NONE', #1920, 1000.000000000000114 ) ;
#3664 = ORIENTED_EDGE ( 'NONE', *, *, #9319, .F. ) ;
#3665 = UNCERTAINTY_MEASURE_WITH_UNIT (LENGTH_MEASURE( 1.000000000000000082E-05 ), #10715, 'distance_accuracy_value', 'NONE');
#3666 = DIRECTION ( 'NONE',  ( 0.0000000000000000000, -1.000000000000000000, 0.0000000000000000000 ) ) ;
#3667 = ORIENTED_EDGE ( 'NONE', *, *, #114, .T. ) ;
#3668 = EDGE_CURVE ( 'NONE', #6034, #10411, #8059, .T. ) ;
#3669 =( NAMED_UNIT ( * ) SI_UNIT ( $, .STERADIAN. ) SOLID_ANGLE_UNIT ( ) );
#3670 = FILL_AREA_STYLE ('',( #2843 ) ) ;
#3671 = VECTOR ( 'NONE', #11212, 1000.000000000000114 ) ;
#3672 = FILL_AREA_STYLE ('',( #8498 ) ) ;
#3673 = ORIENTED_EDGE ( 'NONE', *, *, #10253, .T. ) ;
#3674 = FACE_OUTER_BOUND ( 'NONE', #3011, .T. ) ;
#3675 = AXIS2_PLACEMENT_3D ( 'NONE', #833, #11556, #10564 ) ;
#3676 = ADVANCED_FACE ( 'NONE', ( #2356 ), #12047, .T. ) ;
#3677 = DIRECTION ( 'NONE',  ( -0.9998476951563912696, 0.01745240643728355329, 0.0000000000000000000 ) ) ;
#3679 = B_SPLINE_CURVE_WITH_KNOTS ( 'NONE', 3,
 ( #7533, #825, #10518, #5767 ),
 .UNSPECIFIED., .F., .F.,
 ( 4, 4 ),
 ( 5.813753792268579727E-16, 0.002400540168334219879 ),
 .UNSPECIFIED. ) ;
#3678 = AXIS2_PLACEMENT_3D ( 'NONE', #10959, #5260, #10918 ) ;
#3680 = DIRECTION ( 'NONE',  ( -2.312964634635744929E-16, 0.0000000000000000000, -1.000000000000000000 ) ) ;
#3681 = ADVANCED_FACE ( 'NONE', ( #5962 ), #3387, .T. ) ;
#3682 = VECTOR ( 'NONE', #5110, 1000.000000000000000 ) ;
#3683 = FILL_AREA_STYLE ('',( #4119 ) ) ;
#3684 = VERTEX_POINT ( 'NONE', #9981 ) ;
#3685 = ORIENTED_EDGE ( 'NONE', *, *, #4009, .F. ) ;
#3686 =( NAMED_UNIT ( * ) SI_UNIT ( $, .STERADIAN. ) SOLID_ANGLE_UNIT ( ) );
#3687 = COLOUR_RGB ( '',0.7529411764705882248, 0.7529411764705882248, 0.7529411764705882248 ) ;
#3688 = VECTOR ( 'NONE', #10450, 1000.000000000000000 ) ;
#3689 =( LENGTH_UNIT ( ) NAMED_UNIT ( * ) SI_UNIT ( .MILLI., .METRE. ) );
#3690 =( NAMED_UNIT ( * ) SI_UNIT ( $, .STERADIAN. ) SOLID_ANGLE_UNIT ( ) );
#3691 = FACE_OUTER_BOUND ( 'NONE', #3371, .T. ) ;
#3692 = CARTESIAN_POINT ( 'NONE',  ( -47.50000000000000000, -1.500000000012019941, 14.10000000001469900 ) ) ;
#3693 = AXIS2_PLACEMENT_3D ( 'NONE', #273, #11785, #8023 ) ;
#3694 = CARTESIAN_POINT ( 'NONE',  ( -20.10102051443365312, 3.405465559969194977, -11.00000000000000000 ) ) ;
#3695 = LINE ( 'NONE', #716, #8495 ) ;
#3696 = PRESENTATION_LAYER_ASSIGNMENT (  '', '', ( #3222 ) ) ;
#3697 = ORIENTED_EDGE ( 'NONE', *, *, #10517, .F. ) ;
#3698 = ORIENTED_EDGE ( 'NONE', *, *, #9796, .T. ) ;
#3699 = STYLED_ITEM ( 'NONE', ( #2407 ), #11259 ) ;
#3700 = CARTESIAN_POINT ( 'NONE',  ( 23.50000000000000000, -0.3069809625912964801, -4.645505021967370141 ) ) ;
#3701 =( NAMED_UNIT ( * ) SI_UNIT ( $, .STERADIAN. ) SOLID_ANGLE_UNIT ( ) );
#3702 = EDGE_CURVE ( 'NONE', #5449, #7684, #8646, .T. ) ;
#3703 = SURFACE_STYLE_USAGE ( .BOTH. , #7488 ) ;
#3704 = EDGE_CURVE ( 'NONE', #6482, #8776, #4461, .T. ) ;
#3705 = DIRECTION ( 'NONE',  ( 1.000000000000000000, 0.0000000000000000000, 0.0000000000000000000 ) ) ;
#3706 = VECTOR ( 'NONE', #5298, 1000.000000000000000 ) ;
#3707 = CARTESIAN_POINT ( 'NONE',  ( 37.63824873692700379, 2.299999999999999822, -2.782205948333395185 ) ) ;
#3708 =( LENGTH_UNIT ( ) NAMED_UNIT ( * ) SI_UNIT ( .MILLI., .METRE. ) );
#3709 = AXIS2_PLACEMENT_3D ( 'NONE', #10020, #7160, #8124 ) ;
#3710 = FILL_AREA_STYLE ('',( #881 ) ) ;
#3711 = COLOUR_RGB ( '',0.7529411764705882248, 0.7529411764705882248, 0.7529411764705882248 ) ;
#3712 = DIRECTION ( 'NONE',  ( 0.9998476951563912696, 0.01745240643728355329, -2.990447015843268597E-16 ) ) ;
#3713 = CARTESIAN_POINT ( 'NONE',  ( 25.15932519075785123, 0.4000010255224393796, 6.122071878214289775 ) ) ;
#3714 = SURFACE_STYLE_FILL_AREA ( #1820 ) ;
#3715 = PRESENTATION_LAYER_ASSIGNMENT (  '', '', ( #885 ) ) ;
#3716 = SURFACE_STYLE_FILL_AREA ( #11694 ) ;
#3717 =( GEOMETRIC_REPRESENTATION_CONTEXT ( 3 ) GLOBAL_UNCERTAINTY_ASSIGNED_CONTEXT ( ( #11557 ) ) GLOBAL_UNIT_ASSIGNED_CONTEXT ( ( #3848, #9660, #3973 ) ) REPRESENTATION_CONTEXT ( 'NONE', 'WORKASPACE' ) );
#3718 = CARTESIAN_POINT ( 'NONE',  ( -68.60321982055950230, -1.200000000000000178, 21.39567676978599664 ) ) ;
#3719 = FILL_AREA_STYLE ('',( #9339 ) ) ;
#3720 = DIRECTION ( 'NONE',  ( 5.551115123125780730E-16, 0.0000000000000000000, 1.000000000000000000 ) ) ;
#3721 = LINE ( 'NONE', #4288, #8223 ) ;
#3722 = PRESENTATION_STYLE_ASSIGNMENT (( #3062 ) ) ;
#3723 = SURFACE_STYLE_USAGE ( .BOTH. , #9472 ) ;
#3724 = FILL_AREA_STYLE ('',( #9587 ) ) ;
#3725 = CARTESIAN_POINT ( 'NONE',  ( 23.50000000000000000, 1.799999999946064966, 5.500000000000079048 ) ) ;
#3726 = FACE_OUTER_BOUND ( 'NONE', #9654, .T. ) ;
#3727 = SURFACE_SIDE_STYLE ('',( #5657 ) ) ;
#3728 = ORIENTED_EDGE ( 'NONE', *, *, #1429, .T. ) ;
#3729 = STYLED_ITEM ( 'NONE', ( #685 ), #4644 ) ;
#3730 = ORIENTED_EDGE ( 'NONE', *, *, #12072, .T. ) ;
#3731 = LINE ( 'NONE', #44, #7187 ) ;
#3732 =( NAMED_UNIT ( * ) SI_UNIT ( $, .STERADIAN. ) SOLID_ANGLE_UNIT ( ) );
#3733 = DIRECTION ( 'NONE',  ( 1.000000000000000000, 0.0000000000000000000, -1.826024711554534838E-17 ) ) ;
#3734 = ORIENTED_EDGE ( 'NONE', *, *, #8536, .F. ) ;
#3735 = ORIENTED_EDGE ( 'NONE', *, *, #4494, .T. ) ;
#3736 = MECHANICAL_DESIGN_GEOMETRIC_PRESENTATION_REPRESENTATION (  '', ( #8068 ), #5912 ) ;
#3737 = DIRECTION ( 'NONE',  ( 0.0000000000000000000, 0.0000000000000000000, 1.000000000000000000 ) ) ;
#3738 = SURFACE_STYLE_FILL_AREA ( #4983 ) ;
#3739 = ORIENTED_EDGE ( 'NONE', *, *, #12376, .T. ) ;
#3740 = VERTEX_POINT ( 'NONE', #11958 ) ;
#3741 = EDGE_LOOP ( 'NONE', ( #6174, #7665, #5786, #11896 ) ) ;
#3742 = FILL_AREA_STYLE_COLOUR ( '', #11590 ) ;
#3743 = ADVANCED_FACE ( 'NONE', ( #2648 ), #5805, .T. ) ;
#3744 = ORIENTED_EDGE ( 'NONE', *, *, #4494, .F. ) ;
#3745 = DIRECTION ( 'NONE',  ( -1.000000000000000000, 0.0000000000000000000, 0.0000000000000000000 ) ) ;
#3746 = CARTESIAN_POINT ( 'NONE',  ( -49.73491012985650173, 0.7999999999999999334, -12.23491012985641824 ) ) ;
#3747 = EDGE_LOOP ( 'NONE', ( #11807, #8056, #4810, #6160 ) ) ;
#3748 = VECTOR ( 'NONE', #3450, 999.9999999999998863 ) ;
#3749 = EDGE_CURVE ( 'NONE', #5884, #11602, #9541, .T. ) ;
#3750 = SURFACE_SIDE_STYLE ('',( #3879 ) ) ;
#3751 = DIRECTION ( 'NONE',  ( 0.0000000000000000000, 0.0000000000000000000, -1.000000000000000000 ) ) ;
#3752 = AXIS2_PLACEMENT_3D ( 'NONE', #10070, #6385, #1558 ) ;
#3753 = UNCERTAINTY_MEASURE_WITH_UNIT (LENGTH_MEASURE( 1.000000000000000082E-05 ), #7250, 'distance_accuracy_value', 'NONE');
#3754 = EDGE_LOOP ( 'NONE', ( #11866, #6683, #562, #9400 ) ) ;
#3755 = AXIS2_PLACEMENT_3D ( 'NONE', #9018, #1327, #6240 ) ;
#3756 = ORIENTED_EDGE ( 'NONE', *, *, #2536, .T. ) ;
#3757 = CARTESIAN_POINT ( 'NONE',  ( -28.69999999999999929, -0.2000000000000000389, -13.19999999999999929 ) ) ;
#3758 = CARTESIAN_POINT ( 'NONE',  ( -499050.0999999999767, -499000.0000000000000, 10.00000000053486104 ) ) ;
#3759 = DIRECTION ( 'NONE',  ( 0.0000000000000000000, -1.713486920322220260E-14, -1.000000000000000000 ) ) ;
#3760 = SURFACE_STYLE_USAGE ( .BOTH. , #2800 ) ;
#3761 = DIRECTION ( 'NONE',  ( 6.166869547165669353E-17, -1.000000000000000000, 0.0000000000000000000 ) ) ;
#3762 = B_SPLINE_CURVE_WITH_KNOTS ( 'NONE', 3,
 ( #9630, #8633, #1830, #10575 ),
 .UNSPECIFIED., .F., .F.,
 ( 4, 4 ),
 ( 4.073002259157029750E-16, 0.002400540168335214743 ),
 .UNSPECIFIED. ) ;
#3763 =( LENGTH_UNIT ( ) NAMED_UNIT ( * ) SI_UNIT ( .MILLI., .METRE. ) );
#3764 = ORIENTED_EDGE ( 'NONE', *, *, #765, .F. ) ;
#3765 = CONICAL_SURFACE ( 'NONE', #10577, 4.999999999986361132, 0.7853981633690261255 ) ;
#3766 = ORIENTED_EDGE ( 'NONE', *, *, #996, .F. ) ;
#3767 = CARTESIAN_POINT ( 'NONE',  ( -24.85040973524100139, 1.200000000001091971, -5.908107844172260315 ) ) ;
#3768 = EDGE_CURVE ( 'NONE', #6378, #784, #9830, .T. ) ;
#3769 = PRESENTATION_LAYER_ASSIGNMENT (  '', '', ( #514 ) ) ;
#3770 = FACE_OUTER_BOUND ( 'NONE', #1214, .T. ) ;
#3771 = AXIS2_PLACEMENT_3D ( 'NONE', #4932, #10522, #998 ) ;
#3772 = DIRECTION ( 'NONE',  ( 4.625929269271489858E-16, 0.0000000000000000000, 1.000000000000000000 ) ) ;
#3773 = UNCERTAINTY_MEASURE_WITH_UNIT (LENGTH_MEASURE( 1.000000000000000082E-05 ), #11877, 'distance_accuracy_value', 'NONE');
#3774 = AXIS2_PLACEMENT_3D ( 'NONE', #5286, #7169, #4395 ) ;
#3775 = COLOUR_RGB ( '',1.000000000000000000, 1.000000000000000000, 1.000000000000000000 ) ;
#3776 = CARTESIAN_POINT ( 'NONE',  ( 23.50000000000000000, 1.199999999999999956, -4.500000000000000000 ) ) ;
#3777 = EDGE_CURVE ( 'NONE', #5619, #10627, #11749, .T. ) ;
#3778 = SURFACE_SIDE_STYLE ('',( #3575 ) ) ;
#3779 = CARTESIAN_POINT ( 'NONE',  ( -8.644413342030370373, 3.500000000000000000, 6.139804780524760197 ) ) ;
#3780 = ORIENTED_EDGE ( 'NONE', *, *, #12361, .T. ) ;
#3781 = AXIS2_PLACEMENT_3D ( 'NONE', #707, #7464, #11277 ) ;
#3782 = CARTESIAN_POINT ( 'NONE',  ( -27.15000000000000213, -1.200000000015390089, 3.821458966840634908 ) ) ;
#3783 = SURFACE_STYLE_FILL_AREA ( #5817 ) ;
#3784 = CARTESIAN_POINT ( 'NONE',  ( -52.20000000000000284, -1.199999999999999956, -14.69999999999999929 ) ) ;
#3785 =( GEOMETRIC_REPRESENTATION_CONTEXT ( 3 ) GLOBAL_UNCERTAINTY_ASSIGNED_CONTEXT ( ( #1956 ) ) GLOBAL_UNIT_ASSIGNED_CONTEXT ( ( #4795, #8667, #11436 ) ) REPRESENTATION_CONTEXT ( 'NONE', 'WORKASPACE' ) );
#3786 = FACE_OUTER_BOUND ( 'NONE', #8088, .T. ) ;
#3787 = DIRECTION ( 'NONE',  ( 0.0000000000000000000, -1.000000000000000000, 0.0000000000000000000 ) ) ;
#3788 = DIRECTION ( 'NONE',  ( 0.01745240643728354982, 0.9998476951563911586, 0.0000000000000000000 ) ) ;
#3789 = ORIENTED_EDGE ( 'NONE', *, *, #6636, .T. ) ;
#3790 = AXIS2_PLACEMENT_3D ( 'NONE', #10187, #12130, #11145 ) ;
#3791 =( LENGTH_UNIT ( ) NAMED_UNIT ( * ) SI_UNIT ( .MILLI., .METRE. ) );
#3792 = EDGE_CURVE ( 'NONE', #4768, #9522, #1263, .T. ) ;
#3793 = EDGE_CURVE ( 'NONE', #9346, #7746, #11437, .T. ) ;
#3794 = DIRECTION ( 'NONE',  ( 0.01745240643754454243, 0.9998476951563866066, 1.068651684057879526E-18 ) ) ;
#3795 = UNCERTAINTY_MEASURE_WITH_UNIT (LENGTH_MEASURE( 1.000000000000000082E-05 ), #5931, 'distance_accuracy_value', 'NONE');
#3796 = DIRECTION ( 'NONE',  ( 0.0000000000000000000, -0.7071067811865480168, -0.7071067811865470176 ) ) ;
#3797 = SURFACE_SIDE_STYLE ('',( #7519 ) ) ;
#3798 = AXIS2_PLACEMENT_3D ( 'NONE', #575, #11998, #6343 ) ;
#3799 = CARTESIAN_POINT ( 'NONE',  ( -68.60321982055950230, -1.200000000000000178, -5.950000000000000178 ) ) ;
#3800 = SURFACE_SIDE_STYLE ('',( #1885 ) ) ;
#3801 = ORIENTED_EDGE ( 'NONE', *, *, #8735, .F. ) ;
#3802 = COLOUR_RGB ( '',0.7529411764705882248, 0.7529411764705882248, 0.7529411764705882248 ) ;
#3803 = CARTESIAN_POINT ( 'NONE',  ( -26.50000000000000000, -0.3069809625912964801, -5.299999999999919886 ) ) ;
#3804 = ADVANCED_FACE ( 'NONE', ( #6712 ), #1456, .F. ) ;
#3805 =( GEOMETRIC_REPRESENTATION_CONTEXT ( 3 ) GLOBAL_UNCERTAINTY_ASSIGNED_CONTEXT ( ( #3600 ) ) GLOBAL_UNIT_ASSIGNED_CONTEXT ( ( #1643, #8362, #4561 ) ) REPRESENTATION_CONTEXT ( 'NONE', 'WORKASPACE' ) );
#3806 = AXIS2_PLACEMENT_3D ( 'NONE', #2704, #773, #11503 ) ;
#3808 = ORIENTED_EDGE ( 'NONE', *, *, #591, .T. ) ;
#3807 = STYLED_ITEM ( 'NONE', ( #11167 ), #12116 ) ;
#3809 = FACE_OUTER_BOUND ( 'NONE', #3529, .T. ) ;
#3810 = CARTESIAN_POINT ( 'NONE',  ( 40.85271712659609733, 3.500000000000000000, -0.4014953830378580335 ) ) ;
#3811 = ORIENTED_EDGE ( 'NONE', *, *, #4921, .F. ) ;
#3812 = DIRECTION ( 'NONE',  ( 0.0000000000000000000, 0.01745240643728355329, -0.9998476951563912696 ) ) ;
#3813 = CARTESIAN_POINT ( 'NONE',  ( 37.63824873692700379, 3.433012701882700135, 1.467794051683064094 ) ) ;
#3814 = VERTEX_POINT ( 'NONE', #11093 ) ;
#3815 = CARTESIAN_POINT ( 'NONE',  ( 23.50000000000000000, 1.200000000001454792, 5.500000000000000000 ) ) ;
#3816 =( LENGTH_UNIT ( ) NAMED_UNIT ( * ) SI_UNIT ( .MILLI., .METRE. ) );
#3817 = CARTESIAN_POINT ( 'NONE',  ( 25.86108936504195199, 3.500000000000000000, 1.511836937010295090 ) ) ;
#3818 = EDGE_LOOP ( 'NONE', ( #5191, #11796, #6473, #7126 ) ) ;
#3819 = CIRCLE ( 'NONE', #5745, 0.8000000000000003775 ) ;
#3820 = CARTESIAN_POINT ( 'NONE',  ( -52.50000000000000000, -1.199999999970443820, 13.79999999997044036 ) ) ;
#3821 = VERTEX_POINT ( 'NONE', #6339 ) ;
#3822 = VECTOR ( 'NONE', #7731, 1000.000000000000000 ) ;
#3823 = EDGE_CURVE ( 'NONE', #686, #1966, #7444, .T. ) ;
#3824 = LINE ( 'NONE', #10177, #9953 ) ;
#3825 = PRESENTATION_LAYER_ASSIGNMENT (  '', '', ( #10224 ) ) ;
#3826 = FILL_AREA_STYLE ('',( #4774 ) ) ;
#3827 = LINE ( 'NONE', #12323, #11301 ) ;
#3828 = VERTEX_POINT ( 'NONE', #7279 ) ;
#3830 = UNCERTAINTY_MEASURE_WITH_UNIT (LENGTH_MEASURE( 1.000000000000000082E-05 ), #2549, 'distance_accuracy_value', 'NONE');
#3829 = STYLED_ITEM ( 'NONE', ( #7847 ), #9642 ) ;
#3831 = UNCERTAINTY_MEASURE_WITH_UNIT (LENGTH_MEASURE( 1.000000000000000082E-05 ), #3985, 'distance_accuracy_value', 'NONE');
#3832 = DIRECTION ( 'NONE',  ( 0.9998476951563912696, 0.01745240643728355329, 0.0000000000000000000 ) ) ;
#3833 = ORIENTED_EDGE ( 'NONE', *, *, #7618, .T. ) ;
#3834 = SURFACE_SIDE_STYLE ('',( #669 ) ) ;
#3835 = FACE_OUTER_BOUND ( 'NONE', #1636, .T. ) ;
#3836 = COLOUR_RGB ( '',0.7529411764705882248, 0.7529411764705882248, 0.7529411764705882248 ) ;
#3837 = CARTESIAN_POINT ( 'NONE',  ( -26.50000000000000000, -1.200000000021375079, 5.500000000000000000 ) ) ;
#3838 = COLOUR_RGB ( '',0.7529411764705882248, 0.7529411764705882248, 0.7529411764705882248 ) ;
#3839 = PRESENTATION_STYLE_ASSIGNMENT (( #5680 ) ) ;
#3840 = CARTESIAN_POINT ( 'NONE',  ( -51.29999999999999716, -1.200000000000000178, -8.599999999999999645 ) ) ;
#3841 = EDGE_CURVE ( 'NONE', #4051, #5833, #5047, .T. ) ;
#3842 = CARTESIAN_POINT ( 'NONE',  ( -19.69544215780344842, 3.000000000000000000, 9.767593223114159784 ) ) ;
#3843 = VERTEX_POINT ( 'NONE', #11050 ) ;
#3844 = DIRECTION ( 'NONE',  ( 1.000000000000000000, 0.0000000000000000000, 0.0000000000000000000 ) ) ;
#3845 = PRESENTATION_LAYER_ASSIGNMENT (  '', '', ( #355 ) ) ;
#3846 = VERTEX_POINT ( 'NONE', #5392 ) ;
#3847 = STYLED_ITEM ( 'NONE', ( #2163 ), #9024 ) ;
#3848 =( LENGTH_UNIT ( ) NAMED_UNIT ( * ) SI_UNIT ( .MILLI., .METRE. ) );
#3849 = LINE ( 'NONE', #4148, #510 ) ;
#3850 = PLANE ( 'NONE',  #9955 ) ;
#3851 = VECTOR ( 'NONE', #3844, 1000.000000000000000 ) ;
#3853 = B_SPLINE_CURVE_WITH_KNOTS ( 'NONE', 3,
 ( #2832, #1889, #6661, #7692, #2953, #1936, #10516, #11461, #12411, #9609, #6780, #6696, #10588, #5684, #904 ),
 .UNSPECIFIED., .F., .F.,
 ( 4, 2, 2, 1, 1, 1, 2, 2, 4 ),
 ( 0.0000000000000000000, 0.2499999999999064082, 0.3749999999998600564, 0.4374999999998340217, 0.4687499999998206990, 0.4843749999998169797, 0.4921874999998127609, 0.4999999999998084865, 1.000000000000000000 ),
 .UNSPECIFIED. ) ;
#3852 =( GEOMETRIC_REPRESENTATION_CONTEXT ( 3 ) GLOBAL_UNCERTAINTY_ASSIGNED_CONTEXT ( ( #11744 ) ) GLOBAL_UNIT_ASSIGNED_CONTEXT ( ( #8338, #8378, #11201 ) ) REPRESENTATION_CONTEXT ( 'NONE', 'WORKASPACE' ) );
#3854 = CARTESIAN_POINT ( 'NONE',  ( -49.71226417087227389, -0.4973861212945117072, -6.699999999999998401 ) ) ;
#3855 = CARTESIAN_POINT ( 'NONE',  ( -52.20000000000000284, -0.4000000000000000222, -5.599632742307179889 ) ) ;
#3856 = CARTESIAN_POINT ( 'NONE',  ( 38.14335258323500000, 3.500000000000000000, 1.195018918588035772 ) ) ;
#3857 = EDGE_CURVE ( 'NONE', #2912, #5459, #10270, .T. ) ;
#3858 = VERTEX_POINT ( 'NONE', #7262 ) ;
#3859 = DIRECTION ( 'NONE',  ( -0.01744974916069410437, 0.9996954598818872384, 0.01744974916068200294 ) ) ;
#3860 = PRESENTATION_STYLE_ASSIGNMENT (( #5181 ) ) ;
#3861 =( LENGTH_UNIT ( ) NAMED_UNIT ( * ) SI_UNIT ( .MILLI., .METRE. ) );
#3862 = COLOUR_RGB ( '',0.7529411764705882248, 0.7529411764705882248, 0.7529411764705882248 ) ;
#3863 = DIRECTION ( 'NONE',  ( -0.01744974916068485829, -0.9996954598818874604, 0.01744974916068270723 ) ) ;
#3864 = PRESENTATION_LAYER_ASSIGNMENT (  '', '', ( #2331 ) ) ;
#3865 = CARTESIAN_POINT ( 'NONE',  ( 47.50000000000000000, -1.200000000000000178, 15.00000000000000000 ) ) ;
#3866 = PRESENTATION_LAYER_ASSIGNMENT (  '', '', ( #11541 ) ) ;
#3867 = FILL_AREA_STYLE_COLOUR ( '', #2941 ) ;
#3868 =( GEOMETRIC_REPRESENTATION_CONTEXT ( 3 ) GLOBAL_UNCERTAINTY_ASSIGNED_CONTEXT ( ( #3138 ) ) GLOBAL_UNIT_ASSIGNED_CONTEXT ( ( #9008, #10790, #310 ) ) REPRESENTATION_CONTEXT ( 'NONE', 'WORKASPACE' ) );
#3869 = VERTEX_POINT ( 'NONE', #10126 ) ;
#3870 =( LENGTH_UNIT ( ) NAMED_UNIT ( * ) SI_UNIT ( .MILLI., .METRE. ) );
#3871 = ADVANCED_FACE ( 'NONE', ( #8342 ), #4443, .T. ) ;
#3872 = EDGE_CURVE ( 'NONE', #8562, #9578, #11458, .T. ) ;
#3873 = SURFACE_STYLE_FILL_AREA ( #10621 ) ;
#3874 = VECTOR ( 'NONE', #6185, 1000.000000000000114 ) ;
#3875 = FACE_OUTER_BOUND ( 'NONE', #10995, .T. ) ;
#3876 =( NAMED_UNIT ( * ) SI_UNIT ( $, .STERADIAN. ) SOLID_ANGLE_UNIT ( ) );
#3877 = FILL_AREA_STYLE ('',( #6781 ) ) ;
#3878 = EDGE_CURVE ( 'NONE', #3226, #3295, #3399, .T. ) ;
#3879 = SURFACE_STYLE_FILL_AREA ( #2792 ) ;
#3880 = VECTOR ( 'NONE', #8672, 1000.000000000000000 ) ;
#3881 = CARTESIAN_POINT ( 'NONE',  ( -44.45810784417224681, 1.200000000000484901, -4.691892155827729560 ) ) ;
#3882 = ORIENTED_EDGE ( 'NONE', *, *, #8349, .F. ) ;
#3883 = VECTOR ( 'NONE', #8541, 1000.000000000000000 ) ;
#3884 = CIRCLE ( 'NONE', #2336, 5.000000000000000000 ) ;
#3885 = PRESENTATION_LAYER_ASSIGNMENT (  '', '', ( #2109 ) ) ;
#3886 = EDGE_LOOP ( 'NONE', ( #4958, #3974 ) ) ;
#3887 = DIRECTION ( 'NONE',  ( 0.0000000000000000000, 0.0000000000000000000, -1.000000000000000000 ) ) ;
#3888 = FACE_OUTER_BOUND ( 'NONE', #7135, .T. ) ;
#3889 = DIRECTION ( 'NONE',  ( 1.000000000000000000, 0.0000000000000000000, 0.0000000000000000000 ) ) ;
#3890 = CARTESIAN_POINT ( 'NONE',  ( 49.70000000000000284, -1.200000000000000178, -12.20000000000000107 ) ) ;
#3891 = FILL_AREA_STYLE_COLOUR ( '', #7012 ) ;
#3892 = LINE ( 'NONE', #2913, #9439 ) ;
#3893 = AXIS2_PLACEMENT_3D ( 'NONE', #5687, #6663, #12369 ) ;
#3894 = MECHANICAL_DESIGN_GEOMETRIC_PRESENTATION_REPRESENTATION (  '', ( #3487 ), #886 ) ;
#3895 = ORIENTED_EDGE ( 'NONE', *, *, #8928, .T. ) ;
#3896 = ORIENTED_EDGE ( 'NONE', *, *, #6558, .F. ) ;
#3897 = DIRECTION ( 'NONE',  ( -0.7071067811865545671, -0.7071067811865405783, 0.0000000000000000000 ) ) ;
#3899 = VERTEX_POINT ( 'NONE', #6364 ) ;
#3898 = PRESENTATION_STYLE_ASSIGNMENT (( #4471 ) ) ;
#3900 = ORIENTED_EDGE ( 'NONE', *, *, #3039, .F. ) ;
#3901 =( LENGTH_UNIT ( ) NAMED_UNIT ( * ) SI_UNIT ( .MILLI., .METRE. ) );
#3902 = ORIENTED_EDGE ( 'NONE', *, *, #4255, .F. ) ;
#3903 = DIRECTION ( 'NONE',  ( 0.0000000000000000000, -1.000000000000000000, 0.0000000000000000000 ) ) ;
#3904 = DIRECTION ( 'NONE',  ( 0.7071067811865474617, 0.7071067811865474617, 0.0000000000000000000 ) ) ;
#3905 = ORIENTED_EDGE ( 'NONE', *, *, #2155, .T. ) ;
#3906 = ORIENTED_EDGE ( 'NONE', *, *, #5329, .T. ) ;
#3907 = CARTESIAN_POINT ( 'NONE',  ( 52.50000000000000000, -1.200000000000000178, -15.00000000000000000 ) ) ;
#3908 = ORIENTED_EDGE ( 'NONE', *, *, #10582, .T. ) ;
#3910 = COLOUR_RGB ( '',0.7529411764705882248, 0.7529411764705882248, 0.7529411764705882248 ) ;
#3909 = CARTESIAN_POINT ( 'NONE',  ( -49.70000000000000284, -1.200000000005345013, -7.050806661533499664 ) ) ;
#3911 = ORIENTED_EDGE ( 'NONE', *, *, #8518, .T. ) ;
#3912 = SURFACE_STYLE_USAGE ( .BOTH. , #9753 ) ;
#3913 = STYLED_ITEM ( 'NONE', ( #4926 ), #1453 ) ;
#3914 = ORIENTED_EDGE ( 'NONE', *, *, #12043, .F. ) ;
#3915 = CYLINDRICAL_SURFACE ( 'NONE', #1078, 1.400000000000000133 ) ;
#3916 =( LENGTH_UNIT ( ) NAMED_UNIT ( * ) SI_UNIT ( .MILLI., .METRE. ) );
#3917 = VECTOR ( 'NONE', #4028, 1000.000000000000000 ) ;
#3919 = UNCERTAINTY_MEASURE_WITH_UNIT (LENGTH_MEASURE( 1.000000000000000082E-05 ), #3275, 'distance_accuracy_value', 'NONE');
#3918 = DIRECTION ( 'NONE',  ( -0.2427159433651234488, 0.5000000000000009992, -0.8313176112872727730 ) ) ;
#3920 = VERTEX_POINT ( 'NONE', #5337 ) ;
#3921 = PRESENTATION_STYLE_ASSIGNMENT (( #11317 ) ) ;
#3922 = SURFACE_SIDE_STYLE ('',( #10543 ) ) ;
#3923 = SURFACE_SIDE_STYLE ('',( #4687 ) ) ;
#3924 = SURFACE_SIDE_STYLE ('',( #2701 ) ) ;
#3925 = EDGE_CURVE ( 'NONE', #4944, #2495, #2182, .T. ) ;
#3926 = CARTESIAN_POINT ( 'NONE',  ( 22.84999999999999787, -1.200000000000000178, 21.39567676978595046 ) ) ;
#3927 = DIRECTION ( 'NONE',  ( 1.000000000000000000, 0.0000000000000000000, 0.0000000000000000000 ) ) ;
#3928 = PRESENTATION_LAYER_ASSIGNMENT (  '', '', ( #2393 ) ) ;
#3929 = MECHANICAL_DESIGN_GEOMETRIC_PRESENTATION_REPRESENTATION (  '', ( #8181 ), #7951 ) ;
#3930 = SURFACE_STYLE_FILL_AREA ( #5242 ) ;
#3931 = VERTEX_POINT ( 'NONE', #6234 ) ;
#3932 = FILL_AREA_STYLE_COLOUR ( '', #10730 ) ;
#3933 = DIRECTION ( 'NONE',  ( 0.0000000000000000000, 0.0000000000000000000, 1.000000000000000000 ) ) ;
#3934 = FILL_AREA_STYLE ('',( #3891 ) ) ;
#3935 = COLOUR_RGB ( '',0.7529411764705882248, 0.7529411764705882248, 0.7529411764705882248 ) ;
#3936 =( NAMED_UNIT ( * ) SI_UNIT ( $, .STERADIAN. ) SOLID_ANGLE_UNIT ( ) );
#3937 =( LENGTH_UNIT ( ) NAMED_UNIT ( * ) SI_UNIT ( .MILLI., .METRE. ) );
#3938 = ADVANCED_FACE ( 'NONE', ( #3835 ), #1404, .F. ) ;
#3939 = DIRECTION ( 'NONE',  ( 0.0000000000000000000, 0.0000000000000000000, 1.000000000000000000 ) ) ;
#3940 = MECHANICAL_DESIGN_GEOMETRIC_PRESENTATION_REPRESENTATION (  '', ( #921 ), #4413 ) ;
#3941 = EDGE_LOOP ( 'NONE', ( #2902, #7319, #4039, #1377, #3896, #11443, #1449, #9150, #4897, #1537, #4988, #5109, #5163, #12156, #11510, #8700, #2791, #609, #1166, #8045, #627, #11579, #5089, #2081 ) ) ;
#3942 = PRESENTATION_LAYER_ASSIGNMENT (  '', '', ( #2652 ) ) ;
#3943 = PLANE ( 'NONE',  #11482 ) ;
#3944 =( GEOMETRIC_REPRESENTATION_CONTEXT ( 3 ) GLOBAL_UNCERTAINTY_ASSIGNED_CONTEXT ( ( #9406 ) ) GLOBAL_UNIT_ASSIGNED_CONTEXT ( ( #2923, #9618, #11831 ) ) REPRESENTATION_CONTEXT ( 'NONE', 'WORKASPACE' ) );
#3945 =( NAMED_UNIT ( * ) SI_UNIT ( $, .STERADIAN. ) SOLID_ANGLE_UNIT ( ) );
#3946 = CARTESIAN_POINT ( 'NONE',  ( -68.60321982055950230, -1.200000000000000178, -12.20000000000000107 ) ) ;
#3947 = EDGE_CURVE ( 'NONE', #6272, #12340, #9815, .T. ) ;
#3948 =( LENGTH_UNIT ( ) NAMED_UNIT ( * ) SI_UNIT ( .MILLI., .METRE. ) );
#3949 = DIRECTION ( 'NONE',  ( -1.000000000000000000, 0.0000000000000000000, 0.0000000000000000000 ) ) ;
#3950 = CYLINDRICAL_SURFACE ( 'NONE', #2983, 0.5000000000000004441 ) ;
#3951 = STYLED_ITEM ( 'NONE', ( #994 ), #7 ) ;
#3952 = FILL_AREA_STYLE ('',( #11490 ) ) ;
#3953 = FACE_OUTER_BOUND ( 'NONE', #7226, .T. ) ;
#3954 = ORIENTED_EDGE ( 'NONE', *, *, #10885, .T. ) ;
#3955 = DIRECTION ( 'NONE',  ( 1.000000000000000000, 0.0000000000000000000, 0.0000000000000000000 ) ) ;
#3956 = MECHANICAL_DESIGN_GEOMETRIC_PRESENTATION_REPRESENTATION (  '', ( #2667 ), #10520 ) ;
#3957 = DIRECTION ( 'NONE',  ( 0.0000000000000000000, 0.9396926207859097602, 0.3420201433256649381 ) ) ;
#3958 = VECTOR ( 'NONE', #5903, 1000.000000000000000 ) ;
#3959 = PLANE ( 'NONE',  #2768 ) ;
#3960 = DIRECTION ( 'NONE',  ( -1.000000000000000000, 0.0000000000000000000, 0.0000000000000000000 ) ) ;
#3961 = STYLED_ITEM ( 'NONE', ( #4117 ), #6716 ) ;
#3962 = DIRECTION ( 'NONE',  ( -0.7071067811865475727, 0.7071067811865475727, 3.271025955591201120E-16 ) ) ;
#3963 = EDGE_CURVE ( 'NONE', #8975, #11370, #11147, .T. ) ;
#3964 = CYLINDRICAL_SURFACE ( 'NONE', #5874, 3.799999999999999378 ) ;
#3965 = ORIENTED_EDGE ( 'NONE', *, *, #7239, .T. ) ;
#3966 = CARTESIAN_POINT ( 'NONE',  ( -8.432649190590300492, 3.000000000000000000, 7.255127868154009896 ) ) ;
#3967 = DIRECTION ( 'NONE',  ( 0.0000000000000000000, 0.0000000000000000000, -1.000000000000000000 ) ) ;
#3968 = CIRCLE ( 'NONE', #3410, 1.800000000000145262 ) ;
#3969 = CARTESIAN_POINT ( 'NONE',  ( -50.63153075524540014, 3.433012701892219631, -15.00000000000000000 ) ) ;
#3970 = ORIENTED_EDGE ( 'NONE', *, *, #1918, .T. ) ;
#3971 = VECTOR ( 'NONE', #3745, 1000.000000000000000 ) ;
#3972 = AXIS2_PLACEMENT_3D ( 'NONE', #8848, #6806, #1024 ) ;
#3973 =( NAMED_UNIT ( * ) SI_UNIT ( $, .STERADIAN. ) SOLID_ANGLE_UNIT ( ) );
#3974 = ORIENTED_EDGE ( 'NONE', *, *, #315, .F. ) ;
#3975 = FILL_AREA_STYLE_COLOUR ( '', #6277 ) ;
#3976 = COLOUR_RGB ( '',0.7529411764705882248, 0.7529411764705882248, 0.7529411764705882248 ) ;
#3977 = DIRECTION ( 'NONE',  ( -1.000000000000000000, 0.0000000000000000000, 0.0000000000000000000 ) ) ;
#3978 = PRESENTATION_STYLE_ASSIGNMENT (( #10579 ) ) ;
#3979 = VERTEX_POINT ( 'NONE', #3340 ) ;
#3980 = PLANE ( 'NONE',  #7139 ) ;
#3981 = ORIENTED_EDGE ( 'NONE', *, *, #3066, .T. ) ;
#3982 = PRESENTATION_LAYER_ASSIGNMENT (  '', '', ( #9275 ) ) ;
#3983 =( GEOMETRIC_REPRESENTATION_CONTEXT ( 3 ) GLOBAL_UNCERTAINTY_ASSIGNED_CONTEXT ( ( #9200 ) ) GLOBAL_UNIT_ASSIGNED_CONTEXT ( ( #7020, #389, #7985 ) ) REPRESENTATION_CONTEXT ( 'NONE', 'WORKASPACE' ) );
#3984 = CARTESIAN_POINT ( 'NONE',  ( -25.85000000000000142, 2.299999999999999822, -2.782205948333420054 ) ) ;
#3985 =( LENGTH_UNIT ( ) NAMED_UNIT ( * ) SI_UNIT ( .MILLI., .METRE. ) );
#3986 = DIRECTION ( 'NONE',  ( 0.0000000000000000000, 1.000000000000000000, 0.0000000000000000000 ) ) ;
#3987 = DIRECTION ( 'NONE',  ( -1.000000000000000000, 0.0000000000000000000, 0.0000000000000000000 ) ) ;
#3988 = COLOUR_RGB ( '',0.7529411764705882248, 0.7529411764705882248, 0.7529411764705882248 ) ;
#3989 = ORIENTED_EDGE ( 'NONE', *, *, #11313, .T. ) ;
#3990 = UNCERTAINTY_MEASURE_WITH_UNIT (LENGTH_MEASURE( 1.000000000000000082E-05 ), #54, 'distance_accuracy_value', 'NONE');
#3991 = VERTEX_POINT ( 'NONE', #1532 ) ;
#3992 = CARTESIAN_POINT ( 'NONE',  ( -25.89189215582775105, 1.200000000001046008, -3.650409735240959908 ) ) ;
#3993 = EDGE_CURVE ( 'NONE', #2702, #12004, #5340, .T. ) ;
#3994 = LINE ( 'NONE', #5589, #10847 ) ;
#3995 = FACE_OUTER_BOUND ( 'NONE', #1664, .T. ) ;
#3996 = CIRCLE ( 'NONE', #771, 1.758107844171619805 ) ;
#3997 =( GEOMETRIC_REPRESENTATION_CONTEXT ( 3 ) GLOBAL_UNCERTAINTY_ASSIGNED_CONTEXT ( ( #3069 ) ) GLOBAL_UNIT_ASSIGNED_CONTEXT ( ( #3861, #6681, #13 ) ) REPRESENTATION_CONTEXT ( 'NONE', 'WORKASPACE' ) );
#3998 = CARTESIAN_POINT ( 'NONE',  ( 47.65810784417229939, 1.200000000000486011, -5.908107844172270084 ) ) ;
#3999 = ADVANCED_FACE ( 'NONE', ( #7893 ), #6566, .T. ) ;
#4000 = AXIS2_PLACEMENT_3D ( 'NONE', #6875, #7830, #1897 ) ;
#4001 = DIRECTION ( 'NONE',  ( 0.0000000000000000000, 1.000000000000000000, 0.0000000000000000000 ) ) ;
#4002 = DIRECTION ( 'NONE',  ( 0.0000000000000000000, 1.000000000000000000, 0.0000000000000000000 ) ) ;
#4003 = LINE ( 'NONE', #11830, #4614 ) ;
#4004 = SURFACE_SIDE_STYLE ('',( #10757 ) ) ;
#4005 = ORIENTED_EDGE ( 'NONE', *, *, #9768, .F. ) ;
#4006 = VERTEX_POINT ( 'NONE', #2607 ) ;
#4007 = FACE_OUTER_BOUND ( 'NONE', #417, .T. ) ;
#4008 = CARTESIAN_POINT ( 'NONE',  ( -26.60750658883650033, 1.084202172485503941E-16, -14.77173093898297829 ) ) ;
#4009 = EDGE_CURVE ( 'NONE', #3814, #12398, #197, .T. ) ;
#4010 = DIRECTION ( 'NONE',  ( 0.0000000000000000000, 0.0000000000000000000, -1.000000000000000000 ) ) ;
#4011 = DIRECTION ( 'NONE',  ( -0.01744974916069410437, 0.9996954598818872384, -0.01744974916068200294 ) ) ;
#4012 = SURFACE_STYLE_USAGE ( .BOTH. , #3127 ) ;
#4013 = MECHANICAL_DESIGN_GEOMETRIC_PRESENTATION_REPRESENTATION (  '', ( #2310 ), #1666 ) ;
#4014 = TOROIDAL_SURFACE ( 'NONE', #6406, 3.792893218813469858, 0.5000000000000000000 ) ;
#4015 = SURFACE_STYLE_USAGE ( .BOTH. , #10804 ) ;
#4016 = CARTESIAN_POINT ( 'NONE',  ( -51.56585336959564358, 2.934035287656192370, -14.99999999566147757 ) ) ;
#4017 = PRESENTATION_LAYER_ASSIGNMENT (  '', '', ( #3375 ) ) ;
#4018 = CARTESIAN_POINT ( 'NONE',  ( 44.36819777075260163, 2.999999999999924949, 270.4510849563059764 ) ) ;
#4019 = VECTOR ( 'NONE', #10112, 1000.000000000000000 ) ;
#4020 = LINE ( 'NONE', #6178, #12357 ) ;
#4021 = PLANE ( 'NONE',  #1314 ) ;
#4022 = DIRECTION ( 'NONE',  ( 1.000000000000000000, 0.0000000000000000000, 0.0000000000000000000 ) ) ;
#4023 = STYLED_ITEM ( 'NONE', ( #92 ), #123 ) ;
#4024 = CIRCLE ( 'NONE', #2801, 0.5000000000000004441 ) ;
#4025 = FILL_AREA_STYLE ('',( #11568 ) ) ;
#4026 = COLOUR_RGB ( '',0.7529411764705882248, 0.7529411764705882248, 0.7529411764705882248 ) ;
#4027 = DIRECTION ( 'NONE',  ( 0.0000000000000000000, 1.000000000000000000, 0.0000000000000000000 ) ) ;
#4028 = DIRECTION ( 'NONE',  ( 0.0000000000000000000, -1.000000000000000000, 0.0000000000000000000 ) ) ;
#4029 = EDGE_LOOP ( 'NONE', ( #8571, #6553, #8109, #9153 ) ) ;
#4030 =( NAMED_UNIT ( * ) PLANE_ANGLE_UNIT ( ) SI_UNIT ( $, .RADIAN. ) );
#4031 = COLOUR_RGB ( '',0.7529411764705882248, 0.7529411764705882248, 0.7529411764705882248 ) ;
#4032 = AXIS2_PLACEMENT_3D ( 'NONE', #9817, #1134, #11761 ) ;
#4033 = CARTESIAN_POINT ( 'NONE',  ( -68.60321982055950230, 1.200000000000726930, -5.908107844172239886 ) ) ;
#4034 = FILL_AREA_STYLE ('',( #10743 ) ) ;
#4035 = LINE ( 'NONE', #9480, #10141 ) ;
#4036 = UNCERTAINTY_MEASURE_WITH_UNIT (LENGTH_MEASURE( 1.000000000000000082E-05 ), #7112, 'distance_accuracy_value', 'NONE');
#4037 = SURFACE_SIDE_STYLE ('',( #1397 ) ) ;
#4038 = VERTEX_POINT ( 'NONE', #5420 ) ;
#4039 = ORIENTED_EDGE ( 'NONE', *, *, #6271, .F. ) ;
#4040 = FACE_OUTER_BOUND ( 'NONE', #1326, .T. ) ;
#4041 = CARTESIAN_POINT ( 'NONE',  ( -3.706369021172560174, 1.800000000000059996, 6.141272467535979551 ) ) ;
#4042 = EDGE_CURVE ( 'NONE', #4297, #8630, #495, .T. ) ;
#4043 = ORIENTED_EDGE ( 'NONE', *, *, #9573, .F. ) ;
#4044 = UNCERTAINTY_MEASURE_WITH_UNIT (LENGTH_MEASURE( 1.000000000000000082E-05 ), #12095, 'distance_accuracy_value', 'NONE');
#4045 = SURFACE_SIDE_STYLE ('',( #10346 ) ) ;
#4046 = EDGE_CURVE ( 'NONE', #8845, #9346, #3994, .T. ) ;
#4047 = EDGE_LOOP ( 'NONE', ( #5936, #5282 ) ) ;
#4048 = DIRECTION ( 'NONE',  ( 1.000000000000000000, -1.826024711554534838E-17, 0.0000000000000000000 ) ) ;
#4049 = COLOUR_RGB ( '',0.7529411764705882248, 0.7529411764705882248, 0.7529411764705882248 ) ;
#4050 = FILL_AREA_STYLE ('',( #10677 ) ) ;
#4051 = VERTEX_POINT ( 'NONE', #723 ) ;
#4052 = MECHANICAL_DESIGN_GEOMETRIC_PRESENTATION_REPRESENTATION (  '', ( #2109 ), #7258 ) ;
#4053 = EDGE_LOOP ( 'NONE', ( #6421, #7820, #12101, #4274 ) ) ;
#4055 = ORIENTED_EDGE ( 'NONE', *, *, #8298, .F. ) ;
#4054 = VECTOR ( 'NONE', #10966, 1000.000000000000000 ) ;
#4056 = ORIENTED_EDGE ( 'NONE', *, *, #573, .F. ) ;
#4058 = ORIENTED_EDGE ( 'NONE', *, *, #6393, .T. ) ;
#4057 = CARTESIAN_POINT ( 'NONE',  ( -68.60321982055950230, -1.200000000000000178, 12.20000000000000107 ) ) ;
#4059 = CARTESIAN_POINT ( 'NONE',  ( -28.69999999999999929, -0.2000000000000000389, -12.21745506492821853 ) ) ;
#4060 = DIRECTION ( 'NONE',  ( -0.5041973887543770294, 0.0000000000000000000, -0.8635884396940870511 ) ) ;
#4061 = EDGE_LOOP ( 'NONE', ( #32, #1674, #4126, #11456 ) ) ;
#4062 = AXIS2_PLACEMENT_3D ( 'NONE', #9159, #3425, #8158 ) ;
#4063 =( GEOMETRIC_REPRESENTATION_CONTEXT ( 3 ) GLOBAL_UNCERTAINTY_ASSIGNED_CONTEXT ( ( #11407 ) ) GLOBAL_UNIT_ASSIGNED_CONTEXT ( ( #2872, #4697, #4815 ) ) REPRESENTATION_CONTEXT ( 'NONE', 'WORKASPACE' ) );
#4064 = DIRECTION ( 'NONE',  ( 0.0000000000000000000, 0.0000000000000000000, 1.000000000000000000 ) ) ;
#4065 = SURFACE_STYLE_USAGE ( .BOTH. , #9778 ) ;
#4066 = ADVANCED_FACE ( 'NONE', ( #6104 ), #2472, .F. ) ;
#4067 = VERTEX_POINT ( 'NONE', #12194 ) ;
#4068 = VECTOR ( 'NONE', #4011, 1000.000000000000227 ) ;
#4069 = ORIENTED_EDGE ( 'NONE', *, *, #5157, .F. ) ;
#4070 = CYLINDRICAL_SURFACE ( 'NONE', #11083, 0.5000000000000004441 ) ;
#4071 = CARTESIAN_POINT ( 'NONE',  ( 52.50000000000000000, -1.200000000000000178, -15.00000000000000000 ) ) ;
#4072 = CARTESIAN_POINT ( 'NONE',  ( 47.70000000000000284, -1.200000000000000178, 6.150000000000000355 ) ) ;
#4073 = COLOUR_RGB ( '',0.7529411764705882248, 0.7529411764705882248, 0.7529411764705882248 ) ;
#4074 = EDGE_CURVE ( 'NONE', #9219, #108, #9379, .T. ) ;
#4075 = DIRECTION ( 'NONE',  ( -1.000000000000000000, 0.0000000000000000000, 0.0000000000000000000 ) ) ;
#4076 = CARTESIAN_POINT ( 'NONE',  ( -26.50000000000000000, 1.799999999832379904, -5.299999999999919886 ) ) ;
#4077 = DIRECTION ( 'NONE',  ( 0.0000000000000000000, -1.000000000000000000, 0.0000000000000000000 ) ) ;
#4078 = ORIENTED_EDGE ( 'NONE', *, *, #9094, .T. ) ;
#4079 = CARTESIAN_POINT ( 'NONE',  ( 25.17854103316264869, -1.200000000012820145, 4.849999999999780265 ) ) ;
#4080 = DIRECTION ( 'NONE',  ( 1.000000000000000000, 0.0000000000000000000, 0.0000000000000000000 ) ) ;
#4081 = PRESENTATION_LAYER_ASSIGNMENT (  '', '', ( #4556 ) ) ;
#4083 = VERTEX_POINT ( 'NONE', #7432 ) ;
#4082 = PRESENTATION_LAYER_ASSIGNMENT (  '', '', ( #10710 ) ) ;
#4084 = SURFACE_SIDE_STYLE ('',( #191 ) ) ;
#4085 = SURFACE_STYLE_FILL_AREA ( #11908 ) ;
#4086 = SURFACE_STYLE_FILL_AREA ( #103 ) ;
#4087 = CARTESIAN_POINT ( 'NONE',  ( -31.16647007517445189, 2.299999999999999822, 11.74002225288816170 ) ) ;
#4088 = FILL_AREA_STYLE ('',( #2104 ) ) ;
#4089 = DIRECTION ( 'NONE',  ( 0.6847910787717499392, 0.6847910787717239600, -0.2492435693639484806 ) ) ;
#4090 = ORIENTED_EDGE ( 'NONE', *, *, #9366, .T. ) ;
#4091 = EDGE_CURVE ( 'NONE', #10158, #8020, #8773, .T. ) ;
#4092 = CARTESIAN_POINT ( 'NONE',  ( -51.36564734027069790, 3.066987298107784810, -15.00000000000000000 ) ) ;
#4093 =( GEOMETRIC_REPRESENTATION_CONTEXT ( 3 ) GLOBAL_UNCERTAINTY_ASSIGNED_CONTEXT ( ( #12233 ) ) GLOBAL_UNIT_ASSIGNED_CONTEXT ( ( #11232, #3586, #11362 ) ) REPRESENTATION_CONTEXT ( 'NONE', 'WORKASPACE' ) );
#4094 = FACE_OUTER_BOUND ( 'NONE', #2853, .T. ) ;
#4095 = CIRCLE ( 'NONE', #3195, 0.8000000000000003775 ) ;
#4096 = PRESENTATION_LAYER_ASSIGNMENT (  '', '', ( #8179 ) ) ;
#4097 = AXIS2_PLACEMENT_3D ( 'NONE', #7413, #2630, #9305 ) ;
#4098 = SURFACE_STYLE_USAGE ( .BOTH. , #153 ) ;
#4099 = CARTESIAN_POINT ( 'NONE',  ( -51.29999999999999716, -1.200000000000000178, -10.14919333847030103 ) ) ;
#4100 = CARTESIAN_POINT ( 'NONE',  ( 23.50000000000000000, -1.200000000021375079, -5.299999999999999822 ) ) ;
#4101 = SURFACE_STYLE_USAGE ( .BOTH. , #8867 ) ;
#4102 = EDGE_CURVE ( 'NONE', #5505, #7184, #5024, .T. ) ;
#4103 =( LENGTH_UNIT ( ) NAMED_UNIT ( * ) SI_UNIT ( .MILLI., .METRE. ) );
#4104 = CARTESIAN_POINT ( 'NONE',  ( -27.15000000000000213, 2.299999999999999822, -7.450000000000000178 ) ) ;
#4105 = ORIENTED_EDGE ( 'NONE', *, *, #4969, .F. ) ;
#4106 = CARTESIAN_POINT ( 'NONE',  ( -26.50000000000000000, 1.800000000000000044, 6.500000000000000000 ) ) ;
#4107 = FILL_AREA_STYLE ('',( #6926 ) ) ;
#4108 = DIRECTION ( 'NONE',  ( 1.000000000000000000, 5.421010862428142412E-16, 0.0000000000000000000 ) ) ;
#4109 = STYLED_ITEM ( 'NONE', ( #152 ), #3181 ) ;
#4110 = SURFACE_STYLE_FILL_AREA ( #9481 ) ;
#4111 = MECHANICAL_DESIGN_GEOMETRIC_PRESENTATION_REPRESENTATION (  '', ( #1503 ), #2582 ) ;
#4112 =( NAMED_UNIT ( * ) SI_UNIT ( $, .STERADIAN. ) SOLID_ANGLE_UNIT ( ) );
#4113 = DIRECTION ( 'NONE',  ( 0.0000000000000000000, -1.000000000000000000, 0.0000000000000000000 ) ) ;
#4114 = PRESENTATION_LAYER_ASSIGNMENT (  '', '', ( #2989 ) ) ;
#4115 =( NAMED_UNIT ( * ) PLANE_ANGLE_UNIT ( ) SI_UNIT ( $, .RADIAN. ) );
#4116 = CARTESIAN_POINT ( 'NONE',  ( -52.50000000000000000, -2.700000000000000178, 10.00000000000000000 ) ) ;
#4117 = PRESENTATION_STYLE_ASSIGNMENT (( #533 ) ) ;
#4118 = ORIENTED_EDGE ( 'NONE', *, *, #8814, .F. ) ;
#4119 = FILL_AREA_STYLE_COLOUR ( '', #7474 ) ;
#4120 = EDGE_CURVE ( 'NONE', #8690, #5568, #5331, .T. ) ;
#4121 = CARTESIAN_POINT ( 'NONE',  ( 25.65685424949239746, 3.405465559969194977, -10.00000000000000000 ) ) ;
#4122 = DIRECTION ( 'NONE',  ( 0.0000000000000000000, 1.000000000000000000, 0.0000000000000000000 ) ) ;
#4123 = CARTESIAN_POINT ( 'NONE',  ( 49.73491012985640225, 0.7999999999999999334, 10.00000000000000000 ) ) ;
#4124 = EDGE_CURVE ( 'NONE', #11057, #3814, #1393, .T. ) ;
#4125 = CARTESIAN_POINT ( 'NONE',  ( 47.50000000000000000, -2.700000000000000178, 14.00000000004001954 ) ) ;
#4126 = ORIENTED_EDGE ( 'NONE', *, *, #11546, .T. ) ;
#4127 = ADVANCED_FACE ( 'NONE', ( #2323 ), #4465, .F. ) ;
#4128 = STYLED_ITEM ( 'NONE', ( #7612 ), #3743 ) ;
#4129 = PRESENTATION_STYLE_ASSIGNMENT (( #6650 ) ) ;
#4130 = ORIENTED_EDGE ( 'NONE', *, *, #12376, .F. ) ;
#4131 =( NAMED_UNIT ( * ) SI_UNIT ( $, .STERADIAN. ) SOLID_ANGLE_UNIT ( ) );
#4132 = ORIENTED_EDGE ( 'NONE', *, *, #5611, .F. ) ;
#4133 =( GEOMETRIC_REPRESENTATION_CONTEXT ( 3 ) GLOBAL_UNCERTAINTY_ASSIGNED_CONTEXT ( ( #4879 ) ) GLOBAL_UNIT_ASSIGNED_CONTEXT ( ( #796, #10407, #4669 ) ) REPRESENTATION_CONTEXT ( 'NONE', 'WORKASPACE' ) );
#4134 = AXIS2_PLACEMENT_3D ( 'NONE', #6921, #2117, #6957 ) ;
#4135 = ORIENTED_EDGE ( 'NONE', *, *, #3285, .T. ) ;
#4136 = CIRCLE ( 'NONE', #1993, 0.6912724675386151540 ) ;
#4137 = SURFACE_STYLE_USAGE ( .BOTH. , #9848 ) ;
#4138 = VERTEX_POINT ( 'NONE', #3392 ) ;
#4139 = SURFACE_SIDE_STYLE ('',( #9246 ) ) ;
#4140 = DIRECTION ( 'NONE',  ( 0.0000000000000000000, 1.000000000000000000, 0.0000000000000000000 ) ) ;
#4141 = ORIENTED_EDGE ( 'NONE', *, *, #11973, .T. ) ;
#4142 =( NAMED_UNIT ( * ) SI_UNIT ( $, .STERADIAN. ) SOLID_ANGLE_UNIT ( ) );
#4143 = DIRECTION ( 'NONE',  ( 0.0000000000000000000, 0.0000000000000000000, 1.000000000000000000 ) ) ;
#4144 = FACE_OUTER_BOUND ( 'NONE', #5027, .T. ) ;
#4145 = DIRECTION ( 'NONE',  ( 1.000000000000000000, 0.0000000000000000000, 0.0000000000000000000 ) ) ;
#4146 = CARTESIAN_POINT ( 'NONE',  ( 23.50000000000000000, -0.3069809625912964801, -5.299999999999919886 ) ) ;
#4147 = UNCERTAINTY_MEASURE_WITH_UNIT (LENGTH_MEASURE( 1.000000000000000082E-05 ), #9951, 'distance_accuracy_value', 'NONE');
#4148 = CARTESIAN_POINT ( 'NONE',  ( 37.63824873692700379, 2.299999999999999822, -5.949999999999919353 ) ) ;
#4149 = DIRECTION ( 'NONE',  ( -1.000000000000000000, 0.0000000000000000000, 0.0000000000000000000 ) ) ;
#4150 = MECHANICAL_DESIGN_GEOMETRIC_PRESENTATION_REPRESENTATION (  '', ( #8476 ), #2035 ) ;
#4151 =( NAMED_UNIT ( * ) PLANE_ANGLE_UNIT ( ) SI_UNIT ( $, .RADIAN. ) );
#4152 = ORIENTED_EDGE ( 'NONE', *, *, #11659, .F. ) ;
#4153 =( LENGTH_UNIT ( ) NAMED_UNIT ( * ) SI_UNIT ( .MILLI., .METRE. ) );
#4154 = ORIENTED_EDGE ( 'NONE', *, *, #366, .F. ) ;
#4155 = SURFACE_SIDE_STYLE ('',( #2292 ) ) ;
#4156 = CARTESIAN_POINT ( 'NONE',  ( 23.50000000000000000, 1.800000000000000044, -6.700000000000000178 ) ) ;
#4157 = LINE ( 'NONE', #12037, #5964 ) ;
#4158 = CARTESIAN_POINT ( 'NONE',  ( -24.36291514341218090, 2.001430767495776308, -11.49457848188823128 ) ) ;
#4159 =( LENGTH_UNIT ( ) NAMED_UNIT ( * ) SI_UNIT ( .MILLI., .METRE. ) );
#4160 = FACE_OUTER_BOUND ( 'NONE', #11713, .T. ) ;
#4161 = CARTESIAN_POINT ( 'NONE',  ( -24.84067480924620241, 0.4000010255229159428, -5.922071878214279828 ) ) ;
#4162 = VECTOR ( 'NONE', #12056, 1000.000000000000227 ) ;
#4163 = EDGE_CURVE ( 'NONE', #5631, #9140, #5179, .T. ) ;
#4164 = UNCERTAINTY_MEASURE_WITH_UNIT (LENGTH_MEASURE( 1.000000000000000082E-05 ), #9409, 'distance_accuracy_value', 'NONE');
#4165 = ORIENTED_EDGE ( 'NONE', *, *, #3319, .T. ) ;
#4166 = STYLED_ITEM ( 'NONE', ( #5341 ), #8888 ) ;
#4167 = VECTOR ( 'NONE', #8789, 1000.000000000000000 ) ;
#4168 = CARTESIAN_POINT ( 'NONE',  ( -52.20000000000000284, -0.1000000000000000056, -11.41006226146289926 ) ) ;
#4169 = DIRECTION ( 'NONE',  ( 0.0000000000000000000, -1.000000000000000000, 0.0000000000000000000 ) ) ;
#4170 = ORIENTED_EDGE ( 'NONE', *, *, #11492, .T. ) ;
#4171 = LINE ( 'NONE', #8374, #2520 ) ;
#4172 = FILL_AREA_STYLE_COLOUR ( '', #10435 ) ;
#4173 =( NAMED_UNIT ( * ) PLANE_ANGLE_UNIT ( ) SI_UNIT ( $, .RADIAN. ) );
#4174 = CARTESIAN_POINT ( 'NONE',  ( -25.85000000000000142, -1.200000000016030022, 3.821458966840619809 ) ) ;
#4175 = AXIS2_PLACEMENT_3D ( 'NONE', #1847, #5974, #6980 ) ;
#4176 = PRESENTATION_STYLE_ASSIGNMENT (( #906 ) ) ;
#4177 = CYLINDRICAL_SURFACE ( 'NONE', #28, 2.200000000000000622 ) ;
#4178 = PRESENTATION_LAYER_ASSIGNMENT (  '', '', ( #3530 ) ) ;
#4179 = ORIENTED_EDGE ( 'NONE', *, *, #8596, .F. ) ;
#4180 = CARTESIAN_POINT ( 'NONE',  ( 22.07417989148054716, 2.089160432414680191, -11.26666666666666039 ) ) ;
#4181 = COLOUR_RGB ( '',0.7529411764705882248, 0.7529411764705882248, 0.7529411764705882248 ) ;
#4182 = LINE ( 'NONE', #11497, #2223 ) ;
#4183 =( GEOMETRIC_REPRESENTATION_CONTEXT ( 3 ) GLOBAL_UNCERTAINTY_ASSIGNED_CONTEXT ( ( #4584 ) ) GLOBAL_UNIT_ASSIGNED_CONTEXT ( ( #10366, #6556, #11402 ) ) REPRESENTATION_CONTEXT ( 'NONE', 'WORKASPACE' ) );
#4184 = DIRECTION ( 'NONE',  ( 9.636125335587518801E-36, -2.826597269477010185E-16, 1.000000000000000000 ) ) ;
#4185 = DIRECTION ( 'NONE',  ( -2.310408848391428223E-16, 0.01745240643728355329, -0.9998476951563912696 ) ) ;
#4186 = ADVANCED_FACE ( 'NONE', ( #9963 ), #4595, .T. ) ;
#4187 = CARTESIAN_POINT ( 'NONE',  ( 42.03221083726675289, 3.189038804806620053, -1.192662623146947931 ) ) ;
#4188 = EDGE_CURVE ( 'NONE', #11918, #10856, #5636, .T. ) ;
#4189 = ORIENTED_EDGE ( 'NONE', *, *, #12169, .F. ) ;
#4190 = UNCERTAINTY_MEASURE_WITH_UNIT (LENGTH_MEASURE( 1.000000000000000082E-05 ), #11685, 'distance_accuracy_value', 'NONE');
#4191 = EDGE_CURVE ( 'NONE', #8193, #8630, #9375, .T. ) ;
#4192 = CARTESIAN_POINT ( 'NONE',  ( -49.70000000000000284, -1.200000000016030022, 10.00000000000000000 ) ) ;
#4193 = LINE ( 'NONE', #1027, #8531 ) ;
#4194 = DIRECTION ( 'NONE',  ( -4.625929269271489858E-16, 0.0000000000000000000, -1.000000000000000000 ) ) ;
#4196 = ORIENTED_EDGE ( 'NONE', *, *, #6176, .T. ) ;
#4195 = CARTESIAN_POINT ( 'NONE',  ( -68.60321982055950230, -1.200000000000000178, -4.649999999999999467 ) ) ;
#4197 = PLANE ( 'NONE',  #12046 ) ;
#4198 = ORIENTED_EDGE ( 'NONE', *, *, #9967, .F. ) ;
#4199 = VERTEX_POINT ( 'NONE', #6254 ) ;
#4200 = CARTESIAN_POINT ( 'NONE',  ( -51.29999999999999716, -0.1000000000000045436, -11.19999999999999929 ) ) ;
#4201 = MECHANICAL_DESIGN_GEOMETRIC_PRESENTATION_REPRESENTATION (  '', ( #1846 ), #10024 ) ;
#4202 = CARTESIAN_POINT ( 'NONE',  ( -23.27611277109029331, 2.246532098277433498, -10.67445162352350962 ) ) ;
#4203 = ORIENTED_EDGE ( 'NONE', *, *, #10656, .T. ) ;
#4204 = CARTESIAN_POINT ( 'NONE',  ( -28.10102051443364957, 3.000000000000000000, -15.00000000000000000 ) ) ;
#4205 = CARTESIAN_POINT ( 'NONE',  ( -35.68931315390220504, 3.000000000000000000, 10.09716762947769908 ) ) ;
#4206 = UNCERTAINTY_MEASURE_WITH_UNIT (LENGTH_MEASURE( 1.000000000000000082E-05 ), #11797, 'distance_accuracy_value', 'NONE');
#4207 = VERTEX_POINT ( 'NONE', #7320 ) ;
#4208 = DIRECTION ( 'NONE',  ( 0.0000000000000000000, 0.0000000000000000000, -1.000000000000000000 ) ) ;
#4209 = AXIS2_PLACEMENT_3D ( 'NONE', #8005, #6132, #2259 ) ;
#4210 = DIRECTION ( 'NONE',  ( 0.0000000000000000000, -0.9998476951563911586, 0.01745240643728625599 ) ) ;
#4211 = EDGE_CURVE ( 'NONE', #12004, #4522, #186, .T. ) ;
#4212 = VERTEX_POINT ( 'NONE', #2543 ) ;
#4214 = VERTEX_POINT ( 'NONE', #8198 ) ;
#4213 = LINE ( 'NONE', #4933, #4068 ) ;
#4215 = ORIENTED_EDGE ( 'NONE', *, *, #4120, .T. ) ;
#4216 = VERTEX_POINT ( 'NONE', #9113 ) ;
#4217 = ORIENTED_EDGE ( 'NONE', *, *, #2419, .T. ) ;
#4218 = CIRCLE ( 'NONE', #11372, 268.6463119979130170 ) ;
#4219 = CIRCLE ( 'NONE', #8113, 4.250000000016470381 ) ;
#4220 = ORIENTED_EDGE ( 'NONE', *, *, #2755, .T. ) ;
#4221 = CARTESIAN_POINT ( 'NONE',  ( -20.10102051443365312, 3.500000000000000000, -11.00000000000000000 ) ) ;
#4222 = UNCERTAINTY_MEASURE_WITH_UNIT (LENGTH_MEASURE( 1.000000000000000082E-05 ), #35, 'distance_accuracy_value', 'NONE');
#4223 = DIRECTION ( 'NONE',  ( -1.000000000000000000, 6.720365709737239323E-19, 3.850094936555169445E-17 ) ) ;
#4224 = CARTESIAN_POINT ( 'NONE',  ( -52.50000000000000000, -1.200000000000000178, 10.00000000000000000 ) ) ;
#4225 = DIRECTION ( 'NONE',  ( 0.0000000000000000000, -0.9998476951563912696, 0.01745240643728355329 ) ) ;
#4226 = ORIENTED_EDGE ( 'NONE', *, *, #5369, .F. ) ;
#4227 = LINE ( 'NONE', #8194, #5124 ) ;
#4228 = MECHANICAL_DESIGN_GEOMETRIC_PRESENTATION_REPRESENTATION (  '', ( #4466 ), #9591 ) ;
#4230 = FACE_OUTER_BOUND ( 'NONE', #5350, .T. ) ;
#4229 = AXIS2_PLACEMENT_3D ( 'NONE', #164, #1217, #251 ) ;
#4231 = CARTESIAN_POINT ( 'NONE',  ( -67.08039585117978731, -1.500000000000000000, -14.09999999999999964 ) ) ;
#4232 =( LENGTH_UNIT ( ) NAMED_UNIT ( * ) SI_UNIT ( .MILLI., .METRE. ) );
#4233 = CARTESIAN_POINT ( 'NONE',  ( 51.57763318989049850, 2.922366810109499724, -15.00000000000000000 ) ) ;
#4234 = FILL_AREA_STYLE ('',( #7120 ) ) ;
#4235 = DIRECTION ( 'NONE',  ( -0.9998476951563912696, -0.01745240643728355329, 0.0000000000000000000 ) ) ;
#4236 = FACE_OUTER_BOUND ( 'NONE', #11006, .T. ) ;
#4237 = ORIENTED_EDGE ( 'NONE', *, *, #9166, .F. ) ;
#4238 = FILL_AREA_STYLE ('',( #2289 ) ) ;
#4239 = COLOUR_RGB ( '',0.7529411764705882248, 0.7529411764705882248, 0.7529411764705882248 ) ;
#4240 = EDGE_CURVE ( 'NONE', #2468, #10761, #5934, .T. ) ;
#4241 = CARTESIAN_POINT ( 'NONE',  ( 24.27179998132965011, -0.1084596574344163927, -13.53859077518779941 ) ) ;
#4242 = SURFACE_STYLE_USAGE ( .BOTH. , #11925 ) ;
#4243 = STYLED_ITEM ( 'NONE', ( #11046 ), #8154 ) ;
#4244 = FILL_AREA_STYLE ('',( #2296 ) ) ;
#4245 = CARTESIAN_POINT ( 'NONE',  ( -24.00255597432955312, 2.118362159851436388, -11.18120578566617951 ) ) ;
#4246 = DIRECTION ( 'NONE',  ( 0.0000000000000000000, 1.000000000000000000, 0.0000000000000000000 ) ) ;
#4247 =( GEOMETRIC_REPRESENTATION_CONTEXT ( 3 ) GLOBAL_UNCERTAINTY_ASSIGNED_CONTEXT ( ( #11777 ) ) GLOBAL_UNIT_ASSIGNED_CONTEXT ( ( #11231, #7453, #12260 ) ) REPRESENTATION_CONTEXT ( 'NONE', 'WORKASPACE' ) );
#4248 = FACE_OUTER_BOUND ( 'NONE', #11392, .T. ) ;
#4249 = DIRECTION ( 'NONE',  ( 6.938893903907222067E-15, 0.0000000000000000000, 1.000000000000000000 ) ) ;
#4250 = ORIENTED_EDGE ( 'NONE', *, *, #7167, .F. ) ;
#4251 = CARTESIAN_POINT ( 'NONE',  ( -52.20000000000000284, -0.4000000000000000222, -5.599632742307179889 ) ) ;
#4252 = ADVANCED_FACE ( 'NONE', ( #3078 ), #4890, .T. ) ;
#4253 =( NAMED_UNIT ( * ) PLANE_ANGLE_UNIT ( ) SI_UNIT ( $, .RADIAN. ) );
#4254 = VECTOR ( 'NONE', #3211, 1000.000000000000000 ) ;
#4255 = EDGE_CURVE ( 'NONE', #2932, #4962, #3819, .T. ) ;
#4256 = AXIS2_PLACEMENT_3D ( 'NONE', #1414, #9190, #8121 ) ;
#4257 = FILL_AREA_STYLE_COLOUR ( '', #3687 ) ;
#4258 = AXIS2_PLACEMENT_3D ( 'NONE', #7997, #5269, #2366 ) ;
#4259 = VECTOR ( 'NONE', #9079, 1000.000000000000000 ) ;
#4260 = ORIENTED_EDGE ( 'NONE', *, *, #2496, .T. ) ;
#4261 =( GEOMETRIC_REPRESENTATION_CONTEXT ( 3 ) GLOBAL_UNCERTAINTY_ASSIGNED_CONTEXT ( ( #11592 ) ) GLOBAL_UNIT_ASSIGNED_CONTEXT ( ( #12184, #6564, #1059 ) ) REPRESENTATION_CONTEXT ( 'NONE', 'WORKASPACE' ) );
#4262 = SURFACE_SIDE_STYLE ('',( #9901 ) ) ;
#4263 = DIRECTION ( 'NONE',  ( -0.01745240643728355329, 0.9998476951563912696, 0.0000000000000000000 ) ) ;
#4264 = CARTESIAN_POINT ( 'NONE',  ( -26.56956399344712239, -0.6291582739833521121, -7.090035920607374642 ) ) ;
#4265 = LINE ( 'NONE', #2062, #920 ) ;
#4267 = ADVANCED_FACE ( 'NONE', ( #1712 ), #2455, .F. ) ;
#4266 =( NAMED_UNIT ( * ) PLANE_ANGLE_UNIT ( ) SI_UNIT ( $, .RADIAN. ) );
#4268 = EDGE_CURVE ( 'NONE', #4944, #10158, #6828, .T. ) ;
#4269 = CARTESIAN_POINT ( 'NONE',  ( -68.60321982055950230, 1.199999999999999956, -4.691892155827700250 ) ) ;
#4270 = EDGE_CURVE ( 'NONE', #7574, #3821, #82, .T. ) ;
#4271 = FILL_AREA_STYLE ('',( #9940 ) ) ;
#4272 = DIRECTION ( 'NONE',  ( 0.0000000000000000000, -1.000000000000000000, 0.0000000000000000000 ) ) ;
#4273 = LINE ( 'NONE', #6052, #2917 ) ;
#4274 = ORIENTED_EDGE ( 'NONE', *, *, #128, .T. ) ;
#4275 = LINE ( 'NONE', #2660, #1373 ) ;
#4276 = STYLED_ITEM ( 'NONE', ( #2899 ), #2869 ) ;
#4277 = EDGE_LOOP ( 'NONE', ( #11661, #2180, #7069, #6045 ) ) ;
#4278 = PRESENTATION_STYLE_ASSIGNMENT (( #696 ) ) ;
#4279 =( GEOMETRIC_REPRESENTATION_CONTEXT ( 3 ) GLOBAL_UNCERTAINTY_ASSIGNED_CONTEXT ( ( #10466 ) ) GLOBAL_UNIT_ASSIGNED_CONTEXT ( ( #3570, #12070, #6538 ) ) REPRESENTATION_CONTEXT ( 'NONE', 'WORKASPACE' ) );
#4280 = ORIENTED_EDGE ( 'NONE', *, *, #1416, .F. ) ;
#4281 = CIRCLE ( 'NONE', #9844, 0.2545558999690680779 ) ;
#4282 = DIRECTION ( 'NONE',  ( 1.000000000000000000, -8.432683563761129192E-16, 0.0000000000000000000 ) ) ;
#4283 = EDGE_CURVE ( 'NONE', #110, #3441, #9946, .T. ) ;
#4284 = DIRECTION ( 'NONE',  ( 1.000000000000000000, -8.879670859120935934E-17, 3.551868343648374571E-15 ) ) ;
#4285 = COLOUR_RGB ( '',0.7529411764705882248, 0.7529411764705882248, 0.7529411764705882248 ) ;
#4286 = FILL_AREA_STYLE ('',( #1029 ) ) ;
#4287 = EDGE_LOOP ( 'NONE', ( #9568, #10455, #11423, #3621, #6576, #10164 ) ) ;
#4288 = CARTESIAN_POINT ( 'NONE',  ( -32.14127246753589873, 1.800000000000000044, -4.658727532464030041 ) ) ;
#4289 = EDGE_CURVE ( 'NONE', #9297, #12082, #3223, .T. ) ;
#4290 = ORIENTED_EDGE ( 'NONE', *, *, #8853, .F. ) ;
#4291 = CARTESIAN_POINT ( 'NONE',  ( 23.75455589996909822, -0.2999999999999999889, 5.500000000000079048 ) ) ;
#4292 = COLOUR_RGB ( '',0.7529411764705882248, 0.7529411764705882248, 0.7529411764705882248 ) ;
#4293 = COLOUR_RGB ( '',0.7529411764705882248, 0.7529411764705882248, 0.7529411764705882248 ) ;
#4294 = AXIS2_PLACEMENT_3D ( 'NONE', #29, #8657, #74 ) ;
#4295 =( NAMED_UNIT ( * ) SI_UNIT ( $, .STERADIAN. ) SOLID_ANGLE_UNIT ( ) );
#4296 = VECTOR ( 'NONE', #5460, 1000.000000000000000 ) ;
#4297 = VERTEX_POINT ( 'NONE', #5472 ) ;
#4298 = SURFACE_STYLE_USAGE ( .BOTH. , #3328 ) ;
#4299 = ORIENTED_EDGE ( 'NONE', *, *, #9245, .T. ) ;
#4300 = AXIS2_PLACEMENT_3D ( 'NONE', #3351, #10021, #11916 ) ;
#4301 = STYLED_ITEM ( 'NONE', ( #11267 ), #7895 ) ;
#4302 = VECTOR ( 'NONE', #8783, 1000.000000000000000 ) ;
#4303 = UNCERTAINTY_MEASURE_WITH_UNIT (LENGTH_MEASURE( 1.000000000000000082E-05 ), #12389, 'distance_accuracy_value', 'NONE');
#4304 = UNCERTAINTY_MEASURE_WITH_UNIT (LENGTH_MEASURE( 1.000000000000000082E-05 ), #3689, 'distance_accuracy_value', 'NONE');
#4305 = SURFACE_SIDE_STYLE ('',( #8578 ) ) ;
#4306 = CARTESIAN_POINT ( 'NONE',  ( -25.85872753246410127, 1.800000000000000044, 15.00000000000000000 ) ) ;
#4307 = CARTESIAN_POINT ( 'NONE',  ( -26.92132936517365849, -0.4410035067346086968, -7.036482829085573876 ) ) ;
#4308 = SURFACE_SIDE_STYLE ('',( #7738 ) ) ;
#4309 = LINE ( 'NONE', #4306, #2034 ) ;
#4310 = CARTESIAN_POINT ( 'NONE',  ( -32.23495939512579866, 2.300000000089954977, 8.080378074460210058 ) ) ;
#4311 = ORIENTED_EDGE ( 'NONE', *, *, #7728, .T. ) ;
#4312 = DIRECTION ( 'NONE',  ( 0.0000000000000000000, 0.0000000000000000000, -1.000000000000000000 ) ) ;
#4313 = ORIENTED_EDGE ( 'NONE', *, *, #6206, .F. ) ;
#4314 = FILL_AREA_STYLE_COLOUR ( '', #1149 ) ;
#4315 = PLANE ( 'NONE',  #5749 ) ;
#4316 = ADVANCED_FACE ( 'NONE', ( #7721 ), #7409, .T. ) ;
#4317 =( LENGTH_UNIT ( ) NAMED_UNIT ( * ) SI_UNIT ( .MILLI., .METRE. ) );
#4318 = COLOUR_RGB ( '',0.7529411764705882248, 0.7529411764705882248, 0.7529411764705882248 ) ;
#4319 = AXIS2_PLACEMENT_3D ( 'NONE', #8197, #5232, #1368 ) ;
#4320 = FILL_AREA_STYLE ('',( #9990 ) ) ;
#4321 = SURFACE_STYLE_USAGE ( .BOTH. , #1381 ) ;
#4322 = DIRECTION ( 'NONE',  ( -1.000000000000000000, 0.0000000000000000000, 0.0000000000000000000 ) ) ;
#4323 = VECTOR ( 'NONE', #1348, 1000.000000000000000 ) ;
#4324 = FACE_OUTER_BOUND ( 'NONE', #12117, .T. ) ;
#4325 = CARTESIAN_POINT ( 'NONE',  ( -27.14127246753589873, 1.800000000000000044, -5.941272467535820390 ) ) ;
#4326 = ADVANCED_FACE ( 'NONE', ( #2620 ), #652, .T. ) ;
#4327 = FILL_AREA_STYLE ('',( #6269 ) ) ;
#4328 = PRESENTATION_STYLE_ASSIGNMENT (( #10360 ) ) ;
#4329 = SURFACE_STYLE_FILL_AREA ( #7841 ) ;
#4330 = EDGE_CURVE ( 'NONE', #6824, #5177, #9055, .T. ) ;
#4331 = PRESENTATION_LAYER_ASSIGNMENT (  '', '', ( #3286 ) ) ;
#4332 = LINE ( 'NONE', #8570, #1435 ) ;
#4333 = AXIS2_PLACEMENT_3D ( 'NONE', #1821, #12339, #7584 ) ;
#4334 = FILL_AREA_STYLE ('',( #11161 ) ) ;
#4335 = STYLED_ITEM ( 'NONE', ( #1325 ), #10514 ) ;
#4336 = CARTESIAN_POINT ( 'NONE',  ( 47.70000000000000284, -1.200000000000000178, -4.649999999999999467 ) ) ;
#4337 = LINE ( 'NONE', #4624, #5237 ) ;
#4338 = CIRCLE ( 'NONE', #8941, 0.1999999999999996503 ) ;
#4339 = ORIENTED_EDGE ( 'NONE', *, *, #2574, .F. ) ;
#4340 = VERTEX_POINT ( 'NONE', #10272 ) ;
#4341 = VECTOR ( 'NONE', #10695, 1000.000000000000000 ) ;
#4342 = CIRCLE ( 'NONE', #289, 0.5000000000000004441 ) ;
#4343 = VERTEX_POINT ( 'NONE', #4528 ) ;
#4344 = DIRECTION ( 'NONE',  ( 0.0000000000000000000, 0.0000000000000000000, 1.000000000000000000 ) ) ;
#4345 = DIRECTION ( 'NONE',  ( 1.089460857885327925E-44, 1.570078564354274866E-30, 1.000000000000000000 ) ) ;
#4346 = CARTESIAN_POINT ( 'NONE',  ( 22.84999999999999787, 2.299999999999999822, -2.782205948333389856 ) ) ;
#4347 =( GEOMETRIC_REPRESENTATION_CONTEXT ( 3 ) GLOBAL_UNCERTAINTY_ASSIGNED_CONTEXT ( ( #5122 ) ) GLOBAL_UNIT_ASSIGNED_CONTEXT ( ( #1147, #6896, #3029 ) ) REPRESENTATION_CONTEXT ( 'NONE', 'WORKASPACE' ) );
#4348 = ORIENTED_EDGE ( 'NONE', *, *, #4532, .F. ) ;
#4349 = SURFACE_STYLE_USAGE ( .BOTH. , #10060 ) ;
#4350 = PRESENTATION_LAYER_ASSIGNMENT (  '', '', ( #11133 ) ) ;
#4351 = SURFACE_STYLE_USAGE ( .BOTH. , #2370 ) ;
#4352 = DIRECTION ( 'NONE',  ( 1.156482317317879860E-16, 1.156482317317869999E-16, 1.000000000000000000 ) ) ;
#4353 =( GEOMETRIC_REPRESENTATION_CONTEXT ( 3 ) GLOBAL_UNCERTAINTY_ASSIGNED_CONTEXT ( ( #11223 ) ) GLOBAL_UNIT_ASSIGNED_CONTEXT ( ( #9501, #786, #1780 ) ) REPRESENTATION_CONTEXT ( 'NONE', 'WORKASPACE' ) );
#4354 = SURFACE_SIDE_STYLE ('',( #4647 ) ) ;
#4355 = DIRECTION ( 'NONE',  ( 0.0000000000000000000, 0.0000000000000000000, 1.000000000000000000 ) ) ;
#4356 = VERTEX_POINT ( 'NONE', #5563 ) ;
#4357 = ORIENTED_EDGE ( 'NONE', *, *, #8136, .T. ) ;
#4358 = ORIENTED_EDGE ( 'NONE', *, *, #7779, .T. ) ;
#4359 = DIRECTION ( 'NONE',  ( 0.0000000000000000000, 0.0000000000000000000, 1.000000000000000000 ) ) ;
#4360 = EDGE_CURVE ( 'NONE', #3567, #7348, #1375, .T. ) ;
#4361 = ORIENTED_EDGE ( 'NONE', *, *, #12122, .F. ) ;
#4362 = VERTEX_POINT ( 'NONE', #738 ) ;
#4363 = EDGE_CURVE ( 'NONE', #1819, #6445, #3968, .T. ) ;
#4364 = ORIENTED_EDGE ( 'NONE', *, *, #4909, .T. ) ;
#4365 =( LENGTH_UNIT ( ) NAMED_UNIT ( * ) SI_UNIT ( .MILLI., .METRE. ) );
#4366 = DIRECTION ( 'NONE',  ( 0.0000000000000000000, 1.000000000000000000, 0.0000000000000000000 ) ) ;
#4367 = MECHANICAL_DESIGN_GEOMETRIC_PRESENTATION_REPRESENTATION (  '', ( #4128 ), #8209 ) ;
#4368 = ORIENTED_EDGE ( 'NONE', *, *, #6811, .F. ) ;
#4369 = FILL_AREA_STYLE ('',( #10233 ) ) ;
#4370 =( NAMED_UNIT ( * ) SI_UNIT ( $, .STERADIAN. ) SOLID_ANGLE_UNIT ( ) );
#4371 = FILL_AREA_STYLE ('',( #11932 ) ) ;
#4372 = DIRECTION ( 'NONE',  ( 0.0000000000000000000, 0.0000000000000000000, -1.000000000000000000 ) ) ;
#4373 = CIRCLE ( 'NONE', #7219, 1.400000000000000133 ) ;
#4374 = COLOUR_RGB ( '',0.7529411764705882248, 0.7529411764705882248, 0.7529411764705882248 ) ;
#4375 =( GEOMETRIC_REPRESENTATION_CONTEXT ( 3 ) GLOBAL_UNCERTAINTY_ASSIGNED_CONTEXT ( ( #7910 ) ) GLOBAL_UNIT_ASSIGNED_CONTEXT ( ( #6462, #689, #4524 ) ) REPRESENTATION_CONTEXT ( 'NONE', 'WORKASPACE' ) );
#4376 = CARTESIAN_POINT ( 'NONE',  ( 51.37447730648819544, 2.999999999999920064, -14.74287683150221895 ) ) ;
#4377 = CARTESIAN_POINT ( 'NONE',  ( 6.463458404664350176, 3.500000000000000000, 53.75838235161799616 ) ) ;
#4378 = ORIENTED_EDGE ( 'NONE', *, *, #1512, .T. ) ;
#4379 = ORIENTED_EDGE ( 'NONE', *, *, #1665, .T. ) ;
#4380 = UNCERTAINTY_MEASURE_WITH_UNIT (LENGTH_MEASURE( 1.000000000000000082E-05 ), #5287, 'distance_accuracy_value', 'NONE');
#4381 = CIRCLE ( 'NONE', #3755, 1.400000000000000133 ) ;
#4382 = SURFACE_STYLE_USAGE ( .BOTH. , #3416 ) ;
#4383 = DIRECTION ( 'NONE',  ( 1.000000000000000000, 0.0000000000000000000, 0.0000000000000000000 ) ) ;
#4384 = CARTESIAN_POINT ( 'NONE',  ( 47.50000000000000000, -1.200000000021375079, 10.00000000000000000 ) ) ;
#4386 = ADVANCED_FACE ( 'NONE', ( #6543 ), #7620, .T. ) ;
#4385 = SURFACE_SIDE_STYLE ('',( #7866 ) ) ;
#4387 = EDGE_LOOP ( 'NONE', ( #4563, #4735, #11804, #3661 ) ) ;
#4388 = CARTESIAN_POINT ( 'NONE',  ( 23.50000000000000000, 1.800000000000000044, -5.299999999999999822 ) ) ;
#4389 = DIRECTION ( 'NONE',  ( 0.0000000000000000000, 1.000000000000000000, 0.0000000000000000000 ) ) ;
#4390 = DIRECTION ( 'NONE',  ( -0.01744974916066639389, -0.9996954598818876825, -0.01744974916068199600 ) ) ;
#4391 = DIRECTION ( 'NONE',  ( 0.0000000000000000000, 1.325096551715849972E-13, -1.000000000000000000 ) ) ;
#4392 = DIRECTION ( 'NONE',  ( -1.000000000000000000, 0.0000000000000000000, 0.0000000000000000000 ) ) ;
#4393 = CARTESIAN_POINT ( 'NONE',  ( 24.14127246753590228, 1.800000000000000044, 15.00000000000000000 ) ) ;
#4394 = EDGE_CURVE ( 'NONE', #8323, #9162, #12001, .T. ) ;
#4395 = DIRECTION ( 'NONE',  ( 0.0000000000000000000, 0.0000000000000000000, -1.000000000000000000 ) ) ;
#4396 = FILL_AREA_STYLE_COLOUR ( '', #2043 ) ;
#4397 = ORIENTED_EDGE ( 'NONE', *, *, #1641, .T. ) ;
#4398 = COLOUR_RGB ( '',0.7529411764705882248, 0.7529411764705882248, 0.7529411764705882248 ) ;
#4399 =( GEOMETRIC_REPRESENTATION_CONTEXT ( 3 ) GLOBAL_UNCERTAINTY_ASSIGNED_CONTEXT ( ( #10104 ) ) GLOBAL_UNIT_ASSIGNED_CONTEXT ( ( #10984, #4662, #9290 ) ) REPRESENTATION_CONTEXT ( 'NONE', 'WORKASPACE' ) );
#4400 = SURFACE_SIDE_STYLE ('',( #8208 ) ) ;
#4401 =( NAMED_UNIT ( * ) PLANE_ANGLE_UNIT ( ) SI_UNIT ( $, .RADIAN. ) );
#4402 = CARTESIAN_POINT ( 'NONE',  ( -51.29999999999999716, -0.1000000000000000472, -7.200000000000000178 ) ) ;
#4403 = CARTESIAN_POINT ( 'NONE',  ( -51.53315663411641623, 2.966843365889745954, -14.71985184578397110 ) ) ;
#4404 =( GEOMETRIC_REPRESENTATION_CONTEXT ( 3 ) GLOBAL_UNCERTAINTY_ASSIGNED_CONTEXT ( ( #604 ) ) GLOBAL_UNIT_ASSIGNED_CONTEXT ( ( #6113, #5981, #7075 ) ) REPRESENTATION_CONTEXT ( 'NONE', 'WORKASPACE' ) );
#4405 = SURFACE_STYLE_USAGE ( .BOTH. , #7255 ) ;
#4406 = CARTESIAN_POINT ( 'NONE',  ( -51.29999999999999716, -0.1000000000000000472, -6.000000000000000000 ) ) ;
#4407 = CARTESIAN_POINT ( 'NONE',  ( 51.38735335497159440, 3.028355376528460319, -14.91406937559037971 ) ) ;
#4408 = LINE ( 'NONE', #6177, #1841 ) ;
#4409 = ORIENTED_EDGE ( 'NONE', *, *, #11220, .T. ) ;
#4410 = CARTESIAN_POINT ( 'NONE',  ( -68.60321982055950230, -1.200000000000000178, 21.39567676978599664 ) ) ;
#4411 = EDGE_CURVE ( 'NONE', #7636, #9866, #172, .T. ) ;
#4412 = PRESENTATION_STYLE_ASSIGNMENT (( #11624 ) ) ;
#4413 =( GEOMETRIC_REPRESENTATION_CONTEXT ( 3 ) GLOBAL_UNCERTAINTY_ASSIGNED_CONTEXT ( ( #9843 ) ) GLOBAL_UNIT_ASSIGNED_CONTEXT ( ( #5645, #10262, #5514 ) ) REPRESENTATION_CONTEXT ( 'NONE', 'WORKASPACE' ) );
#4414 = DIRECTION ( 'NONE',  ( 0.0000000000000000000, -1.000000000000000000, 0.0000000000000000000 ) ) ;
#4415 = ORIENTED_EDGE ( 'NONE', *, *, #3792, .F. ) ;
#4416 = AXIS2_PLACEMENT_3D ( 'NONE', #9500, #7454, #1689 ) ;
#4417 = FACE_OUTER_BOUND ( 'NONE', #3594, .T. ) ;
#4418 = MECHANICAL_DESIGN_GEOMETRIC_PRESENTATION_REPRESENTATION (  '', ( #1832 ), #4261 ) ;
#4419 =( NAMED_UNIT ( * ) PLANE_ANGLE_UNIT ( ) SI_UNIT ( $, .RADIAN. ) );
#4420 = VERTEX_POINT ( 'NONE', #993 ) ;
#4421 = FACE_OUTER_BOUND ( 'NONE', #6577, .T. ) ;
#4422 = SURFACE_STYLE_USAGE ( .BOTH. , #3569 ) ;
#4423 = CARTESIAN_POINT ( 'NONE',  ( -52.50000000000000000, 3.000000000000000000, 13.79289321881346098 ) ) ;
#4424 =( NAMED_UNIT ( * ) SI_UNIT ( $, .STERADIAN. ) SOLID_ANGLE_UNIT ( ) );
#4425 = EDGE_CURVE ( 'NONE', #10411, #6034, #2908, .T. ) ;
#4426 = VERTEX_POINT ( 'NONE', #6665 ) ;
#4427 = FILL_AREA_STYLE_COLOUR ( '', #4598 ) ;
#4428 = AXIS2_PLACEMENT_3D ( 'NONE', #4205, #1352, #10910 ) ;
#4429 = DIRECTION ( 'NONE',  ( 1.000000000000000000, 0.0000000000000000000, 0.0000000000000000000 ) ) ;
#4430 = EDGE_LOOP ( 'NONE', ( #6563, #9732, #5768, #95, #8544, #2211, #8395, #254, #9332, #9285, #2255, #8308, #2039, #5259, #4260, #6433 ) ) ;
#4431 = SURFACE_STYLE_USAGE ( .BOTH. , #9158 ) ;
#4432 = ORIENTED_EDGE ( 'NONE', *, *, #905, .F. ) ;
#4433 = DIRECTION ( 'NONE',  ( 0.0000000000000000000, -1.000000000000000000, 0.0000000000000000000 ) ) ;
#4434 = FILL_AREA_STYLE ('',( #9069 ) ) ;
#4435 = COLOUR_RGB ( '',0.7529411764705882248, 0.7529411764705882248, 0.7529411764705882248 ) ;
#4436 = FILL_AREA_STYLE ('',( #7205 ) ) ;
#4437 = STYLED_ITEM ( 'NONE', ( #1266 ), #3495 ) ;
#4438 = ORIENTED_EDGE ( 'NONE', *, *, #453, .F. ) ;
#4439 = FILL_AREA_STYLE_COLOUR ( '', #10809 ) ;
#4440 = ORIENTED_EDGE ( 'NONE', *, *, #336, .T. ) ;
#4441 = DIRECTION ( 'NONE',  ( 0.0000000000000000000, 1.000000000000000000, 0.0000000000000000000 ) ) ;
#4442 = CARTESIAN_POINT ( 'NONE',  ( 23.22758887272735961, 0.9357514511679153602, -13.12987184024515130 ) ) ;
#4443 = CYLINDRICAL_SURFACE ( 'NONE', #1349, 1.400000000000000133 ) ;
#4444 = SURFACE_SIDE_STYLE ('',( #374 ) ) ;
#4445 = PRESENTATION_STYLE_ASSIGNMENT (( #8405 ) ) ;
#4446 = PRESENTATION_LAYER_ASSIGNMENT (  '', '', ( #3551 ) ) ;
#4447 = CARTESIAN_POINT ( 'NONE',  ( 25.17854103316059877, -1.200000000012820145, -5.950000000000000178 ) ) ;
#4448 = EDGE_CURVE ( 'NONE', #6824, #10720, #5452, .T. ) ;
#4449 = FILL_AREA_STYLE_COLOUR ( '', #406 ) ;
#4450 = ADVANCED_FACE ( 'NONE', ( #10226 ), #6973, .F. ) ;
#4451 = SURFACE_SIDE_STYLE ('',( #6279 ) ) ;
#4452 = PRESENTATION_STYLE_ASSIGNMENT (( #7646 ) ) ;
#4453 = ADVANCED_FACE ( 'NONE', ( #1229 ), #11426, .T. ) ;
#4454 = EDGE_CURVE ( 'NONE', #8632, #7203, #4265, .T. ) ;
#4455 =( LENGTH_UNIT ( ) NAMED_UNIT ( * ) SI_UNIT ( .MILLI., .METRE. ) );
#4456 = LINE ( 'NONE', #7922, #1257 ) ;
#4457 = ORIENTED_EDGE ( 'NONE', *, *, #7827, .T. ) ;
#4458 = DIRECTION ( 'NONE',  ( 1.000000000000000000, 9.637352644330754684E-16, 0.0000000000000000000 ) ) ;
#4459 = ORIENTED_EDGE ( 'NONE', *, *, #4846, .T. ) ;
#4460 =( NAMED_UNIT ( * ) PLANE_ANGLE_UNIT ( ) SI_UNIT ( $, .RADIAN. ) );
#4461 = LINE ( 'NONE', #3214, #9241 ) ;
#4462 = AXIS2_PLACEMENT_3D ( 'NONE', #11587, #3962, #8775 ) ;
#4463 = FACE_OUTER_BOUND ( 'NONE', #11276, .T. ) ;
#4464 = LINE ( 'NONE', #6745, #8509 ) ;
#4465 = PLANE ( 'NONE',  #1942 ) ;
#4466 = STYLED_ITEM ( 'NONE', ( #2668 ), #373 ) ;
#4467 = LINE ( 'NONE', #9093, #1274 ) ;
#4468 =( GEOMETRIC_REPRESENTATION_CONTEXT ( 3 ) GLOBAL_UNCERTAINTY_ASSIGNED_CONTEXT ( ( #1575 ) ) GLOBAL_UNIT_ASSIGNED_CONTEXT ( ( #91, #3194, #1106 ) ) REPRESENTATION_CONTEXT ( 'NONE', 'WORKASPACE' ) );
#4469 = PRESENTATION_LAYER_ASSIGNMENT (  '', '', ( #9813 ) ) ;
#4470 = COLOUR_RGB ( '',0.7529411764705882248, 0.7529411764705882248, 0.7529411764705882248 ) ;
#4471 = SURFACE_STYLE_USAGE ( .BOTH. , #8440 ) ;
#4472 =( NAMED_UNIT ( * ) SI_UNIT ( $, .STERADIAN. ) SOLID_ANGLE_UNIT ( ) );
#4473 = CARTESIAN_POINT ( 'NONE',  ( -68.60321982055950230, -1.200000000000000178, 4.850000000000000533 ) ) ;
#4474 = DIRECTION ( 'NONE',  ( 0.0000000000000000000, 0.0000000000000000000, 1.000000000000000000 ) ) ;
#4475 = EDGE_CURVE ( 'NONE', #8892, #10026, #12303, .T. ) ;
#4476 = CARTESIAN_POINT ( 'NONE',  ( -32.23495939512579866, 3.499999999999955147, 8.080378074460259796 ) ) ;
#4477 = DIRECTION ( 'NONE',  ( 0.0000000000000000000, 0.0000000000000000000, -1.000000000000000000 ) ) ;
#4478 = DIRECTION ( 'NONE',  ( 1.000000000000000000, 0.0000000000000000000, 0.0000000000000000000 ) ) ;
#4479 = CIRCLE ( 'NONE', #4428, 0.5000000000000268674 ) ;
#4480 = PRESENTATION_LAYER_ASSIGNMENT (  '', '', ( #3829 ) ) ;
#4481 = FILL_AREA_STYLE ('',( #10186 ) ) ;
#4482 = CIRCLE ( 'NONE', #645, 1.758107844169843448 ) ;
#4483 = LINE ( 'NONE', #6310, #7034 ) ;
#4484 = CARTESIAN_POINT ( 'NONE',  ( -25.85872753246410127, 1.800000000000000044, -4.658727532464030041 ) ) ;
#4485 = ORIENTED_EDGE ( 'NONE', *, *, #8507, .T. ) ;
#4486 = CARTESIAN_POINT ( 'NONE',  ( 23.50000000000000000, -0.6999999999999999556, 5.500000000000079048 ) ) ;
#4487 = CIRCLE ( 'NONE', #8176, 1.400000000000000133 ) ;
#4488 = DIRECTION ( 'NONE',  ( 1.000000000000000000, 0.0000000000000000000, 0.0000000000000000000 ) ) ;
#4489 = FILL_AREA_STYLE_COLOUR ( '', #7538 ) ;
#4490 = B_SPLINE_CURVE_WITH_KNOTS ( 'NONE', 3,
 ( #7056, #1269, #9871, #1306, #4158, #10823, #5158, #4245, #8010, #384, #3277, #2264, #8960, #1350, #3233, #9918, #4202, #2297, #9002, #9956, #8091, #10907, #5197, #11850 ),
 .UNSPECIFIED., .F., .F.,
 ( 4, 2, 2, 1, 1, 1, 2, 2, 2, 1, 1, 1, 2, 2, 4 ),
 ( 0.0000000000000000000, 0.2499999999999815148, 0.3749999999999732436, 0.4374999999999697464, 0.4687499999999679701, 0.4843749999999670819, 0.4921874999999659717, 0.4999999999999649170, 0.6249999999999791278, 0.6874999999999850120, 0.7187499999999875655, 0.7343749999999888978, 0.7421874999999895639, 0.7499999999999901190, 1.000000000000000000 ),
 .UNSPECIFIED. ) ;
#4491 = LINE ( 'NONE', #10506, #12372 ) ;
#4492 = VERTEX_POINT ( 'NONE', #8861 ) ;
#4493 = SURFACE_SIDE_STYLE ('',( #2514 ) ) ;
#4494 = EDGE_CURVE ( 'NONE', #8553, #5245, #2299, .T. ) ;
#4495 = UNCERTAINTY_MEASURE_WITH_UNIT (LENGTH_MEASURE( 1.000000000000000082E-05 ), #7892, 'distance_accuracy_value', 'NONE');
#4496 =( GEOMETRIC_REPRESENTATION_CONTEXT ( 3 ) GLOBAL_UNCERTAINTY_ASSIGNED_CONTEXT ( ( #3559 ) ) GLOBAL_UNIT_ASSIGNED_CONTEXT ( ( #9007, #12320, #11613 ) ) REPRESENTATION_CONTEXT ( 'NONE', 'WORKASPACE' ) );
#4497 = DIRECTION ( 'NONE',  ( 0.0000000000000000000, -1.000000000000000000, 0.0000000000000000000 ) ) ;
#4498 = PRESENTATION_STYLE_ASSIGNMENT (( #6924 ) ) ;
#4499 = VECTOR ( 'NONE', #9556, 1000.000000000000000 ) ;
#4500 =( GEOMETRIC_REPRESENTATION_CONTEXT ( 3 ) GLOBAL_UNCERTAINTY_ASSIGNED_CONTEXT ( ( #2522 ) ) GLOBAL_UNIT_ASSIGNED_CONTEXT ( ( #8938, #7274, #12027 ) ) REPRESENTATION_CONTEXT ( 'NONE', 'WORKASPACE' ) );
#4501 = CARTESIAN_POINT ( 'NONE',  ( -32.14999999999999858, 2.299999999999999822, -5.949999999999919353 ) ) ;
#4502 = ORIENTED_EDGE ( 'NONE', *, *, #4211, .F. ) ;
#4503 = ORIENTED_EDGE ( 'NONE', *, *, #2391, .F. ) ;
#4505 = ORIENTED_EDGE ( 'NONE', *, *, #2141, .T. ) ;
#4504 = LINE ( 'NONE', #3301, #2541 ) ;
#4506 = STYLED_ITEM ( 'NONE', ( #4545 ), #10632 ) ;
#4507 = PLANE ( 'NONE',  #9862 ) ;
#4508 = DIRECTION ( 'NONE',  ( 0.0000000000000000000, 0.0000000000000000000, 1.000000000000000000 ) ) ;
#4509 = LINE ( 'NONE', #9635, #9283 ) ;
#4510 = ORIENTED_EDGE ( 'NONE', *, *, #10486, .T. ) ;
#4511 = ORIENTED_EDGE ( 'NONE', *, *, #4670, .T. ) ;
#4512 = CARTESIAN_POINT ( 'NONE',  ( -47.50000000000000000, -1.500000000021375124, 10.00000000000000000 ) ) ;
#4513 = LINE ( 'NONE', #11929, #10016 ) ;
#4514 = EDGE_CURVE ( 'NONE', #697, #10310, #6073, .T. ) ;
#4515 = EDGE_LOOP ( 'NONE', ( #9691, #8726, #8706, #3833, #10327, #5097 ) ) ;
#4516 = CARTESIAN_POINT ( 'NONE',  ( -20.10102051443365312, 3.405465559969194977, -11.00000000000000000 ) ) ;
#4517 = ORIENTED_EDGE ( 'NONE', *, *, #12000, .F. ) ;
#4519 = ADVANCED_FACE ( 'NONE', ( #9645, #3504 ), #6952, .T. ) ;
#4518 = CARTESIAN_POINT ( 'NONE',  ( 21.39587738546816098, 2.295723596757384133, -10.29502655031668290 ) ) ;
#4520 = MECHANICAL_DESIGN_GEOMETRIC_PRESENTATION_REPRESENTATION (  '', ( #2331 ), #7967 ) ;
#4521 = ORIENTED_EDGE ( 'NONE', *, *, #9414, .T. ) ;
#4522 = VERTEX_POINT ( 'NONE', #9690 ) ;
#4523 = AXIS2_PLACEMENT_3D ( 'NONE', #6430, #11184, #4441 ) ;
#4524 =( NAMED_UNIT ( * ) SI_UNIT ( $, .STERADIAN. ) SOLID_ANGLE_UNIT ( ) );
#4525 = STYLED_ITEM ( 'NONE', ( #7637 ), #11801 ) ;
#4526 = CARTESIAN_POINT ( 'NONE',  ( -28.69999999999999929, -0.2000000000000000389, -13.18254493507179959 ) ) ;
#4527 = CARTESIAN_POINT ( 'NONE',  ( -50.70000000000000284, -1.200000000000000178, 21.39567676978599664 ) ) ;
#4528 = CARTESIAN_POINT ( 'NONE',  ( 47.50000000000000000, -1.199999999973579756, 13.79999999999060023 ) ) ;
#4529 = VECTOR ( 'NONE', #3145, 1000.000000000000000 ) ;
#4530 = EDGE_CURVE ( 'NONE', #4356, #4207, #6224, .T. ) ;
#4531 = EDGE_LOOP ( 'NONE', ( #1637, #5411, #4912, #550 ) ) ;
#4532 = EDGE_CURVE ( 'NONE', #8234, #4878, #6529, .T. ) ;
#4533 = ORIENTED_EDGE ( 'NONE', *, *, #3668, .F. ) ;
#4534 = LINE ( 'NONE', #10265, #8866 ) ;
#4535 =( NAMED_UNIT ( * ) SI_UNIT ( $, .STERADIAN. ) SOLID_ANGLE_UNIT ( ) );
#4536 = DIRECTION ( 'NONE',  ( 0.0000000000000000000, -0.7071067811865474617, -0.7071067811865474617 ) ) ;
#4537 = CARTESIAN_POINT ( 'NONE',  ( -25.85000000000000142, -1.200000000016025137, -3.621458966841315075 ) ) ;
#4538 = MECHANICAL_DESIGN_GEOMETRIC_PRESENTATION_REPRESENTATION (  '', ( #6229 ), #9651 ) ;
#4539 = CARTESIAN_POINT ( 'NONE',  ( -52.50000000000000000, 1.800000000000000044, -4.658727532464030041 ) ) ;
#4540 = DIRECTION ( 'NONE',  ( 4.625929269271489858E-16, 0.0000000000000000000, 1.000000000000000000 ) ) ;
#4541 = CARTESIAN_POINT ( 'NONE',  ( -47.50000000000000000, -1.199999999999999956, 15.00000000000000000 ) ) ;
#4542 = ORIENTED_EDGE ( 'NONE', *, *, #6680, .F. ) ;
#4543 =( LENGTH_UNIT ( ) NAMED_UNIT ( * ) SI_UNIT ( .MILLI., .METRE. ) );
#4544 = AXIS2_PLACEMENT_3D ( 'NONE', #8335, #10241, #713 ) ;
#4545 = PRESENTATION_STYLE_ASSIGNMENT (( #7256 ) ) ;
#4546 = MECHANICAL_DESIGN_GEOMETRIC_PRESENTATION_REPRESENTATION (  '', ( #6491 ), #2846 ) ;
#4547 = DIRECTION ( 'NONE',  ( 0.0000000000000000000, 0.0000000000000000000, 1.000000000000000000 ) ) ;
#4548 = SURFACE_SIDE_STYLE ('',( #8481 ) ) ;
#4549 = DIRECTION ( 'NONE',  ( 0.0000000000000000000, 1.000000000000000000, 0.0000000000000000000 ) ) ;
#4550 = VERTEX_POINT ( 'NONE', #11412 ) ;
#4551 = FACE_OUTER_BOUND ( 'NONE', #11495, .T. ) ;
#4552 = CARTESIAN_POINT ( 'NONE',  ( -20.50354910820578880, 3.405456524633504234, -11.00004426392420598 ) ) ;
#4553 = SURFACE_STYLE_USAGE ( .BOTH. , #9316 ) ;
#4554 = CARTESIAN_POINT ( 'NONE',  ( -28.69999999999999929, 0.7999999999999999334, -13.19999999999999929 ) ) ;
#4555 = CARTESIAN_POINT ( 'NONE',  ( -51.60000000000000142, -1.500000000000000000, -11.60036725769282029 ) ) ;
#4556 = STYLED_ITEM ( 'NONE', ( #9116 ), #1370 ) ;
#4557 = PRESENTATION_STYLE_ASSIGNMENT (( #1333 ) ) ;
#4558 = DIRECTION ( 'NONE',  ( 6.190234600095519637E-17, -1.000000000000000000, 0.0000000000000000000 ) ) ;
#4559 =( LENGTH_UNIT ( ) NAMED_UNIT ( * ) SI_UNIT ( .MILLI., .METRE. ) );
#4560 = CARTESIAN_POINT ( 'NONE',  ( 23.50000000000000000, 1.800000000000000044, -4.299999999999999822 ) ) ;
#4561 =( NAMED_UNIT ( * ) SI_UNIT ( $, .STERADIAN. ) SOLID_ANGLE_UNIT ( ) );
#4562 = CONICAL_SURFACE ( 'NONE', #4620, 4.999999999929521266, 0.7853981634258705435 ) ;
#4563 = ORIENTED_EDGE ( 'NONE', *, *, #5483, .F. ) ;
#4564 = SURFACE_SIDE_STYLE ('',( #7424 ) ) ;
#4565 = PRESENTATION_STYLE_ASSIGNMENT (( #11922 ) ) ;
#4566 = PLANE ( 'NONE',  #10477 ) ;
#4567 = EDGE_CURVE ( 'NONE', #10310, #857, #5692, .T. ) ;
#4568 = FILL_AREA_STYLE_COLOUR ( '', #4181 ) ;
#4569 = CARTESIAN_POINT ( 'NONE',  ( 42.44674335738390170, 3.000000000000000000, -0.9832966566726730751 ) ) ;
#4570 = CARTESIAN_POINT ( 'NONE',  ( 47.50000000000000000, -2.700000000000000178, -14.00000000000000000 ) ) ;
#4571 = AXIS2_PLACEMENT_3D ( 'NONE', #5710, #7595, #4834 ) ;
#4572 = MECHANICAL_DESIGN_GEOMETRIC_PRESENTATION_REPRESENTATION (  '', ( #2393 ), #4399 ) ;
#4573 = VECTOR ( 'NONE', #11684, 1000.000000000000000 ) ;
#4574 = ADVANCED_FACE ( 'NONE', ( #3649 ), #8971, .T. ) ;
#4575 =( NAMED_UNIT ( * ) PLANE_ANGLE_UNIT ( ) SI_UNIT ( $, .RADIAN. ) );
#4576 = EDGE_LOOP ( 'NONE', ( #2420, #11882, #11594, #258, #9145 ) ) ;
#4577 = CARTESIAN_POINT ( 'NONE',  ( 21.85040973523910068, 1.200000000001047784, -4.691892155827740218 ) ) ;
#4579 = B_SPLINE_CURVE_WITH_KNOTS ( 'NONE', 3,
 ( #8167, #11020, #12045, #2425 ),
 .UNSPECIFIED., .F., .F.,
 ( 4, 4 ),
 ( 5.982882026026880290E-15, 0.002400540168329020046 ),
 .UNSPECIFIED. ) ;
#4578 = MECHANICAL_DESIGN_GEOMETRIC_PRESENTATION_REPRESENTATION (  '', ( #4335 ), #1981 ) ;
#4580 = DIRECTION ( 'NONE',  ( 0.8635884396940550767, 0.0000000000000000000, -0.5041973887544314303 ) ) ;
#4581 = ADVANCED_FACE ( 'NONE', ( #7785 ), #3137, .T. ) ;
#4582 = ORIENTED_EDGE ( 'NONE', *, *, #8136, .F. ) ;
#4583 = CARTESIAN_POINT ( 'NONE',  ( 37.63824873692700379, 3.066987298041115029, -2.782205948333395185 ) ) ;
#4584 = UNCERTAINTY_MEASURE_WITH_UNIT (LENGTH_MEASURE( 1.000000000000000082E-05 ), #10366, 'distance_accuracy_value', 'NONE');
#4585 = PLANE ( 'NONE',  #1009 ) ;
#4586 = VERTEX_POINT ( 'NONE', #5754 ) ;
#4587 = DIRECTION ( 'NONE',  ( -1.000000000000000000, 0.0000000000000000000, 0.0000000000000000000 ) ) ;
#4588 = PRESENTATION_STYLE_ASSIGNMENT (( #1997 ) ) ;
#4589 = ORIENTED_EDGE ( 'NONE', *, *, #12166, .T. ) ;
#4590 = UNCERTAINTY_MEASURE_WITH_UNIT (LENGTH_MEASURE( 1.000000000000000082E-05 ), #3708, 'distance_accuracy_value', 'NONE');
#4591 = SURFACE_STYLE_FILL_AREA ( #7400 ) ;
#4592 =( NAMED_UNIT ( * ) SI_UNIT ( $, .STERADIAN. ) SOLID_ANGLE_UNIT ( ) );
#4593 = ORIENTED_EDGE ( 'NONE', *, *, #1883, .F. ) ;
#4594 =( GEOMETRIC_REPRESENTATION_CONTEXT ( 3 ) GLOBAL_UNCERTAINTY_ASSIGNED_CONTEXT ( ( #4304 ) ) GLOBAL_UNIT_ASSIGNED_CONTEXT ( ( #3689, #9348, #2689 ) ) REPRESENTATION_CONTEXT ( 'NONE', 'WORKASPACE' ) );
#4595 = TOROIDAL_SURFACE ( 'NONE', #7504, 4.000000000000280664, 0.5000000000000000000 ) ;
#4596 = FILL_AREA_STYLE ('',( #7611 ) ) ;
#4597 = AXIS2_PLACEMENT_3D ( 'NONE', #235, #2195, #6988 ) ;
#4598 = COLOUR_RGB ( '',0.7529411764705882248, 0.7529411764705882248, 0.7529411764705882248 ) ;
#4599 = DIRECTION ( 'NONE',  ( 1.000000000000000000, -1.238046920028748738E-16, 0.0000000000000000000 ) ) ;
#4600 = CARTESIAN_POINT ( 'NONE',  ( -51.29999999999999716, -0.4000000000000000222, -8.599999999999999645 ) ) ;
#4601 = FILL_AREA_STYLE_COLOUR ( '', #7494 ) ;
#4602 = CARTESIAN_POINT ( 'NONE',  ( 51.59999999998230180, -1.500000000000000000, -24.13675991466964987 ) ) ;
#4603 = EDGE_CURVE ( 'NONE', #11572, #5539, #10463, .T. ) ;
#4604 = CARTESIAN_POINT ( 'NONE',  ( 51.62350880290129851, 2.876491197098739683, -14.85645158053764092 ) ) ;
#4605 = VERTEX_POINT ( 'NONE', #3692 ) ;
#4606 = AXIS2_PLACEMENT_3D ( 'NONE', #3592, #1697, #1657 ) ;
#4607 = DIRECTION ( 'NONE',  ( -1.000000000000000000, 0.0000000000000000000, 0.0000000000000000000 ) ) ;
#4608 = ORIENTED_EDGE ( 'NONE', *, *, #11069, .F. ) ;
#4609 =( NAMED_UNIT ( * ) SI_UNIT ( $, .STERADIAN. ) SOLID_ANGLE_UNIT ( ) );
#4610 = PRESENTATION_STYLE_ASSIGNMENT (( #4431 ) ) ;
#4611 = FACE_OUTER_BOUND ( 'NONE', #11285, .T. ) ;
#4612 =( NAMED_UNIT ( * ) SI_UNIT ( $, .STERADIAN. ) SOLID_ANGLE_UNIT ( ) );
#4613 = PRESENTATION_LAYER_ASSIGNMENT (  '', '', ( #8621 ) ) ;
#4614 = VECTOR ( 'NONE', #360, 1000.000000000000000 ) ;
#4615 = DIRECTION ( 'NONE',  ( -1.000000000000000000, 0.0000000000000000000, 0.0000000000000000000 ) ) ;
#4617 = ORIENTED_EDGE ( 'NONE', *, *, #3406, .F. ) ;
#4616 = DIRECTION ( 'NONE',  ( 0.0000000000000000000, 2.606747314850704966E-13, -1.000000000000000000 ) ) ;
#4618 =( NAMED_UNIT ( * ) SI_UNIT ( $, .STERADIAN. ) SOLID_ANGLE_UNIT ( ) );
#4619 = ORIENTED_EDGE ( 'NONE', *, *, #2290, .F. ) ;
#4620 = AXIS2_PLACEMENT_3D ( 'NONE', #6216, #11924, #2337 ) ;
#4621 = ORIENTED_EDGE ( 'NONE', *, *, #6302, .T. ) ;
#4622 = EDGE_CURVE ( 'NONE', #5505, #319, #6458, .T. ) ;
#4623 = CARTESIAN_POINT ( 'NONE',  ( -26.50000000000000000, 1.199999999999999956, 5.500000000000000000 ) ) ;
#4624 = CARTESIAN_POINT ( 'NONE',  ( -27.15000000000000213, 2.299999999999999822, -2.782205948333395185 ) ) ;
#4625 = CARTESIAN_POINT ( 'NONE',  ( -36.66860050610065258, 3.500000000000000000, 10.66891465980341991 ) ) ;
#4626 = DIRECTION ( 'NONE',  ( -5.216341918334364892E-16, 0.3420201433256644941, -0.9396926207859099822 ) ) ;
#4627 = COLOUR_RGB ( '',0.7529411764705882248, 0.7529411764705882248, 0.7529411764705882248 ) ;
#4628 = DIRECTION ( 'NONE',  ( -1.000000000000000000, 0.0000000000000000000, 0.0000000000000000000 ) ) ;
#4629 = FACE_OUTER_BOUND ( 'NONE', #5171, .T. ) ;
#4630 = DIRECTION ( 'NONE',  ( 0.0000000000000000000, 1.000000000000000000, 0.0000000000000000000 ) ) ;
#4631 = AXIS2_PLACEMENT_3D ( 'NONE', #4763, #5721, #6572 ) ;
#4632 = CARTESIAN_POINT ( 'NONE',  ( -28.16897398685280152, -0.3999990008955280341, -5.936035930617990175 ) ) ;
#4633 = FILL_AREA_STYLE_COLOUR ( '', #4959 ) ;
#4634 = LINE ( 'NONE', #10950, #2053 ) ;
#4635 = CIRCLE ( 'NONE', #498, 3.799999999999999378 ) ;
#4636 = CARTESIAN_POINT ( 'NONE',  ( 21.84067480924430171, 0.4000010255229983769, -4.677928121785719817 ) ) ;
#4637 = CIRCLE ( 'NONE', #7767, 0.1999999999999996503 ) ;
#4638 = FACE_OUTER_BOUND ( 'NONE', #2235, .T. ) ;
#4639 = MECHANICAL_DESIGN_GEOMETRIC_PRESENTATION_REPRESENTATION (  '', ( #9813 ), #6161 ) ;
#4640 = SURFACE_STYLE_USAGE ( .BOTH. , #9399 ) ;
#4641 = FACE_OUTER_BOUND ( 'NONE', #1386, .T. ) ;
#4642 =( NAMED_UNIT ( * ) SI_UNIT ( $, .STERADIAN. ) SOLID_ANGLE_UNIT ( ) );
#4643 = SURFACE_STYLE_USAGE ( .BOTH. , #8523 ) ;
#4644 = ADVANCED_FACE ( 'NONE', ( #6145 ), #8537, .T. ) ;
#4645 = DIRECTION ( 'NONE',  ( 1.000000000000000000, 0.0000000000000000000, 0.0000000000000000000 ) ) ;
#4646 = CARTESIAN_POINT ( 'NONE',  ( 25.17854103316064851, -1.200000000015385204, -4.649999999999919531 ) ) ;
#4647 = SURFACE_STYLE_FILL_AREA ( #8073 ) ;
#4648 = EDGE_CURVE ( 'NONE', #9078, #1005, #7337, .T. ) ;
#4649 =( NAMED_UNIT ( * ) PLANE_ANGLE_UNIT ( ) SI_UNIT ( $, .RADIAN. ) );
#4650 = ORIENTED_EDGE ( 'NONE', *, *, #3200, .F. ) ;
#4651 = ORIENTED_EDGE ( 'NONE', *, *, #611, .F. ) ;
#4652 = COLOUR_RGB ( '',0.7529411764705882248, 0.7529411764705882248, 0.7529411764705882248 ) ;
#4653 =( LENGTH_UNIT ( ) NAMED_UNIT ( * ) SI_UNIT ( .MILLI., .METRE. ) );
#4654 = STYLED_ITEM ( 'NONE', ( #6732 ), #8212 ) ;
#4655 = ORIENTED_EDGE ( 'NONE', *, *, #8750, .F. ) ;
#4656 = STYLED_ITEM ( 'NONE', ( #7984 ), #9941 ) ;
#4657 = ORIENTED_EDGE ( 'NONE', *, *, #5758, .F. ) ;
#4658 = CARTESIAN_POINT ( 'NONE',  ( 23.50000000000000000, 1.800000000002909939, -5.299999999999919886 ) ) ;
#4659 = PRESENTATION_STYLE_ASSIGNMENT (( #11969 ) ) ;
#4660 = DIRECTION ( 'NONE',  ( 0.0000000000000000000, -1.807003620809174878E-16, -1.000000000000000000 ) ) ;
#4661 = CARTESIAN_POINT ( 'NONE',  ( -52.50000000000000000, 1.800000000000000044, -7.441272467535809731 ) ) ;
#4662 =( NAMED_UNIT ( * ) PLANE_ANGLE_UNIT ( ) SI_UNIT ( $, .RADIAN. ) );
#4663 = VERTEX_POINT ( 'NONE', #8603 ) ;
#4664 = DIRECTION ( 'NONE',  ( -1.000000000000000000, 0.0000000000000000000, 0.0000000000000000000 ) ) ;
#4665 = ORIENTED_EDGE ( 'NONE', *, *, #9854, .F. ) ;
#4666 = B_SPLINE_CURVE_WITH_KNOTS ( 'NONE', 3,
 ( #2500, #5469, #1681, #5394 ),
 .UNSPECIFIED., .F., .F.,
 ( 4, 4 ),
 ( 5.990908556496320457E-15, 0.002400540168329030020 ),
 .UNSPECIFIED. ) ;
#4667 = FILL_AREA_STYLE ('',( #1660 ) ) ;
#4668 = ORIENTED_EDGE ( 'NONE', *, *, #1768, .T. ) ;
#4669 =( NAMED_UNIT ( * ) SI_UNIT ( $, .STERADIAN. ) SOLID_ANGLE_UNIT ( ) );
#4670 = EDGE_CURVE ( 'NONE', #1649, #10482, #11044, .T. ) ;
#4671 = AXIS2_PLACEMENT_3D ( 'NONE', #12406, #2005, #4960 ) ;
#4672 = DIRECTION ( 'NONE',  ( 0.0000000000000000000, 0.0000000000000000000, -1.000000000000000000 ) ) ;
#4673 = EDGE_LOOP ( 'NONE', ( #2572, #5709, #9238, #2860, #8321 ) ) ;
#4674 = FACE_OUTER_BOUND ( 'NONE', #7043, .T. ) ;
#4675 = MECHANICAL_DESIGN_GEOMETRIC_PRESENTATION_REPRESENTATION (  '', ( #7873 ), #9550 ) ;
#4676 = MECHANICAL_DESIGN_GEOMETRIC_PRESENTATION_REPRESENTATION (  '', ( #2738 ), #2313 ) ;
#4677 = TOROIDAL_SURFACE ( 'NONE', #5948, 1.199999999999999956, 0.2000000000000000111 ) ;
#4678 = DIRECTION ( 'NONE',  ( 0.0000000000000000000, 0.0000000000000000000, -1.000000000000000000 ) ) ;
#4679 = CARTESIAN_POINT ( 'NONE',  ( -68.60321982055950230, -1.200000000000000178, -5.950000000000000178 ) ) ;
#4680 = ORIENTED_EDGE ( 'NONE', *, *, #2272, .T. ) ;
#4681 = PRESENTATION_STYLE_ASSIGNMENT (( #914 ) ) ;
#4682 = DIRECTION ( 'NONE',  ( 0.0000000000000000000, -1.000000000000000000, 0.0000000000000000000 ) ) ;
#4683 = EDGE_CURVE ( 'NONE', #1100, #10942, #5086, .T. ) ;
#4684 = ORIENTED_EDGE ( 'NONE', *, *, #8140, .T. ) ;
#4685 = FACE_OUTER_BOUND ( 'NONE', #1940, .T. ) ;
#4686 = CARTESIAN_POINT ( 'NONE',  ( 37.47106385175609944, 3.066987298079334678, 2.098906329686510031 ) ) ;
#4687 = SURFACE_STYLE_FILL_AREA ( #2954 ) ;
#4688 = STYLED_ITEM ( 'NONE', ( #1146 ), #68 ) ;
#4689 = DIRECTION ( 'NONE',  ( -0.0000000000000000000, 1.000000000000000000, 0.0000000000000000000 ) ) ;
#4690 = FILL_AREA_STYLE ('',( #3742 ) ) ;
#4691 = DIRECTION ( 'NONE',  ( -0.6847910787717420567, -0.6847910787717309544, -0.2492435693639510064 ) ) ;
#4692 = AXIS2_PLACEMENT_3D ( 'NONE', #8832, #5017, #3093 ) ;
#4693 = EDGE_LOOP ( 'NONE', ( #3766, #2561, #7588, #10007 ) ) ;
#4694 = LINE ( 'NONE', #7128, #2727 ) ;
#4695 = ORIENTED_EDGE ( 'NONE', *, *, #765, .T. ) ;
#4696 = CARTESIAN_POINT ( 'NONE',  ( -32.23495939512579866, 3.000000000000059952, 8.080378074459948934 ) ) ;
#4697 =( NAMED_UNIT ( * ) PLANE_ANGLE_UNIT ( ) SI_UNIT ( $, .RADIAN. ) );
#4698 = FACE_OUTER_BOUND ( 'NONE', #3581, .T. ) ;
#4699 = DIRECTION ( 'NONE',  ( -0.0000000000000000000, 1.000000000000000000, 0.0000000000000000000 ) ) ;
#4700 = CIRCLE ( 'NONE', #7860, 4.250000000000054179 ) ;
#4701 = UNCERTAINTY_MEASURE_WITH_UNIT (LENGTH_MEASURE( 1.000000000000000082E-05 ), #3937, 'distance_accuracy_value', 'NONE');
#4702 = UNCERTAINTY_MEASURE_WITH_UNIT (LENGTH_MEASURE( 1.000000000000000082E-05 ), #12377, 'distance_accuracy_value', 'NONE');
#4703 = EDGE_CURVE ( 'NONE', #2932, #3843, #1159, .T. ) ;
#4704 = EDGE_CURVE ( 'NONE', #11735, #9949, #4491, .T. ) ;
#4705 = CARTESIAN_POINT ( 'NONE',  ( 21.84067480924220206, 0.4000010255229183853, 6.122071878214280005 ) ) ;
#4706 = ORIENTED_EDGE ( 'NONE', *, *, #7254, .F. ) ;
#4707 = DIRECTION ( 'NONE',  ( 0.0000000000000000000, 0.0000000000000000000, -1.000000000000000000 ) ) ;
#4708 = DIRECTION ( 'NONE',  ( 0.9998476951563912696, -0.01745240643728355329, -4.549401361807206063E-15 ) ) ;
#4709 = CARTESIAN_POINT ( 'NONE',  ( 51.64644660940680154, 2.853553390593280170, 15.00000000000000000 ) ) ;
#4710 = VECTOR ( 'NONE', #1906, 1000.000000000000000 ) ;
#4711 =( GEOMETRIC_REPRESENTATION_CONTEXT ( 3 ) GLOBAL_UNCERTAINTY_ASSIGNED_CONTEXT ( ( #2741 ) ) GLOBAL_UNIT_ASSIGNED_CONTEXT ( ( #6587, #11227, #4612 ) ) REPRESENTATION_CONTEXT ( 'NONE', 'WORKASPACE' ) );
#4712 = CARTESIAN_POINT ( 'NONE',  ( -28.10102051443364957, 3.500000000000000000, -10.00000000000000000 ) ) ;
#4713 = ADVANCED_FACE ( 'NONE', ( #544 ), #6767, .T. ) ;
#4714 = DIRECTION ( 'NONE',  ( -2.312964634635744929E-16, 2.312964634635744929E-16, -1.000000000000000000 ) ) ;
#4715 = ADVANCED_FACE ( 'NONE', ( #8822 ), #5682, .T. ) ;
#4716 = DIRECTION ( 'NONE',  ( 1.000000000000000000, -1.323833969082742173E-14, 0.0000000000000000000 ) ) ;
#4717 = CARTESIAN_POINT ( 'NONE',  ( -68.60321982055950230, -1.200000000000000178, 21.39567676978599664 ) ) ;
#4718 = MECHANICAL_DESIGN_GEOMETRIC_PRESENTATION_REPRESENTATION (  '', ( #5988 ), #10685 ) ;
#4719 = AXIS2_PLACEMENT_3D ( 'NONE', #1939, #24, #11581 ) ;
#4720 = CARTESIAN_POINT ( 'NONE',  ( 51.36115286815989833, 3.066987298107784810, -15.00000000000000000 ) ) ;
#4721 = FACE_OUTER_BOUND ( 'NONE', #6404, .T. ) ;
#4722 = ORIENTED_EDGE ( 'NONE', *, *, #12093, .F. ) ;
#4723 = DIRECTION ( 'NONE',  ( 1.119176436114068839E-15, 0.0000000000000000000, 1.000000000000000000 ) ) ;
#4724 = DIRECTION ( 'NONE',  ( 1.156482317317889967E-16, 1.156482317317871971E-16, 1.000000000000000000 ) ) ;
#4725 = CARTESIAN_POINT ( 'NONE',  ( 37.63824873692700379, 2.299999999999999822, -7.474999999999999645 ) ) ;
#4726 = SURFACE_STYLE_FILL_AREA ( #4034 ) ;
#4727 =( NAMED_UNIT ( * ) SI_UNIT ( $, .STERADIAN. ) SOLID_ANGLE_UNIT ( ) );
#4728 = EDGE_CURVE ( 'NONE', #4207, #3366, #2064, .T. ) ;
#4729 = ORIENTED_EDGE ( 'NONE', *, *, #4759, .F. ) ;
#4730 = CONICAL_SURFACE ( 'NONE', #6673, 1.800000000001234612, 0.01745329252056498567 ) ;
#4731 =( LENGTH_UNIT ( ) NAMED_UNIT ( * ) SI_UNIT ( .MILLI., .METRE. ) );
#4732 = CARTESIAN_POINT ( 'NONE',  ( 23.50000000000000000, 2.000000000000000000, -4.100000000000000533 ) ) ;
#4733 = AXIS2_PLACEMENT_3D ( 'NONE', #12334, #9457, #1859 ) ;
#4734 = FILL_AREA_STYLE_COLOUR ( '', #3910 ) ;
#4735 = ORIENTED_EDGE ( 'NONE', *, *, #2004, .T. ) ;
#4736 = SURFACE_SIDE_STYLE ('',( #1137 ) ) ;
#4737 = ORIENTED_EDGE ( 'NONE', *, *, #5141, .T. ) ;
#4738 = COLOUR_RGB ( '',0.7529411764705882248, 0.7529411764705882248, 0.7529411764705882248 ) ;
#4739 = CARTESIAN_POINT ( 'NONE',  ( 0.4077084218813025185, 2.122969374927095032, 4.853090081055009719 ) ) ;
#4740 = ORIENTED_EDGE ( 'NONE', *, *, #9459, .T. ) ;
#4741 = EDGE_CURVE ( 'NONE', #2074, #2789, #3121, .T. ) ;
#4742 = UNCERTAINTY_MEASURE_WITH_UNIT (LENGTH_MEASURE( 1.000000000000000082E-05 ), #800, 'distance_accuracy_value', 'NONE');
#4743 =( NAMED_UNIT ( * ) PLANE_ANGLE_UNIT ( ) SI_UNIT ( $, .RADIAN. ) );
#4744 = CARTESIAN_POINT ( 'NONE',  ( -28.10102051443364957, -0.6999999999999999556, -13.79999999999999893 ) ) ;
#4745 = AXIS2_PLACEMENT_3D ( 'NONE', #12294, #10365, #8584 ) ;
#4746 = ORIENTED_EDGE ( 'NONE', *, *, #4475, .T. ) ;
#4747 = COLOUR_RGB ( '',0.7529411764705882248, 0.7529411764705882248, 0.7529411764705882248 ) ;
#4748 = AXIS2_PLACEMENT_3D ( 'NONE', #7870, #11672, #3302 ) ;
#4749 = FILL_AREA_STYLE_COLOUR ( '', #467 ) ;
#4750 = LINE ( 'NONE', #1312, #4882 ) ;
#4752 = B_SPLINE_CURVE_WITH_KNOTS ( 'NONE', 3,
 ( #10644, #3206, #1287, #6072 ),
 .UNSPECIFIED., .F., .F.,
 ( 4, 4 ),
 ( 8.554771478154850892E-15, 0.002400540168323904780 ),
 .UNSPECIFIED. ) ;
#4751 = AXIS2_PLACEMENT_3D ( 'NONE', #7298, #12055, #4458 ) ;
#4753 =( NAMED_UNIT ( * ) PLANE_ANGLE_UNIT ( ) SI_UNIT ( $, .RADIAN. ) );
#4754 = EDGE_LOOP ( 'NONE', ( #6676, #11833, #3006, #527, #4651 ) ) ;
#4755 = CARTESIAN_POINT ( 'NONE',  ( 22.07417989148054716, 3.405465559969194977, -11.26666666666666039 ) ) ;
#4756 = CARTESIAN_POINT ( 'NONE',  ( 37.47526988869595499, 2.133340378300309759, 1.315664516059301903 ) ) ;
#4757 = ORIENTED_EDGE ( 'NONE', *, *, #353, .F. ) ;
#4758 =( LENGTH_UNIT ( ) NAMED_UNIT ( * ) SI_UNIT ( .MILLI., .METRE. ) );
#4759 = EDGE_CURVE ( 'NONE', #8076, #2656, #1597, .T. ) ;
#4760 = PRESENTATION_STYLE_ASSIGNMENT (( #3703 ) ) ;
#4761 = CARTESIAN_POINT ( 'NONE',  ( -52.20000000000000284, -0.4000000000000000222, -6.000000000000000000 ) ) ;
#4762 =( LENGTH_UNIT ( ) NAMED_UNIT ( * ) SI_UNIT ( .MILLI., .METRE. ) );
#4763 = CARTESIAN_POINT ( 'NONE',  ( 23.50000000000000000, 1.800000000000000044, -5.299999999999999822 ) ) ;
#4764 =( NAMED_UNIT ( * ) SI_UNIT ( $, .STERADIAN. ) SOLID_ANGLE_UNIT ( ) );
#4765 = PRESENTATION_STYLE_ASSIGNMENT (( #10299 ) ) ;
#4766 = FILL_AREA_STYLE ('',( #6653 ) ) ;
#4767 = AXIS2_PLACEMENT_3D ( 'NONE', #10350, #769, #9402 ) ;
#4768 = VERTEX_POINT ( 'NONE', #3907 ) ;
#4769 = ORIENTED_EDGE ( 'NONE', *, *, #1183, .T. ) ;
#4770 = CARTESIAN_POINT ( 'NONE',  ( -27.15449497803194845, -0.3069809625912964801, -5.299999999999919886 ) ) ;
#4771 =( GEOMETRIC_REPRESENTATION_CONTEXT ( 3 ) GLOBAL_UNCERTAINTY_ASSIGNED_CONTEXT ( ( #10342 ) ) GLOBAL_UNIT_ASSIGNED_CONTEXT ( ( #2099, #9792, #7859 ) ) REPRESENTATION_CONTEXT ( 'NONE', 'WORKASPACE' ) );
#4772 = FACE_OUTER_BOUND ( 'NONE', #3317, .T. ) ;
#4773 = VECTOR ( 'NONE', #5659, 1000.000000000000000 ) ;
#4774 = FILL_AREA_STYLE_COLOUR ( '', #8969 ) ;
#4775 = ADVANCED_FACE ( 'NONE', ( #529 ), #6936, .T. ) ;
#4776 = EDGE_CURVE ( 'NONE', #10920, #2769, #5074, .T. ) ;
#4777 = CONICAL_SURFACE ( 'NONE', #8379, 1.799999999999458256, 0.01745329252056498567 ) ;
#4778 = UNCERTAINTY_MEASURE_WITH_UNIT (LENGTH_MEASURE( 1.000000000000000082E-05 ), #2021, 'distance_accuracy_value', 'NONE');
#4779 = DIRECTION ( 'NONE',  ( 0.0000000000000000000, 1.000000000000000000, 0.0000000000000000000 ) ) ;
#4780 = EDGE_CURVE ( 'NONE', #11602, #11377, #2374, .T. ) ;
#4781 = UNCERTAINTY_MEASURE_WITH_UNIT (LENGTH_MEASURE( 1.000000000000000082E-05 ), #1862, 'distance_accuracy_value', 'NONE');
#4782 = LINE ( 'NONE', #3047, #12041 ) ;
#4783 = FACE_OUTER_BOUND ( 'NONE', #10755, .T. ) ;
#4784 = CARTESIAN_POINT ( 'NONE',  ( 22.84550502196820077, -0.3069809625912964801, 5.500000000000079048 ) ) ;
#4785 = CARTESIAN_POINT ( 'NONE',  ( 37.63824873692700379, 1.800000000059754912, -2.782205948333395185 ) ) ;
#4786 = VECTOR ( 'NONE', #301, 1000.000000000000000 ) ;
#4787 = MECHANICAL_DESIGN_GEOMETRIC_PRESENTATION_REPRESENTATION (  '', ( #10113 ), #6702 ) ;
#4788 =( NAMED_UNIT ( * ) SI_UNIT ( $, .STERADIAN. ) SOLID_ANGLE_UNIT ( ) );
#4789 = SURFACE_SIDE_STYLE ('',( #8664 ) ) ;
#4790 = CARTESIAN_POINT ( 'NONE',  ( 26.50000000000000000, 0.7999999999999999334, -13.16508987014356080 ) ) ;
#4791 = COLOUR_RGB ( '',0.7529411764705882248, 0.7529411764705882248, 0.7529411764705882248 ) ;
#4792 = AXIS2_PLACEMENT_3D ( 'NONE', #10969, #8155, #10886 ) ;
#4793 = VERTEX_POINT ( 'NONE', #9786 ) ;
#4794 = DIRECTION ( 'NONE',  ( 1.000000000000000000, 0.0000000000000000000, 0.0000000000000000000 ) ) ;
#4795 =( LENGTH_UNIT ( ) NAMED_UNIT ( * ) SI_UNIT ( .MILLI., .METRE. ) );
#4796 = DIRECTION ( 'NONE',  ( -1.000000000000000000, -4.361998449531272989E-17, 0.0000000000000000000 ) ) ;
#4797 = LINE ( 'NONE', #9041, #11349 ) ;
#4798 = COLOUR_RGB ( '',0.7529411764705882248, 0.7529411764705882248, 0.7529411764705882248 ) ;
#4799 = VECTOR ( 'NONE', #6805, 1000.000000000000000 ) ;
#4800 = SURFACE_STYLE_USAGE ( .BOTH. , #10530 ) ;
#4801 = LINE ( 'NONE', #8631, #9566 ) ;
#4802 = CARTESIAN_POINT ( 'NONE',  ( 41.29351312471595037, 3.500000000000000000, -1.107368241947791931 ) ) ;
#4803 = ORIENTED_EDGE ( 'NONE', *, *, #2961, .T. ) ;
#4804 = CARTESIAN_POINT ( 'NONE',  ( -68.60321982055950230, -1.200000000000000178, 4.850000000000000533 ) ) ;
#4805 = FILL_AREA_STYLE_COLOUR ( '', #10744 ) ;
#4806 = CARTESIAN_POINT ( 'NONE',  ( 23.50000000000000000, 1.800000000000000044, -6.500000000000000000 ) ) ;
#4807 = ORIENTED_EDGE ( 'NONE', *, *, #10004, .T. ) ;
#4808 = COLOUR_RGB ( '',0.7529411764705882248, 0.7529411764705882248, 0.7529411764705882248 ) ;
#4809 = VERTEX_POINT ( 'NONE', #10740 ) ;
#4810 = ORIENTED_EDGE ( 'NONE', *, *, #12409, .F. ) ;
#4812 = ORIENTED_EDGE ( 'NONE', *, *, #5161, .T. ) ;
#4811 = VECTOR ( 'NONE', #481, 1000.000000000000000 ) ;
#4813 = CARTESIAN_POINT ( 'NONE',  ( 47.50000000000000000, 1.800000000009279955, 13.50294372514301955 ) ) ;
#4814 = ORIENTED_EDGE ( 'NONE', *, *, #10502, .T. ) ;
#4815 =( NAMED_UNIT ( * ) SI_UNIT ( $, .STERADIAN. ) SOLID_ANGLE_UNIT ( ) );
#4816 = ORIENTED_EDGE ( 'NONE', *, *, #9323, .T. ) ;
#4817 = EDGE_CURVE ( 'NONE', #7184, #9006, #4797, .T. ) ;
#4818 =( LENGTH_UNIT ( ) NAMED_UNIT ( * ) SI_UNIT ( .MILLI., .METRE. ) );
#4819 =( NAMED_UNIT ( * ) PLANE_ANGLE_UNIT ( ) SI_UNIT ( $, .RADIAN. ) );
#4820 = MECHANICAL_DESIGN_GEOMETRIC_PRESENTATION_REPRESENTATION (  '', ( #4166 ), #6106 ) ;
#4821 = ORIENTED_EDGE ( 'NONE', *, *, #10004, .F. ) ;
#4823 = ORIENTED_EDGE ( 'NONE', *, *, #1072, .F. ) ;
#4822 = VECTOR ( 'NONE', #5176, 1000.000000000000000 ) ;
#4824 = PRESENTATION_LAYER_ASSIGNMENT (  '', '', ( #10792 ) ) ;
#4825 = EDGE_LOOP ( 'NONE', ( #9737, #8831, #9731, #8910 ) ) ;
#4827 = ORIENTED_EDGE ( 'NONE', *, *, #1481, .F. ) ;
#4826 = CARTESIAN_POINT ( 'NONE',  ( 23.50000000000000000, -0.3069809625912964801, -5.954494978032480290 ) ) ;
#4828 = SURFACE_SIDE_STYLE ('',( #670 ) ) ;
#4829 = PLANE ( 'NONE',  #5637 ) ;
#4830 = CARTESIAN_POINT ( 'NONE',  ( -27.24220301587248372, -0.3156804163581515832, -13.70179934871870309 ) ) ;
#4831 = DIRECTION ( 'NONE',  ( 0.0000000000000000000, 0.0000000000000000000, -1.000000000000000000 ) ) ;
#4832 = ADVANCED_FACE ( 'NONE', ( #11030 ), #4875, .T. ) ;
#4833 = ORIENTED_EDGE ( 'NONE', *, *, #7572, .T. ) ;
#4834 = DIRECTION ( 'NONE',  ( -2.255140518764208867E-14, 0.0000000000000000000, 1.000000000000000000 ) ) ;
#4835 = STYLED_ITEM ( 'NONE', ( #8468 ), #2616 ) ;
#4836 = FACE_OUTER_BOUND ( 'NONE', #3007, .T. ) ;
#4837 =( GEOMETRIC_REPRESENTATION_CONTEXT ( 3 ) GLOBAL_UNCERTAINTY_ASSIGNED_CONTEXT ( ( #10035 ) ) GLOBAL_UNIT_ASSIGNED_CONTEXT ( ( #5096, #3087, #2149 ) ) REPRESENTATION_CONTEXT ( 'NONE', 'WORKASPACE' ) );
#4838 = FILL_AREA_STYLE ('',( #10248 ) ) ;
#4839 =( GEOMETRIC_REPRESENTATION_CONTEXT ( 3 ) GLOBAL_UNCERTAINTY_ASSIGNED_CONTEXT ( ( #9929 ) ) GLOBAL_UNIT_ASSIGNED_CONTEXT ( ( #7326, #11146, #7379 ) ) REPRESENTATION_CONTEXT ( 'NONE', 'WORKASPACE' ) );
#4840 = DIRECTION ( 'NONE',  ( 1.000000000000000000, 0.0000000000000000000, 0.0000000000000000000 ) ) ;
#4841 = DIRECTION ( 'NONE',  ( -0.7071067811865475727, -0.7071067811865475727, 3.925231146709432863E-16 ) ) ;
#4842 = CARTESIAN_POINT ( 'NONE',  ( -20.10102051443365312, 2.299999999999999822, -16.00000000000000000 ) ) ;
#4843 = EDGE_CURVE ( 'NONE', #10837, #9652, #9411, .T. ) ;
#4844 = PLANE ( 'NONE',  #7313 ) ;
#4845 = ORIENTED_EDGE ( 'NONE', *, *, #1105, .F. ) ;
#4846 = EDGE_CURVE ( 'NONE', #3846, #6034, #8809, .T. ) ;
#4847 = FACE_OUTER_BOUND ( 'NONE', #9506, .T. ) ;
#4848 = SURFACE_SIDE_STYLE ('',( #793 ) ) ;
#4849 = CIRCLE ( 'NONE', #5599, 269.0747729669955106 ) ;
#4850 = MECHANICAL_DESIGN_GEOMETRIC_PRESENTATION_REPRESENTATION (  '', ( #302 ), #8915 ) ;
#4851 =( NAMED_UNIT ( * ) SI_UNIT ( $, .STERADIAN. ) SOLID_ANGLE_UNIT ( ) );
#4852 = DIRECTION ( 'NONE',  ( 1.387778780781445922E-16, -1.387778780781445922E-16, 1.000000000000000000 ) ) ;
#4853 = PRESENTATION_LAYER_ASSIGNMENT (  '', '', ( #2017 ) ) ;
#4854 = EDGE_CURVE ( 'NONE', #5252, #6445, #12135, .T. ) ;
#4855 = CARTESIAN_POINT ( 'NONE',  ( -47.50000000000000000, -1.199999999999999956, 10.00000000000000000 ) ) ;
#4856 = VECTOR ( 'NONE', #4877, 1000.000000000000114 ) ;
#4857 = DIRECTION ( 'NONE',  ( 1.919421726466804982E-16, 0.01745240643728355329, 0.9998476951563912696 ) ) ;
#4858 = PLANE ( 'NONE',  #1996 ) ;
#4859 = CARTESIAN_POINT ( 'NONE',  ( -52.20000000000000284, -0.1000000000000000056, -10.27332005306813834 ) ) ;
#4860 = STYLED_ITEM ( 'NONE', ( #9423 ), #4832 ) ;
#4861 = LINE ( 'NONE', #1426, #7109 ) ;
#4862 = CARTESIAN_POINT ( 'NONE',  ( -68.60321982055950230, 1.200000000000728040, -4.691892155827740218 ) ) ;
#4863 = ORIENTED_EDGE ( 'NONE', *, *, #8058, .T. ) ;
#4864 = LINE ( 'NONE', #10980, #5760 ) ;
#4865 = DIRECTION ( 'NONE',  ( 0.0000000000000000000, -1.000000000000000000, 0.0000000000000000000 ) ) ;
#4866 =( GEOMETRIC_REPRESENTATION_CONTEXT ( 3 ) GLOBAL_UNCERTAINTY_ASSIGNED_CONTEXT ( ( #11183 ) ) GLOBAL_UNIT_ASSIGNED_CONTEXT ( ( #5278, #8074, #7040 ) ) REPRESENTATION_CONTEXT ( 'NONE', 'WORKASPACE' ) );
#4867 = AXIS2_PLACEMENT_3D ( 'NONE', #5955, #10814, #8907 ) ;
#4868 = FACE_OUTER_BOUND ( 'NONE', #5326, .T. ) ;
#4869 = CARTESIAN_POINT ( 'NONE',  ( -49.70000000000000284, -1.200000000010685186, 21.39567676978599664 ) ) ;
#4870 = VECTOR ( 'NONE', #8695, 1000.000000000000000 ) ;
#4871 = DIRECTION ( 'NONE',  ( -1.387778780801007454E-15, 0.0000000000000000000, 1.000000000000000000 ) ) ;
#4872 = LINE ( 'NONE', #10659, #3218 ) ;
#4873 = ORIENTED_EDGE ( 'NONE', *, *, #7100, .T. ) ;
#4874 = FACE_OUTER_BOUND ( 'NONE', #11356, .T. ) ;
#4875 = PLANE ( 'NONE',  #7429 ) ;
#4876 = CARTESIAN_POINT ( 'NONE',  ( -47.50000000000000000, -1.200000000016030022, 12.19999999999972040 ) ) ;
#4877 = DIRECTION ( 'NONE',  ( 0.5773502691896260641, -0.5773502691896250649, -0.5773502691896260641 ) ) ;
#4878 = VERTEX_POINT ( 'NONE', #8052 ) ;
#4879 = UNCERTAINTY_MEASURE_WITH_UNIT (LENGTH_MEASURE( 1.000000000000000082E-05 ), #796, 'distance_accuracy_value', 'NONE');
#4880 = ORIENTED_EDGE ( 'NONE', *, *, #11743, .T. ) ;
#4881 = EDGE_CURVE ( 'NONE', #1613, #8485, #5520, .T. ) ;
#4882 = VECTOR ( 'NONE', #5969, 1000.000000000000000 ) ;
#4883 = AXIS2_PLACEMENT_3D ( 'NONE', #1431, #9127, #7096 ) ;
#4884 = CARTESIAN_POINT ( 'NONE',  ( 24.19127246753864924, 1.800000000002909939, 5.500000000000079048 ) ) ;
#4885 = ADVANCED_FACE ( 'NONE', ( #5972 ), #1267, .T. ) ;
#4886 = ORIENTED_EDGE ( 'NONE', *, *, #8441, .F. ) ;
#4887 = PRESENTATION_LAYER_ASSIGNMENT (  '', '', ( #1648 ) ) ;
#4888 = FILL_AREA_STYLE ('',( #986 ) ) ;
#4889 = VERTEX_POINT ( 'NONE', #9954 ) ;
#4890 = TOROIDAL_SURFACE ( 'NONE', #7741, 1.000000000000000000, 0.2000000000000000111 ) ;
#4891 = PRESENTATION_STYLE_ASSIGNMENT (( #3208 ) ) ;
#4892 = CIRCLE ( 'NONE', #6120, 0.6912724675386151540 ) ;
#4893 = LINE ( 'NONE', #5827, #8780 ) ;
#4894 = EDGE_CURVE ( 'NONE', #8035, #623, #11337, .T. ) ;
#4895 = SURFACE_SIDE_STYLE ('',( #10287 ) ) ;
#4897 = ORIENTED_EDGE ( 'NONE', *, *, #8201, .F. ) ;
#4896 =( NAMED_UNIT ( * ) SI_UNIT ( $, .STERADIAN. ) SOLID_ANGLE_UNIT ( ) );
#4898 = DIRECTION ( 'NONE',  ( 0.0000000000000000000, 0.0000000000000000000, 1.000000000000000000 ) ) ;
#4899 = ORIENTED_EDGE ( 'NONE', *, *, #1236, .F. ) ;
#4900 =( GEOMETRIC_REPRESENTATION_CONTEXT ( 3 ) GLOBAL_UNCERTAINTY_ASSIGNED_CONTEXT ( ( #9959 ) ) GLOBAL_UNIT_ASSIGNED_CONTEXT ( ( #9933, #9898, #1329 ) ) REPRESENTATION_CONTEXT ( 'NONE', 'WORKASPACE' ) );
#4901 = CARTESIAN_POINT ( 'NONE',  ( -31.74552876687585012, 3.000000000000000000, 13.21435267067578145 ) ) ;
#4902 = STYLED_ITEM ( 'NONE', ( #2404 ), #10882 ) ;
#4903 = FACE_BOUND ( 'NONE', #1706, .T. ) ;
#4904 = DIRECTION ( 'NONE',  ( 0.0000000000000000000, 0.0000000000000000000, -1.000000000000000000 ) ) ;
#4905 = DIRECTION ( 'NONE',  ( -1.000000000000000000, 0.0000000000000000000, 0.0000000000000000000 ) ) ;
#4906 = EDGE_CURVE ( 'NONE', #5419, #3539, #9994, .T. ) ;
#4907 = PRESENTATION_STYLE_ASSIGNMENT (( #8341 ) ) ;
#4908 = ORIENTED_EDGE ( 'NONE', *, *, #2661, .T. ) ;
#4909 = EDGE_CURVE ( 'NONE', #2912, #8130, #12355, .T. ) ;
#4910 = DIRECTION ( 'NONE',  ( 0.0000000000000000000, -1.000000000000000000, 0.0000000000000000000 ) ) ;
#4911 = ORIENTED_EDGE ( 'NONE', *, *, #736, .T. ) ;
#4912 = ORIENTED_EDGE ( 'NONE', *, *, #2252, .F. ) ;
#4913 = SURFACE_STYLE_USAGE ( .BOTH. , #8876 ) ;
#4914 = CIRCLE ( 'NONE', #6551, 5.000000000000000000 ) ;
#4915 = DIRECTION ( 'NONE',  ( 1.000000000000000000, -3.349852809485114798E-18, -1.919129389240934764E-16 ) ) ;
#4916 = AXIS2_PLACEMENT_3D ( 'NONE', #11815, #5120, #7097 ) ;
#4917 = UNCERTAINTY_MEASURE_WITH_UNIT (LENGTH_MEASURE( 1.000000000000000082E-05 ), #6559, 'distance_accuracy_value', 'NONE');
#4918 = CARTESIAN_POINT ( 'NONE',  ( -25.85872753246410127, 1.800000000000000044, 15.00000000000000000 ) ) ;
#4919 = PRESENTATION_LAYER_ASSIGNMENT (  '', '', ( #11923 ) ) ;
#4920 = FILL_AREA_STYLE ('',( #1198 ) ) ;
#4921 = EDGE_CURVE ( 'NONE', #124, #9052, #6283, .T. ) ;
#4922 = VECTOR ( 'NONE', #7136, 1000.000000000000000 ) ;
#4923 = CARTESIAN_POINT ( 'NONE',  ( 37.63824873692700379, 1.799999999994119859, -2.782205948333395185 ) ) ;
#4924 = EDGE_CURVE ( 'NONE', #1466, #4356, #1752, .T. ) ;
#4925 = CARTESIAN_POINT ( 'NONE',  ( 22.84999999999999787, 2.299999999999999822, -2.782205948333464907 ) ) ;
#4926 = PRESENTATION_STYLE_ASSIGNMENT (( #11095 ) ) ;
#4927 = VECTOR ( 'NONE', #8506, 1000.000000000000000 ) ;
#4928 = LINE ( 'NONE', #9986, #2838 ) ;
#4929 = DIRECTION ( 'NONE',  ( 1.000000000000000000, 0.0000000000000000000, 0.0000000000000000000 ) ) ;
#4930 = PRESENTATION_LAYER_ASSIGNMENT (  '', '', ( #9010 ) ) ;
#4931 = CARTESIAN_POINT ( 'NONE',  ( -52.20000000000000284, -0.1000000000000000056, -6.926679946931850296 ) ) ;
#4932 = CARTESIAN_POINT ( 'NONE',  ( 23.50000000000000000, -1.200000000000000178, -5.299999999999999822 ) ) ;
#4933 = CARTESIAN_POINT ( 'NONE',  ( -32.14127246753589873, 1.800000000000000044, -5.941272467535820390 ) ) ;
#4934 = DIRECTION ( 'NONE',  ( 2.312964634635744929E-16, 0.0000000000000000000, 1.000000000000000000 ) ) ;
#4935 = FACE_OUTER_BOUND ( 'NONE', #5581, .T. ) ;
#4936 = STYLED_ITEM ( 'NONE', ( #8210 ), #311 ) ;
#4937 = AXIS2_PLACEMENT_3D ( 'NONE', #8577, #2790, #7616 ) ;
#4938 = ORIENTED_EDGE ( 'NONE', *, *, #222, .T. ) ;
#4939 = ORIENTED_EDGE ( 'NONE', *, *, #5380, .F. ) ;
#4940 = CARTESIAN_POINT ( 'NONE',  ( 23.50000000000000000, -0.6999999999999999556, -5.299999999999919886 ) ) ;
#4941 = ADVANCED_FACE ( 'NONE', ( #10127 ), #2972, .T. ) ;
#4942 = ORIENTED_EDGE ( 'NONE', *, *, #7080, .F. ) ;
#4943 = DIRECTION ( 'NONE',  ( 1.000000000000000000, 0.0000000000000000000, 0.0000000000000000000 ) ) ;
#4944 = VERTEX_POINT ( 'NONE', #5247 ) ;
#4945 =( NAMED_UNIT ( * ) PLANE_ANGLE_UNIT ( ) SI_UNIT ( $, .RADIAN. ) );
#4946 =( LENGTH_UNIT ( ) NAMED_UNIT ( * ) SI_UNIT ( .MILLI., .METRE. ) );
#4947 = DIRECTION ( 'NONE',  ( 0.01744974916068773793, 0.9996954598818873494, 0.01744974916068268989 ) ) ;
#4948 = CARTESIAN_POINT ( 'NONE',  ( 23.50000000000000000, 1.799999999832379904, -5.991272467534299651 ) ) ;
#4949 = EDGE_LOOP ( 'NONE', ( #3756, #5246, #3383, #11186 ) ) ;
#4950 = ORIENTED_EDGE ( 'NONE', *, *, #8883, .F. ) ;
#4951 = CARTESIAN_POINT ( 'NONE',  ( -52.50000000000000000, -1.199999999999999956, 10.00000000000000000 ) ) ;
#4952 = ORIENTED_EDGE ( 'NONE', *, *, #5157, .T. ) ;
#4953 = DIRECTION ( 'NONE',  ( 1.000000000000000000, 4.032219425842339935E-18, -2.310056961933100065E-16 ) ) ;
#4954 = ORIENTED_EDGE ( 'NONE', *, *, #4074, .F. ) ;
#4955 = MECHANICAL_DESIGN_GEOMETRIC_PRESENTATION_REPRESENTATION (  '', ( #3913 ), #7124 ) ;
#4956 = PRESENTATION_LAYER_ASSIGNMENT (  '', '', ( #11500 ) ) ;
#4957 = UNCERTAINTY_MEASURE_WITH_UNIT (LENGTH_MEASURE( 1.000000000000000082E-05 ), #2240, 'distance_accuracy_value', 'NONE');
#4958 = ORIENTED_EDGE ( 'NONE', *, *, #11934, .F. ) ;
#4959 = COLOUR_RGB ( '',0.7529411764705882248, 0.7529411764705882248, 0.7529411764705882248 ) ;
#4960 = DIRECTION ( 'NONE',  ( 0.0000000000000000000, 0.0000000000000000000, -1.000000000000000000 ) ) ;
#4961 = SURFACE_STYLE_FILL_AREA ( #1300 ) ;
#4962 = VERTEX_POINT ( 'NONE', #8959 ) ;
#4963 = UNCERTAINTY_MEASURE_WITH_UNIT (LENGTH_MEASURE( 1.000000000000000082E-05 ), #12085, 'distance_accuracy_value', 'NONE');
#4964 = FACE_OUTER_BOUND ( 'NONE', #3741, .T. ) ;
#4965 =( LENGTH_UNIT ( ) NAMED_UNIT ( * ) SI_UNIT ( .MILLI., .METRE. ) );
#4966 = CARTESIAN_POINT ( 'NONE',  ( 26.50000000000000000, -1.200000000000000178, -13.19999999999999929 ) ) ;
#4967 = SURFACE_STYLE_FILL_AREA ( #3574 ) ;
#4968 = COLOUR_RGB ( '',0.7529411764705882248, 0.7529411764705882248, 0.7529411764705882248 ) ;
#4969 = EDGE_CURVE ( 'NONE', #11221, #10355, #2361, .T. ) ;
#4970 =( GEOMETRIC_REPRESENTATION_CONTEXT ( 3 ) GLOBAL_UNCERTAINTY_ASSIGNED_CONTEXT ( ( #718 ) ) GLOBAL_UNIT_ASSIGNED_CONTEXT ( ( #11479, #2765, #1826 ) ) REPRESENTATION_CONTEXT ( 'NONE', 'WORKASPACE' ) );
#4971 = CARTESIAN_POINT ( 'NONE',  ( -49.73491012985650173, 0.7999999999999999334, -10.50000000000000000 ) ) ;
#4972 = AXIS2_PLACEMENT_3D ( 'NONE', #6203, #6243, #4225 ) ;
#4973 = MECHANICAL_DESIGN_GEOMETRIC_PRESENTATION_REPRESENTATION (  '', ( #2640 ), #3289 ) ;
#4974 = VECTOR ( 'NONE', #754, 1000.000000000000000 ) ;
#4975 = ORIENTED_EDGE ( 'NONE', *, *, #980, .F. ) ;
#4976 = ORIENTED_EDGE ( 'NONE', *, *, #2101, .F. ) ;
#4977 = CARTESIAN_POINT ( 'NONE',  ( 37.47553363889500133, 3.500000000000000000, 1.302182486930854033 ) ) ;
#4978 = FILL_AREA_STYLE ('',( #11555 ) ) ;
#4979 = DIRECTION ( 'NONE',  ( 0.0000000000000000000, 0.0000000000000000000, -1.000000000000000000 ) ) ;
#4980 = LINE ( 'NONE', #10525, #9621 ) ;
#4981 = FILL_AREA_STYLE_COLOUR ( '', #8428 ) ;
#4982 = PLANE ( 'NONE',  #4032 ) ;
#4983 = FILL_AREA_STYLE ('',( #2120 ) ) ;
#4984 = SURFACE_SIDE_STYLE ('',( #11295 ) ) ;
#4986 = LINE ( 'NONE', #4402, #3630 ) ;
#4985 =( NAMED_UNIT ( * ) SI_UNIT ( $, .STERADIAN. ) SOLID_ANGLE_UNIT ( ) );
#4987 = MECHANICAL_DESIGN_GEOMETRIC_PRESENTATION_REPRESENTATION (  '', ( #8191 ), #11537 ) ;
#4988 = ORIENTED_EDGE ( 'NONE', *, *, #7251, .T. ) ;
#4989 = MECHANICAL_DESIGN_GEOMETRIC_PRESENTATION_REPRESENTATION (  '', ( #3222 ), #5635 ) ;
#4990 = SURFACE_STYLE_FILL_AREA ( #9788 ) ;
#4991 = COLOUR_RGB ( '',0.7529411764705882248, 0.7529411764705882248, 0.7529411764705882248 ) ;
#4992 =( LENGTH_UNIT ( ) NAMED_UNIT ( * ) SI_UNIT ( .MILLI., .METRE. ) );
#4993 = FILL_AREA_STYLE ('',( #851 ) ) ;
#4994 = SURFACE_SIDE_STYLE ('',( #11919 ) ) ;
#4995 = EDGE_CURVE ( 'NONE', #8234, #4343, #8365, .T. ) ;
#4996 = DIRECTION ( 'NONE',  ( 0.0000000000000000000, -1.000000000000000000, 0.0000000000000000000 ) ) ;
#4997 = CIRCLE ( 'NONE', #7086, 4.999999999999999112 ) ;
#4998 = EDGE_CURVE ( 'NONE', #12398, #7684, #10586, .T. ) ;
#4999 = CARTESIAN_POINT ( 'NONE',  ( -32.23495939512579866, 3.066987298097954895, 8.080378074460210058 ) ) ;
#5000 = CIRCLE ( 'NONE', #7089, 5.000000000000000000 ) ;
#5001 = ORIENTED_EDGE ( 'NONE', *, *, #3872, .F. ) ;
#5002 =( NAMED_UNIT ( * ) SI_UNIT ( $, .STERADIAN. ) SOLID_ANGLE_UNIT ( ) );
#5003 = ADVANCED_FACE ( 'NONE', ( #81 ), #7171, .T. ) ;
#5004 =( GEOMETRIC_REPRESENTATION_CONTEXT ( 3 ) GLOBAL_UNCERTAINTY_ASSIGNED_CONTEXT ( ( #3281 ) ) GLOBAL_UNIT_ASSIGNED_CONTEXT ( ( #5215, #6195, #9146 ) ) REPRESENTATION_CONTEXT ( 'NONE', 'WORKASPACE' ) );
#5005 =( NAMED_UNIT ( * ) SI_UNIT ( $, .STERADIAN. ) SOLID_ANGLE_UNIT ( ) );
#5006 = CIRCLE ( 'NONE', #10261, 0.5000000000000004441 ) ;
#5007 = CARTESIAN_POINT ( 'NONE',  ( 24.15449497803194845, -0.3069809625912964801, -5.299999999999929656 ) ) ;
#5008 =( GEOMETRIC_REPRESENTATION_CONTEXT ( 3 ) GLOBAL_UNCERTAINTY_ASSIGNED_CONTEXT ( ( #10034 ) ) GLOBAL_UNIT_ASSIGNED_CONTEXT ( ( #8532, #875, #12289 ) ) REPRESENTATION_CONTEXT ( 'NONE', 'WORKASPACE' ) );
#5009 = STYLED_ITEM ( 'NONE', ( #9302 ), #7462 ) ;
#5010 =( NAMED_UNIT ( * ) SI_UNIT ( $, .STERADIAN. ) SOLID_ANGLE_UNIT ( ) );
#5011 = ORIENTED_EDGE ( 'NONE', *, *, #3443, .F. ) ;
#5012 = CARTESIAN_POINT ( 'NONE',  ( 37.63824873692700379, 3.500000000000000000, -2.782205948333395185 ) ) ;
#5013 = CARTESIAN_POINT ( 'NONE',  ( -26.50000000000000000, 1.800000000000000044, 6.899999999999999467 ) ) ;
#5014 = VERTEX_POINT ( 'NONE', #1385 ) ;
#5015 = AXIS2_PLACEMENT_3D ( 'NONE', #460, #6220, #9084 ) ;
#5016 =( LENGTH_UNIT ( ) NAMED_UNIT ( * ) SI_UNIT ( .MILLI., .METRE. ) );
#5017 = DIRECTION ( 'NONE',  ( -1.000000000000000000, 0.0000000000000000000, 2.211208927731710081E-29 ) ) ;
#5018 = VECTOR ( 'NONE', #1978, 999.9999999999998863 ) ;
#5019 = PLANE ( 'NONE',  #1804 ) ;
#5020 = ORIENTED_EDGE ( 'NONE', *, *, #7809, .T. ) ;
#5021 =( NAMED_UNIT ( * ) SI_UNIT ( $, .STERADIAN. ) SOLID_ANGLE_UNIT ( ) );
#5022 = ORIENTED_EDGE ( 'NONE', *, *, #11094, .T. ) ;
#5023 = CARTESIAN_POINT ( 'NONE',  ( 0.0000000000000000000, 0.0000000000000000000, 0.0000000000000000000 ) ) ;
#5024 = CIRCLE ( 'NONE', #9498, 3.200000000000279066 ) ;
#5025 = FACE_OUTER_BOUND ( 'NONE', #11802, .T. ) ;
#5026 = CARTESIAN_POINT ( 'NONE',  ( -47.50000000000000000, 0.7999999999999999334, -6.700000000000000178 ) ) ;
#5027 = EDGE_LOOP ( 'NONE', ( #7441, #11499, #2540, #8976, #5546 ) ) ;
#5028 = CARTESIAN_POINT ( 'NONE',  ( -51.29999999999999716, -1.199999999999999956, -15.00000000000000000 ) ) ;
#5029 = CARTESIAN_POINT ( 'NONE',  ( -26.75455589996904848, -0.3000000000000034861, 5.500000000000079048 ) ) ;
#5030 = CARTESIAN_POINT ( 'NONE',  ( 25.16897398685674858, -0.3999990008898709481, 4.863964069382110011 ) ) ;
#5031 = VECTOR ( 'NONE', #9488, 1000.000000000000000 ) ;
#5032 = CARTESIAN_POINT ( 'NONE',  ( 25.65685424949239746, 3.500000000000000000, -10.00000000000000000 ) ) ;
#5033 = ORIENTED_EDGE ( 'NONE', *, *, #930, .T. ) ;
#5034 = FILL_AREA_STYLE_COLOUR ( '', #4798 ) ;
#5035 = ORIENTED_EDGE ( 'NONE', *, *, #847, .F. ) ;
#5036 = CARTESIAN_POINT ( 'NONE',  ( -51.29999999999999716, -1.200000000000000178, -7.050806661529700037 ) ) ;
#5037 = EDGE_CURVE ( 'NONE', #2063, #1301, #2219, .T. ) ;
#5038 = FACE_OUTER_BOUND ( 'NONE', #10919, .T. ) ;
#5039 = LINE ( 'NONE', #11472, #6857 ) ;
#5040 = MECHANICAL_DESIGN_GEOMETRIC_PRESENTATION_REPRESENTATION (  '', ( #1315 ), #1738 ) ;
#5041 = MECHANICAL_DESIGN_GEOMETRIC_PRESENTATION_REPRESENTATION (  '', ( #4656 ), #503 ) ;
#5042 = DIRECTION ( 'NONE',  ( 0.0000000000000000000, 0.2794972057234726415, -0.9601465054838094204 ) ) ;
#5043 = DIRECTION ( 'NONE',  ( 1.000000000000000000, -1.270963621131784053E-15, 0.0000000000000000000 ) ) ;
#5044 =( NAMED_UNIT ( * ) PLANE_ANGLE_UNIT ( ) SI_UNIT ( $, .RADIAN. ) );
#5045 = EDGE_LOOP ( 'NONE', ( #3744, #7594, #2837, #8714, #10266, #11527, #5723, #1016, #11131, #9580, #5035, #334, #10902, #6737, #2146, #8184, #4511, #1307, #8835, #9075, #2993, #6094, #4975, #6402 ) ) ;
#5046 = ORIENTED_EDGE ( 'NONE', *, *, #8653, .F. ) ;
#5047 = CIRCLE ( 'NONE', #11398, 1.900000000000000577 ) ;
#5048 = VECTOR ( 'NONE', #12080, 1000.000000000000000 ) ;
#5049 = CARTESIAN_POINT ( 'NONE',  ( -24.73532281557767831, 1.872183773258812911, -13.84573640152536633 ) ) ;
#5050 = EDGE_CURVE ( 'NONE', #10184, #1639, #10568, .T. ) ;
#5051 = CARTESIAN_POINT ( 'NONE',  ( 37.47493687787739702, 3.476952496957840033, 1.388492636089383891 ) ) ;
#5052 = CARTESIAN_POINT ( 'NONE',  ( 47.50000000000000000, 1.792893218813444989, 14.50000000000000000 ) ) ;
#5053 =( GEOMETRIC_REPRESENTATION_CONTEXT ( 3 ) GLOBAL_UNCERTAINTY_ASSIGNED_CONTEXT ( ( #8493 ) ) GLOBAL_UNIT_ASSIGNED_CONTEXT ( ( #2871, #8529, #4851 ) ) REPRESENTATION_CONTEXT ( 'NONE', 'WORKASPACE' ) );
#5054 = SURFACE_STYLE_FILL_AREA ( #2239 ) ;
#5055 = PRESENTATION_STYLE_ASSIGNMENT (( #5164 ) ) ;
#5056 = SURFACE_SIDE_STYLE ('',( #911 ) ) ;
#5057 = AXIS2_PLACEMENT_3D ( 'NONE', #10562, #4857, #7744 ) ;
#5058 = CARTESIAN_POINT ( 'NONE',  ( -51.29999999999999716, -0.1000000000000045436, -10.00000000000000000 ) ) ;
#5059 = CARTESIAN_POINT ( 'NONE',  ( -51.47093034724244376, 3.009561422433951972, -15.00000013077390193 ) ) ;
#5060 = AXIS2_PLACEMENT_3D ( 'NONE', #11330, #10335, #10375 ) ;
#5061 = DIRECTION ( 'NONE',  ( 0.0000000000000000000, 0.0000000000000000000, 1.000000000000000000 ) ) ;
#5062 = UNCERTAINTY_MEASURE_WITH_UNIT (LENGTH_MEASURE( 1.000000000000000082E-05 ), #499, 'distance_accuracy_value', 'NONE');
#5063 =( NAMED_UNIT ( * ) SI_UNIT ( $, .STERADIAN. ) SOLID_ANGLE_UNIT ( ) );
#5064 = ADVANCED_FACE ( 'NONE', ( #1289 ), #8369, .T. ) ;
#5065 = CARTESIAN_POINT ( 'NONE',  ( -47.50000000000000000, -1.200000000021370195, 10.00000000000000000 ) ) ;
#5066 = EDGE_CURVE ( 'NONE', #5108, #9078, #4483, .T. ) ;
#5067 = STYLED_ITEM ( 'NONE', ( #1440 ), #179 ) ;
#5068 = DIRECTION ( 'NONE',  ( -0.0000000000000000000, 1.000000000000000000, 0.0000000000000000000 ) ) ;
#5069 = PRESENTATION_STYLE_ASSIGNMENT (( #1035 ) ) ;
#5070 = DIRECTION ( 'NONE',  ( 0.0000000000000000000, 0.0000000000000000000, 1.000000000000000000 ) ) ;
#5072 = ORIENTED_EDGE ( 'NONE', *, *, #2897, .T. ) ;
#5071 = DIRECTION ( 'NONE',  ( -0.9998476951563912696, 0.01745240643728355329, 0.0000000000000000000 ) ) ;
#5073 =( LENGTH_UNIT ( ) NAMED_UNIT ( * ) SI_UNIT ( .MILLI., .METRE. ) );
#5074 = LINE ( 'NONE', #2000, #8670 ) ;
#5075 =( GEOMETRIC_REPRESENTATION_CONTEXT ( 3 ) GLOBAL_UNCERTAINTY_ASSIGNED_CONTEXT ( ( #1014 ) ) GLOBAL_UNIT_ASSIGNED_CONTEXT ( ( #542, #1433, #4370 ) ) REPRESENTATION_CONTEXT ( 'NONE', 'WORKASPACE' ) );
#5076 = CARTESIAN_POINT ( 'NONE',  ( 25.15932519075780149, 0.4000010255251963409, 4.877928121785759963 ) ) ;
#5077 = FILL_AREA_STYLE_COLOUR ( '', #3775 ) ;
#5078 = VECTOR ( 'NONE', #1142, 1000.000000000000000 ) ;
#5079 = DIRECTION ( 'NONE',  ( 0.0000000000000000000, 0.0000000000000000000, 1.000000000000000000 ) ) ;
#5080 = DIRECTION ( 'NONE',  ( -1.000000000000000000, 0.0000000000000000000, 0.0000000000000000000 ) ) ;
#5081 = VECTOR ( 'NONE', #9777, 1000.000000000000000 ) ;
#5082 = VERTEX_POINT ( 'NONE', #5322 ) ;
#5083 = MECHANICAL_DESIGN_GEOMETRIC_PRESENTATION_REPRESENTATION (  '', ( #3551 ), #3334 ) ;
#5084 = FILL_AREA_STYLE_COLOUR ( '', #1892 ) ;
#5085 = EDGE_CURVE ( 'NONE', #12012, #11897, #8967, .T. ) ;
#5086 = LINE ( 'NONE', #9555, #8233 ) ;
#5087 = CARTESIAN_POINT ( 'NONE',  ( -51.39180696945168592, 3.027089915946477472, -14.90056884195813858 ) ) ;
#5088 = EDGE_CURVE ( 'NONE', #11243, #4944, #532, .T. ) ;
#5089 = ORIENTED_EDGE ( 'NONE', *, *, #4283, .T. ) ;
#5090 = ORIENTED_EDGE ( 'NONE', *, *, #1378, .T. ) ;
#5091 = STYLED_ITEM ( 'NONE', ( #4412 ), #4519 ) ;
#5092 = ORIENTED_EDGE ( 'NONE', *, *, #6680, .T. ) ;
#5093 = ORIENTED_EDGE ( 'NONE', *, *, #4360, .T. ) ;
#5095 = ORIENTED_EDGE ( 'NONE', *, *, #9714, .T. ) ;
#5094 = SURFACE_SIDE_STYLE ('',( #735 ) ) ;
#5096 =( LENGTH_UNIT ( ) NAMED_UNIT ( * ) SI_UNIT ( .MILLI., .METRE. ) );
#5097 = ORIENTED_EDGE ( 'NONE', *, *, #8614, .F. ) ;
#5098 = COLOUR_RGB ( '',0.7529411764705882248, 0.7529411764705882248, 0.7529411764705882248 ) ;
#5099 = AXIS2_PLACEMENT_3D ( 'NONE', #5353, #5470, #3500 ) ;
#5100 = MECHANICAL_DESIGN_GEOMETRIC_PRESENTATION_REPRESENTATION (  '', ( #10208 ), #6879 ) ;
#5101 = MECHANICAL_DESIGN_GEOMETRIC_PRESENTATION_REPRESENTATION (  '', ( #9107 ), #7844 ) ;
#5102 = CARTESIAN_POINT ( 'NONE',  ( -68.60321982055950230, -1.200000000000000178, -4.649999999999999467 ) ) ;
#5103 = CARTESIAN_POINT ( 'NONE',  ( -51.43283802355119150, 3.032757366010094380, -15.00000352979360052 ) ) ;
#5104 = DIRECTION ( 'NONE',  ( -1.000000000000000000, 0.0000000000000000000, 0.0000000000000000000 ) ) ;
#5105 = ORIENTED_EDGE ( 'NONE', *, *, #10317, .T. ) ;
#5106 = ORIENTED_EDGE ( 'NONE', *, *, #4124, .F. ) ;
#5107 = DIRECTION ( 'NONE',  ( -0.01744974916068370643, 0.9996954598818874604, 0.01744974916068370643 ) ) ;
#5108 = VERTEX_POINT ( 'NONE', #7554 ) ;
#5109 = ORIENTED_EDGE ( 'NONE', *, *, #4969, .T. ) ;
#5111 = UNCERTAINTY_MEASURE_WITH_UNIT (LENGTH_MEASURE( 1.000000000000000082E-05 ), #11865, 'distance_accuracy_value', 'NONE');
#5110 = DIRECTION ( 'NONE',  ( 0.0000000000000000000, 0.0000000000000000000, -1.000000000000000000 ) ) ;
#5112 = FACE_OUTER_BOUND ( 'NONE', #1382, .T. ) ;
#5113 = EDGE_CURVE ( 'NONE', #2691, #6150, #4801, .T. ) ;
#5114 = DIRECTION ( 'NONE',  ( 1.000000000000000000, 5.421010862433185205E-16, 0.0000000000000000000 ) ) ;
#5115 =( NAMED_UNIT ( * ) PLANE_ANGLE_UNIT ( ) SI_UNIT ( $, .RADIAN. ) );
#5116 = FILL_AREA_STYLE_COLOUR ( '', #10293 ) ;
#5117 = PRESENTATION_LAYER_ASSIGNMENT (  '', '', ( #9124 ) ) ;
#5118 = DIRECTION ( 'NONE',  ( 1.000000000000000000, 0.0000000000000000000, 0.0000000000000000000 ) ) ;
#5119 = ORIENTED_EDGE ( 'NONE', *, *, #9768, .T. ) ;
#5120 = DIRECTION ( 'NONE',  ( 0.0000000000000000000, 1.000000000000000000, 0.0000000000000000000 ) ) ;
#5121 = CARTESIAN_POINT ( 'NONE',  ( 21.00000000000000000, 3.405465559969194977, -11.00000000000000000 ) ) ;
#5122 = UNCERTAINTY_MEASURE_WITH_UNIT (LENGTH_MEASURE( 1.000000000000000082E-05 ), #1147, 'distance_accuracy_value', 'NONE');
#5123 =( GEOMETRIC_REPRESENTATION_CONTEXT ( 3 ) GLOBAL_UNCERTAINTY_ASSIGNED_CONTEXT ( ( #5135 ) ) GLOBAL_UNIT_ASSIGNED_CONTEXT ( ( #1730, #8452, #2796 ) ) REPRESENTATION_CONTEXT ( 'NONE', 'WORKASPACE' ) );
#5124 = VECTOR ( 'NONE', #7278, 1000.000000000000000 ) ;
#5125 = SURFACE_STYLE_USAGE ( .BOTH. , #4037 ) ;
#5126 = FACE_OUTER_BOUND ( 'NONE', #7207, .T. ) ;
#5127 = ADVANCED_FACE ( 'NONE', ( #1914 ), #4177, .T. ) ;
#5128 = EDGE_LOOP ( 'NONE', ( #9310, #6913, #4090, #7456 ) ) ;
#5129 = EDGE_CURVE ( 'NONE', #715, #2644, #3284, .T. ) ;
#5130 =( GEOMETRIC_REPRESENTATION_CONTEXT ( 3 ) GLOBAL_UNCERTAINTY_ASSIGNED_CONTEXT ( ( #4495 ) ) GLOBAL_UNIT_ASSIGNED_CONTEXT ( ( #7892, #11658, #3196 ) ) REPRESENTATION_CONTEXT ( 'NONE', 'WORKASPACE' ) );
#5131 = PRESENTATION_STYLE_ASSIGNMENT (( #4015 ) ) ;
#5132 = AXIS2_PLACEMENT_3D ( 'NONE', #5309, #7153, #3419 ) ;
#5133 = PRESENTATION_LAYER_ASSIGNMENT (  '', '', ( #2484 ) ) ;
#5134 = CARTESIAN_POINT ( 'NONE',  ( -26.50000000000000000, 2.000000000000000000, 6.700000000000000178 ) ) ;
#5135 = UNCERTAINTY_MEASURE_WITH_UNIT (LENGTH_MEASURE( 1.000000000000000082E-05 ), #1730, 'distance_accuracy_value', 'NONE');
#5136 = CARTESIAN_POINT ( 'NONE',  ( -52.35355339059329793, 2.146446609406750028, 10.00000000000000000 ) ) ;
#5137 =( NAMED_UNIT ( * ) SI_UNIT ( $, .STERADIAN. ) SOLID_ANGLE_UNIT ( ) );
#5138 =( NAMED_UNIT ( * ) SI_UNIT ( $, .STERADIAN. ) SOLID_ANGLE_UNIT ( ) );
#5139 = UNCERTAINTY_MEASURE_WITH_UNIT (LENGTH_MEASURE( 1.000000000000000082E-05 ), #425, 'distance_accuracy_value', 'NONE');
#5140 = DIRECTION ( 'NONE',  ( 0.0000000000000000000, 0.0000000000000000000, -1.000000000000000000 ) ) ;
#5141 = EDGE_CURVE ( 'NONE', #7123, #12410, #7178, .T. ) ;
#5142 = LINE ( 'NONE', #5617, #10 ) ;
#5143 = DIRECTION ( 'NONE',  ( 0.0000000000000000000, 0.0000000000000000000, 1.000000000000000000 ) ) ;
#5144 = FILL_AREA_STYLE_COLOUR ( '', #237 ) ;
#5145 = DIRECTION ( 'NONE',  ( -1.000000000000000000, 0.0000000000000000000, 2.310760788451930444E-16 ) ) ;
#5146 = PRESENTATION_LAYER_ASSIGNMENT (  '', '', ( #9860 ) ) ;
#5147 = AXIS2_PLACEMENT_3D ( 'NONE', #11237, #2761, #887 ) ;
#5148 = FILL_AREA_STYLE ('',( #418 ) ) ;
#5149 = MECHANICAL_DESIGN_GEOMETRIC_PRESENTATION_REPRESENTATION (  '', ( #8132 ), #7090 ) ;
#5150 = DIRECTION ( 'NONE',  ( 0.0000000000000000000, -1.000000000000000000, 0.0000000000000000000 ) ) ;
#5151 =( NAMED_UNIT ( * ) PLANE_ANGLE_UNIT ( ) SI_UNIT ( $, .RADIAN. ) );
#5152 =( NAMED_UNIT ( * ) PLANE_ANGLE_UNIT ( ) SI_UNIT ( $, .RADIAN. ) );
#5153 = CIRCLE ( 'NONE', #1197, 1.400000000000000133 ) ;
#5154 = EDGE_LOOP ( 'NONE', ( #3157, #3463, #6525, #101 ) ) ;
#5155 = PRESENTATION_STYLE_ASSIGNMENT (( #2126 ) ) ;
#5156 = FILL_AREA_STYLE_COLOUR ( '', #2212 ) ;
#5157 = EDGE_CURVE ( 'NONE', #9430, #11434, #8069, .T. ) ;
#5158 = CARTESIAN_POINT ( 'NONE',  ( -24.10888416461893513, 2.089073815515650079, -11.26843583433255702 ) ) ;
#5159 =( NAMED_UNIT ( * ) SI_UNIT ( $, .STERADIAN. ) SOLID_ANGLE_UNIT ( ) );
#5160 = CARTESIAN_POINT ( 'NONE',  ( -52.20000000000000284, -1.500000000000000000, -5.599632742307179889 ) ) ;
#5161 = EDGE_CURVE ( 'NONE', #3396, #10510, #9266, .T. ) ;
#5162 = CARTESIAN_POINT ( 'NONE',  ( 47.65810784417229939, 1.199999999999999956, -4.691892155827729560 ) ) ;
#5163 = ORIENTED_EDGE ( 'NONE', *, *, #8082, .T. ) ;
#5164 = SURFACE_STYLE_USAGE ( .BOTH. , #269 ) ;
#5165 =( GEOMETRIC_REPRESENTATION_CONTEXT ( 3 ) GLOBAL_UNCERTAINTY_ASSIGNED_CONTEXT ( ( #4590 ) ) GLOBAL_UNIT_ASSIGNED_CONTEXT ( ( #3708, #8535, #1644 ) ) REPRESENTATION_CONTEXT ( 'NONE', 'WORKASPACE' ) );
#5166 = LINE ( 'NONE', #6804, #31 ) ;
#5167 = EDGE_LOOP ( 'NONE', ( #12327, #1322, #36, #7540, #10550, #1946, #2333, #8105, #10264, #11641, #5464, #6749, #11930, #10312, #1699, #1064, #1989, #9434, #9267, #9640 ) ) ;
#5168 = CARTESIAN_POINT ( 'NONE',  ( -26.50000000000000000, 1.800000000002909939, 5.500000000000079048 ) ) ;
#5169 = ORIENTED_EDGE ( 'NONE', *, *, #8457, .T. ) ;
#5170 = AXIS2_PLACEMENT_3D ( 'NONE', #6080, #4064, #11675 ) ;
#5171 = EDGE_LOOP ( 'NONE', ( #3908, #659, #3502, #10470 ) ) ;
#5172 = VECTOR ( 'NONE', #870, 1000.000000000000000 ) ;
#5173 = VECTOR ( 'NONE', #8213, 1000.000000000000000 ) ;
#5174 = COLOUR_RGB ( '',0.7529411764705882248, 0.7529411764705882248, 0.7529411764705882248 ) ;
#5175 = ORIENTED_EDGE ( 'NONE', *, *, #11883, .T. ) ;
#5176 = DIRECTION ( 'NONE',  ( 1.000000000000000000, 0.0000000000000000000, 0.0000000000000000000 ) ) ;
#5177 = VERTEX_POINT ( 'NONE', #10453 ) ;
#5178 = FILL_AREA_STYLE ('',( #285 ) ) ;
#5179 = LINE ( 'NONE', #5356, #6841 ) ;
#5180 = CARTESIAN_POINT ( 'NONE',  ( -47.50000000000000000, 0.7999999999940879958, 12.23491012985629922 ) ) ;
#5181 = SURFACE_STYLE_USAGE ( .BOTH. , #6121 ) ;
#5182 = LINE ( 'NONE', #10058, #7435 ) ;
#5183 =( NAMED_UNIT ( * ) SI_UNIT ( $, .STERADIAN. ) SOLID_ANGLE_UNIT ( ) );
#5184 = CARTESIAN_POINT ( 'NONE',  ( 37.63824873692700379, 2.299999999999999822, -5.949999999999919353 ) ) ;
#5185 = ADVANCED_FACE ( 'NONE', ( #4638 ), #9475, .T. ) ;
#5186 = VECTOR ( 'NONE', #8728, 1000.000000000000000 ) ;
#5187 = CARTESIAN_POINT ( 'NONE',  ( 50.70000000000000284, -1.200000000000000178, -13.19999999999999929 ) ) ;
#5188 = MECHANICAL_DESIGN_GEOMETRIC_PRESENTATION_REPRESENTATION (  '', ( #1718 ), #2618 ) ;
#5189 = ORIENTED_EDGE ( 'NONE', *, *, #614, .F. ) ;
#5190 = CARTESIAN_POINT ( 'NONE',  ( 52.50000000000000000, -2.700000000000000178, -15.00000000000000000 ) ) ;
#5191 = ORIENTED_EDGE ( 'NONE', *, *, #545, .T. ) ;
#5192 =( NAMED_UNIT ( * ) SI_UNIT ( $, .STERADIAN. ) SOLID_ANGLE_UNIT ( ) );
#5193 =( NAMED_UNIT ( * ) SI_UNIT ( $, .STERADIAN. ) SOLID_ANGLE_UNIT ( ) );
#5194 = COLOUR_RGB ( '',0.7529411764705882248, 0.7529411764705882248, 0.7529411764705882248 ) ;
#5195 = CARTESIAN_POINT ( 'NONE',  ( -68.60321982055950230, -1.200000000010685186, 12.19999999999980034 ) ) ;
#5196 = CARTESIAN_POINT ( 'NONE',  ( -28.15932519075579776, 0.4000010255231839507, 4.877928121785719995 ) ) ;
#5197 = CARTESIAN_POINT ( 'NONE',  ( -22.66272529489376808, 2.292861547258184807, -10.34394880489959689 ) ) ;
#5198 = DIRECTION ( 'NONE',  ( 0.0000000000000000000, 1.000000000000000000, 0.0000000000000000000 ) ) ;
#5199 = CARTESIAN_POINT ( 'NONE',  ( -51.29999999999999716, -0.1000000000000000472, -6.000000000000000000 ) ) ;
#5200 = ADVANCED_FACE ( 'NONE', ( #11181 ), #5787, .T. ) ;
#5201 = COLOUR_RGB ( '',0.7529411764705882248, 0.7529411764705882248, 0.7529411764705882248 ) ;
#5202 = DIRECTION ( 'NONE',  ( 9.250304320744869352E-16, -1.000000000000000000, 6.023345402706629233E-17 ) ) ;
#5203 = EDGE_CURVE ( 'NONE', #9120, #10184, #5993, .T. ) ;
#5204 = ORIENTED_EDGE ( 'NONE', *, *, #2978, .T. ) ;
#5205 = AXIS2_PLACEMENT_3D ( 'NONE', #7920, #1015, #4943 ) ;
#5206 = ORIENTED_EDGE ( 'NONE', *, *, #9870, .T. ) ;
#5207 = EDGE_LOOP ( 'NONE', ( #3580, #11941, #2799, #1324 ) ) ;
#5208 = AXIS2_PLACEMENT_3D ( 'NONE', #8455, #1691, #744 ) ;
#5209 = CARTESIAN_POINT ( 'NONE',  ( 26.50000000000000000, 0.7999999999999999334, -12.23491012985643955 ) ) ;
#5210 = CONICAL_SURFACE ( 'NONE', #1598, 269.5123374016974367, 1.047197551196590748 ) ;
#5211 = FACE_OUTER_BOUND ( 'NONE', #12035, .T. ) ;
#5212 = PRESENTATION_LAYER_ASSIGNMENT (  '', '', ( #2640 ) ) ;
#5213 = DIRECTION ( 'NONE',  ( 0.01744974916068024393, 0.9996954598818874604, 0.01744974916068283907 ) ) ;
#5214 = LINE ( 'NONE', #11754, #7768 ) ;
#5215 =( LENGTH_UNIT ( ) NAMED_UNIT ( * ) SI_UNIT ( .MILLI., .METRE. ) );
#5216 = LINE ( 'NONE', #4087, #5372 ) ;
#5217 = UNCERTAINTY_MEASURE_WITH_UNIT (LENGTH_MEASURE( 1.000000000000000082E-05 ), #9740, 'distance_accuracy_value', 'NONE');
#5218 = UNCERTAINTY_MEASURE_WITH_UNIT (LENGTH_MEASURE( 1.000000000000000082E-05 ), #2782, 'distance_accuracy_value', 'NONE');
#5219 = VECTOR ( 'NONE', #10783, 999.9999999999998863 ) ;
#5220 = VECTOR ( 'NONE', #464, 1000.000000000000000 ) ;
#5221 = DIRECTION ( 'NONE',  ( 1.000000000000000000, 0.0000000000000000000, 0.0000000000000000000 ) ) ;
#5222 =( NAMED_UNIT ( * ) SI_UNIT ( $, .STERADIAN. ) SOLID_ANGLE_UNIT ( ) );
#5223 = CARTESIAN_POINT ( 'NONE',  ( 20.86214806442511360, 3.282022148731575939, -11.48375374554324146 ) ) ;
#5224 =( LENGTH_UNIT ( ) NAMED_UNIT ( * ) SI_UNIT ( .MILLI., .METRE. ) );
#5225 = MECHANICAL_DESIGN_GEOMETRIC_PRESENTATION_REPRESENTATION (  '', ( #7155 ), #8432 ) ;
#5226 = CARTESIAN_POINT ( 'NONE',  ( -52.50000000000000000, -1.199999999999999956, -15.00000000000000000 ) ) ;
#5227 = PRESENTATION_LAYER_ASSIGNMENT (  '', '', ( #7315 ) ) ;
#5229 =( NAMED_UNIT ( * ) SI_UNIT ( $, .STERADIAN. ) SOLID_ANGLE_UNIT ( ) );
#5228 = VECTOR ( 'NONE', #9943, 1000.000000000000000 ) ;
#5230 = VECTOR ( 'NONE', #9606, 1000.000000000000000 ) ;
#5231 = PRESENTATION_LAYER_ASSIGNMENT (  '', '', ( #3533 ) ) ;
#5232 = DIRECTION ( 'NONE',  ( 0.0000000000000000000, -0.01745240643728355329, 0.9998476951563912696 ) ) ;
#5233 = DIRECTION ( 'NONE',  ( 0.0000000000000000000, 1.000000000000000000, 0.0000000000000000000 ) ) ;
#5234 = ORIENTED_EDGE ( 'NONE', *, *, #6907, .T. ) ;
#5235 = SURFACE_SIDE_STYLE ('',( #8072 ) ) ;
#5236 = EDGE_CURVE ( 'NONE', #2692, #5333, #6291, .T. ) ;
#5237 = VECTOR ( 'NONE', #7386, 1000.000000000000000 ) ;
#5238 = PRESENTATION_LAYER_ASSIGNMENT (  '', '', ( #3951 ) ) ;
#5239 = CARTESIAN_POINT ( 'NONE',  ( -50.70000000000000284, -1.200000000000000178, -7.050806661529709807 ) ) ;
#5240 = FACE_OUTER_BOUND ( 'NONE', #12199, .T. ) ;
#5241 =( LENGTH_UNIT ( ) NAMED_UNIT ( * ) SI_UNIT ( .MILLI., .METRE. ) );
#5243 = ORIENTED_EDGE ( 'NONE', *, *, #9319, .T. ) ;
#5242 = FILL_AREA_STYLE ('',( #10899 ) ) ;
#5244 = DIRECTION ( 'NONE',  ( -0.5041973887543758082, 0.0000000000000000000, -0.8635884396940877172 ) ) ;
#5245 = VERTEX_POINT ( 'NONE', #3767 ) ;
#5246 = ORIENTED_EDGE ( 'NONE', *, *, #4683, .F. ) ;
#5247 = CARTESIAN_POINT ( 'NONE',  ( -47.50000000000000000, 1.502943725152300125, 13.79999999999999893 ) ) ;
#5248 = PRESENTATION_LAYER_ASSIGNMENT (  '', '', ( #11615 ) ) ;
#5249 = FILL_AREA_STYLE_COLOUR ( '', #5098 ) ;
#5250 = ORIENTED_EDGE ( 'NONE', *, *, #7281, .F. ) ;
#5251 = DIRECTION ( 'NONE',  ( 0.0000000000000000000, 0.0000000000000000000, -1.000000000000000000 ) ) ;
#5252 = VERTEX_POINT ( 'NONE', #1871 ) ;
#5253 = AXIS2_PLACEMENT_3D ( 'NONE', #3718, #10404, #1785 ) ;
#5254 = SURFACE_SIDE_STYLE ('',( #2967 ) ) ;
#5255 = ADVANCED_FACE ( 'NONE', ( #11620 ), #162, .F. ) ;
#5256 = EDGE_CURVE ( 'NONE', #5082, #957, #6886, .T. ) ;
#5257 = ORIENTED_EDGE ( 'NONE', *, *, #4881, .T. ) ;
#5259 = ORIENTED_EDGE ( 'NONE', *, *, #7442, .T. ) ;
#5258 = LINE ( 'NONE', #8980, #8846 ) ;
#5260 = DIRECTION ( 'NONE',  ( 0.0000000000000000000, 1.000000000000000000, 0.0000000000000000000 ) ) ;
#5261 = ORIENTED_EDGE ( 'NONE', *, *, #9616, .T. ) ;
#5262 = VERTEX_POINT ( 'NONE', #6928 ) ;
#5263 = ORIENTED_EDGE ( 'NONE', *, *, #429, .F. ) ;
#5264 = SURFACE_STYLE_USAGE ( .BOTH. , #1491 ) ;
#5265 = AXIS2_PLACEMENT_3D ( 'NONE', #9993, #3231, #4282 ) ;
#5266 = ORIENTED_EDGE ( 'NONE', *, *, #12212, .T. ) ;
#5267 = CARTESIAN_POINT ( 'NONE',  ( -30.79608995562909968, 3.500000000000000000, 13.00859782307811940 ) ) ;
#5268 = CARTESIAN_POINT ( 'NONE',  ( 20.21008405553324394, 3.405442544620001399, -11.00011275172356306 ) ) ;
#5270 = ADVANCED_FACE ( 'NONE', ( #10736 ), #4021, .T. ) ;
#5269 = DIRECTION ( 'NONE',  ( 0.0000000000000000000, -1.000000000000000000, 0.0000000000000000000 ) ) ;
#5271 = VERTEX_POINT ( 'NONE', #10734 ) ;
#5272 = PRESENTATION_LAYER_ASSIGNMENT (  '', '', ( #8068 ) ) ;
#5273 = PRESENTATION_LAYER_ASSIGNMENT (  '', '', ( #11708 ) ) ;
#5274 = CARTESIAN_POINT ( 'NONE',  ( -68.60321982055950230, 0.7999999999940891060, 13.16508987014366028 ) ) ;
#5275 = DIRECTION ( 'NONE',  ( -1.000000000000000000, 0.0000000000000000000, 0.0000000000000000000 ) ) ;
#5276 = FILL_AREA_STYLE_COLOUR ( '', #958 ) ;
#5277 =( LENGTH_UNIT ( ) NAMED_UNIT ( * ) SI_UNIT ( .MILLI., .METRE. ) );
#5278 =( LENGTH_UNIT ( ) NAMED_UNIT ( * ) SI_UNIT ( .MILLI., .METRE. ) );
#5279 = SURFACE_SIDE_STYLE ('',( #485 ) ) ;
#5280 = ORIENTED_EDGE ( 'NONE', *, *, #7572, .F. ) ;
#5281 = CIRCLE ( 'NONE', #3774, 0.8000000000000003775 ) ;
#5282 = ORIENTED_EDGE ( 'NONE', *, *, #11532, .F. ) ;
#5283 = LINE ( 'NONE', #6996, #2734 ) ;
#5284 =( NAMED_UNIT ( * ) SI_UNIT ( $, .STERADIAN. ) SOLID_ANGLE_UNIT ( ) );
#5285 = EDGE_CURVE ( 'NONE', #9140, #10510, #3731, .T. ) ;
#5286 = CARTESIAN_POINT ( 'NONE',  ( -26.50000000000000000, 1.800000000000000044, -5.299999999999999822 ) ) ;
#5287 =( LENGTH_UNIT ( ) NAMED_UNIT ( * ) SI_UNIT ( .MILLI., .METRE. ) );
#5288 = FACE_OUTER_BOUND ( 'NONE', #5305, .T. ) ;
#5289 = MECHANICAL_DESIGN_GEOMETRIC_PRESENTATION_REPRESENTATION (  '', ( #11098 ), #7688 ) ;
#5290 =( NAMED_UNIT ( * ) PLANE_ANGLE_UNIT ( ) SI_UNIT ( $, .RADIAN. ) );
#5291 = CARTESIAN_POINT ( 'NONE',  ( -35.52733467635630404, 2.300000000044979842, 10.00259813127139985 ) ) ;
#5292 = DIRECTION ( 'NONE',  ( -8.432683563761130178E-16, -1.000000000000000000, 6.023345402686529304E-17 ) ) ;
#5293 = MECHANICAL_DESIGN_GEOMETRIC_PRESENTATION_REPRESENTATION (  '', ( #10792 ), #740 ) ;
#5294 =( NAMED_UNIT ( * ) PLANE_ANGLE_UNIT ( ) SI_UNIT ( $, .RADIAN. ) );
#5295 = VERTEX_POINT ( 'NONE', #6838 ) ;
#5296 = LINE ( 'NONE', #1693, #2125 ) ;
#5297 = FACE_OUTER_BOUND ( 'NONE', #5638, .T. ) ;
#5298 = DIRECTION ( 'NONE',  ( 5.551115123125780730E-16, 0.0000000000000000000, 1.000000000000000000 ) ) ;
#5299 = CARTESIAN_POINT ( 'NONE',  ( 51.50000000000000000, 3.000000000000000000, 15.00000000000000000 ) ) ;
#5300 = EDGE_CURVE ( 'NONE', #11576, #8562, #848, .T. ) ;
#5301 = UNCERTAINTY_MEASURE_WITH_UNIT (LENGTH_MEASURE( 1.000000000000000082E-05 ), #4762, 'distance_accuracy_value', 'NONE');
#5302 = AXIS2_PLACEMENT_3D ( 'NONE', #223, #10866, #5080 ) ;
#5303 = MECHANICAL_DESIGN_GEOMETRIC_PRESENTATION_REPRESENTATION (  '', ( #3530 ), #11213 ) ;
#5304 = COLOUR_RGB ( '',0.7529411764705882248, 0.7529411764705882248, 0.7529411764705882248 ) ;
#5305 = EDGE_LOOP ( 'NONE', ( #6837, #9716, #710, #2743 ) ) ;
#5306 = DIRECTION ( 'NONE',  ( 0.01745240643728354982, -0.9998476951563911586, 0.0000000000000000000 ) ) ;
#5307 = CARTESIAN_POINT ( 'NONE',  ( -28.17854103315945125, -1.200000000012825030, 6.150000000000000355 ) ) ;
#5308 = CARTESIAN_POINT ( 'NONE',  ( -49.70000000000000284, -1.200000000000000178, -12.20000000000000107 ) ) ;
#5309 = CARTESIAN_POINT ( 'NONE',  ( -28.10102051443364957, -11.78862234750974025, -10.00000000000000000 ) ) ;
#5310 = SURFACE_STYLE_FILL_AREA ( #4766 ) ;
#5311 = SURFACE_STYLE_USAGE ( .BOTH. , #6292 ) ;
#5312 = SURFACE_STYLE_USAGE ( .BOTH. , #11008 ) ;
#5313 =( NAMED_UNIT ( * ) PLANE_ANGLE_UNIT ( ) SI_UNIT ( $, .RADIAN. ) );
#5314 = VERTEX_POINT ( 'NONE', #8747 ) ;
#5315 = DIRECTION ( 'NONE',  ( 8.578501682009441882E-32, -1.596041831864000008E-14, 1.000000000000000000 ) ) ;
#5316 = PRESENTATION_LAYER_ASSIGNMENT (  '', '', ( #10183 ) ) ;
#5317 = CARTESIAN_POINT ( 'NONE',  ( -27.15000000000000213, -1.200000000015385204, -3.621458966841324845 ) ) ;
#5318 = EDGE_LOOP ( 'NONE', ( #7956, #6110 ) ) ;
#5319 = FILL_AREA_STYLE ('',( #3509 ) ) ;
#5320 = DIRECTION ( 'NONE',  ( 0.0000000000000000000, 1.000000000000000000, 0.0000000000000000000 ) ) ;
#5321 = DIRECTION ( 'NONE',  ( 0.0000000000000000000, -1.528957559672134933E-13, -1.000000000000000000 ) ) ;
#5322 = CARTESIAN_POINT ( 'NONE',  ( -44.50000000000000000, -1.200000000000000178, -5.950000000000000178 ) ) ;
#5323 = EDGE_CURVE ( 'NONE', #4212, #8993, #2076, .T. ) ;
#5324 = CARTESIAN_POINT ( 'NONE',  ( 23.50000000000000000, 2.000000000000000000, 4.500000000000000000 ) ) ;
#5325 = SURFACE_SIDE_STYLE ('',( #12128 ) ) ;
#5326 = EDGE_LOOP ( 'NONE', ( #9791, #1595, #9431, #1618 ) ) ;
#5327 = CARTESIAN_POINT ( 'NONE',  ( -51.46259787812589082, 3.037402121874085204, -15.05979440426013127 ) ) ;
#5328 = ADVANCED_FACE ( 'NONE', ( #11342 ), #3980, .T. ) ;
#5329 = EDGE_CURVE ( 'NONE', #6150, #11634, #10000, .T. ) ;
#5330 = ORIENTED_EDGE ( 'NONE', *, *, #10911, .F. ) ;
#5331 = LINE ( 'NONE', #763, #8478 ) ;
#5332 = PRESENTATION_STYLE_ASSIGNMENT (( #8592 ) ) ;
#5333 = VERTEX_POINT ( 'NONE', #8002 ) ;
#5334 = CONICAL_SURFACE ( 'NONE', #11904, 1.800000000001234612, 0.01745329252056498567 ) ;
#5335 = DIRECTION ( 'NONE',  ( 0.8356341412805732283, 0.0000000000000000000, 0.5492864297670924101 ) ) ;
#5336 = ORIENTED_EDGE ( 'NONE', *, *, #6376, .T. ) ;
#5337 = CARTESIAN_POINT ( 'NONE',  ( -8.374920288904739607, 2.300000000009580159, 6.150000000000249933 ) ) ;
#5338 = ORIENTED_EDGE ( 'NONE', *, *, #3232, .F. ) ;
#5339 = STYLED_ITEM ( 'NONE', ( #7308 ), #387 ) ;
#5340 = CIRCLE ( 'NONE', #6311, 0.5000000000000143219 ) ;
#5341 = PRESENTATION_STYLE_ASSIGNMENT (( #5985 ) ) ;
#5342 = CARTESIAN_POINT ( 'NONE',  ( 47.65810784417229939, 1.199999999999999956, -5.299999999999999822 ) ) ;
#5343 = UNCERTAINTY_MEASURE_WITH_UNIT (LENGTH_MEASURE( 1.000000000000000082E-05 ), #6618, 'distance_accuracy_value', 'NONE');
#5344 =( NAMED_UNIT ( * ) SI_UNIT ( $, .STERADIAN. ) SOLID_ANGLE_UNIT ( ) );
#5345 =( LENGTH_UNIT ( ) NAMED_UNIT ( * ) SI_UNIT ( .MILLI., .METRE. ) );
#5346 = LINE ( 'NONE', #4059, #6119 ) ;
#5347 = ORIENTED_EDGE ( 'NONE', *, *, #12267, .T. ) ;
#5348 = DIRECTION ( 'NONE',  ( 0.0000000000000000000, -1.000000000000000000, 0.0000000000000000000 ) ) ;
#5349 = CARTESIAN_POINT ( 'NONE',  ( 51.39249708198010325, 3.052372114736864983, -14.99999999999736033 ) ) ;
#5350 = EDGE_LOOP ( 'NONE', ( #6190, #12185, #4409, #11666 ) ) ;
#5351 = EDGE_CURVE ( 'NONE', #8996, #7761, #3568, .T. ) ;
#5352 =( LENGTH_UNIT ( ) NAMED_UNIT ( * ) SI_UNIT ( .MILLI., .METRE. ) );
#5353 = CARTESIAN_POINT ( 'NONE',  ( 23.50000000000000000, -0.3069809625912964801, -5.299999999999919886 ) ) ;
#5354 = VECTOR ( 'NONE', #3499, 1000.000000000000000 ) ;
#5355 = CIRCLE ( 'NONE', #5208, 4.250000000000054179 ) ;
#5356 = CARTESIAN_POINT ( 'NONE',  ( -51.60000000000000142, -1.500000000000000000, -24.13675991466964987 ) ) ;
#5357 = COLOUR_RGB ( '',0.7529411764705882248, 0.7529411764705882248, 0.7529411764705882248 ) ;
#5358 =( GEOMETRIC_REPRESENTATION_CONTEXT ( 3 ) GLOBAL_UNCERTAINTY_ASSIGNED_CONTEXT ( ( #7446 ) ) GLOBAL_UNIT_ASSIGNED_CONTEXT ( ( #5352, #451, #10888 ) ) REPRESENTATION_CONTEXT ( 'NONE', 'WORKASPACE' ) );
#5359 = MECHANICAL_DESIGN_GEOMETRIC_PRESENTATION_REPRESENTATION (  '', ( #9837 ), #1228 ) ;
#5360 =( NAMED_UNIT ( * ) PLANE_ANGLE_UNIT ( ) SI_UNIT ( $, .RADIAN. ) );
#5361 = CARTESIAN_POINT ( 'NONE',  ( -27.14127246753589873, 1.800000000000000044, 15.00000000000000000 ) ) ;
#5362 = DIRECTION ( 'NONE',  ( 0.0000000000000000000, -1.000000000000000000, 0.0000000000000000000 ) ) ;
#5363 = SURFACE_STYLE_USAGE ( .BOTH. , #10036 ) ;
#5364 = VECTOR ( 'NONE', #7094, 1000.000000000000114 ) ;
#5365 = CARTESIAN_POINT ( 'NONE',  ( -51.00294372513589991, 1.800000000016394930, 10.00000000000000000 ) ) ;
#5366 = DIRECTION ( 'NONE',  ( 1.000000000000000000, 5.138253021090461235E-16, 0.0000000000000000000 ) ) ;
#5367 =( LENGTH_UNIT ( ) NAMED_UNIT ( * ) SI_UNIT ( .MILLI., .METRE. ) );
#5368 = CARTESIAN_POINT ( 'NONE',  ( 51.50000000000000000, -2.700000000000000178, 10.00000000000000000 ) ) ;
#5369 = EDGE_CURVE ( 'NONE', #813, #4038, #2672, .T. ) ;
#5370 = PRESENTATION_LAYER_ASSIGNMENT (  '', '', ( #3444 ) ) ;
#5371 = CARTESIAN_POINT ( 'NONE',  ( -26.71596624627089867, -0.1084596574344163927, -13.53859077518779941 ) ) ;
#5372 = VECTOR ( 'NONE', #3918, 1000.000000000000227 ) ;
#5373 = STYLED_ITEM ( 'NONE', ( #4891 ), #9009 ) ;
#5374 = CARTESIAN_POINT ( 'NONE',  ( 51.49999999999985079, 3.000000000000174527, -14.44102006380011893 ) ) ;
#5375 =( GEOMETRIC_REPRESENTATION_CONTEXT ( 3 ) GLOBAL_UNCERTAINTY_ASSIGNED_CONTEXT ( ( #2880 ) ) GLOBAL_UNIT_ASSIGNED_CONTEXT ( ( #2399, #2476, #11859 ) ) REPRESENTATION_CONTEXT ( 'NONE', 'WORKASPACE' ) );
#5376 = SURFACE_STYLE_USAGE ( .BOTH. , #2437 ) ;
#5377 = VECTOR ( 'NONE', #9453, 1000.000000000000000 ) ;
#5378 = SURFACE_STYLE_FILL_AREA ( #6297 ) ;
#5379 = ORIENTED_EDGE ( 'NONE', *, *, #11141, .T. ) ;
#5380 = EDGE_CURVE ( 'NONE', #7761, #3858, #4928, .T. ) ;
#5381 = FACE_OUTER_BOUND ( 'NONE', #907, .T. ) ;
#5382 = DIRECTION ( 'NONE',  ( -1.000000000000000000, 0.0000000000000000000, 0.0000000000000000000 ) ) ;
#5383 = CARTESIAN_POINT ( 'NONE',  ( -27.59924348633274960, 13.18179148185300065, -13.79999999999999893 ) ) ;
#5385 = ADVANCED_FACE ( 'NONE', ( #6887 ), #6044, .F. ) ;
#5384 = CARTESIAN_POINT ( 'NONE',  ( 21.60253022943777879, 2.274602287821413160, -10.49168802518003574 ) ) ;
#5386 = AXIS2_PLACEMENT_3D ( 'NONE', #8640, #7606, #16 ) ;
#5387 = ORIENTED_EDGE ( 'NONE', *, *, #6976, .F. ) ;
#5388 = VECTOR ( 'NONE', #3733, 1000.000000000000000 ) ;
#5389 =( NAMED_UNIT ( * ) SI_UNIT ( $, .STERADIAN. ) SOLID_ANGLE_UNIT ( ) );
#5390 =( GEOMETRIC_REPRESENTATION_CONTEXT ( 3 ) GLOBAL_UNCERTAINTY_ASSIGNED_CONTEXT ( ( #3216 ) ) GLOBAL_UNIT_ASSIGNED_CONTEXT ( ( #850, #2817, #9514 ) ) REPRESENTATION_CONTEXT ( 'NONE', 'WORKASPACE' ) );
#5391 = CARTESIAN_POINT ( 'NONE',  ( -52.20000000000000284, -1.199999999999999956, 10.00000000000000000 ) ) ;
#5392 = CARTESIAN_POINT ( 'NONE',  ( 23.50000000000000000, 1.800000000000000044, 6.299999999999999822 ) ) ;
#5393 =( GEOMETRIC_REPRESENTATION_CONTEXT ( 3 ) GLOBAL_UNCERTAINTY_ASSIGNED_CONTEXT ( ( #9045 ) ) GLOBAL_UNIT_ASSIGNED_CONTEXT ( ( #3870, #1887, #3701 ) ) REPRESENTATION_CONTEXT ( 'NONE', 'WORKASPACE' ) );
#5394 = CARTESIAN_POINT ( 'NONE',  ( 24.10810784417230224, 1.200000000001091971, -3.650409735239080078 ) ) ;
#5395 = PLANE ( 'NONE',  #2527 ) ;
#5396 = VERTEX_POINT ( 'NONE', #10812 ) ;
#5397 = ORIENTED_EDGE ( 'NONE', *, *, #8488, .F. ) ;
#5398 = ORIENTED_EDGE ( 'NONE', *, *, #7024, .F. ) ;
#5399 = EDGE_CURVE ( 'NONE', #7203, #3659, #537, .T. ) ;
#5400 = ORIENTED_EDGE ( 'NONE', *, *, #3768, .T. ) ;
#5401 = EDGE_CURVE ( 'NONE', #9162, #11703, #665, .T. ) ;
#5402 = ORIENTED_EDGE ( 'NONE', *, *, #4289, .F. ) ;
#5403 = CARTESIAN_POINT ( 'NONE',  ( 21.83102601314319813, -0.3999990008944289688, 6.136035930617970813 ) ) ;
#5404 = LINE ( 'NONE', #12145, #7513 ) ;
#5405 = CARTESIAN_POINT ( 'NONE',  ( 47.50000000000000000, 2.146446609421269525, 14.85355339054929935 ) ) ;
#5406 = PRESENTATION_LAYER_ASSIGNMENT (  '', '', ( #1116 ) ) ;
#5407 = ORIENTED_EDGE ( 'NONE', *, *, #7095, .F. ) ;
#5408 = DIRECTION ( 'NONE',  ( 0.9998476951563912696, 0.01745240643728355329, 0.0000000000000000000 ) ) ;
#5409 = DIRECTION ( 'NONE',  ( 6.041948581480101978E-47, 1.000000000000000000, -3.614007241618345319E-16 ) ) ;
#5411 = ORIENTED_EDGE ( 'NONE', *, *, #919, .F. ) ;
#5410 = LINE ( 'NONE', #2023, #8100 ) ;
#5412 = ORIENTED_EDGE ( 'NONE', *, *, #1036, .T. ) ;
#5413 = UNCERTAINTY_MEASURE_WITH_UNIT (LENGTH_MEASURE( 1.000000000000000082E-05 ), #7339, 'distance_accuracy_value', 'NONE');
#5414 = PRESENTATION_STYLE_ASSIGNMENT (( #9011 ) ) ;
#5415 = MECHANICAL_DESIGN_GEOMETRIC_PRESENTATION_REPRESENTATION (  '', ( #6710 ), #9657 ) ;
#5416 = PRESENTATION_LAYER_ASSIGNMENT (  '', '', ( #5822 ) ) ;
#5417 = CARTESIAN_POINT ( 'NONE',  ( 51.53269792831189022, 2.967302071690099297, -14.75458653405814324 ) ) ;
#5418 = CONICAL_SURFACE ( 'NONE', #7472, 0.6912724675376229477, 0.01745329252031053643 ) ;
#5419 = VERTEX_POINT ( 'NONE', #375 ) ;
#5420 = CARTESIAN_POINT ( 'NONE',  ( 23.50000000000000000, 1.199999999999999956, 6.899999999999999467 ) ) ;
#5421 = LINE ( 'NONE', #11041, #6038 ) ;
#5422 = CIRCLE ( 'NONE', #8421, 0.6912724675386151540 ) ;
#5423 = CARTESIAN_POINT ( 'NONE',  ( 41.50314000470094555, 2.141985937303270138, -1.455442798709104091 ) ) ;
#5424 = FILL_AREA_STYLE ('',( #4601 ) ) ;
#5425 =( NAMED_UNIT ( * ) PLANE_ANGLE_UNIT ( ) SI_UNIT ( $, .RADIAN. ) );
#5426 = STYLED_ITEM ( 'NONE', ( #7712 ), #978 ) ;
#5427 = EDGE_LOOP ( 'NONE', ( #9539, #3318, #7193, #7518 ) ) ;
#5428 = DIRECTION ( 'NONE',  ( 0.0000000000000000000, -1.000000000000000000, 0.0000000000000000000 ) ) ;
#5429 = COLOUR_RGB ( '',0.7529411764705882248, 0.7529411764705882248, 0.7529411764705882248 ) ;
#5430 = CARTESIAN_POINT ( 'NONE',  ( 51.41465938644940081, 3.041216112407215011, -14.99999999999923972 ) ) ;
#5431 = DIRECTION ( 'NONE',  ( 0.0000000000000000000, -1.000000000000000000, 0.0000000000000000000 ) ) ;
#5432 =( LENGTH_UNIT ( ) NAMED_UNIT ( * ) SI_UNIT ( .MILLI., .METRE. ) );
#5433 = EDGE_CURVE ( 'NONE', #2024, #2074, #8371, .T. ) ;
#5434 =( NAMED_UNIT ( * ) SI_UNIT ( $, .STERADIAN. ) SOLID_ANGLE_UNIT ( ) );
#5435 = CARTESIAN_POINT ( 'NONE',  ( 39.26362138156295600, 3.000000000000000000, 2.087814152485655050 ) ) ;
#5436 = DIRECTION ( 'NONE',  ( 1.000000000000000000, 0.0000000000000000000, 0.0000000000000000000 ) ) ;
#5437 = UNCERTAINTY_MEASURE_WITH_UNIT (LENGTH_MEASURE( 1.000000000000000082E-05 ), #9595, 'distance_accuracy_value', 'NONE');
#5438 = CARTESIAN_POINT ( 'NONE',  ( 49.73491012985640225, 0.7999999999999999334, -12.23491012985643955 ) ) ;
#5439 = SURFACE_STYLE_USAGE ( .BOTH. , #4451 ) ;
#5440 = SURFACE_STYLE_USAGE ( .BOTH. , #3255 ) ;
#5441 = PRESENTATION_LAYER_ASSIGNMENT (  '', '', ( #9130 ) ) ;
#5442 = CARTESIAN_POINT ( 'NONE',  ( -68.60321982055950230, -1.200000000000000178, 4.850000000000000533 ) ) ;
#5443 = ADVANCED_FACE ( 'NONE', ( #7480 ), #8042, .T. ) ;
#5444 = DIRECTION ( 'NONE',  ( 0.0000000000000000000, 0.0000000000000000000, -1.000000000000000000 ) ) ;
#5445 = LINE ( 'NONE', #7561, #10078 ) ;
#5446 = CARTESIAN_POINT ( 'NONE',  ( -51.50000000000000000, -2.700000000000000178, -14.00000000000000000 ) ) ;
#5447 = CARTESIAN_POINT ( 'NONE',  ( 24.14127246753590228, 1.800000000000000044, -5.941272467535820390 ) ) ;
#5448 = VECTOR ( 'NONE', #4194, 1000.000000000000000 ) ;
#5449 = VERTEX_POINT ( 'NONE', #3315 ) ;
#5450 = LINE ( 'NONE', #3321, #10223 ) ;
#5451 =( LENGTH_UNIT ( ) NAMED_UNIT ( * ) SI_UNIT ( .MILLI., .METRE. ) );
#5452 = LINE ( 'NONE', #7782, #322 ) ;
#5453 = PRESENTATION_LAYER_ASSIGNMENT (  '', '', ( #4835 ) ) ;
#5454 =( NAMED_UNIT ( * ) PLANE_ANGLE_UNIT ( ) SI_UNIT ( $, .RADIAN. ) );
#5455 = ORIENTED_EDGE ( 'NONE', *, *, #10099, .F. ) ;
#5456 =( GEOMETRIC_REPRESENTATION_CONTEXT ( 3 ) GLOBAL_UNCERTAINTY_ASSIGNED_CONTEXT ( ( #4702 ) ) GLOBAL_UNIT_ASSIGNED_CONTEXT ( ( #12377, #5741, #115 ) ) REPRESENTATION_CONTEXT ( 'NONE', 'WORKASPACE' ) );
#5457 =( BOUNDED_SURFACE ( )  B_SPLINE_SURFACE ( 3, 2, ( 
 ( #11108, #1477, #11024 ),
 ( #7175, #4403, #588 ),
 ( #9129, #8172, #6392 ),
 ( #9254, #5327, #3361 ) ),
 .UNSPECIFIED., .F., .F., .F. ) 
 B_SPLINE_SURFACE_WITH_KNOTS ( ( 4, 4 ),
 ( 3, 3 ),
 ( 0.7208160960773200010, 0.9039496326445759511 ),
 ( 0.0000000000000000000, 1.000000000000000000 ),
 .UNSPECIFIED. ) 
 GEOMETRIC_REPRESENTATION_ITEM ( )  RATIONAL_B_SPLINE_SURFACE ( (
 ( 1.000000000000000000, 0.9238795325112839629, 1.000000000000000000),
 ( 1.000000000000000000, 0.9554493284164760070, 1.000000000000000000),
 ( 1.000000000000000000, 0.9710703127367050769, 1.000000000000000000),
 ( 1.000000000000000000, 0.9782239419561129523, 1.000000000000000000) ) ) 
 REPRESENTATION_ITEM ( '' )  SURFACE ( )  );
#5458 = DIRECTION ( 'NONE',  ( 0.0000000000000000000, 0.0000000000000000000, -1.000000000000000000 ) ) ;
#5459 = VERTEX_POINT ( 'NONE', #8077 ) ;
#5460 = DIRECTION ( 'NONE',  ( 0.01744974916068485829, -0.9996954598818874604, -0.01744974916068270723 ) ) ;
#5461 = CARTESIAN_POINT ( 'NONE',  ( 47.50000000000000000, -1.199999999850840160, 10.00000000000000000 ) ) ;
#5462 = CARTESIAN_POINT ( 'NONE',  ( 21.63913775421736219, 2.269204617190907047, -10.53166981590623585 ) ) ;
#5463 = EDGE_CURVE ( 'NONE', #2763, #9715, #9268, .T. ) ;
#5464 = ORIENTED_EDGE ( 'NONE', *, *, #3702, .F. ) ;
#5465 = FILL_AREA_STYLE_COLOUR ( '', #6250 ) ;
#5466 = EDGE_CURVE ( 'NONE', #932, #9689, #4487, .T. ) ;
#5467 = CARTESIAN_POINT ( 'NONE',  ( -52.50000000000000000, 1.800000000000000044, 4.858727532464139465 ) ) ;
#5468 = ORIENTED_EDGE ( 'NONE', *, *, #3125, .T. ) ;
#5469 = CARTESIAN_POINT ( 'NONE',  ( 24.13603593061794683, -0.3999990008932909902, -3.631026013145314923 ) ) ;
#5470 = DIRECTION ( 'NONE',  ( 0.0000000000000000000, 1.000000000000000000, 0.0000000000000000000 ) ) ;
#5471 = SURFACE_STYLE_FILL_AREA ( #11937 ) ;
#5472 = CARTESIAN_POINT ( 'NONE',  ( 37.47618512322014794, 3.500000000000000000, 1.214509626374344009 ) ) ;
#5473 = AXIS2_PLACEMENT_3D ( 'NONE', #10609, #2850, #2884 ) ;
#5474 = VECTOR ( 'NONE', #6570, 1000.000000000000114 ) ;
#5475 = ORIENTED_EDGE ( 'NONE', *, *, #949, .F. ) ;
#5476 = DIRECTION ( 'NONE',  ( 0.0000000000000000000, 0.0000000000000000000, 1.000000000000000000 ) ) ;
#5477 = ORIENTED_EDGE ( 'NONE', *, *, #11928, .T. ) ;
#5478 =( LENGTH_UNIT ( ) NAMED_UNIT ( * ) SI_UNIT ( .MILLI., .METRE. ) );
#5479 = DIRECTION ( 'NONE',  ( 0.0000000000000000000, 1.000000000000000000, 0.0000000000000000000 ) ) ;
#5480 = PRESENTATION_STYLE_ASSIGNMENT (( #11097 ) ) ;
#5481 = LINE ( 'NONE', #8033, #639 ) ;
#5482 = STYLED_ITEM ( 'NONE', ( #2145 ), #6602 ) ;
#5483 = EDGE_CURVE ( 'NONE', #3441, #9120, #1606, .T. ) ;
#5484 = PLANE ( 'NONE',  #3152 ) ;
#5485 = CIRCLE ( 'NONE', #9771, 4.883974596296410731 ) ;
#5486 = DIRECTION ( 'NONE',  ( -1.000000000000000000, 0.0000000000000000000, -4.443119438263904164E-17 ) ) ;
#5487 = CIRCLE ( 'NONE', #12308, 1.400000000000000133 ) ;
#5488 = CARTESIAN_POINT ( 'NONE',  ( 51.36115286815989833, 3.066987298107784810, -15.00000000000000000 ) ) ;
#5489 = UNCERTAINTY_MEASURE_WITH_UNIT (LENGTH_MEASURE( 1.000000000000000082E-05 ), #7309, 'distance_accuracy_value', 'NONE');
#5490 = ORIENTED_EDGE ( 'NONE', *, *, #4728, .T. ) ;
#5491 = VERTEX_POINT ( 'NONE', #6639 ) ;
#5492 =( LENGTH_UNIT ( ) NAMED_UNIT ( * ) SI_UNIT ( .MILLI., .METRE. ) );
#5493 = VECTOR ( 'NONE', #4390, 1000.000000000000114 ) ;
#5494 = PRESENTATION_LAYER_ASSIGNMENT (  '', '', ( #4860 ) ) ;
#5495 = PRESENTATION_STYLE_ASSIGNMENT (( #956 ) ) ;
#5496 = LINE ( 'NONE', #11191, #3688 ) ;
#5497 = CARTESIAN_POINT ( 'NONE',  ( 22.84999999999999787, 2.299999999999999822, -7.474999999999999645 ) ) ;
#5498 = CARTESIAN_POINT ( 'NONE',  ( -24.82145896684054875, -1.200000000016030022, 4.849999999999820233 ) ) ;
#5499 = COLOUR_RGB ( '',0.7529411764705882248, 0.7529411764705882248, 0.7529411764705882248 ) ;
#5500 = UNCERTAINTY_MEASURE_WITH_UNIT (LENGTH_MEASURE( 1.000000000000000082E-05 ), #3422, 'distance_accuracy_value', 'NONE');
#5501 = DIRECTION ( 'NONE',  ( -1.000000000000000000, 0.0000000000000000000, 0.0000000000000000000 ) ) ;
#5502 = PRESENTATION_LAYER_ASSIGNMENT (  '', '', ( #3566 ) ) ;
#5503 =( GEOMETRIC_REPRESENTATION_CONTEXT ( 3 ) GLOBAL_UNCERTAINTY_ASSIGNED_CONTEXT ( ( #6992 ) ) GLOBAL_UNIT_ASSIGNED_CONTEXT ( ( #1139, #11717, #11766 ) ) REPRESENTATION_CONTEXT ( 'NONE', 'WORKASPACE' ) );
#5504 = ORIENTED_EDGE ( 'NONE', *, *, #9793, .T. ) ;
#5505 = VERTEX_POINT ( 'NONE', #9374 ) ;
#5506 = CIRCLE ( 'NONE', #4692, 0.5000000000000182077 ) ;
#5507 = CIRCLE ( 'NONE', #12111, 0.6544949780322544264 ) ;
#5508 = CARTESIAN_POINT ( 'NONE',  ( -36.27522420359220234, 1.800000000000000044, 10.43924587847478058 ) ) ;
#5509 =( NAMED_UNIT ( * ) SI_UNIT ( $, .STERADIAN. ) SOLID_ANGLE_UNIT ( ) );
#5510 = DIRECTION ( 'NONE',  ( -0.7071067811865450192, 0.7071067811865500152, 0.0000000000000000000 ) ) ;
#5512 = ADVANCED_FACE ( 'NONE', ( #2979 ), #8359, .T. ) ;
#5511 = SURFACE_STYLE_USAGE ( .BOTH. , #7486 ) ;
#5513 = FACE_OUTER_BOUND ( 'NONE', #3454, .T. ) ;
#5514 =( NAMED_UNIT ( * ) SI_UNIT ( $, .STERADIAN. ) SOLID_ANGLE_UNIT ( ) );
#5515 = COLOUR_RGB ( '',0.7529411764705882248, 0.7529411764705882248, 0.7529411764705882248 ) ;
#5516 = EDGE_CURVE ( 'NONE', #6482, #3899, #6727, .T. ) ;
#5517 = DIRECTION ( 'NONE',  ( 1.000000000000000000, -2.498001805406614838E-13, -1.032722942483715955E-13 ) ) ;
#5518 =( NAMED_UNIT ( * ) PLANE_ANGLE_UNIT ( ) SI_UNIT ( $, .RADIAN. ) );
#5519 =( GEOMETRIC_REPRESENTATION_CONTEXT ( 3 ) GLOBAL_UNCERTAINTY_ASSIGNED_CONTEXT ( ( #8444 ) ) GLOBAL_UNIT_ASSIGNED_CONTEXT ( ( #10193, #2637, #8329 ) ) REPRESENTATION_CONTEXT ( 'NONE', 'WORKASPACE' ) );
#5520 = LINE ( 'NONE', #6097, #4786 ) ;
#5521 = FACE_OUTER_BOUND ( 'NONE', #10059, .T. ) ;
#5522 = SURFACE_STYLE_USAGE ( .BOTH. , #9286 ) ;
#5523 = CARTESIAN_POINT ( 'NONE',  ( 41.00346272812224413, 3.000000000000000000, 1.131587883447892073 ) ) ;
#5524 = DIRECTION ( 'NONE',  ( 0.9599228933175724121, 2.045585922870560980E-13, -0.2802642304769211168 ) ) ;
#5525 = SURFACE_STYLE_FILL_AREA ( #2829 ) ;
#5526 = EDGE_LOOP ( 'NONE', ( #1317, #12167 ) ) ;
#5527 =( LENGTH_UNIT ( ) NAMED_UNIT ( * ) SI_UNIT ( .MILLI., .METRE. ) );
#5528 = B_SPLINE_CURVE_WITH_KNOTS ( 'NONE', 3,
 ( #9444, #6692, #2783, #982 ),
 .UNSPECIFIED., .F., .F.,
 ( 4, 4 ),
 ( 0.0000000000000000000, 1.000000000000000000 ),
 .UNSPECIFIED. ) ;
#5529 = CARTESIAN_POINT ( 'NONE',  ( 24.15000000000000213, 2.299999999999999822, -4.649999999999919531 ) ) ;
#5530 = SURFACE_STYLE_FILL_AREA ( #6651 ) ;
#5531 = EDGE_LOOP ( 'NONE', ( #4521, #9824, #2776, #2316, #8467, #4812, #2010, #2305, #3235, #4952, #4058, #1917, #8755, #2190, #9899, #11297 ) ) ;
#5532 = VECTOR ( 'NONE', #12356, 1000.000000000000000 ) ;
#5533 = DIRECTION ( 'NONE',  ( 0.0000000000000000000, 0.0000000000000000000, 1.000000000000000000 ) ) ;
#5534 = EDGE_CURVE ( 'NONE', #3076, #1474, #10136, .T. ) ;
#5535 = AXIS2_PLACEMENT_3D ( 'NONE', #1353, #9046, #1479 ) ;
#5536 = DIRECTION ( 'NONE',  ( 0.0000000000000000000, 1.000000000000000000, 0.0000000000000000000 ) ) ;
#5537 = AXIS2_PLACEMENT_3D ( 'NONE', #10087, #7312, #1541 ) ;
#5538 = DIRECTION ( 'NONE',  ( 0.0000000000000000000, 0.0000000000000000000, 1.000000000000000000 ) ) ;
#5539 = VERTEX_POINT ( 'NONE', #12336 ) ;
#5540 = ORIENTED_EDGE ( 'NONE', *, *, #11236, .T. ) ;
#5541 = ORIENTED_EDGE ( 'NONE', *, *, #10992, .T. ) ;
#5542 =( GEOMETRIC_REPRESENTATION_CONTEXT ( 3 ) GLOBAL_UNCERTAINTY_ASSIGNED_CONTEXT ( ( #12119 ) ) GLOBAL_UNIT_ASSIGNED_CONTEXT ( ( #4365, #5151, #5193 ) ) REPRESENTATION_CONTEXT ( 'NONE', 'WORKASPACE' ) );
#5543 = CARTESIAN_POINT ( 'NONE',  ( -49.70000000000000284, -1.200000000000000178, 21.39567676978599664 ) ) ;
#5544 = CARTESIAN_POINT ( 'NONE',  ( -26.43058034261860456, -0.6291582739833522231, -7.090035920607376418 ) ) ;
#5545 = ORIENTED_EDGE ( 'NONE', *, *, #1036, .F. ) ;
#5546 = ORIENTED_EDGE ( 'NONE', *, *, #11914, .T. ) ;
#5547 = DIRECTION ( 'NONE',  ( -5.421010862427049840E-16, -1.000000000000000000, 3.388131789020059744E-17 ) ) ;
#5548 = EDGE_CURVE ( 'NONE', #7512, #10975, #11343, .T. ) ;
#5549 =( NAMED_UNIT ( * ) PLANE_ANGLE_UNIT ( ) SI_UNIT ( $, .RADIAN. ) );
#5550 = ORIENTED_EDGE ( 'NONE', *, *, #9559, .T. ) ;
#5552 = EDGE_LOOP ( 'NONE', ( #398, #8383, #10480, #955, #2385 ) ) ;
#5551 = FACE_OUTER_BOUND ( 'NONE', #9722, .T. ) ;
#5553 = CARTESIAN_POINT ( 'NONE',  ( -44.79932197965934648, -0.4000000000000000222, -11.19999999999999929 ) ) ;
#5554 = FILL_AREA_STYLE_COLOUR ( '', #3654 ) ;
#5555 = AXIS2_PLACEMENT_3D ( 'NONE', #9043, #11730, #10786 ) ;
#5556 = ORIENTED_EDGE ( 'NONE', *, *, #7733, .T. ) ;
#5557 = ORIENTED_EDGE ( 'NONE', *, *, #9572, .F. ) ;
#5558 = CARTESIAN_POINT ( 'NONE',  ( 51.64644660940680154, 2.853553390593275285, -14.67012493513809979 ) ) ;
#5559 = ORIENTED_EDGE ( 'NONE', *, *, #7307, .T. ) ;
#5560 = FACE_OUTER_BOUND ( 'NONE', #11222, .T. ) ;
#5561 = MECHANICAL_DESIGN_GEOMETRIC_PRESENTATION_REPRESENTATION (  '', ( #9408 ), #4771 ) ;
#5562 = CARTESIAN_POINT ( 'NONE',  ( 37.63824873692700379, 2.299999999999999822, -4.649999999999919531 ) ) ;
#5563 = CARTESIAN_POINT ( 'NONE',  ( -49.73491012985650173, 0.7999999999999999334, -10.50000000000000000 ) ) ;
#5564 = LINE ( 'NONE', #11646, #10629 ) ;
#5565 = EDGE_CURVE ( 'NONE', #6536, #10837, #2206, .T. ) ;
#5566 = ORIENTED_EDGE ( 'NONE', *, *, #184, .F. ) ;
#5567 = EDGE_CURVE ( 'NONE', #3828, #3457, #4024, .T. ) ;
#5568 = VERTEX_POINT ( 'NONE', #9460 ) ;
#5569 = PLANE ( 'NONE',  #12127 ) ;
#5570 = SURFACE_SIDE_STYLE ('',( #11485 ) ) ;
#5571 = DIRECTION ( 'NONE',  ( 0.0000000000000000000, 1.000000000000000000, 0.0000000000000000000 ) ) ;
#5572 = CARTESIAN_POINT ( 'NONE',  ( -26.50000000000000000, -0.2999999999999999889, -5.299999999999919886 ) ) ;
#5573 = SURFACE_STYLE_USAGE ( .BOTH. , #5663 ) ;
#5574 = ADVANCED_FACE ( 'NONE', ( #8519 ), #5678, .T. ) ;
#5575 = DIRECTION ( 'NONE',  ( 0.0000000000000000000, 0.0000000000000000000, -1.000000000000000000 ) ) ;
#5576 = SURFACE_STYLE_FILL_AREA ( #6607 ) ;
#5577 = CARTESIAN_POINT ( 'NONE',  ( 23.50000000000000000, 1.199999999999999956, 4.700000000000000178 ) ) ;
#5578 = ADVANCED_FACE ( 'NONE', ( #1903 ), #8061, .F. ) ;
#5579 = ORIENTED_EDGE ( 'NONE', *, *, #1358, .F. ) ;
#5580 = FILL_AREA_STYLE ('',( #3519 ) ) ;
#5581 = EDGE_LOOP ( 'NONE', ( #5468, #2003, #7110, #4203 ) ) ;
#5582 = SURFACE_STYLE_FILL_AREA ( #8787 ) ;
#5583 =( GEOMETRIC_REPRESENTATION_CONTEXT ( 3 ) GLOBAL_UNCERTAINTY_ASSIGNED_CONTEXT ( ( #6016 ) ) GLOBAL_UNIT_ASSIGNED_CONTEXT ( ( #1420, #5313, #1508 ) ) REPRESENTATION_CONTEXT ( 'NONE', 'WORKASPACE' ) );
#5584 = MECHANICAL_DESIGN_GEOMETRIC_PRESENTATION_REPRESENTATION (  '', ( #9429 ), #11332 ) ;
#5585 = VECTOR ( 'NONE', #7028, 1000.000000000000000 ) ;
#5586 = VECTOR ( 'NONE', #6499, 1000.000000000000000 ) ;
#5587 = CARTESIAN_POINT ( 'NONE',  ( -51.29999999999999716, -0.1000000000000000472, -8.599999999999999645 ) ) ;
#5588 =( LENGTH_UNIT ( ) NAMED_UNIT ( * ) SI_UNIT ( .MILLI., .METRE. ) );
#5589 = CARTESIAN_POINT ( 'NONE',  ( 51.50000000000000000, 3.000000000000000000, -15.00000000000000000 ) ) ;
#5590 = VERTEX_POINT ( 'NONE', #6876 ) ;
#5591 = CARTESIAN_POINT ( 'NONE',  ( 21.82145896683729802, -1.200000000016030022, 4.849999999999820233 ) ) ;
#5592 = PRESENTATION_STYLE_ASSIGNMENT (( #1986 ) ) ;
#5593 = DIRECTION ( 'NONE',  ( 1.000000000000000000, 0.0000000000000000000, 0.0000000000000000000 ) ) ;
#5594 = CIRCLE ( 'NONE', #1888, 0.6912724675373497218 ) ;
#5595 = CARTESIAN_POINT ( 'NONE',  ( -26.50000000000000000, 1.800000000000000044, 5.500000000000000000 ) ) ;
#5596 = PLANE ( 'NONE',  #4767 ) ;
#5597 = CARTESIAN_POINT ( 'NONE',  ( -26.50000000000000000, 1.800000000000000044, 4.500000000000000000 ) ) ;
#5598 =( GEOMETRIC_REPRESENTATION_CONTEXT ( 3 ) GLOBAL_UNCERTAINTY_ASSIGNED_CONTEXT ( ( #10415 ) ) GLOBAL_UNIT_ASSIGNED_CONTEXT ( ( #8833, #9906, #5950 ) ) REPRESENTATION_CONTEXT ( 'NONE', 'WORKASPACE' ) );
#5599 = AXIS2_PLACEMENT_3D ( 'NONE', #12419, #9653, #6744 ) ;
#5600 = CIRCLE ( 'NONE', #1923, 0.8000000000000003775 ) ;
#5601 = CARTESIAN_POINT ( 'NONE',  ( -44.50000000000000000, -1.200000000000000178, 21.39567676978599664 ) ) ;
#5602 = SURFACE_SIDE_STYLE ('',( #6325 ) ) ;
#5603 = SURFACE_SIDE_STYLE ('',( #2046 ) ) ;
#5604 = LINE ( 'NONE', #5361, #8290 ) ;
#5605 = ORIENTED_EDGE ( 'NONE', *, *, #5256, .T. ) ;
#5606 = UNCERTAINTY_MEASURE_WITH_UNIT (LENGTH_MEASURE( 1.000000000000000082E-05 ), #8447, 'distance_accuracy_value', 'NONE');
#5607 = DIRECTION ( 'NONE',  ( 0.0000000000000000000, -1.000000000000000000, 0.0000000000000000000 ) ) ;
#5608 = UNCERTAINTY_MEASURE_WITH_UNIT (LENGTH_MEASURE( 1.000000000000000082E-05 ), #6456, 'distance_accuracy_value', 'NONE');
#5609 = CARTESIAN_POINT ( 'NONE',  ( 47.70000000000000284, -1.200000000000000178, 21.39567676978599664 ) ) ;
#5610 = COLOUR_RGB ( '',0.7529411764705882248, 0.7529411764705882248, 0.7529411764705882248 ) ;
#5611 = EDGE_CURVE ( 'NONE', #10027, #10116, #2722, .T. ) ;
#5612 = CARTESIAN_POINT ( 'NONE',  ( -52.50000000000000000, 1.792893218813464973, -15.00000000000000000 ) ) ;
#5613 = SURFACE_SIDE_STYLE ('',( #10497 ) ) ;
#5614 = CARTESIAN_POINT ( 'NONE',  ( 25.14959026476304871, 1.200000000000728040, 6.108107844172280032 ) ) ;
#5615 = AXIS2_PLACEMENT_3D ( 'NONE', #205, #5870, #6884 ) ;
#5616 =( GEOMETRIC_REPRESENTATION_CONTEXT ( 3 ) GLOBAL_UNCERTAINTY_ASSIGNED_CONTEXT ( ( #6471 ) ) GLOBAL_UNIT_ASSIGNED_CONTEXT ( ( #11683, #10698, #1218 ) ) REPRESENTATION_CONTEXT ( 'NONE', 'WORKASPACE' ) );
#5617 = CARTESIAN_POINT ( 'NONE',  ( -50.70000000000000284, -1.200000000000000178, -6.700000000000000178 ) ) ;
#5618 = PRESENTATION_STYLE_ASSIGNMENT (( #298 ) ) ;
#5619 = VERTEX_POINT ( 'NONE', #5776 ) ;
#5621 = B_SPLINE_CURVE_WITH_KNOTS ( 'NONE', 3,
 ( #7644, #8566, #12404, #4686 ),
 .UNSPECIFIED., .F., .F.,
 ( 4, 4 ),
 ( -1.850104721303479996E-05, 0.0002444794592905615038 ),
 .UNSPECIFIED. ) ;
#5620 = AXIS2_PLACEMENT_3D ( 'NONE', #2056, #10589, #10673 ) ;
#5622 = LINE ( 'NONE', #12154, #2456 ) ;
#5623 =( NAMED_UNIT ( * ) PLANE_ANGLE_UNIT ( ) SI_UNIT ( $, .RADIAN. ) );
#5624 = PRESENTATION_STYLE_ASSIGNMENT (( #5771 ) ) ;
#5625 = ORIENTED_EDGE ( 'NONE', *, *, #3162, .T. ) ;
#5626 = SURFACE_STYLE_FILL_AREA ( #8768 ) ;
#5627 = CARTESIAN_POINT ( 'NONE',  ( 51.36409597455498499, 3.065567385842856929, -14.99999999999997691 ) ) ;
#5628 = VECTOR ( 'NONE', #4852, 1000.000000000000000 ) ;
#5629 = DIRECTION ( 'NONE',  ( 0.0000000000000000000, 0.0000000000000000000, -1.000000000000000000 ) ) ;
#5630 = PLANE ( 'NONE',  #9992 ) ;
#5631 = VERTEX_POINT ( 'NONE', #9617 ) ;
#5632 = AXIS2_PLACEMENT_3D ( 'NONE', #10626, #5885, #1061 ) ;
#5633 = CARTESIAN_POINT ( 'NONE',  ( 37.47307792204924937, 3.311007403446295072, 1.676059990593340210 ) ) ;
#5634 = VERTEX_POINT ( 'NONE', #8703 ) ;
#5635 =( GEOMETRIC_REPRESENTATION_CONTEXT ( 3 ) GLOBAL_UNCERTAINTY_ASSIGNED_CONTEXT ( ( #6925 ) ) GLOBAL_UNIT_ASSIGNED_CONTEXT ( ( #6719, #5828, #8560 ) ) REPRESENTATION_CONTEXT ( 'NONE', 'WORKASPACE' ) );
#5636 = CIRCLE ( 'NONE', #3798, 0.6912724675386151540 ) ;
#5637 = AXIS2_PLACEMENT_3D ( 'NONE', #5012, #11671, #10842 ) ;
#5638 = EDGE_LOOP ( 'NONE', ( #4665, #6155, #1261, #5679 ) ) ;
#5639 = SURFACE_STYLE_FILL_AREA ( #4888 ) ;
#5640 = ADVANCED_FACE ( 'NONE', ( #6129 ), #6669, .T. ) ;
#5641 =( NAMED_UNIT ( * ) PLANE_ANGLE_UNIT ( ) SI_UNIT ( $, .RADIAN. ) );
#5642 = ADVANCED_FACE ( 'NONE', ( #10445 ), #1049, .T. ) ;
#5643 = EDGE_CURVE ( 'NONE', #3684, #9521, #9697, .T. ) ;
#5644 = VERTEX_POINT ( 'NONE', #913 ) ;
#5645 =( LENGTH_UNIT ( ) NAMED_UNIT ( * ) SI_UNIT ( .MILLI., .METRE. ) );
#5646 = ORIENTED_EDGE ( 'NONE', *, *, #2564, .F. ) ;
#5647 = EDGE_CURVE ( 'NONE', #10578, #12088, #4464, .T. ) ;
#5648 = ORIENTED_EDGE ( 'NONE', *, *, #5203, .F. ) ;
#5649 = CARTESIAN_POINT ( 'NONE',  ( 21.83102601314319813, -0.3999990008941720077, 4.863964069382030075 ) ) ;
#5650 = CARTESIAN_POINT ( 'NONE',  ( 23.50000000000000000, -0.6999999999999999556, 5.500000000000079048 ) ) ;
#5651 = SURFACE_STYLE_USAGE ( .BOTH. , #1815 ) ;
#5652 = VECTOR ( 'NONE', #7198, 1000.000000000000000 ) ;
#5653 = AXIS2_PLACEMENT_3D ( 'NONE', #4512, #10294, #637 ) ;
#5654 = CYLINDRICAL_SURFACE ( 'NONE', #7343, 1.600000000000000755 ) ;
#5655 = LINE ( 'NONE', #11000, #12193 ) ;
#5656 = FILL_AREA_STYLE_COLOUR ( '', #2435 ) ;
#5657 = SURFACE_STYLE_FILL_AREA ( #7556 ) ;
#5658 = ORIENTED_EDGE ( 'NONE', *, *, #6586, .F. ) ;
#5659 = DIRECTION ( 'NONE',  ( 1.156482317317879860E-16, 1.156482317317869999E-16, 1.000000000000000000 ) ) ;
#5660 = EDGE_LOOP ( 'NONE', ( #7643, #3981 ) ) ;
#5661 = PRESENTATION_LAYER_ASSIGNMENT (  '', '', ( #6950 ) ) ;
#5662 = STYLED_ITEM ( 'NONE', ( #10638 ), #7333 ) ;
#5663 = SURFACE_SIDE_STYLE ('',( #9495 ) ) ;
#5664 = CARTESIAN_POINT ( 'NONE',  ( -52.20000000000000284, -0.1000000000000000056, -5.789937738537079603 ) ) ;
#5665 = CIRCLE ( 'NONE', #3043, 0.4000000000000010214 ) ;
#5666 = SURFACE_STYLE_FILL_AREA ( #10651 ) ;
#5667 = FILL_AREA_STYLE ('',( #11526 ) ) ;
#5668 = CARTESIAN_POINT ( 'NONE',  ( -50.63153075524540014, 3.433012701892219631, -15.00000000000000000 ) ) ;
#5669 = CARTESIAN_POINT ( 'NONE',  ( 47.50000000000000000, -2.700000000000000178, 10.00000000000000000 ) ) ;
#5670 = STYLED_ITEM ( 'NONE', ( #1601 ), #5064 ) ;
#5671 = CARTESIAN_POINT ( 'NONE',  ( -51.50000000000000000, -2.700000000000000178, 10.00000000000000000 ) ) ;
#5672 = VECTOR ( 'NONE', #2217, 1000.000000000000000 ) ;
#5673 = VECTOR ( 'NONE', #9916, 1000.000000000000000 ) ;
#5674 = DIRECTION ( 'NONE',  ( -0.01745240643715259554, 0.9998476951563936010, 0.0000000000000000000 ) ) ;
#5675 = CARTESIAN_POINT ( 'NONE',  ( 42.22222878184280859, 3.066987298071154555, -1.096876661693620081 ) ) ;
#5676 = PLANE ( 'NONE',  #5386 ) ;
#5677 = AXIS2_PLACEMENT_3D ( 'NONE', #9686, #3960, #5769 ) ;
#5678 = TOROIDAL_SURFACE ( 'NONE', #4416, 4.000000000000000000, 0.5000000000000229816 ) ;
#5679 = ORIENTED_EDGE ( 'NONE', *, *, #11773, .F. ) ;
#5680 = SURFACE_STYLE_USAGE ( .BOTH. , #11388 ) ;
#5681 = DIRECTION ( 'NONE',  ( -1.000000000000000000, 0.0000000000000000000, 0.0000000000000000000 ) ) ;
#5682 = CONICAL_SURFACE ( 'NONE', #11864, 269.5123374016974935, 1.047197551196611842 ) ;
#5683 = FACE_OUTER_BOUND ( 'NONE', #991, .T. ) ;
#5684 = CARTESIAN_POINT ( 'NONE',  ( 25.34422353320979582, -0.5565557509017931004, -13.79999999999999893 ) ) ;
#5685 = UNCERTAINTY_MEASURE_WITH_UNIT (LENGTH_MEASURE( 1.000000000000000082E-05 ), #618, 'distance_accuracy_value', 'NONE');
#5686 = EDGE_CURVE ( 'NONE', #9677, #3843, #515, .T. ) ;
#5687 = CARTESIAN_POINT ( 'NONE',  ( 37.63824873692700379, 2.299999999999999822, 6.150000000000080291 ) ) ;
#5688 = ORIENTED_EDGE ( 'NONE', *, *, #11609, .F. ) ;
#5689 =( NAMED_UNIT ( * ) PLANE_ANGLE_UNIT ( ) SI_UNIT ( $, .RADIAN. ) );
#5690 = AXIS2_PLACEMENT_3D ( 'NONE', #6432, #7170, #788 ) ;
#5691 = STYLED_ITEM ( 'NONE', ( #6507 ), #9820 ) ;
#5692 = LINE ( 'NONE', #5978, #247 ) ;
#5693 = ORIENTED_EDGE ( 'NONE', *, *, #3777, .T. ) ;
#5694 = DIRECTION ( 'NONE',  ( 0.0000000000000000000, -1.000000000000000000, 0.0000000000000000000 ) ) ;
#5695 = DIRECTION ( 'NONE',  ( 0.0000000000000000000, -1.000000000000000000, 0.0000000000000000000 ) ) ;
#5696 = CARTESIAN_POINT ( 'NONE',  ( 51.29289321881350361, 2.500000000000000000, 15.00000000000000000 ) ) ;
#5697 = SURFACE_SIDE_STYLE ('',( #651 ) ) ;
#5698 = COLOUR_RGB ( '',0.7529411764705882248, 0.7529411764705882248, 0.7529411764705882248 ) ;
#5699 = ORIENTED_EDGE ( 'NONE', *, *, #4475, .F. ) ;
#5700 = ORIENTED_EDGE ( 'NONE', *, *, #11110, .F. ) ;
#5701 = CARTESIAN_POINT ( 'NONE',  ( -50.68079942857859521, -0.09999999998215104713, -10.50000000000000000 ) ) ;
#5702 =( LENGTH_UNIT ( ) NAMED_UNIT ( * ) SI_UNIT ( .MILLI., .METRE. ) );
#5704 = ORIENTED_EDGE ( 'NONE', *, *, #5738, .F. ) ;
#5703 = SURFACE_STYLE_FILL_AREA ( #6954 ) ;
#5705 = B_SPLINE_CURVE_WITH_KNOTS ( 'NONE', 3,
 ( #7272, #11256, #5423, #2531 ),
 .UNSPECIFIED., .F., .F.,
 ( 4, 4 ),
 ( 0.0000000000000000000, 1.000000000000000000 ),
 .UNSPECIFIED. ) ;
#5706 = FILL_AREA_STYLE ('',( #5824 ) ) ;
#5707 = ADVANCED_FACE ( 'NONE', ( #4629 ), #7832, .T. ) ;
#5708 = FACE_OUTER_BOUND ( 'NONE', #10155, .T. ) ;
#5709 = ORIENTED_EDGE ( 'NONE', *, *, #1202, .F. ) ;
#5710 = CARTESIAN_POINT ( 'NONE',  ( -47.50000000000000000, -2.700000000099590292, 10.00000000000000000 ) ) ;
#5711 = EDGE_CURVE ( 'NONE', #3684, #10336, #4752, .T. ) ;
#5712 = AXIS2_PLACEMENT_3D ( 'NONE', #8651, #3787, #5809 ) ;
#5713 = DIRECTION ( 'NONE',  ( 1.000000000000000000, 0.0000000000000000000, 0.0000000000000000000 ) ) ;
#5714 = VERTEX_POINT ( 'NONE', #1984 ) ;
#5715 = AXIS2_PLACEMENT_3D ( 'NONE', #194, #8936, #6953 ) ;
#5716 = MECHANICAL_DESIGN_GEOMETRIC_PRESENTATION_REPRESENTATION (  '', ( #3375 ), #11287 ) ;
#5717 = CARTESIAN_POINT ( 'NONE',  ( -27.15000000000000213, 2.299999999999999822, -2.782205948333544843 ) ) ;
#5718 = SURFACE_STYLE_USAGE ( .BOTH. , #7602 ) ;
#5719 = VERTEX_POINT ( 'NONE', #7030 ) ;
#5720 = ORIENTED_EDGE ( 'NONE', *, *, #2816, .T. ) ;
#5721 = DIRECTION ( 'NONE',  ( 0.0000000000000000000, 1.000000000000000000, 0.0000000000000000000 ) ) ;
#5722 = EDGE_CURVE ( 'NONE', #10761, #11626, #2814, .T. ) ;
#5723 = ORIENTED_EDGE ( 'NONE', *, *, #1416, .T. ) ;
#5725 = PRESENTATION_STYLE_ASSIGNMENT (( #605 ) ) ;
#5724 = DIRECTION ( 'NONE',  ( -0.2427159433651228104, 0.5000000000000006661, -0.8313176112872731061 ) ) ;
#5726 = EDGE_CURVE ( 'NONE', #4550, #5833, #5214, .T. ) ;
#5727 = VECTOR ( 'NONE', #6065, 1000.000000000000000 ) ;
#5728 = FILL_AREA_STYLE ('',( #7727 ) ) ;
#5729 = PRESENTATION_LAYER_ASSIGNMENT (  '', '', ( #2093 ) ) ;
#5730 = ORIENTED_EDGE ( 'NONE', *, *, #1041, .T. ) ;
#5731 = LINE ( 'NONE', #10145, #3174 ) ;
#5732 = SURFACE_SIDE_STYLE ('',( #10332 ) ) ;
#5733 = LINE ( 'NONE', #10019, #3176 ) ;
#5734 = CARTESIAN_POINT ( 'NONE',  ( -49.73491012985650173, 0.7999999999999999334, -12.23491012985641824 ) ) ;
#5735 = PRESENTATION_STYLE_ASSIGNMENT (( #9401 ) ) ;
#5736 = AXIS2_PLACEMENT_3D ( 'NONE', #12177, #705, #7460 ) ;
#5737 = EDGE_CURVE ( 'NONE', #3377, #5844, #9097, .T. ) ;
#5738 = EDGE_CURVE ( 'NONE', #1303, #7597, #1891, .T. ) ;
#5739 = DIRECTION ( 'NONE',  ( 0.0000000000000000000, -1.000000000000000000, 0.0000000000000000000 ) ) ;
#5740 = ORIENTED_EDGE ( 'NONE', *, *, #9757, .T. ) ;
#5741 =( NAMED_UNIT ( * ) PLANE_ANGLE_UNIT ( ) SI_UNIT ( $, .RADIAN. ) );
#5742 = DIRECTION ( 'NONE',  ( -1.000000000000000000, 0.0000000000000000000, 0.0000000000000000000 ) ) ;
#5743 = CARTESIAN_POINT ( 'NONE',  ( -27.55553926954299016, -0.4514472031008735509, -13.76384540046797511 ) ) ;
#5744 = LINE ( 'NONE', #1127, #4 ) ;
#5745 = AXIS2_PLACEMENT_3D ( 'NONE', #3427, #10098, #8244 ) ;
#5746 = DIRECTION ( 'NONE',  ( -1.000000000000000000, 1.611748527043848839E-18, 0.0000000000000000000 ) ) ;
#5747 = SURFACE_SIDE_STYLE ('',( #11586 ) ) ;
#5748 = COLOUR_RGB ( '',0.7529411764705882248, 0.7529411764705882248, 0.7529411764705882248 ) ;
#5749 = AXIS2_PLACEMENT_3D ( 'NONE', #1295, #4272, #2248 ) ;
#5750 = AXIS2_PLACEMENT_3D ( 'NONE', #9134, #10082, #6320 ) ;
#5751 = PRESENTATION_STYLE_ASSIGNMENT (( #8126 ) ) ;
#5752 = DIRECTION ( 'NONE',  ( 0.0000000000000000000, -0.9998476951563911586, -0.01745240643728354982 ) ) ;
#5753 = SURFACE_STYLE_USAGE ( .BOTH. , #2895 ) ;
#5754 = CARTESIAN_POINT ( 'NONE',  ( -26.50000000000000000, -0.3069809625912964801, -5.954494978032480290 ) ) ;
#5755 = CARTESIAN_POINT ( 'NONE',  ( -51.62194481530269741, 2.878055184697335012, -14.84464206773709805 ) ) ;
#5756 = CARTESIAN_POINT ( 'NONE',  ( -32.23495939512579866, 3.000000000000000000, 8.080378074460210058 ) ) ;
#5757 =( LENGTH_UNIT ( ) NAMED_UNIT ( * ) SI_UNIT ( .MILLI., .METRE. ) );
#5758 = EDGE_CURVE ( 'NONE', #4297, #4216, #10329, .T. ) ;
#5759 = VERTEX_POINT ( 'NONE', #5136 ) ;
#5760 = VECTOR ( 'NONE', #1376, 1000.000000000000000 ) ;
#5761 = MECHANICAL_DESIGN_GEOMETRIC_PRESENTATION_REPRESENTATION (  '', ( #6236 ), #12125 ) ;
#5762 = SURFACE_STYLE_USAGE ( .BOTH. , #6626 ) ;
#5763 = ADVANCED_FACE ( 'NONE', ( #10125 ), #10841, .F. ) ;
#5764 = STYLED_ITEM ( 'NONE', ( #12143 ), #9403 ) ;
#5765 = DIRECTION ( 'NONE',  ( -1.000000000000000000, 0.0000000000000000000, -3.851267980753214530E-17 ) ) ;
#5766 = SURFACE_STYLE_FILL_AREA ( #4050 ) ;
#5767 = CARTESIAN_POINT ( 'NONE',  ( 25.17854103316064851, -1.200000000015385204, -4.649999999999919531 ) ) ;
#5768 = ORIENTED_EDGE ( 'NONE', *, *, #363, .T. ) ;
#5769 = DIRECTION ( 'NONE',  ( 0.0000000000000000000, 0.0000000000000000000, 1.000000000000000000 ) ) ;
#5770 = LINE ( 'NONE', #1043, #3215 ) ;
#5771 = SURFACE_STYLE_USAGE ( .BOTH. , #12330 ) ;
#5772 = ORIENTED_EDGE ( 'NONE', *, *, #2004, .F. ) ;
#5773 = CARTESIAN_POINT ( 'NONE',  ( -26.50000000000000000, 1.800000000000000044, -6.700000000000000178 ) ) ;
#5774 = ORIENTED_EDGE ( 'NONE', *, *, #1609, .F. ) ;
#5775 = EDGE_CURVE ( 'NONE', #1709, #6679, #9838, .T. ) ;
#5776 = CARTESIAN_POINT ( 'NONE',  ( -26.50000000000000000, 1.800000000002909939, -5.991272467537269719 ) ) ;
#5777 = FILL_AREA_STYLE_COLOUR ( '', #12097 ) ;
#5778 = SURFACE_STYLE_FILL_AREA ( #6820 ) ;
#5779 = PRESENTATION_LAYER_ASSIGNMENT (  '', '', ( #2310 ) ) ;
#5780 = ORIENTED_EDGE ( 'NONE', *, *, #8681, .T. ) ;
#5781 = MECHANICAL_DESIGN_GEOMETRIC_PRESENTATION_REPRESENTATION (  '', ( #2803 ), #8112 ) ;
#5782 = FILL_AREA_STYLE_COLOUR ( '', #12190 ) ;
#5784 = B_SPLINE_CURVE_WITH_KNOTS ( 'NONE', 3,
 ( #9576, #6793, #11433, #2964, #9619, #4830, #6671, #7699, #11517, #1950, #1000, #5864, #5743, #12379, #4744 ),
 .UNSPECIFIED., .F., .F.,
 ( 4, 2, 2, 1, 1, 1, 2, 2, 4 ),
 ( 0.0000000000000000000, 0.2500000000000470179, 0.3750000000000670020, 0.4375000000000738298, 0.4687500000000744960, 0.4843750000000748290, 0.4921875000000750511, 0.5000000000000751621, 1.000000000000000000 ),
 .UNSPECIFIED. ) ;
#5783 = AXIS2_PLACEMENT_3D ( 'NONE', #9119, #3273, #10032 ) ;
#5785 = PRESENTATION_STYLE_ASSIGNMENT (( #12144 ) ) ;
#5786 = ORIENTED_EDGE ( 'NONE', *, *, #7281, .T. ) ;
#5787 = PLANE ( 'NONE',  #10553 ) ;
#5788 = ORIENTED_EDGE ( 'NONE', *, *, #4881, .F. ) ;
#5789 = CARTESIAN_POINT ( 'NONE',  ( 38.73433760958635474, 3.500000000000000000, 1.064773626295130171 ) ) ;
#5790 = EDGE_CURVE ( 'NONE', #10176, #8851, #4782, .T. ) ;
#5791 = VECTOR ( 'NONE', #3720, 1000.000000000000000 ) ;
#5792 = CIRCLE ( 'NONE', #2224, 1.800000000001234612 ) ;
#5793 = PRESENTATION_STYLE_ASSIGNMENT (( #5311 ) ) ;
#5794 = SURFACE_SIDE_STYLE ('',( #11478 ) ) ;
#5795 = COLOUR_RGB ( '',0.7529411764705882248, 0.7529411764705882248, 0.7529411764705882248 ) ;
#5796 = CARTESIAN_POINT ( 'NONE',  ( 24.15000000000000213, 2.299999999999999822, -2.782205948333384971 ) ) ;
#5797 = PRESENTATION_LAYER_ASSIGNMENT (  '', '', ( #10507 ) ) ;
#5798 = CARTESIAN_POINT ( 'NONE',  ( -32.23495939512579866, 3.066987298097954895, 8.080378074460210058 ) ) ;
#5799 = LINE ( 'NONE', #4071, #11302 ) ;
#5800 = UNCERTAINTY_MEASURE_WITH_UNIT (LENGTH_MEASURE( 1.000000000000000082E-05 ), #3070, 'distance_accuracy_value', 'NONE');
#5801 =( GEOMETRIC_REPRESENTATION_CONTEXT ( 3 ) GLOBAL_UNCERTAINTY_ASSIGNED_CONTEXT ( ( #8600 ) ) GLOBAL_UNIT_ASSIGNED_CONTEXT ( ( #4946, #8797, #8842 ) ) REPRESENTATION_CONTEXT ( 'NONE', 'WORKASPACE' ) );
#5802 = ORIENTED_EDGE ( 'NONE', *, *, #3793, .T. ) ;
#5803 = ORIENTED_EDGE ( 'NONE', *, *, #9604, .T. ) ;
#5804 = PRESENTATION_LAYER_ASSIGNMENT (  '', '', ( #9408 ) ) ;
#5805 = TOROIDAL_SURFACE ( 'NONE', #8451, 0.2545558999690679669, 0.4000000000000000222 ) ;
#5806 =( LENGTH_UNIT ( ) NAMED_UNIT ( * ) SI_UNIT ( .MILLI., .METRE. ) );
#5807 = EDGE_CURVE ( 'NONE', #3460, #2999, #12348, .T. ) ;
#5808 = LINE ( 'NONE', #1746, #12346 ) ;
#5809 = DIRECTION ( 'NONE',  ( 0.0000000000000000000, 0.0000000000000000000, -1.000000000000000000 ) ) ;
#5810 = CARTESIAN_POINT ( 'NONE',  ( -44.79932197965934648, -0.4000000000000000222, -6.000000000000000000 ) ) ;
#5811 = EDGE_CURVE ( 'NONE', #9689, #5590, #11757, .T. ) ;
#5812 =( NAMED_UNIT ( * ) SI_UNIT ( $, .STERADIAN. ) SOLID_ANGLE_UNIT ( ) );
#5813 = ORIENTED_EDGE ( 'NONE', *, *, #9842, .F. ) ;
#5814 =( NAMED_UNIT ( * ) SI_UNIT ( $, .STERADIAN. ) SOLID_ANGLE_UNIT ( ) );
#5815 = AXIS2_PLACEMENT_3D ( 'NONE', #8580, #6701, #11550 ) ;
#5816 = LINE ( 'NONE', #11238, #1126 ) ;
#5817 = FILL_AREA_STYLE ('',( #10521 ) ) ;
#5818 = DIRECTION ( 'NONE',  ( 0.0000000000000000000, 0.7071067811865470176, -0.7071067811865480168 ) ) ;
#5819 = DIRECTION ( 'NONE',  ( -1.000000000000000000, 0.0000000000000000000, 0.0000000000000000000 ) ) ;
#5820 = CARTESIAN_POINT ( 'NONE',  ( 52.50000000000000000, -2.700000000000000178, -15.00000000000000000 ) ) ;
#5821 = PRESENTATION_LAYER_ASSIGNMENT (  '', '', ( #231 ) ) ;
#5822 = STYLED_ITEM ( 'NONE', ( #6497 ), #7269 ) ;
#5823 = CARTESIAN_POINT ( 'NONE',  ( 23.50000000000000000, 1.800000000000000044, -5.299999999999999822 ) ) ;
#5824 = FILL_AREA_STYLE_COLOUR ( '', #4293 ) ;
#5825 = ADVANCED_FACE ( 'NONE', ( #4160 ), #11893, .T. ) ;
#5826 =( LENGTH_UNIT ( ) NAMED_UNIT ( * ) SI_UNIT ( .MILLI., .METRE. ) );
#5827 = CARTESIAN_POINT ( 'NONE',  ( -27.14127246753589873, 1.800000000000000044, -7.441272467535809731 ) ) ;
#5828 =( NAMED_UNIT ( * ) PLANE_ANGLE_UNIT ( ) SI_UNIT ( $, .RADIAN. ) );
#5829 = FILL_AREA_STYLE ('',( #11686 ) ) ;
#5830 = DIRECTION ( 'NONE',  ( 0.0000000000000000000, 0.0000000000000000000, 1.000000000000000000 ) ) ;
#5831 = SURFACE_STYLE_FILL_AREA ( #1060 ) ;
#5832 = CARTESIAN_POINT ( 'NONE',  ( -52.20000000000000284, -0.1000000000000000056, -11.41006226146289926 ) ) ;
#5833 = VERTEX_POINT ( 'NONE', #2318 ) ;
#5834 = CARTESIAN_POINT ( 'NONE',  ( -44.79932197965934648, -0.4000000000000000222, -8.599999999999999645 ) ) ;
#5835 = FACE_OUTER_BOUND ( 'NONE', #7148, .T. ) ;
#5836 = AXIS2_PLACEMENT_3D ( 'NONE', #10972, #11915, #7202 ) ;
#5837 = UNCERTAINTY_MEASURE_WITH_UNIT (LENGTH_MEASURE( 1.000000000000000082E-05 ), #3469, 'distance_accuracy_value', 'NONE');
#5838 = DIRECTION ( 'NONE',  ( 0.0000000000000000000, 0.0000000000000000000, 1.000000000000000000 ) ) ;
#5839 = VECTOR ( 'NONE', #8041, 1000.000000000000000 ) ;
#5840 = LINE ( 'NONE', #7014, #11631 ) ;
#5841 = VERTEX_POINT ( 'NONE', #441 ) ;
#5842 = VERTEX_POINT ( 'NONE', #10965 ) ;
#5844 = VERTEX_POINT ( 'NONE', #3300 ) ;
#5843 = LINE ( 'NONE', #8311, #2687 ) ;
#5845 = DIRECTION ( 'NONE',  ( 0.0000000000000000000, 1.000000000000000000, 0.0000000000000000000 ) ) ;
#5846 = ORIENTED_EDGE ( 'NONE', *, *, #4270, .F. ) ;
#5847 = DIRECTION ( 'NONE',  ( -0.7071067811865474617, 0.7071067811865474617, 0.0000000000000000000 ) ) ;
#5848 = CARTESIAN_POINT ( 'NONE',  ( -25.85872753246410127, 1.800000000000000044, 6.141272467535969781 ) ) ;
#5849 = ORIENTED_EDGE ( 'NONE', *, *, #4268, .F. ) ;
#5850 = CYLINDRICAL_SURFACE ( 'NONE', #2710, 0.8000000000000003775 ) ;
#5851 = EDGE_CURVE ( 'NONE', #7161, #3567, #2795, .T. ) ;
#5852 = DIRECTION ( 'NONE',  ( 0.0000000000000000000, 0.0000000000000000000, -1.000000000000000000 ) ) ;
#5853 = MECHANICAL_DESIGN_GEOMETRIC_PRESENTATION_REPRESENTATION (  '', ( #3286 ), #11585 ) ;
#5854 = SURFACE_STYLE_USAGE ( .BOTH. , #12417 ) ;
#5855 = STYLED_ITEM ( 'NONE', ( #961 ), #8649 ) ;
#5856 = ORIENTED_EDGE ( 'NONE', *, *, #5939, .F. ) ;
#5858 = ORIENTED_EDGE ( 'NONE', *, *, #11220, .F. ) ;
#5857 = LINE ( 'NONE', #10600, #11067 ) ;
#5859 = PRESENTATION_LAYER_ASSIGNMENT (  '', '', ( #10725 ) ) ;
#5860 = ORIENTED_EDGE ( 'NONE', *, *, #2797, .T. ) ;
#5862 = ORIENTED_EDGE ( 'NONE', *, *, #3232, .T. ) ;
#5861 = SURFACE_STYLE_USAGE ( .BOTH. , #6703 ) ;
#5863 = SURFACE_STYLE_USAGE ( .BOTH. , #4895 ) ;
#5864 = CARTESIAN_POINT ( 'NONE',  ( -27.40061582907303261, -0.3838814825881483039, -13.73489479643578726 ) ) ;
#5865 = ORIENTED_EDGE ( 'NONE', *, *, #10198, .T. ) ;
#5866 = CARTESIAN_POINT ( 'NONE',  ( 25.65685424949239746, -0.6999999999999999556, -13.79999999999999893 ) ) ;
#5867 = DIRECTION ( 'NONE',  ( 1.000000000000000000, 0.0000000000000000000, 0.0000000000000000000 ) ) ;
#5868 = ORIENTED_EDGE ( 'NONE', *, *, #6472, .F. ) ;
#5869 = SURFACE_STYLE_FILL_AREA ( #2718 ) ;
#5870 = DIRECTION ( 'NONE',  ( -0.7071067811865475727, 0.7071067811865475727, 3.271025955591201120E-16 ) ) ;
#5871 =( GEOMETRIC_REPRESENTATION_CONTEXT ( 3 ) GLOBAL_UNCERTAINTY_ASSIGNED_CONTEXT ( ( #12031 ) ) GLOBAL_UNIT_ASSIGNED_CONTEXT ( ( #9360, #2581, #7365 ) ) REPRESENTATION_CONTEXT ( 'NONE', 'WORKASPACE' ) );
#5872 = EDGE_LOOP ( 'NONE', ( #4055, #11745, #3808, #193, #5261 ) ) ;
#5873 = COLOUR_RGB ( '',0.7529411764705882248, 0.7529411764705882248, 0.7529411764705882248 ) ;
#5874 = AXIS2_PLACEMENT_3D ( 'NONE', #5879, #1101, #7803 ) ;
#5875 = CARTESIAN_POINT ( 'NONE',  ( 39.23970218328690152, 3.500000000000000000, 0.9081687266080871179 ) ) ;
#5876 = DIRECTION ( 'NONE',  ( 0.0000000000000000000, 0.0000000000000000000, 1.000000000000000000 ) ) ;
#5877 = COLOUR_RGB ( '',0.7529411764705882248, 0.7529411764705882248, 0.7529411764705882248 ) ;
#5878 = AXIS2_PLACEMENT_3D ( 'NONE', #4384, #11001, #2445 ) ;
#5879 = CARTESIAN_POINT ( 'NONE',  ( -47.50000000000000000, 3.000000000000000000, 10.00000000000000000 ) ) ;
#5880 = SURFACE_SIDE_STYLE ('',( #8825 ) ) ;
#5881 = VECTOR ( 'NONE', #2473, 1000.000000000000000 ) ;
#5882 = DIRECTION ( 'NONE',  ( -1.000000000000000000, 0.0000000000000000000, 0.0000000000000000000 ) ) ;
#5883 = EDGE_CURVE ( 'NONE', #2470, #2725, #5346, .T. ) ;
#5884 = VERTEX_POINT ( 'NONE', #8152 ) ;
#5885 = DIRECTION ( 'NONE',  ( -5.138253021092300267E-16, -1.000000000000000000, 3.388131789020059744E-17 ) ) ;
#5886 = EDGE_LOOP ( 'NONE', ( #7299, #553, #789, #1772 ) ) ;
#5887 = UNCERTAINTY_MEASURE_WITH_UNIT (LENGTH_MEASURE( 1.000000000000000082E-05 ), #634, 'distance_accuracy_value', 'NONE');
#5888 = AXIS2_PLACEMENT_3D ( 'NONE', #624, #10325, #10283 ) ;
#5889 = PLANE ( 'NONE',  #12138 ) ;
#5890 = VECTOR ( 'NONE', #8824, 1000.000000000000000 ) ;
#5891 = SURFACE_STYLE_USAGE ( .BOTH. , #2951 ) ;
#5892 = ADVANCED_FACE ( 'NONE', ( #1272 ), #9932, .T. ) ;
#5893 = MECHANICAL_DESIGN_GEOMETRIC_PRESENTATION_REPRESENTATION (  '', ( #1116 ), #12418 ) ;
#5894 = UNCERTAINTY_MEASURE_WITH_UNIT (LENGTH_MEASURE( 1.000000000000000082E-05 ), #8110, 'distance_accuracy_value', 'NONE');
#5895 = PRESENTATION_STYLE_ASSIGNMENT (( #8211 ) ) ;
#5896 = CARTESIAN_POINT ( 'NONE',  ( -47.50000000000000000, -1.199999999999999956, -5.389570480844269262 ) ) ;
#5897 = DIRECTION ( 'NONE',  ( -0.0000000000000000000, 1.000000000000000000, 0.0000000000000000000 ) ) ;
#5898 = FILL_AREA_STYLE_COLOUR ( '', #259 ) ;
#5899 = ORIENTED_EDGE ( 'NONE', *, *, #655, .T. ) ;
#5900 = FILL_AREA_STYLE_COLOUR ( '', #2609 ) ;
#5901 = VECTOR ( 'NONE', #4794, 1000.000000000000000 ) ;
#5902 = MECHANICAL_DESIGN_GEOMETRIC_PRESENTATION_REPRESENTATION (  '', ( #5482 ), #538 ) ;
#5903 = DIRECTION ( 'NONE',  ( 0.0000000000000000000, 1.000000000000000000, 0.0000000000000000000 ) ) ;
#5904 = EDGE_CURVE ( 'NONE', #7408, #857, #5655, .T. ) ;
#5905 = MECHANICAL_DESIGN_GEOMETRIC_PRESENTATION_REPRESENTATION (  '', ( #10605 ), #317 ) ;
#5906 =( LENGTH_UNIT ( ) NAMED_UNIT ( * ) SI_UNIT ( .MILLI., .METRE. ) );
#5907 = VECTOR ( 'NONE', #8324, 999.9999999999998863 ) ;
#5908 = CARTESIAN_POINT ( 'NONE',  ( -51.44193506424941376, 3.027547707819721268, -15.00000220240721838 ) ) ;
#5909 = EDGE_LOOP ( 'NONE', ( #4657, #9136, #1788, #5095 ) ) ;
#5910 = FILL_AREA_STYLE_COLOUR ( '', #176 ) ;
#5911 =( BOUNDED_CURVE ( )  B_SPLINE_CURVE ( 3, ( #9925, #3288, #3245, #8887 ),
 .UNSPECIFIED., .F., .F. ) 
 B_SPLINE_CURVE_WITH_KNOTS ( ( 4, 4 ),
 ( 0.0000000000000000000, 1.000000000000000000 ),
 .UNSPECIFIED. ) 
 CURVE ( )  GEOMETRIC_REPRESENTATION_ITEM ( )  RATIONAL_B_SPLINE_CURVE ( ( 0.9999999744382858102, 0.9999999676057859110, 0.9999999519494825462, 0.9999999190718440456 ) ) 
 REPRESENTATION_ITEM ( '' )  );
#5912 =( GEOMETRIC_REPRESENTATION_CONTEXT ( 3 ) GLOBAL_UNCERTAINTY_ASSIGNED_CONTEXT ( ( #1113 ) ) GLOBAL_UNIT_ASSIGNED_CONTEXT ( ( #9648, #8815, #6866 ) ) REPRESENTATION_CONTEXT ( 'NONE', 'WORKASPACE' ) );
#5913 = STYLED_ITEM ( 'NONE', ( #654 ), #12246 ) ;
#5914 = CARTESIAN_POINT ( 'NONE',  ( -28.17854103315945125, -1.200000000015390089, 4.849999999999920597 ) ) ;
#5915 = DIRECTION ( 'NONE',  ( 0.0000000000000000000, -3.061276722300149009E-16, 1.000000000000000000 ) ) ;
#5916 = SURFACE_SIDE_STYLE ('',( #10439 ) ) ;
#5917 = CIRCLE ( 'NONE', #8696, 1.800000000001234612 ) ;
#5918 = ORIENTED_EDGE ( 'NONE', *, *, #2348, .F. ) ;
#5919 = CIRCLE ( 'NONE', #10724, 1.199999999999999734 ) ;
#5920 =( NAMED_UNIT ( * ) PLANE_ANGLE_UNIT ( ) SI_UNIT ( $, .RADIAN. ) );
#5921 = SURFACE_SIDE_STYLE ('',( #4726 ) ) ;
#5922 = CARTESIAN_POINT ( 'NONE',  ( -47.65810784417229939, 1.199999999999999956, -5.299999999999999822 ) ) ;
#5923 = ORIENTED_EDGE ( 'NONE', *, *, #7479, .T. ) ;
#5924 = EDGE_CURVE ( 'NONE', #11053, #917, #11003, .T. ) ;
#5925 = LINE ( 'NONE', #3019, #2914 ) ;
#5926 = STYLED_ITEM ( 'NONE', ( #7798 ), #8018 ) ;
#5927 =( NAMED_UNIT ( * ) SI_UNIT ( $, .STERADIAN. ) SOLID_ANGLE_UNIT ( ) );
#5928 = ORIENTED_EDGE ( 'NONE', *, *, #3111, .F. ) ;
#5929 = AXIS2_PLACEMENT_3D ( 'NONE', #12201, #3614, #4599 ) ;
#5930 = PLANE ( 'NONE',  #3693 ) ;
#5931 =( LENGTH_UNIT ( ) NAMED_UNIT ( * ) SI_UNIT ( .MILLI., .METRE. ) );
#5932 = VERTEX_POINT ( 'NONE', #9151 ) ;
#5933 = PLANE ( 'NONE',  #9909 ) ;
#5934 = LINE ( 'NONE', #2502, #2936 ) ;
#5935 = CARTESIAN_POINT ( 'NONE',  ( -26.50000000000000000, 2.000000000000000000, -5.299999999999999822 ) ) ;
#5936 = ORIENTED_EDGE ( 'NONE', *, *, #10515, .F. ) ;
#5937 = VECTOR ( 'NONE', #10478, 1000.000000000000000 ) ;
#5938 = CARTESIAN_POINT ( 'NONE',  ( -25.59859995049077952, 1.008906638345682616, -14.45595116571732142 ) ) ;
#5939 = EDGE_CURVE ( 'NONE', #623, #6312, #9544, .T. ) ;
#5940 = CARTESIAN_POINT ( 'NONE',  ( 37.47444465429034466, 3.433012701883784601, 1.464636198749429852 ) ) ;
#5941 = ORIENTED_EDGE ( 'NONE', *, *, #5351, .F. ) ;
#5942 = CARTESIAN_POINT ( 'NONE',  ( -52.50000000000000000, -1.200000000000000178, -5.599632742307179889 ) ) ;
#5943 = AXIS2_PLACEMENT_3D ( 'NONE', #8013, #2268, #6139 ) ;
#5944 = ORIENTED_EDGE ( 'NONE', *, *, #1899, .T. ) ;
#5945 = STYLED_ITEM ( 'NONE', ( #11622 ), #5642 ) ;
#5946 = SURFACE_SIDE_STYLE ('',( #5582 ) ) ;
#5947 = CARTESIAN_POINT ( 'NONE',  ( -51.57114195552799885, 2.928878858183403988, -14.99999995034965217 ) ) ;
#5948 = AXIS2_PLACEMENT_3D ( 'NONE', #1102, #1221, #5070 ) ;
#5949 = FACE_BOUND ( 'NONE', #134, .T. ) ;
#5950 =( NAMED_UNIT ( * ) SI_UNIT ( $, .STERADIAN. ) SOLID_ANGLE_UNIT ( ) );
#5951 = DIRECTION ( 'NONE',  ( 0.0000000000000000000, 0.0000000000000000000, 1.000000000000000000 ) ) ;
#5952 = ADVANCED_FACE ( 'NONE', ( #3258 ), #6865, .T. ) ;
#5953 = FILL_AREA_STYLE ('',( #11640 ) ) ;
#5954 = SURFACE_STYLE_FILL_AREA ( #672 ) ;
#5955 = CARTESIAN_POINT ( 'NONE',  ( 23.50000000000000000, 1.800000000000000044, -5.299999999999999822 ) ) ;
#5956 = ORIENTED_EDGE ( 'NONE', *, *, #128, .F. ) ;
#5957 = MECHANICAL_DESIGN_GEOMETRIC_PRESENTATION_REPRESENTATION (  '', ( #3951 ), #11048 ) ;
#5958 = SURFACE_SIDE_STYLE ('',( #2294 ) ) ;
#5959 = EDGE_LOOP ( 'NONE', ( #7797, #7426, #344, #1490 ) ) ;
#5960 = CARTESIAN_POINT ( 'NONE',  ( 23.50000000000000000, -1.200000000021370195, 5.500000000000000000 ) ) ;
#5961 = CARTESIAN_POINT ( 'NONE',  ( -26.50000000000000000, 1.800000000000000044, -6.100000000000000533 ) ) ;
#5962 = FACE_OUTER_BOUND ( 'NONE', #4754, .T. ) ;
#5963 = FILL_AREA_STYLE ('',( #11648 ) ) ;
#5964 = VECTOR ( 'NONE', #9111, 1000.000000000000000 ) ;
#5965 = COLOUR_RGB ( '',0.7529411764705882248, 0.7529411764705882248, 0.7529411764705882248 ) ;
#5966 = AXIS2_PLACEMENT_3D ( 'NONE', #4623, #7385, #5575 ) ;
#5967 = DIRECTION ( 'NONE',  ( 0.0000000000000000000, 0.0000000000000000000, 1.000000000000000000 ) ) ;
#5968 =( NAMED_UNIT ( * ) SI_UNIT ( $, .STERADIAN. ) SOLID_ANGLE_UNIT ( ) );
#5969 = DIRECTION ( 'NONE',  ( 0.0000000000000000000, -1.000000000000000000, 0.0000000000000000000 ) ) ;
#5970 = DIRECTION ( 'NONE',  ( 0.0000000000000000000, 0.0000000000000000000, -1.000000000000000000 ) ) ;
#5971 = EDGE_CURVE ( 'NONE', #2612, #2040, #1010, .T. ) ;
#5972 = FACE_OUTER_BOUND ( 'NONE', #8085, .T. ) ;
#5973 = LINE ( 'NONE', #5160, #4922 ) ;
#5974 = DIRECTION ( 'NONE',  ( 0.0000000000000000000, 1.000000000000000000, 0.0000000000000000000 ) ) ;
#5975 =( LENGTH_UNIT ( ) NAMED_UNIT ( * ) SI_UNIT ( .MILLI., .METRE. ) );
#5976 = EDGE_CURVE ( 'NONE', #8656, #3602, #4309, .T. ) ;
#5977 = PRESENTATION_STYLE_ASSIGNMENT (( #5891 ) ) ;
#5978 = CARTESIAN_POINT ( 'NONE',  ( 37.63824873692700379, 2.299999999999999822, 7.649999999999999467 ) ) ;
#5979 = EDGE_LOOP ( 'NONE', ( #2605, #11946, #5504, #10173 ) ) ;
#5980 = MECHANICAL_DESIGN_GEOMETRIC_PRESENTATION_REPRESENTATION (  '', ( #9010 ), #1207 ) ;
#5981 =( NAMED_UNIT ( * ) PLANE_ANGLE_UNIT ( ) SI_UNIT ( $, .RADIAN. ) );
#5982 = FACE_OUTER_BOUND ( 'NONE', #9803, .T. ) ;
#5983 = DIRECTION ( 'NONE',  ( 0.0000000000000000000, 0.0000000000000000000, -1.000000000000000000 ) ) ;
#5984 = CARTESIAN_POINT ( 'NONE',  ( -26.50000000000000000, -0.6999999999999999556, 5.500000000000079048 ) ) ;
#5985 = SURFACE_STYLE_USAGE ( .BOTH. , #1172 ) ;
#5986 = ORIENTED_EDGE ( 'NONE', *, *, #1200, .T. ) ;
#5987 = SURFACE_STYLE_FILL_AREA ( #11051 ) ;
#5988 = STYLED_ITEM ( 'NONE', ( #12200 ), #432 ) ;
#5990 = AXIS2_PLACEMENT_3D ( 'NONE', #8486, #3832, #9565 ) ;
#5989 = PRESENTATION_STYLE_ASSIGNMENT (( #10785 ) ) ;
#5991 = ORIENTED_EDGE ( 'NONE', *, *, #9728, .F. ) ;
#5992 = DIRECTION ( 'NONE',  ( 1.812584574444032781E-47, 1.000000000000000000, -1.807003620809174878E-16 ) ) ;
#5994 =( NAMED_UNIT ( * ) SI_UNIT ( $, .STERADIAN. ) SOLID_ANGLE_UNIT ( ) );
#5993 = CIRCLE ( 'NONE', #5205, 1.800000000001234612 ) ;
#5995 = DIRECTION ( 'NONE',  ( 4.389311392516974113E-17, 1.000000000000000000, 2.826597269477010185E-16 ) ) ;
#5996 = UNCERTAINTY_MEASURE_WITH_UNIT (LENGTH_MEASURE( 1.000000000000000082E-05 ), #1779, 'distance_accuracy_value', 'NONE');
#5997 =( LENGTH_UNIT ( ) NAMED_UNIT ( * ) SI_UNIT ( .MILLI., .METRE. ) );
#5998 =( LENGTH_UNIT ( ) NAMED_UNIT ( * ) SI_UNIT ( .MILLI., .METRE. ) );
#5999 = PRESENTATION_STYLE_ASSIGNMENT (( #2896 ) ) ;
#6000 = ORIENTED_EDGE ( 'NONE', *, *, #1169, .T. ) ;
#6001 = APPLICATION_CONTEXT ( 'automotive_design' ) ;
#6002 = FILL_AREA_STYLE ('',( #3024 ) ) ;
#6003 = PRESENTATION_STYLE_ASSIGNMENT (( #12415 ) ) ;
#6004 = EDGE_CURVE ( 'NONE', #7565, #410, #4003, .T. ) ;
#6005 = FILL_AREA_STYLE_COLOUR ( '', #6085 ) ;
#6007 = ORIENTED_EDGE ( 'NONE', *, *, #832, .F. ) ;
#6006 = CARTESIAN_POINT ( 'NONE',  ( 22.80872753246140050, 1.800000000002909939, 5.500000000000079048 ) ) ;
#6008 = DIRECTION ( 'NONE',  ( 0.0000000000000000000, -1.000000000000000000, 0.0000000000000000000 ) ) ;
#6009 = EDGE_LOOP ( 'NONE', ( #6152, #5646, #4348, #6830 ) ) ;
#6010 = ORIENTED_EDGE ( 'NONE', *, *, #7402, .T. ) ;
#6011 =( NAMED_UNIT ( * ) PLANE_ANGLE_UNIT ( ) SI_UNIT ( $, .RADIAN. ) );
#6012 = SURFACE_STYLE_USAGE ( .BOTH. , #7980 ) ;
#6013 = ORIENTED_EDGE ( 'NONE', *, *, #9166, .T. ) ;
#6014 = PRESENTATION_LAYER_ASSIGNMENT (  '', '', ( #985 ) ) ;
#6015 = EDGE_LOOP ( 'NONE', ( #10904, #4517, #11872, #3064 ) ) ;
#6016 = UNCERTAINTY_MEASURE_WITH_UNIT (LENGTH_MEASURE( 1.000000000000000082E-05 ), #1420, 'distance_accuracy_value', 'NONE');
#6017 = SURFACE_STYLE_USAGE ( .BOTH. , #8764 ) ;
#6018 = ADVANCED_FACE ( 'NONE', ( #1729 ), #1879, .T. ) ;
#6019 = EDGE_LOOP ( 'NONE', ( #11215, #11473, #7459, #12244 ) ) ;
#6021 = ORIENTED_EDGE ( 'NONE', *, *, #9947, .T. ) ;
#6020 = CIRCLE ( 'NONE', #6761, 0.6544949780322544264 ) ;
#6022 = DIRECTION ( 'NONE',  ( 1.000000000000000000, 0.0000000000000000000, 0.0000000000000000000 ) ) ;
#6023 =( NAMED_UNIT ( * ) SI_UNIT ( $, .STERADIAN. ) SOLID_ANGLE_UNIT ( ) );
#6024 = ORIENTED_EDGE ( 'NONE', *, *, #6128, .F. ) ;
#6025 = VECTOR ( 'NONE', #4607, 1000.000000000000000 ) ;
#6026 = EDGE_CURVE ( 'NONE', #10991, #6824, #5487, .T. ) ;
#6027 = CARTESIAN_POINT ( 'NONE',  ( 47.50000000000000000, -1.200000000016030022, 12.19999999999972040 ) ) ;
#6028 = MECHANICAL_DESIGN_GEOMETRIC_PRESENTATION_REPRESENTATION (  '', ( #1979 ), #1482 ) ;
#6029 = FACE_OUTER_BOUND ( 'NONE', #6766, .T. ) ;
#6030 =( GEOMETRIC_REPRESENTATION_CONTEXT ( 3 ) GLOBAL_UNCERTAINTY_ASSIGNED_CONTEXT ( ( #10498 ) ) GLOBAL_UNIT_ASSIGNED_CONTEXT ( ( #11644, #6844, #2038 ) ) REPRESENTATION_CONTEXT ( 'NONE', 'WORKASPACE' ) );
#6031 = PRESENTATION_LAYER_ASSIGNMENT (  '', '', ( #6278 ) ) ;
#6032 = ORIENTED_EDGE ( 'NONE', *, *, #4567, .T. ) ;
#6033 = FILL_AREA_STYLE_COLOUR ( '', #10053 ) ;
#6034 = VERTEX_POINT ( 'NONE', #1586 ) ;
#6035 = CARTESIAN_POINT ( 'NONE',  ( -26.50000000000000000, 1.199999999999999956, 4.700000000000000178 ) ) ;
#6036 =( NAMED_UNIT ( * ) PLANE_ANGLE_UNIT ( ) SI_UNIT ( $, .RADIAN. ) );
#6037 = CARTESIAN_POINT ( 'NONE',  ( -26.50000000000000000, 1.800000000000000044, 4.100000000000000533 ) ) ;
#6038 = VECTOR ( 'NONE', #10055, 1000.000000000000000 ) ;
#6039 = CARTESIAN_POINT ( 'NONE',  ( -52.00000000000000000, 1.792893218813464973, 10.00000000000000000 ) ) ;
#6040 = EDGE_CURVE ( 'NONE', #1831, #4067, #748, .T. ) ;
#6041 = DIRECTION ( 'NONE',  ( 0.0000000000000000000, 1.000000000000000000, 0.0000000000000000000 ) ) ;
#6042 = CARTESIAN_POINT ( 'NONE',  ( 21.85040973523910068, 1.200000000001091971, -5.908107844172270084 ) ) ;
#6043 = SURFACE_STYLE_USAGE ( .BOTH. , #2971 ) ;
#6044 = PLANE ( 'NONE',  #7297 ) ;
#6045 = ORIENTED_EDGE ( 'NONE', *, *, #2141, .F. ) ;
#6046 = STYLED_ITEM ( 'NONE', ( #4765 ), #6143 ) ;
#6048 = UNCERTAINTY_MEASURE_WITH_UNIT (LENGTH_MEASURE( 1.000000000000000082E-05 ), #1937, 'distance_accuracy_value', 'NONE');
#6047 = PRODUCT_CONTEXT ( 'NONE', #6091, 'mechanical' ) ;
#6049 = COLOUR_RGB ( '',0.7529411764705882248, 0.7529411764705882248, 0.7529411764705882248 ) ;
#6050 = DIRECTION ( 'NONE',  ( 1.000000000000000000, 0.0000000000000000000, 0.0000000000000000000 ) ) ;
#6051 = MECHANICAL_DESIGN_GEOMETRIC_PRESENTATION_REPRESENTATION (  '', ( #11923 ), #8361 ) ;
#6052 = CARTESIAN_POINT ( 'NONE',  ( 47.50000000000000000, 3.000000000000000000, 13.79999999999999893 ) ) ;
#6053 = CARTESIAN_POINT ( 'NONE',  ( 29.14999999999999858, 2.299999999999999822, -5.949999999999919353 ) ) ;
#6054 = DIRECTION ( 'NONE',  ( 0.0000000000000000000, 0.0000000000000000000, 1.000000000000000000 ) ) ;
#6055 = SURFACE_STYLE_USAGE ( .BOTH. , #8999 ) ;
#6056 = EDGE_CURVE ( 'NONE', #12393, #5932, #5705, .T. ) ;
#6057 = DIRECTION ( 'NONE',  ( -0.01744974916068370643, -0.9996954598818874604, 0.01744974916068370643 ) ) ;
#6058 = CARTESIAN_POINT ( 'NONE',  ( -52.50000000000000000, 1.800000000000000044, 7.641272467535969781 ) ) ;
#6059 = EDGE_CURVE ( 'NONE', #10640, #1301, #4892, .T. ) ;
#6060 = PLANE ( 'NONE',  #5302 ) ;
#6061 = ORIENTED_EDGE ( 'NONE', *, *, #5300, .T. ) ;
#6062 = CARTESIAN_POINT ( 'NONE',  ( 47.50000000000000000, 2.500000000000000000, 10.00000000000000000 ) ) ;
#6063 = MECHANICAL_DESIGN_GEOMETRIC_PRESENTATION_REPRESENTATION (  '', ( #11615 ), #11784 ) ;
#6064 = DIRECTION ( 'NONE',  ( 0.0000000000000000000, 0.0000000000000000000, -1.000000000000000000 ) ) ;
#6065 = DIRECTION ( 'NONE',  ( 1.000000000000000000, 0.0000000000000000000, 0.0000000000000000000 ) ) ;
#6066 = STYLED_ITEM ( 'NONE', ( #2186 ), #1789 ) ;
#6067 =( GEOMETRIC_REPRESENTATION_CONTEXT ( 3 ) GLOBAL_UNCERTAINTY_ASSIGNED_CONTEXT ( ( #9736 ) ) GLOBAL_UNIT_ASSIGNED_CONTEXT ( ( #6293, #2325, #8123 ) ) REPRESENTATION_CONTEXT ( 'NONE', 'WORKASPACE' ) );
#6068 = EDGE_LOOP ( 'NONE', ( #6032, #6169, #2684, #9982 ) ) ;
#6069 = LINE ( 'NONE', #8840, #11999 ) ;
#6070 = CARTESIAN_POINT ( 'NONE',  ( -52.50000000000000000, -0.1000000000000000472, -10.00000000000000000 ) ) ;
#6071 = UNCERTAINTY_MEASURE_WITH_UNIT (LENGTH_MEASURE( 1.000000000000000082E-05 ), #6130, 'distance_accuracy_value', 'NONE');
#6072 = CARTESIAN_POINT ( 'NONE',  ( -28.14959026475904835, 1.200000000001091971, -4.691892155827740218 ) ) ;
#6073 = LINE ( 'NONE', #3120, #2766 ) ;
#6074 = SURFACE_SIDE_STYLE ('',( #12168 ) ) ;
#6075 = UNCERTAINTY_MEASURE_WITH_UNIT (LENGTH_MEASURE( 1.000000000000000082E-05 ), #2213, 'distance_accuracy_value', 'NONE');
#6076 = UNCERTAINTY_MEASURE_WITH_UNIT (LENGTH_MEASURE( 1.000000000000000082E-05 ), #4758, 'distance_accuracy_value', 'NONE');
#6077 = VERTEX_POINT ( 'NONE', #3536 ) ;
#6078 = LINE ( 'NONE', #10833, #11854 ) ;
#6079 = DIRECTION ( 'NONE',  ( 0.0000000000000000000, 0.0000000000000000000, -1.000000000000000000 ) ) ;
#6080 = CARTESIAN_POINT ( 'NONE',  ( -51.29999999999999716, -0.09999999998215104713, -6.700000000000000178 ) ) ;
#6081 = CARTESIAN_POINT ( 'NONE',  ( -51.51387400014411355, 2.979389813620621830, -15.00000027627542032 ) ) ;
#6082 = DIRECTION ( 'NONE',  ( -1.000000000000000000, 1.486745008786999708E-16, 4.084798340129179854E-16 ) ) ;
#6083 = SURFACE_SIDE_STYLE ('',( #8949 ) ) ;
#6084 = ADVANCED_FACE ( 'NONE', ( #2943 ), #8334, .F. ) ;
#6085 = COLOUR_RGB ( '',0.7529411764705882248, 0.7529411764705882248, 0.7529411764705882248 ) ;
#6086 = ORIENTED_EDGE ( 'NONE', *, *, #2309, .F. ) ;
#6087 = VECTOR ( 'NONE', #12071, 1000.000000000000000 ) ;
#6088 = ORIENTED_EDGE ( 'NONE', *, *, #10741, .T. ) ;
#6089 = AXIS2_PLACEMENT_3D ( 'NONE', #11327, #12223, #10373 ) ;
#6090 = PRODUCT_RELATED_PRODUCT_CATEGORY ( 'part', '', ( #3515 ) ) ;
#6091 = APPLICATION_CONTEXT ( 'automotive_design' ) ;
#6092 = PRESENTATION_STYLE_ASSIGNMENT (( #2709 ) ) ;
#6093 =( NAMED_UNIT ( * ) PLANE_ANGLE_UNIT ( ) SI_UNIT ( $, .RADIAN. ) );
#6094 = ORIENTED_EDGE ( 'NONE', *, *, #7814, .F. ) ;
#6095 = LINE ( 'NONE', #5601, #3822 ) ;
#6096 = FILL_AREA_STYLE ('',( #5116 ) ) ;
#6097 = CARTESIAN_POINT ( 'NONE',  ( 25.65685424949239746, 3.405465559969194977, -15.00000000000000000 ) ) ;
#6098 = CARTESIAN_POINT ( 'NONE',  ( 37.63824873692700379, 3.000000000000000000, 2.351768647882129581 ) ) ;
#6099 = ORIENTED_EDGE ( 'NONE', *, *, #9414, .F. ) ;
#6100 = DIRECTION ( 'NONE',  ( -0.01744974916068024393, 0.9996954598818874604, 0.01744974916068374113 ) ) ;
#6101 = ORIENTED_EDGE ( 'NONE', *, *, #8046, .T. ) ;
#6102 = CARTESIAN_POINT ( 'NONE',  ( -27.15449497803179923, -0.3069809625912964801, 5.500000000000079048 ) ) ;
#6103 = EDGE_CURVE ( 'NONE', #11880, #8150, #1399, .T. ) ;
#6104 = FACE_OUTER_BOUND ( 'NONE', #10484, .T. ) ;
#6105 =( GEOMETRIC_REPRESENTATION_CONTEXT ( 3 ) GLOBAL_UNCERTAINTY_ASSIGNED_CONTEXT ( ( #5996 ) ) GLOBAL_UNIT_ASSIGNED_CONTEXT ( ( #1779, #4743, #3669 ) ) REPRESENTATION_CONTEXT ( 'NONE', 'WORKASPACE' ) );
#6106 =( GEOMETRIC_REPRESENTATION_CONTEXT ( 3 ) GLOBAL_UNCERTAINTY_ASSIGNED_CONTEXT ( ( #2523 ) ) GLOBAL_UNIT_ASSIGNED_CONTEXT ( ( #6989, #3014, #117 ) ) REPRESENTATION_CONTEXT ( 'NONE', 'WORKASPACE' ) );
#6107 = FILL_AREA_STYLE ('',( #5084 ) ) ;
#6108 = LINE ( 'NONE', #4125, #7436 ) ;
#6109 = CARTESIAN_POINT ( 'NONE',  ( -52.20000000000000284, -1.500000000000000000, -5.280379410564409959 ) ) ;
#6110 = ORIENTED_EDGE ( 'NONE', *, *, #11467, .F. ) ;
#6111 = ORIENTED_EDGE ( 'NONE', *, *, #782, .T. ) ;
#6112 = LINE ( 'NONE', #11096, #8051 ) ;
#6113 =( LENGTH_UNIT ( ) NAMED_UNIT ( * ) SI_UNIT ( .MILLI., .METRE. ) );
#6114 = CIRCLE ( 'NONE', #1781, 5.000000000000000888 ) ;
#6115 = DIRECTION ( 'NONE',  ( -0.0000000000000000000, 1.000000000000000000, 0.0000000000000000000 ) ) ;
#6116 = DIRECTION ( 'NONE',  ( 0.0000000000000000000, 0.0000000000000000000, -1.000000000000000000 ) ) ;
#6117 = PLANE ( 'NONE',  #4972 ) ;
#6118 = MECHANICAL_DESIGN_GEOMETRIC_PRESENTATION_REPRESENTATION (  '', ( #1756 ), #6991 ) ;
#6119 = VECTOR ( 'NONE', #11042, 1000.000000000000000 ) ;
#6120 = AXIS2_PLACEMENT_3D ( 'NONE', #2576, #2658, #727 ) ;
#6121 = SURFACE_SIDE_STYLE ('',( #3266 ) ) ;
#6122 = ORIENTED_EDGE ( 'NONE', *, *, #10043, .T. ) ;
#6123 = AXIS2_PLACEMENT_3D ( 'NONE', #743, #4708, #4616 ) ;
#6124 =( NAMED_UNIT ( * ) SI_UNIT ( $, .STERADIAN. ) SOLID_ANGLE_UNIT ( ) );
#6125 = SURFACE_STYLE_USAGE ( .BOTH. , #11800 ) ;
#6126 = FACE_OUTER_BOUND ( 'NONE', #11715, .T. ) ;
#6127 = EDGE_CURVE ( 'NONE', #11211, #11634, #7004, .T. ) ;
#6128 = EDGE_CURVE ( 'NONE', #5539, #7761, #950, .T. ) ;
#6129 = FACE_OUTER_BOUND ( 'NONE', #6191, .T. ) ;
#6130 =( LENGTH_UNIT ( ) NAMED_UNIT ( * ) SI_UNIT ( .MILLI., .METRE. ) );
#6131 = PRESENTATION_STYLE_ASSIGNMENT (( #6017 ) ) ;
#6132 = DIRECTION ( 'NONE',  ( 0.0000000000000000000, -1.000000000000000000, 0.0000000000000000000 ) ) ;
#6133 = CARTESIAN_POINT ( 'NONE',  ( -22.65627093802035219, 3.000000000000000000, 32.42014042290409748 ) ) ;
#6134 = CARTESIAN_POINT ( 'NONE',  ( -28.14959026476165249, 1.200000000000869926, 4.891892155827720856 ) ) ;
#6135 = COLOUR_RGB ( '',0.7529411764705882248, 0.7529411764705882248, 0.7529411764705882248 ) ;
#6136 = DIRECTION ( 'NONE',  ( -4.163336342344337815E-15, 0.0000000000000000000, 1.000000000000000000 ) ) ;
#6137 = LINE ( 'NONE', #11725, #11617 ) ;
#6138 = CARTESIAN_POINT ( 'NONE',  ( -52.50000000000000000, 2.146446609413090290, 14.85355339058691904 ) ) ;
#6139 = DIRECTION ( 'NONE',  ( 1.000000000000000000, 0.0000000000000000000, 0.0000000000000000000 ) ) ;
#6140 = ORIENTED_EDGE ( 'NONE', *, *, #591, .F. ) ;
#6141 = CONICAL_SURFACE ( 'NONE', #7974, 1.799999999999458256, 0.01745329252056498567 ) ;
#6142 = AXIS2_PLACEMENT_3D ( 'NONE', #10858, #5150, #337 ) ;
#6143 = ADVANCED_FACE ( 'NONE', ( #7294 ), #2488, .T. ) ;
#6144 = EDGE_CURVE ( 'NONE', #3931, #1684, #3249, .T. ) ;
#6145 = FACE_OUTER_BOUND ( 'NONE', #10775, .T. ) ;
#6146 = CARTESIAN_POINT ( 'NONE',  ( -51.37747150831400234, 3.061250268090749849, -14.99999998912709920 ) ) ;
#6147 = ORIENTED_EDGE ( 'NONE', *, *, #6736, .F. ) ;
#6148 = VECTOR ( 'NONE', #1876, 1000.000000000000000 ) ;
#6149 = VECTOR ( 'NONE', #5852, 1000.000000000000000 ) ;
#6150 = VERTEX_POINT ( 'NONE', #8569 ) ;
#6151 = MECHANICAL_DESIGN_GEOMETRIC_PRESENTATION_REPRESENTATION (  '', ( #4860 ), #3341 ) ;
#6152 = ORIENTED_EDGE ( 'NONE', *, *, #6453, .F. ) ;
#6153 = VERTEX_POINT ( 'NONE', #9357 ) ;
#6155 = ORIENTED_EDGE ( 'NONE', *, *, #3631, .F. ) ;
#6154 =( NAMED_UNIT ( * ) PLANE_ANGLE_UNIT ( ) SI_UNIT ( $, .RADIAN. ) );
#6156 = FILL_AREA_STYLE_COLOUR ( '', #5201 ) ;
#6157 = DIRECTION ( 'NONE',  ( 1.000000000000000000, 0.0000000000000000000, 0.0000000000000000000 ) ) ;
#6159 = ADVANCED_FACE ( 'NONE', ( #644 ), #5596, .T. ) ;
#6158 = FILL_AREA_STYLE_COLOUR ( '', #8905 ) ;
#6160 = ORIENTED_EDGE ( 'NONE', *, *, #8199, .F. ) ;
#6161 =( GEOMETRIC_REPRESENTATION_CONTEXT ( 3 ) GLOBAL_UNCERTAINTY_ASSIGNED_CONTEXT ( ( #879 ) ) GLOBAL_UNIT_ASSIGNED_CONTEXT ( ( #8221, #4460, #7392 ) ) REPRESENTATION_CONTEXT ( 'NONE', 'WORKASPACE' ) );
#6162 =( LENGTH_UNIT ( ) NAMED_UNIT ( * ) SI_UNIT ( .MILLI., .METRE. ) );
#6163 =( NAMED_UNIT ( * ) SI_UNIT ( $, .STERADIAN. ) SOLID_ANGLE_UNIT ( ) );
#6164 = FILL_AREA_STYLE_COLOUR ( '', #4470 ) ;
#6165 = SURFACE_SIDE_STYLE ('',( #5987 ) ) ;
#6166 = DIRECTION ( 'NONE',  ( 0.0000000000000000000, 1.000000000000000000, 0.0000000000000000000 ) ) ;
#6167 = ORIENTED_EDGE ( 'NONE', *, *, #9366, .F. ) ;
#6169 = ORIENTED_EDGE ( 'NONE', *, *, #5904, .F. ) ;
#6168 = CYLINDRICAL_SURFACE ( 'NONE', #9552, 0.5000000000000004441 ) ;
#6170 = DIRECTION ( 'NONE',  ( 5.421010862428140440E-16, -1.000000000000000000, 3.388131789020739521E-17 ) ) ;
#6171 = VERTEX_POINT ( 'NONE', #820 ) ;
#6172 = COLOUR_RGB ( '',0.7529411764705882248, 0.7529411764705882248, 0.7529411764705882248 ) ;
#6173 = ORIENTED_EDGE ( 'NONE', *, *, #56, .T. ) ;
#6174 = ORIENTED_EDGE ( 'NONE', *, *, #93, .T. ) ;
#6175 = SURFACE_STYLE_USAGE ( .BOTH. , #3271 ) ;
#6176 = EDGE_CURVE ( 'NONE', #2401, #8918, #6416, .T. ) ;
#6177 = CARTESIAN_POINT ( 'NONE',  ( -26.50000000000000000, 1.199999999999999956, 4.891892155827740396 ) ) ;
#6178 = CARTESIAN_POINT ( 'NONE',  ( -68.60321982055950230, 1.200000000000728040, 6.108107844172270262 ) ) ;
#6179 = CIRCLE ( 'NONE', #1177, 0.4000000000000010214 ) ;
#6180 = AXIS2_PLACEMENT_3D ( 'NONE', #11449, #10534, #11486 ) ;
#6181 = DIRECTION ( 'NONE',  ( 3.125627884642895048E-16, 0.0000000000000000000, 1.000000000000000000 ) ) ;
#6182 = VERTEX_POINT ( 'NONE', #3700 ) ;
#6183 = CARTESIAN_POINT ( 'NONE',  ( 47.70000000000000284, -1.200000000000000178, 4.849999999999929479 ) ) ;
#6184 = CARTESIAN_POINT ( 'NONE',  ( -51.30000000001589200, -1.200000000015913892, -15.00000000000000000 ) ) ;
#6185 = DIRECTION ( 'NONE',  ( -0.7071067811865474617, -0.7071067811865474617, 0.0000000000000000000 ) ) ;
#6186 = EDGE_LOOP ( 'NONE', ( #7510, #4976, #647, #1534 ) ) ;
#6187 = PLANE ( 'NONE',  #10005 ) ;
#6188 = VECTOR ( 'NONE', #5306, 1000.000000000000114 ) ;
#6189 = FILL_AREA_STYLE_COLOUR ( '', #2663 ) ;
#6190 = ORIENTED_EDGE ( 'NONE', *, *, #6221, .T. ) ;
#6191 = EDGE_LOOP ( 'NONE', ( #5557, #3209, #10228, #3074, #11493, #9590, #2308, #10563 ) ) ;
#6192 = EDGE_CURVE ( 'NONE', #7348, #3038, #1256, .T. ) ;
#6193 = STYLED_ITEM ( 'NONE', ( #3510 ), #2300 ) ;
#6194 = CYLINDRICAL_SURFACE ( 'NONE', #1528, 1.000000000000000888 ) ;
#6195 =( NAMED_UNIT ( * ) PLANE_ANGLE_UNIT ( ) SI_UNIT ( $, .RADIAN. ) );
#6196 = CONICAL_SURFACE ( 'NONE', #4000, 1.799999999997168532, 0.01745329251982707247 ) ;
#6197 = PRESENTATION_LAYER_ASSIGNMENT (  '', '', ( #10875 ) ) ;
#6198 = LINE ( 'NONE', #4966, #3627 ) ;
#6199 =( NAMED_UNIT ( * ) PLANE_ANGLE_UNIT ( ) SI_UNIT ( $, .RADIAN. ) );
#6200 = FACE_OUTER_BOUND ( 'NONE', #2082, .T. ) ;
#6201 = CARTESIAN_POINT ( 'NONE',  ( -68.60321982055950230, 1.199999999999999956, 6.108107844172280032 ) ) ;
#6202 = CARTESIAN_POINT ( 'NONE',  ( 52.00000000000000000, 1.792893218813470080, -15.00000000000000000 ) ) ;
#6203 = CARTESIAN_POINT ( 'NONE',  ( 37.63824873692700379, 2.299999999999999822, 4.850000000000079581 ) ) ;
#6204 = VERTEX_POINT ( 'NONE', #11299 ) ;
#6205 = CARTESIAN_POINT ( 'NONE',  ( 41.60032514980956364, 3.465372213789454481, -1.406986284263724629 ) ) ;
#6206 = EDGE_CURVE ( 'NONE', #11703, #7574, #3827, .T. ) ;
#6207 = DIRECTION ( 'NONE',  ( 0.01745240643764815053, 0.9998476951563849413, 2.137303368128424738E-18 ) ) ;
#6208 = SURFACE_SIDE_STYLE ('',( #9251 ) ) ;
#6209 = LINE ( 'NONE', #9614, #745 ) ;
#6210 = FILL_AREA_STYLE ('',( #10851 ) ) ;
#6211 = ADVANCED_FACE ( 'NONE', ( #9674 ), #2784, .F. ) ;
#6212 = CARTESIAN_POINT ( 'NONE',  ( -47.50000000000000000, -1.199999999999999956, -11.81042951915571848 ) ) ;
#6213 = STYLED_ITEM ( 'NONE', ( #5895 ), #3240 ) ;
#6214 = CARTESIAN_POINT ( 'NONE',  ( 51.57763318989049850, 2.922366810109499724, -15.00000000000000000 ) ) ;
#6215 = MECHANICAL_DESIGN_GEOMETRIC_PRESENTATION_REPRESENTATION (  '', ( #2168 ), #1033 ) ;
#6216 = CARTESIAN_POINT ( 'NONE',  ( 47.50000000000000000, -1.699999999952705121, 10.00000000000000000 ) ) ;
#6217 = DIRECTION ( 'NONE',  ( 0.0000000000000000000, -1.000000000000000000, 0.0000000000000000000 ) ) ;
#6218 = DIRECTION ( 'NONE',  ( 0.0000000000000000000, 0.0000000000000000000, 1.000000000000000000 ) ) ;
#6219 = VERTEX_POINT ( 'NONE', #11336 ) ;
#6220 = DIRECTION ( 'NONE',  ( 3.850681413985720073E-17, 0.01745240643728355329, 0.9998476951563912696 ) ) ;
#6221 = EDGE_CURVE ( 'NONE', #3219, #8539, #9806, .T. ) ;
#6222 = FILL_AREA_STYLE ('',( #5249 ) ) ;
#6223 = CARTESIAN_POINT ( 'NONE',  ( -24.85040973524100139, 1.200000000001047784, -4.691892155827740218 ) ) ;
#6224 = LINE ( 'NONE', #4971, #8748 ) ;
#6225 = ADVANCED_FACE ( 'NONE', ( #3525 ), #3646, .T. ) ;
#6226 = EDGE_CURVE ( 'NONE', #110, #8553, #7629, .T. ) ;
#6227 =( NAMED_UNIT ( * ) SI_UNIT ( $, .STERADIAN. ) SOLID_ANGLE_UNIT ( ) );
#6228 = CIRCLE ( 'NONE', #8604, 4.146446609420309848 ) ;
#6229 = STYLED_ITEM ( 'NONE', ( #9350 ), #4450 ) ;
#6230 = CONICAL_SURFACE ( 'NONE', #12158, 1.800000000003205258, 0.01745329252056498567 ) ;
#6231 = ORIENTED_EDGE ( 'NONE', *, *, #10143, .F. ) ;
#6232 =( NAMED_UNIT ( * ) SI_UNIT ( $, .STERADIAN. ) SOLID_ANGLE_UNIT ( ) );
#6233 = UNCERTAINTY_MEASURE_WITH_UNIT (LENGTH_MEASURE( 1.000000000000000082E-05 ), #3403, 'distance_accuracy_value', 'NONE');
#6234 = CARTESIAN_POINT ( 'NONE',  ( -50.68079942857859521, -0.09999999998215104713, -6.700000000000000178 ) ) ;
#6235 = AXIS2_PLACEMENT_3D ( 'NONE', #11959, #3390, #4392 ) ;
#6236 = STYLED_ITEM ( 'NONE', ( #9132 ), #7964 ) ;
#6237 = ORIENTED_EDGE ( 'NONE', *, *, #145, .T. ) ;
#6238 = ORIENTED_EDGE ( 'NONE', *, *, #3508, .F. ) ;
#6239 = FACE_OUTER_BOUND ( 'NONE', #6019, .T. ) ;
#6240 = DIRECTION ( 'NONE',  ( 0.0000000000000000000, 0.0000000000000000000, 1.000000000000000000 ) ) ;
#6241 = EDGE_LOOP ( 'NONE', ( #7363, #1720, #732, #5206, #3542, #11264 ) ) ;
#6242 = SURFACE_SIDE_STYLE ('',( #7452 ) ) ;
#6243 = DIRECTION ( 'NONE',  ( 0.0000000000000000000, -0.01745240643728355329, -0.9998476951563912696 ) ) ;
#6244 = VERTEX_POINT ( 'NONE', #12278 ) ;
#6245 = DIRECTION ( 'NONE',  ( 0.0000000000000000000, 0.0000000000000000000, 1.000000000000000000 ) ) ;
#6246 = SURFACE_STYLE_USAGE ( .BOTH. , #448 ) ;
#6247 = LINE ( 'NONE', #9626, #9801 ) ;
#6248 =( NAMED_UNIT ( * ) SI_UNIT ( $, .STERADIAN. ) SOLID_ANGLE_UNIT ( ) );
#6249 = ORIENTED_EDGE ( 'NONE', *, *, #5611, .T. ) ;
#6250 = COLOUR_RGB ( '',0.7529411764705882248, 0.7529411764705882248, 0.7529411764705882248 ) ;
#6251 =( NAMED_UNIT ( * ) PLANE_ANGLE_UNIT ( ) SI_UNIT ( $, .RADIAN. ) );
#6252 = CARTESIAN_POINT ( 'NONE',  ( -52.20000000000000284, -0.1000000000000000056, -11.41006226146289926 ) ) ;
#6253 = PRESENTATION_STYLE_ASSIGNMENT (( #5125 ) ) ;
#6254 = CARTESIAN_POINT ( 'NONE',  ( -51.49999999998340172, -2.700000000002375167, -13.99999999999763922 ) ) ;
#6255 = MECHANICAL_DESIGN_GEOMETRIC_PRESENTATION_REPRESENTATION (  '', ( #4556 ), #5358 ) ;
#6256 = TOROIDAL_SURFACE ( 'NONE', #4229, 0.2545558999690679669, 0.4000000000000000222 ) ;
#6257 = AXIS2_PLACEMENT_3D ( 'NONE', #1080, #2878, #10598 ) ;
#6258 = VERTEX_POINT ( 'NONE', #7473 ) ;
#6259 = ORIENTED_EDGE ( 'NONE', *, *, #6128, .T. ) ;
#6260 = DIRECTION ( 'NONE',  ( 0.0000000000000000000, -8.905946416845214430E-16, 1.000000000000000000 ) ) ;
#6261 = CARTESIAN_POINT ( 'NONE',  ( -26.50000000000000000, 1.800000000000000044, 5.500000000000000000 ) ) ;
#6262 = COLOUR_RGB ( '',0.7529411764705882248, 0.7529411764705882248, 0.7529411764705882248 ) ;
#6263 = CARTESIAN_POINT ( 'NONE',  ( 50.32642092012299884, 1.800000000000000044, -13.79999999999999893 ) ) ;
#6264 = FILL_AREA_STYLE ('',( #1428 ) ) ;
#6265 = CARTESIAN_POINT ( 'NONE',  ( -52.50000000000000000, 2.299999999999999822, -13.79999999999999893 ) ) ;
#6266 = CARTESIAN_POINT ( 'NONE',  ( -52.50000000000000000, 3.000000000000000000, 13.79999999999999893 ) ) ;
#6267 = VECTOR ( 'NONE', #8685, 1000.000000000000000 ) ;
#6268 = PRESENTATION_STYLE_ASSIGNMENT (( #4422 ) ) ;
#6269 = FILL_AREA_STYLE_COLOUR ( '', #3976 ) ;
#6270 = FACE_OUTER_BOUND ( 'NONE', #212, .T. ) ;
#6271 = EDGE_CURVE ( 'NONE', #6927, #8150, #10100, .T. ) ;
#6272 = VERTEX_POINT ( 'NONE', #7393 ) ;
#6273 = MECHANICAL_DESIGN_GEOMETRIC_PRESENTATION_REPRESENTATION (  '', ( #7674 ), #9463 ) ;
#6274 = ORIENTED_EDGE ( 'NONE', *, *, #9410, .F. ) ;
#6275 = AXIS2_PLACEMENT_3D ( 'NONE', #482, #7236, #11954 ) ;
#6276 = CARTESIAN_POINT ( 'NONE',  ( 51.45848332398526281, 3.041516676014725640, -15.06520094161397694 ) ) ;
#6277 = COLOUR_RGB ( '',0.7529411764705882248, 0.7529411764705882248, 0.7529411764705882248 ) ;
#6278 = STYLED_ITEM ( 'NONE', ( #11665 ), #10323 ) ;
#6279 = SURFACE_STYLE_FILL_AREA ( #587 ) ;
#6280 = DIRECTION ( 'NONE',  ( -0.5492864297670917439, 0.0000000000000000000, 0.8356341412805736724 ) ) ;
#6281 = VECTOR ( 'NONE', #2599, 1000.000000000000000 ) ;
#6282 = UNCERTAINTY_MEASURE_WITH_UNIT (LENGTH_MEASURE( 1.000000000000000082E-05 ), #3119, 'distance_accuracy_value', 'NONE');
#6283 = LINE ( 'NONE', #7055, #4323 ) ;
#6284 = FILL_AREA_STYLE ('',( #10999 ) ) ;
#6285 = CONICAL_SURFACE ( 'NONE', #11189, 0.6912724675343728808, 0.01745329252031053643 ) ;
#6286 = UNCERTAINTY_MEASURE_WITH_UNIT (LENGTH_MEASURE( 1.000000000000000082E-05 ), #6434, 'distance_accuracy_value', 'NONE');
#6287 = CARTESIAN_POINT ( 'NONE',  ( -26.63526229355930397, 0.3644506508621482843, -7.068744322812602121 ) ) ;
#6289 = ADVANCED_FACE ( 'NONE', ( #6694 ), #4507, .T. ) ;
#6288 = CARTESIAN_POINT ( 'NONE',  ( -26.07791559612243404, 0.1888061213994515486, -7.025593165776698790 ) ) ;
#6290 =( GEOMETRIC_REPRESENTATION_CONTEXT ( 3 ) GLOBAL_UNCERTAINTY_ASSIGNED_CONTEXT ( ( #2887 ) ) GLOBAL_UNIT_ASSIGNED_CONTEXT ( ( #7134, #343, #8011 ) ) REPRESENTATION_CONTEXT ( 'NONE', 'WORKASPACE' ) );
#6291 = CIRCLE ( 'NONE', #3041, 3.792893218813479628 ) ;
#6292 = SURFACE_SIDE_STYLE ('',( #12331 ) ) ;
#6293 =( LENGTH_UNIT ( ) NAMED_UNIT ( * ) SI_UNIT ( .MILLI., .METRE. ) );
#6295 = DIRECTION ( 'NONE',  ( 0.0000000000000000000, -1.000000000000000000, 0.0000000000000000000 ) ) ;
#6294 = VECTOR ( 'NONE', #4660, 1000.000000000000000 ) ;
#6296 =( GEOMETRIC_REPRESENTATION_CONTEXT ( 3 ) GLOBAL_UNCERTAINTY_ASSIGNED_CONTEXT ( ( #4957 ) ) GLOBAL_UNIT_ASSIGNED_CONTEXT ( ( #2240, #6036, #10767 ) ) REPRESENTATION_CONTEXT ( 'NONE', 'WORKASPACE' ) );
#6297 = FILL_AREA_STYLE ('',( #4314 ) ) ;
#6298 = ORIENTED_EDGE ( 'NONE', *, *, #4454, .F. ) ;
#6299 = DIRECTION ( 'NONE',  ( -1.000000000000000000, 0.0000000000000000000, 8.176491994568280144E-32 ) ) ;
#6300 = EDGE_CURVE ( 'NONE', #3008, #3899, #10707, .T. ) ;
#6301 = VECTOR ( 'NONE', #9554, 1000.000000000000000 ) ;
#6302 = EDGE_CURVE ( 'NONE', #11346, #5590, #2176, .T. ) ;
#6303 = DIRECTION ( 'NONE',  ( 0.0000000000000000000, 0.0000000000000000000, -1.000000000000000000 ) ) ;
#6304 = CARTESIAN_POINT ( 'NONE',  ( 23.50000000000000000, 2.000000000000000000, 4.100000000000000533 ) ) ;
#6306 = VERTEX_POINT ( 'NONE', #6614 ) ;
#6305 = SURFACE_SIDE_STYLE ('',( #4961 ) ) ;
#6307 =( LENGTH_UNIT ( ) NAMED_UNIT ( * ) SI_UNIT ( .MILLI., .METRE. ) );
#6308 = VERTEX_POINT ( 'NONE', #5497 ) ;
#6309 = PRESENTATION_STYLE_ASSIGNMENT (( #8397 ) ) ;
#6310 = CARTESIAN_POINT ( 'NONE',  ( -25.85872753246410127, 1.800000000000000044, -7.441272467535809731 ) ) ;
#6311 = AXIS2_PLACEMENT_3D ( 'NONE', #7477, #5501, #8348 ) ;
#6312 = VERTEX_POINT ( 'NONE', #1707 ) ;
#6313 = SURFACE_SIDE_STYLE ('',( #9628 ) ) ;
#6314 = ORIENTED_EDGE ( 'NONE', *, *, #3336, .T. ) ;
#6315 = SURFACE_STYLE_FILL_AREA ( #8561 ) ;
#6316 = DIRECTION ( 'NONE',  ( 0.0000000000000000000, 1.000000000000000000, 0.0000000000000000000 ) ) ;
#6317 = CARTESIAN_POINT ( 'NONE',  ( -25.80872753246135076, 1.800000000002909939, 5.500000000000079048 ) ) ;
#6318 = FACE_OUTER_BOUND ( 'NONE', #4576, .T. ) ;
#6319 = MECHANICAL_DESIGN_GEOMETRIC_PRESENTATION_REPRESENTATION (  '', ( #10289 ), #6067 ) ;
#6320 = DIRECTION ( 'NONE',  ( 1.000000000000000000, 0.0000000000000000000, 0.0000000000000000000 ) ) ;
#6321 = ORIENTED_EDGE ( 'NONE', *, *, #9170, .T. ) ;
#6322 = VERTEX_POINT ( 'NONE', #3607 ) ;
#6323 = VERTEX_POINT ( 'NONE', #11288 ) ;
#6324 = DIRECTION ( 'NONE',  ( 8.071595432837549397E-19, 1.000000000000000000, 0.0000000000000000000 ) ) ;
#6325 = SURFACE_STYLE_FILL_AREA ( #11305 ) ;
#6326 = ORIENTED_EDGE ( 'NONE', *, *, #11699, .F. ) ;
#6327 = ORIENTED_EDGE ( 'NONE', *, *, #596, .T. ) ;
#6328 = CARTESIAN_POINT ( 'NONE',  ( 47.50000000000000000, -1.499999999964530151, 10.00000000000000000 ) ) ;
#6329 =( GEOMETRIC_REPRESENTATION_CONTEXT ( 3 ) GLOBAL_UNCERTAINTY_ASSIGNED_CONTEXT ( ( #3919 ) ) GLOBAL_UNIT_ASSIGNED_CONTEXT ( ( #3275, #10905, #10821 ) ) REPRESENTATION_CONTEXT ( 'NONE', 'WORKASPACE' ) );
#6330 = ORIENTED_EDGE ( 'NONE', *, *, #6374, .F. ) ;
#6331 = DIRECTION ( 'NONE',  ( -0.0000000000000000000, 1.000000000000000000, 0.0000000000000000000 ) ) ;
#6332 = COLOUR_RGB ( '',0.7529411764705882248, 0.7529411764705882248, 0.7529411764705882248 ) ;
#6333 = CARTESIAN_POINT ( 'NONE',  ( -26.97682191516093297, -0.3572157447370161165, -7.020494748445138100 ) ) ;
#6334 = FILL_AREA_STYLE_COLOUR ( '', #11291 ) ;
#6335 = VERTEX_POINT ( 'NONE', #2771 ) ;
#6336 = PRESENTATION_LAYER_ASSIGNMENT (  '', '', ( #8476 ) ) ;
#6337 =( NAMED_UNIT ( * ) PLANE_ANGLE_UNIT ( ) SI_UNIT ( $, .RADIAN. ) );
#6338 = CARTESIAN_POINT ( 'NONE',  ( -68.60321982055950230, -1.200000000000000178, 13.19999999999999929 ) ) ;
#6339 = CARTESIAN_POINT ( 'NONE',  ( 50.30330404108730136, 3.500000000000000000, -15.00000000000000000 ) ) ;
#6340 = LINE ( 'NONE', #8145, #3467 ) ;
#6341 = CARTESIAN_POINT ( 'NONE',  ( -47.50000000000000000, -1.199999999999999956, 14.69999999999999929 ) ) ;
#6342 =( NAMED_UNIT ( * ) SI_UNIT ( $, .STERADIAN. ) SOLID_ANGLE_UNIT ( ) );
#6343 = DIRECTION ( 'NONE',  ( -1.000000000000000000, 3.136830188958566835E-16, 0.0000000000000000000 ) ) ;
#6344 = LINE ( 'NONE', #714, #1339 ) ;
#6345 = VERTEX_POINT ( 'NONE', #11164 ) ;
#6346 = ORIENTED_EDGE ( 'NONE', *, *, #1918, .F. ) ;
#6347 = FACE_OUTER_BOUND ( 'NONE', #4693, .T. ) ;
#6348 = DIRECTION ( 'NONE',  ( 0.0000000000000000000, 0.0000000000000000000, 1.000000000000000000 ) ) ;
#6349 = EDGE_CURVE ( 'NONE', #6986, #6679, #8182, .T. ) ;
#6350 = FILL_AREA_STYLE_COLOUR ( '', #1683 ) ;
#6351 = PLANE ( 'NONE',  #9292 ) ;
#6352 = AXIS2_PLACEMENT_3D ( 'NONE', #7544, #5524, #9462 ) ;
#6353 = CARTESIAN_POINT ( 'NONE',  ( 21.82145896683729802, -1.200000000016030022, 4.849999999999820233 ) ) ;
#6354 = ADVANCED_FACE ( 'NONE', ( #10249 ), #7713, .T. ) ;
#6355 = CARTESIAN_POINT ( 'NONE',  ( 37.63824873692700379, 2.299999999999999822, -4.649999999999919531 ) ) ;
#6356 = MECHANICAL_DESIGN_GEOMETRIC_PRESENTATION_REPRESENTATION (  '', ( #9926 ), #11892 ) ;
#6357 = LINE ( 'NONE', #4204, #10363 ) ;
#6358 = ADVANCED_FACE ( 'NONE', ( #1856 ), #8386, .T. ) ;
#6359 = CARTESIAN_POINT ( 'NONE',  ( -26.50000000000000000, -0.6999999999999999556, 5.500000000000079048 ) ) ;
#6360 = ORIENTED_EDGE ( 'NONE', *, *, #7095, .T. ) ;
#6361 = SURFACE_STYLE_FILL_AREA ( #2720 ) ;
#6362 =( NAMED_UNIT ( * ) SI_UNIT ( $, .STERADIAN. ) SOLID_ANGLE_UNIT ( ) );
#6363 = EDGE_CURVE ( 'NONE', #2842, #445, #7878, .T. ) ;
#6364 = CARTESIAN_POINT ( 'NONE',  ( 50.32642092012299884, 1.800000000000000044, -13.79999999999999893 ) ) ;
#6365 = PRESENTATION_LAYER_ASSIGNMENT (  '', '', ( #2736 ) ) ;
#6366 = CIRCLE ( 'NONE', #2270, 1.000000000000000000 ) ;
#6367 = ORIENTED_EDGE ( 'NONE', *, *, #3424, .T. ) ;
#6368 =( GEOMETRIC_REPRESENTATION_CONTEXT ( 3 ) GLOBAL_UNCERTAINTY_ASSIGNED_CONTEXT ( ( #6809 ) ) GLOBAL_UNIT_ASSIGNED_CONTEXT ( ( #11516, #6827, #37 ) ) REPRESENTATION_CONTEXT ( 'NONE', 'WORKASPACE' ) );
#6369 = CIRCLE ( 'NONE', #8574, 0.6544949780322544264 ) ;
#6370 = DIRECTION ( 'NONE',  ( 0.0000000000000000000, 1.000000000000000000, 0.0000000000000000000 ) ) ;
#6371 =( LENGTH_UNIT ( ) NAMED_UNIT ( * ) SI_UNIT ( .MILLI., .METRE. ) );
#6372 = CARTESIAN_POINT ( 'NONE',  ( -26.92190328744834815, 0.1891861291245641175, -7.025647215607883744 ) ) ;
#6373 = CARTESIAN_POINT ( 'NONE',  ( 21.29555410402375060, 2.299999999999999822, -10.22192813318828009 ) ) ;
#6374 = EDGE_CURVE ( 'NONE', #12032, #12397, #2314, .T. ) ;
#6375 = DIRECTION ( 'NONE',  ( 0.0000000000000000000, 1.000000000000000000, 0.0000000000000000000 ) ) ;
#6376 = EDGE_CURVE ( 'NONE', #11792, #62, #11578, .T. ) ;
#6377 = PLANE ( 'NONE',  #4062 ) ;
#6378 = VERTEX_POINT ( 'NONE', #10419 ) ;
#6379 = CARTESIAN_POINT ( 'NONE',  ( -32.23495939512579866, 3.000000000000059952, 8.080378074459948934 ) ) ;
#6380 = MECHANICAL_DESIGN_GEOMETRIC_PRESENTATION_REPRESENTATION (  '', ( #9787 ), #7654 ) ;
#6381 = COLOUR_RGB ( '',0.7529411764705882248, 0.7529411764705882248, 0.7529411764705882248 ) ;
#6382 = ORIENTED_EDGE ( 'NONE', *, *, #6376, .F. ) ;
#6383 = FACE_BOUND ( 'NONE', #1501, .T. ) ;
#6384 = CARTESIAN_POINT ( 'NONE',  ( 38.64831986084934812, 3.000000000000000000, 2.277309705889754898 ) ) ;
#6385 = DIRECTION ( 'NONE',  ( 1.000000000000000000, 0.0000000000000000000, 0.0000000000000000000 ) ) ;
#6386 = PRESENTATION_LAYER_ASSIGNMENT (  '', '', ( #8995 ) ) ;
#6387 = UNCERTAINTY_MEASURE_WITH_UNIT (LENGTH_MEASURE( 1.000000000000000082E-05 ), #2774, 'distance_accuracy_value', 'NONE');
#6388 = EDGE_CURVE ( 'NONE', #8130, #11057, #10395, .T. ) ;
#6389 = DIRECTION ( 'NONE',  ( 9.637352644314821666E-16, -1.000000000000000000, 6.023345402706629233E-17 ) ) ;
#6390 = DIRECTION ( 'NONE',  ( -1.000000000000000000, 0.0000000000000000000, 5.551115123125780730E-16 ) ) ;
#6391 = ORIENTED_EDGE ( 'NONE', *, *, #2590, .T. ) ;
#6392 = CARTESIAN_POINT ( 'NONE',  ( -51.59169951996599934, 2.908300480034034852, -14.99258615852258103 ) ) ;
#6393 = EDGE_CURVE ( 'NONE', #11434, #6323, #6552, .T. ) ;
#6394 = ORIENTED_EDGE ( 'NONE', *, *, #8317, .T. ) ;
#6395 = CARTESIAN_POINT ( 'NONE',  ( 23.50000000000000000, 1.800000000000000044, -5.299999999999999822 ) ) ;
#6396 = DIRECTION ( 'NONE',  ( 0.0000000000000000000, 0.0000000000000000000, 1.000000000000000000 ) ) ;
#6397 = EDGE_LOOP ( 'NONE', ( #9371, #4746, #776, #10988 ) ) ;
#6398 = LINE ( 'NONE', #6733, #5937 ) ;
#6399 = STYLED_ITEM ( 'NONE', ( #933 ), #4326 ) ;
#6400 = FACE_OUTER_BOUND ( 'NONE', #1046, .T. ) ;
#6401 = CARTESIAN_POINT ( 'NONE',  ( 24.10810784417230224, 1.200000000001093747, 3.850409735237014797 ) ) ;
#6402 = ORIENTED_EDGE ( 'NONE', *, *, #8985, .F. ) ;
#6403 = DIRECTION ( 'NONE',  ( -0.7071067811865450192, 0.7071067811865500152, 0.0000000000000000000 ) ) ;
#6404 = EDGE_LOOP ( 'NONE', ( #2863, #3954, #9135, #105 ) ) ;
#6405 = MECHANICAL_DESIGN_GEOMETRIC_PRESENTATION_REPRESENTATION (  '', ( #9181 ), #157 ) ;
#6406 = AXIS2_PLACEMENT_3D ( 'NONE', #6062, #2303, #9966 ) ;
#6407 = SURFACE_STYLE_FILL_AREA ( #8433 ) ;
#6408 = COLOUR_RGB ( '',0.7529411764705882248, 0.7529411764705882248, 0.7529411764705882248 ) ;
#6409 = CIRCLE ( 'NONE', #1561, 1.400000000000000133 ) ;
#6411 = ADVANCED_FACE ( 'NONE', ( #6239 ), #12354, .T. ) ;
#6410 = SURFACE_STYLE_USAGE ( .BOTH. , #2530 ) ;
#6412 = TOROIDAL_SURFACE ( 'NONE', #11673, 1.199999999999999956, 0.2000000000000000111 ) ;
#6413 = DIRECTION ( 'NONE',  ( -4.625929269271489858E-16, 0.0000000000000000000, -1.000000000000000000 ) ) ;
#6415 = ADVANCED_FACE ( 'NONE', ( #7133 ), #12396, .T. ) ;
#6414 = CARTESIAN_POINT ( 'NONE',  ( 22.00599009474927570, 2.157350229145935661, -11.07379679596105326 ) ) ;
#6416 = LINE ( 'NONE', #1807, #58 ) ;
#6417 = DIRECTION ( 'NONE',  ( 2.296378281501217650E-35, 2.835517678788855243E-16, 1.000000000000000000 ) ) ;
#6418 = ORIENTED_EDGE ( 'NONE', *, *, #9530, .T. ) ;
#6419 = DIRECTION ( 'NONE',  ( -0.9998476951563912696, -0.01745240643728355329, 0.0000000000000000000 ) ) ;
#6420 = FILL_AREA_STYLE_COLOUR ( '', #5194 ) ;
#6421 = ORIENTED_EDGE ( 'NONE', *, *, #8614, .T. ) ;
#6422 = EDGE_CURVE ( 'NONE', #6150, #5505, #10234, .T. ) ;
#6423 = DIRECTION ( 'NONE',  ( 0.0000000000000000000, -1.000000000000000000, 0.0000000000000000000 ) ) ;
#6424 =( NAMED_UNIT ( * ) PLANE_ANGLE_UNIT ( ) SI_UNIT ( $, .RADIAN. ) );
#6425 = PRESENTATION_STYLE_ASSIGNMENT (( #5264 ) ) ;
#6426 = VECTOR ( 'NONE', #4477, 1000.000000000000000 ) ;
#6427 = DIRECTION ( 'NONE',  ( 2.282301193303305157E-15, 1.000000000000000000, 1.596041831864000008E-14 ) ) ;
#6428 = AXIS2_PLACEMENT_3D ( 'NONE', #7384, #12133, #7418 ) ;
#6429 =( GEOMETRIC_REPRESENTATION_CONTEXT ( 3 ) GLOBAL_UNCERTAINTY_ASSIGNED_CONTEXT ( ( #1573 ) ) GLOBAL_UNIT_ASSIGNED_CONTEXT ( ( #5432, #3584, #10227 ) ) REPRESENTATION_CONTEXT ( 'NONE', 'WORKASPACE' ) );
#6430 = CARTESIAN_POINT ( 'NONE',  ( -51.29999999999999716, -0.1000000000000000472, -8.599999999999999645 ) ) ;
#6431 = CARTESIAN_POINT ( 'NONE',  ( 39.16664523548219989, 3.000000000000000000, 2.119084454155955477 ) ) ;
#6432 = CARTESIAN_POINT ( 'NONE',  ( -26.50000000000000000, 1.199999999999999956, -5.299999999999999822 ) ) ;
#6433 = ORIENTED_EDGE ( 'NONE', *, *, #7468, .T. ) ;
#6434 =( LENGTH_UNIT ( ) NAMED_UNIT ( * ) SI_UNIT ( .MILLI., .METRE. ) );
#6435 = VECTOR ( 'NONE', #2463, 1000.000000000000000 ) ;
#6436 = FILL_AREA_STYLE ('',( #11239 ) ) ;
#6437 = CARTESIAN_POINT ( 'NONE',  ( -47.65810784417229939, 1.199999999999999956, 6.108107844172280032 ) ) ;
#6438 = CIRCLE ( 'NONE', #1051, 4.883974596227639076 ) ;
#6439 = EDGE_CURVE ( 'NONE', #9052, #7508, #5166, .T. ) ;
#6440 = UNCERTAINTY_MEASURE_WITH_UNIT (LENGTH_MEASURE( 1.000000000000000082E-05 ), #4992, 'distance_accuracy_value', 'NONE');
#6441 = MECHANICAL_DESIGN_GEOMETRIC_PRESENTATION_REPRESENTATION (  '', ( #3201 ), #3370 ) ;
#6442 = CARTESIAN_POINT ( 'NONE',  ( -47.50000000000000000, -1.700000000066394845, 10.00000000000000000 ) ) ;
#6443 = STYLED_ITEM ( 'NONE', ( #8162 ), #9212 ) ;
#6444 = DIRECTION ( 'NONE',  ( -0.0000000000000000000, 0.7071067811865475727, 0.7071067811865475727 ) ) ;
#6445 = VERTEX_POINT ( 'NONE', #5914 ) ;
#6446 = MECHANICAL_DESIGN_GEOMETRIC_PRESENTATION_REPRESENTATION (  '', ( #10009 ), #5542 ) ;
#6447 = FILL_AREA_STYLE_COLOUR ( '', #8916 ) ;
#6448 = LINE ( 'NONE', #3156, #3874 ) ;
#6449 = UNCERTAINTY_MEASURE_WITH_UNIT (LENGTH_MEASURE( 1.000000000000000082E-05 ), #11837, 'distance_accuracy_value', 'NONE');
#6450 = SURFACE_STYLE_USAGE ( .BOTH. , #12110 ) ;
#6451 = VECTOR ( 'NONE', #4366, 1000.000000000000000 ) ;
#6452 = ORIENTED_EDGE ( 'NONE', *, *, #8122, .F. ) ;
#6453 = EDGE_CURVE ( 'NONE', #2495, #4343, #4273, .T. ) ;
#6454 = CYLINDRICAL_SURFACE ( 'NONE', #8997, 3.799999999999999378 ) ;
#6455 = FILL_AREA_STYLE ('',( #9269 ) ) ;
#6456 =( LENGTH_UNIT ( ) NAMED_UNIT ( * ) SI_UNIT ( .MILLI., .METRE. ) );
#6457 = CARTESIAN_POINT ( 'NONE',  ( 21.75992139116799606, 2.245200909328690209, -10.67981604509237670 ) ) ;
#6458 = LINE ( 'NONE', #10462, #7939 ) ;
#6459 = AXIS2_PLACEMENT_3D ( 'NONE', #5834, #3987, #8093 ) ;
#6460 = FACE_OUTER_BOUND ( 'NONE', #4673, .T. ) ;
#6461 = PRESENTATION_LAYER_ASSIGNMENT (  '', '', ( #5482 ) ) ;
#6462 =( LENGTH_UNIT ( ) NAMED_UNIT ( * ) SI_UNIT ( .MILLI., .METRE. ) );
#6463 = DIRECTION ( 'NONE',  ( -6.166869547171879167E-17, 1.000000000000000000, 7.788833147334200613E-33 ) ) ;
#6464 = ORIENTED_EDGE ( 'NONE', *, *, #4514, .F. ) ;
#6465 = ORIENTED_EDGE ( 'NONE', *, *, #6271, .T. ) ;
#6467 = ORIENTED_EDGE ( 'NONE', *, *, #540, .T. ) ;
#6466 = VECTOR ( 'NONE', #5510, 1000.000000000000000 ) ;
#6468 =( LENGTH_UNIT ( ) NAMED_UNIT ( * ) SI_UNIT ( .MILLI., .METRE. ) );
#6469 = EDGE_CURVE ( 'NONE', #2702, #6335, #11571, .T. ) ;
#6470 = ORIENTED_EDGE ( 'NONE', *, *, #11696, .F. ) ;
#6471 = UNCERTAINTY_MEASURE_WITH_UNIT (LENGTH_MEASURE( 1.000000000000000082E-05 ), #11683, 'distance_accuracy_value', 'NONE');
#6472 = EDGE_CURVE ( 'NONE', #4214, #8975, #4872, .T. ) ;
#6473 = ORIENTED_EDGE ( 'NONE', *, *, #11182, .T. ) ;
#6474 = DIRECTION ( 'NONE',  ( 0.0000000000000000000, 0.0000000000000000000, 1.000000000000000000 ) ) ;
#6475 = CARTESIAN_POINT ( 'NONE',  ( -52.20000000000000284, -0.1000000000000000056, -10.27332005306813834 ) ) ;
#6476 = DIRECTION ( 'NONE',  ( 1.000000000000000000, 2.129595449599169385E-16, 0.0000000000000000000 ) ) ;
#6477 =( GEOMETRIC_REPRESENTATION_CONTEXT ( 3 ) GLOBAL_UNCERTAINTY_ASSIGNED_CONTEXT ( ( #11066 ) ) GLOBAL_UNIT_ASSIGNED_CONTEXT ( ( #4317, #528, #11960 ) ) REPRESENTATION_CONTEXT ( 'NONE', 'WORKASPACE' ) );
#6478 = ORIENTED_EDGE ( 'NONE', *, *, #4759, .T. ) ;
#6479 = DIRECTION ( 'NONE',  ( 1.000000000000000000, 9.637352644314817722E-16, 0.0000000000000000000 ) ) ;
#6480 = SURFACE_SIDE_STYLE ('',( #6569 ) ) ;
#6481 =( NAMED_UNIT ( * ) PLANE_ANGLE_UNIT ( ) SI_UNIT ( $, .RADIAN. ) );
#6482 = VERTEX_POINT ( 'NONE', #6889 ) ;
#6483 = CARTESIAN_POINT ( 'NONE',  ( -52.20000000000000284, -1.199999999999999956, 10.00000000000000000 ) ) ;
#6484 = ADVANCED_FACE ( 'NONE', ( #331 ), #3964, .F. ) ;
#6485 = EDGE_LOOP ( 'NONE', ( #2958, #2402, #11653, #2851 ) ) ;
#6486 = ORIENTED_EDGE ( 'NONE', *, *, #9757, .F. ) ;
#6487 = CARTESIAN_POINT ( 'NONE',  ( -27.15000000000000213, 2.299999999999999822, 4.850000000000079581 ) ) ;
#6488 = DIRECTION ( 'NONE',  ( 1.000000000000000000, 0.0000000000000000000, 0.0000000000000000000 ) ) ;
#6489 = ORIENTED_EDGE ( 'NONE', *, *, #8015, .F. ) ;
#6490 = MECHANICAL_DESIGN_GEOMETRIC_PRESENTATION_REPRESENTATION (  '', ( #6066 ), #8626 ) ;
#6491 = STYLED_ITEM ( 'NONE', ( #11245 ), #7141 ) ;
#6492 = LINE ( 'NONE', #2088, #3917 ) ;
#6493 = DIRECTION ( 'NONE',  ( 0.0000000000000000000, -1.000000000000000000, 0.0000000000000000000 ) ) ;
#6494 = EDGE_LOOP ( 'NONE', ( #11090, #4179, #10333, #4821 ) ) ;
#6495 = COLOUR_RGB ( '',0.7529411764705882248, 0.7529411764705882248, 0.7529411764705882248 ) ;
#6496 = ORIENTED_EDGE ( 'NONE', *, *, #9989, .F. ) ;
#6497 = PRESENTATION_STYLE_ASSIGNMENT (( #11836 ) ) ;
#6498 = CARTESIAN_POINT ( 'NONE',  ( 47.50000000000000000, -1.200000000021375079, 10.00000000000000000 ) ) ;
#6499 = DIRECTION ( 'NONE',  ( -1.000000000000000000, 0.0000000000000000000, 0.0000000000000000000 ) ) ;
#6500 = DIRECTION ( 'NONE',  ( -1.000000000000000000, 0.0000000000000000000, 0.0000000000000000000 ) ) ;
#6501 = PRESENTATION_LAYER_ASSIGNMENT (  '', '', ( #3913 ) ) ;
#6502 = LINE ( 'NONE', #457, #8573 ) ;
#6503 = EDGE_LOOP ( 'NONE', ( #1955, #3900, #397, #470 ) ) ;
#6504 = DIRECTION ( 'NONE',  ( 1.000000000000000000, 6.190234600095517171E-17, 0.0000000000000000000 ) ) ;
#6505 =( NAMED_UNIT ( * ) PLANE_ANGLE_UNIT ( ) SI_UNIT ( $, .RADIAN. ) );
#6506 = LINE ( 'NONE', #8869, #10049 ) ;
#6507 = PRESENTATION_STYLE_ASSIGNMENT (( #10764 ) ) ;
#6508 = DIRECTION ( 'NONE',  ( 2.498001805406602216E-13, 1.000000000000000000, 0.0000000000000000000 ) ) ;
#6509 = FILL_AREA_STYLE ('',( #11310 ) ) ;
#6510 = ORIENTED_EDGE ( 'NONE', *, *, #3552, .F. ) ;
#6511 = EDGE_CURVE ( 'NONE', #8782, #10696, #2304, .T. ) ;
#6512 = DIRECTION ( 'NONE',  ( -3.480162382932539673E-46, 4.012354050806734646E-31, -1.000000000000000000 ) ) ;
#6513 = CARTESIAN_POINT ( 'NONE',  ( -32.23495939512579866, 3.500000000000000000, 12.08037807446022072 ) ) ;
#6514 = CARTESIAN_POINT ( 'NONE',  ( -47.50000000000000000, -1.200000000000000178, 12.20000000000000107 ) ) ;
#6515 = PRESENTATION_LAYER_ASSIGNMENT (  '', '', ( #5855 ) ) ;
#6516 =( NAMED_UNIT ( * ) SI_UNIT ( $, .STERADIAN. ) SOLID_ANGLE_UNIT ( ) );
#6517 =( NAMED_UNIT ( * ) PLANE_ANGLE_UNIT ( ) SI_UNIT ( $, .RADIAN. ) );
#6518 = CARTESIAN_POINT ( 'NONE',  ( 21.85040973523700103, 1.200000000001050893, 4.891892155827740396 ) ) ;
#6519 = MECHANICAL_DESIGN_GEOMETRIC_PRESENTATION_REPRESENTATION (  '', ( #10725 ), #10328 ) ;
#6520 = SURFACE_STYLE_USAGE ( .BOTH. , #709 ) ;
#6521 = CARTESIAN_POINT ( 'NONE',  ( -67.08039585117978731, -1.500000000000000000, -5.599632742307179889 ) ) ;
#6522 = SURFACE_SIDE_STYLE ('',( #11824 ) ) ;
#6523 = CARTESIAN_POINT ( 'NONE',  ( 49.73491012985650173, 0.7999999999769220604, 10.00000000000000000 ) ) ;
#6524 = SURFACE_STYLE_FILL_AREA ( #9118 ) ;
#6525 = ORIENTED_EDGE ( 'NONE', *, *, #6059, .T. ) ;
#6526 = COLOUR_RGB ( '',0.7529411764705882248, 0.7529411764705882248, 0.7529411764705882248 ) ;
#6527 = CARTESIAN_POINT ( 'NONE',  ( -28.15932519075380114, 0.4000010255224391575, -5.922071878214290486 ) ) ;
#6528 = CARTESIAN_POINT ( 'NONE',  ( -26.36461776857089134, -0.6177383950619674824, -7.085925542330221205 ) ) ;
#6529 = LINE ( 'NONE', #188, #3958 ) ;
#6530 = AXIS2_PLACEMENT_3D ( 'NONE', #7531, #9450, #12286 ) ;
#6531 = PRESENTATION_LAYER_ASSIGNMENT (  '', '', ( #678 ) ) ;
#6532 = CARTESIAN_POINT ( 'NONE',  ( -26.50000000000000000, 1.800000000000000044, -4.100000000000000533 ) ) ;
#6533 = AXIS2_PLACEMENT_3D ( 'NONE', #5984, #4140, #6157 ) ;
#6534 = PRESENTATION_STYLE_ASSIGNMENT (( #9828 ) ) ;
#6535 =( LENGTH_UNIT ( ) NAMED_UNIT ( * ) SI_UNIT ( .MILLI., .METRE. ) );
#6536 = VERTEX_POINT ( 'NONE', #2128 ) ;
#6537 = DIRECTION ( 'NONE',  ( 1.000000000000000000, 0.0000000000000000000, 0.0000000000000000000 ) ) ;
#6538 =( NAMED_UNIT ( * ) SI_UNIT ( $, .STERADIAN. ) SOLID_ANGLE_UNIT ( ) );
#6540 = ADVANCED_FACE ( 'NONE', ( #10679 ), #6230, .T. ) ;
#6539 = PLANE ( 'NONE',  #10247 ) ;
#6541 = EDGE_CURVE ( 'NONE', #11718, #7636, #11274, .T. ) ;
#6542 = CARTESIAN_POINT ( 'NONE',  ( 51.64644660940769683, 2.853553390592320049, -14.44102006380100001 ) ) ;
#6543 = FACE_OUTER_BOUND ( 'NONE', #7735, .T. ) ;
#6544 = MECHANICAL_DESIGN_GEOMETRIC_PRESENTATION_REPRESENTATION (  '', ( #4688 ), #61 ) ;
#6545 = DIRECTION ( 'NONE',  ( -3.650937058192329925E-16, 6.372734339958289343E-18, 1.000000000000000000 ) ) ;
#6546 = ORIENTED_EDGE ( 'NONE', *, *, #8894, .F. ) ;
#6547 = FILL_AREA_STYLE_COLOUR ( '', #7467 ) ;
#6548 = CIRCLE ( 'NONE', #1238, 0.4000000000000010214 ) ;
#6549 = UNCERTAINTY_MEASURE_WITH_UNIT (LENGTH_MEASURE( 1.000000000000000082E-05 ), #1548, 'distance_accuracy_value', 'NONE');
#6550 = UNCERTAINTY_MEASURE_WITH_UNIT (LENGTH_MEASURE( 1.000000000000000082E-05 ), #7151, 'distance_accuracy_value', 'NONE');
#6551 = AXIS2_PLACEMENT_3D ( 'NONE', #328, #2414, #1335 ) ;
#6552 = LINE ( 'NONE', #4761, #3663 ) ;
#6553 = ORIENTED_EDGE ( 'NONE', *, *, #2342, .T. ) ;
#6554 =( NAMED_UNIT ( * ) SI_UNIT ( $, .STERADIAN. ) SOLID_ANGLE_UNIT ( ) );
#6555 = ORIENTED_EDGE ( 'NONE', *, *, #10594, .T. ) ;
#6556 =( NAMED_UNIT ( * ) PLANE_ANGLE_UNIT ( ) SI_UNIT ( $, .RADIAN. ) );
#6557 =( NAMED_UNIT ( * ) PLANE_ANGLE_UNIT ( ) SI_UNIT ( $, .RADIAN. ) );
#6558 = EDGE_CURVE ( 'NONE', #7610, #7422, #5917, .T. ) ;
#6559 =( LENGTH_UNIT ( ) NAMED_UNIT ( * ) SI_UNIT ( .MILLI., .METRE. ) );
#6560 = FILL_AREA_STYLE ('',( #12134 ) ) ;
#6561 = DIRECTION ( 'NONE',  ( -4.346951598611974852E-16, 0.3420201433256649381, -0.9396926207859097602 ) ) ;
#6562 = FACE_OUTER_BOUND ( 'NONE', #6709, .T. ) ;
#6563 = ORIENTED_EDGE ( 'NONE', *, *, #1313, .T. ) ;
#6564 =( NAMED_UNIT ( * ) PLANE_ANGLE_UNIT ( ) SI_UNIT ( $, .RADIAN. ) );
#6565 = EDGE_LOOP ( 'NONE', ( #6623, #5119, #774, #1870 ) ) ;
#6566 = CYLINDRICAL_SURFACE ( 'NONE', #3480, 5.000000000000000000 ) ;
#6567 = PRESENTATION_LAYER_ASSIGNMENT (  '', '', ( #10605 ) ) ;
#6568 = SURFACE_STYLE_FILL_AREA ( #9735 ) ;
#6569 = SURFACE_STYLE_FILL_AREA ( #2638 ) ;
#6570 = DIRECTION ( 'NONE',  ( 0.9006591666653288586, -0.4345262540994679346, 0.0000000000000000000 ) ) ;
#6571 = CARTESIAN_POINT ( 'NONE',  ( -25.98275809879539722, -0.2627948868403031102, -7.007253218611651846 ) ) ;
#6572 = DIRECTION ( 'NONE',  ( 0.0000000000000000000, 0.0000000000000000000, 1.000000000000000000 ) ) ;
#6573 = MECHANICAL_DESIGN_GEOMETRIC_PRESENTATION_REPRESENTATION (  '', ( #7607 ), #9976 ) ;
#6574 = LINE ( 'NONE', #1569, #3099 ) ;
#6575 = MECHANICAL_DESIGN_GEOMETRIC_PRESENTATION_REPRESENTATION (  '', ( #9978 ), #10616 ) ;
#6576 = ORIENTED_EDGE ( 'NONE', *, *, #8729, .T. ) ;
#6577 = EDGE_LOOP ( 'NONE', ( #6099, #11137, #5740, #3102 ) ) ;
#6578 = LINE ( 'NONE', #2029, #4167 ) ;
#6579 = FACE_OUTER_BOUND ( 'NONE', #4287, .T. ) ;
#6580 = DIRECTION ( 'NONE',  ( 0.0000000000000000000, -1.000000000000000000, 0.0000000000000000000 ) ) ;
#6581 = CARTESIAN_POINT ( 'NONE',  ( 50.65147186257620149, 2.151471862576145089, -13.79999999999999893 ) ) ;
#6582 = SURFACE_STYLE_FILL_AREA ( #5580 ) ;
#6583 = DIRECTION ( 'NONE',  ( 2.282301193303305157E-15, 1.000000000000000000, 1.596041831864000008E-14 ) ) ;
#6584 = CARTESIAN_POINT ( 'NONE',  ( 49.70000000000000284, -1.200000000000000178, 21.39567676978595046 ) ) ;
#6585 = VECTOR ( 'NONE', #9809, 1000.000000000000000 ) ;
#6586 = EDGE_CURVE ( 'NONE', #6171, #2135, #3651, .T. ) ;
#6587 =( LENGTH_UNIT ( ) NAMED_UNIT ( * ) SI_UNIT ( .MILLI., .METRE. ) );
#6588 = AXIS2_PLACEMENT_3D ( 'NONE', #541, #8255, #9294 ) ;
#6589 = LINE ( 'NONE', #6138, #8064 ) ;
#6590 = VECTOR ( 'NONE', #7050, 1000.000000000000000 ) ;
#6591 = PRESENTATION_LAYER_ASSIGNMENT (  '', '', ( #8494 ) ) ;
#6592 = CARTESIAN_POINT ( 'NONE',  ( -1.380722235729803904, 2.299999999999999822, 4.850000000000079581 ) ) ;
#6593 = FILL_AREA_STYLE ('',( #882 ) ) ;
#6594 = CARTESIAN_POINT ( 'NONE',  ( -26.50000000000000000, 1.199999999999999956, 5.500000000000000000 ) ) ;
#6595 = COLOUR_RGB ( '',0.7529411764705882248, 0.7529411764705882248, 0.7529411764705882248 ) ;
#6596 = CYLINDRICAL_SURFACE ( 'NONE', #10267, 0.8000000000000003775 ) ;
#6597 = ORIENTED_EDGE ( 'NONE', *, *, #3212, .T. ) ;
#6598 = PLANE ( 'NONE',  #5736 ) ;
#6599 = ADVANCED_FACE ( 'NONE', ( #10974 ), #10526, .T. ) ;
#6600 = B_SPLINE_CURVE_WITH_KNOTS ( 'NONE', 3,
 ( #6592, #4739, #2716, #6666 ),
 .UNSPECIFIED., .F., .F.,
 ( 4, 4 ),
 ( 0.0000000000000000000, 1.000000000000000000 ),
 .UNSPECIFIED. ) ;
#6601 =( NAMED_UNIT ( * ) PLANE_ANGLE_UNIT ( ) SI_UNIT ( $, .RADIAN. ) );
#6602 = ADVANCED_FACE ( 'NONE', ( #11417 ), #2604, .F. ) ;
#6603 = DIRECTION ( 'NONE',  ( 0.0000000000000000000, 0.0000000000000000000, 1.000000000000000000 ) ) ;
#6604 = CARTESIAN_POINT ( 'NONE',  ( -68.60321982055950230, -1.200000000000000178, -4.649999999999999467 ) ) ;
#6605 = EDGE_CURVE ( 'NONE', #10399, #1880, #4408, .T. ) ;
#6606 = AXIS2_PLACEMENT_3D ( 'NONE', #1806, #815, #8608 ) ;
#6607 = FILL_AREA_STYLE ('',( #12227 ) ) ;
#6608 = VECTOR ( 'NONE', #15, 1000.000000000000227 ) ;
#6609 = PRESENTATION_LAYER_ASSIGNMENT (  '', '', ( #8510 ) ) ;
#6610 = CARTESIAN_POINT ( 'NONE',  ( 51.36115286815989833, 3.066987298107794579, -15.00000000000000000 ) ) ;
#6611 = ORIENTED_EDGE ( 'NONE', *, *, #11669, .T. ) ;
#6612 = ORIENTED_EDGE ( 'NONE', *, *, #10253, .F. ) ;
#6613 = AXIS2_PLACEMENT_3D ( 'NONE', #3984, #1748, #12306 ) ;
#6614 = CARTESIAN_POINT ( 'NONE',  ( 51.59999999998619558, -1.499999999998030020, -14.09999999999802078 ) ) ;
#6615 = DIRECTION ( 'NONE',  ( 0.0000000000000000000, 1.000000000000000000, 0.0000000000000000000 ) ) ;
#6616 = ORIENTED_EDGE ( 'NONE', *, *, #4091, .T. ) ;
#6617 = ORIENTED_EDGE ( 'NONE', *, *, #353, .T. ) ;
#6618 =( LENGTH_UNIT ( ) NAMED_UNIT ( * ) SI_UNIT ( .MILLI., .METRE. ) );
#6619 = EDGE_CURVE ( 'NONE', #5759, #4663, #9345, .T. ) ;
#6620 =( NAMED_UNIT ( * ) PLANE_ANGLE_UNIT ( ) SI_UNIT ( $, .RADIAN. ) );
#6621 = VECTOR ( 'NONE', #1178, 1000.000000000000000 ) ;
#6622 = ORIENTED_EDGE ( 'NONE', *, *, #7321, .F. ) ;
#6623 = ORIENTED_EDGE ( 'NONE', *, *, #7496, .T. ) ;
#6625 = ORIENTED_EDGE ( 'NONE', *, *, #10831, .F. ) ;
#6624 = LINE ( 'NONE', #8032, #257 ) ;
#6626 = SURFACE_SIDE_STYLE ('',( #8818 ) ) ;
#6627 = STYLED_ITEM ( 'NONE', ( #1571 ), #3440 ) ;
#6628 = ORIENTED_EDGE ( 'NONE', *, *, #4776, .F. ) ;
#6629 = ORIENTED_EDGE ( 'NONE', *, *, #2629, .F. ) ;
#6630 = UNCERTAINTY_MEASURE_WITH_UNIT (LENGTH_MEASURE( 1.000000000000000082E-05 ), #1222, 'distance_accuracy_value', 'NONE');
#6631 = DIRECTION ( 'NONE',  ( 3.124675860615055007E-16, -5.454142002666999701E-18, 1.000000000000000000 ) ) ;
#6632 = ORIENTED_EDGE ( 'NONE', *, *, #9005, .T. ) ;
#6633 = DIRECTION ( 'NONE',  ( -0.9006591666653288586, 0.4345262540994679346, 0.0000000000000000000 ) ) ;
#6634 = EDGE_CURVE ( 'NONE', #11792, #7249, #318, .T. ) ;
#6635 = EDGE_LOOP ( 'NONE', ( #9597, #5263, #8196, #2440 ) ) ;
#6636 = EDGE_CURVE ( 'NONE', #7249, #7074, #7259, .T. ) ;
#6637 = LINE ( 'NONE', #5391, #11955 ) ;
#6638 = SURFACE_STYLE_FILL_AREA ( #6284 ) ;
#6639 = CARTESIAN_POINT ( 'NONE',  ( 37.47766205419974739, 2.299999999986934718, 1.026846014696910059 ) ) ;
#6640 = CARTESIAN_POINT ( 'NONE',  ( 499054.5000401140423, -499000.0000000000000, 9.999999999858639299 ) ) ;
#6641 =( NAMED_UNIT ( * ) SI_UNIT ( $, .STERADIAN. ) SOLID_ANGLE_UNIT ( ) );
#6642 = LINE ( 'NONE', #3601, #5881 ) ;
#6643 = DIRECTION ( 'NONE',  ( 9.250304320744869352E-16, -1.000000000000000000, 6.023345402706629233E-17 ) ) ;
#6644 = ORIENTED_EDGE ( 'NONE', *, *, #7666, .F. ) ;
#6645 = COLOUR_RGB ( '',0.7529411764705882248, 0.7529411764705882248, 0.7529411764705882248 ) ;
#6646 = ORIENTED_EDGE ( 'NONE', *, *, #1813, .F. ) ;
#6647 = SURFACE_STYLE_USAGE ( .BOTH. , #6522 ) ;
#6648 = PRESENTATION_LAYER_ASSIGNMENT (  '', '', ( #11707 ) ) ;
#6649 = CARTESIAN_POINT ( 'NONE',  ( 52.20000000000000284, -1.199999999999999956, -14.69999999999999929 ) ) ;
#6650 = SURFACE_STYLE_USAGE ( .BOTH. , #11534 ) ;
#6651 = FILL_AREA_STYLE ('',( #898 ) ) ;
#6652 = DIRECTION ( 'NONE',  ( 0.01744974916068024393, 0.9996954598818875715, -0.01744974916068024393 ) ) ;
#6653 = FILL_AREA_STYLE_COLOUR ( '', #1983 ) ;
#6654 = VERTEX_POINT ( 'NONE', #4241 ) ;
#6655 = CARTESIAN_POINT ( 'NONE',  ( 24.16334032389524822, 1.084202172485503941E-16, -14.77173093898297829 ) ) ;
#6656 = LINE ( 'NONE', #8581, #1822 ) ;
#6657 = EDGE_CURVE ( 'NONE', #6790, #4212, #11115, .T. ) ;
#6658 = DIRECTION ( 'NONE',  ( 0.5492864297670906337, 0.0000000000000000000, -0.8356341412805743385 ) ) ;
#6659 = ADVANCED_FACE ( 'NONE', ( #3501 ), #4562, .T. ) ;
#6660 = MECHANICAL_DESIGN_GEOMETRIC_PRESENTATION_REPRESENTATION (  '', ( #3269 ), #6897 ) ;
#6661 = CARTESIAN_POINT ( 'NONE',  ( 24.47491003359395023, -0.1835217776364197750, -13.61347985745610600 ) ) ;
#6662 =( LENGTH_UNIT ( ) NAMED_UNIT ( * ) SI_UNIT ( .MILLI., .METRE. ) );
#6663 = DIRECTION ( 'NONE',  ( 0.0000000000000000000, -0.01745240643728355329, 0.9998476951563912696 ) ) ;
#6664 = ORIENTED_EDGE ( 'NONE', *, *, #8317, .F. ) ;
#6665 = CARTESIAN_POINT ( 'NONE',  ( 21.85040973523910068, 1.200000000001091971, -5.908107844172270084 ) ) ;
#6666 = CARTESIAN_POINT ( 'NONE',  ( 3.975863991602934799, 1.800000000000039790, 4.858727532464159893 ) ) ;
#6667 = VECTOR ( 'NONE', #11834, 1000.000000000000227 ) ;
#6668 = EDGE_CURVE ( 'NONE', #10720, #9430, #5153, .T. ) ;
#6669 = PLANE ( 'NONE',  #1579 ) ;
#6670 = CARTESIAN_POINT ( 'NONE',  ( 51.29999999999999716, 3.000000000000000000, -13.79999999999999893 ) ) ;
#6671 = CARTESIAN_POINT ( 'NONE',  ( -27.28928266671620761, -0.3357063560642983280, -13.71253234184270298 ) ) ;
#6672 = STYLED_ITEM ( 'NONE', ( #10608 ), #5328 ) ;
#6673 = AXIS2_PLACEMENT_3D ( 'NONE', #11603, #211, #6050 ) ;
#6674 =( NAMED_UNIT ( * ) SI_UNIT ( $, .STERADIAN. ) SOLID_ANGLE_UNIT ( ) );
#6675 = SURFACE_STYLE_FILL_AREA ( #1602 ) ;
#6676 = ORIENTED_EDGE ( 'NONE', *, *, #1554, .T. ) ;
#6677 = B_SPLINE_CURVE_WITH_KNOTS ( 'NONE', 3,
 ( #8564, #6770, #5755, #975 ),
 .UNSPECIFIED., .F., .F.,
 ( 4, 4 ),
 ( 0.0000000000000000000, 1.000000000000000000 ),
 .UNSPECIFIED. ) ;
#6678 = FILL_AREA_STYLE_COLOUR ( '', #11039 ) ;
#6679 = VERTEX_POINT ( 'NONE', #3272 ) ;
#6680 = EDGE_CURVE ( 'NONE', #8263, #12237, #4861, .T. ) ;
#6681 =( NAMED_UNIT ( * ) PLANE_ANGLE_UNIT ( ) SI_UNIT ( $, .RADIAN. ) );
#6682 = COLOUR_RGB ( '',0.7529411764705882248, 0.7529411764705882248, 0.7529411764705882248 ) ;
#6683 = ORIENTED_EDGE ( 'NONE', *, *, #3947, .F. ) ;
#6684 = CARTESIAN_POINT ( 'NONE',  ( -25.85000000000000142, 2.299999999999999822, -2.782205948333395185 ) ) ;
#6685 = STYLED_ITEM ( 'NONE', ( #4557 ), #2811 ) ;
#6686 = CARTESIAN_POINT ( 'NONE',  ( -25.85000000000000142, 2.299999999999999822, -4.649999999999919531 ) ) ;
#6687 = EDGE_LOOP ( 'NONE', ( #7088, #577, #5658, #2098, #5280 ) ) ;
#6688 = DIRECTION ( 'NONE',  ( -1.000000000000000000, 0.0000000000000000000, 0.0000000000000000000 ) ) ;
#6689 = AXIS2_PLACEMENT_3D ( 'NONE', #224, #5845, #3335 ) ;
#6690 = ORIENTED_EDGE ( 'NONE', *, *, #10745, .F. ) ;
#6691 = CYLINDRICAL_SURFACE ( 'NONE', #2070, 5.000000000000000888 ) ;
#6692 = CARTESIAN_POINT ( 'NONE',  ( -31.85363251547149943, 3.500000000000000000, 12.08037807446023848 ) ) ;
#6693 = EDGE_CURVE ( 'NONE', #3814, #715, #10962, .T. ) ;
#6694 = FACE_OUTER_BOUND ( 'NONE', #8129, .T. ) ;
#6695 = ORIENTED_EDGE ( 'NONE', *, *, #6302, .F. ) ;
#6696 = CARTESIAN_POINT ( 'NONE',  ( 24.95644658791122694, -0.3838801982203698948, -13.73489424233654610 ) ) ;
#6697 = EDGE_CURVE ( 'NONE', #6077, #9052, #11561, .T. ) ;
#6698 =( LENGTH_UNIT ( ) NAMED_UNIT ( * ) SI_UNIT ( .MILLI., .METRE. ) );
#6699 = VERTEX_POINT ( 'NONE', #4484 ) ;
#6700 = PLANE ( 'NONE',  #10119 ) ;
#6701 = DIRECTION ( 'NONE',  ( 0.0000000000000000000, 1.000000000000000000, 0.0000000000000000000 ) ) ;
#6702 =( GEOMETRIC_REPRESENTATION_CONTEXT ( 3 ) GLOBAL_UNCERTAINTY_ASSIGNED_CONTEXT ( ( #9019 ) ) GLOBAL_UNIT_ASSIGNED_CONTEXT ( ( #6162, #7914, #1131 ) ) REPRESENTATION_CONTEXT ( 'NONE', 'WORKASPACE' ) );
#6703 = SURFACE_SIDE_STYLE ('',( #3783 ) ) ;
#6704 = LINE ( 'NONE', #6965, #3682 ) ;
#6705 = FILL_AREA_STYLE_COLOUR ( '', #2515 ) ;
#6707 = ORIENTED_EDGE ( 'NONE', *, *, #1019, .T. ) ;
#6706 =( NAMED_UNIT ( * ) SI_UNIT ( $, .STERADIAN. ) SOLID_ANGLE_UNIT ( ) );
#6708 = CARTESIAN_POINT ( 'NONE',  ( 52.35355339059329793, 2.146446609406744699, -15.00000000000000000 ) ) ;
#6709 = EDGE_LOOP ( 'NONE', ( #4250, #8177, #4505, #1864 ) ) ;
#6710 = STYLED_ITEM ( 'NONE', ( #977 ), #1585 ) ;
#6711 = STYLED_ITEM ( 'NONE', ( #1967 ), #7154 ) ;
#6712 = FACE_OUTER_BOUND ( 'NONE', #11226, .T. ) ;
#6713 = CARTESIAN_POINT ( 'NONE',  ( -32.23495939512579866, 3.000000000000000000, 13.21435267067578145 ) ) ;
#6714 = DIRECTION ( 'NONE',  ( -0.0000000000000000000, 1.000000000000000000, 0.0000000000000000000 ) ) ;
#6715 = DIRECTION ( 'NONE',  ( 0.0000000000000000000, 0.0000000000000000000, -1.000000000000000000 ) ) ;
#6716 = ADVANCED_FACE ( 'NONE', ( #3953 ), #9248, .F. ) ;
#6717 = LINE ( 'NONE', #6521, #6281 ) ;
#6718 = ORIENTED_EDGE ( 'NONE', *, *, #10628, .T. ) ;
#6719 =( LENGTH_UNIT ( ) NAMED_UNIT ( * ) SI_UNIT ( .MILLI., .METRE. ) );
#6720 = CARTESIAN_POINT ( 'NONE',  ( 52.49999999997049116, -1.699999999964534991, 10.00000000000000000 ) ) ;
#6721 = LINE ( 'NONE', #7248, #10282 ) ;
#6722 = SURFACE_STYLE_USAGE ( .BOTH. , #7641 ) ;
#6723 = DIRECTION ( 'NONE',  ( 1.000000000000000000, 0.0000000000000000000, 0.0000000000000000000 ) ) ;
#6724 = DIRECTION ( 'NONE',  ( 0.0000000000000000000, -1.000000000000000000, 0.0000000000000000000 ) ) ;
#6725 = AXIS2_PLACEMENT_3D ( 'NONE', #2159, #3054, #4904 ) ;
#6726 = UNCERTAINTY_MEASURE_WITH_UNIT (LENGTH_MEASURE( 1.000000000000000082E-05 ), #10296, 'distance_accuracy_value', 'NONE');
#6727 = LINE ( 'NONE', #7542, #230 ) ;
#6728 = SURFACE_SIDE_STYLE ('',( #7451 ) ) ;
#6729 = VECTOR ( 'NONE', #8017, 1000.000000000000000 ) ;
#6730 = VERTEX_POINT ( 'NONE', #582 ) ;
#6731 = SURFACE_STYLE_USAGE ( .BOTH. , #12285 ) ;
#6732 = PRESENTATION_STYLE_ASSIGNMENT (( #970 ) ) ;
#6733 = CARTESIAN_POINT ( 'NONE',  ( 23.50000000000000000, 2.000000000000000000, -3.899999999999999911 ) ) ;
#6734 = FILL_AREA_STYLE ('',( #9493 ) ) ;
#6735 = VECTOR ( 'NONE', #10180, 1000.000000000000000 ) ;
#6736 = EDGE_CURVE ( 'NONE', #6986, #7565, #5604, .T. ) ;
#6737 = ORIENTED_EDGE ( 'NONE', *, *, #5851, .F. ) ;
#6738 = MECHANICAL_DESIGN_GEOMETRIC_PRESENTATION_REPRESENTATION (  '', ( #1736 ), #10721 ) ;
#6739 = VECTOR ( 'NONE', #1463, 1000.000000000000000 ) ;
#6740 = DIRECTION ( 'NONE',  ( -1.000000000000000000, 0.0000000000000000000, 4.625929269271489858E-16 ) ) ;
#6741 = PRESENTATION_LAYER_ASSIGNMENT (  '', '', ( #12217 ) ) ;
#6742 =( GEOMETRIC_REPRESENTATION_CONTEXT ( 3 ) GLOBAL_UNCERTAINTY_ASSIGNED_CONTEXT ( ( #2731 ) ) GLOBAL_UNIT_ASSIGNED_CONTEXT ( ( #11752, #3085, #151 ) ) REPRESENTATION_CONTEXT ( 'NONE', 'WORKASPACE' ) );
#6743 = ORIENTED_EDGE ( 'NONE', *, *, #455, .F. ) ;
#6744 = DIRECTION ( 'NONE',  ( 0.0000000000000000000, 2.820559922326662053E-16, -1.000000000000000000 ) ) ;
#6745 = CARTESIAN_POINT ( 'NONE',  ( -51.29999999999999716, -1.199999999999999956, -5.708823812587040081 ) ) ;
#6746 = DIRECTION ( 'NONE',  ( 0.0000000000000000000, 1.000000000000000000, 0.0000000000000000000 ) ) ;
#6747 = PLANE ( 'NONE',  #6977 ) ;
#6748 = ORIENTED_EDGE ( 'NONE', *, *, #6634, .T. ) ;
#6749 = ORIENTED_EDGE ( 'NONE', *, *, #12409, .T. ) ;
#6750 = SURFACE_SIDE_STYLE ('',( #11976 ) ) ;
#6751 = CARTESIAN_POINT ( 'NONE',  ( 37.63824873692700379, 3.000000000000000000, 2.351768647882134911 ) ) ;
#6752 = ORIENTED_EDGE ( 'NONE', *, *, #5686, .F. ) ;
#6753 = B_SPLINE_CURVE_WITH_KNOTS ( 'NONE', 3,
 ( #6373, #4518, #2533, #5384, #5462, #10214, #8274, #2615, #9272, #6457, #2578, #6414, #600 ),
 .UNSPECIFIED., .F., .F.,
 ( 4, 2, 2, 1, 2, 2, 4 ),
 ( 0.0000000000000000000, 0.2499999999999710787, 0.3749999999999606981, 0.4374999999999570899, 0.4687499999999568678, 0.4999999999999565903, 1.000000000000000000 ),
 .UNSPECIFIED. ) ;
#6754 = DIRECTION ( 'NONE',  ( -4.361998449531274838E-17, 1.000000000000000000, 0.0000000000000000000 ) ) ;
#6755 = ORIENTED_EDGE ( 'NONE', *, *, #10357, .T. ) ;
#6756 = FILL_AREA_STYLE_COLOUR ( '', #10295 ) ;
#6757 = STYLED_ITEM ( 'NONE', ( #9934 ), #2745 ) ;
#6758 = ORIENTED_EDGE ( 'NONE', *, *, #9842, .T. ) ;
#6759 = PRESENTATION_LAYER_ASSIGNMENT (  '', '', ( #517 ) ) ;
#6760 = CARTESIAN_POINT ( 'NONE',  ( 22.84999999999999787, 2.299999999999999822, -4.649999999999919531 ) ) ;
#6761 = AXIS2_PLACEMENT_3D ( 'NONE', #2115, #3048, #3933 ) ;
#6762 = DIRECTION ( 'NONE',  ( 1.000000000000000000, 0.0000000000000000000, 0.0000000000000000000 ) ) ;
#6763 = FILL_AREA_STYLE ('',( #4805 ) ) ;
#6764 = ORIENTED_EDGE ( 'NONE', *, *, #934, .F. ) ;
#6766 = EDGE_LOOP ( 'NONE', ( #60, #111, #5923, #1291 ) ) ;
#6765 = VECTOR ( 'NONE', #3126, 1000.000000000000000 ) ;
#6767 = PLANE ( 'NONE',  #7185 ) ;
#6768 = EDGE_CURVE ( 'NONE', #12197, #11792, #10071, .T. ) ;
#6769 = ORIENTED_EDGE ( 'NONE', *, *, #9226, .F. ) ;
#6770 = CARTESIAN_POINT ( 'NONE',  ( -51.64644660940680154, 2.853553390593280170, -14.63782517075199863 ) ) ;
#6771 = ORIENTED_EDGE ( 'NONE', *, *, #11760, .F. ) ;
#6772 = DIRECTION ( 'NONE',  ( 0.0000000000000000000, 0.0000000000000000000, -1.000000000000000000 ) ) ;
#6773 = EDGE_CURVE ( 'NONE', #3003, #11045, #10667, .T. ) ;
#6774 = ORIENTED_EDGE ( 'NONE', *, *, #10370, .F. ) ;
#6775 = CARTESIAN_POINT ( 'NONE',  ( -44.45810784417229655, 1.199999999999999956, -5.299999999999999822 ) ) ;
#6776 = ADVANCED_FACE ( 'NONE', ( #3355 ), #10144, .F. ) ;
#6777 = PRESENTATION_LAYER_ASSIGNMENT (  '', '', ( #8284 ) ) ;
#6778 = ORIENTED_EDGE ( 'NONE', *, *, #6300, .F. ) ;
#6779 = FACE_OUTER_BOUND ( 'NONE', #7655, .T. ) ;
#6780 = CARTESIAN_POINT ( 'NONE',  ( 24.95060515377846144, -0.3813345618078540777, -13.73379560837400959 ) ) ;
#6781 = FILL_AREA_STYLE_COLOUR ( '', #8858 ) ;
#6782 = ORIENTED_EDGE ( 'NONE', *, *, #3066, .F. ) ;
#6783 = FILL_AREA_STYLE ('',( #5898 ) ) ;
#6784 = COLOUR_RGB ( '',0.7529411764705882248, 0.7529411764705882248, 0.7529411764705882248 ) ;
#6785 = STYLED_ITEM ( 'NONE', ( #11702 ), #6659 ) ;
#6786 =( NAMED_UNIT ( * ) SI_UNIT ( $, .STERADIAN. ) SOLID_ANGLE_UNIT ( ) );
#6787 = EDGE_CURVE ( 'NONE', #8906, #813, #8597, .T. ) ;
#6788 = COLOUR_RGB ( '',0.7529411764705882248, 0.7529411764705882248, 0.7529411764705882248 ) ;
#6789 = DIRECTION ( 'NONE',  ( 0.01744974916066639389, 0.9996954598818876825, 0.01744974916068199600 ) ) ;
#6790 = VERTEX_POINT ( 'NONE', #11966 ) ;
#6791 = CARTESIAN_POINT ( 'NONE',  ( 47.50000000000000000, -2.700000000000000178, -14.00000000000000000 ) ) ;
#6792 = FILL_AREA_STYLE ('',( #5777 ) ) ;
#6793 = CARTESIAN_POINT ( 'NONE',  ( -26.81280737815507109, -0.1429717146670628769, -13.57649575815176668 ) ) ;
#6794 = FACE_OUTER_BOUND ( 'NONE', #10046, .T. ) ;
#6795 = MECHANICAL_DESIGN_GEOMETRIC_PRESENTATION_REPRESENTATION (  '', ( #3729 ), #11474 ) ;
#6796 = FILL_AREA_STYLE_COLOUR ( '', #66 ) ;
#6797 = DIRECTION ( 'NONE',  ( 0.0000000000000000000, -1.000000000000000000, 0.0000000000000000000 ) ) ;
#6798 = FILL_AREA_STYLE_COLOUR ( '', #3436 ) ;
#6799 =( GEOMETRIC_REPRESENTATION_CONTEXT ( 3 ) GLOBAL_UNCERTAINTY_ASSIGNED_CONTEXT ( ( #8984 ) ) GLOBAL_UNIT_ASSIGNED_CONTEXT ( ( #3180, #7083, #3265 ) ) REPRESENTATION_CONTEXT ( 'NONE', 'WORKASPACE' ) );
#6801 = ORIENTED_EDGE ( 'NONE', *, *, #7022, .F. ) ;
#6800 = AXIS2_PLACEMENT_3D ( 'NONE', #2516, #9176, #1617 ) ;
#6802 = CARTESIAN_POINT ( 'NONE',  ( 51.59999999997559428, -1.499999999980049958, 10.00000000000000000 ) ) ;
#6803 = LINE ( 'NONE', #1006, #1676 ) ;
#6804 = CARTESIAN_POINT ( 'NONE',  ( -32.14999999999999858, 2.299999999999999822, -2.782205948333395185 ) ) ;
#6805 = DIRECTION ( 'NONE',  ( 0.0000000000000000000, -1.000000000000000000, 0.0000000000000000000 ) ) ;
#6806 = DIRECTION ( 'NONE',  ( 5.216341918334359962E-16, 0.3420201433256644941, 0.9396926207859099822 ) ) ;
#6807 = SURFACE_STYLE_USAGE ( .BOTH. , #2984 ) ;
#6808 = CARTESIAN_POINT ( 'NONE',  ( 49.29005181909840161, 2.299999999999999822, -13.79999999999999893 ) ) ;
#6809 = UNCERTAINTY_MEASURE_WITH_UNIT (LENGTH_MEASURE( 1.000000000000000082E-05 ), #11516, 'distance_accuracy_value', 'NONE');
#6810 = CARTESIAN_POINT ( 'NONE',  ( 22.84999999999999787, -1.200000000010685186, 21.39567676978595046 ) ) ;
#6811 = EDGE_CURVE ( 'NONE', #9138, #6911, #10805, .T. ) ;
#6812 = ORIENTED_EDGE ( 'NONE', *, *, #5351, .T. ) ;
#6813 = LINE ( 'NONE', #4072, #11419 ) ;
#6814 =( GEOMETRIC_REPRESENTATION_CONTEXT ( 3 ) GLOBAL_UNCERTAINTY_ASSIGNED_CONTEXT ( ( #3831 ) ) GLOBAL_UNIT_ASSIGNED_CONTEXT ( ( #3985, #9784, #7763 ) ) REPRESENTATION_CONTEXT ( 'NONE', 'WORKASPACE' ) );
#6815 = SURFACE_SIDE_STYLE ('',( #3716 ) ) ;
#6816 = UNCERTAINTY_MEASURE_WITH_UNIT (LENGTH_MEASURE( 1.000000000000000082E-05 ), #1308, 'distance_accuracy_value', 'NONE');
#6817 = MECHANICAL_DESIGN_GEOMETRIC_PRESENTATION_REPRESENTATION (  '', ( #1648 ), #3657 ) ;
#6818 = SURFACE_STYLE_USAGE ( .BOTH. , #1975 ) ;
#6819 = DIRECTION ( 'NONE',  ( 1.000000000000000000, 0.0000000000000000000, 0.0000000000000000000 ) ) ;
#6820 = FILL_AREA_STYLE ('',( #12371 ) ) ;
#6821 = ORIENTED_EDGE ( 'NONE', *, *, #10192, .T. ) ;
#6822 = COLOUR_RGB ( '',0.7529411764705882248, 0.7529411764705882248, 0.7529411764705882248 ) ;
#6823 = CARTESIAN_POINT ( 'NONE',  ( -47.50000000000000000, -1.199999999973579756, 13.79999999999060023 ) ) ;
#6824 = VERTEX_POINT ( 'NONE', #1651 ) ;
#6825 = EDGE_CURVE ( 'NONE', #3457, #7497, #10210, .T. ) ;
#6826 = CARTESIAN_POINT ( 'NONE',  ( 25.91054625454404814, 3.000000000000000000, 2.646434205287565344 ) ) ;
#6827 =( NAMED_UNIT ( * ) PLANE_ANGLE_UNIT ( ) SI_UNIT ( $, .RADIAN. ) );
#6828 = CIRCLE ( 'NONE', #11701, 3.799999999999999378 ) ;
#6829 =( GEOMETRIC_REPRESENTATION_CONTEXT ( 3 ) GLOBAL_UNCERTAINTY_ASSIGNED_CONTEXT ( ( #912 ) ) GLOBAL_UNIT_ASSIGNED_CONTEXT ( ( #571, #3347, #7277 ) ) REPRESENTATION_CONTEXT ( 'NONE', 'WORKASPACE' ) );
#6830 = ORIENTED_EDGE ( 'NONE', *, *, #4995, .T. ) ;
#6831 = STYLED_ITEM ( 'NONE', ( #3517 ), #9152 ) ;
#6832 = DIRECTION ( 'NONE',  ( 0.0000000000000000000, 0.0000000000000000000, 1.000000000000000000 ) ) ;
#6833 = CARTESIAN_POINT ( 'NONE',  ( -51.54409859681937434, 2.954199513979582026, -15.00000003254545611 ) ) ;
#6834 = PRESENTATION_LAYER_ASSIGNMENT (  '', '', ( #2738 ) ) ;
#6835 = FILL_AREA_STYLE_COLOUR ( '', #2016 ) ;
#6836 = ADVANCED_FACE ( 'NONE', ( #4721 ), #2892, .T. ) ;
#6837 = ORIENTED_EDGE ( 'NONE', *, *, #8735, .T. ) ;
#6838 = CARTESIAN_POINT ( 'NONE',  ( 51.64644660938629528, 2.853553390565110259, 10.00000000000000000 ) ) ;
#6839 = EDGE_LOOP ( 'NONE', ( #1121, #8622, #5720, #8555 ) ) ;
#6840 = DIRECTION ( 'NONE',  ( 0.01744974916068024393, -0.9996954598818874604, -0.01744974916068199253 ) ) ;
#6841 = VECTOR ( 'NONE', #10181, 1000.000000000000000 ) ;
#6842 = EDGE_CURVE ( 'NONE', #1165, #3346, #8149, .T. ) ;
#6843 = LINE ( 'NONE', #7630, #1394 ) ;
#6844 =( NAMED_UNIT ( * ) PLANE_ANGLE_UNIT ( ) SI_UNIT ( $, .RADIAN. ) );
#6845 =( NAMED_UNIT ( * ) PLANE_ANGLE_UNIT ( ) SI_UNIT ( $, .RADIAN. ) );
#6846 = FILL_AREA_STYLE_COLOUR ( '', #3471 ) ;
#6847 = CARTESIAN_POINT ( 'NONE',  ( 52.20000000000000284, -1.500000000000000000, -14.69999999999999929 ) ) ;
#6848 = LINE ( 'NONE', #9877, #3391 ) ;
#6849 = DIRECTION ( 'NONE',  ( 0.0000000000000000000, 4.436784432624884605E-14, -1.000000000000000000 ) ) ;
#6850 = AXIS2_PLACEMENT_3D ( 'NONE', #8943, #6994, #5140 ) ;
#6851 = VECTOR ( 'NONE', #8439, 1000.000000000000000 ) ;
#6852 = DIRECTION ( 'NONE',  ( 0.0000000000000000000, 0.0000000000000000000, -1.000000000000000000 ) ) ;
#6853 = ORIENTED_EDGE ( 'NONE', *, *, #2976, .F. ) ;
#6854 = ORIENTED_EDGE ( 'NONE', *, *, #1219, .T. ) ;
#6855 = DIRECTION ( 'NONE',  ( 0.0000000000000000000, 0.0000000000000000000, -1.000000000000000000 ) ) ;
#6856 = AXIS2_PLACEMENT_3D ( 'NONE', #5597, #770, #7526 ) ;
#6857 = VECTOR ( 'NONE', #4898, 1000.000000000000000 ) ;
#6858 = DIRECTION ( 'NONE',  ( 0.0000000000000000000, -1.000000000000000000, 0.0000000000000000000 ) ) ;
#6859 = EDGE_CURVE ( 'NONE', #1405, #6322, #5000, .T. ) ;
#6860 = LINE ( 'NONE', #3820, #7897 ) ;
#6861 = SURFACE_SIDE_STYLE ('',( #25 ) ) ;
#6862 = DIRECTION ( 'NONE',  ( 0.0000000000000000000, -1.000000000000000000, 0.0000000000000000000 ) ) ;
#6863 = EDGE_CURVE ( 'NONE', #2999, #3460, #6366, .T. ) ;
#6864 = CARTESIAN_POINT ( 'NONE',  ( 50.60247803082539519, 3.433012701887439899, -15.00000000000000000 ) ) ;
#6865 = CYLINDRICAL_SURFACE ( 'NONE', #3130, 0.5000000000000004441 ) ;
#6866 =( NAMED_UNIT ( * ) SI_UNIT ( $, .STERADIAN. ) SOLID_ANGLE_UNIT ( ) );
#6867 = ORIENTED_EDGE ( 'NONE', *, *, #3508, .T. ) ;
#6868 = ORIENTED_EDGE ( 'NONE', *, *, #10885, .F. ) ;
#6869 = DIRECTION ( 'NONE',  ( 0.0000000000000000000, 0.0000000000000000000, -1.000000000000000000 ) ) ;
#6870 = ORIENTED_EDGE ( 'NONE', *, *, #4042, .T. ) ;
#6871 = AXIS2_PLACEMENT_3D ( 'NONE', #11397, #8697, #1854 ) ;
#6872 = LINE ( 'NONE', #9858, #971 ) ;
#6873 = PRESENTATION_STYLE_ASSIGNMENT (( #4321 ) ) ;
#6874 = PRESENTATION_STYLE_ASSIGNMENT (( #12220 ) ) ;
#6875 = CARTESIAN_POINT ( 'NONE',  ( -26.50000000000000000, -1.199999999850843935, 5.500000000000000000 ) ) ;
#6876 = CARTESIAN_POINT ( 'NONE',  ( -26.50000000000000000, 2.000000000000000000, -6.500000000000000000 ) ) ;
#6877 = CARTESIAN_POINT ( 'NONE',  ( -26.50000000000000000, 2.000000000000000000, -4.100000000000000533 ) ) ;
#6878 = DIRECTION ( 'NONE',  ( 0.0000000000000000000, -0.9998476951563912696, 0.01745240643728355329 ) ) ;
#6879 =( GEOMETRIC_REPRESENTATION_CONTEXT ( 3 ) GLOBAL_UNCERTAINTY_ASSIGNED_CONTEXT ( ( #11779 ) ) GLOBAL_UNIT_ASSIGNED_CONTEXT ( ( #3948, #1145, #6894 ) ) REPRESENTATION_CONTEXT ( 'NONE', 'WORKASPACE' ) );
#6880 = CARTESIAN_POINT ( 'NONE',  ( -30.79608995562925244, 3.000000000000000000, 13.00859782307830059 ) ) ;
#6881 = CARTESIAN_POINT ( 'NONE',  ( -50.70000000000000284, -1.200000000010690071, 10.00000000000000000 ) ) ;
#6882 = CARTESIAN_POINT ( 'NONE',  ( 37.63824873692700379, 2.299999999999999822, -10.22192813318828009 ) ) ;
#6883 =( NAMED_UNIT ( * ) SI_UNIT ( $, .STERADIAN. ) SOLID_ANGLE_UNIT ( ) );
#6884 = DIRECTION ( 'NONE',  ( 4.625929269271489858E-16, 0.0000000000000000000, 1.000000000000000000 ) ) ;
#6885 = COLOUR_RGB ( '',0.7529411764705882248, 0.7529411764705882248, 0.7529411764705882248 ) ;
#6886 = LINE ( 'NONE', #2033, #4341 ) ;
#6887 = FACE_OUTER_BOUND ( 'NONE', #10711, .T. ) ;
#6888 = DIRECTION ( 'NONE',  ( -1.000000000000000000, 0.0000000000000000000, 0.0000000000000000000 ) ) ;
#6889 = CARTESIAN_POINT ( 'NONE',  ( 51.00294372515229213, 1.800000000000000044, -13.79999999999999893 ) ) ;
#6890 = DIRECTION ( 'NONE',  ( 0.0000000000000000000, 1.000000000000000000, 0.0000000000000000000 ) ) ;
#6891 = CARTESIAN_POINT ( 'NONE',  ( -52.50000000000000000, -1.199999999999999956, 10.00000000000000000 ) ) ;
#6892 = DIRECTION ( 'NONE',  ( 0.0000000000000000000, 0.0000000000000000000, -1.000000000000000000 ) ) ;
#6893 = VECTOR ( 'NONE', #4915, 1000.000000000000000 ) ;
#6894 =( NAMED_UNIT ( * ) SI_UNIT ( $, .STERADIAN. ) SOLID_ANGLE_UNIT ( ) );
#6895 = SURFACE_STYLE_FILL_AREA ( #6436 ) ;
#6896 =( NAMED_UNIT ( * ) PLANE_ANGLE_UNIT ( ) SI_UNIT ( $, .RADIAN. ) );
#6897 =( GEOMETRIC_REPRESENTATION_CONTEXT ( 3 ) GLOBAL_UNCERTAINTY_ASSIGNED_CONTEXT ( ( #8743 ) ) GLOBAL_UNIT_ASSIGNED_CONTEXT ( ( #12162, #10219, #12036 ) ) REPRESENTATION_CONTEXT ( 'NONE', 'WORKASPACE' ) );
#6898 = AXIS2_PLACEMENT_3D ( 'NONE', #3045, #1047, #11591 ) ;
#6899 = CARTESIAN_POINT ( 'NONE',  ( -24.83102601314579871, -0.3999990008954849574, 6.136035930617990353 ) ) ;
#6900 = ORIENTED_EDGE ( 'NONE', *, *, #9827, .T. ) ;
#6901 = ORIENTED_EDGE ( 'NONE', *, *, #11122, .F. ) ;
#6902 = CARTESIAN_POINT ( 'NONE',  ( -26.50000000000000000, -0.6999999999999999556, -5.299999999999919886 ) ) ;
#6903 = ADVANCED_FACE ( 'NONE', ( #158 ), #12296, .T. ) ;
#6904 = ORIENTED_EDGE ( 'NONE', *, *, #11122, .T. ) ;
#6905 = DIRECTION ( 'NONE',  ( 0.0000000000000000000, 0.0000000000000000000, -1.000000000000000000 ) ) ;
#6906 = VERTEX_POINT ( 'NONE', #2804 ) ;
#6907 = EDGE_CURVE ( 'NONE', #4006, #3366, #9588, .T. ) ;
#6908 = AXIS2_PLACEMENT_3D ( 'NONE', #11841, #9859, #3182 ) ;
#6909 = FACE_OUTER_BOUND ( 'NONE', #9878, .T. ) ;
#6910 = MECHANICAL_DESIGN_GEOMETRIC_PRESENTATION_REPRESENTATION (  '', ( #6831 ), #3604 ) ;
#6911 = VERTEX_POINT ( 'NONE', #8547 ) ;
#6912 = EDGE_LOOP ( 'NONE', ( #1057, #4816, #10250, #5046 ) ) ;
#6913 = ORIENTED_EDGE ( 'NONE', *, *, #12288, .F. ) ;
#6914 = EDGE_LOOP ( 'NONE', ( #4729, #1469, #3970, #9482 ) ) ;
#6915 = CIRCLE ( 'NONE', #4719, 1.758107844169843448 ) ;
#6917 = ORIENTED_EDGE ( 'NONE', *, *, #12100, .F. ) ;
#6916 = CARTESIAN_POINT ( 'NONE',  ( -26.71596624627089867, -0.1084596574344163927, -13.53859077518779941 ) ) ;
#6918 =( LENGTH_UNIT ( ) NAMED_UNIT ( * ) SI_UNIT ( .MILLI., .METRE. ) );
#6919 = ORIENTED_EDGE ( 'NONE', *, *, #4255, .T. ) ;
#6920 = COLOUR_RGB ( '',0.7529411764705882248, 0.7529411764705882248, 0.7529411764705882248 ) ;
#6921 = CARTESIAN_POINT ( 'NONE',  ( 23.24544410003094796, -0.2999999999999999889, 5.500000000000079048 ) ) ;
#6922 =( LENGTH_UNIT ( ) NAMED_UNIT ( * ) SI_UNIT ( .MILLI., .METRE. ) );
#6923 = UNCERTAINTY_MEASURE_WITH_UNIT (LENGTH_MEASURE( 1.000000000000000082E-05 ), #11678, 'distance_accuracy_value', 'NONE');
#6924 = SURFACE_STYLE_USAGE ( .BOTH. , #2200 ) ;
#6925 = UNCERTAINTY_MEASURE_WITH_UNIT (LENGTH_MEASURE( 1.000000000000000082E-05 ), #6719, 'distance_accuracy_value', 'NONE');
#6926 = FILL_AREA_STYLE_COLOUR ( '', #3072 ) ;
#6927 = VERTEX_POINT ( 'NONE', #9505 ) ;
#6928 = CARTESIAN_POINT ( 'NONE',  ( -26.49979409913894912, 0.3761389023522334063, -7.072488381162420623 ) ) ;
#6929 = PRESENTATION_LAYER_ASSIGNMENT (  '', '', ( #6213 ) ) ;
#6930 = PRESENTATION_LAYER_ASSIGNMENT (  '', '', ( #1926 ) ) ;
#6931 = SURFACE_STYLE_USAGE ( .BOTH. , #2086 ) ;
#6932 = STYLED_ITEM ( 'NONE', ( #11942 ), #11498 ) ;
#6933 = DIRECTION ( 'NONE',  ( 0.0000000000000000000, 0.0000000000000000000, 1.000000000000000000 ) ) ;
#6934 = CARTESIAN_POINT ( 'NONE',  ( -51.29999999999999716, -0.1000000000000045436, -11.19999999999999929 ) ) ;
#6935 =( NAMED_UNIT ( * ) PLANE_ANGLE_UNIT ( ) SI_UNIT ( $, .RADIAN. ) );
#6936 = PLANE ( 'NONE',  #3972 ) ;
#6937 = EDGE_CURVE ( 'NONE', #8847, #3931, #5142, .T. ) ;
#6938 = EDGE_LOOP ( 'NONE', ( #9184, #9910, #9440, #11464 ) ) ;
#6939 = DIRECTION ( 'NONE',  ( 0.0000000000000000000, 0.0000000000000000000, -1.000000000000000000 ) ) ;
#6940 = EDGE_LOOP ( 'NONE', ( #9387, #3448, #8884, #8115 ) ) ;
#6941 = EDGE_CURVE ( 'NONE', #10184, #8150, #9174, .T. ) ;
#6942 = CARTESIAN_POINT ( 'NONE',  ( -24.85040973524100139, 1.200000000001091971, -5.908107844172260315 ) ) ;
#6943 = CIRCLE ( 'NONE', #6898, 0.5000000000000000000 ) ;
#6944 = DIRECTION ( 'NONE',  ( 1.000000000000000000, -7.753131609225469868E-19, 4.441766124107544846E-17 ) ) ;
#6945 = AXIS2_PLACEMENT_3D ( 'NONE', #11861, #4414, #10006 ) ;
#6946 = CARTESIAN_POINT ( 'NONE',  ( -28.17854103315945125, -1.200000000012825030, 6.150000000000000355 ) ) ;
#6947 = CARTESIAN_POINT ( 'NONE',  ( -52.50000000000000000, -0.1000000000000050293, -6.000000000000000000 ) ) ;
#6948 = ORIENTED_EDGE ( 'NONE', *, *, #7541, .F. ) ;
#6949 = CARTESIAN_POINT ( 'NONE',  ( -51.36956270029364902, 3.065035126936842769, -14.99999999999998224 ) ) ;
#6950 = STYLED_ITEM ( 'NONE', ( #8347 ), #1714 ) ;
#6951 = PRESENTATION_LAYER_ASSIGNMENT (  '', '', ( #631 ) ) ;
#6952 = PLANE ( 'NONE',  #2760 ) ;
#6953 = DIRECTION ( 'NONE',  ( 0.0000000000000000000, 0.0000000000000000000, 1.000000000000000000 ) ) ;
#6954 = FILL_AREA_STYLE ('',( #2150 ) ) ;
#6955 = FILL_AREA_STYLE_COLOUR ( '', #3836 ) ;
#6956 = PRESENTATION_LAYER_ASSIGNMENT (  '', '', ( #9973 ) ) ;
#6957 = DIRECTION ( 'NONE',  ( 1.000000000000000000, 0.0000000000000000000, 0.0000000000000000000 ) ) ;
#6958 = PRESENTATION_STYLE_ASSIGNMENT (( #5573 ) ) ;
#6959 = ORIENTED_EDGE ( 'NONE', *, *, #10671, .T. ) ;
#6960 = DIRECTION ( 'NONE',  ( -1.000000000000000000, 0.0000000000000000000, 0.0000000000000000000 ) ) ;
#6961 =( NAMED_UNIT ( * ) SI_UNIT ( $, .STERADIAN. ) SOLID_ANGLE_UNIT ( ) );
#6962 = ADVANCED_FACE ( 'NONE', ( #4094 ), #6598, .T. ) ;
#6963 = SURFACE_STYLE_USAGE ( .BOTH. , #8792 ) ;
#6964 = AXIS2_PLACEMENT_3D ( 'NONE', #1954, #6754, #4796 ) ;
#6965 = CARTESIAN_POINT ( 'NONE',  ( -25.85000000000000142, -1.200000000010685186, 21.39567676978599664 ) ) ;
#6966 =( NAMED_UNIT ( * ) SI_UNIT ( $, .STERADIAN. ) SOLID_ANGLE_UNIT ( ) );
#6967 = SURFACE_STYLE_USAGE ( .BOTH. , #5916 ) ;
#6968 = VECTOR ( 'NONE', #10031, 1000.000000000000114 ) ;
#6969 = ORIENTED_EDGE ( 'NONE', *, *, #4448, .F. ) ;
#6970 = SURFACE_STYLE_FILL_AREA ( #1425 ) ;
#6971 =( NAMED_UNIT ( * ) PLANE_ANGLE_UNIT ( ) SI_UNIT ( $, .RADIAN. ) );
#6972 = DIRECTION ( 'NONE',  ( 1.000000000000000000, 0.0000000000000000000, 0.0000000000000000000 ) ) ;
#6973 = CONICAL_SURFACE ( 'NONE', #8777, 4.678460968877860893, 1.047197551141512806 ) ;
#6974 = FILL_AREA_STYLE ('',( #10746 ) ) ;
#6975 = ORIENTED_EDGE ( 'NONE', *, *, #6439, .F. ) ;
#6976 = EDGE_CURVE ( 'NONE', #2644, #4199, #5296, .T. ) ;
#6977 = AXIS2_PLACEMENT_3D ( 'NONE', #4859, #38, #236 ) ;
#6978 = VERTEX_POINT ( 'NONE', #40 ) ;
#6979 = PRESENTATION_LAYER_ASSIGNMENT (  '', '', ( #2227 ) ) ;
#6980 = DIRECTION ( 'NONE',  ( -1.000000000000000000, 0.0000000000000000000, 0.0000000000000000000 ) ) ;
#6981 = FILL_AREA_STYLE ('',( #9886 ) ) ;
#6982 = ORIENTED_EDGE ( 'NONE', *, *, #2948, .F. ) ;
#6983 = FILL_AREA_STYLE_COLOUR ( '', #11627 ) ;
#6984 = ORIENTED_EDGE ( 'NONE', *, *, #7138, .T. ) ;
#6985 = ORIENTED_EDGE ( 'NONE', *, *, #363, .F. ) ;
#6986 = VERTEX_POINT ( 'NONE', #11323 ) ;
#6987 = EDGE_CURVE ( 'NONE', #8906, #4809, #1355, .T. ) ;
#6988 = DIRECTION ( 'NONE',  ( 1.000000000000000000, -1.141265444756084589E-16, 0.0000000000000000000 ) ) ;
#6989 =( LENGTH_UNIT ( ) NAMED_UNIT ( * ) SI_UNIT ( .MILLI., .METRE. ) );
#6990 = UNCERTAINTY_MEASURE_WITH_UNIT (LENGTH_MEASURE( 1.000000000000000082E-05 ), #8663, 'distance_accuracy_value', 'NONE');
#6991 =( GEOMETRIC_REPRESENTATION_CONTEXT ( 3 ) GLOBAL_UNCERTAINTY_ASSIGNED_CONTEXT ( ( #7191 ) ) GLOBAL_UNIT_ASSIGNED_CONTEXT ( ( #9762, #10716, #5005 ) ) REPRESENTATION_CONTEXT ( 'NONE', 'WORKASPACE' ) );
#6992 = UNCERTAINTY_MEASURE_WITH_UNIT (LENGTH_MEASURE( 1.000000000000000082E-05 ), #1139, 'distance_accuracy_value', 'NONE');
#6993 = ORIENTED_EDGE ( 'NONE', *, *, #12361, .F. ) ;
#6994 = DIRECTION ( 'NONE',  ( 0.0000000000000000000, -1.000000000000000000, 0.0000000000000000000 ) ) ;
#6995 = AXIS2_PLACEMENT_3D ( 'NONE', #10056, #10929, #11868 ) ;
#6996 = CARTESIAN_POINT ( 'NONE',  ( -51.29999999999999716, -1.200000000000000178, -8.599999999999999645 ) ) ;
#6997 = CIRCLE ( 'NONE', #11082, 0.5000000000000000000 ) ;
#6998 = VECTOR ( 'NONE', #7626, 1000.000000000000000 ) ;
#6999 = AXIS2_PLACEMENT_3D ( 'NONE', #2963, #7745, #9734 ) ;
#7000 = CARTESIAN_POINT ( 'NONE',  ( -25.89189215582775105, 1.199999999999999956, -5.299999999999999822 ) ) ;
#7001 = COLOUR_RGB ( '',0.7529411764705882248, 0.7529411764705882248, 0.7529411764705882248 ) ;
#7002 = DIRECTION ( 'NONE',  ( 0.0000000000000000000, -2.312964634635779935E-16, -1.000000000000000000 ) ) ;
#7003 = EDGE_CURVE ( 'NONE', #5082, #110, #1504, .T. ) ;
#7004 = LINE ( 'NONE', #12152, #12181 ) ;
#7005 = CLOSED_SHELL ( 'NONE', ( #7269, #7895, #5064, #3871, #2674, #1972, #2300, #2355, #10951, #4941, #937, #4581, #8593, #3382, #8018, #8948, #387, #2100, #6659, #2226, #5707, #8154, #11068, #626, #12246, #9338, #4127, #3804, #9024, #7462, #10514, #7154, #1661, #4775, #9700, #7220, #11679, #11196, #1717, #6143, #3681, #6599, #6776, #4326, #6716, #2811, #11614, #9209, #11324, #7141, #683, #9881, #3311, #4832, #5642, #5270, #12180, #6225, #10692, #5200, #432, #2032, #6159, #11801, #8143, #6411, #8458, #750, #9470, #6018, #9525, #8765, #5003, #2560, #8096, #5185, #9642, #2677, #1786, #7840, #1714, #9760, #3364, #7466, #6540, #5512, #4386, #6354, #1012, #2748, #818, #5825, #7964, #4574, #4644, #5640, #10570, #3257, #9273, #9212, #10882, #443, #1655, #4519, #3055, #9961, #123, #1316, #4252, #9820, #569, #10451, #8330, #5578, #11856, #1789, #10323, #6903, #10197 ) ) ;
#7006 = EDGE_CURVE ( 'NONE', #10116, #4889, #9468, .T. ) ;
#7007 = ORIENTED_EDGE ( 'NONE', *, *, #6811, .T. ) ;
#7008 = DIRECTION ( 'NONE',  ( 1.000000000000000000, -8.432683563761129192E-16, 0.0000000000000000000 ) ) ;
#7009 = CARTESIAN_POINT ( 'NONE',  ( -52.50000000000000000, 1.792893218813470080, 10.00000000000000000 ) ) ;
#7010 = FILL_AREA_STYLE ('',( #8050 ) ) ;
#7011 = SURFACE_STYLE_FILL_AREA ( #4434 ) ;
#7012 = COLOUR_RGB ( '',0.7529411764705882248, 0.7529411764705882248, 0.7529411764705882248 ) ;
#7013 =( GEOMETRIC_REPRESENTATION_CONTEXT ( 3 ) GLOBAL_UNCERTAINTY_ASSIGNED_CONTEXT ( ( #4044 ) ) GLOBAL_UNIT_ASSIGNED_CONTEXT ( ( #12095, #2386, #7217 ) ) REPRESENTATION_CONTEXT ( 'NONE', 'WORKASPACE' ) );
#7014 = CARTESIAN_POINT ( 'NONE',  ( -27.14127246753589873, 1.800000000000000044, 15.00000000000000000 ) ) ;
#7015 = CARTESIAN_POINT ( 'NONE',  ( -47.50000000000000000, -1.200000000000000178, 10.00000000000000000 ) ) ;
#7016 =( LENGTH_UNIT ( ) NAMED_UNIT ( * ) SI_UNIT ( .MILLI., .METRE. ) );
#7017 = DIRECTION ( 'NONE',  ( -1.000000000000000000, 0.0000000000000000000, 0.0000000000000000000 ) ) ;
#7018 = FACE_OUTER_BOUND ( 'NONE', #1418, .T. ) ;
#7019 = AXIS2_PLACEMENT_3D ( 'NONE', #7210, #10817, #5114 ) ;
#7020 =( LENGTH_UNIT ( ) NAMED_UNIT ( * ) SI_UNIT ( .MILLI., .METRE. ) );
#7021 = ADVANCED_FACE ( 'NONE', ( #1205 ), #148, .F. ) ;
#7022 = EDGE_CURVE ( 'NONE', #8776, #4878, #8435, .T. ) ;
#7023 = CARTESIAN_POINT ( 'NONE',  ( -52.20000000000000284, -0.1000000000000000056, -10.27332005306813834 ) ) ;
#7024 = EDGE_CURVE ( 'NONE', #3740, #10920, #7546, .T. ) ;
#7025 = PRESENTATION_STYLE_ASSIGNMENT (( #7625 ) ) ;
#7026 = AXIS2_PLACEMENT_3D ( 'NONE', #12399, #9435, #11450 ) ;
#7027 = SURFACE_STYLE_FILL_AREA ( #11728 ) ;
#7028 = DIRECTION ( 'NONE',  ( -1.000000000000000000, 0.0000000000000000000, 0.0000000000000000000 ) ) ;
#7029 = LINE ( 'NONE', #2859, #3428 ) ;
#7030 = CARTESIAN_POINT ( 'NONE',  ( -28.10102051443364957, 0.0000000000000000000, -15.00000000000000000 ) ) ;
#7031 = CARTESIAN_POINT ( 'NONE',  ( -51.64644660940680154, 2.853553390593275285, -14.37954930904470174 ) ) ;
#7032 = LINE ( 'NONE', #9984, #5839 ) ;
#7034 = VECTOR ( 'NONE', #7290, 1000.000000000000114 ) ;
#7033 = MECHANICAL_DESIGN_GEOMETRIC_PRESENTATION_REPRESENTATION (  '', ( #1703 ), #8558 ) ;
#7035 = STYLED_ITEM ( 'NONE', ( #2955 ), #12180 ) ;
#7036 = ORIENTED_EDGE ( 'NONE', *, *, #1313, .F. ) ;
#7037 = SURFACE_SIDE_STYLE ('',( #2881 ) ) ;
#7038 =( LENGTH_UNIT ( ) NAMED_UNIT ( * ) SI_UNIT ( .MILLI., .METRE. ) );
#7039 = CARTESIAN_POINT ( 'NONE',  ( 21.82145896683935149, -1.200000000017100055, -5.950000000000130740 ) ) ;
#7040 =( NAMED_UNIT ( * ) SI_UNIT ( $, .STERADIAN. ) SOLID_ANGLE_UNIT ( ) );
#7041 = CARTESIAN_POINT ( 'NONE',  ( 51.29999999999999716, 3.000000000000000000, -15.00000000000000000 ) ) ;
#7042 = COLOUR_RGB ( '',0.7529411764705882248, 0.7529411764705882248, 0.7529411764705882248 ) ;
#7043 = EDGE_LOOP ( 'NONE', ( #10926, #7810, #7670, #8989 ) ) ;
#7044 = DIRECTION ( 'NONE',  ( 0.0000000000000000000, 0.0000000000000000000, -1.000000000000000000 ) ) ;
#7045 = DIRECTION ( 'NONE',  ( 0.0000000000000000000, 0.2794972057234726415, -0.9601465054838094204 ) ) ;
#7046 = EDGE_CURVE ( 'NONE', #5177, #11718, #6803, .T. ) ;
#7047 =( NAMED_UNIT ( * ) PLANE_ANGLE_UNIT ( ) SI_UNIT ( $, .RADIAN. ) );
#7049 = ORIENTED_EDGE ( 'NONE', *, *, #1641, .F. ) ;
#7048 = FILL_AREA_STYLE_COLOUR ( '', #9893 ) ;
#7050 = DIRECTION ( 'NONE',  ( -1.000000000000000000, 9.559101509937430933E-19, -5.476405587288489465E-17 ) ) ;
#7051 = ORIENTED_EDGE ( 'NONE', *, *, #7251, .F. ) ;
#7053 = ORIENTED_EDGE ( 'NONE', *, *, #1434, .F. ) ;
#7052 = VECTOR ( 'NONE', #9022, 1000.000000000000000 ) ;
#7054 =( GEOMETRIC_REPRESENTATION_CONTEXT ( 3 ) GLOBAL_UNCERTAINTY_ASSIGNED_CONTEXT ( ( #6233 ) ) GLOBAL_UNIT_ASSIGNED_CONTEXT ( ( #3403, #4401, #9167 ) ) REPRESENTATION_CONTEXT ( 'NONE', 'WORKASPACE' ) );
#7055 = CARTESIAN_POINT ( 'NONE',  ( -32.14127246753589873, 1.800000000000000044, 6.141272467535969781 ) ) ;
#7057 = COLOUR_RGB ( '',0.7529411764705882248, 0.7529411764705882248, 0.7529411764705882248 ) ;
#7056 = CARTESIAN_POINT ( 'NONE',  ( -25.06102051443364687, 1.546486074402840138, -12.27999999999999936 ) ) ;
#7058 = ORIENTED_EDGE ( 'NONE', *, *, #10674, .T. ) ;
#7059 = FILL_AREA_STYLE_COLOUR ( '', #5748 ) ;
#7060 = CARTESIAN_POINT ( 'NONE',  ( -24.10102051443364957, 2.506486074402840103, -13.00000000000000000 ) ) ;
#7061 = ORIENTED_EDGE ( 'NONE', *, *, #2730, .T. ) ;
#7062 = CARTESIAN_POINT ( 'NONE',  ( 23.50000000000000000, -1.200000000021375079, -5.299999999999999822 ) ) ;
#7063 = FILL_AREA_STYLE ('',( #6189 ) ) ;
#7064 = ORIENTED_EDGE ( 'NONE', *, *, #5565, .T. ) ;
#7066 = VERTEX_POINT ( 'NONE', #7750 ) ;
#7065 = PRESENTATION_STYLE_ASSIGNMENT (( #2068 ) ) ;
#7067 = CARTESIAN_POINT ( 'NONE',  ( 47.50000000000000000, 3.000000000000000000, 13.79289321881346098 ) ) ;
#7068 = VERTEX_POINT ( 'NONE', #5866 ) ;
#7069 = ORIENTED_EDGE ( 'NONE', *, *, #8583, .T. ) ;
#7070 = EDGE_CURVE ( 'NONE', #11142, #2024, #7241, .T. ) ;
#7071 = AXIS2_PLACEMENT_3D ( 'NONE', #9171, #5202, #10952 ) ;
#7072 = MECHANICAL_DESIGN_GEOMETRIC_PRESENTATION_REPRESENTATION (  '', ( #3847 ), #1003 ) ;
#7073 = STYLED_ITEM ( 'NONE', ( #9473 ), #11068 ) ;
#7074 = VERTEX_POINT ( 'NONE', #8666 ) ;
#7075 =( NAMED_UNIT ( * ) SI_UNIT ( $, .STERADIAN. ) SOLID_ANGLE_UNIT ( ) );
#7076 = CARTESIAN_POINT ( 'NONE',  ( 29.14127246753590228, 1.800000000000000044, 15.00000000000000000 ) ) ;
#7077 = CARTESIAN_POINT ( 'NONE',  ( 52.50000000000000000, 1.792893218813464973, 10.00000000000000000 ) ) ;
#7078 = SURFACE_STYLE_FILL_AREA ( #10179 ) ;
#7079 = FACE_BOUND ( 'NONE', #12102, .T. ) ;
#7080 = EDGE_CURVE ( 'NONE', #1777, #6153, #9028, .T. ) ;
#7081 = CARTESIAN_POINT ( 'NONE',  ( 20.00000000000000000, 3.405465559969194977, -12.00000000000000000 ) ) ;
#7082 = SURFACE_SIDE_STYLE ('',( #5378 ) ) ;
#7083 =( NAMED_UNIT ( * ) PLANE_ANGLE_UNIT ( ) SI_UNIT ( $, .RADIAN. ) );
#7084 = ADVANCED_FACE ( 'NONE', ( #3635 ), #2028, .T. ) ;
#7085 = CARTESIAN_POINT ( 'NONE',  ( 41.84181568933109929, 3.311052021242375076, -1.287754002260220076 ) ) ;
#7086 = AXIS2_PLACEMENT_3D ( 'NONE', #7015, #11851, #6136 ) ;
#7087 = COLOUR_RGB ( '',0.7529411764705882248, 0.7529411764705882248, 0.7529411764705882248 ) ;
#7088 = ORIENTED_EDGE ( 'NONE', *, *, #7324, .F. ) ;
#7089 = AXIS2_PLACEMENT_3D ( 'NONE', #4712, #746, #11368 ) ;
#7090 =( GEOMETRIC_REPRESENTATION_CONTEXT ( 3 ) GLOBAL_UNCERTAINTY_ASSIGNED_CONTEXT ( ( #9558 ) ) GLOBAL_UNIT_ASSIGNED_CONTEXT ( ( #1635, #1587, #3537 ) ) REPRESENTATION_CONTEXT ( 'NONE', 'WORKASPACE' ) );
#7091 = COLOUR_RGB ( '',0.7529411764705882248, 0.7529411764705882248, 0.7529411764705882248 ) ;
#7092 = CARTESIAN_POINT ( 'NONE',  ( -47.50000000000000000, 0.7999999999999999334, 12.23491012985633830 ) ) ;
#7093 = DIRECTION ( 'NONE',  ( 0.0000000000000000000, 0.0000000000000000000, -1.000000000000000000 ) ) ;
#7094 = DIRECTION ( 'NONE',  ( 0.0000000000000000000, -0.9396926207859098712, -0.3420201433256644385 ) ) ;
#7095 = EDGE_CURVE ( 'NONE', #7574, #1722, #4980, .T. ) ;
#7096 = DIRECTION ( 'NONE',  ( 0.0000000000000000000, 0.0000000000000000000, 1.000000000000000000 ) ) ;
#7097 = DIRECTION ( 'NONE',  ( 1.000000000000000000, 0.0000000000000000000, 0.0000000000000000000 ) ) ;
#7098 = DIRECTION ( 'NONE',  ( 0.0000000000000000000, 1.000000000000000000, 0.0000000000000000000 ) ) ;
#7099 = ADVANCED_FACE ( 'NONE', ( #7685 ), #6194, .F. ) ;
#7100 = EDGE_CURVE ( 'NONE', #11880, #2073, #10649, .T. ) ;
#7101 = CARTESIAN_POINT ( 'NONE',  ( -20.10102051443365312, -11.78862234750974025, -16.00000000000000000 ) ) ;
#7102 = ORIENTED_EDGE ( 'NONE', *, *, #5380, .T. ) ;
#7103 = FACE_OUTER_BOUND ( 'NONE', #11632, .T. ) ;
#7104 = AXIS2_PLACEMENT_3D ( 'NONE', #9454, #11179, #2624 ) ;
#7105 = FILL_AREA_STYLE ('',( #9763 ) ) ;
#7106 = UNCERTAINTY_MEASURE_WITH_UNIT (LENGTH_MEASURE( 1.000000000000000082E-05 ), #4455, 'distance_accuracy_value', 'NONE');
#7107 = PRESENTATION_LAYER_ASSIGNMENT (  '', '', ( #3253 ) ) ;
#7108 = PRESENTATION_LAYER_ASSIGNMENT (  '', '', ( #6491 ) ) ;
#7109 = VECTOR ( 'NONE', #2461, 1000.000000000000000 ) ;
#7110 = ORIENTED_EDGE ( 'NONE', *, *, #1072, .T. ) ;
#7111 = VECTOR ( 'NONE', #4113, 1000.000000000000000 ) ;
#7112 =( LENGTH_UNIT ( ) NAMED_UNIT ( * ) SI_UNIT ( .MILLI., .METRE. ) );
#7113 = SURFACE_STYLE_USAGE ( .BOTH. , #280 ) ;
#7114 = COLOUR_RGB ( '',0.7529411764705882248, 0.7529411764705882248, 0.7529411764705882248 ) ;
#7115 = COLOUR_RGB ( '',0.7529411764705882248, 0.7529411764705882248, 0.7529411764705882248 ) ;
#7116 = FILL_AREA_STYLE_COLOUR ( '', #764 ) ;
#7117 = DIRECTION ( 'NONE',  ( -1.000000000000000000, 0.0000000000000000000, 0.0000000000000000000 ) ) ;
#7118 = DIRECTION ( 'NONE',  ( -0.9998476951563912696, 0.01745240643728355329, 0.0000000000000000000 ) ) ;
#7119 = PRESENTATION_STYLE_ASSIGNMENT (( #943 ) ) ;
#7120 = FILL_AREA_STYLE_COLOUR ( '', #1740 ) ;
#7121 = EDGE_LOOP ( 'NONE', ( #10447, #5774, #5545, #9510, #2481 ) ) ;
#7122 = DIRECTION ( 'NONE',  ( -0.01745240643728355329, 0.9998476951563912696, 0.0000000000000000000 ) ) ;
#7123 = VERTEX_POINT ( 'NONE', #4180 ) ;
#7124 =( GEOMETRIC_REPRESENTATION_CONTEXT ( 3 ) GLOBAL_UNCERTAINTY_ASSIGNED_CONTEXT ( ( #6549 ) ) GLOBAL_UNIT_ASSIGNED_CONTEXT ( ( #1548, #1642, #4609 ) ) REPRESENTATION_CONTEXT ( 'NONE', 'WORKASPACE' ) );
#7125 = COLOUR_RGB ( '',0.7529411764705882248, 0.7529411764705882248, 0.7529411764705882248 ) ;
#7126 = ORIENTED_EDGE ( 'NONE', *, *, #12288, .T. ) ;
#7127 = CARTESIAN_POINT ( 'NONE',  ( -52.20000000000000284, -0.4000000000000000222, -8.599999999999999645 ) ) ;
#7128 = CARTESIAN_POINT ( 'NONE',  ( 47.50000000000000000, -2.700000000000000178, 15.00000000000000000 ) ) ;
#7129 = DIRECTION ( 'NONE',  ( 0.0000000000000000000, 0.0000000000000000000, 1.000000000000000000 ) ) ;
#7130 = LINE ( 'NONE', #347, #2172 ) ;
#7131 = CARTESIAN_POINT ( 'NONE',  ( 499037.5000000000000, 498983.2999716359773, 9.999999999587359412 ) ) ;
#7132 =( NAMED_UNIT ( * ) PLANE_ANGLE_UNIT ( ) SI_UNIT ( $, .RADIAN. ) );
#7133 = FACE_OUTER_BOUND ( 'NONE', #3408, .T. ) ;
#7134 =( LENGTH_UNIT ( ) NAMED_UNIT ( * ) SI_UNIT ( .MILLI., .METRE. ) );
#7135 = EDGE_LOOP ( 'NONE', ( #3578, #5605, #7965, #12249 ) ) ;
#7136 = DIRECTION ( 'NONE',  ( 1.524970082507730041E-15, 0.0000000000000000000, 1.000000000000000000 ) ) ;
#7137 = ORIENTED_EDGE ( 'NONE', *, *, #5433, .F. ) ;
#7138 = EDGE_CURVE ( 'NONE', #11634, #319, #297, .T. ) ;
#7139 = AXIS2_PLACEMENT_3D ( 'NONE', #7041, #292, #8992 ) ;
#7140 = STYLED_ITEM ( 'NONE', ( #7775 ), #8398 ) ;
#7141 = ADVANCED_FACE ( 'NONE', ( #4698 ), #7998, .F. ) ;
#7142 = PRESENTATION_LAYER_ASSIGNMENT (  '', '', ( #1242 ) ) ;
#7143 = SURFACE_STYLE_FILL_AREA ( #10655 ) ;
#7144 = ORIENTED_EDGE ( 'NONE', *, *, #12395, .T. ) ;
#7145 = UNCERTAINTY_MEASURE_WITH_UNIT (LENGTH_MEASURE( 1.000000000000000082E-05 ), #4559, 'distance_accuracy_value', 'NONE');
#7146 = UNCERTAINTY_MEASURE_WITH_UNIT (LENGTH_MEASURE( 1.000000000000000082E-05 ), #7465, 'distance_accuracy_value', 'NONE');
#7147 = FILL_AREA_STYLE_COLOUR ( '', #9972 ) ;
#7148 = EDGE_LOOP ( 'NONE', ( #94, #9356, #2646, #4908 ) ) ;
#7149 = CARTESIAN_POINT ( 'NONE',  ( 25.17854103316279790, -1.200000000017100055, 6.150000000000110489 ) ) ;
#7150 = LINE ( 'NONE', #9354, #2346 ) ;
#7151 =( LENGTH_UNIT ( ) NAMED_UNIT ( * ) SI_UNIT ( .MILLI., .METRE. ) );
#7152 =( LENGTH_UNIT ( ) NAMED_UNIT ( * ) SI_UNIT ( .MILLI., .METRE. ) );
#7154 = ADVANCED_FACE ( 'NONE', ( #4847 ), #10771, .T. ) ;
#7153 = DIRECTION ( 'NONE',  ( 0.0000000000000000000, 1.000000000000000000, 0.0000000000000000000 ) ) ;
#7155 = STYLED_ITEM ( 'NONE', ( #7589 ), #2555 ) ;
#7156 = DIRECTION ( 'NONE',  ( 0.0000000000000000000, 1.000000000000000000, 0.0000000000000000000 ) ) ;
#7157 = MECHANICAL_DESIGN_GEOMETRIC_PRESENTATION_REPRESENTATION (  '', ( #678 ), #5801 ) ;
#7158 = ORIENTED_EDGE ( 'NONE', *, *, #4846, .F. ) ;
#7159 = FILL_AREA_STYLE ('',( #3421 ) ) ;
#7160 = DIRECTION ( 'NONE',  ( 0.0000000000000000000, -1.000000000000000000, 0.0000000000000000000 ) ) ;
#7161 = VERTEX_POINT ( 'NONE', #3213 ) ;
#7162 = PRESENTATION_LAYER_ASSIGNMENT (  '', '', ( #926 ) ) ;
#7163 = EDGE_LOOP ( 'NONE', ( #7158, #6346, #39, #4533 ) ) ;
#7164 = DIRECTION ( 'NONE',  ( 1.000000000000000000, 0.0000000000000000000, 0.0000000000000000000 ) ) ;
#7165 = DIRECTION ( 'NONE',  ( 0.0000000000000000000, 1.000000000000000000, 0.0000000000000000000 ) ) ;
#7166 = EDGE_CURVE ( 'NONE', #4340, #9875, #1344, .T. ) ;
#7167 = EDGE_CURVE ( 'NONE', #1604, #8830, #138, .T. ) ;
#7168 = VECTOR ( 'NONE', #4210, 1000.000000000000114 ) ;
#7169 = DIRECTION ( 'NONE',  ( 0.0000000000000000000, -1.000000000000000000, 0.0000000000000000000 ) ) ;
#7170 = DIRECTION ( 'NONE',  ( 0.0000000000000000000, -1.000000000000000000, 0.0000000000000000000 ) ) ;
#7171 = PLANE ( 'NONE',  #5015 ) ;
#7172 = MECHANICAL_DESIGN_GEOMETRIC_PRESENTATION_REPRESENTATION (  '', ( #2427 ), #5004 ) ;
#7173 = PLANE ( 'NONE',  #530 ) ;
#7174 = VECTOR ( 'NONE', #2210, 1000.000000000000114 ) ;
#7175 = CARTESIAN_POINT ( 'NONE',  ( -51.37566820672730472, 3.000000000000000000, -14.71143041483846048 ) ) ;
#7176 = FILL_AREA_STYLE ('',( #2471 ) ) ;
#7177 = VECTOR ( 'NONE', #2537, 1000.000000000000114 ) ;
#7178 = LINE ( 'NONE', #4755, #7478 ) ;
#7179 = VECTOR ( 'NONE', #4691, 1000.000000000000000 ) ;
#7180 =( GEOMETRIC_REPRESENTATION_CONTEXT ( 3 ) GLOBAL_UNCERTAINTY_ASSIGNED_CONTEXT ( ( #2910 ) ) GLOBAL_UNIT_ASSIGNED_CONTEXT ( ( #791, #9465, #6674 ) ) REPRESENTATION_CONTEXT ( 'NONE', 'WORKASPACE' ) );
#7181 = EDGE_CURVE ( 'NONE', #9652, #4051, #5283, .T. ) ;
#7182 = UNCERTAINTY_MEASURE_WITH_UNIT (LENGTH_MEASURE( 1.000000000000000082E-05 ), #7225, 'distance_accuracy_value', 'NONE');
#7183 = COLOUR_RGB ( '',0.7529411764705882248, 0.7529411764705882248, 0.7529411764705882248 ) ;
#7184 = VERTEX_POINT ( 'NONE', #1133 ) ;
#7185 = AXIS2_PLACEMENT_3D ( 'NONE', #5796, #8680, #6849 ) ;
#7186 = ORIENTED_EDGE ( 'NONE', *, *, #6941, .F. ) ;
#7187 = VECTOR ( 'NONE', #4905, 1000.000000000000000 ) ;
#7188 = COLOUR_RGB ( '',0.7529411764705882248, 0.7529411764705882248, 0.7529411764705882248 ) ;
#7190 = ORIENTED_EDGE ( 'NONE', *, *, #9728, .T. ) ;
#7189 = DIRECTION ( 'NONE',  ( -0.2802642304770613935, 0.0000000000000000000, -0.9599228933175313339 ) ) ;
#7191 = UNCERTAINTY_MEASURE_WITH_UNIT (LENGTH_MEASURE( 1.000000000000000082E-05 ), #9762, 'distance_accuracy_value', 'NONE');
#7192 = SURFACE_SIDE_STYLE ('',( #9089 ) ) ;
#7193 = ORIENTED_EDGE ( 'NONE', *, *, #7779, .F. ) ;
#7194 = SURFACE_STYLE_FILL_AREA ( #2509 ) ;
#7195 = MECHANICAL_DESIGN_GEOMETRIC_PRESENTATION_REPRESENTATION (  '', ( #2866 ), #3496 ) ;
#7196 =( GEOMETRIC_REPRESENTATION_CONTEXT ( 3 ) GLOBAL_UNCERTAINTY_ASSIGNED_CONTEXT ( ( #2524 ) ) GLOBAL_UNIT_ASSIGNED_CONTEXT ( ( #7257, #7344, #1529 ) ) REPRESENTATION_CONTEXT ( 'NONE', 'WORKASPACE' ) );
#7197 = ORIENTED_EDGE ( 'NONE', *, *, #871, .F. ) ;
#7198 = DIRECTION ( 'NONE',  ( 1.000000000000000000, 0.0000000000000000000, 0.0000000000000000000 ) ) ;
#7199 = FILL_AREA_STYLE_COLOUR ( '', #9888 ) ;
#7200 = DIRECTION ( 'NONE',  ( 0.0000000000000000000, 0.0000000000000000000, 1.000000000000000000 ) ) ;
#7201 = PRESENTATION_STYLE_ASSIGNMENT (( #3134 ) ) ;
#7202 = DIRECTION ( 'NONE',  ( 0.0000000000000000000, 0.0000000000000000000, 1.000000000000000000 ) ) ;
#7203 = VERTEX_POINT ( 'NONE', #1175 ) ;
#7204 = ORIENTED_EDGE ( 'NONE', *, *, #2948, .T. ) ;
#7205 = FILL_AREA_STYLE_COLOUR ( '', #787 ) ;
#7206 = ORIENTED_EDGE ( 'NONE', *, *, #7855, .T. ) ;
#7207 = EDGE_LOOP ( 'NONE', ( #4942, #2293, #9128, #2091, #2959 ) ) ;
#7208 = ORIENTED_EDGE ( 'NONE', *, *, #6657, .F. ) ;
#7209 = EDGE_CURVE ( 'NONE', #10364, #11918, #6506, .T. ) ;
#7210 = CARTESIAN_POINT ( 'NONE',  ( -47.50000000000000000, -1.199999999850843935, 10.00000000000000000 ) ) ;
#7211 = DIRECTION ( 'NONE',  ( 0.0000000000000000000, -0.9998476951563912696, 0.01745240643728355329 ) ) ;
#7212 = FACE_OUTER_BOUND ( 'NONE', #3434, .T. ) ;
#7213 = MECHANICAL_DESIGN_GEOMETRIC_PRESENTATION_REPRESENTATION (  '', ( #9124 ), #7054 ) ;
#7214 = DIRECTION ( 'NONE',  ( 0.0000000000000000000, 1.000000000000000000, 0.0000000000000000000 ) ) ;
#7215 = ORIENTED_EDGE ( 'NONE', *, *, #7239, .F. ) ;
#7216 = DIRECTION ( 'NONE',  ( 1.000000000000000000, -6.720365709737239323E-19, 3.850094936555169445E-17 ) ) ;
#7217 =( NAMED_UNIT ( * ) SI_UNIT ( $, .STERADIAN. ) SOLID_ANGLE_UNIT ( ) );
#7218 = CARTESIAN_POINT ( 'NONE',  ( 50.66508987014269394, 0.8000000000621869667, 10.00000000000000000 ) ) ;
#7219 = AXIS2_PLACEMENT_3D ( 'NONE', #5595, #6862, #6905 ) ;
#7220 = ADVANCED_FACE ( 'NONE', ( #12275 ), #11957, .T. ) ;
#7221 =( BOUNDED_CURVE ( )  B_SPLINE_CURVE ( 3, ( #12309, #11203, #2815, #2935 ),
 .UNSPECIFIED., .F., .F. ) 
 B_SPLINE_CURVE_WITH_KNOTS ( ( 4, 4 ),
 ( 4.712388980384689674, 5.329826084011569876 ),
 .UNSPECIFIED. ) 
 CURVE ( )  GEOMETRIC_REPRESENTATION_ITEM ( )  RATIONAL_B_SPLINE_CURVE ( ( 1.000000000000000000, 0.9684824697982120645, 0.9684824697982120645, 1.000000000000000000 ) ) 
 REPRESENTATION_ITEM ( '' )  );
#7222 = LINE ( 'NONE', #12207, #2106 ) ;
#7223 =( NAMED_UNIT ( * ) PLANE_ANGLE_UNIT ( ) SI_UNIT ( $, .RADIAN. ) );
#7224 = VECTOR ( 'NONE', #2188, 1000.000000000000000 ) ;
#7225 =( LENGTH_UNIT ( ) NAMED_UNIT ( * ) SI_UNIT ( .MILLI., .METRE. ) );
#7226 = EDGE_LOOP ( 'NONE', ( #6231, #9930, #3914, #1084 ) ) ;
#7227 = FACE_OUTER_BOUND ( 'NONE', #4061, .T. ) ;
#7228 = ORIENTED_EDGE ( 'NONE', *, *, #5565, .F. ) ;
#7229 = EDGE_CURVE ( 'NONE', #11218, #4586, #7374, .T. ) ;
#7230 = STYLED_ITEM ( 'NONE', ( #10704 ), #1972 ) ;
#7231 = CARTESIAN_POINT ( 'NONE',  ( 23.50000000000000000, 2.000000000000000000, -5.299999999999999822 ) ) ;
#7232 = STYLED_ITEM ( 'NONE', ( #6268 ), #6018 ) ;
#7233 = FACE_OUTER_BOUND ( 'NONE', #5207, .T. ) ;
#7234 = PRESENTATION_LAYER_ASSIGNMENT (  '', '', ( #4506 ) ) ;
#7235 = DIRECTION ( 'NONE',  ( 0.0000000000000000000, 0.0000000000000000000, 1.000000000000000000 ) ) ;
#7236 = DIRECTION ( 'NONE',  ( -1.000000000000000000, 0.0000000000000000000, 0.0000000000000000000 ) ) ;
#7237 = ORIENTED_EDGE ( 'NONE', *, *, #10018, .F. ) ;
#7238 = CARTESIAN_POINT ( 'NONE',  ( -31.04383641559815032, 3.433012701898869867, 12.16005037106689990 ) ) ;
#7239 = EDGE_CURVE ( 'NONE', #10423, #8546, #4227, .T. ) ;
#7240 = CARTESIAN_POINT ( 'NONE',  ( -52.50000000000000000, -1.200000000000000178, 10.00000000000000000 ) ) ;
#7241 = LINE ( 'NONE', #3018, #4710 ) ;
#7242 = SURFACE_STYLE_USAGE ( .BOTH. , #6165 ) ;
#7243 = CARTESIAN_POINT ( 'NONE',  ( 37.63824873692700379, 2.299999999999999822, -7.450000000000000178 ) ) ;
#7244 = AXIS2_PLACEMENT_3D ( 'NONE', #9699, #9739, #4145 ) ;
#7245 = SURFACE_STYLE_USAGE ( .BOTH. , #581 ) ;
#7246 = DIRECTION ( 'NONE',  ( 0.0000000000000000000, 0.0000000000000000000, 1.000000000000000000 ) ) ;
#7247 =( NAMED_UNIT ( * ) PLANE_ANGLE_UNIT ( ) SI_UNIT ( $, .RADIAN. ) );
#7248 = CARTESIAN_POINT ( 'NONE',  ( -26.50000000000000000, 2.000000000000000000, -3.899999999999999911 ) ) ;
#7249 = VERTEX_POINT ( 'NONE', #5180 ) ;
#7250 =( LENGTH_UNIT ( ) NAMED_UNIT ( * ) SI_UNIT ( .MILLI., .METRE. ) );
#7251 = EDGE_CURVE ( 'NONE', #9949, #11221, #894, .T. ) ;
#7252 = DIRECTION ( 'NONE',  ( 0.0000000000000000000, 1.000000000000000000, 0.0000000000000000000 ) ) ;
#7253 = SURFACE_SIDE_STYLE ('',( #2820 ) ) ;
#7254 = EDGE_CURVE ( 'NONE', #11053, #7953, #5733, .T. ) ;
#7255 = SURFACE_SIDE_STYLE ('',( #9220 ) ) ;
#7256 = SURFACE_STYLE_USAGE ( .BOTH. , #507 ) ;
#7257 =( LENGTH_UNIT ( ) NAMED_UNIT ( * ) SI_UNIT ( .MILLI., .METRE. ) );
#7258 =( GEOMETRIC_REPRESENTATION_CONTEXT ( 3 ) GLOBAL_UNCERTAINTY_ASSIGNED_CONTEXT ( ( #11753 ) ) GLOBAL_UNIT_ASSIGNED_CONTEXT ( ( #5588, #853, #810 ) ) REPRESENTATION_CONTEXT ( 'NONE', 'WORKASPACE' ) );
#7259 = CIRCLE ( 'NONE', #6142, 2.234910129856539918 ) ;
#7260 = ORIENTED_EDGE ( 'NONE', *, *, #10906, .T. ) ;
#7261 = CARTESIAN_POINT ( 'NONE',  ( 21.85040973523700103, 1.200000000001050893, 4.891892155827740396 ) ) ;
#7262 = CARTESIAN_POINT ( 'NONE',  ( -49.42424120239270025, 2.299999999999999822, -13.79999999999999893 ) ) ;
#7263 = PRESENTATION_LAYER_ASSIGNMENT (  '', '', ( #3413 ) ) ;
#7264 = AXIS2_PLACEMENT_3D ( 'NONE', #2824, #9518, #7642 ) ;
#7265 = ORIENTED_EDGE ( 'NONE', *, *, #10440, .T. ) ;
#7266 = CIRCLE ( 'NONE', #5712, 3.799999999999999378 ) ;
#7267 = FACE_OUTER_BOUND ( 'NONE', #6914, .T. ) ;
#7268 = VECTOR ( 'NONE', #4840, 1000.000000000000000 ) ;
#7269 = ADVANCED_FACE ( 'NONE', ( #4836 ), #11395, .T. ) ;
#7270 = ORIENTED_EDGE ( 'NONE', *, *, #3857, .F. ) ;
#7271 = LINE ( 'NONE', #4346, #45 ) ;
#7272 = CARTESIAN_POINT ( 'NONE',  ( 42.03735978717114818, 1.799999999996694910, -1.189780437878082076 ) ) ;
#7273 = CARTESIAN_POINT ( 'NONE',  ( -22.34910536647080193, 2.299999999999999822, -10.22192813318828009 ) ) ;
#7275 = ADVANCED_FACE ( 'NONE', ( #6347 ), #8409, .T. ) ;
#7274 =( NAMED_UNIT ( * ) PLANE_ANGLE_UNIT ( ) SI_UNIT ( $, .RADIAN. ) );
#7276 = ORIENTED_EDGE ( 'NONE', *, *, #2961, .F. ) ;
#7277 =( NAMED_UNIT ( * ) SI_UNIT ( $, .STERADIAN. ) SOLID_ANGLE_UNIT ( ) );
#7278 = DIRECTION ( 'NONE',  ( 0.01744974916068024393, 0.9996954598818875715, -0.01744974916068024393 ) ) ;
#7279 = CARTESIAN_POINT ( 'NONE',  ( -51.64644660941090137, 2.853553390578380089, 10.00000000000000000 ) ) ;
#7280 = ORIENTED_EDGE ( 'NONE', *, *, #6541, .T. ) ;
#7281 = EDGE_CURVE ( 'NONE', #5333, #5295, #1812, .T. ) ;
#7282 = ORIENTED_EDGE ( 'NONE', *, *, #1675, .T. ) ;
#7283 = MECHANICAL_DESIGN_GEOMETRIC_PRESENTATION_REPRESENTATION (  '', ( #2133 ), #5598 ) ;
#7284 = PRESENTATION_LAYER_ASSIGNMENT (  '', '', ( #9837 ) ) ;
#7285 = CARTESIAN_POINT ( 'NONE',  ( -68.60321982055950230, -1.200000000000000178, 6.150000000000000355 ) ) ;
#7286 = ORIENTED_EDGE ( 'NONE', *, *, #6453, .T. ) ;
#7287 = FILL_AREA_STYLE ('',( #9121 ) ) ;
#7288 = LINE ( 'NONE', #5577, #1112 ) ;
#7289 = UNCERTAINTY_MEASURE_WITH_UNIT (LENGTH_MEASURE( 1.000000000000000082E-05 ), #1450, 'distance_accuracy_value', 'NONE');
#7290 = DIRECTION ( 'NONE',  ( 0.01744974916068024393, 0.9996954598818874604, -0.01744974916068544463 ) ) ;
#7291 = DIRECTION ( 'NONE',  ( 0.0000000000000000000, 0.0000000000000000000, -1.000000000000000000 ) ) ;
#7292 = FILL_AREA_STYLE ('',( #385 ) ) ;
#7293 = COLOUR_RGB ( '',0.7529411764705882248, 0.7529411764705882248, 0.7529411764705882248 ) ;
#7294 = FACE_OUTER_BOUND ( 'NONE', #1809, .T. ) ;
#7295 = EDGE_CURVE ( 'NONE', #8898, #635, #11080, .T. ) ;
#7296 = ORIENTED_EDGE ( 'NONE', *, *, #10797, .F. ) ;
#7297 = AXIS2_PLACEMENT_3D ( 'NONE', #246, #2251, #7002 ) ;
#7298 = CARTESIAN_POINT ( 'NONE',  ( -26.50000000000000000, -1.199999999850843935, 5.500000000000000000 ) ) ;
#7299 = ORIENTED_EDGE ( 'NONE', *, *, #1839, .F. ) ;
#7300 = AXIS2_PLACEMENT_3D ( 'NONE', #8795, #2167, #3142 ) ;
#7301 = CYLINDRICAL_SURFACE ( 'NONE', #5690, 0.8000000000000003775 ) ;
#7302 = CIRCLE ( 'NONE', #11055, 3.165089870142509643 ) ;
#7303 = FILL_AREA_STYLE ('',( #3368 ) ) ;
#7304 = VECTOR ( 'NONE', #4010, 1000.000000000000000 ) ;
#7305 = LINE ( 'NONE', #4251, #826 ) ;
#7306 = UNCERTAINTY_MEASURE_WITH_UNIT (LENGTH_MEASURE( 1.000000000000000082E-05 ), #2676, 'distance_accuracy_value', 'NONE');
#7307 = EDGE_CURVE ( 'NONE', #3846, #4362, #283, .T. ) ;
#7308 = PRESENTATION_STYLE_ASSIGNMENT (( #330 ) ) ;
#7309 =( LENGTH_UNIT ( ) NAMED_UNIT ( * ) SI_UNIT ( .MILLI., .METRE. ) );
#7310 =( NAMED_UNIT ( * ) PLANE_ANGLE_UNIT ( ) SI_UNIT ( $, .RADIAN. ) );
#7311 = CARTESIAN_POINT ( 'NONE',  ( -26.96031623732837446, -0.3864444729537540035, -7.025571719328240761 ) ) ;
#7312 = DIRECTION ( 'NONE',  ( 2.129595449599169631E-16, -1.000000000000000000, 0.0000000000000000000 ) ) ;
#7313 = AXIS2_PLACEMENT_3D ( 'NONE', #4725, #12317, #8606 ) ;
#7314 = CARTESIAN_POINT ( 'NONE',  ( 44.36819777075264426, 3.500000000000090150, 270.4510849563059764 ) ) ;
#7315 = STYLED_ITEM ( 'NONE', ( #3512 ), #6484 ) ;
#7316 = SURFACE_SIDE_STYLE ('',( #2715 ) ) ;
#7317 =( NAMED_UNIT ( * ) SI_UNIT ( $, .STERADIAN. ) SOLID_ANGLE_UNIT ( ) );
#7318 = CARTESIAN_POINT ( 'NONE',  ( 23.50000000000000000, 1.199999999999999956, 5.500000000000000000 ) ) ;
#7319 = ORIENTED_EDGE ( 'NONE', *, *, #6941, .T. ) ;
#7320 = CARTESIAN_POINT ( 'NONE',  ( -49.71920057142139626, -0.09999999998215104713, -10.50000000000000000 ) ) ;
#7321 = EDGE_CURVE ( 'NONE', #10844, #3869, #722, .T. ) ;
#7322 = FACE_BOUND ( 'NONE', #11360, .T. ) ;
#7323 = CYLINDRICAL_SURFACE ( 'NONE', #6180, 4.700000000000000178 ) ;
#7324 = EDGE_CURVE ( 'NONE', #12273, #8425, #4534, .T. ) ;
#7325 = SURFACE_SIDE_STYLE ('',( #1215 ) ) ;
#7327 = ORIENTED_EDGE ( 'NONE', *, *, #7138, .F. ) ;
#7326 =( LENGTH_UNIT ( ) NAMED_UNIT ( * ) SI_UNIT ( .MILLI., .METRE. ) );
#7328 = FILL_AREA_STYLE ('',( #4396 ) ) ;
#7329 = SURFACE_STYLE_FILL_AREA ( #1254 ) ;
#7330 = SURFACE_STYLE_FILL_AREA ( #5728 ) ;
#7331 =( NAMED_UNIT ( * ) PLANE_ANGLE_UNIT ( ) SI_UNIT ( $, .RADIAN. ) );
#7332 = MECHANICAL_DESIGN_GEOMETRIC_PRESENTATION_REPRESENTATION (  '', ( #7986 ), #12007 ) ;
#7333 = ADVANCED_FACE ( 'NONE', ( #10185 ), #127, .T. ) ;
#7334 = CARTESIAN_POINT ( 'NONE',  ( 23.50000000000000000, -1.200000000021370195, 5.500000000000000000 ) ) ;
#7335 =( NAMED_UNIT ( * ) PLANE_ANGLE_UNIT ( ) SI_UNIT ( $, .RADIAN. ) );
#7336 = ADVANCED_FACE ( 'NONE', ( #7668 ), #10306, .T. ) ;
#7337 = LINE ( 'NONE', #6684, #10596 ) ;
#7338 = ORIENTED_EDGE ( 'NONE', *, *, #8698, .T. ) ;
#7339 =( LENGTH_UNIT ( ) NAMED_UNIT ( * ) SI_UNIT ( .MILLI., .METRE. ) );
#7340 =( BOUNDED_CURVE ( )  B_SPLINE_CURVE ( 3, ( #3123, #11705, #3173, #6916 ),
 .UNSPECIFIED., .F., .F. ) 
 B_SPLINE_CURVE_WITH_KNOTS ( ( 4, 4 ),
 ( 3.785093762383080040, 4.339306097175074761 ),
 .UNSPECIFIED. ) 
 CURVE ( )  GEOMETRIC_REPRESENTATION_ITEM ( )  RATIONAL_B_SPLINE_CURVE ( ( 1.000000000000000000, 0.9745674267440119776, 0.9745674267440119776, 1.000000000000000000 ) ) 
 REPRESENTATION_ITEM ( '' )  );
#7341 = CARTESIAN_POINT ( 'NONE',  ( -27.13603593061795038, -0.3999990008932949870, -3.631026013147204967 ) ) ;
#7342 = CIRCLE ( 'NONE', #2786, 4.853553390593280170 ) ;
#7343 = AXIS2_PLACEMENT_3D ( 'NONE', #11416, #2695, #7521 ) ;
#7344 =( NAMED_UNIT ( * ) PLANE_ANGLE_UNIT ( ) SI_UNIT ( $, .RADIAN. ) );
#7345 = ORIENTED_EDGE ( 'NONE', *, *, #8082, .F. ) ;
#7346 = ORIENTED_EDGE ( 'NONE', *, *, #7166, .T. ) ;
#7348 = VERTEX_POINT ( 'NONE', #12159 ) ;
#7347 = FACE_OUTER_BOUND ( 'NONE', #2161, .T. ) ;
#7349 =( NAMED_UNIT ( * ) PLANE_ANGLE_UNIT ( ) SI_UNIT ( $, .RADIAN. ) );
#7350 = ORIENTED_EDGE ( 'NONE', *, *, #9989, .T. ) ;
#7351 = UNCERTAINTY_MEASURE_WITH_UNIT (LENGTH_MEASURE( 1.000000000000000082E-05 ), #10206, 'distance_accuracy_value', 'NONE');
#7352 = ORIENTED_EDGE ( 'NONE', *, *, #4648, .T. ) ;
#7353 =( NAMED_UNIT ( * ) PLANE_ANGLE_UNIT ( ) SI_UNIT ( $, .RADIAN. ) );
#7354 = LINE ( 'NONE', #11888, #9723 ) ;
#7355 = ORIENTED_EDGE ( 'NONE', *, *, #684, .F. ) ;
#7356 = DIRECTION ( 'NONE',  ( 1.000000000000000000, 0.0000000000000000000, 0.0000000000000000000 ) ) ;
#7358 = VERTEX_POINT ( 'NONE', #12120 ) ;
#7357 = LINE ( 'NONE', #361, #4822 ) ;
#7359 = DIRECTION ( 'NONE',  ( -4.492333333024109908E-33, -5.504375069206810435E-16, 1.000000000000000000 ) ) ;
#7360 = SURFACE_STYLE_USAGE ( .BOTH. , #1764 ) ;
#7361 = CARTESIAN_POINT ( 'NONE',  ( -26.75455589996904848, -0.2999999999999999889, -5.299999999999919886 ) ) ;
#7362 = VERTEX_POINT ( 'NONE', #12033 ) ;
#7363 = ORIENTED_EDGE ( 'NONE', *, *, #9076, .F. ) ;
#7364 = AXIS2_PLACEMENT_3D ( 'NONE', #10773, #2080, #10733 ) ;
#7365 =( NAMED_UNIT ( * ) SI_UNIT ( $, .STERADIAN. ) SOLID_ANGLE_UNIT ( ) );
#7366 = CARTESIAN_POINT ( 'NONE',  ( -52.00000000000000000, 1.792893218813464973, -15.00000000000000000 ) ) ;
#7367 = PRESENTATION_STYLE_ASSIGNMENT (( #10003 ) ) ;
#7368 = PLANE ( 'NONE',  #6235 ) ;
#7369 = FILL_AREA_STYLE_COLOUR ( '', #4292 ) ;
#7370 = VECTOR ( 'NONE', #4075, 1000.000000000000000 ) ;
#7371 = EDGE_LOOP ( 'NONE', ( #10613, #8968, #4668, #11380 ) ) ;
#7372 = UNCERTAINTY_MEASURE_WITH_UNIT (LENGTH_MEASURE( 1.000000000000000082E-05 ), #783, 'distance_accuracy_value', 'NONE');
#7373 = UNCERTAINTY_MEASURE_WITH_UNIT (LENGTH_MEASURE( 1.000000000000000082E-05 ), #6698, 'distance_accuracy_value', 'NONE');
#7374 = CIRCLE ( 'NONE', #4792, 0.6544949780325570732 ) ;
#7375 = FILL_AREA_STYLE_COLOUR ( '', #8885 ) ;
#7376 = PRESENTATION_STYLE_ASSIGNMENT (( #10927 ) ) ;
#7377 = EDGE_CURVE ( 'NONE', #4663, #7512, #2864, .T. ) ;
#7378 = CARTESIAN_POINT ( 'NONE',  ( 22.85872753246409772, 1.800000000000000044, 2.667247430311610490 ) ) ;
#7379 =( NAMED_UNIT ( * ) SI_UNIT ( $, .STERADIAN. ) SOLID_ANGLE_UNIT ( ) );
#7380 = FILL_AREA_STYLE_COLOUR ( '', #10860 ) ;
#7381 = AXIS2_PLACEMENT_3D ( 'NONE', #11887, #3479, #9126 ) ;
#7382 = SURFACE_STYLE_FILL_AREA ( #2230 ) ;
#7383 = AXIS2_PLACEMENT_3D ( 'NONE', #10601, #1901, #8543 ) ;
#7384 = CARTESIAN_POINT ( 'NONE',  ( -32.23495939512579866, 3.000000000000000000, 12.08037807446022072 ) ) ;
#7385 = DIRECTION ( 'NONE',  ( 0.0000000000000000000, -1.000000000000000000, 0.0000000000000000000 ) ) ;
#7386 = DIRECTION ( 'NONE',  ( 0.0000000000000000000, 0.0000000000000000000, -1.000000000000000000 ) ) ;
#7387 = PRESENTATION_LAYER_ASSIGNMENT (  '', '', ( #4656 ) ) ;
#7388 =( NAMED_UNIT ( * ) PLANE_ANGLE_UNIT ( ) SI_UNIT ( $, .RADIAN. ) );
#7389 = CARTESIAN_POINT ( 'NONE',  ( 25.14959026476299897, 1.200000000001091083, 4.891892155827740396 ) ) ;
#7390 = ORIENTED_EDGE ( 'NONE', *, *, #11625, .F. ) ;
#7391 = COLOUR_RGB ( '',0.7529411764705882248, 0.7529411764705882248, 0.7529411764705882248 ) ;
#7392 =( NAMED_UNIT ( * ) SI_UNIT ( $, .STERADIAN. ) SOLID_ANGLE_UNIT ( ) );
#7393 = CARTESIAN_POINT ( 'NONE',  ( 47.50000000000000000, -1.499999999983600008, 14.09999999998626130 ) ) ;
#7394 = CIRCLE ( 'NONE', #10088, 2.200000000000000622 ) ;
#7395 = PRESENTATION_LAYER_ASSIGNMENT (  '', '', ( #6757 ) ) ;
#7396 = CARTESIAN_POINT ( 'NONE',  ( 21.83102601314530133, -0.3999990008941770037, -4.663964069382029898 ) ) ;
#7397 = STYLED_ITEM ( 'NONE', ( #9320 ), #11123 ) ;
#7398 =( NAMED_UNIT ( * ) SI_UNIT ( $, .STERADIAN. ) SOLID_ANGLE_UNIT ( ) );
#7399 = FILL_AREA_STYLE_COLOUR ( '', #10853 ) ;
#7401 = ADVANCED_FACE ( 'NONE', ( #4685 ), #4070, .T. ) ;
#7400 = FILL_AREA_STYLE ('',( #6334 ) ) ;
#7402 = EDGE_CURVE ( 'NONE', #2135, #12273, #7222, .T. ) ;
#7403 = LINE ( 'NONE', #11656, #4856 ) ;
#7404 = EDGE_CURVE ( 'NONE', #9396, #721, #11071, .T. ) ;
#7405 = SURFACE_SIDE_STYLE ('',( #7078 ) ) ;
#7406 = CARTESIAN_POINT ( 'NONE',  ( -51.60000000002540332, -1.500000000021375124, 10.00000000000000000 ) ) ;
#7407 = DIRECTION ( 'NONE',  ( 0.0000000000000000000, -1.000000000000000000, 0.0000000000000000000 ) ) ;
#7408 = VERTEX_POINT ( 'NONE', #8236 ) ;
#7409 = PLANE ( 'NONE',  #2357 ) ;
#7410 = MECHANICAL_DESIGN_GEOMETRIC_PRESENTATION_REPRESENTATION (  '', ( #133 ), #7013 ) ;
#7411 = SURFACE_STYLE_USAGE ( .BOTH. , #7325 ) ;
#7412 = VECTOR ( 'NONE', #9885, 1000.000000000000000 ) ;
#7413 = CARTESIAN_POINT ( 'NONE',  ( 23.50000000000000000, 2.000000000000000000, 5.500000000000000000 ) ) ;
#7414 = CARTESIAN_POINT ( 'NONE',  ( 40.00130351032225207, 3.000000000000000000, 1.789607242599320136 ) ) ;
#7415 = SURFACE_STYLE_FILL_AREA ( #1120 ) ;
#7416 = STYLED_ITEM ( 'NONE', ( #3485 ), #6962 ) ;
#7417 = EDGE_CURVE ( 'NONE', #7557, #6077, #2254, .T. ) ;
#7418 = DIRECTION ( 'NONE',  ( 0.0000000000000000000, -1.000000000000000000, 0.0000000000000000000 ) ) ;
#7419 = CARTESIAN_POINT ( 'NONE',  ( -51.29999999999999716, -1.199999999999999956, -15.00000000000000000 ) ) ;
#7420 = ORIENTED_EDGE ( 'NONE', *, *, #5722, .T. ) ;
#7421 = SURFACE_STYLE_USAGE ( .BOTH. , #8331 ) ;
#7422 = VERTEX_POINT ( 'NONE', #4646 ) ;
#7423 = SURFACE_STYLE_USAGE ( .BOTH. , #668 ) ;
#7424 = SURFACE_STYLE_FILL_AREA ( #6509 ) ;
#7425 = FILL_AREA_STYLE ('',( #11244 ) ) ;
#7426 = ORIENTED_EDGE ( 'NONE', *, *, #736, .F. ) ;
#7427 = COLOUR_RGB ( '',0.7529411764705882248, 0.7529411764705882248, 0.7529411764705882248 ) ;
#7428 = FILL_AREA_STYLE_COLOUR ( '', #10422 ) ;
#7429 = AXIS2_PLACEMENT_3D ( 'NONE', #2982, #7926, #6181 ) ;
#7430 = SURFACE_SIDE_STYLE ('',( #2403 ) ) ;
#7431 = EDGE_LOOP ( 'NONE', ( #2432, #7215, #3263, #767 ) ) ;
#7432 = CARTESIAN_POINT ( 'NONE',  ( -47.65810784417229939, 1.199999999999999956, 4.891892155827720856 ) ) ;
#7433 = ORIENTED_EDGE ( 'NONE', *, *, #5971, .T. ) ;
#7434 = PRODUCT_DEFINITION ( 'δ֪', '', #10381, #473 ) ;
#7435 = VECTOR ( 'NONE', #10931, 1000.000000000000114 ) ;
#7436 = VECTOR ( 'NONE', #3239, 1000.000000000000000 ) ;
#7437 = CARTESIAN_POINT ( 'NONE',  ( 22.89189215582774750, 1.200000000001050005, -3.650409735239074749 ) ) ;
#7438 = CARTESIAN_POINT ( 'NONE',  ( 42.22222878184280859, 3.066987298071154555, -1.096876661693620081 ) ) ;
#7439 = DIRECTION ( 'NONE',  ( 0.0000000000000000000, -1.000000000000000000, 0.0000000000000000000 ) ) ;
#7440 = ORIENTED_EDGE ( 'NONE', *, *, #11467, .T. ) ;
#7441 = ORIENTED_EDGE ( 'NONE', *, *, #10468, .F. ) ;
#7442 = EDGE_CURVE ( 'NONE', #9585, #4492, #6637, .T. ) ;
#7443 = SURFACE_SIDE_STYLE ('',( #1726 ) ) ;
#7444 = LINE ( 'NONE', #12034, #5493 ) ;
#7445 = LINE ( 'NONE', #4527, #6426 ) ;
#7446 = UNCERTAINTY_MEASURE_WITH_UNIT (LENGTH_MEASURE( 1.000000000000000082E-05 ), #5352, 'distance_accuracy_value', 'NONE');
#7447 = CARTESIAN_POINT ( 'NONE',  ( -26.50000000000000000, -1.200000000021375079, -5.299999999999999822 ) ) ;
#7448 = VECTOR ( 'NONE', #2969, 1000.000000000000000 ) ;
#7449 = AXIS2_PLACEMENT_3D ( 'NONE', #1921, #6615, #2819 ) ;
#7450 = UNCERTAINTY_MEASURE_WITH_UNIT (LENGTH_MEASURE( 1.000000000000000082E-05 ), #5826, 'distance_accuracy_value', 'NONE');
#7451 = SURFACE_STYLE_FILL_AREA ( #3952 ) ;
#7452 = SURFACE_STYLE_FILL_AREA ( #11910 ) ;
#7453 =( NAMED_UNIT ( * ) PLANE_ANGLE_UNIT ( ) SI_UNIT ( $, .RADIAN. ) );
#7454 = DIRECTION ( 'NONE',  ( -2.428983838511115147E-16, 1.000000000000000000, -3.366219183895514908E-16 ) ) ;
#7456 = ORIENTED_EDGE ( 'NONE', *, *, #366, .T. ) ;
#7455 = CARTESIAN_POINT ( 'NONE',  ( 41.73299909975330024, 3.000000000000000000, 0.3148515048550599715 ) ) ;
#7457 = SURFACE_SIDE_STYLE ('',( #2192 ) ) ;
#7458 = ORIENTED_EDGE ( 'NONE', *, *, #3841, .F. ) ;
#7459 = ORIENTED_EDGE ( 'NONE', *, *, #3597, .T. ) ;
#7460 = DIRECTION ( 'NONE',  ( -0.01745240643728355329, 0.9998476951563912696, 0.0000000000000000000 ) ) ;
#7461 = PRESENTATION_STYLE_ASSIGNMENT (( #6125 ) ) ;
#7462 = ADVANCED_FACE ( 'NONE', ( #3169 ), #872, .T. ) ;
#7463 = CARTESIAN_POINT ( 'NONE',  ( -47.70000000000000284, -1.200000000000000178, 21.39567676978599664 ) ) ;
#7464 = DIRECTION ( 'NONE',  ( -0.0000000000000000000, 1.000000000000000000, 0.0000000000000000000 ) ) ;
#7465 =( LENGTH_UNIT ( ) NAMED_UNIT ( * ) SI_UNIT ( .MILLI., .METRE. ) );
#7466 = ADVANCED_FACE ( 'NONE', ( #11664 ), #11353, .T. ) ;
#7467 = COLOUR_RGB ( '',0.7529411764705882248, 0.7529411764705882248, 0.7529411764705882248 ) ;
#7468 = EDGE_CURVE ( 'NONE', #8165, #8048, #8104, .T. ) ;
#7469 = AXIS2_PLACEMENT_3D ( 'NONE', #4388, #11005, #1502 ) ;
#7470 = STYLED_ITEM ( 'NONE', ( #1390 ), #9070 ) ;
#7471 = FILL_AREA_STYLE_COLOUR ( '', #7608 ) ;
#7472 = AXIS2_PLACEMENT_3D ( 'NONE', #3725, #5536, #8554 ) ;
#7473 = CARTESIAN_POINT ( 'NONE',  ( -51.29999999999999716, 1.502943725152300125, -13.79999999999999893 ) ) ;
#7474 = COLOUR_RGB ( '',0.7529411764705882248, 0.7529411764705882248, 0.7529411764705882248 ) ;
#7475 = CARTESIAN_POINT ( 'NONE',  ( -26.07748607583322809, -0.4448452454418074797, -7.036898358450868862 ) ) ;
#7476 = LINE ( 'NONE', #11690, #5672 ) ;
#7477 = CARTESIAN_POINT ( 'NONE',  ( -47.50000000000000000, 1.792893218813460088, 14.50000000000000000 ) ) ;
#7478 = VECTOR ( 'NONE', #893, 1000.000000000000000 ) ;
#7479 = EDGE_CURVE ( 'NONE', #1604, #10856, #12248, .T. ) ;
#7480 = FACE_OUTER_BOUND ( 'NONE', #11401, .T. ) ;
#7481 = FACE_OUTER_BOUND ( 'NONE', #271, .T. ) ;
#7482 = ORIENTED_EDGE ( 'NONE', *, *, #6825, .F. ) ;
#7483 = CARTESIAN_POINT ( 'NONE',  ( -30.79608995562925244, 3.000000000000000000, 13.00859782307830059 ) ) ;
#7484 =( NAMED_UNIT ( * ) PLANE_ANGLE_UNIT ( ) SI_UNIT ( $, .RADIAN. ) );
#7485 = DIRECTION ( 'NONE',  ( -1.000000000000000000, 0.0000000000000000000, 0.0000000000000000000 ) ) ;
#7486 = SURFACE_SIDE_STYLE ('',( #34 ) ) ;
#7487 = AXIS2_PLACEMENT_3D ( 'NONE', #2986, #11539, #6852 ) ;
#7488 = SURFACE_SIDE_STYLE ('',( #203 ) ) ;
#7489 =( LENGTH_UNIT ( ) NAMED_UNIT ( * ) SI_UNIT ( .MILLI., .METRE. ) );
#7490 = AXIS2_PLACEMENT_3D ( 'NONE', #1396, #9879, #10001 ) ;
#7491 = DIRECTION ( 'NONE',  ( 0.0000000000000000000, -1.000000000000000000, 0.0000000000000000000 ) ) ;
#7492 = EDGE_LOOP ( 'NONE', ( #11063, #5648, #7719, #459 ) ) ;
#7493 = ORIENTED_EDGE ( 'NONE', *, *, #3200, .T. ) ;
#7494 = COLOUR_RGB ( '',0.7529411764705882248, 0.7529411764705882248, 0.7529411764705882248 ) ;
#7495 = DIRECTION ( 'NONE',  ( 0.0000000000000000000, 0.0000000000000000000, -1.000000000000000000 ) ) ;
#7496 = EDGE_CURVE ( 'NONE', #11377, #9301, #2095, .T. ) ;
#7497 = VERTEX_POINT ( 'NONE', #10479 ) ;
#7498 = EDGE_CURVE ( 'NONE', #10696, #7422, #3679, .T. ) ;
#7499 = VERTEX_POINT ( 'NONE', #3746 ) ;
#7500 = DIRECTION ( 'NONE',  ( 0.9998476951563912696, 0.01745240643728355329, 0.0000000000000000000 ) ) ;
#7501 = VECTOR ( 'NONE', #9086, 1000.000000000000000 ) ;
#7502 = DIRECTION ( 'NONE',  ( 4.625929269271489858E-16, 0.0000000000000000000, 1.000000000000000000 ) ) ;
#7503 = DIRECTION ( 'NONE',  ( -0.01744974916068029944, -0.9996954598818901250, 0.01744974916054160136 ) ) ;
#7504 = AXIS2_PLACEMENT_3D ( 'NONE', #6379, #6427, #5315 ) ;
#7505 = ORIENTED_EDGE ( 'NONE', *, *, #12332, .F. ) ;
#7506 =( NAMED_UNIT ( * ) PLANE_ANGLE_UNIT ( ) SI_UNIT ( $, .RADIAN. ) );
#7507 =( LENGTH_UNIT ( ) NAMED_UNIT ( * ) SI_UNIT ( .MILLI., .METRE. ) );
#7508 = VERTEX_POINT ( 'NONE', #1721 ) ;
#7509 = FILL_AREA_STYLE_COLOUR ( '', #8187 ) ;
#7510 = ORIENTED_EDGE ( 'NONE', *, *, #3002, .T. ) ;
#7511 =( NAMED_UNIT ( * ) SI_UNIT ( $, .STERADIAN. ) SOLID_ANGLE_UNIT ( ) );
#7512 = VERTEX_POINT ( 'NONE', #7573 ) ;
#7513 = VECTOR ( 'NONE', #2519, 999.9999999999998863 ) ;
#7514 = STYLED_ITEM ( 'NONE', ( #11162 ), #564 ) ;
#7515 = SURFACE_STYLE_USAGE ( .BOTH. , #756 ) ;
#7516 = FILL_AREA_STYLE ('',( #6447 ) ) ;
#7517 = DIRECTION ( 'NONE',  ( 1.000000000000000000, 0.0000000000000000000, 0.0000000000000000000 ) ) ;
#7518 = ORIENTED_EDGE ( 'NONE', *, *, #5924, .T. ) ;
#7519 = SURFACE_STYLE_FILL_AREA ( #3670 ) ;
#7520 = DIRECTION ( 'NONE',  ( 1.000000000000000000, -5.421010862427049840E-16, 0.0000000000000000000 ) ) ;
#7521 = DIRECTION ( 'NONE',  ( 0.0000000000000000000, 0.0000000000000000000, -1.000000000000000000 ) ) ;
#7523 = ADVANCED_FACE ( 'NONE', ( #5708 ), #1465, .F. ) ;
#7522 = DIRECTION ( 'NONE',  ( 0.0000000000000000000, 0.0000000000000000000, -1.000000000000000000 ) ) ;
#7524 = VECTOR ( 'NONE', #4947, 1000.000000000000227 ) ;
#7525 =( NAMED_UNIT ( * ) SI_UNIT ( $, .STERADIAN. ) SOLID_ANGLE_UNIT ( ) );
#7526 = DIRECTION ( 'NONE',  ( 0.0000000000000000000, 0.0000000000000000000, -1.000000000000000000 ) ) ;
#7527 = ADVANCED_FACE ( 'NONE', ( #10624 ), #8850, .T. ) ;
#7528 = EDGE_LOOP ( 'NONE', ( #6868, #2165, #7058, #7902 ) ) ;
#7530 = ORIENTED_EDGE ( 'NONE', *, *, #10834, .F. ) ;
#7529 = AXIS2_PLACEMENT_3D ( 'NONE', #951, #995, #3010 ) ;
#7531 = CARTESIAN_POINT ( 'NONE',  ( -27.15000000000000213, 2.299999999999999822, -2.782205948333395185 ) ) ;
#7532 = UNCERTAINTY_MEASURE_WITH_UNIT (LENGTH_MEASURE( 1.000000000000000082E-05 ), #2911, 'distance_accuracy_value', 'NONE');
#7533 = CARTESIAN_POINT ( 'NONE',  ( 25.14959026476089932, 1.200000000000873923, -4.691892155827740218 ) ) ;
#7534 = SURFACE_STYLE_FILL_AREA ( #3348 ) ;
#7535 =( NAMED_UNIT ( * ) SI_UNIT ( $, .STERADIAN. ) SOLID_ANGLE_UNIT ( ) );
#7536 = CIRCLE ( 'NONE', #102, 0.8000000000000003775 ) ;
#7537 = FILL_AREA_STYLE_COLOUR ( '', #7125 ) ;
#7538 = COLOUR_RGB ( '',0.7529411764705882248, 0.7529411764705882248, 0.7529411764705882248 ) ;
#7539 = DIRECTION ( 'NONE',  ( 0.0000000000000000000, 0.0000000000000000000, 1.000000000000000000 ) ) ;
#7540 = ORIENTED_EDGE ( 'NONE', *, *, #611, .T. ) ;
#7541 = EDGE_CURVE ( 'NONE', #346, #1932, #6915, .T. ) ;
#7542 = CARTESIAN_POINT ( 'NONE',  ( -52.50000000000000000, 1.800000000000000044, -13.79999999999999893 ) ) ;
#7543 = CARTESIAN_POINT ( 'NONE',  ( 50.70000000000000284, -1.200000000000000178, 21.39567676978599664 ) ) ;
#7544 = CARTESIAN_POINT ( 'NONE',  ( -31.11390247321775249, 3.000000000000000000, 11.92006964773061917 ) ) ;
#7545 = AXIS2_PLACEMENT_3D ( 'NONE', #2288, #4235, #7122 ) ;
#7546 = CIRCLE ( 'NONE', #944, 1.400000000000000133 ) ;
#7547 = PRESENTATION_LAYER_ASSIGNMENT (  '', '', ( #5373 ) ) ;
#7548 = DIRECTION ( 'NONE',  ( 0.0000000000000000000, 0.0000000000000000000, 1.000000000000000000 ) ) ;
#7549 = CARTESIAN_POINT ( 'NONE',  ( -34.00000000000000000, -0.1084596574344166009, -13.53859077518779941 ) ) ;
#7551 = B_SPLINE_CURVE_WITH_KNOTS ( 'NONE', 1,
 ( #1270, #7929 ),
 .UNSPECIFIED., .F., .F.,
 ( 2, 2 ),
 ( 0.0000000000000000000, 1.000000000000000000 ),
 .UNSPECIFIED. ) ;
#7550 = AXIS2_PLACEMENT_3D ( 'NONE', #4410, #8102, #435 ) ;
#7552 = DIRECTION ( 'NONE',  ( 0.5041973887544312083, -4.907185768125491937E-14, 0.8635884396940554097 ) ) ;
#7553 = FILL_AREA_STYLE ('',( #9214 ) ) ;
#7554 = CARTESIAN_POINT ( 'NONE',  ( -25.85872753246410127, 1.800000000000000044, -7.441272467535809731 ) ) ;
#7555 = DIRECTION ( 'NONE',  ( -0.0000000000000000000, 1.000000000000000000, 0.0000000000000000000 ) ) ;
#7556 = FILL_AREA_STYLE ('',( #7471 ) ) ;
#7557 = VERTEX_POINT ( 'NONE', #11547 ) ;
#7558 = DIRECTION ( 'NONE',  ( 0.0000000000000000000, -1.000000000000000000, 0.0000000000000000000 ) ) ;
#7559 = CARTESIAN_POINT ( 'NONE',  ( -47.50000000000000000, -1.199999999999999956, 14.69999999999999929 ) ) ;
#7560 = MECHANICAL_DESIGN_GEOMETRIC_PRESENTATION_REPRESENTATION (  '', ( #6213 ), #10735 ) ;
#7561 = CARTESIAN_POINT ( 'NONE',  ( 24.14127246753590228, 1.800000000000000044, 15.00000000000000000 ) ) ;
#7562 = MECHANICAL_DESIGN_GEOMETRIC_PRESENTATION_REPRESENTATION (  '', ( #1926 ), #5390 ) ;
#7563 = CARTESIAN_POINT ( 'NONE',  ( 20.94280904158209822, 3.220531282313154886, -11.66666666666666075 ) ) ;
#7564 = PRESENTATION_LAYER_ASSIGNMENT (  '', '', ( #6932 ) ) ;
#7565 = VERTEX_POINT ( 'NONE', #7778 ) ;
#7566 = COLOUR_RGB ( '',0.7529411764705882248, 0.7529411764705882248, 0.7529411764705882248 ) ;
#7567 = FILL_AREA_STYLE ('',( #1843 ) ) ;
#7568 =( NAMED_UNIT ( * ) SI_UNIT ( $, .STERADIAN. ) SOLID_ANGLE_UNIT ( ) );
#7569 = EDGE_CURVE ( 'NONE', #3602, #697, #868, .T. ) ;
#7570 = SURFACE_STYLE_USAGE ( .BOTH. , #3922 ) ;
#7571 = COLOUR_RGB ( '',0.7529411764705882248, 0.7529411764705882248, 0.7529411764705882248 ) ;
#7572 = EDGE_CURVE ( 'NONE', #8425, #6911, #11374, .T. ) ;
#7573 = CARTESIAN_POINT ( 'NONE',  ( -52.50000000000000000, 1.792893218813464973, -15.00000000000000000 ) ) ;
#7574 = VERTEX_POINT ( 'NONE', #6864 ) ;
#7575 = FACE_OUTER_BOUND ( 'NONE', #11809, .T. ) ;
#7576 = AXIS2_PLACEMENT_3D ( 'NONE', #11947, #10050, #2480 ) ;
#7577 = ORIENTED_EDGE ( 'NONE', *, *, #4394, .T. ) ;
#7578 = UNCERTAINTY_MEASURE_WITH_UNIT (LENGTH_MEASURE( 1.000000000000000082E-05 ), #706, 'distance_accuracy_value', 'NONE');
#7579 = CIRCLE ( 'NONE', #190, 0.8000000000000003775 ) ;
#7580 =( NAMED_UNIT ( * ) PLANE_ANGLE_UNIT ( ) SI_UNIT ( $, .RADIAN. ) );
#7581 = ORIENTED_EDGE ( 'NONE', *, *, #1109, .T. ) ;
#7582 = CARTESIAN_POINT ( 'NONE',  ( -51.29999999999999716, -0.1000000000000045436, -10.00000000000000000 ) ) ;
#7583 = FILL_AREA_STYLE_COLOUR ( '', #6495 ) ;
#7584 = DIRECTION ( 'NONE',  ( 1.000000000000000000, -8.432683563761129192E-16, 0.0000000000000000000 ) ) ;
#7585 = PRESENTATION_STYLE_ASSIGNMENT (( #1011 ) ) ;
#7586 =( GEOMETRIC_REPRESENTATION_CONTEXT ( 3 ) GLOBAL_UNCERTAINTY_ASSIGNED_CONTEXT ( ( #11334 ) ) GLOBAL_UNIT_ASSIGNED_CONTEXT ( ( #4818, #9531, #12255 ) ) REPRESENTATION_CONTEXT ( 'NONE', 'WORKASPACE' ) );
#7587 = PRESENTATION_LAYER_ASSIGNMENT (  '', '', ( #6711 ) ) ;
#7588 = ORIENTED_EDGE ( 'NONE', *, *, #5037, .T. ) ;
#7589 = PRESENTATION_STYLE_ASSIGNMENT (( #7656 ) ) ;
#7590 = FILL_AREA_STYLE_COLOUR ( '', #11092 ) ;
#7591 = FACE_OUTER_BOUND ( 'NONE', #1734, .T. ) ;
#7592 =( NAMED_UNIT ( * ) SI_UNIT ( $, .STERADIAN. ) SOLID_ANGLE_UNIT ( ) );
#7593 = ADVANCED_FACE ( 'NONE', ( #8552 ), #3959, .T. ) ;
#7594 = ORIENTED_EDGE ( 'NONE', *, *, #11857, .F. ) ;
#7595 = DIRECTION ( 'NONE',  ( 0.0000000000000000000, -1.000000000000000000, 0.0000000000000000000 ) ) ;
#7596 = EDGE_LOOP ( 'NONE', ( #2785, #846, #9057, #3131 ) ) ;
#7597 = VERTEX_POINT ( 'NONE', #8692 ) ;
#7598 = DIRECTION ( 'NONE',  ( 0.0000000000000000000, -1.000000000000000000, 0.0000000000000000000 ) ) ;
#7599 = PRESENTATION_LAYER_ASSIGNMENT (  '', '', ( #5670 ) ) ;
#7600 = CIRCLE ( 'NONE', #7383, 4.250000000016470381 ) ;
#7601 = FILL_AREA_STYLE ('',( #7762 ) ) ;
#7602 = SURFACE_SIDE_STYLE ('',( #6315 ) ) ;
#7603 = FACE_OUTER_BOUND ( 'NONE', #5526, .T. ) ;
#7604 =( NAMED_UNIT ( * ) PLANE_ANGLE_UNIT ( ) SI_UNIT ( $, .RADIAN. ) );
#7605 = CARTESIAN_POINT ( 'NONE',  ( 42.44674335738390170, 3.000000000000000000, -0.9832966566726730751 ) ) ;
#7606 = DIRECTION ( 'NONE',  ( 0.0000000000000000000, -0.01745240643728355329, -0.9998476951563912696 ) ) ;
#7607 = STYLED_ITEM ( 'NONE', ( #2483 ), #750 ) ;
#7608 = COLOUR_RGB ( '',0.7529411764705882248, 0.7529411764705882248, 0.7529411764705882248 ) ;
#7609 = ORIENTED_EDGE ( 'NONE', *, *, #10857, .F. ) ;
#7610 = VERTEX_POINT ( 'NONE', #11413 ) ;
#7611 = FILL_AREA_STYLE_COLOUR ( '', #7001 ) ;
#7612 = PRESENTATION_STYLE_ASSIGNMENT (( #5312 ) ) ;
#7613 = DIRECTION ( 'NONE',  ( 0.0000000000000000000, -1.000000000000000000, 0.0000000000000000000 ) ) ;
#7614 = COLOUR_RGB ( '',0.7529411764705882248, 0.7529411764705882248, 0.7529411764705882248 ) ;
#7615 = FILL_AREA_STYLE_COLOUR ( '', #2459 ) ;
#7616 = DIRECTION ( 'NONE',  ( 1.000000000000000000, 0.0000000000000000000, 0.0000000000000000000 ) ) ;
#7617 = SURFACE_SIDE_STYLE ('',( #3571 ) ) ;
#7618 = EDGE_CURVE ( 'NONE', #9665, #2352, #1934, .T. ) ;
#7619 = DIRECTION ( 'NONE',  ( 0.0000000000000000000, 0.7071067811865470176, -0.7071067811865480168 ) ) ;
#7620 = PLANE ( 'NONE',  #6871 ) ;
#7621 = AXIS2_PLACEMENT_3D ( 'NONE', #6133, #5244, #8007 ) ;
#7622 = PRESENTATION_STYLE_ASSIGNMENT (( #8135 ) ) ;
#7623 = LINE ( 'NONE', #4325, #5220 ) ;
#7624 = PRESENTATION_LAYER_ASSIGNMENT (  '', '', ( #5691 ) ) ;
#7625 = SURFACE_STYLE_USAGE ( .BOTH. , #9417 ) ;
#7626 = DIRECTION ( 'NONE',  ( 0.0000000000000000000, -1.000000000000000000, 0.0000000000000000000 ) ) ;
#7627 = EDGE_LOOP ( 'NONE', ( #487, #8901, #8499, #12242 ) ) ;
#7628 = CARTESIAN_POINT ( 'NONE',  ( 52.50000000000000000, 3.000000000000000000, -15.00000000000000000 ) ) ;
#7629 = B_SPLINE_CURVE_WITH_KNOTS ( 'NONE', 3,
 ( #12191, #4632, #6527, #9432 ),
 .UNSPECIFIED., .F., .F.,
 ( 4, 4 ),
 ( 4.274242264195645272E-15, 0.002400540168332094843 ),
 .UNSPECIFIED. ) ;
#7630 = CARTESIAN_POINT ( 'NONE',  ( -26.50000000000000000, 1.199999999999999956, 6.299999999999999822 ) ) ;
#7631 = SURFACE_SIDE_STYLE ('',( #8227 ) ) ;
#7632 = EDGE_CURVE ( 'NONE', #5844, #2763, #4509, .T. ) ;
#7633 = MECHANICAL_DESIGN_GEOMETRIC_PRESENTATION_REPRESENTATION (  '', ( #6757 ), #8034 ) ;
#7634 = MECHANICAL_DESIGN_GEOMETRIC_PRESENTATION_REPRESENTATION (  '', ( #12064 ), #4837 ) ;
#7635 = CARTESIAN_POINT ( 'NONE',  ( 39.61916944630500126, 3.500000000000000000, 0.7188932328151240725 ) ) ;
#7636 = VERTEX_POINT ( 'NONE', #7765 ) ;
#7637 = PRESENTATION_STYLE_ASSIGNMENT (( #5762 ) ) ;
#7638 =( GEOMETRIC_REPRESENTATION_CONTEXT ( 3 ) GLOBAL_UNCERTAINTY_ASSIGNED_CONTEXT ( ( #454 ) ) GLOBAL_UNIT_ASSIGNED_CONTEXT ( ( #9897, #4173, #5137 ) ) REPRESENTATION_CONTEXT ( 'NONE', 'WORKASPACE' ) );
#7639 = DIRECTION ( 'NONE',  ( -0.0000000000000000000, 0.01745240643728355329, 0.9998476951563912696 ) ) ;
#7640 = FILL_AREA_STYLE ('',( #1753 ) ) ;
#7641 = SURFACE_SIDE_STYLE ('',( #5530 ) ) ;
#7642 = DIRECTION ( 'NONE',  ( 0.0000000000000000000, 0.0000000000000000000, -1.000000000000000000 ) ) ;
#7643 = ORIENTED_EDGE ( 'NONE', *, *, #5686, .T. ) ;
#7644 = CARTESIAN_POINT ( 'NONE',  ( 37.47009096146980767, 3.000000000000000000, 2.349013996001439786 ) ) ;
#7645 = UNCERTAINTY_MEASURE_WITH_UNIT (LENGTH_MEASURE( 1.000000000000000082E-05 ), #8691, 'distance_accuracy_value', 'NONE');
#7646 = SURFACE_STYLE_USAGE ( .BOTH. , #12283 ) ;
#7647 = LINE ( 'NONE', #1135, #2232 ) ;
#7648 = ORIENTED_EDGE ( 'NONE', *, *, #5329, .F. ) ;
#7649 = ORIENTED_EDGE ( 'NONE', *, *, #12332, .T. ) ;
#7651 = VERTEX_POINT ( 'NONE', #3909 ) ;
#7650 = VECTOR ( 'NONE', #6116, 1000.000000000000000 ) ;
#7652 = DIRECTION ( 'NONE',  ( 0.0000000000000000000, 1.000000000000000000, 0.0000000000000000000 ) ) ;
#7653 = ADVANCED_FACE ( 'NONE', ( #12390 ), #11491, .T. ) ;
#7654 =( GEOMETRIC_REPRESENTATION_CONTEXT ( 3 ) GLOBAL_UNCERTAINTY_ASSIGNED_CONTEXT ( ( #3116 ) ) GLOBAL_UNIT_ASSIGNED_CONTEXT ( ( #7507, #4575, #747 ) ) REPRESENTATION_CONTEXT ( 'NONE', 'WORKASPACE' ) );
#7655 = EDGE_LOOP ( 'NONE', ( #1552, #5330, #2026, #6867 ) ) ;
#7656 = SURFACE_STYLE_USAGE ( .BOTH. , #8576 ) ;
#7657 = EDGE_LOOP ( 'NONE', ( #10309, #5093, #11209, #7051 ) ) ;
#7658 = LINE ( 'NONE', #4539, #2693 ) ;
#7659 = FILL_AREA_STYLE ('',( #6983 ) ) ;
#7660 = DIRECTION ( 'NONE',  ( 0.0000000000000000000, -1.000000000000000000, 0.0000000000000000000 ) ) ;
#7661 =( GEOMETRIC_REPRESENTATION_CONTEXT ( 3 ) GLOBAL_UNCERTAINTY_ASSIGNED_CONTEXT ( ( #9361 ) ) GLOBAL_UNIT_ASSIGNED_CONTEXT ( ( #4653, #7863, #11608 ) ) REPRESENTATION_CONTEXT ( 'NONE', 'WORKASPACE' ) );
#7662 = DIRECTION ( 'NONE',  ( 0.0000000000000000000, -1.000000000000000000, 0.0000000000000000000 ) ) ;
#7663 = EDGE_CURVE ( 'NONE', #11604, #10844, #4193, .T. ) ;
#7664 = ORIENTED_EDGE ( 'NONE', *, *, #688, .T. ) ;
#7665 = ORIENTED_EDGE ( 'NONE', *, *, #11017, .F. ) ;
#7666 = EDGE_CURVE ( 'NONE', #8851, #9162, #11278, .T. ) ;
#7667 = ORIENTED_EDGE ( 'NONE', *, *, #2174, .T. ) ;
#7668 = FACE_OUTER_BOUND ( 'NONE', #9687, .T. ) ;
#7670 = ORIENTED_EDGE ( 'NONE', *, *, #3285, .F. ) ;
#7669 = SURFACE_STYLE_USAGE ( .BOTH. , #910 ) ;
#7671 =( NAMED_UNIT ( * ) PLANE_ANGLE_UNIT ( ) SI_UNIT ( $, .RADIAN. ) );
#7672 = DIRECTION ( 'NONE',  ( 0.0000000000000000000, 0.0000000000000000000, -1.000000000000000000 ) ) ;
#7673 =( NAMED_UNIT ( * ) PLANE_ANGLE_UNIT ( ) SI_UNIT ( $, .RADIAN. ) );
#7674 = STYLED_ITEM ( 'NONE', ( #9999 ), #5127 ) ;
#7675 = CARTESIAN_POINT ( 'NONE',  ( -51.60000000000000142, -1.500000000000000000, -5.599632742307179889 ) ) ;
#7676 = ORIENTED_EDGE ( 'NONE', *, *, #4425, .T. ) ;
#7677 = MECHANICAL_DESIGN_GEOMETRIC_PRESENTATION_REPRESENTATION (  '', ( #1873 ), #8305 ) ;
#7678 = PRESENTATION_LAYER_ASSIGNMENT (  '', '', ( #9181 ) ) ;
#7679 = PRESENTATION_LAYER_ASSIGNMENT (  '', '', ( #7035 ) ) ;
#7680 = DIRECTION ( 'NONE',  ( 0.0000000000000000000, 0.0000000000000000000, -1.000000000000000000 ) ) ;
#7681 = UNCERTAINTY_MEASURE_WITH_UNIT (LENGTH_MEASURE( 1.000000000000000082E-05 ), #3901, 'distance_accuracy_value', 'NONE');
#7682 =( NAMED_UNIT ( * ) SI_UNIT ( $, .STERADIAN. ) SOLID_ANGLE_UNIT ( ) );
#7683 = CARTESIAN_POINT ( 'NONE',  ( 51.29999999999999716, -1.200000000000011724, -15.00000000000000000 ) ) ;
#7684 = VERTEX_POINT ( 'NONE', #3865 ) ;
#7685 = FACE_OUTER_BOUND ( 'NONE', #4531, .T. ) ;
#7686 = CARTESIAN_POINT ( 'NONE',  ( -24.85040973523835106, 1.200000000001046008, 4.891892155827740396 ) ) ;
#7687 = EDGE_CURVE ( 'NONE', #8993, #11205, #6677, .T. ) ;
#7688 =( GEOMETRIC_REPRESENTATION_CONTEXT ( 3 ) GLOBAL_UNCERTAINTY_ASSIGNED_CONTEXT ( ( #1342 ) ) GLOBAL_UNIT_ASSIGNED_CONTEXT ( ( #11106, #1475, #586 ) ) REPRESENTATION_CONTEXT ( 'NONE', 'WORKASPACE' ) );
#7689 = DIRECTION ( 'NONE',  ( 0.0000000000000000000, 1.000000000000000000, 0.0000000000000000000 ) ) ;
#7690 = MECHANICAL_DESIGN_GEOMETRIC_PRESENTATION_REPRESENTATION (  '', ( #985 ), #6429 ) ;
#7691 = LINE ( 'NONE', #9789, #751 ) ;
#7692 = CARTESIAN_POINT ( 'NONE',  ( 24.64663218114742094, -0.2526371020806708056, -13.66374242749991730 ) ) ;
#7693 = SURFACE_SIDE_STYLE ('',( #9207 ) ) ;
#7694 = UNCERTAINTY_MEASURE_WITH_UNIT (LENGTH_MEASURE( 1.000000000000000082E-05 ), #2387, 'distance_accuracy_value', 'NONE');
#7695 = SURFACE_STYLE_FILL_AREA ( #8288 ) ;
#7696 = EDGE_CURVE ( 'NONE', #2135, #6699, #11789, .T. ) ;
#7697 = FILL_AREA_STYLE ('',( #10400 ) ) ;
#7698 = CARTESIAN_POINT ( 'NONE',  ( -51.29999999999999716, 1.555634023589875792, -10.50000000000000000 ) ) ;
#7699 = CARTESIAN_POINT ( 'NONE',  ( -27.34565795650905784, -0.3600066220368780545, -13.72423047225661996 ) ) ;
#7700 = PRESENTATION_LAYER_ASSIGNMENT (  '', '', ( #11111 ) ) ;
#7701 = MECHANICAL_DESIGN_GEOMETRIC_PRESENTATION_REPRESENTATION (  '', ( #10875 ), #11748 ) ;
#7702 = DIRECTION ( 'NONE',  ( 0.0000000000000000000, 0.0000000000000000000, 1.000000000000000000 ) ) ;
#7703 = ORIENTED_EDGE ( 'NONE', *, *, #8199, .T. ) ;
#7705 = AXIS2_PLACEMENT_3D ( 'NONE', #420, #1471, #7093 ) ;
#7704 = B_SPLINE_CURVE_WITH_KNOTS ( 'NONE', 3,
 ( #4569, #12131, #8250, #11060, #12006, #2505, #1603, #7455, #2631, #5523, #1652, #7414, #9333, #10231, #5435, #2593, #6431, #6384, #10188, #11233 ),
 .UNSPECIFIED., .F., .F.,
 ( 4, 1, 1, 1, 2, 2, 2, 1, 1, 1, 2, 2, 4 ),
 ( 0.0000000000000000000, 0.1250000000000059952, 0.1875000000000099920, 0.2187500000000109912, 0.2343750000000114908, 0.2500000000000119904, 0.5000000000000279776, 0.6250000000000359712, 0.6875000000000379696, 0.7187500000000389688, 0.7343750000000379696, 0.7500000000000369704, 1.000000000000000000 ),
 .UNSPECIFIED. ) ;
#7706 = ADVANCED_FACE ( 'NONE', ( #11354 ), #12401, .T. ) ;
#7707 = FILL_AREA_STYLE ('',( #6756 ) ) ;
#7708 = PRESENTATION_STYLE_ASSIGNMENT (( #2875 ) ) ;
#7709 = VERTEX_POINT ( 'NONE', #4876 ) ;
#7710 = CARTESIAN_POINT ( 'NONE',  ( 40.83589939483304931, 3.500000000000000000, -0.3789394778537300001 ) ) ;
#7711 = EDGE_CURVE ( 'NONE', #784, #2728, #9577, .T. ) ;
#7712 = PRESENTATION_STYLE_ASSIGNMENT (( #4065 ) ) ;
#7713 = PLANE ( 'NONE',  #208 ) ;
#7714 = EDGE_LOOP ( 'NONE', ( #3780, #5566, #6418, #8388 ) ) ;
#7715 = FACE_OUTER_BOUND ( 'NONE', #7528, .T. ) ;
#7716 =( NAMED_UNIT ( * ) PLANE_ANGLE_UNIT ( ) SI_UNIT ( $, .RADIAN. ) );
#7717 = PRESENTATION_LAYER_ASSIGNMENT (  '', '', ( #4109 ) ) ;
#7718 =( NAMED_UNIT ( * ) PLANE_ANGLE_UNIT ( ) SI_UNIT ( $, .RADIAN. ) );
#7719 = ORIENTED_EDGE ( 'NONE', *, *, #1249, .T. ) ;
#7720 = UNCERTAINTY_MEASURE_WITH_UNIT (LENGTH_MEASURE( 1.000000000000000082E-05 ), #6535, 'distance_accuracy_value', 'NONE');
#7721 = FACE_OUTER_BOUND ( 'NONE', #4825, .T. ) ;
#7722 = DIRECTION ( 'NONE',  ( 0.0000000000000000000, 0.0000000000000000000, 1.000000000000000000 ) ) ;
#7723 = MECHANICAL_DESIGN_GEOMETRIC_PRESENTATION_REPRESENTATION (  '', ( #4525 ), #5393 ) ;
#7724 = ORIENTED_EDGE ( 'NONE', *, *, #12002, .F. ) ;
#7725 = LINE ( 'NONE', #12326, #5172 ) ;
#7726 = VECTOR ( 'NONE', #547, 1000.000000000000000 ) ;
#7727 = FILL_AREA_STYLE_COLOUR ( '', #992 ) ;
#7728 = EDGE_CURVE ( 'NONE', #10920, #6244, #4338, .T. ) ;
#7729 = VERTEX_POINT ( 'NONE', #8605 ) ;
#7730 = UNCERTAINTY_MEASURE_WITH_UNIT (LENGTH_MEASURE( 1.000000000000000082E-05 ), #9773, 'distance_accuracy_value', 'NONE');
#7731 = DIRECTION ( 'NONE',  ( 0.0000000000000000000, 0.0000000000000000000, 1.000000000000000000 ) ) ;
#7732 =( NAMED_UNIT ( * ) PLANE_ANGLE_UNIT ( ) SI_UNIT ( $, .RADIAN. ) );
#7733 = EDGE_CURVE ( 'NONE', #9866, #8234, #396, .T. ) ;
#7734 =( NAMED_UNIT ( * ) SI_UNIT ( $, .STERADIAN. ) SOLID_ANGLE_UNIT ( ) );
#7735 = EDGE_LOOP ( 'NONE', ( #7144, #6904, #6764, #12218 ) ) ;
#7736 = CARTESIAN_POINT ( 'NONE',  ( 52.50000000000000000, -1.700000000000025269, 10.00000000000000000 ) ) ;
#7737 = CYLINDRICAL_SURFACE ( 'NONE', #8235, 6.200000000000001066 ) ;
#7738 = SURFACE_STYLE_FILL_AREA ( #362 ) ;
#7739 = FILL_AREA_STYLE ('',( #2839 ) ) ;
#7740 = FACE_OUTER_BOUND ( 'NONE', #1711, .T. ) ;
#7741 = AXIS2_PLACEMENT_3D ( 'NONE', #3470, #2588, #8161 ) ;
#7742 = FACE_OUTER_BOUND ( 'NONE', #7492, .T. ) ;
#7743 = DIRECTION ( 'NONE',  ( 5.551115123125780730E-16, 0.0000000000000000000, 1.000000000000000000 ) ) ;
#7744 = DIRECTION ( 'NONE',  ( 1.000000000000000000, -1.099803476021706069E-14, 0.0000000000000000000 ) ) ;
#7746 = VERTEX_POINT ( 'NONE', #10508 ) ;
#7745 = DIRECTION ( 'NONE',  ( 0.0000000000000000000, 1.000000000000000000, 0.0000000000000000000 ) ) ;
#7747 = ORIENTED_EDGE ( 'NONE', *, *, #3629, .T. ) ;
#7748 =( GEOMETRIC_REPRESENTATION_CONTEXT ( 3 ) GLOBAL_UNCERTAINTY_ASSIGNED_CONTEXT ( ( #12304 ) ) GLOBAL_UNIT_ASSIGNED_CONTEXT ( ( #4103, #9904, #240 ) ) REPRESENTATION_CONTEXT ( 'NONE', 'WORKASPACE' ) );
#7749 = SURFACE_STYLE_FILL_AREA ( #12078 ) ;
#7750 = CARTESIAN_POINT ( 'NONE',  ( -25.84550502196820432, -0.3069809625912964801, 5.500000000000079048 ) ) ;
#7751 = CARTESIAN_POINT ( 'NONE',  ( 23.50000000000000000, 2.000000000000000000, -4.299999999999999822 ) ) ;
#7752 = LINE ( 'NONE', #7628, #2030 ) ;
#7753 =( NAMED_UNIT ( * ) PLANE_ANGLE_UNIT ( ) SI_UNIT ( $, .RADIAN. ) );
#7754 = VECTOR ( 'NONE', #7722, 1000.000000000000000 ) ;
#7755 = UNCERTAINTY_MEASURE_WITH_UNIT (LENGTH_MEASURE( 1.000000000000000082E-05 ), #5224, 'distance_accuracy_value', 'NONE');
#7756 = DIRECTION ( 'NONE',  ( 0.0000000000000000000, 1.000000000000000000, 0.0000000000000000000 ) ) ;
#7757 = CIRCLE ( 'NONE', #2281, 0.6912724675373497218 ) ;
#7758 = CARTESIAN_POINT ( 'NONE',  ( 42.03735978717114818, 1.799999999996694910, -1.189780437878082076 ) ) ;
#7759 = ORIENTED_EDGE ( 'NONE', *, *, #2391, .T. ) ;
#7760 = VERTEX_POINT ( 'NONE', #9752 ) ;
#7761 = VERTEX_POINT ( 'NONE', #1836 ) ;
#7762 = FILL_AREA_STYLE_COLOUR ( '', #180 ) ;
#7763 =( NAMED_UNIT ( * ) SI_UNIT ( $, .STERADIAN. ) SOLID_ANGLE_UNIT ( ) );
#7764 = LINE ( 'NONE', #8205, #6435 ) ;
#7765 = CARTESIAN_POINT ( 'NONE',  ( -51.29999999999999716, -1.199999999999999956, -13.79999999999999893 ) ) ;
#7766 = VECTOR ( 'NONE', #3788, 1000.000000000000114 ) ;
#7767 = AXIS2_PLACEMENT_3D ( 'NONE', #4560, #1507, #8281 ) ;
#7768 = VECTOR ( 'NONE', #320, 1000.000000000000000 ) ;
#7769 = CARTESIAN_POINT ( 'NONE',  ( -24.85040973523835106, 1.200000000001091971, 6.108107844172259604 ) ) ;
#7770 = CONICAL_SURFACE ( 'NONE', #6689, 269.5123374017305196, 1.047197551196588527 ) ;
#7771 = CARTESIAN_POINT ( 'NONE',  ( -5.260073305218189610, 1.958948855261809952, 6.144046930124829942 ) ) ;
#7772 = ADVANCED_FACE ( 'NONE', ( #1150 ), #10603, .F. ) ;
#7773 = SURFACE_STYLE_FILL_AREA ( #3683 ) ;
#7774 = LINE ( 'NONE', #9211, #8810 ) ;
#7775 = PRESENTATION_STYLE_ASSIGNMENT (( #3274 ) ) ;
#7776 = CARTESIAN_POINT ( 'NONE',  ( -52.20000000000000284, -1.500000000000000000, -11.60036725769282029 ) ) ;
#7777 = PLANE ( 'NONE',  #7784 ) ;
#7778 = CARTESIAN_POINT ( 'NONE',  ( -27.14127246753589873, 1.800000000000000044, 4.858727532464190091 ) ) ;
#7779 = EDGE_CURVE ( 'NONE', #11053, #1649, #1743, .T. ) ;
#7780 = CARTESIAN_POINT ( 'NONE',  ( 23.50000000000000000, 1.200000000001454792, -5.299999999999999822 ) ) ;
#7781 = STYLED_ITEM ( 'NONE', ( #2222 ), #5385 ) ;
#7782 = CARTESIAN_POINT ( 'NONE',  ( -44.79932197965934648, -0.4000000000000000222, -10.00000000000000000 ) ) ;
#7783 = PRESENTATION_LAYER_ASSIGNMENT (  '', '', ( #1315 ) ) ;
#7784 = AXIS2_PLACEMENT_3D ( 'NONE', #10636, #5897, #8769 ) ;
#7785 = FACE_OUTER_BOUND ( 'NONE', #6940, .T. ) ;
#7786 = CARTESIAN_POINT ( 'NONE',  ( -30.86615601324744773, 3.066987298111644833, 12.76861709975822023 ) ) ;
#7787 = DIRECTION ( 'NONE',  ( -4.041951713077129570E-45, 1.000000000000000000, 4.934173818269350187E-31 ) ) ;
#7788 = DIRECTION ( 'NONE',  ( 0.0000000000000000000, 0.0000000000000000000, -1.000000000000000000 ) ) ;
#7789 = PRESENTATION_STYLE_ASSIGNMENT (( #2328 ) ) ;
#7790 = SURFACE_STYLE_FILL_AREA ( #11654 ) ;
#7791 = ORIENTED_EDGE ( 'NONE', *, *, #10103, .F. ) ;
#7792 = ORIENTED_EDGE ( 'NONE', *, *, #3631, .T. ) ;
#7793 = CARTESIAN_POINT ( 'NONE',  ( -51.39128176890459798, 3.054732572362297116, -14.99999999069800083 ) ) ;
#7794 = ORIENTED_EDGE ( 'NONE', *, *, #4091, .F. ) ;
#7795 = EDGE_LOOP ( 'NONE', ( #6597, #2353, #4737 ) ) ;
#7796 = AXIS2_PLACEMENT_3D ( 'NONE', #1810, #10547, #940 ) ;
#7797 = ORIENTED_EDGE ( 'NONE', *, *, #8294, .T. ) ;
#7798 = PRESENTATION_STYLE_ASSIGNMENT (( #11150 ) ) ;
#7799 = MECHANICAL_DESIGN_GEOMETRIC_PRESENTATION_REPRESENTATION (  '', ( #6046 ), #11601 ) ;
#7800 = SURFACE_STYLE_USAGE ( .BOTH. , #2124 ) ;
#7801 = DIRECTION ( 'NONE',  ( 0.5492864297666499862, 0.0000000000000000000, -0.8356341412808641067 ) ) ;
#7802 =( GEOMETRIC_REPRESENTATION_CONTEXT ( 3 ) GLOBAL_UNCERTAINTY_ASSIGNED_CONTEXT ( ( #2332 ) ) GLOBAL_UNIT_ASSIGNED_CONTEXT ( ( #11629, #154, #4896 ) ) REPRESENTATION_CONTEXT ( 'NONE', 'WORKASPACE' ) );
#7803 = DIRECTION ( 'NONE',  ( 0.0000000000000000000, 0.0000000000000000000, -1.000000000000000000 ) ) ;
#7804 = FILL_AREA_STYLE ('',( #11073 ) ) ;
#7805 =( NAMED_UNIT ( * ) PLANE_ANGLE_UNIT ( ) SI_UNIT ( $, .RADIAN. ) );
#7806 = ORIENTED_EDGE ( 'NONE', *, *, #10815, .F. ) ;
#7807 = ORIENTED_EDGE ( 'NONE', *, *, #9397, .T. ) ;
#7808 = FILL_AREA_STYLE_COLOUR ( '', #6135 ) ;
#7809 = EDGE_CURVE ( 'NONE', #7557, #7408, #5840, .T. ) ;
#7810 = ORIENTED_EDGE ( 'NONE', *, *, #8894, .T. ) ;
#7811 = COLOUR_RGB ( '',0.7529411764705882248, 0.7529411764705882248, 0.7529411764705882248 ) ;
#7812 = EDGE_LOOP ( 'NONE', ( #1310, #3338, #7667, #3388, #10161 ) ) ;
#7813 = FILL_AREA_STYLE ('',( #10343 ) ) ;
#7814 = EDGE_CURVE ( 'NONE', #1639, #11880, #10896, .T. ) ;
#7815 = ORIENTED_EDGE ( 'NONE', *, *, #930, .F. ) ;
#7816 = VECTOR ( 'NONE', #548, 1000.000000000000000 ) ;
#7817 = CARTESIAN_POINT ( 'NONE',  ( -52.20000000000000284, -1.199999999999999956, -14.69999999999999929 ) ) ;
#7818 = CARTESIAN_POINT ( 'NONE',  ( -68.60321982055950230, 1.199999999999999956, -5.908107844172279854 ) ) ;
#7819 = PRESENTATION_LAYER_ASSIGNMENT (  '', '', ( #2667 ) ) ;
#7820 = ORIENTED_EDGE ( 'NONE', *, *, #8043, .T. ) ;
#7821 = CIRCLE ( 'NONE', #2415, 1.400000000000000133 ) ;
#7822 = SURFACE_SIDE_STYLE ('',( #9203 ) ) ;
#7823 = ORIENTED_EDGE ( 'NONE', *, *, #267, .T. ) ;
#7824 = CYLINDRICAL_SURFACE ( 'NONE', #12052, 0.8000000000000003775 ) ;
#7825 = FILL_AREA_STYLE ('',( #2957 ) ) ;
#7826 = AXIS2_PLACEMENT_3D ( 'NONE', #525, #3260, #7117 ) ;
#7827 = EDGE_CURVE ( 'NONE', #3740, #11781, #8829, .T. ) ;
#7828 = TOROIDAL_SURFACE ( 'NONE', #759, 5.133974596215519881, 0.5000000000000179856 ) ;
#7829 = ORIENTED_EDGE ( 'NONE', *, *, #5463, .T. ) ;
#7830 = DIRECTION ( 'NONE',  ( 9.637352644330750740E-16, -1.000000000000000000, 6.023345402706629233E-17 ) ) ;
#7831 = ORIENTED_EDGE ( 'NONE', *, *, #7711, .F. ) ;
#7832 = PLANE ( 'NONE',  #9313 ) ;
#7833 = PRESENTATION_STYLE_ASSIGNMENT (( #4137 ) ) ;
#7834 = STYLED_ITEM ( 'NONE', ( #9710 ), #4775 ) ;
#7835 = CARTESIAN_POINT ( 'NONE',  ( -51.56317300507909351, 2.936614098896990654, -14.99999996763825827 ) ) ;
#7836 = CIRCLE ( 'NONE', #5929, 3.502943725138714548 ) ;
#7837 = UNCERTAINTY_MEASURE_WITH_UNIT (LENGTH_MEASURE( 1.000000000000000082E-05 ), #5277, 'distance_accuracy_value', 'NONE');
#7838 = UNCERTAINTY_MEASURE_WITH_UNIT (LENGTH_MEASURE( 1.000000000000000082E-05 ), #9672, 'distance_accuracy_value', 'NONE');
#7839 = DIRECTION ( 'NONE',  ( -0.4178170706402883905, -0.8660254037844379305, -0.2746432148835460940 ) ) ;
#7840 = ADVANCED_FACE ( 'NONE', ( #3293 ), #1192, .T. ) ;
#7842 = PRESENTATION_STYLE_ASSIGNMENT (( #12049 ) ) ;
#7841 = FILL_AREA_STYLE ('',( #9822 ) ) ;
#7843 = AXIS2_PLACEMENT_3D ( 'NONE', #840, #10406, #962 ) ;
#7845 = ORIENTED_EDGE ( 'NONE', *, *, #3749, .F. ) ;
#7844 =( GEOMETRIC_REPRESENTATION_CONTEXT ( 3 ) GLOBAL_UNCERTAINTY_ASSIGNED_CONTEXT ( ( #11089 ) ) GLOBAL_UNIT_ASSIGNED_CONTEXT ( ( #9823, #4151, #8875 ) ) REPRESENTATION_CONTEXT ( 'NONE', 'WORKASPACE' ) );
#7846 = CARTESIAN_POINT ( 'NONE',  ( 52.50000000000000000, -1.700000000000000178, -15.00000000000000000 ) ) ;
#7847 = PRESENTATION_STYLE_ASSIGNMENT (( #8540 ) ) ;
#7848 = SURFACE_SIDE_STYLE ('',( #8711 ) ) ;
#7849 = CARTESIAN_POINT ( 'NONE',  ( -52.50000000000000000, 3.000000000000000000, -15.00000000000000000 ) ) ;
#7850 = FILL_AREA_STYLE_COLOUR ( '', #4031 ) ;
#7851 = DIRECTION ( 'NONE',  ( 0.0000000000000000000, -1.000000000000000000, 0.0000000000000000000 ) ) ;
#7852 = CARTESIAN_POINT ( 'NONE',  ( -24.85040973523835106, 1.200000000001091971, 6.108107844172259604 ) ) ;
#7853 = CIRCLE ( 'NONE', #5632, 3.165089870141378547 ) ;
#7854 = CARTESIAN_POINT ( 'NONE',  ( -24.84067480924415250, 0.4000010255225301403, 6.122071878214289775 ) ) ;
#7855 = EDGE_CURVE ( 'NONE', #2622, #2249, #10367, .T. ) ;
#7856 = VECTOR ( 'NONE', #11102, 1000.000000000000000 ) ;
#7857 = ORIENTED_EDGE ( 'NONE', *, *, #10352, .T. ) ;
#7858 = PRESENTATION_LAYER_ASSIGNMENT (  '', '', ( #739 ) ) ;
#7859 =( NAMED_UNIT ( * ) SI_UNIT ( $, .STERADIAN. ) SOLID_ANGLE_UNIT ( ) );
#7860 = AXIS2_PLACEMENT_3D ( 'NONE', #1069, #4002, #1974 ) ;
#7861 = VECTOR ( 'NONE', #9814, 1000.000000000000000 ) ;
#7862 = DIRECTION ( 'NONE',  ( 6.166869547165669353E-17, -1.000000000000000000, 0.0000000000000000000 ) ) ;
#7863 =( NAMED_UNIT ( * ) PLANE_ANGLE_UNIT ( ) SI_UNIT ( $, .RADIAN. ) );
#7864 = SURFACE_STYLE_FILL_AREA ( #3189 ) ;
#7865 = ORIENTED_EDGE ( 'NONE', *, *, #11470, .F. ) ;
#7866 = SURFACE_STYLE_FILL_AREA ( #9188 ) ;
#7867 = FILL_AREA_STYLE ('',( #2193 ) ) ;
#7868 = EDGE_CURVE ( 'NONE', #8025, #11377, #7969, .T. ) ;
#7869 = SURFACE_STYLE_USAGE ( .BOTH. , #1082 ) ;
#7870 = CARTESIAN_POINT ( 'NONE',  ( 23.50000000000000000, 1.199999999999999956, -5.299999999999999822 ) ) ;
#7871 = MECHANICAL_DESIGN_GEOMETRIC_PRESENTATION_REPRESENTATION (  '', ( #355 ), #9620 ) ;
#7872 = EDGE_LOOP ( 'NONE', ( #3583, #1156, #1799, #7845, #6173, #7440, #11070, #7505, #5090, #10576 ) ) ;
#7873 = STYLED_ITEM ( 'NONE', ( #7025 ), #5578 ) ;
#7874 = CARTESIAN_POINT ( 'NONE',  ( 47.65810784417229939, 1.199999999999999956, 21.39567676978599664 ) ) ;
#7875 = SURFACE_STYLE_USAGE ( .BOTH. , #8741 ) ;
#7876 = AXIS2_PLACEMENT_3D ( 'NONE', #1794, #5713, #4672 ) ;
#7877 = CARTESIAN_POINT ( 'NONE',  ( -52.50000000000000000, 1.800000000015649970, 13.50294372513664065 ) ) ;
#7878 = LINE ( 'NONE', #10504, #9370 ) ;
#7879 = ORIENTED_EDGE ( 'NONE', *, *, #10317, .F. ) ;
#7880 = CARTESIAN_POINT ( 'NONE',  ( -49.70000000000000284, -1.200000000000000178, 21.39567676978599664 ) ) ;
#7881 = FACE_OUTER_BOUND ( 'NONE', #11582, .T. ) ;
#7882 = ORIENTED_EDGE ( 'NONE', *, *, #7959, .F. ) ;
#7883 = SURFACE_STYLE_FILL_AREA ( #7813 ) ;
#7884 = PRESENTATION_LAYER_ASSIGNMENT (  '', '', ( #4688 ) ) ;
#7885 = EDGE_LOOP ( 'NONE', ( #8920, #4280, #3734, #11649 ) ) ;
#7886 = FACE_OUTER_BOUND ( 'NONE', #11945, .T. ) ;
#7887 = DIRECTION ( 'NONE',  ( 1.000000000000000000, 1.233373909433133377E-16, -6.906893892825547308E-15 ) ) ;
#7888 = PLANE ( 'NONE',  #3204 ) ;
#7889 = PRESENTATION_LAYER_ASSIGNMENT (  '', '', ( #302 ) ) ;
#7890 = ORIENTED_EDGE ( 'NONE', *, *, #5236, .T. ) ;
#7891 = EDGE_LOOP ( 'NONE', ( #11052, #9039, #10912, #8487 ) ) ;
#7892 =( LENGTH_UNIT ( ) NAMED_UNIT ( * ) SI_UNIT ( .MILLI., .METRE. ) );
#7893 = FACE_OUTER_BOUND ( 'NONE', #3579, .T. ) ;
#7894 = LINE ( 'NONE', #8120, #2327 ) ;
#7895 = ADVANCED_FACE ( 'NONE', ( #7103 ), #10168, .T. ) ;
#7896 = EDGE_CURVE ( 'NONE', #3008, #11693, #1627, .T. ) ;
#7897 = VECTOR ( 'NONE', #1111, 1000.000000000000000 ) ;
#7898 = CARTESIAN_POINT ( 'NONE',  ( 23.50000000000000000, 2.000000000000000000, 6.500000000000000000 ) ) ;
#7899 = DIRECTION ( 'NONE',  ( 2.129595449599169631E-16, -1.000000000000000000, 0.0000000000000000000 ) ) ;
#7900 = EDGE_CURVE ( 'NONE', #2243, #9665, #106, .T. ) ;
#7901 = DIRECTION ( 'NONE',  ( 0.0000000000000000000, 0.0000000000000000000, 1.000000000000000000 ) ) ;
#7902 = ORIENTED_EDGE ( 'NONE', *, *, #2220, .T. ) ;
#7903 = EDGE_LOOP ( 'NONE', ( #10765, #492, #12382, #660 ) ) ;
#7904 = DIRECTION ( 'NONE',  ( 1.000000000000000000, 0.0000000000000000000, 0.0000000000000000000 ) ) ;
#7905 = PRESENTATION_LAYER_ASSIGNMENT (  '', '', ( #8144 ) ) ;
#7906 = SURFACE_STYLE_FILL_AREA ( #489 ) ;
#7907 = TOROIDAL_SURFACE ( 'NONE', #11588, 4.000000000000000000, 0.5000000000000229816 ) ;
#7908 = FILL_AREA_STYLE ('',( #4172 ) ) ;
#7909 = FILL_AREA_STYLE ('',( #2319 ) ) ;
#7910 = UNCERTAINTY_MEASURE_WITH_UNIT (LENGTH_MEASURE( 1.000000000000000082E-05 ), #6462, 'distance_accuracy_value', 'NONE');
#7911 = MECHANICAL_DESIGN_GEOMETRIC_PRESENTATION_REPRESENTATION (  '', ( #3413 ), #9811 ) ;
#7912 = TOROIDAL_SURFACE ( 'NONE', #325, 5.133974596215559849, 0.5000000000000000000 ) ;
#7913 = AXIS2_PLACEMENT_3D ( 'NONE', #8445, #8530, #10434 ) ;
#7914 =( NAMED_UNIT ( * ) PLANE_ANGLE_UNIT ( ) SI_UNIT ( $, .RADIAN. ) );
#7915 = DIRECTION ( 'NONE',  ( 5.551115123125780730E-16, 0.0000000000000000000, 1.000000000000000000 ) ) ;
#7916 = DIRECTION ( 'NONE',  ( 0.0000000000000000000, 1.000000000000000000, 0.0000000000000000000 ) ) ;
#7917 = DIRECTION ( 'NONE',  ( 0.0000000000000000000, -1.000000000000000000, 0.0000000000000000000 ) ) ;
#7918 = DIRECTION ( 'NONE',  ( -0.9006591666653288586, 0.4345262540994679346, 0.0000000000000000000 ) ) ;
#7919 = CYLINDRICAL_SURFACE ( 'NONE', #7621, 0.4999999999999983902 ) ;
#7920 = CARTESIAN_POINT ( 'NONE',  ( 23.50000000000000000, -1.200000000021375079, -5.299999999999999822 ) ) ;
#7921 = FACE_OUTER_BOUND ( 'NONE', #10777, .T. ) ;
#7922 = CARTESIAN_POINT ( 'NONE',  ( -25.85872753246410127, 1.800000000000000044, 15.00000000000000000 ) ) ;
#7923 = CIRCLE ( 'NONE', #7490, 1.199999999999999734 ) ;
#7924 = EDGE_CURVE ( 'NONE', #3521, #10027, #9876, .T. ) ;
#7925 =( LENGTH_UNIT ( ) NAMED_UNIT ( * ) SI_UNIT ( .MILLI., .METRE. ) );
#7926 = DIRECTION ( 'NONE',  ( -0.9998476951563912696, 0.01745240643728355329, 3.125151836376745664E-16 ) ) ;
#7927 = CARTESIAN_POINT ( 'NONE',  ( 49.73491012985640225, 0.7999999999999999334, -12.23491012985643955 ) ) ;
#7928 = DIRECTION ( 'NONE',  ( 0.0000000000000000000, 0.0000000000000000000, 1.000000000000000000 ) ) ;
#7929 = CARTESIAN_POINT ( 'NONE',  ( -36.27522420357674804, 1.800000000002909939, 10.43924587845954122 ) ) ;
#7930 = AXIS2_PLACEMENT_3D ( 'NONE', #185, #1163, #7901 ) ;
#7931 = MECHANICAL_DESIGN_GEOMETRIC_PRESENTATION_REPRESENTATION (  '', ( #3829 ), #5123 ) ;
#7932 = SURFACE_STYLE_USAGE ( .BOTH. , #4084 ) ;
#7933 = COLOUR_RGB ( '',0.7529411764705882248, 0.7529411764705882248, 0.7529411764705882248 ) ;
#7934 = SURFACE_STYLE_FILL_AREA ( #8465 ) ;
#7935 = VERTEX_POINT ( 'NONE', #8137 ) ;
#7936 = CIRCLE ( 'NONE', #9639, 0.5000000000000420775 ) ;
#7937 = CARTESIAN_POINT ( 'NONE',  ( -6.816257061100359671, 2.125615521928465146, 6.146956107612860265 ) ) ;
#7938 = CARTESIAN_POINT ( 'NONE',  ( -26.50000000000000000, 1.199999999999999956, -3.899999999999999911 ) ) ;
#7939 = VECTOR ( 'NONE', #5674, 1000.000000000000000 ) ;
#7940 = CARTESIAN_POINT ( 'NONE',  ( -26.50000000000000000, 1.199999999999999956, 5.500000000000000000 ) ) ;
#7941 = EDGE_LOOP ( 'NONE', ( #3154, #277, #4899, #869, #2380 ) ) ;
#7942 = COLOUR_RGB ( '',0.7529411764705882248, 0.7529411764705882248, 0.7529411764705882248 ) ;
#7943 = EDGE_CURVE ( 'NONE', #1649, #5271, #8694, .T. ) ;
#7944 = CARTESIAN_POINT ( 'NONE',  ( -51.37350426823512350, 3.063122692646922829, -14.99999999999998224 ) ) ;
#7945 = MECHANICAL_DESIGN_GEOMETRIC_PRESENTATION_REPRESENTATION (  '', ( #3444 ), #6105 ) ;
#7946 = CIRCLE ( 'NONE', #5677, 0.1999999999999996503 ) ;
#7947 = STYLED_ITEM ( 'NONE', ( #4565 ), #9338 ) ;
#7948 = ORIENTED_EDGE ( 'NONE', *, *, #8849, .T. ) ;
#7949 = ORIENTED_EDGE ( 'NONE', *, *, #3793, .F. ) ;
#7950 = EDGE_LOOP ( 'NONE', ( #5928, #1152, #9441, #5704 ) ) ;
#7951 =( GEOMETRIC_REPRESENTATION_CONTEXT ( 3 ) GLOBAL_UNCERTAINTY_ASSIGNED_CONTEXT ( ( #1544 ) ) GLOBAL_UNIT_ASSIGNED_CONTEXT ( ( #10123, #2307, #4295 ) ) REPRESENTATION_CONTEXT ( 'NONE', 'WORKASPACE' ) );
#7953 = VERTEX_POINT ( 'NONE', #6183 ) ;
#7952 = DIRECTION ( 'NONE',  ( 5.477239797439252505E-17, 0.01745240643728355329, -0.9998476951563912696 ) ) ;
#7954 = FILL_AREA_STYLE_COLOUR ( '', #8806 ) ;
#7955 = CARTESIAN_POINT ( 'NONE',  ( -27.10810784417230224, 1.200000000001093081, -3.650409735240965237 ) ) ;
#7956 = ORIENTED_EDGE ( 'NONE', *, *, #1358, .T. ) ;
#7957 = LINE ( 'NONE', #1572, #2856 ) ;
#7958 = FILL_AREA_STYLE_COLOUR ( '', #7115 ) ;
#7959 = EDGE_CURVE ( 'NONE', #11604, #8302, #7354, .T. ) ;
#7960 =( NAMED_UNIT ( * ) PLANE_ANGLE_UNIT ( ) SI_UNIT ( $, .RADIAN. ) );
#7961 = CARTESIAN_POINT ( 'NONE',  ( -51.37747150831400234, 3.061250268090749849, -14.99999998912709920 ) ) ;
#7962 = FILL_AREA_STYLE ('',( #1251 ) ) ;
#7963 = DIRECTION ( 'NONE',  ( 0.0000000000000000000, 0.0000000000000000000, 1.000000000000000000 ) ) ;
#7964 = ADVANCED_FACE ( 'NONE', ( #2550 ), #1311, .T. ) ;
#7965 = ORIENTED_EDGE ( 'NONE', *, *, #11857, .T. ) ;
#7966 = VERTEX_POINT ( 'NONE', #5291 ) ;
#7967 =( GEOMETRIC_REPRESENTATION_CONTEXT ( 3 ) GLOBAL_UNCERTAINTY_ASSIGNED_CONTEXT ( ( #9779 ) ) GLOBAL_UNIT_ASSIGNED_CONTEXT ( ( #9675, #8725, #5968 ) ) REPRESENTATION_CONTEXT ( 'NONE', 'WORKASPACE' ) );
#7968 = ORIENTED_EDGE ( 'NONE', *, *, #7417, .F. ) ;
#7969 = LINE ( 'NONE', #7927, #9632 ) ;
#7970 = AXIS2_PLACEMENT_3D ( 'NONE', #11606, #167, #10780 ) ;
#7971 = SURFACE_SIDE_STYLE ('',( #12182 ) ) ;
#7972 = CARTESIAN_POINT ( 'NONE',  ( 47.50000000000000000, 3.000000000000000000, 15.00000000000000000 ) ) ;
#7973 = COLOUR_RGB ( '',0.7529411764705882248, 0.7529411764705882248, 0.7529411764705882248 ) ;
#7974 = AXIS2_PLACEMENT_3D ( 'NONE', #8524, #866, #10431 ) ;
#7975 = CARTESIAN_POINT ( 'NONE',  ( 37.63824873692700379, 2.299999999999999822, -4.649999999999919531 ) ) ;
#7976 =( NAMED_UNIT ( * ) PLANE_ANGLE_UNIT ( ) SI_UNIT ( $, .RADIAN. ) );
#7977 = CIRCLE ( 'NONE', #10876, 1.400000000000000133 ) ;
#7978 = EDGE_CURVE ( 'NONE', #8863, #9887, #699, .T. ) ;
#7979 = ORIENTED_EDGE ( 'NONE', *, *, #3963, .T. ) ;
#7980 = SURFACE_SIDE_STYLE ('',( #4990 ) ) ;
#7981 = DIRECTION ( 'NONE',  ( -1.000000000000000000, 0.0000000000000000000, 0.0000000000000000000 ) ) ;
#7982 = EDGE_CURVE ( 'NONE', #2311, #11572, #4490, .T. ) ;
#7983 = CARTESIAN_POINT ( 'NONE',  ( -28.14959026476165249, 1.200000000001091083, 6.108107844172259604 ) ) ;
#7984 = PRESENTATION_STYLE_ASSIGNMENT (( #4382 ) ) ;
#7985 =( NAMED_UNIT ( * ) SI_UNIT ( $, .STERADIAN. ) SOLID_ANGLE_UNIT ( ) );
#7986 = STYLED_ITEM ( 'NONE', ( #3531 ), #4066 ) ;
#7987 = CARTESIAN_POINT ( 'NONE',  ( -28.69999999999999929, -0.2000000000000000389, -12.21745506492821853 ) ) ;
#7988 = UNCERTAINTY_MEASURE_WITH_UNIT (LENGTH_MEASURE( 1.000000000000000082E-05 ), #9840, 'distance_accuracy_value', 'NONE');
#7989 = ORIENTED_EDGE ( 'NONE', *, *, #3424, .F. ) ;
#7990 = PRESENTATION_LAYER_ASSIGNMENT (  '', '', ( #6066 ) ) ;
#7991 = MECHANICAL_DESIGN_GEOMETRIC_PRESENTATION_REPRESENTATION (  '', ( #5662 ), #8456 ) ;
#7992 = VECTOR ( 'NONE', #278, 1000.000000000000000 ) ;
#7993 = PLANE ( 'NONE',  #1817 ) ;
#7994 = SURFACE_STYLE_FILL_AREA ( #221 ) ;
#7995 = DIRECTION ( 'NONE',  ( 0.0000000000000000000, -1.000000000000000000, 0.0000000000000000000 ) ) ;
#7996 = SURFACE_STYLE_USAGE ( .BOTH. , #1246 ) ;
#7997 = CARTESIAN_POINT ( 'NONE',  ( -26.50000000000000000, 1.199999999999999956, -5.299999999999999822 ) ) ;
#7998 = PLANE ( 'NONE',  #5170 ) ;
#7999 = CARTESIAN_POINT ( 'NONE',  ( -50.70000000000000284, -1.200000000000000178, 21.39567676978599664 ) ) ;
#8000 =( NAMED_UNIT ( * ) SI_UNIT ( $, .STERADIAN. ) SOLID_ANGLE_UNIT ( ) );
#8001 = CARTESIAN_POINT ( 'NONE',  ( -26.50000000000000000, -0.3069809625912964801, 5.500000000000079048 ) ) ;
#8002 = CARTESIAN_POINT ( 'NONE',  ( 51.29289321881350361, 3.000000000000000000, 10.00000000000000000 ) ) ;
#8003 = PRESENTATION_LAYER_ASSIGNMENT (  '', '', ( #10778 ) ) ;
#8004 = DIRECTION ( 'NONE',  ( 0.0000000000000000000, 1.000000000000000000, 0.0000000000000000000 ) ) ;
#8005 = CARTESIAN_POINT ( 'NONE',  ( 47.50000000000000000, 3.000000000000000000, 10.00000000000000000 ) ) ;
#8006 = FILL_AREA_STYLE ('',( #7048 ) ) ;
#8007 = DIRECTION ( 'NONE',  ( -0.8635884396940879393, 0.0000000000000000000, 0.5041973887543754751 ) ) ;
#8008 = ORIENTED_EDGE ( 'NONE', *, *, #816, .T. ) ;
#8009 = CARTESIAN_POINT ( 'NONE',  ( -68.60321982055950230, -1.200000000000000178, 6.150000000000000355 ) ) ;
#8010 = CARTESIAN_POINT ( 'NONE',  ( -23.94805654271386430, 2.132176417229951770, -11.13779739207102182 ) ) ;
#8011 =( NAMED_UNIT ( * ) SI_UNIT ( $, .STERADIAN. ) SOLID_ANGLE_UNIT ( ) );
#8012 = SURFACE_STYLE_USAGE ( .BOTH. , #11776 ) ;
#8013 = CARTESIAN_POINT ( 'NONE',  ( 23.50000000000000000, -0.6999999999999999556, 5.500000000000079048 ) ) ;
#8014 = ORIENTED_EDGE ( 'NONE', *, *, #6127, .T. ) ;
#8015 = EDGE_CURVE ( 'NONE', #10807, #11862, #4513, .T. ) ;
#8016 = SURFACE_STYLE_FILL_AREA ( #4107 ) ;
#8017 = DIRECTION ( 'NONE',  ( 0.0000000000000000000, 0.0000000000000000000, -1.000000000000000000 ) ) ;
#8018 = ADVANCED_FACE ( 'NONE', ( #10316 ), #5850, .F. ) ;
#8019 = VECTOR ( 'NONE', #10739, 1000.000000000000000 ) ;
#8020 = VERTEX_POINT ( 'NONE', #5365 ) ;
#8021 = AXIS2_PLACEMENT_3D ( 'NONE', #2237, #11829, #7235 ) ;
#8022 = VECTOR ( 'NONE', #1588, 1000.000000000000000 ) ;
#8023 = DIRECTION ( 'NONE',  ( 1.000000000000000000, 0.0000000000000000000, 0.0000000000000000000 ) ) ;
#8024 = CARTESIAN_POINT ( 'NONE',  ( -26.49979409913894912, 0.3761389023522334063, -7.072488381162420623 ) ) ;
#8025 = VERTEX_POINT ( 'NONE', #5438 ) ;
#8026 =( BOUNDED_CURVE ( )  B_SPLINE_CURVE ( 3, ( #6655, #11344, #859, #7563 ),
 .UNSPECIFIED., .F., .F. ) 
 B_SPLINE_CURVE_WITH_KNOTS ( ( 4, 4 ),
 ( 5.015722073940120040, 5.943348397725459975 ),
 .UNSPECIFIED. ) 
 CURVE ( )  GEOMETRIC_REPRESENTATION_ITEM ( )  RATIONAL_B_SPLINE_CURVE ( ( 1.000000000000000000, 0.9295687608260759793, 0.9295687608260759793, 1.000000000000000000 ) ) 
 REPRESENTATION_ITEM ( '' )  );
#8027 = ORIENTED_EDGE ( 'NONE', *, *, #6768, .F. ) ;
#8028 = VECTOR ( 'NONE', #3957, 1000.000000000000000 ) ;
#8029 = DIRECTION ( 'NONE',  ( 0.5773502691896217343, 0.5773502691896217343, -0.5773502691896338357 ) ) ;
#8030 = ORIENTED_EDGE ( 'NONE', *, *, #7943, .T. ) ;
#8031 = CARTESIAN_POINT ( 'NONE',  ( -52.20000000000000284, -0.1000000000000000056, -5.789937738537079603 ) ) ;
#8032 = CARTESIAN_POINT ( 'NONE',  ( 37.63824873692700379, 2.299999999999999822, -5.949999999999919353 ) ) ;
#8033 = CARTESIAN_POINT ( 'NONE',  ( -68.60321982055950230, -1.200000000000000178, -4.649999999999779199 ) ) ;
#8034 =( GEOMETRIC_REPRESENTATION_CONTEXT ( 3 ) GLOBAL_UNCERTAINTY_ASSIGNED_CONTEXT ( ( #9931 ) ) GLOBAL_UNIT_ASSIGNED_CONTEXT ( ( #3179, #9026, #4142 ) ) REPRESENTATION_CONTEXT ( 'NONE', 'WORKASPACE' ) );
#8035 = VERTEX_POINT ( 'NONE', #6353 ) ;
#8036 =( NAMED_UNIT ( * ) PLANE_ANGLE_UNIT ( ) SI_UNIT ( $, .RADIAN. ) );
#8037 = PRESENTATION_LAYER_ASSIGNMENT (  '', '', ( #7873 ) ) ;
#8038 = CARTESIAN_POINT ( 'NONE',  ( -26.50000000000000000, 2.000000000000000000, 5.500000000000000000 ) ) ;
#8039 = DIRECTION ( 'NONE',  ( 2.129595449599169631E-16, -1.000000000000000000, 0.0000000000000000000 ) ) ;
#8040 = CIRCLE ( 'NONE', #4256, 0.8000000000000003775 ) ;
#8041 = DIRECTION ( 'NONE',  ( -1.000000000000000000, -1.003088512701683880E-31, 1.812584574444034726E-47 ) ) ;
#8042 = PLANE ( 'NONE',  #7545 ) ;
#8043 = EDGE_CURVE ( 'NONE', #6345, #11116, #3305, .T. ) ;
#8044 = LINE ( 'NONE', #11483, #8482 ) ;
#8045 = ORIENTED_EDGE ( 'NONE', *, *, #8973, .T. ) ;
#8046 = EDGE_CURVE ( 'NONE', #3539, #6986, #7658, .T. ) ;
#8047 = CARTESIAN_POINT ( 'NONE',  ( -52.50000000000000000, -1.199999999999999956, 13.79999999999999893 ) ) ;
#8048 = VERTEX_POINT ( 'NONE', #8373 ) ;
#8049 =( NAMED_UNIT ( * ) PLANE_ANGLE_UNIT ( ) SI_UNIT ( $, .RADIAN. ) );
#8050 = FILL_AREA_STYLE_COLOUR ( '', #3862 ) ;
#8051 = VECTOR ( 'NONE', #4355, 1000.000000000000000 ) ;
#8052 = CARTESIAN_POINT ( 'NONE',  ( 51.29999999999999716, 1.502943725152305010, 10.00000000000000000 ) ) ;
#8053 = PRESENTATION_STYLE_ASSIGNMENT (( #8567 ) ) ;
#8054 = ORIENTED_EDGE ( 'NONE', *, *, #9572, .T. ) ;
#8055 = AXIS2_PLACEMENT_3D ( 'NONE', #2592, #12090, #10107 ) ;
#8056 = ORIENTED_EDGE ( 'NONE', *, *, #8770, .F. ) ;
#8057 = CARTESIAN_POINT ( 'NONE',  ( -27.14127246753589873, 1.800000000000000044, 4.858727532464190091 ) ) ;
#8058 = EDGE_CURVE ( 'NONE', #2769, #742, #2389, .T. ) ;
#8059 = CIRCLE ( 'NONE', #2185, 0.8000000000000003775 ) ;
#8060 = FACE_OUTER_BOUND ( 'NONE', #7950, .T. ) ;
#8061 = CYLINDRICAL_SURFACE ( 'NONE', #11906, 0.8000000000000003775 ) ;
#8062 =( GEOMETRIC_REPRESENTATION_CONTEXT ( 3 ) GLOBAL_UNCERTAINTY_ASSIGNED_CONTEXT ( ( #6387 ) ) GLOBAL_UNIT_ASSIGNED_CONTEXT ( ( #2774, #11381, #7682 ) ) REPRESENTATION_CONTEXT ( 'NONE', 'WORKASPACE' ) );
#8063 = PRESENTATION_STYLE_ASSIGNMENT (( #8168 ) ) ;
#8064 = VECTOR ( 'NONE', #2266, 1000.000000000000000 ) ;
#8065 = CARTESIAN_POINT ( 'NONE',  ( -50.66508987014370291, 0.7999999999940891060, 21.39567676978599664 ) ) ;
#8066 = DIRECTION ( 'NONE',  ( 0.0000000000000000000, 0.0000000000000000000, 1.000000000000000000 ) ) ;
#8067 = VECTOR ( 'NONE', #9239, 1000.000000000000000 ) ;
#8068 = STYLED_ITEM ( 'NONE', ( #7119 ), #1067 ) ;
#8069 = LINE ( 'NONE', #3855, #4927 ) ;
#8070 = DIRECTION ( 'NONE',  ( 1.859295415067325306E-17, 0.01745240643728355329, 0.9998476951563912696 ) ) ;
#8071 = FILL_AREA_STYLE_COLOUR ( '', #8716 ) ;
#8072 = SURFACE_STYLE_FILL_AREA ( #10938 ) ;
#8073 = FILL_AREA_STYLE ('',( #5144 ) ) ;
#8074 =( NAMED_UNIT ( * ) PLANE_ANGLE_UNIT ( ) SI_UNIT ( $, .RADIAN. ) );
#8075 = ADVANCED_FACE ( 'NONE', ( #3585 ), #1610, .T. ) ;
#8076 = VERTEX_POINT ( 'NONE', #5324 ) ;
#8077 = CARTESIAN_POINT ( 'NONE',  ( 47.50000000000000000, -2.699999999898140324, 14.00000000011188028 ) ) ;
#8078 = ORIENTED_EDGE ( 'NONE', *, *, #6040, .F. ) ;
#8079 = COLOUR_RGB ( '',0.7529411764705882248, 0.7529411764705882248, 0.7529411764705882248 ) ;
#8080 = CARTESIAN_POINT ( 'NONE',  ( -22.25381678670834873, 2.460769515458679724, 32.18517163122274383 ) ) ;
#8081 = VECTOR ( 'NONE', #6960, 1000.000000000000000 ) ;
#8082 = EDGE_CURVE ( 'NONE', #10355, #2612, #249, .T. ) ;
#8083 = FILL_AREA_STYLE ('',( #10617 ) ) ;
#8085 = EDGE_LOOP ( 'NONE', ( #10146, #1168, #3911, #1462 ) ) ;
#8084 = CARTESIAN_POINT ( 'NONE',  ( -51.29999999999999716, -0.4000000000000000222, -7.200000000000000178 ) ) ;
#8086 = CARTESIAN_POINT ( 'NONE',  ( 23.50000000000000000, 1.799999999832379904, -5.299999999999919886 ) ) ;
#8087 = ORIENTED_EDGE ( 'NONE', *, *, #1340, .T. ) ;
#8088 = EDGE_LOOP ( 'NONE', ( #6969, #1244, #11229, #239 ) ) ;
#8089 = AXIS2_PLACEMENT_3D ( 'NONE', #4076, #2981, #10661 ) ;
#8090 = DIRECTION ( 'NONE',  ( 0.0000000000000000000, 0.0000000000000000000, 1.000000000000000000 ) ) ;
#8091 = CARTESIAN_POINT ( 'NONE',  ( -23.16378353684860869, 2.257633317719740074, -10.60930907236088316 ) ) ;
#8092 = ORIENTED_EDGE ( 'NONE', *, *, #3402, .T. ) ;
#8093 = DIRECTION ( 'NONE',  ( 0.0000000000000000000, 0.0000000000000000000, 1.000000000000000000 ) ) ;
#8094 = CARTESIAN_POINT ( 'NONE',  ( 24.14127246753590228, 1.799999999999039924, 2.567318290878569886 ) ) ;
#8095 =( GEOMETRIC_REPRESENTATION_CONTEXT ( 3 ) GLOBAL_UNCERTAINTY_ASSIGNED_CONTEXT ( ( #6048 ) ) GLOBAL_UNIT_ASSIGNED_CONTEXT ( ( #1937, #3037, #4642 ) ) REPRESENTATION_CONTEXT ( 'NONE', 'WORKASPACE' ) );
#8096 = ADVANCED_FACE ( 'NONE', ( #5835 ), #3481, .T. ) ;
#8097 = ORIENTED_EDGE ( 'NONE', *, *, #5883, .F. ) ;
#8098 = DIRECTION ( 'NONE',  ( -4.492333333024109908E-33, -5.504375069206810435E-16, 1.000000000000000000 ) ) ;
#8099 = EDGE_LOOP ( 'NONE', ( #8643, #4154, #2930, #3596 ) ) ;
#8101 = ORIENTED_EDGE ( 'NONE', *, *, #11425, .F. ) ;
#8100 = VECTOR ( 'NONE', #116, 1000.000000000000000 ) ;
#8102 = DIRECTION ( 'NONE',  ( -0.0000000000000000000, 1.000000000000000000, 0.0000000000000000000 ) ) ;
#8103 = ORIENTED_EDGE ( 'NONE', *, *, #2744, .F. ) ;
#8104 = LINE ( 'NONE', #1848, #711 ) ;
#8105 = ORIENTED_EDGE ( 'NONE', *, *, #7295, .T. ) ;
#8106 = EDGE_CURVE ( 'NONE', #5491, #5932, #12074, .T. ) ;
#8107 =( BOUNDED_CURVE ( )  B_SPLINE_CURVE ( 3, ( #10754, #10717, #5087, #6146 ),
 .UNSPECIFIED., .F., .F. ) 
 B_SPLINE_CURVE_WITH_KNOTS ( ( 4, 4 ),
 ( 0.0000000000000000000, 1.000000000000000000 ),
 .UNSPECIFIED. ) 
 CURVE ( )  GEOMETRIC_REPRESENTATION_ITEM ( )  RATIONAL_B_SPLINE_CURVE ( ( 0.9999999675262849497, 0.9999999809133439665, 0.9999999875779992387, 0.9999999906547287765 ) ) 
 REPRESENTATION_ITEM ( '' )  );
#8108 = PRESENTATION_LAYER_ASSIGNMENT (  '', '', ( #9216 ) ) ;
#8109 = ORIENTED_EDGE ( 'NONE', *, *, #11883, .F. ) ;
#8110 =( LENGTH_UNIT ( ) NAMED_UNIT ( * ) SI_UNIT ( .MILLI., .METRE. ) );
#8111 = SURFACE_STYLE_FILL_AREA ( #3520 ) ;
#8112 =( GEOMETRIC_REPRESENTATION_CONTEXT ( 3 ) GLOBAL_UNCERTAINTY_ASSIGNED_CONTEXT ( ( #2906 ) ) GLOBAL_UNIT_ASSIGNED_CONTEXT ( ( #4153, #4945, #2207 ) ) REPRESENTATION_CONTEXT ( 'NONE', 'WORKASPACE' ) );
#8113 = AXIS2_PLACEMENT_3D ( 'NONE', #9915, #2171, #5915 ) ;
#8114 = VECTOR ( 'NONE', #9783, 999.9999999999998863 ) ;
#8115 = ORIENTED_EDGE ( 'NONE', *, *, #1492, .F. ) ;
#8116 = CARTESIAN_POINT ( 'NONE',  ( -49.70000000000000284, -1.200000000000000178, 10.00000000000000000 ) ) ;
#8117 = UNCERTAINTY_MEASURE_WITH_UNIT (LENGTH_MEASURE( 1.000000000000000082E-05 ), #1125, 'distance_accuracy_value', 'NONE');
#8118 = CARTESIAN_POINT ( 'NONE',  ( -28.16897398685410181, -0.3999990008898820504, 6.136035930617890877 ) ) ;
#8119 = CARTESIAN_POINT ( 'NONE',  ( -26.76529506593371011, -0.5699034880693136795, -7.070406018313418528 ) ) ;
#8120 = CARTESIAN_POINT ( 'NONE',  ( -52.20000000000000284, -0.1000000000000000056, -11.41006226146289926 ) ) ;
#8121 = DIRECTION ( 'NONE',  ( 0.0000000000000000000, 0.0000000000000000000, -1.000000000000000000 ) ) ;
#8122 = EDGE_CURVE ( 'NONE', #399, #12032, #2679, .T. ) ;
#8123 =( NAMED_UNIT ( * ) SI_UNIT ( $, .STERADIAN. ) SOLID_ANGLE_UNIT ( ) );
#8124 = DIRECTION ( 'NONE',  ( 1.387778780781445873E-15, 0.0000000000000000000, 1.000000000000000000 ) ) ;
#8125 = CARTESIAN_POINT ( 'NONE',  ( 24.16334032389524822, 1.084202172485503941E-16, -14.77173093898297829 ) ) ;
#8126 = SURFACE_STYLE_USAGE ( .BOTH. , #1798 ) ;
#8127 = FACE_OUTER_BOUND ( 'NONE', #7872, .T. ) ;
#8128 = MECHANICAL_DESIGN_GEOMETRIC_PRESENTATION_REPRESENTATION (  '', ( #11687 ), #8758 ) ;
#8129 = EDGE_LOOP ( 'NONE', ( #3168, #10025, #552, #7061 ) ) ;
#8130 = VERTEX_POINT ( 'NONE', #6720 ) ;
#8131 = CARTESIAN_POINT ( 'NONE',  ( -47.50000000000000000, -1.500000000000000000, 14.69999999999999929 ) ) ;
#8132 = STYLED_ITEM ( 'NONE', ( #2992 ), #11740 ) ;
#8133 = LINE ( 'NONE', #10682, #5585 ) ;
#8134 = SURFACE_SIDE_STYLE ('',( #8159 ) ) ;
#8135 = SURFACE_STYLE_USAGE ( .BOTH. , #8253 ) ;
#8136 = EDGE_CURVE ( 'NONE', #9522, #12032, #8683, .T. ) ;
#8137 = CARTESIAN_POINT ( 'NONE',  ( -27.14127246753589873, 1.800000000000000044, -5.941272467535820390 ) ) ;
#8138 = DIRECTION ( 'NONE',  ( 5.138253021090460248E-16, -1.000000000000000000, 3.388131789020739521E-17 ) ) ;
#8139 = COLOUR_RGB ( '',0.7529411764705882248, 0.7529411764705882248, 0.7529411764705882248 ) ;
#8140 = EDGE_CURVE ( 'NONE', #9447, #1181, #11199, .T. ) ;
#8141 = UNCERTAINTY_MEASURE_WITH_UNIT (LENGTH_MEASURE( 1.000000000000000082E-05 ), #9759, 'distance_accuracy_value', 'NONE');
#8142 = ORIENTED_EDGE ( 'NONE', *, *, #596, .F. ) ;
#8143 = ADVANCED_FACE ( 'NONE', ( #3888 ), #2740, .T. ) ;
#8144 = STYLED_ITEM ( 'NONE', ( #6092 ), #4267 ) ;
#8145 = CARTESIAN_POINT ( 'NONE',  ( -50.70000000000000284, -1.200000000000000178, -13.19999999999999929 ) ) ;
#8146 = COLOUR_RGB ( '',0.7529411764705882248, 0.7529411764705882248, 0.7529411764705882248 ) ;
#8147 = PRESENTATION_LAYER_ASSIGNMENT (  '', '', ( #7514 ) ) ;
#8148 = PRESENTATION_LAYER_ASSIGNMENT (  '', '', ( #6236 ) ) ;
#8149 = CIRCLE ( 'NONE', #5147, 0.4000000000000010214 ) ;
#8150 = VERTEX_POINT ( 'NONE', #12279 ) ;
#8151 = VECTOR ( 'NONE', #5476, 1000.000000000000000 ) ;
#8152 = CARTESIAN_POINT ( 'NONE',  ( -49.70000000000000284, -1.200000000000000178, -10.14919333847030103 ) ) ;
#8153 = CARTESIAN_POINT ( 'NONE',  ( 20.41599844893877602, 3.392716252970569002, -11.06769731806044632 ) ) ;
#8154 = ADVANCED_FACE ( 'NONE', ( #1162 ), #5630, .T. ) ;
#8155 = DIRECTION ( 'NONE',  ( 0.0000000000000000000, 1.000000000000000000, 0.0000000000000000000 ) ) ;
#8156 = DIRECTION ( 'NONE',  ( 0.0000000000000000000, 0.0000000000000000000, -1.000000000000000000 ) ) ;
#8157 = DIRECTION ( 'NONE',  ( 0.9998476951563912696, -0.01745240643728355329, -2.312612358918793842E-15 ) ) ;
#8158 = DIRECTION ( 'NONE',  ( 0.0000000000000000000, 1.000000000000000000, 0.0000000000000000000 ) ) ;
#8159 = SURFACE_STYLE_FILL_AREA ( #8083 ) ;
#8160 = EDGE_LOOP ( 'NONE', ( #4368, #2548, #4043, #4833 ) ) ;
#8161 = DIRECTION ( 'NONE',  ( 0.0000000000000000000, 0.0000000000000000000, 1.000000000000000000 ) ) ;
#8162 = PRESENTATION_STYLE_ASSIGNMENT (( #6931 ) ) ;
#8163 = AXIS2_PLACEMENT_3D ( 'NONE', #4106, #5104, #5061 ) ;
#8164 =( GEOMETRIC_REPRESENTATION_CONTEXT ( 3 ) GLOBAL_UNCERTAINTY_ASSIGNED_CONTEXT ( ( #12146 ) ) GLOBAL_UNIT_ASSIGNED_CONTEXT ( ( #379, #8953, #1260 ) ) REPRESENTATION_CONTEXT ( 'NONE', 'WORKASPACE' ) );
#8165 = VERTEX_POINT ( 'NONE', #7559 ) ;
#8166 = FILL_AREA_STYLE ('',( #11967 ) ) ;
#8167 = CARTESIAN_POINT ( 'NONE',  ( -27.15000000000000213, -1.200000000015390089, 3.821458966840634908 ) ) ;
#8168 = SURFACE_STYLE_USAGE ( .BOTH. , #4400 ) ;
#8169 = CARTESIAN_POINT ( 'NONE',  ( -68.60321982055950230, 1.200000000000726930, 4.891892155827729738 ) ) ;
#8170 = DIRECTION ( 'NONE',  ( 1.000000000000000000, 0.0000000000000000000, 1.671814187836139801E-31 ) ) ;
#8171 = ORIENTED_EDGE ( 'NONE', *, *, #7229, .T. ) ;
#8172 = CARTESIAN_POINT ( 'NONE',  ( -51.50768972501924026, 2.992310274981050622, -14.94436610221166895 ) ) ;
#8173 = ORIENTED_EDGE ( 'NONE', *, *, #4163, .F. ) ;
#8174 = EDGE_CURVE ( 'NONE', #4962, #9677, #7029, .T. ) ;
#8175 = VECTOR ( 'NONE', #1757, 1000.000000000000000 ) ;
#8176 = AXIS2_PLACEMENT_3D ( 'NONE', #2525, #3489, #4707 ) ;
#8177 = ORIENTED_EDGE ( 'NONE', *, *, #11262, .F. ) ;
#8178 = COLOUR_RGB ( '',0.7529411764705882248, 0.7529411764705882248, 0.7529411764705882248 ) ;
#8179 = STYLED_ITEM ( 'NONE', ( #9960 ), #9088 ) ;
#8180 = CARTESIAN_POINT ( 'NONE',  ( 51.58980184435970529, 2.910198155640344897, -15.01332364028869826 ) ) ;
#8181 = STYLED_ITEM ( 'NONE', ( #7367 ), #10330 ) ;
#8182 = LINE ( 'NONE', #11208, #8778 ) ;
#8183 = ORIENTED_EDGE ( 'NONE', *, *, #7229, .F. ) ;
#8184 = ORIENTED_EDGE ( 'NONE', *, *, #7943, .F. ) ;
#8185 = DIRECTION ( 'NONE',  ( 1.000000000000000000, 0.0000000000000000000, 0.0000000000000000000 ) ) ;
#8186 = ORIENTED_EDGE ( 'NONE', *, *, #10813, .F. ) ;
#8187 = COLOUR_RGB ( '',0.7529411764705882248, 0.7529411764705882248, 0.7529411764705882248 ) ;
#8188 =( LENGTH_UNIT ( ) NAMED_UNIT ( * ) SI_UNIT ( .MILLI., .METRE. ) );
#8189 = CARTESIAN_POINT ( 'NONE',  ( -27.01672216741207677, 0.006408998115145437408, -7.002490134073554806 ) ) ;
#8190 = FILL_AREA_STYLE_COLOUR ( '', #6822 ) ;
#8191 = STYLED_ITEM ( 'NONE', ( #163 ), #2929 ) ;
#8192 = MECHANICAL_DESIGN_GEOMETRIC_PRESENTATION_REPRESENTATION (  '', ( #2652 ), #11991 ) ;
#8193 = VERTEX_POINT ( 'NONE', #3813 ) ;
#8194 = CARTESIAN_POINT ( 'NONE',  ( 24.14127246753590228, 1.800000000000000044, -7.466272467535899793 ) ) ;
#8195 = CARTESIAN_POINT ( 'NONE',  ( -26.50000000000000000, 1.800000000002909939, -5.299999999999919886 ) ) ;
#8196 = ORIENTED_EDGE ( 'NONE', *, *, #9287, .F. ) ;
#8197 = CARTESIAN_POINT ( 'NONE',  ( 37.63824873692700379, 2.299999999999999822, -4.649999999999919531 ) ) ;
#8198 = CARTESIAN_POINT ( 'NONE',  ( 52.50000000000000000, -1.199999999999999956, 10.00000000000000000 ) ) ;
#8199 = EDGE_CURVE ( 'NONE', #8130, #5449, #11920, .T. ) ;
#8200 = PRESENTATION_STYLE_ASSIGNMENT (( #589 ) ) ;
#8201 = EDGE_CURVE ( 'NONE', #11735, #7953, #4035, .T. ) ;
#8202 = DIRECTION ( 'NONE',  ( 0.0000000000000000000, 0.0000000000000000000, 1.000000000000000000 ) ) ;
#8203 = LINE ( 'NONE', #5209, #7168 ) ;
#8204 = DIRECTION ( 'NONE',  ( 0.0000000000000000000, -1.000000000000000000, 0.0000000000000000000 ) ) ;
#8205 = CARTESIAN_POINT ( 'NONE',  ( -52.50000000000000000, 1.800000000000000044, -4.658727532464030041 ) ) ;
#8206 = UNCERTAINTY_MEASURE_WITH_UNIT (LENGTH_MEASURE( 1.000000000000000082E-05 ), #5073, 'distance_accuracy_value', 'NONE');
#8207 = CARTESIAN_POINT ( 'NONE',  ( 47.50000000000000000, -1.199999999982991783, 10.00000000000000000 ) ) ;
#8208 = SURFACE_STYLE_FILL_AREA ( #6264 ) ;
#8209 =( GEOMETRIC_REPRESENTATION_CONTEXT ( 3 ) GLOBAL_UNCERTAINTY_ASSIGNED_CONTEXT ( ( #852 ) ) GLOBAL_UNIT_ASSIGNED_CONTEXT ( ( #9067, #9937, #6248 ) ) REPRESENTATION_CONTEXT ( 'NONE', 'WORKASPACE' ) );
#8210 = PRESENTATION_STYLE_ASSIGNMENT (( #8297 ) ) ;
#8211 = SURFACE_STYLE_USAGE ( .BOTH. , #5325 ) ;
#8212 = ADVANCED_FACE ( 'NONE', ( #5982 ), #7323, .T. ) ;
#8213 = DIRECTION ( 'NONE',  ( 0.0000000000000000000, -1.000000000000000000, 0.0000000000000000000 ) ) ;
#8214 = COLOUR_RGB ( '',0.7529411764705882248, 0.7529411764705882248, 0.7529411764705882248 ) ;
#8215 = PRESENTATION_STYLE_ASSIGNMENT (( #8715 ) ) ;
#8216 = SURFACE_STYLE_USAGE ( .BOTH. , #1567 ) ;
#8217 = SURFACE_STYLE_FILL_AREA ( #6593 ) ;
#8218 = AXIS2_PLACEMENT_3D ( 'NONE', #11155, #4626, #11280 ) ;
#8219 = CIRCLE ( 'NONE', #10030, 0.6912724675373497218 ) ;
#8220 =( GEOMETRIC_REPRESENTATION_CONTEXT ( 3 ) GLOBAL_UNCERTAINTY_ASSIGNED_CONTEXT ( ( #1196 ) ) GLOBAL_UNIT_ASSIGNED_CONTEXT ( ( #9157, #408, #6163 ) ) REPRESENTATION_CONTEXT ( 'NONE', 'WORKASPACE' ) );
#8221 =( LENGTH_UNIT ( ) NAMED_UNIT ( * ) SI_UNIT ( .MILLI., .METRE. ) );
#8222 = ORIENTED_EDGE ( 'NONE', *, *, #2422, .F. ) ;
#8223 = VECTOR ( 'NONE', #6100, 1000.000000000000114 ) ;
#8224 = LINE ( 'NONE', #6882, #8081 ) ;
#8225 = EDGE_LOOP ( 'NONE', ( #3739, #12087, #1395, #6628 ) ) ;
#8226 = MECHANICAL_DESIGN_GEOMETRIC_PRESENTATION_REPRESENTATION (  '', ( #5670 ), #8868 ) ;
#8227 = SURFACE_STYLE_FILL_AREA ( #10499 ) ;
#8228 = SURFACE_STYLE_FILL_AREA ( #2747 ) ;
#8229 = FILL_AREA_STYLE_COLOUR ( '', #6784 ) ;
#8230 =( NAMED_UNIT ( * ) PLANE_ANGLE_UNIT ( ) SI_UNIT ( $, .RADIAN. ) );
#8231 = CARTESIAN_POINT ( 'NONE',  ( 20.00000000000000000, 3.405465559969194977, -11.00000000000000000 ) ) ;
#8232 = CARTESIAN_POINT ( 'NONE',  ( 21.82145896683935149, -1.200000000017100055, -5.950000000000130740 ) ) ;
#8233 = VECTOR ( 'NONE', #3863, 1000.000000000000000 ) ;
#8234 = VERTEX_POINT ( 'NONE', #215 ) ;
#8235 = AXIS2_PLACEMENT_3D ( 'NONE', #8504, #11477, #2852 ) ;
#8236 = CARTESIAN_POINT ( 'NONE',  ( -27.14127246753589873, 1.800000000000000044, 7.641272467535969781 ) ) ;
#8237 = CARTESIAN_POINT ( 'NONE',  ( -52.50000000000000000, -1.200000000000000178, -15.00000000000000000 ) ) ;
#8238 = DIRECTION ( 'NONE',  ( 1.000000000000000000, 2.129595449599169385E-16, 0.0000000000000000000 ) ) ;
#8239 =( NAMED_UNIT ( * ) SI_UNIT ( $, .STERADIAN. ) SOLID_ANGLE_UNIT ( ) );
#8240 = EDGE_LOOP ( 'NONE', ( #10604, #4814, #7823, #10921 ) ) ;
#8241 = ORIENTED_EDGE ( 'NONE', *, *, #9874, .F. ) ;
#8243 = EDGE_LOOP ( 'NONE', ( #6010, #5379, #698, #3015 ) ) ;
#8242 = LINE ( 'NONE', #8065, #7052 ) ;
#8244 = DIRECTION ( 'NONE',  ( 0.0000000000000000000, 0.0000000000000000000, -1.000000000000000000 ) ) ;
#8245 = VERTEX_POINT ( 'NONE', #9670 ) ;
#8246 = ORIENTED_EDGE ( 'NONE', *, *, #6987, .T. ) ;
#8247 = DIRECTION ( 'NONE',  ( 1.000000000000000000, -2.545461421390200394E-15, 0.0000000000000000000 ) ) ;
#8248 = EDGE_CURVE ( 'NONE', #5459, #11057, #1441, .T. ) ;
#8249 = SURFACE_SIDE_STYLE ('',( #11692 ) ) ;
#8250 = CARTESIAN_POINT ( 'NONE',  ( 42.19860111826559290, 3.000000000000000000, -0.3996989966730030153 ) ) ;
#8251 =( NAMED_UNIT ( * ) SI_UNIT ( $, .STERADIAN. ) SOLID_ANGLE_UNIT ( ) );
#8252 = STYLED_ITEM ( 'NONE', ( #11163 ), #8713 ) ;
#8253 = SURFACE_SIDE_STYLE ('',( #7773 ) ) ;
#8254 = EDGE_LOOP ( 'NONE', ( #1737, #9474 ) ) ;
#8255 = DIRECTION ( 'NONE',  ( -1.734459269189095086E-16, -0.01745240643728355329, -0.9998476951563912696 ) ) ;
#8256 = CARTESIAN_POINT ( 'NONE',  ( 23.75455589996909822, -0.6999999999999999556, -5.299999999999929656 ) ) ;
#8257 = CARTESIAN_POINT ( 'NONE',  ( 37.63824873692700379, 2.299999999999999822, 6.150000000000000355 ) ) ;
#8258 = ORIENTED_EDGE ( 'NONE', *, *, #8046, .F. ) ;
#8259 = MECHANICAL_DESIGN_GEOMETRIC_PRESENTATION_REPRESENTATION (  '', ( #3516 ), #10153 ) ;
#8260 = CARTESIAN_POINT ( 'NONE',  ( -49.71920057142139626, -0.09999999998215054753, -6.700000000000000178 ) ) ;
#8261 = UNCERTAINTY_MEASURE_WITH_UNIT (LENGTH_MEASURE( 1.000000000000000082E-05 ), #2699, 'distance_accuracy_value', 'NONE');
#8262 = CARTESIAN_POINT ( 'NONE',  ( 51.29289321881299912, 3.000000000000000000, -14.44102006380022019 ) ) ;
#8263 = VERTEX_POINT ( 'NONE', #6847 ) ;
#8264 = VECTOR ( 'NONE', #657, 1000.000000000000000 ) ;
#8265 = EDGE_CURVE ( 'NONE', #5759, #3828, #12060, .T. ) ;
#8266 = MECHANICAL_DESIGN_GEOMETRIC_PRESENTATION_REPRESENTATION (  '', ( #4835 ), #2889 ) ;
#8267 = FILL_AREA_STYLE_COLOUR ( '', #8634 ) ;
#8268 = FACE_OUTER_BOUND ( 'NONE', #11359, .T. ) ;
#8269 = PRESENTATION_LAYER_ASSIGNMENT (  '', '', ( #8739 ) ) ;
#8270 = STYLED_ITEM ( 'NONE', ( #2396 ), #11565 ) ;
#8271 = CARTESIAN_POINT ( 'NONE',  ( -20.89888157529914992, 3.396408300018853410, -11.04792071299105771 ) ) ;
#8272 = DIRECTION ( 'NONE',  ( 0.0000000000000000000, 0.0000000000000000000, 1.000000000000000000 ) ) ;
#8273 = CARTESIAN_POINT ( 'NONE',  ( -52.50000000000000000, 3.000000000000000000, 10.00000000000000000 ) ) ;
#8275 = ADVANCED_FACE ( 'NONE', ( #8962 ), #9562, .T. ) ;
#8274 = CARTESIAN_POINT ( 'NONE',  ( 21.71504385307360252, 2.255348637042438931, -10.62168286245018756 ) ) ;
#8276 = ORIENTED_EDGE ( 'NONE', *, *, #11017, .T. ) ;
#8277 = CARTESIAN_POINT ( 'NONE',  ( -25.06102051443364687, 1.546486074402840138, -12.27999999999999936 ) ) ;
#8278 = AXIS2_PLACEMENT_3D ( 'NONE', #10639, #2059, #11700 ) ;
#8279 =( NAMED_UNIT ( * ) PLANE_ANGLE_UNIT ( ) SI_UNIT ( $, .RADIAN. ) );
#8280 = CARTESIAN_POINT ( 'NONE',  ( -52.50000000000000000, -0.1000000000000000056, -15.00000000000000000 ) ) ;
#8281 = DIRECTION ( 'NONE',  ( 0.0000000000000000000, 0.0000000000000000000, 1.000000000000000000 ) ) ;
#8282 =( LENGTH_UNIT ( ) NAMED_UNIT ( * ) SI_UNIT ( .MILLI., .METRE. ) );
#8283 = DIRECTION ( 'NONE',  ( -8.659560562354921765E-17, 0.7071067811865474617, -0.7071067811865474617 ) ) ;
#8284 = STYLED_ITEM ( 'NONE', ( #10861 ), #3493 ) ;
#8285 =( BOUNDED_CURVE ( )  B_SPLINE_CURVE ( 3, ( #3089, #155, #8865, #3969 ),
 .UNSPECIFIED., .F., .F. ) 
 B_SPLINE_CURVE_WITH_KNOTS ( ( 4, 4 ),
 ( 4.712388980384679904, 5.235987755982989711 ),
 .UNSPECIFIED. ) 
 CURVE ( )  GEOMETRIC_REPRESENTATION_ITEM ( )  RATIONAL_B_SPLINE_CURVE ( ( 1.000000000000000000, 0.9772838841927109499, 0.9772838841927109499, 1.000000000000000000 ) ) 
 REPRESENTATION_ITEM ( '' )  );
#8286 = UNCERTAINTY_MEASURE_WITH_UNIT (LENGTH_MEASURE( 1.000000000000000082E-05 ), #9855, 'distance_accuracy_value', 'NONE');
#8287 =( BOUNDED_CURVE ( )  B_SPLINE_CURVE ( 3, ( #4720, #5627, #12276, #804 ),
 .UNSPECIFIED., .F., .F. ) 
 B_SPLINE_CURVE_WITH_KNOTS ( ( 4, 4 ),
 ( 1.047197551196594079, 1.064236292261377947 ),
 .UNSPECIFIED. ) 
 CURVE ( )  GEOMETRIC_REPRESENTATION_ITEM ( )  RATIONAL_B_SPLINE_CURVE ( ( 1.000000000000000000, 0.9999758069215720635, 0.9999758069215720635, 1.000000000000000000 ) ) 
 REPRESENTATION_ITEM ( '' )  );
#8288 = FILL_AREA_STYLE ('',( #7375 ) ) ;
#8289 = SURFACE_SIDE_STYLE ('',( #11826 ) ) ;
#8290 = VECTOR ( 'NONE', #11018, 1000.000000000000000 ) ;
#8291 = ORIENTED_EDGE ( 'NONE', *, *, #1687, .F. ) ;
#8292 =( GEOMETRIC_REPRESENTATION_CONTEXT ( 3 ) GLOBAL_UNCERTAINTY_ASSIGNED_CONTEXT ( ( #11014 ) ) GLOBAL_UNIT_ASSIGNED_CONTEXT ( ( #5906, #120, #3936 ) ) REPRESENTATION_CONTEXT ( 'NONE', 'WORKASPACE' ) );
#8293 = FACE_OUTER_BOUND ( 'NONE', #8977, .T. ) ;
#8294 = EDGE_CURVE ( 'NONE', #3327, #10086, #11350, .T. ) ;
#8295 = DIRECTION ( 'NONE',  ( 0.0000000000000000000, 0.0000000000000000000, -1.000000000000000000 ) ) ;
#8296 = CARTESIAN_POINT ( 'NONE',  ( -47.50000000000000000, 0.8000000000450199211, 10.00000000000000000 ) ) ;
#8297 = SURFACE_STYLE_USAGE ( .BOTH. , #10075 ) ;
#8298 = EDGE_CURVE ( 'NONE', #9744, #7760, #2521, .T. ) ;
#8299 = CARTESIAN_POINT ( 'NONE',  ( -47.50000000000000000, 2.500000000000000000, 13.79289321881346098 ) ) ;
#8300 = DIRECTION ( 'NONE',  ( 0.0000000000000000000, 0.9998476951563913806, -0.01745240643727240595 ) ) ;
#8301 = STYLED_ITEM ( 'NONE', ( #9114 ), #4715 ) ;
#8302 = VERTEX_POINT ( 'NONE', #11570 ) ;
#8303 = SURFACE_STYLE_USAGE ( .BOTH. , #12108 ) ;
#8304 =( NAMED_UNIT ( * ) SI_UNIT ( $, .STERADIAN. ) SOLID_ANGLE_UNIT ( ) );
#8305 =( GEOMETRIC_REPRESENTATION_CONTEXT ( 3 ) GLOBAL_UNCERTAINTY_ASSIGNED_CONTEXT ( ( #1343 ) ) GLOBAL_UNIT_ASSIGNED_CONTEXT ( ( #9340, #5623, #12269 ) ) REPRESENTATION_CONTEXT ( 'NONE', 'WORKASPACE' ) );
#8306 = PRESENTATION_LAYER_ASSIGNMENT (  '', '', ( #11559 ) ) ;
#8308 = ORIENTED_EDGE ( 'NONE', *, *, #1105, .T. ) ;
#8307 = MECHANICAL_DESIGN_GEOMETRIC_PRESENTATION_REPRESENTATION (  '', ( #7035 ), #11643 ) ;
#8309 = CARTESIAN_POINT ( 'NONE',  ( -23.89358120455689516, 2.713925384279633146, -12.72341425349761401 ) ) ;
#8310 = ORIENTED_EDGE ( 'NONE', *, *, #11843, .F. ) ;
#8311 = CARTESIAN_POINT ( 'NONE',  ( -52.50000000000000000, -1.199999999999999956, -5.389570480844269262 ) ) ;
#8312 = CARTESIAN_POINT ( 'NONE',  ( -26.50000000000000000, -1.200000000000000178, 5.500000000000000000 ) ) ;
#8313 = ORIENTED_EDGE ( 'NONE', *, *, #10954, .T. ) ;
#8314 = VECTOR ( 'NONE', #828, 1000.000000000000000 ) ;
#8315 = ORIENTED_EDGE ( 'NONE', *, *, #6469, .T. ) ;
#8316 = CYLINDRICAL_SURFACE ( 'NONE', #11442, 0.5000000000000004441 ) ;
#8317 = EDGE_CURVE ( 'NONE', #8863, #693, #1286, .T. ) ;
#8318 = CARTESIAN_POINT ( 'NONE',  ( -50.66508987014359633, 0.7999999999999999334, -10.50000000000000000 ) ) ;
#8319 = SURFACE_STYLE_FILL_AREA ( #9108 ) ;
#8320 = AXIS2_PLACEMENT_3D ( 'NONE', #4679, #8602, #11338 ) ;
#8321 = ORIENTED_EDGE ( 'NONE', *, *, #11842, .T. ) ;
#8322 = PRESENTATION_LAYER_ASSIGNMENT (  '', '', ( #171 ) ) ;
#8323 = VERTEX_POINT ( 'NONE', #11607 ) ;
#8324 = DIRECTION ( 'NONE',  ( -0.008711493940992945731, 0.4990811536261392511, -0.8665114609562404313 ) ) ;
#8325 = CARTESIAN_POINT ( 'NONE',  ( 24.27179998132965011, -0.1084596574344163927, -13.53859077518779941 ) ) ;
#8326 = DIRECTION ( 'NONE',  ( 2.129595449599169631E-16, -1.000000000000000000, 0.0000000000000000000 ) ) ;
#8327 = CIRCLE ( 'NONE', #9745, 1.758107844172310141 ) ;
#8328 = FACE_OUTER_BOUND ( 'NONE', #4053, .T. ) ;
#8329 =( NAMED_UNIT ( * ) SI_UNIT ( $, .STERADIAN. ) SOLID_ANGLE_UNIT ( ) );
#8330 = ADVANCED_FACE ( 'NONE', ( #9849 ), #829, .F. ) ;
#8331 = SURFACE_SIDE_STYLE ('',( #6895 ) ) ;
#8332 = CARTESIAN_POINT ( 'NONE',  ( -26.50000000000000000, 1.199999999999999956, 6.899999999999999467 ) ) ;
#8333 = ADVANCED_FACE ( 'NONE', ( #3875 ), #1103, .F. ) ;
#8334 = TOROIDAL_SURFACE ( 'NONE', #2072, 5.133974596215559849, 0.5000000000000000000 ) ;
#8335 = CARTESIAN_POINT ( 'NONE',  ( 47.50000000000000000, 1.792893218813464973, 10.00000000000000000 ) ) ;
#8336 = EDGE_CURVE ( 'NONE', #9742, #3076, #12210, .T. ) ;
#8337 = ORIENTED_EDGE ( 'NONE', *, *, #2754, .T. ) ;
#8338 =( LENGTH_UNIT ( ) NAMED_UNIT ( * ) SI_UNIT ( .MILLI., .METRE. ) );
#8339 = VERTEX_POINT ( 'NONE', #6891 ) ;
#8340 = MECHANICAL_DESIGN_GEOMETRIC_PRESENTATION_REPRESENTATION (  '', ( #8179 ), #357 ) ;
#8341 = SURFACE_STYLE_USAGE ( .BOTH. , #3727 ) ;
#8342 = FACE_OUTER_BOUND ( 'NONE', #8225, .T. ) ;
#8343 = PRESENTATION_STYLE_ASSIGNMENT (( #11996 ) ) ;
#8344 = PRESENTATION_LAYER_ASSIGNMENT (  '', '', ( #7073 ) ) ;
#8345 = DIRECTION ( 'NONE',  ( 0.0000000000000000000, -0.9998476951563912696, 0.01745240643728355329 ) ) ;
#8346 = CARTESIAN_POINT ( 'NONE',  ( -26.23373607897172377, -0.5695695363724408988, -7.070297395136009300 ) ) ;
#8347 = PRESENTATION_STYLE_ASSIGNMENT (( #7423 ) ) ;
#8348 = DIRECTION ( 'NONE',  ( 0.0000000000000000000, 0.0000000000000000000, 1.000000000000000000 ) ) ;
#8349 = EDGE_CURVE ( 'NONE', #3366, #1466, #8811, .T. ) ;
#8350 = VERTEX_POINT ( 'NONE', #2260 ) ;
#8351 = SURFACE_STYLE_FILL_AREA ( #10889 ) ;
#8352 = DIRECTION ( 'NONE',  ( -0.5041973887539848986, 0.0000000000000000000, -0.8635884396943158681 ) ) ;
#8353 = COLOUR_RGB ( '',0.7529411764705882248, 0.7529411764705882248, 0.7529411764705882248 ) ;
#8354 = LINE ( 'NONE', #1695, #666 ) ;
#8355 = DIRECTION ( 'NONE',  ( 1.000000000000000000, -5.421010862432092633E-16, 0.0000000000000000000 ) ) ;
#8356 = MECHANICAL_DESIGN_GEOMETRIC_PRESENTATION_REPRESENTATION (  '', ( #9860 ), #4347 ) ;
#8357 = AXIS2_PLACEMENT_3D ( 'NONE', #1086, #80, #4831 ) ;
#8358 = SURFACE_STYLE_USAGE ( .BOTH. , #7316 ) ;
#8359 = CONICAL_SURFACE ( 'NONE', #4745, 1.800000000001234612, 0.01745329252056498567 ) ;
#8360 = FACE_OUTER_BOUND ( 'NONE', #3491, .T. ) ;
#8361 =( GEOMETRIC_REPRESENTATION_CONTEXT ( 3 ) GLOBAL_UNCERTAINTY_ASSIGNED_CONTEXT ( ( #2756 ) ) GLOBAL_UNIT_ASSIGNED_CONTEXT ( ( #5806, #11348, #7568 ) ) REPRESENTATION_CONTEXT ( 'NONE', 'WORKASPACE' ) );
#8362 =( NAMED_UNIT ( * ) PLANE_ANGLE_UNIT ( ) SI_UNIT ( $, .RADIAN. ) );
#8363 = DIRECTION ( 'NONE',  ( -0.0000000000000000000, 1.000000000000000000, 0.0000000000000000000 ) ) ;
#8364 = EDGE_CURVE ( 'NONE', #11693, #12410, #4635, .T. ) ;
#8365 = CIRCLE ( 'NONE', #11633, 3.800000000021550139 ) ;
#8366 = EDGE_CURVE ( 'NONE', #8370, #12237, #226, .T. ) ;
#8367 =( LENGTH_UNIT ( ) NAMED_UNIT ( * ) SI_UNIT ( .MILLI., .METRE. ) );
#8368 = LINE ( 'NONE', #1419, #6735 ) ;
#8369 = CYLINDRICAL_SURFACE ( 'NONE', #7381, 1.400000000000000133 ) ;
#8370 = VERTEX_POINT ( 'NONE', #300 ) ;
#8371 = LINE ( 'NONE', #6212, #5228 ) ;
#8372 = FACE_OUTER_BOUND ( 'NONE', #6241, .T. ) ;
#8373 = CARTESIAN_POINT ( 'NONE',  ( 47.50000000000000000, -1.199999999999999956, 14.69999999999999929 ) ) ;
#8374 = CARTESIAN_POINT ( 'NONE',  ( -32.14127246753589873, 1.800000000000000044, 4.858727532464190091 ) ) ;
#8375 = DIRECTION ( 'NONE',  ( 0.0000000000000000000, -1.000000000000000000, 0.0000000000000000000 ) ) ;
#8376 = ORIENTED_EDGE ( 'NONE', *, *, #493, .F. ) ;
#8377 =( NAMED_UNIT ( * ) PLANE_ANGLE_UNIT ( ) SI_UNIT ( $, .RADIAN. ) );
#8378 =( NAMED_UNIT ( * ) PLANE_ANGLE_UNIT ( ) SI_UNIT ( $, .RADIAN. ) );
#8379 = AXIS2_PLACEMENT_3D ( 'NONE', #2563, #2513, #11200 ) ;
#8380 = VECTOR ( 'NONE', #4953, 1000.000000000000000 ) ;
#8381 = DIRECTION ( 'NONE',  ( 0.0000000000000000000, 1.000000000000000000, 0.0000000000000000000 ) ) ;
#8382 = ORIENTED_EDGE ( 'NONE', *, *, #7569, .T. ) ;
#8383 = ORIENTED_EDGE ( 'NONE', *, *, #5141, .F. ) ;
#8385 = ORIENTED_EDGE ( 'NONE', *, *, #9793, .F. ) ;
#8384 = LINE ( 'NONE', #5553, #10750 ) ;
#8386 = PLANE ( 'NONE',  #1258 ) ;
#8387 = SURFACE_STYLE_USAGE ( .BOTH. , #7430 ) ;
#8388 = ORIENTED_EDGE ( 'NONE', *, *, #3823, .F. ) ;
#8389 = ORIENTED_EDGE ( 'NONE', *, *, #7377, .F. ) ;
#8390 = DIRECTION ( 'NONE',  ( 0.0000000000000000000, -1.000000000000000000, 0.0000000000000000000 ) ) ;
#8391 = ORIENTED_EDGE ( 'NONE', *, *, #7868, .F. ) ;
#8393 = ADVANCED_FACE ( 'NONE', ( #984 ), #6285, .T. ) ;
#8392 = CARTESIAN_POINT ( 'NONE',  ( -34.00000000000000000, -0.6999999999999999556, -13.00000000000000000 ) ) ;
#8395 = ORIENTED_EDGE ( 'NONE', *, *, #9383, .T. ) ;
#8394 = LINE ( 'NONE', #8826, #3459 ) ;
#8396 = CARTESIAN_POINT ( 'NONE',  ( 37.63824873692700379, 3.500000000000000000, -2.782205948333429824 ) ) ;
#8397 = SURFACE_STYLE_USAGE ( .BOTH. , #1716 ) ;
#8398 = ADVANCED_FACE ( 'NONE', ( #5521 ), #7919, .T. ) ;
#8399 = VERTEX_POINT ( 'NONE', #9831 ) ;
#8400 = AXIS2_PLACEMENT_3D ( 'NONE', #3543, #10268, #11995 ) ;
#8401 = DIRECTION ( 'NONE',  ( 8.578501682009441882E-32, -1.596041831864000008E-14, 1.000000000000000000 ) ) ;
#8402 = ORIENTED_EDGE ( 'NONE', *, *, #11513, .F. ) ;
#8403 = LINE ( 'NONE', #4406, #7816 ) ;
#8404 = DIRECTION ( 'NONE',  ( 0.0000000000000000000, 0.0000000000000000000, -1.000000000000000000 ) ) ;
#8405 = SURFACE_STYLE_USAGE ( .BOTH. , #7443 ) ;
#8406 = CARTESIAN_POINT ( 'NONE',  ( -32.14999999999999858, 2.299999999999999822, -2.782205948333395185 ) ) ;
#8407 = ORIENTED_EDGE ( 'NONE', *, *, #6388, .F. ) ;
#8408 = VECTOR ( 'NONE', #5742, 1000.000000000000000 ) ;
#8409 = CONICAL_SURFACE ( 'NONE', #2434, 0.6912724675376229477, 0.01745329252031053643 ) ;
#8410 = CARTESIAN_POINT ( 'NONE',  ( -26.50000000000000000, 1.800000000000000044, 5.500000000000000000 ) ) ;
#8411 = EDGE_CURVE ( 'NONE', #62, #7709, #9102, .T. ) ;
#8412 =( LENGTH_UNIT ( ) NAMED_UNIT ( * ) SI_UNIT ( .MILLI., .METRE. ) );
#8413 = CARTESIAN_POINT ( 'NONE',  ( -25.89189215582775105, 1.200000000001046008, -3.650409735240959908 ) ) ;
#8414 = DIRECTION ( 'NONE',  ( 0.0000000000000000000, 0.0000000000000000000, -1.000000000000000000 ) ) ;
#8415 = STYLED_ITEM ( 'NONE', ( #10459 ), #5443 ) ;
#8416 = CIRCLE ( 'NONE', #3449, 1.400000000000000133 ) ;
#8417 =( GEOMETRIC_REPRESENTATION_CONTEXT ( 3 ) GLOBAL_UNCERTAINTY_ASSIGNED_CONTEXT ( ( #5685 ) ) GLOBAL_UNIT_ASSIGNED_CONTEXT ( ( #618, #3549, #4618 ) ) REPRESENTATION_CONTEXT ( 'NONE', 'WORKASPACE' ) );
#8418 = DIRECTION ( 'NONE',  ( 0.0000000000000000000, 0.0000000000000000000, -1.000000000000000000 ) ) ;
#8419 =( NAMED_UNIT ( * ) SI_UNIT ( $, .STERADIAN. ) SOLID_ANGLE_UNIT ( ) );
#8420 = PLANE ( 'NONE',  #3781 ) ;
#8422 = B_SPLINE_CURVE_WITH_KNOTS ( 'NONE', 3,
 ( #8094, #10825, #1309, #11732 ),
 .UNSPECIFIED., .F., .F.,
 ( 4, 4 ),
 ( 1.302876940431999895E-15, 0.001002735945279790031 ),
 .UNSPECIFIED. ) ;
#8421 = AXIS2_PLACEMENT_3D ( 'NONE', #5168, #11786, #1234 ) ;
#8423 = CIRCLE ( 'NONE', #7876, 0.1999999999999996503 ) ;
#8424 = DIRECTION ( 'NONE',  ( 0.0000000000000000000, 0.9396926207859100932, -0.3420201433256639945 ) ) ;
#8425 = VERTEX_POINT ( 'NONE', #8956 ) ;
#8426 = ORIENTED_EDGE ( 'NONE', *, *, #7006, .T. ) ;
#8427 = SURFACE_SIDE_STYLE ('',( #5576 ) ) ;
#8428 = COLOUR_RGB ( '',0.7529411764705882248, 0.7529411764705882248, 0.7529411764705882248 ) ;
#8429 = DIRECTION ( 'NONE',  ( 0.0000000000000000000, 1.000000000000000000, 0.0000000000000000000 ) ) ;
#8430 = DIRECTION ( 'NONE',  ( 0.0000000000000000000, 0.0000000000000000000, 1.000000000000000000 ) ) ;
#8431 = DIRECTION ( 'NONE',  ( 0.0000000000000000000, 2.608002250830389487E-32, 1.000000000000000000 ) ) ;
#8432 =( GEOMETRIC_REPRESENTATION_CONTEXT ( 3 ) GLOBAL_UNCERTAINTY_ASSIGNED_CONTEXT ( ( #7645 ) ) GLOBAL_UNIT_ASSIGNED_CONTEXT ( ( #8691, #8613, #3876 ) ) REPRESENTATION_CONTEXT ( 'NONE', 'WORKASPACE' ) );
#8433 = FILL_AREA_STYLE ('',( #8267 ) ) ;
#8434 = ORIENTED_EDGE ( 'NONE', *, *, #1041, .F. ) ;
#8435 = LINE ( 'NONE', #1053, #9765 ) ;
#8436 = CARTESIAN_POINT ( 'NONE',  ( -52.50000000000000000, -0.1000000000000045436, -11.19999999999999929 ) ) ;
#8437 = PRESENTATION_LAYER_ASSIGNMENT (  '', '', ( #8270 ) ) ;
#8438 = CARTESIAN_POINT ( 'NONE',  ( -24.10102051443364957, 2.506486074402840103, -13.00000000000000000 ) ) ;
#8439 = DIRECTION ( 'NONE',  ( 1.000000000000000000, 0.0000000000000000000, 0.0000000000000000000 ) ) ;
#8440 = SURFACE_SIDE_STYLE ('',( #8228 ) ) ;
#8441 = EDGE_CURVE ( 'NONE', #2698, #2728, #520, .T. ) ;
#8442 = CARTESIAN_POINT ( 'NONE',  ( 51.57763318989049850, 2.922366810109499724, -15.00000000000000000 ) ) ;
#8443 = EDGE_CURVE ( 'NONE', #2040, #9224, #4020, .T. ) ;
#8444 = UNCERTAINTY_MEASURE_WITH_UNIT (LENGTH_MEASURE( 1.000000000000000082E-05 ), #10193, 'distance_accuracy_value', 'NONE');
#8445 = CARTESIAN_POINT ( 'NONE',  ( 47.50000000000000000, 1.502943725256499885, 10.00000000000000000 ) ) ;
#8446 = SURFACE_STYLE_USAGE ( .BOTH. , #7617 ) ;
#8447 =( LENGTH_UNIT ( ) NAMED_UNIT ( * ) SI_UNIT ( .MILLI., .METRE. ) );
#8448 = VECTOR ( 'NONE', #4536, 1000.000000000000114 ) ;
#8449 = ORIENTED_EDGE ( 'NONE', *, *, #10276, .F. ) ;
#8450 = PRESENTATION_STYLE_ASSIGNMENT (( #5522 ) ) ;
#8451 = AXIS2_PLACEMENT_3D ( 'NONE', #3350, #8039, #2284 ) ;
#8452 =( NAMED_UNIT ( * ) PLANE_ANGLE_UNIT ( ) SI_UNIT ( $, .RADIAN. ) );
#8453 = SURFACE_STYLE_USAGE ( .BOTH. , #10442 ) ;
#8454 =( NAMED_UNIT ( * ) PLANE_ANGLE_UNIT ( ) SI_UNIT ( $, .RADIAN. ) );
#8455 = CARTESIAN_POINT ( 'NONE',  ( -32.23495939512574182, 3.433012701892219631, 8.080378074460188742 ) ) ;
#8456 =( GEOMETRIC_REPRESENTATION_CONTEXT ( 3 ) GLOBAL_UNCERTAINTY_ASSIGNED_CONTEXT ( ( #11921 ) ) GLOBAL_UNIT_ASSIGNED_CONTEXT ( ( #7489, #8279, #11091 ) ) REPRESENTATION_CONTEXT ( 'NONE', 'WORKASPACE' ) );
#8457 = EDGE_CURVE ( 'NONE', #3221, #10010, #6137, .T. ) ;
#8458 = ADVANCED_FACE ( 'NONE', ( #11171 ), #4197, .T. ) ;
#8459 = CARTESIAN_POINT ( 'NONE',  ( -26.50000000000000000, 2.000000000000000000, -5.299999999999999822 ) ) ;
#8460 = ORIENTED_EDGE ( 'NONE', *, *, #12043, .T. ) ;
#8461 = LINE ( 'NONE', #9318, #8022 ) ;
#8462 = SURFACE_STYLE_USAGE ( .BOTH. , #625 ) ;
#8463 = ADVANCED_FACE ( 'NONE', ( #8502 ), #6351, .T. ) ;
#8464 = PLANE ( 'NONE',  #630 ) ;
#8465 = FILL_AREA_STYLE ('',( #10073 ) ) ;
#8466 = CARTESIAN_POINT ( 'NONE',  ( -50.34204100699379580, 3.500000000000000000, -15.00000000000000000 ) ) ;
#8467 = ORIENTED_EDGE ( 'NONE', *, *, #1938, .T. ) ;
#8468 = PRESENTATION_STYLE_ASSIGNMENT (( #8731 ) ) ;
#8469 =( NAMED_UNIT ( * ) SI_UNIT ( $, .STERADIAN. ) SOLID_ANGLE_UNIT ( ) );
#8470 = PRESENTATION_LAYER_ASSIGNMENT (  '', '', ( #8301 ) ) ;
#8471 = LINE ( 'NONE', #7000, #476 ) ;
#8472 = CARTESIAN_POINT ( 'NONE',  ( 47.70000000000000284, -1.200000000000000178, 21.39567676978599664 ) ) ;
#8473 =( LENGTH_UNIT ( ) NAMED_UNIT ( * ) SI_UNIT ( .MILLI., .METRE. ) );
#8474 = ORIENTED_EDGE ( 'NONE', *, *, #947, .T. ) ;
#8475 = ORIENTED_EDGE ( 'NONE', *, *, #10979, .F. ) ;
#8476 = STYLED_ITEM ( 'NONE', ( #5332 ), #818 ) ;
#8477 =( GEOMETRIC_REPRESENTATION_CONTEXT ( 3 ) GLOBAL_UNCERTAINTY_ASSIGNED_CONTEXT ( ( #8891 ) ) GLOBAL_UNIT_ASSIGNED_CONTEXT ( ( #2084, #1182, #4112 ) ) REPRESENTATION_CONTEXT ( 'NONE', 'WORKASPACE' ) );
#8478 = VECTOR ( 'NONE', #8390, 1000.000000000000000 ) ;
#8479 = ORIENTED_EDGE ( 'NONE', *, *, #10178, .T. ) ;
#8480 = CARTESIAN_POINT ( 'NONE',  ( 47.70000000000000284, -1.200000000000000178, 6.150000000000000355 ) ) ;
#8481 = SURFACE_STYLE_FILL_AREA ( #9479 ) ;
#8482 = VECTOR ( 'NONE', #1995, 1000.000000000000000 ) ;
#8483 = SURFACE_SIDE_STYLE ('',( #1547 ) ) ;
#8484 = UNCERTAINTY_MEASURE_WITH_UNIT (LENGTH_MEASURE( 1.000000000000000082E-05 ), #7152, 'distance_accuracy_value', 'NONE');
#8485 = VERTEX_POINT ( 'NONE', #11103 ) ;
#8486 = CARTESIAN_POINT ( 'NONE',  ( 47.70000000000000284, -1.200000000000000178, 21.39567676978599664 ) ) ;
#8487 = ORIENTED_EDGE ( 'NONE', *, *, #3369, .F. ) ;
#8488 = EDGE_CURVE ( 'NONE', #98, #1037, #8950, .T. ) ;
#8489 = SURFACE_STYLE_USAGE ( .BOTH. , #3834 ) ;
#8490 = VECTOR ( 'NONE', #11279, 1000.000000000000227 ) ;
#8491 = CIRCLE ( 'NONE', #3393, 4.853553390593280170 ) ;
#8492 = MECHANICAL_DESIGN_GEOMETRIC_PRESENTATION_REPRESENTATION (  '', ( #4243 ), #3997 ) ;
#8493 = UNCERTAINTY_MEASURE_WITH_UNIT (LENGTH_MEASURE( 1.000000000000000082E-05 ), #2871, 'distance_accuracy_value', 'NONE');
#8494 = STYLED_ITEM ( 'NONE', ( #3034 ), #10132 ) ;
#8495 = VECTOR ( 'NONE', #9389, 1000.000000000000000 ) ;
#8497 = ORIENTED_EDGE ( 'NONE', *, *, #5737, .T. ) ;
#8496 = DIRECTION ( 'NONE',  ( 0.0000000000000000000, -1.000000000000000000, 0.0000000000000000000 ) ) ;
#8498 = FILL_AREA_STYLE_COLOUR ( '', #10567 ) ;
#8499 = ORIENTED_EDGE ( 'NONE', *, *, #4188, .T. ) ;
#8500 = CARTESIAN_POINT ( 'NONE',  ( -68.60321982055950230, -1.200000000000000178, -5.950000000000000178 ) ) ;
#8501 = CIRCLE ( 'NONE', #5099, 0.6544949780325570732 ) ;
#8502 = FACE_OUTER_BOUND ( 'NONE', #7903, .T. ) ;
#8503 = B_SPLINE_CURVE_WITH_KNOTS ( 'NONE', 3,
 ( #7039, #290, #2079, #6042 ),
 .UNSPECIFIED., .F., .F.,
 ( 4, 4 ),
 ( 4.274242264195645272E-15, 0.002400540168332460002 ),
 .UNSPECIFIED. ) ;
#8504 = CARTESIAN_POINT ( 'NONE',  ( -20.10102051443365312, -11.78862234750974025, -16.00000000000000000 ) ) ;
#8505 = PRESENTATION_STYLE_ASSIGNMENT (( #3723 ) ) ;
#8506 = DIRECTION ( 'NONE',  ( 1.524970082507730041E-15, 0.0000000000000000000, 1.000000000000000000 ) ) ;
#8507 = EDGE_CURVE ( 'NONE', #932, #2711, #6721, .T. ) ;
#8508 = MECHANICAL_DESIGN_GEOMETRIC_PRESENTATION_REPRESENTATION (  '', ( #8974 ), #9144 ) ;
#8509 = VECTOR ( 'NONE', #1948, 1000.000000000000000 ) ;
#8510 = STYLED_ITEM ( 'NONE', ( #9845 ), #5640 ) ;
#8511 =( LENGTH_UNIT ( ) NAMED_UNIT ( * ) SI_UNIT ( .MILLI., .METRE. ) );
#8512 = STYLED_ITEM ( 'NONE', ( #1659 ), #10811 ) ;
#8513 = SURFACE_STYLE_USAGE ( .BOTH. , #12107 ) ;
#8514 =( NAMED_UNIT ( * ) PLANE_ANGLE_UNIT ( ) SI_UNIT ( $, .RADIAN. ) );
#8515 = SURFACE_STYLE_FILL_AREA ( #6096 ) ;
#8516 = DIRECTION ( 'NONE',  ( -1.000000000000000000, 0.0000000000000000000, 0.0000000000000000000 ) ) ;
#8517 = CARTESIAN_POINT ( 'NONE',  ( 37.47106385175609944, 3.066987298079334678, 2.098906329686510031 ) ) ;
#8518 = EDGE_CURVE ( 'NONE', #6699, #11943, #7764, .T. ) ;
#8519 = FACE_OUTER_BOUND ( 'NONE', #10687, .T. ) ;
#8520 = CARTESIAN_POINT ( 'NONE',  ( -20.10102051443365312, 3.500000000000000000, -16.00000000000000000 ) ) ;
#8521 = FACE_OUTER_BOUND ( 'NONE', #10089, .T. ) ;
#8522 = ORIENTED_EDGE ( 'NONE', *, *, #10274, .T. ) ;
#8523 = SURFACE_SIDE_STYLE ('',( #3084 ) ) ;
#8524 = CARTESIAN_POINT ( 'NONE',  ( -26.50000000000000000, -1.200000000021375079, -5.299999999999999822 ) ) ;
#8525 = ADVANCED_FACE ( 'NONE', ( #662 ), #12050, .T. ) ;
#8526 = PRESENTATION_LAYER_ASSIGNMENT (  '', '', ( #6627 ) ) ;
#8527 = COLOUR_RGB ( '',0.7529411764705882248, 0.7529411764705882248, 0.7529411764705882248 ) ;
#8528 = SURFACE_STYLE_FILL_AREA ( #4993 ) ;
#8529 =( NAMED_UNIT ( * ) PLANE_ANGLE_UNIT ( ) SI_UNIT ( $, .RADIAN. ) );
#8530 = DIRECTION ( 'NONE',  ( 5.706327223739439157E-17, -1.000000000000000000, 0.0000000000000000000 ) ) ;
#8531 = VECTOR ( 'NONE', #6652, 1000.000000000000000 ) ;
#8532 =( LENGTH_UNIT ( ) NAMED_UNIT ( * ) SI_UNIT ( .MILLI., .METRE. ) );
#8533 = VERTEX_POINT ( 'NONE', #9206 ) ;
#8534 = PRESENTATION_STYLE_ASSIGNMENT (( #9627 ) ) ;
#8535 =( NAMED_UNIT ( * ) PLANE_ANGLE_UNIT ( ) SI_UNIT ( $, .RADIAN. ) );
#8536 = EDGE_CURVE ( 'NONE', #1819, #2401, #4579, .T. ) ;
#8537 = CONICAL_SURFACE ( 'NONE', #2685, 1.799999999999458256, 0.01745329252056498567 ) ;
#8538 = EDGE_CURVE ( 'NONE', #3899, #12393, #2657, .T. ) ;
#8539 = VERTEX_POINT ( 'NONE', #5405 ) ;
#8540 = SURFACE_STYLE_USAGE ( .BOTH. , #1818 ) ;
#8541 = DIRECTION ( 'NONE',  ( 1.000000000000000000, 0.0000000000000000000, 0.0000000000000000000 ) ) ;
#8542 = SURFACE_SIDE_STYLE ('',( #5869 ) ) ;
#8543 = DIRECTION ( 'NONE',  ( 0.0000000000000000000, -3.061276722300149009E-16, 1.000000000000000000 ) ) ;
#8544 = ORIENTED_EDGE ( 'NONE', *, *, #5433, .T. ) ;
#8545 = PRESENTATION_LAYER_ASSIGNMENT (  '', '', ( #6229 ) ) ;
#8546 = VERTEX_POINT ( 'NONE', #584 ) ;
#8547 = CARTESIAN_POINT ( 'NONE',  ( 22.84999999999999787, 2.299999999999999822, 1.799140655831685143 ) ) ;
#8548 = CARTESIAN_POINT ( 'NONE',  ( 25.14959026476304871, 1.200000000000728040, 6.108107844172280032 ) ) ;
#8550 = ORIENTED_EDGE ( 'NONE', *, *, #8766, .T. ) ;
#8549 = FACE_OUTER_BOUND ( 'NONE', #8904, .T. ) ;
#8551 = DIRECTION ( 'NONE',  ( 1.000000000000000000, 8.633617366028544006E-16, 0.0000000000000000000 ) ) ;
#8552 = FACE_OUTER_BOUND ( 'NONE', #7371, .T. ) ;
#8553 = VERTEX_POINT ( 'NONE', #3435 ) ;
#8554 = DIRECTION ( 'NONE',  ( -1.000000000000000000, 0.0000000000000000000, 0.0000000000000000000 ) ) ;
#8555 = ORIENTED_EDGE ( 'NONE', *, *, #6619, .T. ) ;
#8556 = CIRCLE ( 'NONE', #594, 0.4000000000000010214 ) ;
#8557 = AXIS2_PLACEMENT_3D ( 'NONE', #11890, #3439, #10041 ) ;
#8558 =( GEOMETRIC_REPRESENTATION_CONTEXT ( 3 ) GLOBAL_UNCERTAINTY_ASSIGNED_CONTEXT ( ( #7373 ) ) GLOBAL_UNIT_ASSIGNED_CONTEXT ( ( #6698, #12367, #12287 ) ) REPRESENTATION_CONTEXT ( 'NONE', 'WORKASPACE' ) );
#8559 = MECHANICAL_DESIGN_GEOMETRIC_PRESENTATION_REPRESENTATION (  '', ( #1928 ), #3983 ) ;
#8560 =( NAMED_UNIT ( * ) SI_UNIT ( $, .STERADIAN. ) SOLID_ANGLE_UNIT ( ) );
#8561 = FILL_AREA_STYLE ('',( #11411 ) ) ;
#8562 = VERTEX_POINT ( 'NONE', #10033 ) ;
#8563 = DIRECTION ( 'NONE',  ( 8.016930411306399824E-16, 1.000000000000000000, -6.023345402686529304E-17 ) ) ;
#8565 = COLOUR_RGB ( '',0.7529411764705882248, 0.7529411764705882248, 0.7529411764705882248 ) ;
#8564 = CARTESIAN_POINT ( 'NONE',  ( -51.64644660940680154, 2.853553390593275285, -14.37954930904470174 ) ) ;
#8566 = CARTESIAN_POINT ( 'NONE',  ( 37.47040176139100964, 3.000000000000000000, 2.261339397337470025 ) ) ;
#8567 = SURFACE_STYLE_USAGE ( .BOTH. , #10426 ) ;
#8568 = EDGE_CURVE ( 'NONE', #8485, #5719, #11899, .T. ) ;
#8569 = CARTESIAN_POINT ( 'NONE',  ( 50.70000000000000284, -1.200000000000000178, -13.19999999999999929 ) ) ;
#8570 = CARTESIAN_POINT ( 'NONE',  ( -26.50000000000000000, 1.199999999999999956, -4.691892155827740218 ) ) ;
#8571 = ORIENTED_EDGE ( 'NONE', *, *, #267, .F. ) ;
#8572 = MECHANICAL_DESIGN_GEOMETRIC_PRESENTATION_REPRESENTATION (  '', ( #2375 ), #8805 ) ;
#8573 = VECTOR ( 'NONE', #8204, 1000.000000000000000 ) ;
#8575 = ORIENTED_EDGE ( 'NONE', *, *, #9143, .F. ) ;
#8574 = AXIS2_PLACEMENT_3D ( 'NONE', #9201, #3477, #8202 ) ;
#8576 = SURFACE_SIDE_STYLE ('',( #5639 ) ) ;
#8577 = CARTESIAN_POINT ( 'NONE',  ( -68.60321982055950230, -1.200000000000000178, 21.39567676978599664 ) ) ;
#8578 = SURFACE_STYLE_FILL_AREA ( #11984 ) ;
#8579 = DIRECTION ( 'NONE',  ( 1.000000000000000000, 0.0000000000000000000, 0.0000000000000000000 ) ) ;
#8580 = CARTESIAN_POINT ( 'NONE',  ( 37.63824873692700379, 3.066987298041115029, -2.782205948333395185 ) ) ;
#8581 = CARTESIAN_POINT ( 'NONE',  ( 22.84999999999999787, 2.299999999999999822, -2.782205948333395185 ) ) ;
#8582 = ORIENTED_EDGE ( 'NONE', *, *, #1686, .T. ) ;
#8583 = EDGE_CURVE ( 'NONE', #8830, #5314, #8801, .T. ) ;
#8584 = DIRECTION ( 'NONE',  ( 1.000000000000000000, 0.0000000000000000000, 0.0000000000000000000 ) ) ;
#8585 = DIRECTION ( 'NONE',  ( 0.0000000000000000000, 0.0000000000000000000, -1.000000000000000000 ) ) ;
#8586 = CARTESIAN_POINT ( 'NONE',  ( 24.10810784417230224, 1.200000000001091971, -3.650409735239080078 ) ) ;
#8587 = PRESENTATION_LAYER_ASSIGNMENT (  '', '', ( #1736 ) ) ;
#8588 = VECTOR ( 'NONE', #11405, 1000.000000000000000 ) ;
#8589 = CIRCLE ( 'NONE', #4733, 1.799999999999458256 ) ;
#8590 = CARTESIAN_POINT ( 'NONE',  ( -51.29289321881350361, 3.000000000000000000, 10.00000000000000000 ) ) ;
#8591 = MECHANICAL_DESIGN_GEOMETRIC_PRESENTATION_REPRESENTATION (  '', ( #6278 ), #9847 ) ;
#8592 = SURFACE_STYLE_USAGE ( .BOTH. , #5747 ) ;
#8593 = ADVANCED_FACE ( 'NONE', ( #5211 ), #7301, .F. ) ;
#8594 = DIRECTION ( 'NONE',  ( 0.0000000000000000000, 1.000000000000000000, 0.0000000000000000000 ) ) ;
#8595 = DIRECTION ( 'NONE',  ( 1.000000000000000000, 0.0000000000000000000, 0.0000000000000000000 ) ) ;
#8596 = EDGE_CURVE ( 'NONE', #7709, #7249, #10428, .T. ) ;
#8597 = LINE ( 'NONE', #6304, #7856 ) ;
#8598 = ORIENTED_EDGE ( 'NONE', *, *, #5807, .T. ) ;
#8599 = SURFACE_STYLE_FILL_AREA ( #4481 ) ;
#8600 = UNCERTAINTY_MEASURE_WITH_UNIT (LENGTH_MEASURE( 1.000000000000000082E-05 ), #4946, 'distance_accuracy_value', 'NONE');
#8601 = FILL_AREA_STYLE_COLOUR ( '', #2625 ) ;
#8602 = DIRECTION ( 'NONE',  ( 0.0000000000000000000, 0.01745240643728355329, -0.9998476951563912696 ) ) ;
#8603 = CARTESIAN_POINT ( 'NONE',  ( -52.35355339059329793, 2.146446609406744699, -15.00000000000000000 ) ) ;
#8604 = AXIS2_PLACEMENT_3D ( 'NONE', #9935, #3306, #6079 ) ;
#8605 = CARTESIAN_POINT ( 'NONE',  ( -50.66508987014319843, 0.8000000000195539585, 10.00000000000000000 ) ) ;
#8606 = DIRECTION ( 'NONE',  ( 0.0000000000000000000, -0.9998476951563912696, 0.01745240643728355329 ) ) ;
#8607 =( GEOMETRIC_REPRESENTATION_CONTEXT ( 3 ) GLOBAL_UNCERTAINTY_ASSIGNED_CONTEXT ( ( #178 ) ) GLOBAL_UNIT_ASSIGNED_CONTEXT ( ( #10701, #6845, #6966 ) ) REPRESENTATION_CONTEXT ( 'NONE', 'WORKASPACE' ) );
#8608 = DIRECTION ( 'NONE',  ( 0.0000000000000000000, 0.0000000000000000000, -1.000000000000000000 ) ) ;
#8609 = STYLED_ITEM ( 'NONE', ( #9988 ), #11988 ) ;
#8610 = ORIENTED_EDGE ( 'NONE', *, *, #655, .F. ) ;
#8611 = CARTESIAN_POINT ( 'NONE',  ( -50.42706310687670168, 1.800000000000000044, -13.79999999999999893 ) ) ;
#8612 = EDGE_CURVE ( 'NONE', #6730, #2352, #8934, .T. ) ;
#8613 =( NAMED_UNIT ( * ) PLANE_ANGLE_UNIT ( ) SI_UNIT ( $, .RADIAN. ) );
#8614 = EDGE_CURVE ( 'NONE', #11626, #6345, #5355, .T. ) ;
#8615 = SURFACE_STYLE_USAGE ( .BOTH. , #5732 ) ;
#8616 = ORIENTED_EDGE ( 'NONE', *, *, #11583, .F. ) ;
#8617 = LINE ( 'NONE', #1279, #1071 ) ;
#8618 =( LENGTH_UNIT ( ) NAMED_UNIT ( * ) SI_UNIT ( .MILLI., .METRE. ) );
#8619 = ORIENTED_EDGE ( 'NONE', *, *, #11182, .F. ) ;
#8620 = SURFACE_SIDE_STYLE ('',( #11119 ) ) ;
#8621 = STYLED_ITEM ( 'NONE', ( #11321 ), #3676 ) ;
#8622 = ORIENTED_EDGE ( 'NONE', *, *, #5548, .T. ) ;
#8623 = LINE ( 'NONE', #1058, #8756 ) ;
#8624 = ORIENTED_EDGE ( 'NONE', *, *, #3319, .F. ) ;
#8625 = CARTESIAN_POINT ( 'NONE',  ( 22.85872753246414746, 1.800000000000000044, -7.466272467535899793 ) ) ;
#8626 =( GEOMETRIC_REPRESENTATION_CONTEXT ( 3 ) GLOBAL_UNCERTAINTY_ASSIGNED_CONTEXT ( ( #3184 ) ) GLOBAL_UNIT_ASSIGNED_CONTEXT ( ( #1840, #5549, #9485 ) ) REPRESENTATION_CONTEXT ( 'NONE', 'WORKASPACE' ) );
#8627 = MECHANICAL_DESIGN_GEOMETRIC_PRESENTATION_REPRESENTATION (  '', ( #6711 ), #7748 ) ;
#8628 = ORIENTED_EDGE ( 'NONE', *, *, #8443, .T. ) ;
#8629 =( NAMED_UNIT ( * ) SI_UNIT ( $, .STERADIAN. ) SOLID_ANGLE_UNIT ( ) );
#8630 = VERTEX_POINT ( 'NONE', #12263 ) ;
#8631 = CARTESIAN_POINT ( 'NONE',  ( -68.60321982055950230, -1.200000000000000178, -13.19999999999999929 ) ) ;
#8632 = VERTEX_POINT ( 'NONE', #2632 ) ;
#8633 = CARTESIAN_POINT ( 'NONE',  ( -24.84067480924620241, 0.4000010255229985989, -4.677928121785719817 ) ) ;
#8634 = COLOUR_RGB ( '',0.7529411764705882248, 0.7529411764705882248, 0.7529411764705882248 ) ;
#8635 = VECTOR ( 'NONE', #3680, 1000.000000000000000 ) ;
#8636 =( NAMED_UNIT ( * ) PLANE_ANGLE_UNIT ( ) SI_UNIT ( $, .RADIAN. ) );
#8637 = CARTESIAN_POINT ( 'NONE',  ( 47.50000000000000000, -1.500000000000000000, 14.69999999999999929 ) ) ;
#8638 = FILL_AREA_STYLE ('',( #1922 ) ) ;
#8639 = CARTESIAN_POINT ( 'NONE',  ( 42.28997416071556614, 3.023354066802760087, -1.062128089800972397 ) ) ;
#8640 = CARTESIAN_POINT ( 'NONE',  ( 37.63824873692700379, 2.299999999999999822, -5.949999999999919353 ) ) ;
#8641 =( GEOMETRIC_REPRESENTATION_CONTEXT ( 3 ) GLOBAL_UNCERTAINTY_ASSIGNED_CONTEXT ( ( #2441 ) ) GLOBAL_UNIT_ASSIGNED_CONTEXT ( ( #5997, #244, #6883 ) ) REPRESENTATION_CONTEXT ( 'NONE', 'WORKASPACE' ) );
#8642 = UNCERTAINTY_MEASURE_WITH_UNIT (LENGTH_MEASURE( 1.000000000000000082E-05 ), #4543, 'distance_accuracy_value', 'NONE');
#8643 = ORIENTED_EDGE ( 'NONE', *, *, #493, .T. ) ;
#8644 = ORIENTED_EDGE ( 'NONE', *, *, #7711, .T. ) ;
#8645 = DIRECTION ( 'NONE',  ( 0.0000000000000000000, 1.000000000000000000, 0.0000000000000000000 ) ) ;
#8646 = CIRCLE ( 'NONE', #3709, 4.999999999999999112 ) ;
#8647 = TOROIDAL_SURFACE ( 'NONE', #10556, 0.2545558999690690216, 0.4000000000000000222 ) ;
#8648 = CARTESIAN_POINT ( 'NONE',  ( 21.00000000000000000, -1.493513925597159897, -10.00000000000000000 ) ) ;
#8649 = ADVANCED_FACE ( 'NONE', ( #11751 ), #8647, .T. ) ;
#8650 = UNCERTAINTY_MEASURE_WITH_UNIT (LENGTH_MEASURE( 1.000000000000000082E-05 ), #7038, 'distance_accuracy_value', 'NONE');
#8651 = CARTESIAN_POINT ( 'NONE',  ( 47.50000000000000000, 1.502943725152305010, 10.00000000000000000 ) ) ;
#8652 = DIRECTION ( 'NONE',  ( 0.01744974916068029944, 0.9996954598818881266, 0.01744974916064210083 ) ) ;
#8653 = EDGE_CURVE ( 'NONE', #9949, #3567, #918, .T. ) ;
#8654 = CARTESIAN_POINT ( 'NONE',  ( -25.80872753246234907, 1.799999999946064966, 5.500000000000079048 ) ) ;
#8655 = PRESENTATION_LAYER_ASSIGNMENT (  '', '', ( #6672 ) ) ;
#8656 = VERTEX_POINT ( 'NONE', #2594 ) ;
#8657 = DIRECTION ( 'NONE',  ( -8.016930411306399824E-16, -1.000000000000000000, 6.023345402686529304E-17 ) ) ;
#8658 = MECHANICAL_DESIGN_GEOMETRIC_PRESENTATION_REPRESENTATION (  '', ( #10148 ), #9924 ) ;
#8659 = SURFACE_STYLE_FILL_AREA ( #7010 ) ;
#8660 = AXIS2_PLACEMENT_3D ( 'NONE', #400, #2406, #9101 ) ;
#8661 = FILL_AREA_STYLE ('',( #2065 ) ) ;
#8662 = SURFACE_STYLE_USAGE ( .BOTH. , #954 ) ;
#8663 =( LENGTH_UNIT ( ) NAMED_UNIT ( * ) SI_UNIT ( .MILLI., .METRE. ) );
#8664 = SURFACE_STYLE_FILL_AREA ( #7697 ) ;
#8665 = CYLINDRICAL_SURFACE ( 'NONE', #12160, 5.000000000000000000 ) ;
#8666 = CARTESIAN_POINT ( 'NONE',  ( -49.73491012985630277, 0.7999999999940879958, 10.00000000000000000 ) ) ;
#8667 =( NAMED_UNIT ( * ) PLANE_ANGLE_UNIT ( ) SI_UNIT ( $, .RADIAN. ) );
#8668 = B_SPLINE_CURVE_WITH_KNOTS ( 'NONE', 3,
 ( #3036, #11741, #1039, #8812 ),
 .UNSPECIFIED., .F., .F.,
 ( 4, 4 ),
 ( 3.613488232910950181E-16, 0.002400540168334659632 ),
 .UNSPECIFIED. ) ;
#8669 = CARTESIAN_POINT ( 'NONE',  ( -49.70000000000000284, -1.200000000005345013, -7.050806661533499664 ) ) ;
#8670 = VECTOR ( 'NONE', #8724, 1000.000000000000000 ) ;
#8671 = UNCERTAINTY_MEASURE_WITH_UNIT (LENGTH_MEASURE( 1.000000000000000082E-05 ), #6918, 'distance_accuracy_value', 'NONE');
#8672 = DIRECTION ( 'NONE',  ( 1.524970082507730041E-15, 0.0000000000000000000, 1.000000000000000000 ) ) ;
#8673 = PRESENTATION_LAYER_ASSIGNMENT (  '', '', ( #2651 ) ) ;
#8674 = FACE_OUTER_BOUND ( 'NONE', #11509, .T. ) ;
#8675 = PRESENTATION_STYLE_ASSIGNMENT (( #4800 ) ) ;
#8676 = MECHANICAL_DESIGN_GEOMETRIC_PRESENTATION_REPRESENTATION (  '', ( #8510 ), #5456 ) ;
#8677 = ORIENTED_EDGE ( 'NONE', *, *, #11236, .F. ) ;
#8678 =( GEOMETRIC_REPRESENTATION_CONTEXT ( 3 ) GLOBAL_UNCERTAINTY_ASSIGNED_CONTEXT ( ( #10683 ) ) GLOBAL_UNIT_ASSIGNED_CONTEXT ( ( #12262, #8454, #6706 ) ) REPRESENTATION_CONTEXT ( 'NONE', 'WORKASPACE' ) );
#8679 = CARTESIAN_POINT ( 'NONE',  ( 47.50000000000000000, -1.699999999952705121, 10.00000000000000000 ) ) ;
#8680 = DIRECTION ( 'NONE',  ( 0.9998476951563912696, -0.01745240643728355329, -7.743256519278199528E-16 ) ) ;
#8681 = EDGE_CURVE ( 'NONE', #6219, #5295, #511, .T. ) ;
#8682 = ORIENTED_EDGE ( 'NONE', *, *, #4622, .F. ) ;
#8683 = LINE ( 'NONE', #9515, #6148 ) ;
#8684 = EDGE_CURVE ( 'NONE', #8690, #10835, #2501, .T. ) ;
#8685 = DIRECTION ( 'NONE',  ( -1.000000000000000000, 0.0000000000000000000, 0.0000000000000000000 ) ) ;
#8686 = ORIENTED_EDGE ( 'NONE', *, *, #12122, .T. ) ;
#8687 = ORIENTED_EDGE ( 'NONE', *, *, #12302, .T. ) ;
#8689 = ORIENTED_EDGE ( 'NONE', *, *, #9243, .T. ) ;
#8688 = LINE ( 'NONE', #4423, #97 ) ;
#8690 = VERTEX_POINT ( 'NONE', #12215 ) ;
#8691 =( LENGTH_UNIT ( ) NAMED_UNIT ( * ) SI_UNIT ( .MILLI., .METRE. ) );
#8692 = CARTESIAN_POINT ( 'NONE',  ( -26.50000000000000000, -1.200000000000000178, 4.700000000000000178 ) ) ;
#8693 = ORIENTED_EDGE ( 'NONE', *, *, #6937, .F. ) ;
#8694 = LINE ( 'NONE', #8169, #11936 ) ;
#8695 = DIRECTION ( 'NONE',  ( 1.000000000000000000, 0.0000000000000000000, 0.0000000000000000000 ) ) ;
#8696 = AXIS2_PLACEMENT_3D ( 'NONE', #2170, #1220, #10945 ) ;
#8697 = DIRECTION ( 'NONE',  ( 0.9998476951563912696, 0.01745240643728355329, 0.0000000000000000000 ) ) ;
#8698 = EDGE_CURVE ( 'NONE', #11218, #2405, #5665, .T. ) ;
#8699 = ORIENTED_EDGE ( 'NONE', *, *, #2478, .F. ) ;
#8700 = ORIENTED_EDGE ( 'NONE', *, *, #2309, .T. ) ;
#8702 = ORIENTED_EDGE ( 'NONE', *, *, #4648, .F. ) ;
#8701 = DIRECTION ( 'NONE',  ( 0.0000000000000000000, -1.000000000000000000, 0.0000000000000000000 ) ) ;
#8703 = CARTESIAN_POINT ( 'NONE',  ( 47.50000000000000000, -1.199999999999999956, 15.00000000000000000 ) ) ;
#8704 = DIRECTION ( 'NONE',  ( -1.000000000000000000, 0.0000000000000000000, 0.0000000000000000000 ) ) ;
#8705 = CARTESIAN_POINT ( 'NONE',  ( -52.50000000000000000, -0.1000000000000000472, -7.200000000000000178 ) ) ;
#8706 = ORIENTED_EDGE ( 'NONE', *, *, #7900, .T. ) ;
#8707 = FACE_OUTER_BOUND ( 'NONE', #506, .T. ) ;
#8708 = PRESENTATION_LAYER_ASSIGNMENT (  '', '', ( #9738 ) ) ;
#8709 = DIRECTION ( 'NONE',  ( 0.0000000000000000000, 0.0000000000000000000, -1.000000000000000000 ) ) ;
#8710 = DIRECTION ( 'NONE',  ( 0.0000000000000000000, 0.0000000000000000000, -1.000000000000000000 ) ) ;
#8711 = SURFACE_STYLE_FILL_AREA ( #3190 ) ;
#8712 = CARTESIAN_POINT ( 'NONE',  ( 23.50000000000000000, 1.800000000000000044, 5.500000000000000000 ) ) ;
#8713 = ADVANCED_FACE ( 'NONE', ( #4611 ), #7907, .T. ) ;
#8714 = ORIENTED_EDGE ( 'NONE', *, *, #3597, .F. ) ;
#8715 = SURFACE_STYLE_USAGE ( .BOTH. , #126 ) ;
#8716 = COLOUR_RGB ( '',0.7529411764705882248, 0.7529411764705882248, 0.7529411764705882248 ) ;
#8717 = AXIS2_PLACEMENT_3D ( 'NONE', #10529, #6797, #6715 ) ;
#8719 = LINE ( 'NONE', #8116, #6188 ) ;
#8718 = STYLED_ITEM ( 'NONE', ( #11879 ), #9589 ) ;
#8720 = CARTESIAN_POINT ( 'NONE',  ( 40.38346066202819884, 3.500000000000000000, 0.1410810667585122025 ) ) ;
#8721 = FILL_AREA_STYLE ('',( #2940 ) ) ;
#8722 = SURFACE_SIDE_STYLE ('',( #8528 ) ) ;
#8723 = PRESENTATION_STYLE_ASSIGNMENT (( #9427 ) ) ;
#8724 = DIRECTION ( 'NONE',  ( 0.0000000000000000000, -1.000000000000000000, 0.0000000000000000000 ) ) ;
#8725 =( NAMED_UNIT ( * ) PLANE_ANGLE_UNIT ( ) SI_UNIT ( $, .RADIAN. ) );
#8726 = ORIENTED_EDGE ( 'NONE', *, *, #2066, .T. ) ;
#8727 = COLOUR_RGB ( '',0.7529411764705882248, 0.7529411764705882248, 0.7529411764705882248 ) ;
#8728 = DIRECTION ( 'NONE',  ( 0.0000000000000000000, 0.0000000000000000000, 1.000000000000000000 ) ) ;
#8729 = EDGE_CURVE ( 'NONE', #4199, #1323, #12039, .T. ) ;
#8730 = PRESENTATION_LAYER_ASSIGNMENT (  '', '', ( #2877 ) ) ;
#8731 = SURFACE_STYLE_USAGE ( .BOTH. , #9841 ) ;
#8732 =( NAMED_UNIT ( * ) SI_UNIT ( $, .STERADIAN. ) SOLID_ANGLE_UNIT ( ) );
#8733 = ORIENTED_EDGE ( 'NONE', *, *, #141, .T. ) ;
#8734 =( NAMED_UNIT ( * ) PLANE_ANGLE_UNIT ( ) SI_UNIT ( $, .RADIAN. ) );
#8735 = EDGE_CURVE ( 'NONE', #10688, #8996, #5784, .T. ) ;
#8736 = DIRECTION ( 'NONE',  ( -0.0000000000000000000, 1.000000000000000000, 0.0000000000000000000 ) ) ;
#8737 = DIRECTION ( 'NONE',  ( 0.0000000000000000000, -1.000000000000000000, 0.0000000000000000000 ) ) ;
#8738 = STYLED_ITEM ( 'NONE', ( #6253 ), #2032 ) ;
#8739 = STYLED_ITEM ( 'NONE', ( #1424 ), #5763 ) ;
#8740 = FILL_AREA_STYLE_COLOUR ( '', #11549 ) ;
#8741 = SURFACE_SIDE_STYLE ('',( #5666 ) ) ;
#8742 = ORIENTED_EDGE ( 'NONE', *, *, #5811, .F. ) ;
#8743 = UNCERTAINTY_MEASURE_WITH_UNIT (LENGTH_MEASURE( 1.000000000000000082E-05 ), #12162, 'distance_accuracy_value', 'NONE');
#8744 = AXIS2_PLACEMENT_3D ( 'NONE', #10781, #9829, #6890 ) ;
#8745 = UNCERTAINTY_MEASURE_WITH_UNIT (LENGTH_MEASURE( 1.000000000000000082E-05 ), #5998, 'distance_accuracy_value', 'NONE');
#8746 = PLANE ( 'NONE',  #3098 ) ;
#8747 = CARTESIAN_POINT ( 'NONE',  ( 23.75455589996909822, -0.6999999999999999556, 5.500000000000079048 ) ) ;
#8748 = VECTOR ( 'NONE', #10723, 999.9999999999998863 ) ;
#8749 = FACE_BOUND ( 'NONE', #72, .T. ) ;
#8750 = EDGE_CURVE ( 'NONE', #9012, #5396, #2807, .T. ) ;
#8751 = CARTESIAN_POINT ( 'NONE',  ( -32.14999999999999858, 2.299999999999999822, -4.649999999999919531 ) ) ;
#8752 = FILL_AREA_STYLE ('',( #8911 ) ) ;
#8753 =( NAMED_UNIT ( * ) PLANE_ANGLE_UNIT ( ) SI_UNIT ( $, .RADIAN. ) );
#8754 = CARTESIAN_POINT ( 'NONE',  ( -26.50000000000000000, 1.199999999999999956, 5.500000000000000000 ) ) ;
#8755 = ORIENTED_EDGE ( 'NONE', *, *, #752, .F. ) ;
#8756 = VECTOR ( 'NONE', #7801, 1000.000000000000227 ) ;
#8757 = SURFACE_STYLE_USAGE ( .BOTH. , #2044 ) ;
#8758 =( GEOMETRIC_REPRESENTATION_CONTEXT ( 3 ) GLOBAL_UNCERTAINTY_ASSIGNED_CONTEXT ( ( #10840 ) ) GLOBAL_UNIT_ASSIGNED_CONTEXT ( ( #6922, #9856, #5994 ) ) REPRESENTATION_CONTEXT ( 'NONE', 'WORKASPACE' ) );
#8759 = DIRECTION ( 'NONE',  ( -1.000000000000000000, 0.0000000000000000000, 0.0000000000000000000 ) ) ;
#8760 = SURFACE_STYLE_USAGE ( .BOTH. , #5921 ) ;
#8761 = CARTESIAN_POINT ( 'NONE',  ( -52.20000000000000284, -0.4000000000000000222, -11.19999999999999929 ) ) ;
#8762 = AXIS2_PLACEMENT_3D ( 'NONE', #1498, #11986, #2365 ) ;
#8763 = ORIENTED_EDGE ( 'NONE', *, *, #3925, .T. ) ;
#8764 = SURFACE_SIDE_STYLE ('',( #10446 ) ) ;
#8765 = ADVANCED_FACE ( 'NONE', ( #1884 ), #12329, .T. ) ;
#8766 = EDGE_CURVE ( 'NONE', #4216, #8193, #7600, .T. ) ;
#8767 = VERTEX_POINT ( 'NONE', #8705 ) ;
#8768 = FILL_AREA_STYLE ('',( #7615 ) ) ;
#8769 = DIRECTION ( 'NONE',  ( 1.000000000000000000, 0.0000000000000000000, 0.0000000000000000000 ) ) ;
#8770 = EDGE_CURVE ( 'NONE', #4768, #12397, #11737, .T. ) ;
#8771 = ORIENTED_EDGE ( 'NONE', *, *, #1401, .F. ) ;
#8772 = DIRECTION ( 'NONE',  ( 1.000000000000000000, 1.233373909433133377E-16, 0.0000000000000000000 ) ) ;
#8773 = LINE ( 'NONE', #12238, #3671 ) ;
#8774 = LINE ( 'NONE', #6483, #2937 ) ;
#8775 = DIRECTION ( 'NONE',  ( 4.625929269271489858E-16, 0.0000000000000000000, 1.000000000000000000 ) ) ;
#8776 = VERTEX_POINT ( 'NONE', #9502 ) ;
#8777 = AXIS2_PLACEMENT_3D ( 'NONE', #4785, #7662, #3751 ) ;
#8778 = VECTOR ( 'NONE', #3859, 1000.000000000000227 ) ;
#8779 = CARTESIAN_POINT ( 'NONE',  ( 23.50000000000000000, -1.200000000000000178, -6.100000000000000533 ) ) ;
#8780 = VECTOR ( 'NONE', #10501, 1000.000000000000227 ) ;
#8781 = CARTESIAN_POINT ( 'NONE',  ( -27.15000000000000213, 2.299999999999999822, -2.782205948333395185 ) ) ;
#8782 = VERTEX_POINT ( 'NONE', #8586 ) ;
#8783 = DIRECTION ( 'NONE',  ( -2.312964634635744929E-16, 2.312964634635744929E-16, -1.000000000000000000 ) ) ;
#8784 = ORIENTED_EDGE ( 'NONE', *, *, #1813, .T. ) ;
#8785 = AXIS2_PLACEMENT_3D ( 'NONE', #3236, #8919, #7098 ) ;
#8786 = MECHANICAL_DESIGN_GEOMETRIC_PRESENTATION_REPRESENTATION (  '', ( #12351 ), #4063 ) ;
#8787 = FILL_AREA_STYLE ('',( #199 ) ) ;
#8788 = PRESENTATION_STYLE_ASSIGNMENT (( #2598 ) ) ;
#8789 = DIRECTION ( 'NONE',  ( 0.0000000000000000000, -1.000000000000000000, 0.0000000000000000000 ) ) ;
#8790 = COLOUR_RGB ( '',0.7529411764705882248, 0.7529411764705882248, 0.7529411764705882248 ) ;
#8791 = DIRECTION ( 'NONE',  ( 0.0000000000000000000, 0.0000000000000000000, 1.000000000000000000 ) ) ;
#8792 = SURFACE_SIDE_STYLE ('',( #4329 ) ) ;
#8793 = PRESENTATION_STYLE_ASSIGNMENT (( #2364 ) ) ;
#8794 = VERTEX_POINT ( 'NONE', #8625 ) ;
#8795 = CARTESIAN_POINT ( 'NONE',  ( 23.50000000000000000, 2.000000000000000000, -5.299999999999999822 ) ) ;
#8796 = ORIENTED_EDGE ( 'NONE', *, *, #12247, .F. ) ;
#8797 =( NAMED_UNIT ( * ) PLANE_ANGLE_UNIT ( ) SI_UNIT ( $, .RADIAN. ) );
#8798 = PLANE ( 'NONE',  #8744 ) ;
#8799 = VECTOR ( 'NONE', #121, 1000.000000000000000 ) ;
#8800 = DIRECTION ( 'NONE',  ( 1.000000000000000000, 0.0000000000000000000, 0.0000000000000000000 ) ) ;
#8801 = CIRCLE ( 'NONE', #3112, 0.2545558999690680779 ) ;
#8802 = DIRECTION ( 'NONE',  ( 0.0000000000000000000, 1.000000000000000000, 0.0000000000000000000 ) ) ;
#8803 = DIRECTION ( 'NONE',  ( -0.0000000000000000000, 1.000000000000000000, 0.0000000000000000000 ) ) ;
#8804 = SURFACE_STYLE_FILL_AREA ( #12136 ) ;
#8805 =( GEOMETRIC_REPRESENTATION_CONTEXT ( 3 ) GLOBAL_UNCERTAINTY_ASSIGNED_CONTEXT ( ( #7837 ) ) GLOBAL_UNIT_ASSIGNED_CONTEXT ( ( #5277, #9031, #6124 ) ) REPRESENTATION_CONTEXT ( 'NONE', 'WORKASPACE' ) );
#8806 = COLOUR_RGB ( '',0.7529411764705882248, 0.7529411764705882248, 0.7529411764705882248 ) ;
#8807 = CARTESIAN_POINT ( 'NONE',  ( -25.85000000000000142, 2.299999999999999822, -4.649999999999919531 ) ) ;
#8808 = DIRECTION ( 'NONE',  ( 0.0000000000000000000, -1.000000000000000000, 0.0000000000000000000 ) ) ;
#8809 = LINE ( 'NONE', #1225, #2818 ) ;
#8810 = VECTOR ( 'NONE', #426, 1000.000000000000000 ) ;
#8811 = LINE ( 'NONE', #8844, #7174 ) ;
#8812 = CARTESIAN_POINT ( 'NONE',  ( 24.15000000000030056, -1.200000000015380097, 3.821458966837349980 ) ) ;
#8813 = CARTESIAN_POINT ( 'NONE',  ( -36.45270339614960164, 3.066987298123625028, 10.54286531260759929 ) ) ;
#8814 = EDGE_CURVE ( 'NONE', #8546, #8864, #5039, .T. ) ;
#8815 =( NAMED_UNIT ( * ) PLANE_ANGLE_UNIT ( ) SI_UNIT ( $, .RADIAN. ) );
#8816 = MECHANICAL_DESIGN_GEOMETRIC_PRESENTATION_REPRESENTATION (  '', ( #430 ), #4093 ) ;
#8817 = VECTOR ( 'NONE', #7502, 1000.000000000000000 ) ;
#8818 = SURFACE_STYLE_FILL_AREA ( #3826 ) ;
#8819 = CARTESIAN_POINT ( 'NONE',  ( -26.50000000000000000, 1.800000000000000044, 4.299999999999999822 ) ) ;
#8820 = PRESENTATION_LAYER_ASSIGNMENT (  '', '', ( #6831 ) ) ;
#8821 =( GEOMETRIC_REPRESENTATION_CONTEXT ( 3 ) GLOBAL_UNCERTAINTY_ASSIGNED_CONTEXT ( ( #3795 ) ) GLOBAL_UNIT_ASSIGNED_CONTEXT ( ( #5931, #7732, #8732 ) ) REPRESENTATION_CONTEXT ( 'NONE', 'WORKASPACE' ) );
#8822 = FACE_OUTER_BOUND ( 'NONE', #8160, .T. ) ;
#8823 = CIRCLE ( 'NONE', #8278, 4.100000000059937477 ) ;
#8824 = DIRECTION ( 'NONE',  ( 0.0000000000000000000, -1.000000000000000000, 0.0000000000000000000 ) ) ;
#8825 = SURFACE_STYLE_FILL_AREA ( #5829 ) ;
#8826 = CARTESIAN_POINT ( 'NONE',  ( -68.60321982055950230, -1.200000000010685186, 4.849999999999820233 ) ) ;
#8827 = PLANE ( 'NONE',  #2568 ) ;
#8828 = UNCERTAINTY_MEASURE_WITH_UNIT (LENGTH_MEASURE( 1.000000000000000082E-05 ), #5016, 'distance_accuracy_value', 'NONE');
#8829 = CIRCLE ( 'NONE', #1052, 0.2000000000000000944 ) ;
#8830 = VERTEX_POINT ( 'NONE', #915 ) ;
#8831 = ORIENTED_EDGE ( 'NONE', *, *, #8538, .T. ) ;
#8832 = CARTESIAN_POINT ( 'NONE',  ( -32.23495939512579866, 3.500000000000000000, 13.21435267067579922 ) ) ;
#8833 =( LENGTH_UNIT ( ) NAMED_UNIT ( * ) SI_UNIT ( .MILLI., .METRE. ) );
#8834 = ADVANCED_FACE ( 'NONE', ( #9818 ), #6747, .F. ) ;
#8835 = ORIENTED_EDGE ( 'NONE', *, *, #6511, .T. ) ;
#8836 = DIRECTION ( 'NONE',  ( 0.0000000000000000000, 0.0000000000000000000, -1.000000000000000000 ) ) ;
#8837 = AXIS2_PLACEMENT_3D ( 'NONE', #5032, #11689, #136 ) ;
#8838 = ORIENTED_EDGE ( 'NONE', *, *, #11682, .T. ) ;
#8839 = MECHANICAL_DESIGN_GEOMETRIC_PRESENTATION_REPRESENTATION (  '', ( #1096 ), #4594 ) ;
#8840 = CARTESIAN_POINT ( 'NONE',  ( -47.50000000000000000, -1.199999999999999956, 13.79999999999999893 ) ) ;
#8841 = MECHANICAL_DESIGN_GEOMETRIC_PRESENTATION_REPRESENTATION (  '', ( #6932 ), #7638 ) ;
#8842 =( NAMED_UNIT ( * ) SI_UNIT ( $, .STERADIAN. ) SOLID_ANGLE_UNIT ( ) );
#8843 = ORIENTED_EDGE ( 'NONE', *, *, #11033, .T. ) ;
#8844 = CARTESIAN_POINT ( 'NONE',  ( -50.70000000000000284, -1.200000000000000178, -10.50000000000000000 ) ) ;
#8845 = VERTEX_POINT ( 'NONE', #6708 ) ;
#8847 = VERTEX_POINT ( 'NONE', #10729 ) ;
#8846 = VECTOR ( 'NONE', #9850, 1000.000000000000000 ) ;
#8848 = CARTESIAN_POINT ( 'NONE',  ( -51.29999999999999716, -0.1000000000000000472, -6.000000000000000000 ) ) ;
#8849 = EDGE_CURVE ( 'NONE', #8539, #6335, #3243, .T. ) ;
#8850 = CYLINDRICAL_SURFACE ( 'NONE', #3806, 0.4999999999999992228 ) ;
#8851 = VERTEX_POINT ( 'NONE', #1083 ) ;
#8852 = CARTESIAN_POINT ( 'NONE',  ( 52.00000000000000000, 1.792893218813470080, -15.00000000000000000 ) ) ;
#8853 = EDGE_CURVE ( 'NONE', #3003, #8906, #6409, .T. ) ;
#8854 = EDGE_LOOP ( 'NONE', ( #7791, #8991, #1852, #2628, #3262, #4769, #2233, #3895, #2177, #332, #5001, #9883, #2189, #1791, #11391, #2113, #12314, #11410, #9894, #6147, #8258, #10558, #7390, #6167, #8619, #12094, #4056, #10200, #3473, #1091, #7882, #8402, #4823, #632, #10278 ) ) ;
#8855 =( GEOMETRIC_REPRESENTATION_CONTEXT ( 3 ) GLOBAL_UNCERTAINTY_ASSIGNED_CONTEXT ( ( #11230 ) ) GLOBAL_UNIT_ASSIGNED_CONTEXT ( ( #595, #7353, #4592 ) ) REPRESENTATION_CONTEXT ( 'NONE', 'WORKASPACE' ) );
#8856 = ORIENTED_EDGE ( 'NONE', *, *, #10873, .T. ) ;
#8857 = FILL_AREA_STYLE_COLOUR ( '', #7427 ) ;
#8858 = COLOUR_RGB ( '',0.7529411764705882248, 0.7529411764705882248, 0.7529411764705882248 ) ;
#8859 = DIRECTION ( 'NONE',  ( 0.7071067811865500152, 0.7071067811865450192, -1.635512977795605244E-16 ) ) ;
#8860 = MECHANICAL_DESIGN_GEOMETRIC_PRESENTATION_REPRESENTATION (  '', ( #885 ), #4133 ) ;
#8861 = CARTESIAN_POINT ( 'NONE',  ( -52.20000000000000284, -1.199999999999999956, 10.00000000000000000 ) ) ;
#8862 = CIRCLE ( 'NONE', #5060, 269.5123374016974367 ) ;
#8863 = VERTEX_POINT ( 'NONE', #5013 ) ;
#8864 = VERTEX_POINT ( 'NONE', #10768 ) ;
#8865 = CARTESIAN_POINT ( 'NONE',  ( -50.54300328575418177, 3.477151880092954617, -14.99999999999999645 ) ) ;
#8866 = VECTOR ( 'NONE', #9276, 1000.000000000000000 ) ;
#8867 = SURFACE_SIDE_STYLE ('',( #3058 ) ) ;
#8868 =( GEOMETRIC_REPRESENTATION_CONTEXT ( 3 ) GLOBAL_UNCERTAINTY_ASSIGNED_CONTEXT ( ( #5062 ) ) GLOBAL_UNIT_ASSIGNED_CONTEXT ( ( #499, #5290, #10149 ) ) REPRESENTATION_CONTEXT ( 'NONE', 'WORKASPACE' ) );
#8869 = CARTESIAN_POINT ( 'NONE',  ( 24.19127246753765093, 1.799999999946064966, 5.500000000000079048 ) ) ;
#8870 = DIRECTION ( 'NONE',  ( 0.0000000000000000000, 0.0000000000000000000, -1.000000000000000000 ) ) ;
#8871 = CARTESIAN_POINT ( 'NONE',  ( -26.50000000000000000, 1.800000000000000044, -3.899999999999999911 ) ) ;
#8872 = DIRECTION ( 'NONE',  ( 0.0000000000000000000, 0.0000000000000000000, 1.000000000000000000 ) ) ;
#8873 = STYLED_ITEM ( 'NONE', ( #10697 ), #890 ) ;
#8874 = EDGE_LOOP ( 'NONE', ( #9869, #11367, #9202, #6013, #10236, #356, #1371, #11818, #4339, #4198, #11793, #10385, #3299, #414, #4379, #4740 ) ) ;
#8875 =( NAMED_UNIT ( * ) SI_UNIT ( $, .STERADIAN. ) SOLID_ANGLE_UNIT ( ) );
#8876 = SURFACE_SIDE_STYLE ('',( #7864 ) ) ;
#8877 = CARTESIAN_POINT ( 'NONE',  ( 37.47343435882699225, 1.966672703374029663, 1.604483260319779836 ) ) ;
#8878 = SURFACE_SIDE_STYLE ('',( #8515 ) ) ;
#8879 = CARTESIAN_POINT ( 'NONE',  ( -47.50000000000000000, 0.7999999999999999334, -10.50000000000000000 ) ) ;
#8880 = DIRECTION ( 'NONE',  ( -0.9998476951563912696, 0.01745240643728355329, 0.0000000000000000000 ) ) ;
#8881 = CARTESIAN_POINT ( 'NONE',  ( 23.50000000000000000, -0.3069809625912964801, -5.299999999999919886 ) ) ;
#8882 = FACE_BOUND ( 'NONE', #1783, .T. ) ;
#8883 = EDGE_CURVE ( 'NONE', #4067, #9219, #5792, .T. ) ;
#8884 = ORIENTED_EDGE ( 'NONE', *, *, #1510, .T. ) ;
#8885 = COLOUR_RGB ( '',1.000000000000000000, 1.000000000000000000, 1.000000000000000000 ) ;
#8886 = STYLED_ITEM ( 'NONE', ( #1278 ), #8525 ) ;
#8887 = CARTESIAN_POINT ( 'NONE',  ( 51.29289328382390067, 2.999999999999999556, -14.44102005143855827 ) ) ;
#8888 = ADVANCED_FACE ( 'NONE', ( #8923 ), #8827, .T. ) ;
#8889 = SURFACE_STYLE_USAGE ( .BOTH. , #227 ) ;
#8890 = FILL_AREA_STYLE_COLOUR ( '', #3478 ) ;
#8891 = UNCERTAINTY_MEASURE_WITH_UNIT (LENGTH_MEASURE( 1.000000000000000082E-05 ), #2084, 'distance_accuracy_value', 'NONE');
#8892 = VERTEX_POINT ( 'NONE', #6037 ) ;
#8893 = FACE_OUTER_BOUND ( 'NONE', #3747, .T. ) ;
#8894 = EDGE_CURVE ( 'NONE', #9884, #8767, #202, .T. ) ;
#8895 =( NAMED_UNIT ( * ) SI_UNIT ( $, .STERADIAN. ) SOLID_ANGLE_UNIT ( ) );
#8896 = CARTESIAN_POINT ( 'NONE',  ( -52.20000000000000284, -0.4000000000000000222, -6.000000000000000000 ) ) ;
#8897 = PRESENTATION_LAYER_ASSIGNMENT (  '', '', ( #11210 ) ) ;
#8898 = VERTEX_POINT ( 'NONE', #5942 ) ;
#8899 = FILL_AREA_STYLE ('',( #7958 ) ) ;
#8900 = SURFACE_STYLE_USAGE ( .BOTH. , #7037 ) ;
#8901 = ORIENTED_EDGE ( 'NONE', *, *, #7209, .T. ) ;
#8902 = MECHANICAL_DESIGN_GEOMETRIC_PRESENTATION_REPRESENTATION (  '', ( #8270 ), #11447 ) ;
#8903 = CARTESIAN_POINT ( 'NONE',  ( 22.84999999999999787, 2.299999999999999822, -5.949999999999919353 ) ) ;
#8904 = EDGE_LOOP ( 'NONE', ( #7208, #7664, #8522, #478, #6612 ) ) ;
#8905 = COLOUR_RGB ( '',0.7529411764705882248, 0.7529411764705882248, 0.7529411764705882248 ) ;
#8906 = VERTEX_POINT ( 'NONE', #2151 ) ;
#8907 = DIRECTION ( 'NONE',  ( 0.0000000000000000000, 0.0000000000000000000, -1.000000000000000000 ) ) ;
#8908 = EDGE_CURVE ( 'NONE', #10807, #10761, #8285, .T. ) ;
#8909 = CARTESIAN_POINT ( 'NONE',  ( 21.82145896683939768, -1.200000000016025137, -4.649999999999719691 ) ) ;
#8910 = ORIENTED_EDGE ( 'NONE', *, *, #9215, .T. ) ;
#8911 = FILL_AREA_STYLE_COLOUR ( '', #3063 ) ;
#8912 = DIRECTION ( 'NONE',  ( 0.0000000000000000000, 2.608002250830389487E-32, 1.000000000000000000 ) ) ;
#8913 =( LENGTH_UNIT ( ) NAMED_UNIT ( * ) SI_UNIT ( .MILLI., .METRE. ) );
#8914 = DIRECTION ( 'NONE',  ( 1.780759003274223826E-17, -0.01745240643728355329, 0.9998476951563912696 ) ) ;
#8915 =( GEOMETRIC_REPRESENTATION_CONTEXT ( 3 ) GLOBAL_UNCERTAINTY_ASSIGNED_CONTEXT ( ( #7578 ) ) GLOBAL_UNIT_ASSIGNED_CONTEXT ( ( #706, #1787, #9295 ) ) REPRESENTATION_CONTEXT ( 'NONE', 'WORKASPACE' ) );
#8916 = COLOUR_RGB ( '',0.7529411764705882248, 0.7529411764705882248, 0.7529411764705882248 ) ;
#8917 = FILL_AREA_STYLE ('',( #5077 ) ) ;
#8918 = VERTEX_POINT ( 'NONE', #7955 ) ;
#8919 = DIRECTION ( 'NONE',  ( 1.000000000000000000, 0.0000000000000000000, 0.0000000000000000000 ) ) ;
#8920 = ORIENTED_EDGE ( 'NONE', *, *, #4854, .F. ) ;
#8921 = PRESENTATION_STYLE_ASSIGNMENT (( #439 ) ) ;
#8922 = FACE_OUTER_BOUND ( 'NONE', #10565, .T. ) ;
#8923 = FACE_OUTER_BOUND ( 'NONE', #3818, .T. ) ;
#8924 = MECHANICAL_DESIGN_GEOMETRIC_PRESENTATION_REPRESENTATION (  '', ( #9570 ), #7661 ) ;
#8925 = EDGE_CURVE ( 'NONE', #712, #4214, #807, .T. ) ;
#8926 = CARTESIAN_POINT ( 'NONE',  ( -50.70000000000000284, -1.200000000000000178, -13.19999999999999929 ) ) ;
#8927 = SURFACE_SIDE_STYLE ('',( #7382 ) ) ;
#8928 = EDGE_CURVE ( 'NONE', #8020, #8350, #1250, .T. ) ;
#8929 = UNCERTAINTY_MEASURE_WITH_UNIT (LENGTH_MEASURE( 1.000000000000000082E-05 ), #446, 'distance_accuracy_value', 'NONE');
#8930 = ORIENTED_EDGE ( 'NONE', *, *, #10815, .T. ) ;
#8931 = ORIENTED_EDGE ( 'NONE', *, *, #9967, .T. ) ;
#8932 = SURFACE_STYLE_FILL_AREA ( #2372 ) ;
#8933 = AXIS2_PLACEMENT_3D ( 'NONE', #3815, #8563, #2822 ) ;
#8934 = CIRCLE ( 'NONE', #6352, 0.5000000000000202061 ) ;
#8935 = DIRECTION ( 'NONE',  ( -1.000000000000000000, 0.0000000000000000000, -5.478074134663609752E-17 ) ) ;
#8936 = DIRECTION ( 'NONE',  ( 0.0000000000000000000, -1.000000000000000000, 0.0000000000000000000 ) ) ;
#8937 = DIRECTION ( 'NONE',  ( 1.000000000000000000, 0.0000000000000000000, 0.0000000000000000000 ) ) ;
#8938 =( LENGTH_UNIT ( ) NAMED_UNIT ( * ) SI_UNIT ( .MILLI., .METRE. ) );
#8939 = PRESENTATION_LAYER_ASSIGNMENT (  '', '', ( #4466 ) ) ;
#8940 = SURFACE_STYLE_FILL_AREA ( #4334 ) ;
#8941 = AXIS2_PLACEMENT_3D ( 'NONE', #4806, #6723, #931 ) ;
#8942 = PRESENTATION_LAYER_ASSIGNMENT (  '', '', ( #9978 ) ) ;
#8943 = CARTESIAN_POINT ( 'NONE',  ( -28.69999999999999929, -0.2000000000000000389, -13.19999999999999929 ) ) ;
#8944 =( NAMED_UNIT ( * ) SI_UNIT ( $, .STERADIAN. ) SOLID_ANGLE_UNIT ( ) );
#8945 = ORIENTED_EDGE ( 'NONE', *, *, #9548, .F. ) ;
#8946 = CARTESIAN_POINT ( 'NONE',  ( -26.50000000000000000, 1.800000000000000044, 4.700000000000000178 ) ) ;
#8947 = PLANE ( 'NONE',  #2280 ) ;
#8948 = ADVANCED_FACE ( 'NONE', ( #3995 ), #9964, .F. ) ;
#8949 = SURFACE_STYLE_FILL_AREA ( #6210 ) ;
#8950 = LINE ( 'NONE', #496, #9253 ) ;
#8951 = SURFACE_SIDE_STYLE ('',( #7329 ) ) ;
#8952 = PRESENTATION_STYLE_ASSIGNMENT (( #10156 ) ) ;
#8953 =( NAMED_UNIT ( * ) PLANE_ANGLE_UNIT ( ) SI_UNIT ( $, .RADIAN. ) );
#8954 = EDGE_CURVE ( 'NONE', #2728, #2024, #7894, .T. ) ;
#8955 = SURFACE_SIDE_STYLE ('',( #422 ) ) ;
#8957 = ORIENTED_EDGE ( 'NONE', *, *, #919, .T. ) ;
#8956 = CARTESIAN_POINT ( 'NONE',  ( -1.380722235729803904, 2.299999999999999822, 4.850000000000079581 ) ) ;
#8958 = PRESENTATION_LAYER_ASSIGNMENT (  '', '', ( #4243 ) ) ;
#8959 = CARTESIAN_POINT ( 'NONE',  ( 23.50000000000000000, 1.800000000000000044, -6.100000000000000533 ) ) ;
#8960 = CARTESIAN_POINT ( 'NONE',  ( -23.78531742572007701, 2.170394679744365618, -11.01157712816358369 ) ) ;
#8961 = SURFACE_STYLE_USAGE ( .BOTH. , #3234 ) ;
#8962 = FACE_OUTER_BOUND ( 'NONE', #12235, .T. ) ;
#8963 = PLANE ( 'NONE',  #8785 ) ;
#8964 = AXIS2_PLACEMENT_3D ( 'NONE', #5190, #9035, #11844 ) ;
#8965 =( NAMED_UNIT ( * ) PLANE_ANGLE_UNIT ( ) SI_UNIT ( $, .RADIAN. ) );
#8966 = FACE_OUTER_BOUND ( 'NONE', #1191, .T. ) ;
#8967 = LINE ( 'NONE', #2729, #6451 ) ;
#8968 = ORIENTED_EDGE ( 'NONE', *, *, #2830, .F. ) ;
#8969 = COLOUR_RGB ( '',0.7529411764705882248, 0.7529411764705882248, 0.7529411764705882248 ) ;
#8970 = CARTESIAN_POINT ( 'NONE',  ( 51.50000000000000000, -2.700000000000000178, 10.00000000000000000 ) ) ;
#8971 = CYLINDRICAL_SURFACE ( 'NONE', #7026, 1.400000000000000133 ) ;
#8972 = EDGE_LOOP ( 'NONE', ( #3653, #3447, #12196, #7282 ) ) ;
#8973 = EDGE_CURVE ( 'NONE', #3684, #10942, #5481, .T. ) ;
#8974 = STYLED_ITEM ( 'NONE', ( #1241 ), #2160 ) ;
#8975 = VERTEX_POINT ( 'NONE', #7077 ) ;
#8976 = ORIENTED_EDGE ( 'NONE', *, *, #10409, .T. ) ;
#8977 = EDGE_LOOP ( 'NONE', ( #1023, #7433, #8628, #4911 ) ) ;
#8978 = MECHANICAL_DESIGN_GEOMETRIC_PRESENTATION_REPRESENTATION (  '', ( #8512 ), #9149 ) ;
#8979 = VERTEX_POINT ( 'NONE', #1247 ) ;
#8980 = CARTESIAN_POINT ( 'NONE',  ( -47.10000000000000142, -1.200000000000000178, 21.39567676978599664 ) ) ;
#8981 = CARTESIAN_POINT ( 'NONE',  ( 47.50000000000000000, 0.8000000000195550687, 13.16508987014322152 ) ) ;
#8982 = ORIENTED_EDGE ( 'NONE', *, *, #8248, .T. ) ;
#8983 = CARTESIAN_POINT ( 'NONE',  ( 41.52427621297477600, 3.499999999999998668, -1.444468899439372178 ) ) ;
#8984 = UNCERTAINTY_MEASURE_WITH_UNIT (LENGTH_MEASURE( 1.000000000000000082E-05 ), #3180, 'distance_accuracy_value', 'NONE');
#8985 = EDGE_CURVE ( 'NONE', #5245, #4426, #349, .T. ) ;
#8986 =( NAMED_UNIT ( * ) PLANE_ANGLE_UNIT ( ) SI_UNIT ( $, .RADIAN. ) );
#8987 = FILL_AREA_STYLE_COLOUR ( '', #7933 ) ;
#8988 =( NAMED_UNIT ( * ) PLANE_ANGLE_UNIT ( ) SI_UNIT ( $, .RADIAN. ) );
#8989 = ORIENTED_EDGE ( 'NONE', *, *, #9947, .F. ) ;
#8991 = ORIENTED_EDGE ( 'NONE', *, *, #8538, .F. ) ;
#8990 = COLOUR_RGB ( '',0.7529411764705882248, 0.7529411764705882248, 0.7529411764705882248 ) ;
#8992 = DIRECTION ( 'NONE',  ( 0.0000000000000000000, 1.000000000000000000, 0.0000000000000000000 ) ) ;
#8993 = VERTEX_POINT ( 'NONE', #7031 ) ;
#8994 = ORIENTED_EDGE ( 'NONE', *, *, #5050, .T. ) ;
#8995 = STYLED_ITEM ( 'NONE', ( #9484 ), #7021 ) ;
#8996 = VERTEX_POINT ( 'NONE', #11912 ) ;
#8997 = AXIS2_PLACEMENT_3D ( 'NONE', #8648, #5681, #11420 ) ;
#8998 = SURFACE_STYLE_USAGE ( .BOTH. , #2291 ) ;
#8999 = SURFACE_SIDE_STYLE ('',( #1430 ) ) ;
#9000 = EDGE_CURVE ( 'NONE', #5644, #3821, #5182, .T. ) ;
#9001 = EDGE_LOOP ( 'NONE', ( #9945, #10625, #4827, #814 ) ) ;
#9002 = CARTESIAN_POINT ( 'NONE',  ( -23.19117634073475287, 2.255055177119853926, -10.62496186007257748 ) ) ;
#9003 = PLANE ( 'NONE',  #5555 ) ;
#9004 = DIRECTION ( 'NONE',  ( 0.0000000000000000000, 0.9396926207859098712, -0.3420201433256644385 ) ) ;
#9005 = EDGE_CURVE ( 'NONE', #2711, #5714, #2938, .T. ) ;
#9006 = VERTEX_POINT ( 'NONE', #8981 ) ;
#9007 =( LENGTH_UNIT ( ) NAMED_UNIT ( * ) SI_UNIT ( .MILLI., .METRE. ) );
#9008 =( LENGTH_UNIT ( ) NAMED_UNIT ( * ) SI_UNIT ( .MILLI., .METRE. ) );
#9009 = ADVANCED_FACE ( 'NONE', ( #12174 ), #6117, .T. ) ;
#9010 = STYLED_ITEM ( 'NONE', ( #5624 ), #4386 ) ;
#9011 = SURFACE_STYLE_USAGE ( .BOTH. , #9095 ) ;
#9012 = VERTEX_POINT ( 'NONE', #4174 ) ;
#9013 =( BOUNDED_CURVE ( )  B_SPLINE_CURVE ( 3, ( #8325, #4442, #2670, #3587 ),
 .UNSPECIFIED., .F., .F. ) 
 B_SPLINE_CURVE_WITH_KNOTS ( ( 4, 4 ),
 ( 5.085471863594300146, 5.943348397725459975 ),
 .UNSPECIFIED. ) 
 CURVE ( )  GEOMETRIC_REPRESENTATION_ITEM ( )  RATIONAL_B_SPLINE_CURVE ( ( 1.000000000000000000, 0.9396052284827339784, 0.9396052284827339784, 1.000000000000000000 ) ) 
 REPRESENTATION_ITEM ( '' )  );
#9014 = CARTESIAN_POINT ( 'NONE',  ( -51.29999999999999716, -0.09999999998215104713, -8.599999999999999645 ) ) ;
#9015 = AXIS2_PLACEMENT_3D ( 'NONE', #6395, #2680, #5533 ) ;
#9016 = AXIS2_PLACEMENT_3D ( 'NONE', #8038, #3050, #11635 ) ;
#9017 = VECTOR ( 'NONE', #5739, 1000.000000000000000 ) ;
#9018 = CARTESIAN_POINT ( 'NONE',  ( -51.29999999999999716, -0.1000000000000000472, -8.599999999999999645 ) ) ;
#9019 = UNCERTAINTY_MEASURE_WITH_UNIT (LENGTH_MEASURE( 1.000000000000000082E-05 ), #6162, 'distance_accuracy_value', 'NONE');
#9020 = CIRCLE ( 'NONE', #4916, 0.2545558999690680779 ) ;
#9021 =( NAMED_UNIT ( * ) PLANE_ANGLE_UNIT ( ) SI_UNIT ( $, .RADIAN. ) );
#9022 = DIRECTION ( 'NONE',  ( 0.0000000000000000000, 0.0000000000000000000, -1.000000000000000000 ) ) ;
#9024 = ADVANCED_FACE ( 'NONE', ( #479 ), #11867, .T. ) ;
#9023 = FILL_AREA_STYLE_COLOUR ( '', #4738 ) ;
#9025 = ORIENTED_EDGE ( 'NONE', *, *, #10103, .T. ) ;
#9026 =( NAMED_UNIT ( * ) PLANE_ANGLE_UNIT ( ) SI_UNIT ( $, .RADIAN. ) );
#9027 = DIRECTION ( 'NONE',  ( 1.000000000000000000, -8.432683563761129192E-16, 0.0000000000000000000 ) ) ;
#9028 = CIRCLE ( 'NONE', #1952, 0.6544949780325570732 ) ;
#9029 =( NAMED_UNIT ( * ) PLANE_ANGLE_UNIT ( ) SI_UNIT ( $, .RADIAN. ) );
#9030 = SURFACE_STYLE_FILL_AREA ( #3710 ) ;
#9031 =( NAMED_UNIT ( * ) PLANE_ANGLE_UNIT ( ) SI_UNIT ( $, .RADIAN. ) );
#9032 = DIRECTION ( 'NONE',  ( 1.000000000000000000, 0.0000000000000000000, 0.0000000000000000000 ) ) ;
#9033 = FILL_AREA_STYLE_COLOUR ( '', #241 ) ;
#9034 = PRESENTATION_LAYER_ASSIGNMENT (  '', '', ( #10941 ) ) ;
#9035 = DIRECTION ( 'NONE',  ( -1.000000000000000000, 0.0000000000000000000, 2.775557561562890365E-16 ) ) ;
#9036 = CARTESIAN_POINT ( 'NONE',  ( 47.50000000000000000, -1.699999999985030374, 14.99999999998447997 ) ) ;
#9037 =( NAMED_UNIT ( * ) SI_UNIT ( $, .STERADIAN. ) SOLID_ANGLE_UNIT ( ) );
#9038 = VECTOR ( 'NONE', #9163, 1000.000000000000000 ) ;
#9039 = ORIENTED_EDGE ( 'NONE', *, *, #9117, .F. ) ;
#9040 = FACE_OUTER_BOUND ( 'NONE', #8240, .T. ) ;
#9041 = CARTESIAN_POINT ( 'NONE',  ( 47.50000000000000000, -1.200000000000000178, 13.19999999999999929 ) ) ;
#9042 = DIRECTION ( 'NONE',  ( -1.000000000000000000, 0.0000000000000000000, 0.0000000000000000000 ) ) ;
#9043 = CARTESIAN_POINT ( 'NONE',  ( 37.63824873692700379, 2.299999999999999822, 7.649999999999999467 ) ) ;
#9044 = PLANE ( 'NONE',  #2257 ) ;
#9045 = UNCERTAINTY_MEASURE_WITH_UNIT (LENGTH_MEASURE( 1.000000000000000082E-05 ), #3870, 'distance_accuracy_value', 'NONE');
#9046 = DIRECTION ( 'NONE',  ( 0.0000000000000000000, 1.000000000000000000, 0.0000000000000000000 ) ) ;
#9047 = LINE ( 'NONE', #8970, #7412 ) ;
#9048 = EDGE_CURVE ( 'NONE', #6911, #6171, #7271, .T. ) ;
#9049 = PRESENTATION_LAYER_ASSIGNMENT (  '', '', ( #8415 ) ) ;
#9050 = AXIS2_PLACEMENT_3D ( 'NONE', #11234, #1605, #11187 ) ;
#9051 =( NAMED_UNIT ( * ) PLANE_ANGLE_UNIT ( ) SI_UNIT ( $, .RADIAN. ) );
#9052 = VERTEX_POINT ( 'NONE', #404 ) ;
#9053 = LINE ( 'NONE', #4602, #2919 ) ;
#9054 = SURFACE_SIDE_STYLE ('',( #129 ) ) ;
#9055 = LINE ( 'NONE', #10222, #8314 ) ;
#9056 = CARTESIAN_POINT ( 'NONE',  ( 52.50000000000000000, 1.792893218813464973, -15.00000000000000000 ) ) ;
#9057 = ORIENTED_EDGE ( 'NONE', *, *, #7959, .T. ) ;
#9058 = VECTOR ( 'NONE', #5752, 1000.000000000000114 ) ;
#9059 = ORIENTED_EDGE ( 'NONE', *, *, #6040, .T. ) ;
#9060 = CARTESIAN_POINT ( 'NONE',  ( -51.29289321881350361, 2.500000000000000000, 15.00000000000000000 ) ) ;
#9061 = CARTESIAN_POINT ( 'NONE',  ( -26.89790471738826838, -0.4671967431599143850, -7.042533794926844948 ) ) ;
#9062 =( NAMED_UNIT ( * ) PLANE_ANGLE_UNIT ( ) SI_UNIT ( $, .RADIAN. ) );
#9063 = AXIS2_PLACEMENT_3D ( 'NONE', #11421, #4779, #2907 ) ;
#9064 = EDGE_LOOP ( 'NONE', ( #6391, #326, #8014, #7648, #1232, #7857, #5730, #5022 ) ) ;
#9065 = DIRECTION ( 'NONE',  ( 0.0000000000000000000, 0.0000000000000000000, -1.000000000000000000 ) ) ;
#9066 = SURFACE_STYLE_FILL_AREA ( #5706 ) ;
#9067 =( LENGTH_UNIT ( ) NAMED_UNIT ( * ) SI_UNIT ( .MILLI., .METRE. ) );
#9068 = STYLED_ITEM ( 'NONE', ( #7065 ), #11328 ) ;
#9069 = FILL_AREA_STYLE_COLOUR ( '', #2805 ) ;
#9070 = ADVANCED_FACE ( 'NONE', ( #7881 ), #1538, .F. ) ;
#9071 = LINE ( 'NONE', #7817, #11152 ) ;
#9072 = FILL_AREA_STYLE_COLOUR ( '', #2371 ) ;
#9073 = EDGE_CURVE ( 'NONE', #1777, #10614, #1093, .T. ) ;
#9074 = PRESENTATION_STYLE_ASSIGNMENT (( #3023 ) ) ;
#9075 = ORIENTED_EDGE ( 'NONE', *, *, #2755, .F. ) ;
#9076 = EDGE_CURVE ( 'NONE', #10118, #7123, #6753, .T. ) ;
#9077 = PLANE ( 'NONE',  #8964 ) ;
#9078 = VERTEX_POINT ( 'NONE', #11987 ) ;
#9079 = DIRECTION ( 'NONE',  ( -1.000000000000000000, 0.0000000000000000000, 0.0000000000000000000 ) ) ;
#9080 =( NAMED_UNIT ( * ) SI_UNIT ( $, .STERADIAN. ) SOLID_ANGLE_UNIT ( ) );
#9081 = SURFACE_STYLE_USAGE ( .BOTH. , #4444 ) ;
#9082 = COLOUR_RGB ( '',0.7529411764705882248, 0.7529411764705882248, 0.7529411764705882248 ) ;
#9083 = FACE_BOUND ( 'NONE', #9091, .T. ) ;
#9084 = DIRECTION ( 'NONE',  ( 1.000000000000000000, -2.206389948471240374E-15, 0.0000000000000000000 ) ) ;
#9085 = STYLED_ITEM ( 'NONE', ( #3241 ), #3999 ) ;
#9086 = DIRECTION ( 'NONE',  ( -1.000000000000000000, 0.0000000000000000000, 0.0000000000000000000 ) ) ;
#9087 = CARTESIAN_POINT ( 'NONE',  ( 20.00000000000000000, 3.405465559969194977, -11.00000000000000000 ) ) ;
#9088 = ADVANCED_FACE ( 'NONE', ( #4421 ), #12315, .F. ) ;
#9089 = SURFACE_STYLE_FILL_AREA ( #9103 ) ;
#9090 = ORIENTED_EDGE ( 'NONE', *, *, #11361, .F. ) ;
#9091 = EDGE_LOOP ( 'NONE', ( #1924, #10693 ) ) ;
#9092 = AXIS2_PLACEMENT_3D ( 'NONE', #9363, #9237, #3465 ) ;
#9093 = CARTESIAN_POINT ( 'NONE',  ( -49.71920057142139626, -0.09999999998215054753, -6.700000000000000178 ) ) ;
#9094 = EDGE_CURVE ( 'NONE', #7362, #7597, #7579, .T. ) ;
#9095 = SURFACE_SIDE_STYLE ('',( #11074 ) ) ;
#9096 = CIRCLE ( 'NONE', #12265, 1.400000000000000133 ) ;
#9097 = LINE ( 'NONE', #8031, #6585 ) ;
#9098 = DIRECTION ( 'NONE',  ( 0.0000000000000000000, -1.807003620809174878E-16, -1.000000000000000000 ) ) ;
#9099 = MECHANICAL_DESIGN_GEOMETRIC_PRESENTATION_REPRESENTATION (  '', ( #8301 ), #11247 ) ;
#9100 = LINE ( 'NONE', #6058, #3115 ) ;
#9101 = DIRECTION ( 'NONE',  ( 0.0000000000000000000, 0.0000000000000000000, -1.000000000000000000 ) ) ;
#9102 = LINE ( 'NONE', #5195, #6590 ) ;
#9103 = FILL_AREA_STYLE ('',( #1328 ) ) ;
#9104 = CARTESIAN_POINT ( 'NONE',  ( -26.82412478068721740, -0.5347512332897681464, -7.059494662255869635 ) ) ;
#9105 = DIRECTION ( 'NONE',  ( 0.0000000000000000000, 1.000000000000000000, 0.0000000000000000000 ) ) ;
#9106 = PRESENTATION_LAYER_ASSIGNMENT (  '', '', ( #7607 ) ) ;
#9107 = STYLED_ITEM ( 'NONE', ( #9074 ), #12363 ) ;
#9108 = FILL_AREA_STYLE ('',( #2412 ) ) ;
#9109 = DIRECTION ( 'NONE',  ( 1.000000000000000000, 0.0000000000000000000, 0.0000000000000000000 ) ) ;
#9110 = FILL_AREA_STYLE ('',( #6164 ) ) ;
#9111 = DIRECTION ( 'NONE',  ( 0.0000000000000000000, -1.000000000000000000, 0.0000000000000000000 ) ) ;
#9112 = ORIENTED_EDGE ( 'NONE', *, *, #9923, .F. ) ;
#9113 = CARTESIAN_POINT ( 'NONE',  ( 37.47444465429034466, 3.433012701883784601, 1.464636198749429852 ) ) ;
#9114 = PRESENTATION_STYLE_ASSIGNMENT (( #14 ) ) ;
#9115 = COLOUR_RGB ( '',0.7529411764705882248, 0.7529411764705882248, 0.7529411764705882248 ) ;
#9116 = PRESENTATION_STYLE_ASSIGNMENT (( #11876 ) ) ;
#9117 = EDGE_CURVE ( 'NONE', #4212, #3457, #3378, .T. ) ;
#9118 = FILL_AREA_STYLE ('',( #6005 ) ) ;
#9120 = VERTEX_POINT ( 'NONE', #8232 ) ;
#9119 = CARTESIAN_POINT ( 'NONE',  ( -26.50000000000000000, 1.199999999999999956, -5.299999999999999822 ) ) ;
#9121 = FILL_AREA_STYLE_COLOUR ( '', #10870 ) ;
#9122 = ORIENTED_EDGE ( 'NONE', *, *, #4532, .T. ) ;
#9123 =( BOUNDED_CURVE ( )  B_SPLINE_CURVE ( 3, ( #9799, #7944, #6949, #4092 ),
 .UNSPECIFIED., .F., .F. ) 
 B_SPLINE_CURVE_WITH_KNOTS ( ( 4, 4 ),
 ( 2.070969583977370299, 2.094395102393189934 ),
 .UNSPECIFIED. ) 
 CURVE ( )  GEOMETRIC_REPRESENTATION_ITEM ( )  RATIONAL_B_SPLINE_CURVE ( ( 1.000000000000000000, 0.9999542709467090784, 0.9999542709467090784, 1.000000000000000000 ) ) 
 REPRESENTATION_ITEM ( '' )  );
#9124 = STYLED_ITEM ( 'NONE', ( #2987 ), #8096 ) ;
#9125 = UNCERTAINTY_MEASURE_WITH_UNIT (LENGTH_MEASURE( 1.000000000000000082E-05 ), #8412, 'distance_accuracy_value', 'NONE');
#9126 = DIRECTION ( 'NONE',  ( 0.0000000000000000000, 0.0000000000000000000, -1.000000000000000000 ) ) ;
#9127 = DIRECTION ( 'NONE',  ( -1.000000000000000000, 0.0000000000000000000, 0.0000000000000000000 ) ) ;
#9128 = ORIENTED_EDGE ( 'NONE', *, *, #12093, .T. ) ;
#9129 = CARTESIAN_POINT ( 'NONE',  ( -51.39200563085130113, 3.027418401756875266, -14.90287429411922027 ) ) ;
#9130 = STYLED_ITEM ( 'NONE', ( #9154 ), #10194 ) ;
#9131 = ORIENTED_EDGE ( 'NONE', *, *, #12137, .F. ) ;
#9132 = PRESENTATION_STYLE_ASSIGNMENT (( #3359 ) ) ;
#9133 =( NAMED_UNIT ( * ) SI_UNIT ( $, .STERADIAN. ) SOLID_ANGLE_UNIT ( ) );
#9134 = CARTESIAN_POINT ( 'NONE',  ( -26.50000000000000000, -0.6999999999999999556, -5.299999999999919886 ) ) ;
#9135 = ORIENTED_EDGE ( 'NONE', *, *, #11425, .T. ) ;
#9136 = ORIENTED_EDGE ( 'NONE', *, *, #2897, .F. ) ;
#9138 = VERTEX_POINT ( 'NONE', #9232 ) ;
#9137 = COLOUR_RGB ( '',0.7529411764705882248, 0.7529411764705882248, 0.7529411764705882248 ) ;
#9139 = FILL_AREA_STYLE_COLOUR ( '', #7973 ) ;
#9140 = VERTEX_POINT ( 'NONE', #4555 ) ;
#9141 = VECTOR ( 'NONE', #1890, 999.9999999999998863 ) ;
#9142 = EDGE_LOOP ( 'NONE', ( #1489, #7260, #4226, #47 ) ) ;
#9143 = EDGE_CURVE ( 'NONE', #8048, #1181, #8461, .T. ) ;
#9144 =( GEOMETRIC_REPRESENTATION_CONTEXT ( 3 ) GLOBAL_UNCERTAINTY_ASSIGNED_CONTEXT ( ( #2643 ) ) GLOBAL_UNIT_ASSIGNED_CONTEXT ( ( #3332, #7223, #6227 ) ) REPRESENTATION_CONTEXT ( 'NONE', 'WORKASPACE' ) );
#9145 = ORIENTED_EDGE ( 'NONE', *, *, #11778, .F. ) ;
#9146 =( NAMED_UNIT ( * ) SI_UNIT ( $, .STERADIAN. ) SOLID_ANGLE_UNIT ( ) );
#9147 = PRODUCT_DEFINITION_SHAPE ( 'NONE', 'NONE',  #7434 ) ;
#9148 =( GEOMETRIC_REPRESENTATION_CONTEXT ( 3 ) GLOBAL_UNCERTAINTY_ASSIGNED_CONTEXT ( ( #1115 ) ) GLOBAL_UNIT_ASSIGNED_CONTEXT ( ( #11471, #7671, #2067 ) ) REPRESENTATION_CONTEXT ( 'NONE', 'WORKASPACE' ) );
#9149 =( GEOMETRIC_REPRESENTATION_CONTEXT ( 3 ) GLOBAL_UNCERTAINTY_ASSIGNED_CONTEXT ( ( #3640 ) ) GLOBAL_UNIT_ASSIGNED_CONTEXT ( ( #10410, #3641, #843 ) ) REPRESENTATION_CONTEXT ( 'NONE', 'WORKASPACE' ) );
#9150 = ORIENTED_EDGE ( 'NONE', *, *, #7254, .T. ) ;
#9151 = CARTESIAN_POINT ( 'NONE',  ( 41.25481527290520489, 2.299999999984525090, -1.575925951567245020 ) ) ;
#9152 = ADVANCED_FACE ( 'NONE', ( #7715 ), #11125, .T. ) ;
#9153 = ORIENTED_EDGE ( 'NONE', *, *, #3872, .T. ) ;
#9154 = PRESENTATION_STYLE_ASSIGNMENT (( #23 ) ) ;
#9155 = SURFACE_SIDE_STYLE ('',( #8319 ) ) ;
#9156 = MECHANICAL_DESIGN_GEOMETRIC_PRESENTATION_REPRESENTATION (  '', ( #4023 ), #524 ) ;
#9157 =( LENGTH_UNIT ( ) NAMED_UNIT ( * ) SI_UNIT ( .MILLI., .METRE. ) );
#9158 = SURFACE_SIDE_STYLE ('',( #7749 ) ) ;
#9159 = CARTESIAN_POINT ( 'NONE',  ( 52.50000000000000000, 3.000000000000000000, -15.00000000000000000 ) ) ;
#9160 = PRESENTATION_LAYER_ASSIGNMENT (  '', '', ( #4437 ) ) ;
#9161 = EDGE_LOOP ( 'NONE', ( #9131, #9666, #4217, #5780, #5858 ) ) ;
#9162 = VERTEX_POINT ( 'NONE', #7438 ) ;
#9163 = DIRECTION ( 'NONE',  ( -1.000000000000000000, 0.0000000000000000000, 0.0000000000000000000 ) ) ;
#9164 = DIRECTION ( 'NONE',  ( -1.000000000000000000, 0.0000000000000000000, 0.0000000000000000000 ) ) ;
#9165 =( NAMED_UNIT ( * ) SI_UNIT ( $, .STERADIAN. ) SOLID_ANGLE_UNIT ( ) );
#9166 = EDGE_CURVE ( 'NONE', #12340, #6306, #9053, .T. ) ;
#9167 =( NAMED_UNIT ( * ) SI_UNIT ( $, .STERADIAN. ) SOLID_ANGLE_UNIT ( ) );
#9168 =( NAMED_UNIT ( * ) SI_UNIT ( $, .STERADIAN. ) SOLID_ANGLE_UNIT ( ) );
#9169 = SURFACE_STYLE_USAGE ( .BOTH. , #7253 ) ;
#9170 = EDGE_CURVE ( 'NONE', #7636, #6258, #4275, .T. ) ;
#9171 = CARTESIAN_POINT ( 'NONE',  ( -26.50000000000000000, 1.200000000001454792, 5.500000000000000000 ) ) ;
#9172 = ORIENTED_EDGE ( 'NONE', *, *, #219, .F. ) ;
#9173 = CARTESIAN_POINT ( 'NONE',  ( -26.75455589996904848, -0.6999999999999999556, -5.299999999999919886 ) ) ;
#9174 = LINE ( 'NONE', #8500, #8588 ) ;
#9175 = CIRCLE ( 'NONE', #2547, 1.199999999999999734 ) ;
#9176 = DIRECTION ( 'NONE',  ( 1.000000000000000000, 0.0000000000000000000, 0.0000000000000000000 ) ) ;
#9177 = MECHANICAL_DESIGN_GEOMETRIC_PRESENTATION_REPRESENTATION (  '', ( #8144 ), #5165 ) ;
#9178 = CARTESIAN_POINT ( 'NONE',  ( 23.50000000000000000, 1.799999999832379904, -4.608727532465549892 ) ) ;
#9179 = DIRECTION ( 'NONE',  ( 0.0000000000000000000, 0.0000000000000000000, -1.000000000000000000 ) ) ;
#9180 = AXIS2_PLACEMENT_3D ( 'NONE', #10987, #12010, #2557 ) ;
#9181 = STYLED_ITEM ( 'NONE', ( #12228 ), #7706 ) ;
#9182 = AXIS2_PLACEMENT_3D ( 'NONE', #10376, #8429, #5538 ) ;
#9183 = COLOUR_RGB ( '',0.7529411764705882248, 0.7529411764705882248, 0.7529411764705882248 ) ;
#9184 = ORIENTED_EDGE ( 'NONE', *, *, #5775, .T. ) ;
#9185 = CARTESIAN_POINT ( 'NONE',  ( -52.20000000000000284, -1.500000000000000000, 10.00000000000000000 ) ) ;
#9186 =( LENGTH_UNIT ( ) NAMED_UNIT ( * ) SI_UNIT ( .MILLI., .METRE. ) );
#9187 = CARTESIAN_POINT ( 'NONE',  ( 20.66654288262500927, 3.348759923522913073, -11.24747332651353737 ) ) ;
#9188 = FILL_AREA_STYLE ('',( #8190 ) ) ;
#9189 = CIRCLE ( 'NONE', #9233, 1.400000000000000133 ) ;
#9190 = DIRECTION ( 'NONE',  ( 0.0000000000000000000, 1.000000000000000000, 0.0000000000000000000 ) ) ;
#9191 = CARTESIAN_POINT ( 'NONE',  ( 23.50000000000000000, 1.800000000000000044, 5.500000000000000000 ) ) ;
#9192 = CARTESIAN_POINT ( 'NONE',  ( 51.49828315067980355, 2.989463380305725337, -15.00000000000000000 ) ) ;
#9193 = EDGE_CURVE ( 'NONE', #10423, #8794, #5622, .T. ) ;
#9194 = ORIENTED_EDGE ( 'NONE', *, *, #2342, .F. ) ;
#9195 = FILL_AREA_STYLE_COLOUR ( '', #10978 ) ;
#9196 = VECTOR ( 'NONE', #2334, 1000.000000000000000 ) ;
#9197 = PRESENTATION_LAYER_ASSIGNMENT (  '', '', ( #2204 ) ) ;
#9198 = MECHANICAL_DESIGN_GEOMETRIC_PRESENTATION_REPRESENTATION (  '', ( #10710 ), #4247 ) ;
#9199 = UNCERTAINTY_MEASURE_WITH_UNIT (LENGTH_MEASURE( 1.000000000000000082E-05 ), #3634, 'distance_accuracy_value', 'NONE');
#9200 = UNCERTAINTY_MEASURE_WITH_UNIT (LENGTH_MEASURE( 1.000000000000000082E-05 ), #7020, 'distance_accuracy_value', 'NONE');
#9201 = CARTESIAN_POINT ( 'NONE',  ( -26.50000000000000000, -0.3069809625912964801, 5.500000000000079048 ) ) ;
#9202 = ORIENTED_EDGE ( 'NONE', *, *, #3947, .T. ) ;
#9203 = SURFACE_STYLE_FILL_AREA ( #1068 ) ;
#9204 =( NAMED_UNIT ( * ) SI_UNIT ( $, .STERADIAN. ) SOLID_ANGLE_UNIT ( ) );
#9205 = FILL_AREA_STYLE ('',( #9249 ) ) ;
#9206 = CARTESIAN_POINT ( 'NONE',  ( -26.75455589996904848, -0.6999999999999999556, 5.500000000000079048 ) ) ;
#9207 = SURFACE_STYLE_FILL_AREA ( #3040 ) ;
#9208 =( NAMED_UNIT ( * ) SI_UNIT ( $, .STERADIAN. ) SOLID_ANGLE_UNIT ( ) );
#9209 = ADVANCED_FACE ( 'NONE', ( #4874 ), #6539, .T. ) ;
#9210 = ORIENTED_EDGE ( 'NONE', *, *, #12169, .T. ) ;
#9211 = CARTESIAN_POINT ( 'NONE',  ( -47.50000000000000000, -1.199999999999999956, -14.69999999999999929 ) ) ;
#9212 = ADVANCED_FACE ( 'NONE', ( #1079 ), #12299, .T. ) ;
#9213 = ORIENTED_EDGE ( 'NONE', *, *, #8366, .F. ) ;
#9214 = FILL_AREA_STYLE_COLOUR ( '', #7614 ) ;
#9215 = EDGE_CURVE ( 'NONE', #5932, #3008, #8623, .T. ) ;
#9216 = STYLED_ITEM ( 'NONE', ( #5793 ), #2367 ) ;
#9218 = EDGE_LOOP ( 'NONE', ( #9755, #7815, #708, #335 ) ) ;
#9217 = CARTESIAN_POINT ( 'NONE',  ( -26.24544410003089823, -0.3000000000000034861, 5.500000000000079048 ) ) ;
#9219 = VERTEX_POINT ( 'NONE', #8909 ) ;
#9220 = SURFACE_STYLE_FILL_AREA ( #7176 ) ;
#9221 = PRESENTATION_LAYER_ASSIGNMENT (  '', '', ( #11823 ) ) ;
#9222 = CARTESIAN_POINT ( 'NONE',  ( -24.84067480924419868, 0.4000010255229919376, 4.877928121785719995 ) ) ;
#9223 = PRESENTATION_STYLE_ASSIGNMENT (( #4643 ) ) ;
#9224 = VERTEX_POINT ( 'NONE', #87 ) ;
#9225 = ORIENTED_EDGE ( 'NONE', *, *, #10436, .F. ) ;
#9226 = EDGE_CURVE ( 'NONE', #6204, #8847, #3367, .T. ) ;
#9227 = SURFACE_STYLE_FILL_AREA ( #9656 ) ;
#9228 = CIRCLE ( 'NONE', #12305, 3.812435565228240453 ) ;
#9229 =( NAMED_UNIT ( * ) SI_UNIT ( $, .STERADIAN. ) SOLID_ANGLE_UNIT ( ) );
#9230 = CARTESIAN_POINT ( 'NONE',  ( 22.86396406938204962, -0.3999990008941750608, -3.631026013145290054 ) ) ;
#9231 = FILL_AREA_STYLE ('',( #1451 ) ) ;
#9232 = CARTESIAN_POINT ( 'NONE',  ( 22.85872753246409772, 1.800000000000024913, 2.667247430311570522 ) ) ;
#9233 = AXIS2_PLACEMENT_3D ( 'NONE', #9437, #2775, #2045 ) ;
#9234 = DIRECTION ( 'NONE',  ( -1.000000000000000000, 0.0000000000000000000, 0.0000000000000000000 ) ) ;
#9235 = AXIS2_PLACEMENT_3D ( 'NONE', #11645, #3144, #7887 ) ;
#9236 = ORIENTED_EDGE ( 'NONE', *, *, #8106, .T. ) ;
#9237 = DIRECTION ( 'NONE',  ( 0.0000000000000000000, -1.000000000000000000, 0.0000000000000000000 ) ) ;
#9238 = ORIENTED_EDGE ( 'NONE', *, *, #336, .F. ) ;
#9239 = DIRECTION ( 'NONE',  ( 1.000000000000000000, 0.0000000000000000000, 0.0000000000000000000 ) ) ;
#9240 = SURFACE_STYLE_USAGE ( .BOTH. , #2453 ) ;
#9241 = VECTOR ( 'NONE', #4352, 1000.000000000000000 ) ;
#9242 = FACE_OUTER_BOUND ( 'NONE', #10084, .T. ) ;
#9243 = EDGE_CURVE ( 'NONE', #11045, #4809, #5919, .T. ) ;
#9244 = COLOUR_RGB ( '',0.7529411764705882248, 0.7529411764705882248, 0.7529411764705882248 ) ;
#9245 = EDGE_CURVE ( 'NONE', #6335, #5634, #10681, .T. ) ;
#9246 = SURFACE_STYLE_FILL_AREA ( #7908 ) ;
#9247 = PRESENTATION_STYLE_ASSIGNMENT (( #12105 ) ) ;
#9248 = PLANE ( 'NONE',  #1608 ) ;
#9249 = FILL_AREA_STYLE_COLOUR ( '', #6645 ) ;
#9250 = CARTESIAN_POINT ( 'NONE',  ( 29.14999999999999858, 2.299999999999999822, -2.782205948333420054 ) ) ;
#9251 = SURFACE_STYLE_FILL_AREA ( #9110 ) ;
#9252 = SURFACE_SIDE_STYLE ('',( #10894 ) ) ;
#9253 = VECTOR ( 'NONE', #10110, 1000.000000000000000 ) ;
#9254 = CARTESIAN_POINT ( 'NONE',  ( -51.37720811076910366, 3.061870511399509720, -15.00179287976255083 ) ) ;
#9255 = CARTESIAN_POINT ( 'NONE',  ( -47.50000000000000000, -2.700000000044795012, 13.99999999996521893 ) ) ;
#9256 = CARTESIAN_POINT ( 'NONE',  ( 23.50000000000000000, 1.199999999999999956, -5.299999999999999822 ) ) ;
#9257 = VECTOR ( 'NONE', #7619, 1000.000000000000000 ) ;
#9258 = COLOUR_RGB ( '',0.7529411764705882248, 0.7529411764705882248, 0.7529411764705882248 ) ;
#9259 = AXIS2_PLACEMENT_3D ( 'NONE', #5650, #7660, #10392 ) ;
#9260 = MECHANICAL_DESIGN_GEOMETRIC_PRESENTATION_REPRESENTATION (  '', ( #5822 ), #8220 ) ;
#9261 = CARTESIAN_POINT ( 'NONE',  ( 52.35355339059329793, 2.146446609406744699, -15.00000000000000000 ) ) ;
#9262 = ORIENTED_EDGE ( 'NONE', *, *, #11778, .T. ) ;
#9263 = CARTESIAN_POINT ( 'NONE',  ( 23.50000000000000000, 2.000000000000000000, 5.500000000000000000 ) ) ;
#9264 = CARTESIAN_POINT ( 'NONE',  ( -47.50000000000000000, -2.700000000000000178, 15.00000000000000000 ) ) ;
#9265 = CIRCLE ( 'NONE', #170, 1.758107844172310141 ) ;
#9266 = LINE ( 'NONE', #2888, #3880 ) ;
#9267 = ORIENTED_EDGE ( 'NONE', *, *, #5113, .T. ) ;
#9268 = LINE ( 'NONE', #1338, #6739 ) ;
#9269 = FILL_AREA_STYLE_COLOUR ( '', #9458 ) ;
#9270 = DIRECTION ( 'NONE',  ( 0.0000000000000000000, 0.0000000000000000000, 1.000000000000000000 ) ) ;
#9271 = PLANE ( 'NONE',  #10094 ) ;
#9273 = ADVANCED_FACE ( 'NONE', ( #11573 ), #4730, .T. ) ;
#9272 = CARTESIAN_POINT ( 'NONE',  ( 21.75367493391929941, 2.246686610711402299, -10.67154906295565198 ) ) ;
#9274 = ORIENTED_EDGE ( 'NONE', *, *, #9714, .F. ) ;
#9275 = STYLED_ITEM ( 'NONE', ( #9938 ), #1012 ) ;
#9276 = DIRECTION ( 'NONE',  ( 1.000000000000000000, 0.0000000000000000000, 0.0000000000000000000 ) ) ;
#9277 = DIRECTION ( 'NONE',  ( -1.778194379851089694E-15, 1.000000000000000000, -1.243513618526272169E-14 ) ) ;
#9278 = DIRECTION ( 'NONE',  ( 0.0000000000000000000, 0.0000000000000000000, 1.000000000000000000 ) ) ;
#9279 = ORIENTED_EDGE ( 'NONE', *, *, #2754, .F. ) ;
#9280 = EDGE_LOOP ( 'NONE', ( #1296, #6238, #1415, #8337 ) ) ;
#9281 = ORIENTED_EDGE ( 'NONE', *, *, #11393, .F. ) ;
#9282 =( NAMED_UNIT ( * ) PLANE_ANGLE_UNIT ( ) SI_UNIT ( $, .RADIAN. ) );
#9283 = VECTOR ( 'NONE', #1878, 1000.000000000000000 ) ;
#9284 = ORIENTED_EDGE ( 'NONE', *, *, #5738, .T. ) ;
#9285 = ORIENTED_EDGE ( 'NONE', *, *, #3538, .T. ) ;
#9286 = SURFACE_SIDE_STYLE ('',( #7695 ) ) ;
#9287 = EDGE_CURVE ( 'NONE', #9742, #4605, #6069, .T. ) ;
#9288 = DIRECTION ( 'NONE',  ( 0.0000000000000000000, 1.000000000000000000, 0.0000000000000000000 ) ) ;
#9289 = SURFACE_SIDE_STYLE ('',( #2112 ) ) ;
#9290 =( NAMED_UNIT ( * ) SI_UNIT ( $, .STERADIAN. ) SOLID_ANGLE_UNIT ( ) );
#9291 = MECHANICAL_DESIGN_GEOMETRIC_PRESENTATION_REPRESENTATION (  '', ( #10080 ), #4970 ) ;
#9292 = AXIS2_PLACEMENT_3D ( 'NONE', #9250, #458, #5321 ) ;
#9293 = EDGE_LOOP ( 'NONE', ( #8771, #570, #2092, #2006 ) ) ;
#9294 = DIRECTION ( 'NONE',  ( 0.0000000000000000000, -0.9998476951563912696, 0.01745240643728355329 ) ) ;
#9295 =( NAMED_UNIT ( * ) SI_UNIT ( $, .STERADIAN. ) SOLID_ANGLE_UNIT ( ) );
#9297 = VERTEX_POINT ( 'NONE', #8751 ) ;
#9296 = PRESENTATION_STYLE_ASSIGNMENT (( #7869 ) ) ;
#9299 = B_SPLINE_CURVE_WITH_KNOTS ( 'NONE', 3,
 ( #173, #11819, #4161, #6942 ),
 .UNSPECIFIED., .F., .F.,
 ( 4, 4 ),
 ( 5.134203972243610897E-15, 0.002400540168330740024 ),
 .UNSPECIFIED. ) ;
#9298 =( GEOMETRIC_REPRESENTATION_CONTEXT ( 3 ) GLOBAL_UNCERTAINTY_ASSIGNED_CONTEXT ( ( #5489 ) ) GLOBAL_UNIT_ASSIGNED_CONTEXT ( ( #7309, #3534, #9229 ) ) REPRESENTATION_CONTEXT ( 'NONE', 'WORKASPACE' ) );
#9300 =( NAMED_UNIT ( * ) SI_UNIT ( $, .STERADIAN. ) SOLID_ANGLE_UNIT ( ) );
#9301 = VERTEX_POINT ( 'NONE', #3186 ) ;
#9302 = PRESENTATION_STYLE_ASSIGNMENT (( #941 ) ) ;
#9303 = ORIENTED_EDGE ( 'NONE', *, *, #7541, .T. ) ;
#9304 = PLANE ( 'NONE',  #8218 ) ;
#9305 = DIRECTION ( 'NONE',  ( 0.0000000000000000000, 0.0000000000000000000, 1.000000000000000000 ) ) ;
#9306 = ORIENTED_EDGE ( 'NONE', *, *, #3993, .F. ) ;
#9307 = CARTESIAN_POINT ( 'NONE',  ( 23.50000000000000000, 1.800000000002909939, -5.299999999999919886 ) ) ;
#9308 = PRESENTATION_STYLE_ASSIGNMENT (( #9991 ) ) ;
#9309 = FILL_AREA_STYLE ('',( #11249 ) ) ;
#9310 = ORIENTED_EDGE ( 'NONE', *, *, #10834, .T. ) ;
#9311 = PRESENTATION_LAYER_ASSIGNMENT (  '', '', ( #7155 ) ) ;
#9312 = ORIENTED_EDGE ( 'NONE', *, *, #1765, .F. ) ;
#9313 = AXIS2_PLACEMENT_3D ( 'NONE', #6791, #3796, #5818 ) ;
#9314 = PRESENTATION_LAYER_ASSIGNMENT (  '', '', ( #7397 ) ) ;
#9315 = SURFACE_STYLE_USAGE ( .BOTH. , #641 ) ;
#9316 = SURFACE_SIDE_STYLE ('',( #9535 ) ) ;
#9317 = DIRECTION ( 'NONE',  ( 1.000000000000000000, 0.0000000000000000000, 0.0000000000000000000 ) ) ;
#9318 = CARTESIAN_POINT ( 'NONE',  ( 47.50000000000000000, -1.199999999999999956, 14.69999999999999929 ) ) ;
#9319 = EDGE_CURVE ( 'NONE', #11781, #6244, #610, .T. ) ;
#9320 = PRESENTATION_STYLE_ASSIGNMENT (( #617 ) ) ;
#9321 = ORIENTED_EDGE ( 'NONE', *, *, #8568, .F. ) ;
#9322 = UNCERTAINTY_MEASURE_WITH_UNIT (LENGTH_MEASURE( 1.000000000000000082E-05 ), #5757, 'distance_accuracy_value', 'NONE');
#9323 = EDGE_CURVE ( 'NONE', #11735, #7161, #6813, .T. ) ;
#9324 = DIRECTION ( 'NONE',  ( 0.0000000000000000000, 0.0000000000000000000, -1.000000000000000000 ) ) ;
#9325 = SURFACE_STYLE_FILL_AREA ( #10731 ) ;
#9326 = VECTOR ( 'NONE', #3560, 1000.000000000000114 ) ;
#9327 = LINE ( 'NONE', #10726, #7992 ) ;
#9328 = FILL_AREA_STYLE ('',( #10269 ) ) ;
#9329 = DIRECTION ( 'NONE',  ( 1.000000000000000000, 0.0000000000000000000, 0.0000000000000000000 ) ) ;
#9330 = AXIS2_PLACEMENT_3D ( 'NONE', #2510, #7252, #501 ) ;
#9331 = CARTESIAN_POINT ( 'NONE',  ( -25.85000000000000142, 2.299999999999999822, -2.782205948333395185 ) ) ;
#9332 = ORIENTED_EDGE ( 'NONE', *, *, #905, .T. ) ;
#9333 = CARTESIAN_POINT ( 'NONE',  ( 39.57676302456989959, 3.000000000000000000, 1.975219056213714852 ) ) ;
#9334 = MECHANICAL_DESIGN_GEOMETRIC_PRESENTATION_REPRESENTATION (  '', ( #11541 ), #10592 ) ;
#9335 = PRESENTATION_STYLE_ASSIGNMENT (( #10398 ) ) ;
#9336 = EDGE_CURVE ( 'NONE', #3931, #4550, #9586, .T. ) ;
#9337 = DIRECTION ( 'NONE',  ( 1.000000000000000000, 2.129595449599169385E-16, 0.0000000000000000000 ) ) ;
#9338 = ADVANCED_FACE ( 'NONE', ( #8893 ), #9077, .F. ) ;
#9339 = FILL_AREA_STYLE_COLOUR ( '', #5357 ) ;
#9340 =( LENGTH_UNIT ( ) NAMED_UNIT ( * ) SI_UNIT ( .MILLI., .METRE. ) );
#9341 = ADVANCED_FACE ( 'NONE', ( #9040 ), #1345, .T. ) ;
#9342 = CARTESIAN_POINT ( 'NONE',  ( 44.36819777075264426, 1.799999999998380007, 270.4510849563059764 ) ) ;
#9343 = FACE_OUTER_BOUND ( 'NONE', #8099, .T. ) ;
#9344 = SURFACE_STYLE_USAGE ( .BOTH. , #12188 ) ;
#9345 = LINE ( 'NONE', #3354, #5448 ) ;
#9346 = VERTEX_POINT ( 'NONE', #6214 ) ;
#9347 = LINE ( 'NONE', #2376, #9196 ) ;
#9348 =( NAMED_UNIT ( * ) PLANE_ANGLE_UNIT ( ) SI_UNIT ( $, .RADIAN. ) );
#9349 = CARTESIAN_POINT ( 'NONE',  ( -24.85040973523835106, 1.200000000001046008, 4.891892155827740396 ) ) ;
#9350 = PRESENTATION_STYLE_ASSIGNMENT (( #5854 ) ) ;
#9351 = CARTESIAN_POINT ( 'NONE',  ( 47.50000000000000000, -1.699999999995805089, 15.00000000000419931 ) ) ;
#9352 = PRESENTATION_LAYER_ASSIGNMENT (  '', '', ( #2866 ) ) ;
#9353 = MECHANICAL_DESIGN_GEOMETRIC_PRESENTATION_REPRESENTATION (  '', ( #5913 ), #11252 ) ;
#9354 = CARTESIAN_POINT ( 'NONE',  ( -430990.7041048915125, -288110.5084342069458, 251618.8301491029852 ) ) ;
#9355 = COLOUR_RGB ( '',0.7529411764705882248, 0.7529411764705882248, 0.7529411764705882248 ) ;
#9356 = ORIENTED_EDGE ( 'NONE', *, *, #1401, .T. ) ;
#9357 = CARTESIAN_POINT ( 'NONE',  ( -26.50000000000000000, -0.3069809625912964801, -4.645505021967370141 ) ) ;
#9358 = CARTESIAN_POINT ( 'NONE',  ( -52.50000000000000000, 1.800000000000000044, -5.941272467535820390 ) ) ;
#9359 = ORIENTED_EDGE ( 'NONE', *, *, #11281, .F. ) ;
#9360 =( LENGTH_UNIT ( ) NAMED_UNIT ( * ) SI_UNIT ( .MILLI., .METRE. ) );
#9361 = UNCERTAINTY_MEASURE_WITH_UNIT (LENGTH_MEASURE( 1.000000000000000082E-05 ), #4653, 'distance_accuracy_value', 'NONE');
#9362 = UNCERTAINTY_MEASURE_WITH_UNIT (LENGTH_MEASURE( 1.000000000000000082E-05 ), #667, 'distance_accuracy_value', 'NONE');
#9363 = CARTESIAN_POINT ( 'NONE',  ( -47.50000000000000000, 2.146446609344820011, 10.00000000000000000 ) ) ;
#9364 = EDGE_LOOP ( 'NONE', ( #1153, #3291, #11320, #7345 ) ) ;
#9365 = CONICAL_SURFACE ( 'NONE', #4175, 0.6912724675376229477, 0.01745329252031053643 ) ;
#9366 = EDGE_CURVE ( 'NONE', #6906, #7935, #4864, .T. ) ;
#9367 = FILL_AREA_STYLE ('',( #10138 ) ) ;
#9368 = CARTESIAN_POINT ( 'NONE',  ( 47.50000000000000000, -2.700000000000000178, 15.00000000000000000 ) ) ;
#9369 =( GEOMETRIC_REPRESENTATION_CONTEXT ( 3 ) GLOBAL_UNCERTAINTY_ASSIGNED_CONTEXT ( ( #5301 ) ) GLOBAL_UNIT_ASSIGNED_CONTEXT ( ( #4762, #8514, #3690 ) ) REPRESENTATION_CONTEXT ( 'NONE', 'WORKASPACE' ) );
#9370 = VECTOR ( 'NONE', #10533, 1000.000000000000114 ) ;
#9371 = ORIENTED_EDGE ( 'NONE', *, *, #10165, .F. ) ;
#9372 = PRESENTATION_LAYER_ASSIGNMENT (  '', '', ( #3516 ) ) ;
#9373 = ORIENTED_EDGE ( 'NONE', *, *, #7924, .T. ) ;
#9374 = CARTESIAN_POINT ( 'NONE',  ( 50.70000000000000284, -1.200000000030239988, 10.00000000000000000 ) ) ;
#9375 = CIRCLE ( 'NONE', #1044, 0.5000000000000229816 ) ;
#9376 = SURFACE_STYLE_USAGE ( .BOTH. , #7457 ) ;
#9377 = CIRCLE ( 'NONE', #11251, 0.6544949780325570732 ) ;
#9378 = VECTOR ( 'NONE', #9603, 1000.000000000000000 ) ;
#9379 = B_SPLINE_CURVE_WITH_KNOTS ( 'NONE', 3,
 ( #9395, #7396, #4636, #1626 ),
 .UNSPECIFIED., .F., .F.,
 ( 4, 4 ),
 ( 5.348078220556510058E-15, 0.002400540168330274685 ),
 .UNSPECIFIED. ) ;
#9380 = CARTESIAN_POINT ( 'NONE',  ( -52.50000000000000000, -1.200000000000000178, 10.00000000000000000 ) ) ;
#9381 = FILL_AREA_STYLE ('',( #1700 ) ) ;
#9382 = FACE_OUTER_BOUND ( 'NONE', #9872, .T. ) ;
#9383 = EDGE_CURVE ( 'NONE', #2789, #712, #9347, .T. ) ;
#9384 = VERTEX_POINT ( 'NONE', #4192 ) ;
#9385 = PRESENTATION_LAYER_ASSIGNMENT (  '', '', ( #8738 ) ) ;
#9386 = SURFACE_SIDE_STYLE ('',( #1045 ) ) ;
#9387 = ORIENTED_EDGE ( 'NONE', *, *, #6863, .F. ) ;
#9388 =( GEOMETRIC_REPRESENTATION_CONTEXT ( 3 ) GLOBAL_UNCERTAINTY_ASSIGNED_CONTEXT ( ( #7289 ) ) GLOBAL_UNIT_ASSIGNED_CONTEXT ( ( #1450, #9021, #5222 ) ) REPRESENTATION_CONTEXT ( 'NONE', 'WORKASPACE' ) );
#9389 = DIRECTION ( 'NONE',  ( 1.000000000000000000, -3.244917927073274869E-19, -1.859012235369910141E-17 ) ) ;
#9390 =( GEOMETRIC_REPRESENTATION_CONTEXT ( 3 ) GLOBAL_UNCERTAINTY_ASSIGNED_CONTEXT ( ( #4190 ) ) GLOBAL_UNIT_ASSIGNED_CONTEXT ( ( #11685, #214, #130 ) ) REPRESENTATION_CONTEXT ( 'NONE', 'WORKASPACE' ) );
#9391 = CIRCLE ( 'NONE', #5473, 4.146446609363464653 ) ;
#9392 = CARTESIAN_POINT ( 'NONE',  ( -26.50000000000000000, 2.000000000000000000, -5.299999999999999822 ) ) ;
#9393 = CARTESIAN_POINT ( 'NONE',  ( -24.83102601314584845, -0.3999990008941849973, 4.863964069382030075 ) ) ;
#9394 = CONICAL_SURFACE ( 'NONE', #6606, 4.099999999889400115, 0.7853981633027095066 ) ;
#9395 = CARTESIAN_POINT ( 'NONE',  ( 21.82145896683939768, -1.200000000016025137, -4.649999999999719691 ) ) ;
#9396 = VERTEX_POINT ( 'NONE', #11768 ) ;
#9397 = EDGE_CURVE ( 'NONE', #9742, #4944, #5450, .T. ) ;
#9398 = ORIENTED_EDGE ( 'NONE', *, *, #10977, .F. ) ;
#9399 = SURFACE_SIDE_STYLE ('',( #70 ) ) ;
#9400 = ORIENTED_EDGE ( 'NONE', *, *, #4995, .F. ) ;
#9401 = SURFACE_STYLE_USAGE ( .BOTH. , #1119 ) ;
#9402 = DIRECTION ( 'NONE',  ( -1.000000000000000000, 0.0000000000000000000, 1.859578637900949917E-17 ) ) ;
#9403 = ADVANCED_FACE ( 'NONE', ( #2903 ), #2258, .F. ) ;
#9404 = PRESENTATION_STYLE_ASSIGNMENT (( #2836 ) ) ;
#9405 = FILL_AREA_STYLE ('',( #3573 ) ) ;
#9406 = UNCERTAINTY_MEASURE_WITH_UNIT (LENGTH_MEASURE( 1.000000000000000082E-05 ), #2923, 'distance_accuracy_value', 'NONE');
#9407 = LINE ( 'NONE', #5447, #4162 ) ;
#9408 = STYLED_ITEM ( 'NONE', ( #5977 ), #11871 ) ;
#9409 =( LENGTH_UNIT ( ) NAMED_UNIT ( * ) SI_UNIT ( .MILLI., .METRE. ) );
#9410 = EDGE_CURVE ( 'NONE', #1122, #5568, #2136, .T. ) ;
#9411 = LINE ( 'NONE', #4200, #5364 ) ;
#9412 = COLOUR_RGB ( '',0.7529411764705882248, 0.7529411764705882248, 0.7529411764705882248 ) ;
#9413 = UNCERTAINTY_MEASURE_WITH_UNIT (LENGTH_MEASURE( 1.000000000000000082E-05 ), #4965, 'distance_accuracy_value', 'NONE');
#9414 = EDGE_CURVE ( 'NONE', #9715, #2698, #760, .T. ) ;
#9415 = CARTESIAN_POINT ( 'NONE',  ( 21.85040973523700103, 1.200000000001093081, 6.108107844172259604 ) ) ;
#9416 = CIRCLE ( 'NONE', #8400, 0.8000000000000003775 ) ;
#9417 = SURFACE_SIDE_STYLE ('',( #8217 ) ) ;
#9418 = CARTESIAN_POINT ( 'NONE',  ( -47.50000000000000000, 1.800000000009279955, 13.50294372514301955 ) ) ;
#9419 = VECTOR ( 'NONE', #7165, 1000.000000000000000 ) ;
#9420 =( GEOMETRIC_REPRESENTATION_CONTEXT ( 3 ) GLOBAL_UNCERTAINTY_ASSIGNED_CONTEXT ( ( #10694 ) ) GLOBAL_UNIT_ASSIGNED_CONTEXT ( ( #10593, #11506, #5814 ) ) REPRESENTATION_CONTEXT ( 'NONE', 'WORKASPACE' ) );
#9421 = DIRECTION ( 'NONE',  ( 0.0000000000000000000, -1.000000000000000000, 0.0000000000000000000 ) ) ;
#9422 = CARTESIAN_POINT ( 'NONE',  ( -52.50000000000000000, -0.6999999999999999556, -13.79999999999999893 ) ) ;
#9423 = PRESENTATION_STYLE_ASSIGNMENT (( #9834 ) ) ;
#9424 = COLOUR_RGB ( '',0.7529411764705882248, 0.7529411764705882248, 0.7529411764705882248 ) ;
#9425 = DIRECTION ( 'NONE',  ( -1.000000000000000000, 0.0000000000000000000, 0.0000000000000000000 ) ) ;
#9426 = DIRECTION ( 'NONE',  ( 0.0000000000000000000, -1.000000000000000000, 0.0000000000000000000 ) ) ;
#9427 = SURFACE_STYLE_USAGE ( .BOTH. , #9386 ) ;
#9428 = AXIS2_PLACEMENT_3D ( 'NONE', #11840, #6166, #372 ) ;
#9429 = STYLED_ITEM ( 'NONE', ( #3451 ), #7593 ) ;
#9430 = VERTEX_POINT ( 'NONE', #2423 ) ;
#9431 = ORIENTED_EDGE ( 'NONE', *, *, #11820, .F. ) ;
#9432 = CARTESIAN_POINT ( 'NONE',  ( -28.14959026475900217, 1.200000000000726930, -5.908107844172279854 ) ) ;
#9433 = CARTESIAN_POINT ( 'NONE',  ( -52.49999999998999556, -1.700000000010025047, 10.00000000000000000 ) ) ;
#9434 = ORIENTED_EDGE ( 'NONE', *, *, #279, .T. ) ;
#9435 = DIRECTION ( 'NONE',  ( 0.0000000000000000000, -1.000000000000000000, 0.0000000000000000000 ) ) ;
#9436 = ORIENTED_EDGE ( 'NONE', *, *, #8015, .T. ) ;
#9437 = CARTESIAN_POINT ( 'NONE',  ( -26.50000000000000000, 1.800000000000000044, -5.299999999999999822 ) ) ;
#9438 = FILL_AREA_STYLE ('',( #2779 ) ) ;
#9439 = VECTOR ( 'NONE', #6819, 1000.000000000000000 ) ;
#9440 = ORIENTED_EDGE ( 'NONE', *, *, #6736, .T. ) ;
#9441 = ORIENTED_EDGE ( 'NONE', *, *, #10043, .F. ) ;
#9442 = ORIENTED_EDGE ( 'NONE', *, *, #6657, .T. ) ;
#9443 = DIRECTION ( 'NONE',  ( 0.0000000000000000000, 0.0000000000000000000, -1.000000000000000000 ) ) ;
#9444 = CARTESIAN_POINT ( 'NONE',  ( -32.23495939512579866, 3.500000000000000000, 12.08037807446022072 ) ) ;
#9445 = ORIENTED_EDGE ( 'NONE', *, *, #2833, .T. ) ;
#9446 = SURFACE_STYLE_FILL_AREA ( #6783 ) ;
#9447 = VERTEX_POINT ( 'NONE', #8131 ) ;
#9448 = MECHANICAL_DESIGN_GEOMETRIC_PRESENTATION_REPRESENTATION (  '', ( #2204 ), #1062 ) ;
#9449 = AXIS2_PLACEMENT_3D ( 'NONE', #8047, #10855, #3224 ) ;
#9450 = DIRECTION ( 'NONE',  ( -0.9998476951563912696, -0.01745240643728355329, 0.0000000000000000000 ) ) ;
#9451 =( NAMED_UNIT ( * ) PLANE_ANGLE_UNIT ( ) SI_UNIT ( $, .RADIAN. ) );
#9452 = EDGE_LOOP ( 'NONE', ( #3664, #1048 ) ) ;
#9453 = DIRECTION ( 'NONE',  ( 1.000000000000000000, 0.0000000000000000000, 0.0000000000000000000 ) ) ;
#9454 = CARTESIAN_POINT ( 'NONE',  ( -52.50000000000000000, 3.000000000000000000, 15.00000000000000000 ) ) ;
#9455 = FACE_OUTER_BOUND ( 'NONE', #2714, .T. ) ;
#9456 = ORIENTED_EDGE ( 'NONE', *, *, #3552, .T. ) ;
#9457 = DIRECTION ( 'NONE',  ( -2.237758733883529861E-46, 1.000000000000000000, 1.160982074886903930E-31 ) ) ;
#9458 = COLOUR_RGB ( '',0.7529411764705882248, 0.7529411764705882248, 0.7529411764705882248 ) ;
#9459 = EDGE_CURVE ( 'NONE', #3506, #1474, #3053, .T. ) ;
#9460 = CARTESIAN_POINT ( 'NONE',  ( -26.50000000000000000, -1.200000000000000178, -4.500000000000000000 ) ) ;
#9461 = CARTESIAN_POINT ( 'NONE',  ( -52.20000000000000284, -1.199999999999999956, -14.69999999999999929 ) ) ;
#9462 = DIRECTION ( 'NONE',  ( -0.2802642304769271120, 0.0000000000000000000, -0.9599228933175706358 ) ) ;
#9463 =( GEOMETRIC_REPRESENTATION_CONTEXT ( 3 ) GLOBAL_UNCERTAINTY_ASSIGNED_CONTEXT ( ( #2052 ) ) GLOBAL_UNIT_ASSIGNED_CONTEXT ( ( #2854, #9547, #12347 ) ) REPRESENTATION_CONTEXT ( 'NONE', 'WORKASPACE' ) );
#9464 = PRESENTATION_LAYER_ASSIGNMENT (  '', '', ( #2803 ) ) ;
#9465 =( NAMED_UNIT ( * ) PLANE_ANGLE_UNIT ( ) SI_UNIT ( $, .RADIAN. ) );
#9466 = ADVANCED_FACE ( 'NONE', ( #10669 ), #11015, .T. ) ;
#9468 = B_SPLINE_CURVE_WITH_KNOTS ( 'NONE', 3,
 ( #6880, #11475, #4901, #6713 ),
 .UNSPECIFIED., .F., .F.,
 ( 4, 4 ),
 ( 0.0000000000000000000, 1.000000000000000000 ),
 .UNSPECIFIED. ) ;
#9467 = STYLED_ITEM ( 'NONE', ( #5414 ), #10384 ) ;
#9469 = CARTESIAN_POINT ( 'NONE',  ( -52.50000000000000000, -0.1000000000000000472, 10.00000000000000000 ) ) ;
#9470 = ADVANCED_FACE ( 'NONE', ( #8293 ), #531, .T. ) ;
#9471 = ORIENTED_EDGE ( 'NONE', *, *, #7827, .F. ) ;
#9472 = SURFACE_SIDE_STYLE ('',( #11165 ) ) ;
#9473 = PRESENTATION_STYLE_ASSIGNMENT (( #10318 ) ) ;
#9474 = ORIENTED_EDGE ( 'NONE', *, *, #3777, .F. ) ;
#9475 = PLANE ( 'NONE',  #834 ) ;
#9476 = VECTOR ( 'NONE', #4143, 1000.000000000000000 ) ;
#9477 =( NAMED_UNIT ( * ) PLANE_ANGLE_UNIT ( ) SI_UNIT ( $, .RADIAN. ) );
#9478 = FACE_OUTER_BOUND ( 'NONE', #9001, .T. ) ;
#9479 = FILL_AREA_STYLE ('',( #12245 ) ) ;
#9480 = CARTESIAN_POINT ( 'NONE',  ( 47.70000000000000284, -1.200000000000000178, 21.39567676978599664 ) ) ;
#9481 = FILL_AREA_STYLE ('',( #10380 ) ) ;
#9482 = ORIENTED_EDGE ( 'NONE', *, *, #1109, .F. ) ;
#9483 = STYLED_ITEM ( 'NONE', ( #9526 ), #6354 ) ;
#9484 = PRESENTATION_STYLE_ASSIGNMENT (( #2849 ) ) ;
#9485 =( NAMED_UNIT ( * ) SI_UNIT ( $, .STERADIAN. ) SOLID_ANGLE_UNIT ( ) );
#9486 = MECHANICAL_DESIGN_GEOMETRIC_PRESENTATION_REPRESENTATION (  '', ( #9068 ), #7802 ) ;
#9487 = COLOUR_RGB ( '',0.7529411764705882248, 0.7529411764705882248, 0.7529411764705882248 ) ;
#9488 = DIRECTION ( 'NONE',  ( -1.000000000000000000, 0.0000000000000000000, 0.0000000000000000000 ) ) ;
#9489 = EDGE_CURVE ( 'NONE', #2063, #7066, #6369, .T. ) ;
#9490 = FACE_OUTER_BOUND ( 'NONE', #6068, .T. ) ;
#9491 = CARTESIAN_POINT ( 'NONE',  ( -68.60321982055950230, -1.200000000000000178, 4.850000000000000533 ) ) ;
#9492 = EDGE_CURVE ( 'NONE', #8782, #10482, #9776, .T. ) ;
#9493 = FILL_AREA_STYLE_COLOUR ( '', #8565 ) ;
#9494 =( NAMED_UNIT ( * ) SI_UNIT ( $, .STERADIAN. ) SOLID_ANGLE_UNIT ( ) );
#9495 = SURFACE_STYLE_FILL_AREA ( #10449 ) ;
#9496 = EDGE_LOOP ( 'NONE', ( #4684, #8575, #10475, #4378 ) ) ;
#9497 = DIRECTION ( 'NONE',  ( 0.0000000000000000000, 1.000000000000000000, 0.0000000000000000000 ) ) ;
#9498 = AXIS2_PLACEMENT_3D ( 'NONE', #6498, #5547, #7520 ) ;
#9499 = FACE_OUTER_BOUND ( 'NONE', #9729, .T. ) ;
#9500 = CARTESIAN_POINT ( 'NONE',  ( 37.63824873692700379, 3.000000000000000000, -2.782205948333384971 ) ) ;
#9501 =( LENGTH_UNIT ( ) NAMED_UNIT ( * ) SI_UNIT ( .MILLI., .METRE. ) );
#9502 = CARTESIAN_POINT ( 'NONE',  ( 51.00294372515089947, 1.800000000001454881, 10.00000000000000000 ) ) ;
#9503 = PRESENTATION_LAYER_ASSIGNMENT (  '', '', ( #10923 ) ) ;
#9504 = AXIS2_PLACEMENT_3D ( 'NONE', #5058, #5992, #11712 ) ;
#9505 = CARTESIAN_POINT ( 'NONE',  ( 47.70000000000000284, -1.200000000000000178, -4.649999999999999467 ) ) ;
#9506 = EDGE_LOOP ( 'NONE', ( #3730, #3698, #7064, #8087 ) ) ;
#9507 = COLOUR_RGB ( '',0.7529411764705882248, 0.7529411764705882248, 0.7529411764705882248 ) ;
#9508 = DIRECTION ( 'NONE',  ( -0.7071067811865510144, 0.7071067811865441310, 0.0000000000000000000 ) ) ;
#9509 = CARTESIAN_POINT ( 'NONE',  ( 37.47766205419974739, 2.299999999986934718, 1.026846014696910059 ) ) ;
#9510 = ORIENTED_EDGE ( 'NONE', *, *, #4530, .T. ) ;
#9511 = SURFACE_SIDE_STYLE ('',( #10561 ) ) ;
#9512 = CIRCLE ( 'NONE', #10615, 1.000000000000000000 ) ;
#9513 = UNCERTAINTY_MEASURE_WITH_UNIT (LENGTH_MEASURE( 1.000000000000000082E-05 ), #3220, 'distance_accuracy_value', 'NONE');
#9514 =( NAMED_UNIT ( * ) SI_UNIT ( $, .STERADIAN. ) SOLID_ANGLE_UNIT ( ) );
#9515 = CARTESIAN_POINT ( 'NONE',  ( -52.50000000000000000, -2.700000000000000178, -15.00000000000000000 ) ) ;
#9516 = ORIENTED_EDGE ( 'NONE', *, *, #166, .F. ) ;
#9517 = SURFACE_STYLE_USAGE ( .BOTH. , #762 ) ;
#9518 = DIRECTION ( 'NONE',  ( 0.0000000000000000000, -1.000000000000000000, 0.0000000000000000000 ) ) ;
#9519 = ORIENTED_EDGE ( 'NONE', *, *, #10178, .F. ) ;
#9520 = MECHANICAL_DESIGN_GEOMETRIC_PRESENTATION_REPRESENTATION (  '', ( #8873 ), #10540 ) ;
#9521 = VERTEX_POINT ( 'NONE', #5317 ) ;
#9522 = VERTEX_POINT ( 'NONE', #12129 ) ;
#9523 = PRESENTATION_STYLE_ASSIGNMENT (( #12250 ) ) ;
#9524 = CARTESIAN_POINT ( 'NONE',  ( -28.10102051443364957, 0.0000000000000000000, -10.00000000000000000 ) ) ;
#9525 = ADVANCED_FACE ( 'NONE', ( #11105 ), #11965, .T. ) ;
#9526 = PRESENTATION_STYLE_ASSIGNMENT (( #927 ) ) ;
#9527 = EDGE_LOOP ( 'NONE', ( #2231, #3514, #10826, #8449 ) ) ;
#9528 = CARTESIAN_POINT ( 'NONE',  ( -68.60321982055950230, -0.2000000000000000389, -13.18254493507179959 ) ) ;
#9529 = ORIENTED_EDGE ( 'NONE', *, *, #1686, .F. ) ;
#9530 = EDGE_CURVE ( 'NONE', #2688, #1966, #1206, .T. ) ;
#9531 =( NAMED_UNIT ( * ) PLANE_ANGLE_UNIT ( ) SI_UNIT ( $, .RADIAN. ) );
#9532 = MANIFOLD_SOLID_BREP ( 'NONE', #2553 ) ;
#9533 = AXIS2_PLACEMENT_3D ( 'NONE', #5052, #1050, #7788 ) ;
#9534 = CIRCLE ( 'NONE', #10523, 0.2000000000000000944 ) ;
#9535 = SURFACE_STYLE_FILL_AREA ( #2613 ) ;
#9536 = CARTESIAN_POINT ( 'NONE',  ( 47.50000000000000000, 0.0000000000000000000, 10.00000000000000000 ) ) ;
#9537 = CARTESIAN_POINT ( 'NONE',  ( -22.87216804794384828, 3.433012701892219631, 32.54618977009264569 ) ) ;
#9539 = ORIENTED_EDGE ( 'NONE', *, *, #2661, .F. ) ;
#9538 = DIRECTION ( 'NONE',  ( 0.0000000000000000000, 1.000000000000000000, 0.0000000000000000000 ) ) ;
#9540 = ORIENTED_EDGE ( 'NONE', *, *, #12212, .F. ) ;
#9541 = LINE ( 'NONE', #1293, #509 ) ;
#9542 = DIRECTION ( 'NONE',  ( 0.0000000000000000000, -1.000000000000000000, 0.0000000000000000000 ) ) ;
#9543 = DIRECTION ( 'NONE',  ( 1.000000000000000000, 1.233373909433133377E-16, 0.0000000000000000000 ) ) ;
#9544 = B_SPLINE_CURVE_WITH_KNOTS ( 'NONE', 3,
 ( #3379, #480, #10011, #2279 ),
 .UNSPECIFIED., .F., .F.,
 ( 4, 4 ),
 ( 5.349146299096940073E-15, 0.002400540168330269914 ),
 .UNSPECIFIED. ) ;
#9545 = FACE_OUTER_BOUND ( 'NONE', #4430, .T. ) ;
#9546 = CARTESIAN_POINT ( 'NONE',  ( -49.70565569764391967, -0.8759852989863143868, -6.820741012347807164 ) ) ;
#9547 =( NAMED_UNIT ( * ) PLANE_ANGLE_UNIT ( ) SI_UNIT ( $, .RADIAN. ) );
#9548 = EDGE_CURVE ( 'NONE', #445, #6308, #6656, .T. ) ;
#9549 = MECHANICAL_DESIGN_GEOMETRIC_PRESENTATION_REPRESENTATION (  '', ( #11210 ), #10166 ) ;
#9550 =( GEOMETRIC_REPRESENTATION_CONTEXT ( 3 ) GLOBAL_UNCERTAINTY_ASSIGNED_CONTEXT ( ( #9125 ) ) GLOBAL_UNIT_ASSIGNED_CONTEXT ( ( #8412, #1861, #785 ) ) REPRESENTATION_CONTEXT ( 'NONE', 'WORKASPACE' ) );
#9551 = CARTESIAN_POINT ( 'NONE',  ( 40.75440459826930351, 3.500000000000000000, -0.2732477541740854776 ) ) ;
#9552 = AXIS2_PLACEMENT_3D ( 'NONE', #5696, #8585, #5819 ) ;
#9553 = FILL_AREA_STYLE ('',( #2858 ) ) ;
#9554 = DIRECTION ( 'NONE',  ( 0.0000000000000000000, 1.000000000000000000, 0.0000000000000000000 ) ) ;
#9555 = CARTESIAN_POINT ( 'NONE',  ( -44.45810784417229655, 1.199999999999999956, -4.691892155827719790 ) ) ;
#9556 = DIRECTION ( 'NONE',  ( 1.000000000000000000, 1.486745008786993791E-16, -4.084798340129184785E-16 ) ) ;
#9557 = CARTESIAN_POINT ( 'NONE',  ( -31.11389936382359878, 3.500000000000000000, 11.92006873989519988 ) ) ;
#9558 = UNCERTAINTY_MEASURE_WITH_UNIT (LENGTH_MEASURE( 1.000000000000000082E-05 ), #1635, 'distance_accuracy_value', 'NONE');
#9559 = EDGE_CURVE ( 'NONE', #11221, #7348, #10405, .T. ) ;
#9560 = PRESENTATION_STYLE_ASSIGNMENT (( #8453 ) ) ;
#9561 = MECHANICAL_DESIGN_GEOMETRIC_PRESENTATION_REPRESENTATION (  '', ( #4437 ), #11460 ) ;
#9562 = CONICAL_SURFACE ( 'NONE', #8089, 0.6912724675343728808, 0.01745329252031053643 ) ;
#9563 = UNCERTAINTY_MEASURE_WITH_UNIT (LENGTH_MEASURE( 1.000000000000000082E-05 ), #11466, 'distance_accuracy_value', 'NONE');
#9564 = PLANE ( 'NONE',  #10341 ) ;
#9565 = DIRECTION ( 'NONE',  ( 0.0000000000000000000, 0.0000000000000000000, -1.000000000000000000 ) ) ;
#9566 = VECTOR ( 'NONE', #963, 1000.000000000000000 ) ;
#9567 = CARTESIAN_POINT ( 'NONE',  ( 37.63824873692700379, 3.066987298097954895, -2.782205948333395185 ) ) ;
#9568 = ORIENTED_EDGE ( 'NONE', *, *, #3857, .T. ) ;
#9569 = LINE ( 'NONE', #2904, #7179 ) ;
#9570 = STYLED_ITEM ( 'NONE', ( #5751 ), #6836 ) ;
#9571 = DIRECTION ( 'NONE',  ( -9.637352644314821666E-16, 1.000000000000000000, -6.023345402706629233E-17 ) ) ;
#9572 = EDGE_CURVE ( 'NONE', #4420, #4793, #8589, .T. ) ;
#9573 = EDGE_CURVE ( 'NONE', #8425, #9396, #6600, .T. ) ;
#9574 = ORIENTED_EDGE ( 'NONE', *, *, #2290, .T. ) ;
#9575 = FILL_AREA_STYLE_COLOUR ( '', #1801 ) ;
#9576 = CARTESIAN_POINT ( 'NONE',  ( -26.71596624627089867, -0.1084596574344163927, -13.53859077518779941 ) ) ;
#9577 = LINE ( 'NONE', #5832, #4499 ) ;
#9578 = VERTEX_POINT ( 'NONE', #12170 ) ;
#9579 = PRESENTATION_LAYER_ASSIGNMENT (  '', '', ( #7674 ) ) ;
#9580 = ORIENTED_EDGE ( 'NONE', *, *, #8443, .F. ) ;
#9581 = PLANE ( 'NONE',  #1423 ) ;
#9582 = ORIENTED_EDGE ( 'NONE', *, *, #11973, .F. ) ;
#9583 = DIRECTION ( 'NONE',  ( 4.625929269271489858E-16, 0.0000000000000000000, 1.000000000000000000 ) ) ;
#9584 = ADVANCED_FACE ( 'NONE', ( #5297 ), #4566, .F. ) ;
#9585 = VERTEX_POINT ( 'NONE', #10315 ) ;
#9586 =( BOUNDED_CURVE ( )  B_SPLINE_CURVE ( 3, ( #9782, #9825, #9912, #5239 ),
 .UNSPECIFIED., .F., .F. ) 
 B_SPLINE_CURVE_WITH_KNOTS ( ( 4, 4 ),
 ( 1.570796326794895004, 2.188233430421774983 ),
 .UNSPECIFIED. ) 
 CURVE ( )  GEOMETRIC_REPRESENTATION_ITEM ( )  RATIONAL_B_SPLINE_CURVE ( ( 1.000000000000000000, 0.9684824697982120645, 0.9684824697982120645, 1.000000000000000000 ) ) 
 REPRESENTATION_ITEM ( '' )  );
#9587 = FILL_AREA_STYLE_COLOUR ( '', #2058 ) ;
#9588 =( BOUNDED_CURVE ( )  B_SPLINE_CURVE ( 3, ( #12219, #1739, #836, #5701 ),
 .UNSPECIFIED., .F., .F. ) 
 B_SPLINE_CURVE_WITH_KNOTS ( ( 4, 4 ),
 ( 4.094951876757810361, 4.712388980384689674 ),
 .UNSPECIFIED. ) 
 CURVE ( )  GEOMETRIC_REPRESENTATION_ITEM ( )  RATIONAL_B_SPLINE_CURVE ( ( 1.000000000000000000, 0.9684824697982120645, 0.9684824697982120645, 1.000000000000000000 ) ) 
 REPRESENTATION_ITEM ( '' )  );
#9589 = ADVANCED_BREP_SHAPE_REPRESENTATION ( 'Herelink_Airunit_Antenna', ( #9532, #3240, #2036 ), #5503 ) ;
#9590 = ORIENTED_EDGE ( 'NONE', *, *, #1933, .F. ) ;
#9591 =( GEOMETRIC_REPRESENTATION_CONTEXT ( 3 ) GLOBAL_UNCERTAINTY_ASSIGNED_CONTEXT ( ( #968 ) ) GLOBAL_UNIT_ASSIGNED_CONTEXT ( ( #5367, #11065, #543 ) ) REPRESENTATION_CONTEXT ( 'NONE', 'WORKASPACE' ) );
#9592 = PRESENTATION_LAYER_ASSIGNMENT (  '', '', ( #4301 ) ) ;
#9593 = AXIS2_PLACEMENT_3D ( 'NONE', #11114, #6444, #2436 ) ;
#9594 = FILL_AREA_STYLE_COLOUR ( '', #3988 ) ;
#9595 =( LENGTH_UNIT ( ) NAMED_UNIT ( * ) SI_UNIT ( .MILLI., .METRE. ) );
#9596 = ORIENTED_EDGE ( 'NONE', *, *, #4425, .F. ) ;
#9597 = ORIENTED_EDGE ( 'NONE', *, *, #1574, .F. ) ;
#9598 = CARTESIAN_POINT ( 'NONE',  ( -26.50000000000000000, -1.200000000021375079, -5.299999999999999822 ) ) ;
#9600 = VECTOR ( 'NONE', #10358, 1000.000000000000227 ) ;
#9599 = CARTESIAN_POINT ( 'NONE',  ( 42.36841162120990845, 3.000000000000000888, -1.022968512483893644 ) ) ;
#9601 = ORIENTED_EDGE ( 'NONE', *, *, #10551, .F. ) ;
#9602 = SURFACE_SIDE_STYLE ('',( #5310 ) ) ;
#9603 = DIRECTION ( 'NONE',  ( 4.659987166575320651E-16, -8.134037855723299984E-18, 1.000000000000000000 ) ) ;
#9604 = EDGE_CURVE ( 'NONE', #6244, #11781, #9175, .T. ) ;
#9605 =( GEOMETRIC_REPRESENTATION_CONTEXT ( 3 ) GLOBAL_UNCERTAINTY_ASSIGNED_CONTEXT ( ( #10500 ) ) GLOBAL_UNIT_ASSIGNED_CONTEXT ( ( #8473, #11379, #12312 ) ) REPRESENTATION_CONTEXT ( 'NONE', 'WORKASPACE' ) );
#9606 = DIRECTION ( 'NONE',  ( -1.000000000000000000, 0.0000000000000000000, 0.0000000000000000000 ) ) ;
#9607 = ORIENTED_EDGE ( 'NONE', *, *, #2478, .T. ) ;
#9608 = MECHANICAL_DESIGN_GEOMETRIC_PRESENTATION_REPRESENTATION (  '', ( #171 ), #823 ) ;
#9609 = CARTESIAN_POINT ( 'NONE',  ( 24.94240241831221638, -0.3777648594645597879, -13.73223472081179253 ) ) ;
#9610 =( NAMED_UNIT ( * ) PLANE_ANGLE_UNIT ( ) SI_UNIT ( $, .RADIAN. ) );
#9611 = DIRECTION ( 'NONE',  ( -0.01745240643728355329, 0.9998476951563912696, 0.0000000000000000000 ) ) ;
#9612 = FACE_OUTER_BOUND ( 'NONE', #5660, .T. ) ;
#9613 = FILL_AREA_STYLE_COLOUR ( '', #7571 ) ;
#9614 = CARTESIAN_POINT ( 'NONE',  ( -25.85872753246410127, 1.800000000000000044, 7.641272467535969781 ) ) ;
#9615 = ORIENTED_EDGE ( 'NONE', *, *, #7733, .F. ) ;
#9616 = EDGE_CURVE ( 'NONE', #401, #7760, #5594, .T. ) ;
#9617 = CARTESIAN_POINT ( 'NONE',  ( -51.60000000000000142, -1.500000000000000000, -14.09999999999999964 ) ) ;
#9618 =( NAMED_UNIT ( * ) PLANE_ANGLE_UNIT ( ) SI_UNIT ( $, .RADIAN. ) );
#9619 = CARTESIAN_POINT ( 'NONE',  ( -27.14969974901384120, -0.2767205384789926392, -13.67950715256357164 ) ) ;
#9620 =( GEOMETRIC_REPRESENTATION_CONTEXT ( 3 ) GLOBAL_UNCERTAINTY_ASSIGNED_CONTEXT ( ( #5800 ) ) GLOBAL_UNIT_ASSIGNED_CONTEXT ( ( #3070, #8965, #2181 ) ) REPRESENTATION_CONTEXT ( 'NONE', 'WORKASPACE' ) );
#9621 = VECTOR ( 'NONE', #9623, 1000.000000000000114 ) ;
#9622 = FACE_OUTER_BOUND ( 'NONE', #616, .T. ) ;
#9623 = DIRECTION ( 'NONE',  ( 0.9006591666653288586, -0.4345262540994679346, 0.0000000000000000000 ) ) ;
#9625 = AXIS2_PLACEMENT_3D ( 'NONE', #6442, #4497, #6396 ) ;
#9624 = B_SPLINE_CURVE_WITH_KNOTS ( 'NONE', 3,
 ( #321, #10880, #6287, #10131, #2408, #6372, #521, #8189, #10012, #11043, #2489, #6333, #7311, #4307, #9061, #9104, #8119, #10930, #4264, #3343 ),
 .UNSPECIFIED., .F., .F.,
 ( 4, 2, 2, 2, 2, 2, 2, 2, 2, 4 ),
 ( 0.0000000000000000000, 0.1249999999999989730, 0.2499999999999979461, 0.3749999999999968914, 0.4999999999999958922, 0.6249999999999948930, 0.6874999999999956701, 0.7499999999999964473, 0.8749999999999982236, 1.000000000000000000 ),
 .UNSPECIFIED. ) ;
#9626 = CARTESIAN_POINT ( 'NONE',  ( -51.29999999999999716, 1.502943725152300125, -15.00000000000000000 ) ) ;
#9628 = SURFACE_STYLE_FILL_AREA ( #11151 ) ;
#9627 = SURFACE_STYLE_USAGE ( .BOTH. , #7631 ) ;
#9629 = EDGE_LOOP ( 'NONE', ( #7286, #5944, #7807, #8763 ) ) ;
#9630 = CARTESIAN_POINT ( 'NONE',  ( -24.85040973524100139, 1.200000000001047784, -4.691892155827740218 ) ) ;
#9631 = EDGE_CURVE ( 'NONE', #1303, #4138, #4095, .T. ) ;
#9632 = VECTOR ( 'NONE', #6057, 1000.000000000000000 ) ;
#9633 = PRESENTATION_STYLE_ASSIGNMENT (( #12042 ) ) ;
#9634 = DIRECTION ( 'NONE',  ( -0.01745240643728355329, 0.9998476951563912696, 0.0000000000000000000 ) ) ;
#9635 = CARTESIAN_POINT ( 'NONE',  ( -52.50000000000000000, -0.1000000000000000056, -15.00000000000000000 ) ) ;
#9636 = CARTESIAN_POINT ( 'NONE',  ( 23.50000000000000000, 1.800000000000000044, 6.899999999999999467 ) ) ;
#9637 = PRESENTATION_STYLE_ASSIGNMENT (( #8760 ) ) ;
#9638 = MECHANICAL_DESIGN_GEOMETRIC_PRESENTATION_REPRESENTATION (  '', ( #6785 ), #702 ) ;
#9639 = AXIS2_PLACEMENT_3D ( 'NONE', #2577, #10300, #9317 ) ;
#9640 = ORIENTED_EDGE ( 'NONE', *, *, #6422, .T. ) ;
#9641 = DIRECTION ( 'NONE',  ( 0.0000000000000000000, -1.000000000000000000, 0.0000000000000000000 ) ) ;
#9642 = ADVANCED_FACE ( 'NONE', ( #4551 ), #5569, .T. ) ;
#9643 = EDGE_CURVE ( 'NONE', #8656, #10310, #6209, .T. ) ;
#9644 = CARTESIAN_POINT ( 'NONE',  ( -52.20000000000000284, -1.500000000000000000, -14.69999999999999929 ) ) ;
#9645 = FACE_OUTER_BOUND ( 'NONE', #928, .T. ) ;
#9646 = EDGE_CURVE ( 'NONE', #2725, #1437, #3042, .T. ) ;
#9647 = FILL_AREA_STYLE ('',( #10389 ) ) ;
#9648 =( LENGTH_UNIT ( ) NAMED_UNIT ( * ) SI_UNIT ( .MILLI., .METRE. ) );
#9649 = FACE_OUTER_BOUND ( 'NONE', #9496, .T. ) ;
#9650 = CARTESIAN_POINT ( 'NONE',  ( 23.50000000000000000, -1.200000000000000178, 5.500000000000000000 ) ) ;
#9651 =( GEOMETRIC_REPRESENTATION_CONTEXT ( 3 ) GLOBAL_UNCERTAINTY_ASSIGNED_CONTEXT ( ( #10313 ) ) GLOBAL_UNIT_ASSIGNED_CONTEXT ( ( #3791, #4819, #2018 ) ) REPRESENTATION_CONTEXT ( 'NONE', 'WORKASPACE' ) );
#9652 = VERTEX_POINT ( 'NONE', #1982 ) ;
#9653 = DIRECTION ( 'NONE',  ( -4.389311392516974113E-17, -1.000000000000000000, -2.820559922326665011E-16 ) ) ;
#9654 = EDGE_LOOP ( 'NONE', ( #6140, #7265, #10633, #2946, #5338 ) ) ;
#9655 = FILL_AREA_STYLE ('',( #6705 ) ) ;
#9656 = FILL_AREA_STYLE ('',( #1985 ) ) ;
#9657 =( GEOMETRIC_REPRESENTATION_CONTEXT ( 3 ) GLOBAL_UNCERTAINTY_ASSIGNED_CONTEXT ( ( #3374 ) ) GLOBAL_UNIT_ASSIGNED_CONTEXT ( ( #8618, #775, #7535 ) ) REPRESENTATION_CONTEXT ( 'NONE', 'WORKASPACE' ) );
#9658 = STYLED_ITEM ( 'NONE', ( #9756 ), #7220 ) ;
#9659 = ORIENTED_EDGE ( 'NONE', *, *, #9383, .F. ) ;
#9660 =( NAMED_UNIT ( * ) PLANE_ANGLE_UNIT ( ) SI_UNIT ( $, .RADIAN. ) );
#9661 = DIRECTION ( 'NONE',  ( 1.000000000000000000, 0.0000000000000000000, 0.0000000000000000000 ) ) ;
#9662 = CIRCLE ( 'NONE', #5535, 4.700000000000000178 ) ;
#9663 = UNCERTAINTY_MEASURE_WITH_UNIT (LENGTH_MEASURE( 1.000000000000000082E-05 ), #11554, 'distance_accuracy_value', 'NONE');
#9664 = DIRECTION ( 'NONE',  ( 0.0000000000000000000, 0.0000000000000000000, 1.000000000000000000 ) ) ;
#9665 = VERTEX_POINT ( 'NONE', #7786 ) ;
#9666 = ORIENTED_EDGE ( 'NONE', *, *, #4046, .T. ) ;
#9667 =( NAMED_UNIT ( * ) SI_UNIT ( $, .STERADIAN. ) SOLID_ANGLE_UNIT ( ) );
#9668 = LINE ( 'NONE', #9469, #5791 ) ;
#9669 = CARTESIAN_POINT ( 'NONE',  ( 47.50000000000000000, -1.200000000000000178, 12.20000000000000107 ) ) ;
#9670 = CARTESIAN_POINT ( 'NONE',  ( -47.10000000000000142, -1.200000000000000178, -10.14919333847030103 ) ) ;
#9671 = LINE ( 'NONE', #5922, #5186 ) ;
#9672 =( LENGTH_UNIT ( ) NAMED_UNIT ( * ) SI_UNIT ( .MILLI., .METRE. ) );
#9673 = FILL_AREA_STYLE ('',( #2898 ) ) ;
#9674 = FACE_OUTER_BOUND ( 'NONE', #4029, .T. ) ;
#9675 =( LENGTH_UNIT ( ) NAMED_UNIT ( * ) SI_UNIT ( .MILLI., .METRE. ) );
#9676 = COLOUR_RGB ( '',1.000000000000000000, 1.000000000000000000, 1.000000000000000000 ) ;
#9677 = VERTEX_POINT ( 'NONE', #8779 ) ;
#9678 = ORIENTED_EDGE ( 'NONE', *, *, #9243, .F. ) ;
#9679 = SURFACE_STYLE_FILL_AREA ( #9328 ) ;
#9680 = VECTOR ( 'NONE', #10235, 1000.000000000000000 ) ;
#9681 = FILL_AREA_STYLE_COLOUR ( '', #11710 ) ;
#9682 = CARTESIAN_POINT ( 'NONE',  ( 51.29289328382390067, 3.000000000000000000, -14.44102005143855827 ) ) ;
#9683 =( NAMED_UNIT ( * ) SI_UNIT ( $, .STERADIAN. ) SOLID_ANGLE_UNIT ( ) );
#9684 = PRESENTATION_STYLE_ASSIGNMENT (( #402 ) ) ;
#9685 = EDGE_CURVE ( 'NONE', #1704, #8339, #10658, .T. ) ;
#9686 = CARTESIAN_POINT ( 'NONE',  ( 23.50000000000000000, 1.800000000000000044, 6.500000000000000000 ) ) ;
#9687 = EDGE_LOOP ( 'NONE', ( #2253, #9359, #11253, #6237 ) ) ;
#9688 = AXIS2_PLACEMENT_3D ( 'NONE', #2162, #8872, #3136 ) ;
#9689 = VERTEX_POINT ( 'NONE', #5773 ) ;
#9690 = CARTESIAN_POINT ( 'NONE',  ( -47.50000000000000000, 2.853553390559285141, 14.14644660941480048 ) ) ;
#9691 = ORIENTED_EDGE ( 'NONE', *, *, #1839, .T. ) ;
#9692 = PRESENTATION_LAYER_ASSIGNMENT (  '', '', ( #8252 ) ) ;
#9693 = MECHANICAL_DESIGN_GEOMETRIC_PRESENTATION_REPRESENTATION (  '', ( #1242 ), #8821 ) ;
#9694 = CARTESIAN_POINT ( 'NONE',  ( 8759.803581908279739, 499000.2999999999884, 10.00000000000052047 ) ) ;
#9695 =( NAMED_UNIT ( * ) SI_UNIT ( $, .STERADIAN. ) SOLID_ANGLE_UNIT ( ) );
#9696 = DIRECTION ( 'NONE',  ( -0.0000000000000000000, 1.000000000000000000, 0.0000000000000000000 ) ) ;
#9697 = CIRCLE ( 'NONE', #2890, 1.799999999999458256 ) ;
#9698 = FILL_AREA_STYLE ('',( #8740 ) ) ;
#9699 = CARTESIAN_POINT ( 'NONE',  ( 23.50000000000000000, -0.6999999999999999556, -5.299999999999929656 ) ) ;
#9700 = ADVANCED_FACE ( 'NONE', ( #149 ), #10641, .T. ) ;
#9701 = COLOUR_RGB ( '',0.7529411764705882248, 0.7529411764705882248, 0.7529411764705882248 ) ;
#9702 =( NAMED_UNIT ( * ) PLANE_ANGLE_UNIT ( ) SI_UNIT ( $, .RADIAN. ) );
#9703 = PRESENTATION_LAYER_ASSIGNMENT (  '', '', ( #1829 ) ) ;
#9704 = STYLED_ITEM ( 'NONE', ( #3839 ), #6159 ) ;
#9705 = PRESENTATION_STYLE_ASSIGNMENT (( #12213 ) ) ;
#9706 = LINE ( 'NONE', #7818, #11623 ) ;
#9707 = CARTESIAN_POINT ( 'NONE',  ( -52.50000000000000000, 1.792893218813470080, 15.00000000000000000 ) ) ;
#9708 = DIRECTION ( 'NONE',  ( 0.0000000000000000000, 0.0000000000000000000, -1.000000000000000000 ) ) ;
#9709 = EDGE_CURVE ( 'NONE', #5833, #474, #2882, .T. ) ;
#9710 = PRESENTATION_STYLE_ASSIGNMENT (( #974 ) ) ;
#9711 = CARTESIAN_POINT ( 'NONE',  ( 23.50000000000000000, 1.800000000000000044, -4.100000000000000533 ) ) ;
#9712 = FACE_OUTER_BOUND ( 'NONE', #6485, .T. ) ;
#9713 = DIRECTION ( 'NONE',  ( 0.0000000000000000000, -0.9396926207859102043, 0.3420201433256635504 ) ) ;
#9714 = EDGE_CURVE ( 'NONE', #2352, #4216, #4849, .T. ) ;
#9715 = VERTEX_POINT ( 'NONE', #4931 ) ;
#9716 = ORIENTED_EDGE ( 'NONE', *, *, #3402, .F. ) ;
#9717 = COLOUR_RGB ( '',0.7529411764705882248, 0.7529411764705882248, 0.7529411764705882248 ) ;
#9718 = CARTESIAN_POINT ( 'NONE',  ( 23.50000000000000000, 1.199999999999999956, -5.299999999999999822 ) ) ;
#9719 = PRESENTATION_LAYER_ASSIGNMENT (  '', '', ( #9085 ) ) ;
#9720 = ORIENTED_EDGE ( 'NONE', *, *, #10873, .F. ) ;
#9721 = DIRECTION ( 'NONE',  ( 1.000000000000000000, -1.270963621131774192E-15, 0.0000000000000000000 ) ) ;
#9722 = EDGE_LOOP ( 'NONE', ( #11306, #5169, #880, #9764, #2234, #9436, #2617, #4880, #5072, #6870, #10668, #11428, #9574, #694 ) ) ;
#9723 = VECTOR ( 'NONE', #9042, 1000.000000000000000 ) ;
#9724 = EDGE_LOOP ( 'NONE', ( #1392, #118, #2477, #2546 ) ) ;
#9725 = CARTESIAN_POINT ( 'NONE',  ( -28.69999999999999929, 0.7999999999999999334, -13.16508987014356080 ) ) ;
#9726 = AXIS2_PLACEMENT_3D ( 'NONE', #6338, #2450, #3308 ) ;
#9727 = DIRECTION ( 'NONE',  ( 0.0000000000000000000, -0.9998476951563911586, 0.01745240643728354982 ) ) ;
#9728 = EDGE_CURVE ( 'NONE', #8323, #3521, #6943, .T. ) ;
#9729 = EDGE_LOOP ( 'NONE', ( #12151, #9980, #6470, #7979 ) ) ;
#9731 = ORIENTED_EDGE ( 'NONE', *, *, #6056, .T. ) ;
#9730 = CONICAL_SURFACE ( 'NONE', #4597, 3.799999999885124602, 0.7853981633974476129 ) ;
#9732 = ORIENTED_EDGE ( 'NONE', *, *, #8366, .T. ) ;
#9733 = DIRECTION ( 'NONE',  ( 1.000000000000000000, 0.0000000000000000000, 0.0000000000000000000 ) ) ;
#9734 = DIRECTION ( 'NONE',  ( 0.0000000000000000000, 0.0000000000000000000, -1.000000000000000000 ) ) ;
#9735 = FILL_AREA_STYLE ('',( #3049 ) ) ;
#9736 = UNCERTAINTY_MEASURE_WITH_UNIT (LENGTH_MEASURE( 1.000000000000000082E-05 ), #6293, 'distance_accuracy_value', 'NONE');
#9737 = ORIENTED_EDGE ( 'NONE', *, *, #6300, .T. ) ;
#9738 = STYLED_ITEM ( 'NONE', ( #10290 ), #4885 ) ;
#9739 = DIRECTION ( 'NONE',  ( 0.0000000000000000000, 1.000000000000000000, 0.0000000000000000000 ) ) ;
#9740 =( LENGTH_UNIT ( ) NAMED_UNIT ( * ) SI_UNIT ( .MILLI., .METRE. ) );
#9741 = CARTESIAN_POINT ( 'NONE',  ( -44.45810784417229655, 1.199999999999999956, -5.908107844172270084 ) ) ;
#9742 = VERTEX_POINT ( 'NONE', #6823 ) ;
#9743 =( NAMED_UNIT ( * ) PLANE_ANGLE_UNIT ( ) SI_UNIT ( $, .RADIAN. ) );
#9744 = VERTEX_POINT ( 'NONE', #4826 ) ;
#9745 = AXIS2_PLACEMENT_3D ( 'NONE', #2764, #6643, #8551 ) ;
#9746 = SURFACE_STYLE_FILL_AREA ( #3877 ) ;
#9747 = CARTESIAN_POINT ( 'NONE',  ( 22.07417989148054716, 2.299999999999999822, -11.26666666666666039 ) ) ;
#9748 = DIRECTION ( 'NONE',  ( 1.000000000000000000, 0.0000000000000000000, 0.0000000000000000000 ) ) ;
#9749 = SURFACE_STYLE_USAGE ( .BOTH. , #5880 ) ;
#9750 =( NAMED_UNIT ( * ) SI_UNIT ( $, .STERADIAN. ) SOLID_ANGLE_UNIT ( ) );
#9751 = ORIENTED_EDGE ( 'NONE', *, *, #2179, .F. ) ;
#9752 = CARTESIAN_POINT ( 'NONE',  ( 23.50000000000000000, 1.800000000002909939, -5.991272467537269719 ) ) ;
#9753 = SURFACE_SIDE_STYLE ('',( #7994 ) ) ;
#9754 = CYLINDRICAL_SURFACE ( 'NONE', #7705, 5.000000000000000000 ) ;
#9755 = ORIENTED_EDGE ( 'NONE', *, *, #12267, .F. ) ;
#9756 = PRESENTATION_STYLE_ASSIGNMENT (( #4351 ) ) ;
#9757 = EDGE_CURVE ( 'NONE', #2763, #6378, #3187, .T. ) ;
#9758 = MECHANICAL_DESIGN_GEOMETRIC_PRESENTATION_REPRESENTATION (  '', ( #1384 ), #10630 ) ;
#9759 =( LENGTH_UNIT ( ) NAMED_UNIT ( * ) SI_UNIT ( .MILLI., .METRE. ) );
#9760 = ADVANCED_FACE ( 'NONE', ( #9913 ), #6196, .T. ) ;
#9761 = MECHANICAL_DESIGN_GEOMETRIC_PRESENTATION_REPRESENTATION (  '', ( #9130 ), #11025 ) ;
#9762 =( LENGTH_UNIT ( ) NAMED_UNIT ( * ) SI_UNIT ( .MILLI., .METRE. ) );
#9763 = FILL_AREA_STYLE_COLOUR ( '', #4073 ) ;
#9764 = ORIENTED_EDGE ( 'NONE', *, *, #6859, .T. ) ;
#9765 = VECTOR ( 'NONE', #959, 1000.000000000000000 ) ;
#9766 = DIRECTION ( 'NONE',  ( 1.000000000000000000, 0.0000000000000000000, 0.0000000000000000000 ) ) ;
#9767 = CARTESIAN_POINT ( 'NONE',  ( -26.50000000000000000, 2.000000000000000000, 4.100000000000000533 ) ) ;
#9768 = EDGE_CURVE ( 'NONE', #9301, #12197, #1970, .T. ) ;
#9769 = DIRECTION ( 'NONE',  ( 0.0000000000000000000, -1.000000000000000000, 0.0000000000000000000 ) ) ;
#9770 = DIRECTION ( 'NONE',  ( 0.0000000000000000000, 0.0000000000000000000, 1.000000000000000000 ) ) ;
#9771 = AXIS2_PLACEMENT_3D ( 'NONE', #4999, #3159, #9922 ) ;
#9772 =( GEOMETRIC_REPRESENTATION_CONTEXT ( 3 ) GLOBAL_UNCERTAINTY_ASSIGNED_CONTEXT ( ( #9663 ) ) GLOBAL_UNIT_ASSIGNED_CONTEXT ( ( #11554, #3012, #9695 ) ) REPRESENTATION_CONTEXT ( 'NONE', 'WORKASPACE' ) );
#9773 =( LENGTH_UNIT ( ) NAMED_UNIT ( * ) SI_UNIT ( .MILLI., .METRE. ) );
#9774 = ORIENTED_EDGE ( 'NONE', *, *, #1510, .F. ) ;
#9775 = MECHANICAL_DESIGN_GEOMETRIC_PRESENTATION_REPRESENTATION (  '', ( #4902 ), #9390 ) ;
#9776 = LINE ( 'NONE', #11180, #8151 ) ;
#9777 = DIRECTION ( 'NONE',  ( -1.000000000000000000, 0.0000000000000000000, 0.0000000000000000000 ) ) ;
#9778 = SURFACE_SIDE_STYLE ('',( #10532 ) ) ;
#9779 = UNCERTAINTY_MEASURE_WITH_UNIT (LENGTH_MEASURE( 1.000000000000000082E-05 ), #9675, 'distance_accuracy_value', 'NONE');
#9780 = DIRECTION ( 'NONE',  ( 0.0000000000000000000, 0.0000000000000000000, 1.000000000000000000 ) ) ;
#9781 = MECHANICAL_DESIGN_GEOMETRIC_PRESENTATION_REPRESENTATION (  '', ( #5067 ), #1592 ) ;
#9782 = CARTESIAN_POINT ( 'NONE',  ( -50.68079942857859521, -0.09999999998215104713, -6.700000000000000178 ) ) ;
#9783 = DIRECTION ( 'NONE',  ( 0.0000000000000000000, 0.9396926207859096492, 0.3420201433256653822 ) ) ;
#9784 =( NAMED_UNIT ( * ) PLANE_ANGLE_UNIT ( ) SI_UNIT ( $, .RADIAN. ) );
#9785 = EDGE_LOOP ( 'NONE', ( #4130, #4311, #5803, #9471 ) ) ;
#9786 = CARTESIAN_POINT ( 'NONE',  ( -24.82145896684134811, -1.200000000016030022, -4.649999999999719691 ) ) ;
#9787 = STYLED_ITEM ( 'NONE', ( #12202 ), #3382 ) ;
#9788 = FILL_AREA_STYLE ('',( #3106 ) ) ;
#9789 = CARTESIAN_POINT ( 'NONE',  ( -52.50000000000000000, -0.1000000000000000472, -6.000000000000000000 ) ) ;
#9790 = FILL_AREA_STYLE ('',( #3109 ) ) ;
#9791 = ORIENTED_EDGE ( 'NONE', *, *, #12147, .T. ) ;
#9792 =( NAMED_UNIT ( * ) PLANE_ANGLE_UNIT ( ) SI_UNIT ( $, .RADIAN. ) );
#9793 = EDGE_CURVE ( 'NONE', #9689, #5714, #10359, .T. ) ;
#9794 = ORIENTED_EDGE ( 'NONE', *, *, #2419, .F. ) ;
#9795 = DIRECTION ( 'NONE',  ( 0.0000000000000000000, 0.0000000000000000000, -1.000000000000000000 ) ) ;
#9796 = EDGE_CURVE ( 'NONE', #9884, #6536, #9327, .T. ) ;
#9797 = UNCERTAINTY_MEASURE_WITH_UNIT (LENGTH_MEASURE( 1.000000000000000082E-05 ), #8511, 'distance_accuracy_value', 'NONE');
#9798 = EDGE_LOOP ( 'NONE', ( #10606, #6298, #4165, #508 ) ) ;
#9799 = CARTESIAN_POINT ( 'NONE',  ( -51.37747150831400234, 3.061250268090749849, -14.99999998912709920 ) ) ;
#9800 = COLOUR_RGB ( '',0.7529411764705882248, 0.7529411764705882248, 0.7529411764705882248 ) ;
#9801 = VECTOR ( 'NONE', #9583, 1000.000000000000000 ) ;
#9802 = DIRECTION ( 'NONE',  ( -0.0000000000000000000, 1.000000000000000000, 0.0000000000000000000 ) ) ;
#9803 = EDGE_LOOP ( 'NONE', ( #4680, #8142, #7036, #10167 ) ) ;
#9804 = VECTOR ( 'NONE', #7439, 1000.000000000000000 ) ;
#9805 = MECHANICAL_DESIGN_GEOMETRIC_PRESENTATION_REPRESENTATION (  '', ( #1438 ), #6477 ) ;
#9806 = LINE ( 'NONE', #10339, #10993 ) ;
#9807 = CARTESIAN_POINT ( 'NONE',  ( 23.50000000000000000, 1.800000000000000044, 5.500000000000000000 ) ) ;
#9808 = ORIENTED_EDGE ( 'NONE', *, *, #7006, .F. ) ;
#9809 = DIRECTION ( 'NONE',  ( -1.000000000000000000, 1.486745008786987875E-16, 4.084798340129184785E-16 ) ) ;
#9810 = ORIENTED_EDGE ( 'NONE', *, *, #10352, .F. ) ;
#9811 =( GEOMETRIC_REPRESENTATION_CONTEXT ( 3 ) GLOBAL_UNCERTAINTY_ASSIGNED_CONTEXT ( ( #5837 ) ) GLOBAL_UNIT_ASSIGNED_CONTEXT ( ( #3469, #1549, #8239 ) ) REPRESENTATION_CONTEXT ( 'NONE', 'WORKASPACE' ) );
#9812 = MECHANICAL_DESIGN_GEOMETRIC_PRESENTATION_REPRESENTATION (  '', ( #803 ), #4468 ) ;
#9813 = STYLED_ITEM ( 'NONE', ( #9247 ), #12053 ) ;
#9814 = DIRECTION ( 'NONE',  ( -1.000000000000000000, 4.032219425842339935E-18, 2.310056961933100065E-16 ) ) ;
#9815 = CIRCLE ( 'NONE', #620, 4.099999999946245310 ) ;
#9816 = DIRECTION ( 'NONE',  ( 0.0000000000000000000, 0.0000000000000000000, 1.000000000000000000 ) ) ;
#9817 = CARTESIAN_POINT ( 'NONE',  ( -52.50000000000000000, 1.800000000000000044, 15.00000000000000000 ) ) ;
#9818 = FACE_OUTER_BOUND ( 'NONE', #1459, .T. ) ;
#9819 = DIRECTION ( 'NONE',  ( -4.346951598611973373E-16, 0.3420201433256661039, -0.9396926207859094271 ) ) ;
#9820 = ADVANCED_FACE ( 'NONE', ( #6794 ), #10944, .T. ) ;
#9821 = VECTOR ( 'NONE', #6855, 1000.000000000000000 ) ;
#9822 = FILL_AREA_STYLE_COLOUR ( '', #10749 ) ;
#9823 =( LENGTH_UNIT ( ) NAMED_UNIT ( * ) SI_UNIT ( .MILLI., .METRE. ) );
#9824 = ORIENTED_EDGE ( 'NONE', *, *, #8441, .T. ) ;
#9825 = CARTESIAN_POINT ( 'NONE',  ( -50.68773582912768205, -0.4973861212922210950, -6.699999999999999289 ) ) ;
#9826 = VERTEX_POINT ( 'NONE', #234 ) ;
#9827 = EDGE_CURVE ( 'NONE', #1323, #12397, #5744, .T. ) ;
#9828 = SURFACE_STYLE_USAGE ( .BOTH. , #2087 ) ;
#9829 = DIRECTION ( 'NONE',  ( -1.000000000000000000, 0.0000000000000000000, 1.524970082507730041E-15 ) ) ;
#9830 = LINE ( 'NONE', #8280, #5354 ) ;
#9831 = CARTESIAN_POINT ( 'NONE',  ( -25.89189215582775105, 1.200000000001042011, 3.850409735238375042 ) ) ;
#9832 = COLOUR_RGB ( '',0.7529411764705882248, 0.7529411764705882248, 0.7529411764705882248 ) ;
#9833 = STYLED_ITEM ( 'NONE', ( #10878 ), #8393 ) ;
#9834 = SURFACE_STYLE_USAGE ( .BOTH. , #9917 ) ;
#9835 = DIRECTION ( 'NONE',  ( 0.0000000000000000000, 0.0000000000000000000, -1.000000000000000000 ) ) ;
#9836 = FACE_OUTER_BOUND ( 'NONE', #4047, .T. ) ;
#9837 = STYLED_ITEM ( 'NONE', ( #9335 ), #9584 ) ;
#9838 = LINE ( 'NONE', #8781, #7304 ) ;
#9839 = CIRCLE ( 'NONE', #6800, 0.1999999999999996503 ) ;
#9840 =( LENGTH_UNIT ( ) NAMED_UNIT ( * ) SI_UNIT ( .MILLI., .METRE. ) );
#9841 = SURFACE_SIDE_STYLE ('',( #11863 ) ) ;
#9842 = EDGE_CURVE ( 'NONE', #8892, #6978, #1667, .T. ) ;
#9843 = UNCERTAINTY_MEASURE_WITH_UNIT (LENGTH_MEASURE( 1.000000000000000082E-05 ), #5645, 'distance_accuracy_value', 'NONE');
#9844 = AXIS2_PLACEMENT_3D ( 'NONE', #6359, #6316, #10913 ) ;
#9845 = PRESENTATION_STYLE_ASSIGNMENT (( #10599 ) ) ;
#9846 = PRESENTATION_LAYER_ASSIGNMENT (  '', '', ( #7947 ) ) ;
#9847 =( GEOMETRIC_REPRESENTATION_CONTEXT ( 3 ) GLOBAL_UNCERTAINTY_ASSIGNED_CONTEXT ( ( #7182 ) ) GLOBAL_UNIT_ASSIGNED_CONTEXT ( ( #7225, #4253, #6232 ) ) REPRESENTATION_CONTEXT ( 'NONE', 'WORKASPACE' ) );
#9848 = SURFACE_SIDE_STYLE ('',( #3033 ) ) ;
#9849 = FACE_OUTER_BOUND ( 'NONE', #1580, .T. ) ;
#9850 = DIRECTION ( 'NONE',  ( 0.0000000000000000000, 0.0000000000000000000, 1.000000000000000000 ) ) ;
#9851 = TOROIDAL_SURFACE ( 'NONE', #11099, 1.000000000000000000, 0.2000000000000000111 ) ;
#9852 = SURFACE_SIDE_STYLE ('',( #3507 ) ) ;
#9853 = ORIENTED_EDGE ( 'NONE', *, *, #11982, .F. ) ;
#9854 = EDGE_CURVE ( 'NONE', #483, #10311, #8133, .T. ) ;
#9855 =( LENGTH_UNIT ( ) NAMED_UNIT ( * ) SI_UNIT ( .MILLI., .METRE. ) );
#9856 =( NAMED_UNIT ( * ) PLANE_ANGLE_UNIT ( ) SI_UNIT ( $, .RADIAN. ) );
#9857 = PRESENTATION_STYLE_ASSIGNMENT (( #6731 ) ) ;
#9858 = CARTESIAN_POINT ( 'NONE',  ( -67.08039585117978731, -1.500000000000000000, 14.10000000001068088 ) ) ;
#9859 = DIRECTION ( 'NONE',  ( 0.0000000000000000000, -1.000000000000000000, 0.0000000000000000000 ) ) ;
#9860 = STYLED_ITEM ( 'NONE', ( #1827 ), #3055 ) ;
#9861 = ORIENTED_EDGE ( 'NONE', *, *, #10436, .T. ) ;
#9862 = AXIS2_PLACEMENT_3D ( 'NONE', #10379, #1622, #8345 ) ;
#9863 = DIRECTION ( 'NONE',  ( -2.775557561562890365E-16, 0.0000000000000000000, -1.000000000000000000 ) ) ;
#9864 = PRESENTATION_LAYER_ASSIGNMENT (  '', '', ( #8609 ) ) ;
#9865 = CARTESIAN_POINT ( 'NONE',  ( -47.50000000000000000, -2.700000000000000178, 14.00000000000000000 ) ) ;
#9866 = VERTEX_POINT ( 'NONE', #10795 ) ;
#9867 = SURFACE_SIDE_STYLE ('',( #11909 ) ) ;
#9868 = ORIENTED_EDGE ( 'NONE', *, *, #6206, .T. ) ;
#9869 = ORIENTED_EDGE ( 'NONE', *, *, #26, .T. ) ;
#9870 = EDGE_CURVE ( 'NONE', #2311, #10688, #7340, .T. ) ;
#9871 = CARTESIAN_POINT ( 'NONE',  ( -24.75649659399695679, 1.806838854509324577, -11.89586017402218943 ) ) ;
#9872 = EDGE_LOOP ( 'NONE', ( #8310, #11961, #9262, #8173 ) ) ;
#9873 = DIRECTION ( 'NONE',  ( 0.0000000000000000000, 0.0000000000000000000, -1.000000000000000000 ) ) ;
#9874 = EDGE_CURVE ( 'NONE', #248, #10311, #2494, .T. ) ;
#9875 = VERTEX_POINT ( 'NONE', #2111 ) ;
#9876 = LINE ( 'NONE', #6098, #12394 ) ;
#9877 = CARTESIAN_POINT ( 'NONE',  ( -27.15000000000000213, -1.200000000000000178, 21.39567676978599664 ) ) ;
#9878 = EDGE_LOOP ( 'NONE', ( #6801, #415, #10917, #8610 ) ) ;
#9880 = UNCERTAINTY_MEASURE_WITH_UNIT (LENGTH_MEASURE( 1.000000000000000082E-05 ), #539, 'distance_accuracy_value', 'NONE');
#9879 = DIRECTION ( 'NONE',  ( 0.0000000000000000000, -1.000000000000000000, 0.0000000000000000000 ) ) ;
#9881 = ADVANCED_FACE ( 'NONE', ( #2735 ), #7993, .T. ) ;
#9882 = AXIS2_PLACEMENT_3D ( 'NONE', #11875, #2326, #5143 ) ;
#9883 = ORIENTED_EDGE ( 'NONE', *, *, #5300, .F. ) ;
#9884 = VERTEX_POINT ( 'NONE', #6070 ) ;
#9885 = DIRECTION ( 'NONE',  ( 0.0000000000000000000, 0.0000000000000000000, 1.000000000000000000 ) ) ;
#9886 = FILL_AREA_STYLE_COLOUR ( '', #10503 ) ;
#9887 = VERTEX_POINT ( 'NONE', #5134 ) ;
#9888 = COLOUR_RGB ( '',0.7529411764705882248, 0.7529411764705882248, 0.7529411764705882248 ) ;
#9889 = ORIENTED_EDGE ( 'NONE', *, *, #4191, .T. ) ;
#9890 = PRESENTATION_STYLE_ASSIGNMENT (( #5376 ) ) ;
#9891 =( GEOMETRIC_REPRESENTATION_CONTEXT ( 3 ) GLOBAL_UNCERTAINTY_ASSIGNED_CONTEXT ( ( #12421 ) ) GLOBAL_UNIT_ASSIGNED_CONTEXT ( ( #11254, #10467, #4727 ) ) REPRESENTATION_CONTEXT ( 'NONE', 'WORKASPACE' ) );
#9892 = STYLED_ITEM ( 'NONE', ( #12402 ), #7336 ) ;
#9893 = COLOUR_RGB ( '',0.7529411764705882248, 0.7529411764705882248, 0.7529411764705882248 ) ;
#9894 = ORIENTED_EDGE ( 'NONE', *, *, #6004, .F. ) ;
#9895 = CARTESIAN_POINT ( 'NONE',  ( -25.87792812178575019, 0.4000010255229869971, 3.840674809244200016 ) ) ;
#9896 = VECTOR ( 'NONE', #9538, 1000.000000000000000 ) ;
#9897 =( LENGTH_UNIT ( ) NAMED_UNIT ( * ) SI_UNIT ( .MILLI., .METRE. ) );
#9898 =( NAMED_UNIT ( * ) PLANE_ANGLE_UNIT ( ) SI_UNIT ( $, .RADIAN. ) );
#9899 = ORIENTED_EDGE ( 'NONE', *, *, #703, .T. ) ;
#9900 = COLOUR_RGB ( '',0.7529411764705882248, 0.7529411764705882248, 0.7529411764705882248 ) ;
#9901 = SURFACE_STYLE_FILL_AREA ( #3298 ) ;
#9902 =( LENGTH_UNIT ( ) NAMED_UNIT ( * ) SI_UNIT ( .MILLI., .METRE. ) );
#9903 = UNCERTAINTY_MEASURE_WITH_UNIT (LENGTH_MEASURE( 1.000000000000000082E-05 ), #4159, 'distance_accuracy_value', 'NONE');
#9904 =( NAMED_UNIT ( * ) PLANE_ANGLE_UNIT ( ) SI_UNIT ( $, .RADIAN. ) );
#9905 =( NAMED_UNIT ( * ) SI_UNIT ( $, .STERADIAN. ) SOLID_ANGLE_UNIT ( ) );
#9906 =( NAMED_UNIT ( * ) PLANE_ANGLE_UNIT ( ) SI_UNIT ( $, .RADIAN. ) );
#9907 = CARTESIAN_POINT ( 'NONE',  ( -32.14127246753589873, 1.800000000000000044, 4.858727532464179433 ) ) ;
#9908 =( NAMED_UNIT ( * ) PLANE_ANGLE_UNIT ( ) SI_UNIT ( $, .RADIAN. ) );
#9909 = AXIS2_PLACEMENT_3D ( 'NONE', #3926, #990, #11505 ) ;
#9910 = ORIENTED_EDGE ( 'NONE', *, *, #6349, .F. ) ;
#9911 = VECTOR ( 'NONE', #327, 1000.000000000000000 ) ;
#9912 = CARTESIAN_POINT ( 'NONE',  ( -50.69434430235604339, -0.8759852989820493541, -6.820741012346452692 ) ) ;
#9913 = FACE_OUTER_BOUND ( 'NONE', #7885, .T. ) ;
#9914 =( NAMED_UNIT ( * ) SI_UNIT ( $, .STERADIAN. ) SOLID_ANGLE_UNIT ( ) );
#9915 = CARTESIAN_POINT ( 'NONE',  ( 37.63824873692700379, 3.433012701882704576, -2.782205948333409840 ) ) ;
#9916 = DIRECTION ( 'NONE',  ( 0.0000000000000000000, 0.0000000000000000000, -1.000000000000000000 ) ) ;
#9917 = SURFACE_SIDE_STYLE ('',( #7027 ) ) ;
#9918 = CARTESIAN_POINT ( 'NONE',  ( -23.39198067828671768, 2.233439403408786550, -10.74453468607666373 ) ) ;
#9919 = DIRECTION ( 'NONE',  ( -3.154042683594193641E-15, 0.0000000000000000000, 1.000000000000000000 ) ) ;
#9920 =( NAMED_UNIT ( * ) SI_UNIT ( $, .STERADIAN. ) SOLID_ANGLE_UNIT ( ) );
#9921 = CIRCLE ( 'NONE', #855, 0.6544949780325570732 ) ;
#9922 = DIRECTION ( 'NONE',  ( 1.000000000000000000, -8.879670859120935934E-17, 0.0000000000000000000 ) ) ;
#9923 = EDGE_CURVE ( 'NONE', #8399, #9012, #1658, .T. ) ;
#9924 =( GEOMETRIC_REPRESENTATION_CONTEXT ( 3 ) GLOBAL_UNCERTAINTY_ASSIGNED_CONTEXT ( ( #6630 ) ) GLOBAL_UNIT_ASSIGNED_CONTEXT ( ( #1222, #7976, #9037 ) ) REPRESENTATION_CONTEXT ( 'NONE', 'WORKASPACE' ) );
#9925 = CARTESIAN_POINT ( 'NONE',  ( 51.37002508531249845, 3.062790684334729896, -14.99999999711018006 ) ) ;
#9926 = STYLED_ITEM ( 'NONE', ( #7376 ), #10002 ) ;
#9927 = SURFACE_SIDE_STYLE ('',( #12416 ) ) ;
#9928 = COLOUR_RGB ( '',0.7529411764705882248, 0.7529411764705882248, 0.7529411764705882248 ) ;
#9929 = UNCERTAINTY_MEASURE_WITH_UNIT (LENGTH_MEASURE( 1.000000000000000082E-05 ), #7326, 'distance_accuracy_value', 'NONE');
#9930 = ORIENTED_EDGE ( 'NONE', *, *, #2707, .F. ) ;
#9931 = UNCERTAINTY_MEASURE_WITH_UNIT (LENGTH_MEASURE( 1.000000000000000082E-05 ), #3179, 'distance_accuracy_value', 'NONE');
#9932 = PLANE ( 'NONE',  #286 ) ;
#9933 =( LENGTH_UNIT ( ) NAMED_UNIT ( * ) SI_UNIT ( .MILLI., .METRE. ) );
#9934 = PRESENTATION_STYLE_ASSIGNMENT (( #3129 ) ) ;
#9935 = CARTESIAN_POINT ( 'NONE',  ( -47.50000000000000000, 2.853553390536945233, 10.00000000000000000 ) ) ;
#9936 = PRESENTATION_LAYER_ASSIGNMENT (  '', '', ( #10650 ) ) ;
#9937 =( NAMED_UNIT ( * ) PLANE_ANGLE_UNIT ( ) SI_UNIT ( $, .RADIAN. ) );
#9938 = PRESENTATION_STYLE_ASSIGNMENT (( #10591 ) ) ;
#9939 = AXIS2_PLACEMENT_3D ( 'NONE', #1900, #5571, #12214 ) ;
#9940 = FILL_AREA_STYLE_COLOUR ( '', #2834 ) ;
#9941 = ADVANCED_FACE ( 'NONE', ( #8268 ), #11396, .T. ) ;
#9942 = ORIENTED_EDGE ( 'NONE', *, *, #1236, .T. ) ;
#9943 = DIRECTION ( 'NONE',  ( -1.000000000000000000, 0.0000000000000000000, 0.0000000000000000000 ) ) ;
#9944 = EDGE_CURVE ( 'NONE', #7161, #5271, #12414, .T. ) ;
#9945 = ORIENTED_EDGE ( 'NONE', *, *, #5088, .F. ) ;
#9946 = CIRCLE ( 'NONE', #3636, 1.799999999999458256 ) ;
#9947 = EDGE_CURVE ( 'NONE', #6536, #3295, #4381, .T. ) ;
#9948 =( NAMED_UNIT ( * ) SI_UNIT ( $, .STERADIAN. ) SOLID_ANGLE_UNIT ( ) );
#9949 = VERTEX_POINT ( 'NONE', #7149 ) ;
#9950 = FACE_OUTER_BOUND ( 'NONE', #3526, .T. ) ;
#9951 =( LENGTH_UNIT ( ) NAMED_UNIT ( * ) SI_UNIT ( .MILLI., .METRE. ) );
#9952 = CARTESIAN_POINT ( 'NONE',  ( 51.29289321881350361, 3.000000000000000000, 15.00000000000000000 ) ) ;
#9953 = VECTOR ( 'NONE', #9234, 1000.000000000000000 ) ;
#9954 = CARTESIAN_POINT ( 'NONE',  ( -32.23495939512579866, 3.000000000000000000, 13.21435267067578145 ) ) ;
#9955 = AXIS2_PLACEMENT_3D ( 'NONE', #11562, #10566, #8710 ) ;
#9956 = CARTESIAN_POINT ( 'NONE',  ( -23.17399285785880991, 2.256685316865218560, -10.61511940586968450 ) ) ;
#9957 = EDGE_LOOP ( 'NONE', ( #6330, #4582, #4415, #10015 ) ) ;
#9958 =( NAMED_UNIT ( * ) SI_UNIT ( $, .STERADIAN. ) SOLID_ANGLE_UNIT ( ) );
#9959 = UNCERTAINTY_MEASURE_WITH_UNIT (LENGTH_MEASURE( 1.000000000000000082E-05 ), #9933, 'distance_accuracy_value', 'NONE');
#9960 = PRESENTATION_STYLE_ASSIGNMENT (( #1452 ) ) ;
#9961 = ADVANCED_FACE ( 'NONE', ( #3770, #7079 ), #2315, .T. ) ;
#9962 = ORIENTED_EDGE ( 'NONE', *, *, #7404, .F. ) ;
#9963 = FACE_OUTER_BOUND ( 'NONE', #3484, .T. ) ;
#9964 = CYLINDRICAL_SURFACE ( 'NONE', #4748, 0.8000000000000003775 ) ;
#9965 = PRESENTATION_LAYER_ASSIGNMENT (  '', '', ( #3961 ) ) ;
#9966 = DIRECTION ( 'NONE',  ( 0.0000000000000000000, 0.0000000000000000000, 1.000000000000000000 ) ) ;
#9967 = EDGE_CURVE ( 'NONE', #10996, #8263, #5421, .T. ) ;
#9968 = CARTESIAN_POINT ( 'NONE',  ( -28.14959026475904835, 1.200000000001091971, -4.691892155827740218 ) ) ;
#9969 = ORIENTED_EDGE ( 'NONE', *, *, #2589, .T. ) ;
#9970 =( NAMED_UNIT ( * ) SI_UNIT ( $, .STERADIAN. ) SOLID_ANGLE_UNIT ( ) );
#9971 = ORIENTED_EDGE ( 'NONE', *, *, #3629, .F. ) ;
#9972 = COLOUR_RGB ( '',0.7529411764705882248, 0.7529411764705882248, 0.7529411764705882248 ) ;
#9973 = STYLED_ITEM ( 'NONE', ( #7622 ), #4941 ) ;
#9974 = LINE ( 'NONE', #650, #8635 ) ;
#9975 = CARTESIAN_POINT ( 'NONE',  ( -27.15000000000000213, 2.299999999999999822, -2.782205948333395185 ) ) ;
#9976 =( GEOMETRIC_REPRESENTATION_CONTEXT ( 3 ) GLOBAL_UNCERTAINTY_ASSIGNED_CONTEXT ( ( #7146 ) ) GLOBAL_UNIT_ASSIGNED_CONTEXT ( ( #7465, #7388, #9300 ) ) REPRESENTATION_CONTEXT ( 'NONE', 'WORKASPACE' ) );
#9977 = SURFACE_STYLE_FILL_AREA ( #10413 ) ;
#9978 = STYLED_ITEM ( 'NONE', ( #10994 ), #12301 ) ;
#9979 = DIRECTION ( 'NONE',  ( 1.000000000000000000, -1.065351888147250020E-15, 0.0000000000000000000 ) ) ;
#9980 = ORIENTED_EDGE ( 'NONE', *, *, #12137, .T. ) ;
#9981 = CARTESIAN_POINT ( 'NONE',  ( -28.17854103315865189, -1.200000000012820145, -4.649999999999779199 ) ) ;
#9982 = ORIENTED_EDGE ( 'NONE', *, *, #9643, .T. ) ;
#9983 = ORIENTED_EDGE ( 'NONE', *, *, #6697, .F. ) ;
#9984 = CARTESIAN_POINT ( 'NONE',  ( -51.29999999999999716, -0.1000000000000045436, -11.19999999999999929 ) ) ;
#9985 = CARTESIAN_POINT ( 'NONE',  ( -51.29999999999999716, -1.200000000000000178, -5.599632742307179889 ) ) ;
#9986 = CARTESIAN_POINT ( 'NONE',  ( -52.50000000000000000, 2.299999999999999822, -13.79999999999999893 ) ) ;
#9987 = SURFACE_SIDE_STYLE ('',( #11847 ) ) ;
#9988 = PRESENTATION_STYLE_ASSIGNMENT (( #11855 ) ) ;
#9989 = EDGE_CURVE ( 'NONE', #10116, #9665, #284, .T. ) ;
#9990 = FILL_AREA_STYLE_COLOUR ( '', #1987 ) ;
#9991 = SURFACE_STYLE_USAGE ( .BOTH. , #6305 ) ;
#9992 = AXIS2_PLACEMENT_3D ( 'NONE', #5671, #4841, #897 ) ;
#9993 = CARTESIAN_POINT ( 'NONE',  ( 23.50000000000000000, -1.200000000021375079, 5.500000000000000000 ) ) ;
#9994 = LINE ( 'NONE', #3193, #3276 ) ;
#9995 = DIRECTION ( 'NONE',  ( 0.0000000000000000000, -1.000000000000000000, 0.0000000000000000000 ) ) ;
#9996 = DIRECTION ( 'NONE',  ( -2.312964634635719784E-16, 2.312964634635744929E-16, -1.000000000000000000 ) ) ;
#9997 =( NAMED_UNIT ( * ) PLANE_ANGLE_UNIT ( ) SI_UNIT ( $, .RADIAN. ) );
#9998 =( GEOMETRIC_REPRESENTATION_CONTEXT ( 3 ) GLOBAL_UNCERTAINTY_ASSIGNED_CONTEXT ( ( #4778 ) ) GLOBAL_UNIT_ASSIGNED_CONTEXT ( ( #2021, #8734, #2920 ) ) REPRESENTATION_CONTEXT ( 'NONE', 'WORKASPACE' ) );
#9999 = PRESENTATION_STYLE_ASSIGNMENT (( #2813 ) ) ;
#10000 = LINE ( 'NONE', #5187, #1919 ) ;
#10001 = DIRECTION ( 'NONE',  ( 0.0000000000000000000, 0.0000000000000000000, 1.000000000000000000 ) ) ;
#10002 = ADVANCED_FACE ( 'NONE', ( #4230 ), #10054, .T. ) ;
#10003 = SURFACE_STYLE_USAGE ( .BOTH. , #9054 ) ;
#10004 = EDGE_CURVE ( 'NONE', #7074, #9384, #8719, .T. ) ;
#10005 = AXIS2_PLACEMENT_3D ( 'NONE', #5368, #10077, #11894 ) ;
#10006 = DIRECTION ( 'NONE',  ( 0.0000000000000000000, 0.0000000000000000000, -1.000000000000000000 ) ) ;
#10007 = ORIENTED_EDGE ( 'NONE', *, *, #10242, .T. ) ;
#10008 = ORIENTED_EDGE ( 'NONE', *, *, #5904, .T. ) ;
#10009 = STYLED_ITEM ( 'NONE', ( #731 ), #11002 ) ;
#10010 = VERTEX_POINT ( 'NONE', #4221 ) ;
#10011 = CARTESIAN_POINT ( 'NONE',  ( 22.87792812178575019, 0.4000010255230025957, 3.840674809242199839 ) ) ;
#10012 = CARTESIAN_POINT ( 'NONE',  ( -27.03085166223020508, -0.05842409334608729410, -6.999075912595332127 ) ) ;
#10014 = ADVANCED_FACE ( 'NONE', ( #9478 ), #11952, .F. ) ;
#10013 = SURFACE_SIDE_STYLE ('',( #2317 ) ) ;
#10015 = ORIENTED_EDGE ( 'NONE', *, *, #8770, .T. ) ;
#10016 = VECTOR ( 'NONE', #462, 1000.000000000000114 ) ;
#10017 = DIRECTION ( 'NONE',  ( 0.0000000000000000000, 1.000000000000000000, 0.0000000000000000000 ) ) ;
#10018 = EDGE_CURVE ( 'NONE', #248, #2921, #2641, .T. ) ;
#10019 = CARTESIAN_POINT ( 'NONE',  ( -68.60321982055950230, -1.200000000000000178, 4.849999999999780265 ) ) ;
#10020 = CARTESIAN_POINT ( 'NONE',  ( 47.50000000000000000, -1.200000000000000178, 10.00000000000000000 ) ) ;
#10021 = DIRECTION ( 'NONE',  ( 0.0000000000000000000, -1.000000000000000000, 0.0000000000000000000 ) ) ;
#10022 = ORIENTED_EDGE ( 'NONE', *, *, #8457, .F. ) ;
#10023 = ORIENTED_EDGE ( 'NONE', *, *, #6768, .T. ) ;
#10024 =( GEOMETRIC_REPRESENTATION_CONTEXT ( 3 ) GLOBAL_UNCERTAINTY_ASSIGNED_CONTEXT ( ( #3648 ) ) GLOBAL_UNIT_ASSIGNED_CONTEXT ( ( #1476, #2467, #9168 ) ) REPRESENTATION_CONTEXT ( 'NONE', 'WORKASPACE' ) );
#10025 = ORIENTED_EDGE ( 'NONE', *, *, #6363, .F. ) ;
#10026 = VERTEX_POINT ( 'NONE', #680 ) ;
#10027 = VERTEX_POINT ( 'NONE', #598 ) ;
#10028 = SURFACE_STYLE_USAGE ( .BOTH. , #3352 ) ;
#10029 = COLOUR_RGB ( '',0.7529411764705882248, 0.7529411764705882248, 0.7529411764705882248 ) ;
#10030 = AXIS2_PLACEMENT_3D ( 'NONE', #10585, #9641, #11577 ) ;
#10031 = DIRECTION ( 'NONE',  ( -0.5041973887543758082, 0.0000000000000000000, -0.8635884396940876062 ) ) ;
#10032 = DIRECTION ( 'NONE',  ( 0.0000000000000000000, 0.0000000000000000000, -1.000000000000000000 ) ) ;
#10033 = CARTESIAN_POINT ( 'NONE',  ( -30.92375413181004973, 1.800000000001494849, 12.57133986417294125 ) ) ;
#10034 = UNCERTAINTY_MEASURE_WITH_UNIT (LENGTH_MEASURE( 1.000000000000000082E-05 ), #8532, 'distance_accuracy_value', 'NONE');
#10035 = UNCERTAINTY_MEASURE_WITH_UNIT (LENGTH_MEASURE( 1.000000000000000082E-05 ), #5096, 'distance_accuracy_value', 'NONE');
#10036 = SURFACE_SIDE_STYLE ('',( #7934 ) ) ;
#10037 = EDGE_CURVE ( 'NONE', #9578, #11846, #1480, .T. ) ;
#10038 = ORIENTED_EDGE ( 'NONE', *, *, #8174, .F. ) ;
#10039 = CARTESIAN_POINT ( 'NONE',  ( 23.50000000000000000, 2.000000000000000000, 5.500000000000000000 ) ) ;
#10040 = SURFACE_SIDE_STYLE ('',( #11680 ) ) ;
#10041 = DIRECTION ( 'NONE',  ( 0.0000000000000000000, 0.0000000000000000000, 1.000000000000000000 ) ) ;
#10042 = COLOUR_RGB ( '',0.7529411764705882248, 0.7529411764705882248, 0.7529411764705882248 ) ;
#10043 = EDGE_CURVE ( 'NONE', #7597, #7362, #7536, .T. ) ;
#10044 = CARTESIAN_POINT ( 'NONE',  ( -24.10102051443364957, -11.78862234750974025, -13.00000000000000000 ) ) ;
#10045 = FACE_OUTER_BOUND ( 'NONE', #7627, .T. ) ;
#10046 = EDGE_LOOP ( 'NONE', ( #10083, #3139, #7581, #5559 ) ) ;
#10047 = CIRCLE ( 'NONE', #5783, 1.400000000000000133 ) ;
#10048 = ORIENTED_EDGE ( 'NONE', *, *, #4603, .T. ) ;
#10049 = VECTOR ( 'NONE', #6207, 999.9999999999998863 ) ;
#10050 = DIRECTION ( 'NONE',  ( 0.0000000000000000000, -1.000000000000000000, 0.0000000000000000000 ) ) ;
#10051 = MECHANICAL_DESIGN_GEOMETRIC_PRESENTATION_REPRESENTATION (  '', ( #5339 ), #4866 ) ;
#10052 =( GEOMETRIC_REPRESENTATION_CONTEXT ( 3 ) GLOBAL_UNCERTAINTY_ASSIGNED_CONTEXT ( ( #264 ) ) GLOBAL_UNIT_ASSIGNED_CONTEXT ( ( #6662, #9451, #2751 ) ) REPRESENTATION_CONTEXT ( 'NONE', 'WORKASPACE' ) );
#10053 = COLOUR_RGB ( '',0.7529411764705882248, 0.7529411764705882248, 0.7529411764705882248 ) ;
#10054 = CONICAL_SURFACE ( 'NONE', #8660, 4.853553390441899928, 0.7853981633974476129 ) ;
#10055 = DIRECTION ( 'NONE',  ( 0.0000000000000000000, 0.0000000000000000000, -1.000000000000000000 ) ) ;
#10056 = CARTESIAN_POINT ( 'NONE',  ( 23.50000000000000000, -1.200000000021370195, 5.500000000000000000 ) ) ;
#10057 = CARTESIAN_POINT ( 'NONE',  ( -3.706369021172560174, 1.800000000000059996, 6.141272467535979551 ) ) ;
#10058 = CARTESIAN_POINT ( 'NONE',  ( 41.42483333279859892, 3.500000000000000000, -1.493106612243438214 ) ) ;
#10059 = EDGE_LOOP ( 'NONE', ( #10458, #7420, #5956, #6489 ) ) ;
#10060 = SURFACE_SIDE_STYLE ('',( #10417 ) ) ;
#10061 = CARTESIAN_POINT ( 'NONE',  ( 51.55314013140139906, 2.946859868598874943, -15.00000000000000000 ) ) ;
#10062 = PLANE ( 'NONE',  #4319 ) ;
#10063 = DIRECTION ( 'NONE',  ( 1.000000000000000000, 0.0000000000000000000, 0.0000000000000000000 ) ) ;
#10064 = DIRECTION ( 'NONE',  ( 0.8949302840432591388, 0.4462059913338811135, 0.0000000000000000000 ) ) ;
#10065 = AXIS2_PLACEMENT_3D ( 'NONE', #7285, #3505, #8247 ) ;
#10066 = CYLINDRICAL_SURFACE ( 'NONE', #6459, 1.400000000000000133 ) ;
#10067 =( LENGTH_UNIT ( ) NAMED_UNIT ( * ) SI_UNIT ( .MILLI., .METRE. ) );
#10068 = DIRECTION ( 'NONE',  ( 0.0000000000000000000, 1.000000000000000000, 0.0000000000000000000 ) ) ;
#10069 = CARTESIAN_POINT ( 'NONE',  ( 52.20000000000000284, -1.500000000000000000, 10.00000000000000000 ) ) ;
#10070 = CARTESIAN_POINT ( 'NONE',  ( -52.50000000000000000, 2.500000000000000000, 13.79289321881346098 ) ) ;
#10071 = CIRCLE ( 'NONE', #3790, 2.234910129856539918 ) ;
#10072 = VERTEX_POINT ( 'NONE', #11216 ) ;
#10073 = FILL_AREA_STYLE_COLOUR ( '', #2977 ) ;
#10074 = SURFACE_STYLE_USAGE ( .BOTH. , #6313 ) ;
#10075 = SURFACE_SIDE_STYLE ('',( #983 ) ) ;
#10076 = ADVANCED_FACE ( 'NONE', ( #5288 ), #7824, .F. ) ;
#10077 = DIRECTION ( 'NONE',  ( 0.7071067811865475727, -0.7071067811865475727, -1.962615573354718157E-16 ) ) ;
#10078 = VECTOR ( 'NONE', #6772, 1000.000000000000000 ) ;
#10079 = EDGE_CURVE ( 'NONE', #2612, #10086, #1805, .T. ) ;
#10080 = STYLED_ITEM ( 'NONE', ( #8675 ), #5185 ) ;
#10081 = AXIS2_PLACEMENT_3D ( 'NONE', #10657, #3060, #11719 ) ;
#10082 = DIRECTION ( 'NONE',  ( 0.0000000000000000000, 1.000000000000000000, 0.0000000000000000000 ) ) ;
#10083 = ORIENTED_EDGE ( 'NONE', *, *, #12061, .F. ) ;
#10084 = EDGE_LOOP ( 'NONE', ( #9442, #535, #424, #1533, #7890, #8276, #12171, #10245, #9373, #6249, #8426, #7204 ) ) ;
#10085 = VECTOR ( 'NONE', #6022, 1000.000000000000000 ) ;
#10086 = VERTEX_POINT ( 'NONE', #1677 ) ;
#10087 = CARTESIAN_POINT ( 'NONE',  ( -26.50000000000000000, -0.3000000000000034861, 5.500000000000079048 ) ) ;
#10088 = AXIS2_PLACEMENT_3D ( 'NONE', #261, #2265, #9919 ) ;
#10089 = EDGE_LOOP ( 'NONE', ( #11058, #4722 ) ) ;
#10090 =( NAMED_UNIT ( * ) SI_UNIT ( $, .STERADIAN. ) SOLID_ANGLE_UNIT ( ) );
#10091 = MECHANICAL_DESIGN_GEOMETRIC_PRESENTATION_REPRESENTATION (  '', ( #9704 ), #10737 ) ;
#10092 = VECTOR ( 'NONE', #8283, 1000.000000000000114 ) ;
#10093 =( NAMED_UNIT ( * ) PLANE_ANGLE_UNIT ( ) SI_UNIT ( $, .RADIAN. ) );
#10094 = AXIS2_PLACEMENT_3D ( 'NONE', #3784, #1971, #11459 ) ;
#10095 = ORIENTED_EDGE ( 'NONE', *, *, #4514, .T. ) ;
#10096 = PRESENTATION_STYLE_ASSIGNMENT (( #12118 ) ) ;
#10097 = SURFACE_STYLE_USAGE ( .BOTH. , #1458 ) ;
#10098 = DIRECTION ( 'NONE',  ( 0.0000000000000000000, -1.000000000000000000, 0.0000000000000000000 ) ) ;
#10099 = EDGE_CURVE ( 'NONE', #11243, #8020, #7836, .T. ) ;
#10100 = LINE ( 'NONE', #8472, #10545 ) ;
#10101 = VERTEX_POINT ( 'NONE', #9185 ) ;
#10102 = ORIENTED_EDGE ( 'NONE', *, *, #4728, .F. ) ;
#10103 = EDGE_CURVE ( 'NONE', #12393, #8979, #2119, .T. ) ;
#10104 = UNCERTAINTY_MEASURE_WITH_UNIT (LENGTH_MEASURE( 1.000000000000000082E-05 ), #10984, 'distance_accuracy_value', 'NONE');
#10105 = CARTESIAN_POINT ( 'NONE',  ( 21.82145896683725184, -1.200000000016240076, 6.150000000000110489 ) ) ;
#10106 = ORIENTED_EDGE ( 'NONE', *, *, #1731, .T. ) ;
#10107 = DIRECTION ( 'NONE',  ( 0.0000000000000000000, 0.0000000000000000000, 1.000000000000000000 ) ) ;
#10108 = DIRECTION ( 'NONE',  ( 0.0000000000000000000, -0.01745240643728355329, -0.9998476951563912696 ) ) ;
#10109 = SURFACE_STYLE_FILL_AREA ( #1577 ) ;
#10110 = DIRECTION ( 'NONE',  ( 0.0000000000000000000, 0.0000000000000000000, -1.000000000000000000 ) ) ;
#10111 = SURFACE_STYLE_FILL_AREA ( #12099 ) ;
#10112 = DIRECTION ( 'NONE',  ( 1.000000000000000000, 0.0000000000000000000, 0.0000000000000000000 ) ) ;
#10113 = STYLED_ITEM ( 'NONE', ( #2777 ), #4127 ) ;
#10114 = CARTESIAN_POINT ( 'NONE',  ( -51.29999999999999716, -0.1000000000000000472, -7.200000000000000178 ) ) ;
#10115 = CARTESIAN_POINT ( 'NONE',  ( 20.00000000000000000, 3.500000000000000000, -12.00000000000000000 ) ) ;
#10116 = VERTEX_POINT ( 'NONE', #7483 ) ;
#10117 = CARTESIAN_POINT ( 'NONE',  ( -27.10810784417230224, 1.200000000001093081, -3.650409735240965237 ) ) ;
#10118 = VERTEX_POINT ( 'NONE', #10349 ) ;
#10119 = AXIS2_PLACEMENT_3D ( 'NONE', #5562, #827, #1814 ) ;
#10120 = PRESENTATION_LAYER_ASSIGNMENT (  '', '', ( #10289 ) ) ;
#10121 = CARTESIAN_POINT ( 'NONE',  ( 51.51960231282309621, 2.980397687176904675, -15.13545916444645023 ) ) ;
#10122 = FACE_OUTER_BOUND ( 'NONE', #11639, .T. ) ;
#10123 =( LENGTH_UNIT ( ) NAMED_UNIT ( * ) SI_UNIT ( .MILLI., .METRE. ) );
#10124 = CIRCLE ( 'NONE', #10288, 268.6463119979105727 ) ;
#10125 = FACE_OUTER_BOUND ( 'NONE', #1860, .T. ) ;
#10126 = CARTESIAN_POINT ( 'NONE',  ( 29.14999999999999858, 2.299999999999999822, -4.649999999999919531 ) ) ;
#10127 = FACE_OUTER_BOUND ( 'NONE', #11292, .T. ) ;
#10128 = SURFACE_STYLE_FILL_AREA ( #305 ) ;
#10129 = CARTESIAN_POINT ( 'NONE',  ( -23.06524457491180513, 3.104132362959657776, -11.96859035872933319 ) ) ;
#10130 = DIRECTION ( 'NONE',  ( 0.0000000000000000000, 1.000000000000000000, 0.0000000000000000000 ) ) ;
#10131 = CARTESIAN_POINT ( 'NONE',  ( -26.76587763913017781, 0.3154781185929413923, -7.054734407430714782 ) ) ;
#10132 = ADVANCED_FACE ( 'NONE', ( #2717 ), #563, .F. ) ;
#10133 = TOROIDAL_SURFACE ( 'NONE', #9015, 1.199999999999999956, 0.2000000000000000111 ) ;
#10134 = STYLED_ITEM ( 'NONE', ( #7585 ), #822 ) ;
#10135 = CARTESIAN_POINT ( 'NONE',  ( -26.24544410003089823, -0.6999999999999999556, -5.299999999999919886 ) ) ;
#10137 = DIRECTION ( 'NONE',  ( 0.0000000000000000000, 1.000000000000000000, 0.0000000000000000000 ) ) ;
#10136 = LINE ( 'NONE', #3758, #1281 ) ;
#10138 = FILL_AREA_STYLE_COLOUR ( '', #8214 ) ;
#10139 = CARTESIAN_POINT ( 'NONE',  ( -52.50000000000000000, 1.800000000000000044, -5.941272467535809731 ) ) ;
#10140 = FILL_AREA_STYLE ('',( #9195 ) ) ;
#10141 = VECTOR ( 'NONE', #10505, 1000.000000000000000 ) ;
#10142 = CARTESIAN_POINT ( 'NONE',  ( -51.60000000000000142, -1.500000000000000000, -24.13675991466964987 ) ) ;
#10143 = EDGE_CURVE ( 'NONE', #7358, #11211, #6198, .T. ) ;
#10144 = PLANE ( 'NONE',  #4523 ) ;
#10146 = ORIENTED_EDGE ( 'NONE', *, *, #6586, .T. ) ;
#10145 = CARTESIAN_POINT ( 'NONE',  ( -28.69999999999999929, -1.200000000000000178, -13.19999999999999929 ) ) ;
#10147 = FILL_AREA_STYLE ('',( #2381 ) ) ;
#10148 = STYLED_ITEM ( 'NONE', ( #972 ), #8458 ) ;
#10149 =( NAMED_UNIT ( * ) SI_UNIT ( $, .STERADIAN. ) SOLID_ANGLE_UNIT ( ) );
#10150 = CARTESIAN_POINT ( 'NONE',  ( 24.15000000000000213, -1.200000000000000178, 21.39567676978599664 ) ) ;
#10151 = FILL_AREA_STYLE_COLOUR ( '', #5965 ) ;
#10152 = DIRECTION ( 'NONE',  ( 1.000000000000000000, 0.0000000000000000000, 0.0000000000000000000 ) ) ;
#10153 =( GEOMETRIC_REPRESENTATION_CONTEXT ( 3 ) GLOBAL_UNCERTAINTY_ASSIGNED_CONTEXT ( ( #4036 ) ) GLOBAL_UNIT_ASSIGNED_CONTEXT ( ( #7112, #6154, #10964 ) ) REPRESENTATION_CONTEXT ( 'NONE', 'WORKASPACE' ) );
#10154 = COLOUR_RGB ( '',0.7529411764705882248, 0.7529411764705882248, 0.7529411764705882248 ) ;
#10155 = EDGE_LOOP ( 'NONE', ( #3312, #8222, #781, #2686 ) ) ;
#10156 = SURFACE_STYLE_USAGE ( .BOTH. , #4493 ) ;
#10157 = CIRCLE ( 'NONE', #8163, 0.1999999999999996503 ) ;
#10158 = VERTEX_POINT ( 'NONE', #3001 ) ;
#10159 = VERTEX_POINT ( 'NONE', #11619 ) ;
#10161 = ORIENTED_EDGE ( 'NONE', *, *, #11773, .T. ) ;
#10160 = CYLINDRICAL_SURFACE ( 'NONE', #10808, 0.4999999999999992784 ) ;
#10162 =( NAMED_UNIT ( * ) SI_UNIT ( $, .STERADIAN. ) SOLID_ANGLE_UNIT ( ) );
#10163 = PRESENTATION_STYLE_ASSIGNMENT (( #6807 ) ) ;
#10164 = ORIENTED_EDGE ( 'NONE', *, *, #2744, .T. ) ;
#10165 = EDGE_CURVE ( 'NONE', #8892, #8863, #4373, .T. ) ;
#10166 =( GEOMETRIC_REPRESENTATION_CONTEXT ( 3 ) GLOBAL_UNCERTAINTY_ASSIGNED_CONTEXT ( ( #4206 ) ) GLOBAL_UNIT_ASSIGNED_CONTEXT ( ( #11797, #3259, #1290 ) ) REPRESENTATION_CONTEXT ( 'NONE', 'WORKASPACE' ) );
#10167 = ORIENTED_EDGE ( 'NONE', *, *, #9143, .T. ) ;
#10168 = CYLINDRICAL_SURFACE ( 'NONE', #3643, 1.400000000000000133 ) ;
#10169 = MECHANICAL_DESIGN_GEOMETRIC_PRESENTATION_REPRESENTATION (  '', ( #5945 ), #9148 ) ;
#10170 = MECHANICAL_DESIGN_GEOMETRIC_PRESENTATION_REPRESENTATION (  '', ( #3533 ), #3944 ) ;
#10171 = ORIENTED_EDGE ( 'NONE', *, *, #6026, .T. ) ;
#10172 = CARTESIAN_POINT ( 'NONE',  ( -22.74229134538105868, 3.189304528973353037, -11.75330038388296394 ) ) ;
#10173 = ORIENTED_EDGE ( 'NONE', *, *, #9005, .F. ) ;
#10174 = CARTESIAN_POINT ( 'NONE',  ( 22.84999999999975273, -1.200000000016030022, -3.621458966839410376 ) ) ;
#10175 = ORIENTED_EDGE ( 'NONE', *, *, #6221, .F. ) ;
#10176 = VERTEX_POINT ( 'NONE', #9682 ) ;
#10177 = CARTESIAN_POINT ( 'NONE',  ( 37.63824873692700379, 3.500000000000000000, -15.00000000000000000 ) ) ;
#10178 = EDGE_CURVE ( 'NONE', #2644, #399, #2107, .T. ) ;
#10179 = FILL_AREA_STYLE ('',( #572 ) ) ;
#10180 = DIRECTION ( 'NONE',  ( 0.0000000000000000000, -1.000000000000000000, 0.0000000000000000000 ) ) ;
#10181 = DIRECTION ( 'NONE',  ( 0.0000000000000000000, 0.0000000000000000000, 1.000000000000000000 ) ) ;
#10182 = FACE_OUTER_BOUND ( 'NONE', #5531, .T. ) ;
#10183 = STYLED_ITEM ( 'NONE', ( #2041 ), #3619 ) ;
#10184 = VERTEX_POINT ( 'NONE', #71 ) ;
#10185 = FACE_OUTER_BOUND ( 'NONE', #9280, .T. ) ;
#10186 = FILL_AREA_STYLE_COLOUR ( '', #909 ) ;
#10187 = CARTESIAN_POINT ( 'NONE',  ( 47.50000000000000000, 0.7999999999881769464, 10.00000000000000000 ) ) ;
#10188 = CARTESIAN_POINT ( 'NONE',  ( 38.14901760397085440, 3.000000000000000000, 2.351768647882134911 ) ) ;
#10189 =( NAMED_UNIT ( * ) SI_UNIT ( $, .STERADIAN. ) SOLID_ANGLE_UNIT ( ) );
#10190 = FACE_OUTER_BOUND ( 'NONE', #12310, .T. ) ;
#10191 = PRESENTATION_LAYER_ASSIGNMENT (  '', '', ( #9570 ) ) ;
#10192 = EDGE_CURVE ( 'NONE', #6345, #2352, #4700, .T. ) ;
#10193 =( LENGTH_UNIT ( ) NAMED_UNIT ( * ) SI_UNIT ( .MILLI., .METRE. ) );
#10194 = ADVANCED_FACE ( 'NONE', ( #7233 ), #585, .T. ) ;
#10195 = FILL_AREA_STYLE ('',( #622 ) ) ;
#10196 = CARTESIAN_POINT ( 'NONE',  ( 23.50000000000000000, 1.199999999999999956, -3.899999999999999911 ) ) ;
#10197 = ADVANCED_FACE ( 'NONE', ( #9612 ), #7777, .T. ) ;
#10198 = EDGE_CURVE ( 'NONE', #693, #6978, #8416, .T. ) ;
#10199 = DIRECTION ( 'NONE',  ( 0.0000000000000000000, -1.000000000000000000, 0.0000000000000000000 ) ) ;
#10200 = ORIENTED_EDGE ( 'NONE', *, *, #1768, .F. ) ;
#10201 = CARTESIAN_POINT ( 'NONE',  ( -51.30000000000529781, -1.200000000011945955, -5.708823812584620683 ) ) ;
#10202 = VECTOR ( 'NONE', #3794, 1000.000000000000227 ) ;
#10203 = CARTESIAN_POINT ( 'NONE',  ( -52.50000000000000000, -0.1000000000000045436, 10.00000000000000000 ) ) ;
#10204 = MECHANICAL_DESIGN_GEOMETRIC_PRESENTATION_REPRESENTATION (  '', ( #9738 ), #6329 ) ;
#10205 = CARTESIAN_POINT ( 'NONE',  ( -52.20000000000000284, -1.500000000000000000, -11.60036725769282029 ) ) ;
#10206 =( LENGTH_UNIT ( ) NAMED_UNIT ( * ) SI_UNIT ( .MILLI., .METRE. ) );
#10207 =( GEOMETRIC_REPRESENTATION_CONTEXT ( 3 ) GLOBAL_UNCERTAINTY_ASSIGNED_CONTEXT ( ( #7694 ) ) GLOBAL_UNIT_ASSIGNED_CONTEXT ( ( #2387, #7335, #12051 ) ) REPRESENTATION_CONTEXT ( 'NONE', 'WORKASPACE' ) );
#10208 = STYLED_ITEM ( 'NONE', ( #2683 ), #7840 ) ;
#10209 = MECHANICAL_DESIGN_GEOMETRIC_PRESENTATION_REPRESENTATION (  '', ( #3807 ), #7196 ) ;
#10210 = CIRCLE ( 'NONE', #1356, 3.792893218813469414 ) ;
#10211 = CARTESIAN_POINT ( 'NONE',  ( -26.50000000000000000, -1.200000000000000178, 5.500000000000000000 ) ) ;
#10212 = FILL_AREA_STYLE ('',( #7399 ) ) ;
#10213 = CARTESIAN_POINT ( 'NONE',  ( -51.29999999999999716, -0.4000000000000000222, -15.00000000000000000 ) ) ;
#10214 = CARTESIAN_POINT ( 'NONE',  ( 21.69035675089466864, 2.260130270542388242, -10.59167277189915879 ) ) ;
#10215 = DIRECTION ( 'NONE',  ( -1.000000000000000000, 3.136830188958566835E-16, 0.0000000000000000000 ) ) ;
#10216 = UNCERTAINTY_MEASURE_WITH_UNIT (LENGTH_MEASURE( 1.000000000000000082E-05 ), #1662, 'distance_accuracy_value', 'NONE');
#10217 = DIRECTION ( 'NONE',  ( 1.000000000000000000, 0.0000000000000000000, 0.0000000000000000000 ) ) ;
#10218 = EDGE_CURVE ( 'NONE', #3506, #10578, #12114, .T. ) ;
#10219 =( NAMED_UNIT ( * ) PLANE_ANGLE_UNIT ( ) SI_UNIT ( $, .RADIAN. ) );
#10220 = DIRECTION ( 'NONE',  ( 0.0000000000000000000, 1.000000000000000000, 0.0000000000000000000 ) ) ;
#10221 = EDGE_LOOP ( 'NONE', ( #6771, #5189, #8616, #6718 ) ) ;
#10222 = CARTESIAN_POINT ( 'NONE',  ( -51.29999999999999716, -0.4000000000000000222, -10.00000000000000000 ) ) ;
#10223 = VECTOR ( 'NONE', #8004, 1000.000000000000000 ) ;
#10224 = STYLED_ITEM ( 'NONE', ( #3722 ), #8275 ) ;
#10225 = MECHANICAL_DESIGN_GEOMETRIC_PRESENTATION_REPRESENTATION (  '', ( #5764 ), #2298 ) ;
#10226 = FACE_OUTER_BOUND ( 'NONE', #10252, .T. ) ;
#10227 =( NAMED_UNIT ( * ) SI_UNIT ( $, .STERADIAN. ) SOLID_ANGLE_UNIT ( ) );
#10228 = ORIENTED_EDGE ( 'NONE', *, *, #8750, .T. ) ;
#10229 = FACE_BOUND ( 'NONE', #10622, .T. ) ;
#10230 = SURFACE_STYLE_USAGE ( .BOTH. , #8249 ) ;
#10231 = CARTESIAN_POINT ( 'NONE',  ( 39.35846764497310346, 3.000000000000000000, 2.055860320049744949 ) ) ;
#10232 = CARTESIAN_POINT ( 'NONE',  ( -26.24544410003089823, -0.2999999999999999889, -5.299999999999919886 ) ) ;
#10233 = FILL_AREA_STYLE_COLOUR ( '', #1017 ) ;
#10234 = LINE ( 'NONE', #3103, #1694 ) ;
#10235 = DIRECTION ( 'NONE',  ( -1.524970082507730041E-15, 0.0000000000000000000, -1.000000000000000000 ) ) ;
#10236 = ORIENTED_EDGE ( 'NONE', *, *, #2781, .T. ) ;
#10237 = CARTESIAN_POINT ( 'NONE',  ( -28.17854103315875136, -1.200000000017100055, -5.950000000000110312 ) ) ;
#10238 = B_SPLINE_CURVE_WITH_KNOTS ( 'NONE', 3,
 ( #10538, #5633, #976, #8517 ),
 .UNSPECIFIED., .F., .F.,
 ( 4, 4 ),
 ( 2.865694204698855368E-15, 0.0007323145670127859759 ),
 .UNSPECIFIED. ) ;
#10239 = CARTESIAN_POINT ( 'NONE',  ( -25.85872753246410127, 1.800000000000000044, 4.858727532464129695 ) ) ;
#10240 = ORIENTED_EDGE ( 'NONE', *, *, #4394, .F. ) ;
#10241 = DIRECTION ( 'NONE',  ( 0.0000000000000000000, -1.000000000000000000, 0.0000000000000000000 ) ) ;
#10242 = EDGE_CURVE ( 'NONE', #1301, #10640, #5422, .T. ) ;
#10243 = PRESENTATION_LAYER_ASSIGNMENT (  '', '', ( #11034 ) ) ;
#10244 = CARTESIAN_POINT ( 'NONE',  ( -27.12207187821429955, 0.4000010255234842105, -3.640674809246169819 ) ) ;
#10245 = ORIENTED_EDGE ( 'NONE', *, *, #11110, .T. ) ;
#10246 = VECTOR ( 'NONE', #1158, 1000.000000000000000 ) ;
#10247 = AXIS2_PLACEMENT_3D ( 'NONE', #1140, #5068, #9748 ) ;
#10248 = FILL_AREA_STYLE_COLOUR ( '', #3250 ) ;
#10249 = FACE_OUTER_BOUND ( 'NONE', #160, .T. ) ;
#10250 = ORIENTED_EDGE ( 'NONE', *, *, #5851, .T. ) ;
#10251 = CARTESIAN_POINT ( 'NONE',  ( 37.63824873692700379, 3.500000000000000000, -2.782205948332944878 ) ) ;
#10252 = EDGE_LOOP ( 'NONE', ( #6625, #9236, #648, #9025 ) ) ;
#10253 = EDGE_CURVE ( 'NONE', #4212, #1976, #8107, .T. ) ;
#10254 = VECTOR ( 'NONE', #10843, 1000.000000000000000 ) ;
#10256 = ADVANCED_FACE ( 'NONE', ( #10190 ), #11825, .F. ) ;
#10255 = CARTESIAN_POINT ( 'NONE',  ( -68.60321982055950230, -1.200000000000000178, 6.150000000000000355 ) ) ;
#10257 = CARTESIAN_POINT ( 'NONE',  ( 22.87792812178575019, 0.4000010255230008194, -3.640674809244265120 ) ) ;
#10258 = DIRECTION ( 'NONE',  ( 0.0000000000000000000, 0.0000000000000000000, 1.000000000000000000 ) ) ;
#10260 = ADVANCED_FACE ( 'NONE', ( #5126 ), #11086, .T. ) ;
#10259 = DIRECTION ( 'NONE',  ( 0.0000000000000000000, 0.0000000000000000000, -1.000000000000000000 ) ) ;
#10261 = AXIS2_PLACEMENT_3D ( 'NONE', #6039, #9065, #11971 ) ;
#10262 =( NAMED_UNIT ( * ) PLANE_ANGLE_UNIT ( ) SI_UNIT ( $, .RADIAN. ) );
#10263 = AXIS2_PLACEMENT_3D ( 'NONE', #1470, #11273, #9337 ) ;
#10264 = ORIENTED_EDGE ( 'NONE', *, *, #3162, .F. ) ;
#10265 = CARTESIAN_POINT ( 'NONE',  ( 37.63824873692700379, 2.299999999999999822, 4.850000000000079581 ) ) ;
#10266 = ORIENTED_EDGE ( 'NONE', *, *, #1434, .T. ) ;
#10267 = AXIS2_PLACEMENT_3D ( 'NONE', #9718, #11660, #5970 ) ;
#10268 = DIRECTION ( 'NONE',  ( 0.0000000000000000000, -1.000000000000000000, 0.0000000000000000000 ) ) ;
#10269 = FILL_AREA_STYLE_COLOUR ( '', #12189 ) ;
#10270 = CIRCLE ( 'NONE', #7576, 4.000000000019101165 ) ;
#10271 = FACE_OUTER_BOUND ( 'NONE', #3409, .T. ) ;
#10272 = CARTESIAN_POINT ( 'NONE',  ( -26.50000000000000000, 2.000000000000000000, 6.500000000000000000 ) ) ;
#10273 = CIRCLE ( 'NONE', #2262, 1.199999999999999734 ) ;
#10274 = EDGE_CURVE ( 'NONE', #12057, #2468, #884, .T. ) ;
#10275 = LINE ( 'NONE', #11457, #6267 ) ;
#10276 = EDGE_CURVE ( 'NONE', #9826, #9652, #12264, .T. ) ;
#10277 = FILL_AREA_STYLE_COLOUR ( '', #9258 ) ;
#10278 = ORIENTED_EDGE ( 'NONE', *, *, #1675, .F. ) ;
#10279 = ORIENTED_EDGE ( 'NONE', *, *, #8364, .F. ) ;
#10280 = ORIENTED_EDGE ( 'NONE', *, *, #4921, .T. ) ;
#10281 = CIRCLE ( 'NONE', #4300, 1.400000000000000133 ) ;
#10282 = VECTOR ( 'NONE', #5362, 1000.000000000000000 ) ;
#10283 = DIRECTION ( 'NONE',  ( -1.000000000000000000, 0.0000000000000000000, 0.0000000000000000000 ) ) ;
#10284 = DIRECTION ( 'NONE',  ( 0.0000000000000000000, 0.0000000000000000000, -1.000000000000000000 ) ) ;
#10285 = LINE ( 'NONE', #11308, #7766 ) ;
#10286 = CARTESIAN_POINT ( 'NONE',  ( -26.50000000000000000, 1.800000000002909939, -4.608727532462570053 ) ) ;
#10287 = SURFACE_STYLE_FILL_AREA ( #11515 ) ;
#10288 = AXIS2_PLACEMENT_3D ( 'NONE', #9342, #12226, #12054 ) ;
#10289 = STYLED_ITEM ( 'NONE', ( #2873 ), #7275 ) ;
#10290 = PRESENTATION_STYLE_ASSIGNMENT (( #6055 ) ) ;
#10291 = CARTESIAN_POINT ( 'NONE',  ( 23.24544410003094796, -0.2999999999999999889, -5.299999999999929656 ) ) ;
#10292 = FACE_OUTER_BOUND ( 'NONE', #9629, .T. ) ;
#10293 = COLOUR_RGB ( '',0.7529411764705882248, 0.7529411764705882248, 0.7529411764705882248 ) ;
#10294 = DIRECTION ( 'NONE',  ( 5.288791085217829124E-17, -1.000000000000000000, 0.0000000000000000000 ) ) ;
#10295 = COLOUR_RGB ( '',0.7529411764705882248, 0.7529411764705882248, 0.7529411764705882248 ) ;
#10296 =( LENGTH_UNIT ( ) NAMED_UNIT ( * ) SI_UNIT ( .MILLI., .METRE. ) );
#10297 = FACE_BOUND ( 'NONE', #12386, .T. ) ;
#10298 = CARTESIAN_POINT ( 'NONE',  ( -21.48108608592105995, 3.363035586729226534, -11.19008240582097358 ) ) ;
#10299 = SURFACE_STYLE_USAGE ( .BOTH. , #3616 ) ;
#10300 = DIRECTION ( 'NONE',  ( 0.0000000000000000000, 0.0000000000000000000, 1.000000000000000000 ) ) ;
#10301 = SURFACE_STYLE_FILL_AREA ( #2742 ) ;
#10302 = VERTEX_POINT ( 'NONE', #6947 ) ;
#10303 = AXIS2_PLACEMENT_3D ( 'NONE', #4476, #9277, #649 ) ;
#10304 = DIRECTION ( 'NONE',  ( 0.0000000000000000000, 0.0000000000000000000, 1.000000000000000000 ) ) ;
#10305 = UNCERTAINTY_MEASURE_WITH_UNIT (LENGTH_MEASURE( 1.000000000000000082E-05 ), #5975, 'distance_accuracy_value', 'NONE');
#10306 = PLANE ( 'NONE',  #468 ) ;
#10307 = SURFACE_SIDE_STYLE ('',( #3283 ) ) ;
#10308 = CARTESIAN_POINT ( 'NONE',  ( 47.50000000000000000, 2.500000000000000000, 13.79289321881346098 ) ) ;
#10309 = ORIENTED_EDGE ( 'NONE', *, *, #8653, .T. ) ;
#10310 = VERTEX_POINT ( 'NONE', #274 ) ;
#10311 = VERTEX_POINT ( 'NONE', #1321 ) ;
#10312 = ORIENTED_EDGE ( 'NONE', *, *, #11441, .T. ) ;
#10313 = UNCERTAINTY_MEASURE_WITH_UNIT (LENGTH_MEASURE( 1.000000000000000082E-05 ), #3791, 'distance_accuracy_value', 'NONE');
#10314 = ORIENTED_EDGE ( 'NONE', *, *, #3369, .T. ) ;
#10315 = CARTESIAN_POINT ( 'NONE',  ( -52.20000000000000284, -1.199999999999999956, -5.389570480844269262 ) ) ;
#10316 = FACE_OUTER_BOUND ( 'NONE', #10839, .T. ) ;
#10317 = EDGE_CURVE ( 'NONE', #5842, #3920, #1484, .T. ) ;
#10318 = SURFACE_STYLE_USAGE ( .BOTH. , #9289 ) ;
#10319 = PRESENTATION_LAYER_ASSIGNMENT (  '', '', ( #7781 ) ) ;
#10320 = MECHANICAL_DESIGN_GEOMETRIC_PRESENTATION_REPRESENTATION (  '', ( #8252 ), #10956 ) ;
#10321 = ORIENTED_EDGE ( 'NONE', *, *, #614, .T. ) ;
#10322 = DIRECTION ( 'NONE',  ( -0.01745240643728354982, -0.9998476951563911586, 0.0000000000000000000 ) ) ;
#10323 = ADVANCED_FACE ( 'NONE', ( #12405 ), #10872, .T. ) ;
#10324 = DIRECTION ( 'NONE',  ( 1.000000000000000000, 0.0000000000000000000, 0.0000000000000000000 ) ) ;
#10325 = DIRECTION ( 'NONE',  ( 0.0000000000000000000, 0.7071067811865480168, -0.7071067811865470176 ) ) ;
#10327 = ORIENTED_EDGE ( 'NONE', *, *, #10192, .F. ) ;
#10326 = LINE ( 'NONE', #8273, #4811 ) ;
#10329 = B_SPLINE_CURVE_WITH_KNOTS ( 'NONE', 3,
 ( #10727, #4977, #5051, #5940 ),
 .UNSPECIFIED., .F., .F.,
 ( 4, 4 ),
 ( -1.740096078002804903E-05, 0.0002455851449208434878 ),
 .UNSPECIFIED. ) ;
#10328 =( GEOMETRIC_REPRESENTATION_CONTEXT ( 3 ) GLOBAL_UNCERTAINTY_ASSIGNED_CONTEXT ( ( #6282 ) ) GLOBAL_UNIT_ASSIGNED_CONTEXT ( ( #3119, #11698, #6023 ) ) REPRESENTATION_CONTEXT ( 'NONE', 'WORKASPACE' ) );
#10330 = ADVANCED_FACE ( 'NONE', ( #6029 ), #10779, .T. ) ;
#10331 = ORIENTED_EDGE ( 'NONE', *, *, #3476, .F. ) ;
#10332 = SURFACE_STYLE_FILL_AREA ( #11422 ) ;
#10333 = ORIENTED_EDGE ( 'NONE', *, *, #1378, .F. ) ;
#10334 = DIRECTION ( 'NONE',  ( 0.0000000000000000000, 1.000000000000000000, 0.0000000000000000000 ) ) ;
#10335 = DIRECTION ( 'NONE',  ( 0.0000000000000000000, -1.000000000000000000, 0.0000000000000000000 ) ) ;
#10336 = VERTEX_POINT ( 'NONE', #9968 ) ;
#10337 = CARTESIAN_POINT ( 'NONE',  ( -47.50000000000000000, 0.7999999999999999334, -12.23491012985643955 ) ) ;
#10338 = FACE_OUTER_BOUND ( 'NONE', #412, .T. ) ;
#10339 = CARTESIAN_POINT ( 'NONE',  ( 47.50000000338520323, -499000.0000000000000, 499017.0000401139841 ) ) ;
#10340 = ORIENTED_EDGE ( 'NONE', *, *, #9000, .F. ) ;
#10341 = AXIS2_PLACEMENT_3D ( 'NONE', #9491, #11501, #5765 ) ;
#10342 = UNCERTAINTY_MEASURE_WITH_UNIT (LENGTH_MEASURE( 1.000000000000000082E-05 ), #2099, 'distance_accuracy_value', 'NONE');
#10343 = FILL_AREA_STYLE_COLOUR ( '', #9800 ) ;
#10344 = VECTOR ( 'NONE', #5847, 1000.000000000000114 ) ;
#10345 = PRESENTATION_LAYER_ASSIGNMENT (  '', '', ( #1503 ) ) ;
#10346 = SURFACE_STYLE_FILL_AREA ( #7105 ) ;
#10347 = DIRECTION ( 'NONE',  ( 0.0000000000000000000, 0.0000000000000000000, 1.000000000000000000 ) ) ;
#10348 = MECHANICAL_DESIGN_GEOMETRIC_PRESENTATION_REPRESENTATION (  '', ( #1581 ), #4353 ) ;
#10349 = CARTESIAN_POINT ( 'NONE',  ( 21.29555410402375060, 2.299999999999999822, -10.22192813318828009 ) ) ;
#10350 = CARTESIAN_POINT ( 'NONE',  ( -68.60321982055950230, -1.200000000000000178, -5.950000000000000178 ) ) ;
#10351 = CARTESIAN_POINT ( 'NONE',  ( -51.29999999999999716, -1.199999999999999956, -11.49117618741295921 ) ) ;
#10352 = EDGE_CURVE ( 'NONE', #2691, #2535, #6340, .T. ) ;
#10353 = EDGE_LOOP ( 'NONE', ( #5856, #2654, #11548, #10106 ) ) ;
#10354 = TOROIDAL_SURFACE ( 'NONE', #3133, 1.000000000000000000, 0.2000000000000000111 ) ;
#10355 = VERTEX_POINT ( 'NONE', #1398 ) ;
#10356 = CARTESIAN_POINT ( 'NONE',  ( 26.50000000000000000, -0.2000000000000000389, -12.21745506492821853 ) ) ;
#10357 = EDGE_CURVE ( 'NONE', #6927, #2073, #1185, .T. ) ;
#10358 = DIRECTION ( 'NONE',  ( -0.01744974916069410437, 0.9996954598818872384, 0.01744974916068200294 ) ) ;
#10359 = LINE ( 'NONE', #10485, #9017 ) ;
#10360 = SURFACE_STYLE_USAGE ( .BOTH. , #3750 ) ;
#10361 = DIRECTION ( 'NONE',  ( 0.0000000000000000000, 0.0000000000000000000, -1.000000000000000000 ) ) ;
#10362 =( GEOMETRIC_REPRESENTATION_CONTEXT ( 3 ) GLOBAL_UNCERTAINTY_ASSIGNED_CONTEXT ( ( #8650 ) ) GLOBAL_UNIT_ASSIGNED_CONTEXT ( ( #7038, #8986, #9905 ) ) REPRESENTATION_CONTEXT ( 'NONE', 'WORKASPACE' ) );
#10363 = VECTOR ( 'NONE', #5198, 1000.000000000000000 ) ;
#10364 = VERTEX_POINT ( 'NONE', #11901 ) ;
#10365 = DIRECTION ( 'NONE',  ( 0.0000000000000000000, -1.000000000000000000, 0.0000000000000000000 ) ) ;
#10366 =( LENGTH_UNIT ( ) NAMED_UNIT ( * ) SI_UNIT ( .MILLI., .METRE. ) );
#10367 = CIRCLE ( 'NONE', #3017, 1.000000000000000000 ) ;
#10368 = PRESENTATION_LAYER_ASSIGNMENT (  '', '', ( #9892 ) ) ;
#10369 = SURFACE_STYLE_FILL_AREA ( #11315 ) ;
#10370 = EDGE_CURVE ( 'NONE', #9138, #9396, #4218, .T. ) ;
#10371 = CARTESIAN_POINT ( 'NONE',  ( 23.50000000000000000, 2.000000000000000000, -5.299999999999999822 ) ) ;
#10372 = SURFACE_SIDE_STYLE ('',( #3267 ) ) ;
#10373 = DIRECTION ( 'NONE',  ( 0.0000000000000000000, 0.0000000000000000000, 1.000000000000000000 ) ) ;
#10374 = LINE ( 'NONE', #2344, #2750 ) ;
#10375 = DIRECTION ( 'NONE',  ( 0.0000000000000000000, 0.0000000000000000000, 1.000000000000000000 ) ) ;
#10376 = CARTESIAN_POINT ( 'NONE',  ( -47.50000000000000000, 2.500000000000000000, 10.00000000000000000 ) ) ;
#10377 = MECHANICAL_DESIGN_GEOMETRIC_PRESENTATION_REPRESENTATION (  '', ( #9973 ), #10997 ) ;
#10378 = EDGE_LOOP ( 'NONE', ( #4863, #8582 ) ) ;
#10379 = CARTESIAN_POINT ( 'NONE',  ( 37.63824873692700379, 2.299999999999999822, -5.949999999999919353 ) ) ;
#10380 = FILL_AREA_STYLE_COLOUR ( '', #316 ) ;
#10381 = PRODUCT_DEFINITION_FORMATION_WITH_SPECIFIED_SOURCE ( '�κ�', '', #3515, .NOT_KNOWN. ) ;
#10382 = LINE ( 'NONE', #4269, #7861 ) ;
#10383 = FILL_AREA_STYLE_COLOUR ( '', #7293 ) ;
#10384 = ADVANCED_FACE ( 'NONE', ( #10489 ), #391, .T. ) ;
#10385 = ORIENTED_EDGE ( 'NONE', *, *, #8140, .F. ) ;
#10386 = CARTESIAN_POINT ( 'NONE',  ( -52.50000000000000000, 2.853553390592284966, 14.14644660940771814 ) ) ;
#10387 = ADVANCED_FACE ( 'NONE', ( #5112 ), #1031, .F. ) ;
#10388 = CARTESIAN_POINT ( 'NONE',  ( -51.36564734027069790, 3.066987298107784810, -15.00000000000000000 ) ) ;
#10389 = FILL_AREA_STYLE_COLOUR ( '', #7811 ) ;
#10390 = ORIENTED_EDGE ( 'NONE', *, *, #3039, .T. ) ;
#10391 = EDGE_CURVE ( 'NONE', #6182, #401, #1796, .T. ) ;
#10392 = DIRECTION ( 'NONE',  ( 0.0000000000000000000, 0.0000000000000000000, -1.000000000000000000 ) ) ;
#10393 = CARTESIAN_POINT ( 'NONE',  ( 50.51098906995924409, 3.477151880091281733, -14.99999999999999645 ) ) ;
#10394 = PRESENTATION_LAYER_ASSIGNMENT (  '', '', ( #340 ) ) ;
#10395 = CIRCLE ( 'NONE', #858, 4.999999999929521266 ) ;
#10396 = ORIENTED_EDGE ( 'NONE', *, *, #6787, .T. ) ;
#10397 = MECHANICAL_DESIGN_GEOMETRIC_PRESENTATION_REPRESENTATION (  '', ( #11429 ), #9998 ) ;
#10398 = SURFACE_STYLE_USAGE ( .BOTH. , #2757 ) ;
#10399 = VERTEX_POINT ( 'NONE', #7261 ) ;
#10400 = FILL_AREA_STYLE_COLOUR ( '', #6595 ) ;
#10401 = CARTESIAN_POINT ( 'NONE',  ( 21.82145896683725184, -1.200000000016240076, 6.150000000000110489 ) ) ;
#10402 = ORIENTED_EDGE ( 'NONE', *, *, #5129, .F. ) ;
#10403 = TOROIDAL_SURFACE ( 'NONE', #7796, 4.500000000000000000, 0.5000000000000329736 ) ;
#10404 = DIRECTION ( 'NONE',  ( -0.0000000000000000000, 1.000000000000000000, 0.0000000000000000000 ) ) ;
#10405 = B_SPLINE_CURVE_WITH_KNOTS ( 'NONE', 3,
 ( #10105, #5403, #4705, #9415 ),
 .UNSPECIFIED., .F., .F.,
 ( 4, 4 ),
 ( 5.134854346943590186E-15, 0.002400540168330740024 ),
 .UNSPECIFIED. ) ;
#10406 = DIRECTION ( 'NONE',  ( 0.0000000000000000000, 1.000000000000000000, 0.0000000000000000000 ) ) ;
#10407 =( NAMED_UNIT ( * ) PLANE_ANGLE_UNIT ( ) SI_UNIT ( $, .RADIAN. ) );
#10408 = ORIENTED_EDGE ( 'NONE', *, *, #8248, .F. ) ;
#10409 = EDGE_CURVE ( 'NONE', #6153, #10627, #5404, .T. ) ;
#10410 =( LENGTH_UNIT ( ) NAMED_UNIT ( * ) SI_UNIT ( .MILLI., .METRE. ) );
#10411 = VERTEX_POINT ( 'NONE', #1359 ) ;
#10412 = MECHANICAL_DESIGN_GEOMETRIC_PRESENTATION_REPRESENTATION (  '', ( #8739 ), #10803 ) ;
#10413 = FILL_AREA_STYLE ('',( #2603 ) ) ;
#10414 = CONICAL_SURFACE ( 'NONE', #6089, 0.6912724675343728808, 0.01745329252031053643 ) ;
#10415 = UNCERTAINTY_MEASURE_WITH_UNIT (LENGTH_MEASURE( 1.000000000000000082E-05 ), #8833, 'distance_accuracy_value', 'NONE');
#10416 = MECHANICAL_DESIGN_GEOMETRIC_PRESENTATION_REPRESENTATION (  '', ( #2484 ), #11040 ) ;
#10417 = SURFACE_STYLE_FILL_AREA ( #12075 ) ;
#10418 = UNCERTAINTY_MEASURE_WITH_UNIT (LENGTH_MEASURE( 1.000000000000000082E-05 ), #2424, 'distance_accuracy_value', 'NONE');
#10419 = CARTESIAN_POINT ( 'NONE',  ( -52.50000000000000000, -0.1000000000000000056, -10.27332005306813834 ) ) ;
#10420 = LINE ( 'NONE', #6775, #7754 ) ;
#10421 = DIRECTION ( 'NONE',  ( 1.000000000000000000, 0.0000000000000000000, 0.0000000000000000000 ) ) ;
#10422 = COLOUR_RGB ( '',0.7529411764705882248, 0.7529411764705882248, 0.7529411764705882248 ) ;
#10423 = VERTEX_POINT ( 'NONE', #3647 ) ;
#10424 = PRESENTATION_LAYER_ASSIGNMENT (  '', '', ( #11224 ) ) ;
#10425 = ORIENTED_EDGE ( 'NONE', *, *, #8411, .T. ) ;
#10426 = SURFACE_SIDE_STYLE ('',( #10571 ) ) ;
#10427 = VECTOR ( 'NONE', #11139, 1000.000000000000114 ) ;
#10428 = LINE ( 'NONE', #6514, #216 ) ;
#10429 = LINE ( 'NONE', #9422, #973 ) ;
#10430 = DIRECTION ( 'NONE',  ( -0.9998476951563912696, 0.01745240643728355329, 0.0000000000000000000 ) ) ;
#10431 = DIRECTION ( 'NONE',  ( 1.000000000000000000, 0.0000000000000000000, 0.0000000000000000000 ) ) ;
#10432 = MECHANICAL_DESIGN_GEOMETRIC_PRESENTATION_REPRESENTATION (  '', ( #6627 ), #2749 ) ;
#10433 = CIRCLE ( 'NONE', #4544, 5.000000000000000000 ) ;
#10434 = DIRECTION ( 'NONE',  ( 1.000000000000000000, 5.706327223739441622E-17, 0.0000000000000000000 ) ) ;
#10435 = COLOUR_RGB ( '',0.7529411764705882248, 0.7529411764705882248, 0.7529411764705882248 ) ;
#10436 = EDGE_CURVE ( 'NONE', #5396, #1880, #12388, .T. ) ;
#10437 = VECTOR ( 'NONE', #5118, 1000.000000000000000 ) ;
#10438 = COLOUR_RGB ( '',0.7529411764705882248, 0.7529411764705882248, 0.7529411764705882248 ) ;
#10439 = SURFACE_STYLE_FILL_AREA ( #5963 ) ;
#10440 = EDGE_CURVE ( 'NONE', #10867, #2991, #8556, .T. ) ;
#10441 = DIRECTION ( 'NONE',  ( 0.0000000000000000000, 0.0000000000000000000, -1.000000000000000000 ) ) ;
#10442 = SURFACE_SIDE_STYLE ('',( #3714 ) ) ;
#10443 = CARTESIAN_POINT ( 'NONE',  ( -25.84550502196805155, -0.3069809625912964801, -5.299999999999919886 ) ) ;
#10444 =( NAMED_UNIT ( * ) PLANE_ANGLE_UNIT ( ) SI_UNIT ( $, .RADIAN. ) );
#10445 = FACE_OUTER_BOUND ( 'NONE', #11858, .T. ) ;
#10446 = SURFACE_STYLE_FILL_AREA ( #4920 ) ;
#10447 = ORIENTED_EDGE ( 'NONE', *, *, #3749, .T. ) ;
#10448 = AXIS2_PLACEMENT_3D ( 'NONE', #8819, #7904, #6869 ) ;
#10449 = FILL_AREA_STYLE ('',( #3590 ) ) ;
#10450 = DIRECTION ( 'NONE',  ( 0.0000000000000000000, 0.0000000000000000000, 1.000000000000000000 ) ) ;
#10451 = ADVANCED_FACE ( 'NONE', ( #5560 ), #3016, .F. ) ;
#10452 = VECTOR ( 'NONE', #6892, 1000.000000000000000 ) ;
#10453 = CARTESIAN_POINT ( 'NONE',  ( -51.29999999999999716, -0.4000000000000000222, -11.19999999999999929 ) ) ;
#10454 = FILL_AREA_STYLE ('',( #6846 ) ) ;
#10455 = ORIENTED_EDGE ( 'NONE', *, *, #2085, .T. ) ;
#10456 = AXIS2_PLACEMENT_3D ( 'NONE', #2538, #10220, #9278 ) ;
#10457 = MECHANICAL_DESIGN_GEOMETRIC_PRESENTATION_REPRESENTATION (  '', ( #11707 ), #10846 ) ;
#10458 = ORIENTED_EDGE ( 'NONE', *, *, #8908, .T. ) ;
#10459 = PRESENTATION_STYLE_ASSIGNMENT (( #413 ) ) ;
#10460 = SURFACE_STYLE_FILL_AREA ( #5424 ) ;
#10461 = SURFACE_SIDE_STYLE ('',( #1231 ) ) ;
#10462 = CARTESIAN_POINT ( 'NONE',  ( 8760.751216517830471, -498999.7000000000116, 10.00000000000000000 ) ) ;
#10463 = CIRCLE ( 'NONE', #2926, 6.200000000000001066 ) ;
#10464 = ORIENTED_EDGE ( 'NONE', *, *, #7855, .F. ) ;
#10465 = CARTESIAN_POINT ( 'NONE',  ( 14.31395052035671966, 3.500000000000000000, 2.556361429967570320 ) ) ;
#10466 = UNCERTAINTY_MEASURE_WITH_UNIT (LENGTH_MEASURE( 1.000000000000000082E-05 ), #3570, 'distance_accuracy_value', 'NONE');
#10467 =( NAMED_UNIT ( * ) PLANE_ANGLE_UNIT ( ) SI_UNIT ( $, .RADIAN. ) );
#10468 = EDGE_CURVE ( 'NONE', #4586, #5619, #7957, .T. ) ;
#10469 = ORIENTED_EDGE ( 'NONE', *, *, #11669, .F. ) ;
#10470 = ORIENTED_EDGE ( 'NONE', *, *, #8729, .F. ) ;
#10471 = ORIENTED_EDGE ( 'NONE', *, *, #3576, .T. ) ;
#10472 = MECHANICAL_DESIGN_GEOMETRIC_PRESENTATION_REPRESENTATION (  '', ( #9833 ), #3192 ) ;
#10473 = DIRECTION ( 'NONE',  ( 0.0000000000000000000, 0.0000000000000000000, 1.000000000000000000 ) ) ;
#10474 = PRESENTATION_STYLE_ASSIGNMENT (( #12252 ) ) ;
#10475 = ORIENTED_EDGE ( 'NONE', *, *, #7468, .F. ) ;
#10476 = AXIS2_PLACEMENT_3D ( 'NONE', #2452, #3389, #488 ) ;
#10477 = AXIS2_PLACEMENT_3D ( 'NONE', #9536, #12293, #1688 ) ;
#10478 = DIRECTION ( 'NONE',  ( 0.0000000000000000000, -1.000000000000000000, 0.0000000000000000000 ) ) ;
#10479 = CARTESIAN_POINT ( 'NONE',  ( -47.50000000000000000, 3.000000000000000000, 13.79289321881346098 ) ) ;
#10480 = ORIENTED_EDGE ( 'NONE', *, *, #11062, .F. ) ;
#10481 = LINE ( 'NONE', #12058, #266 ) ;
#10482 = VERTEX_POINT ( 'NONE', #6401 ) ;
#10483 = ORIENTED_EDGE ( 'NONE', *, *, #8596, .T. ) ;
#10484 = EDGE_LOOP ( 'NONE', ( #546, #1099, #12290, #11488 ) ) ;
#10485 = CARTESIAN_POINT ( 'NONE',  ( -26.50000000000000000, 2.000000000000000000, -6.700000000000000178 ) ) ;
#10486 = EDGE_CURVE ( 'NONE', #2656, #8076, #10770, .T. ) ;
#10487 = CARTESIAN_POINT ( 'NONE',  ( -30.79608995562925244, 3.000000000000000000, 13.00859782307830059 ) ) ;
#10488 = MECHANICAL_DESIGN_GEOMETRIC_PRESENTATION_REPRESENTATION (  '', ( #9216 ), #46 ) ;
#10489 = FACE_OUTER_BOUND ( 'NONE', #9161, .T. ) ;
#10490 = MECHANICAL_DESIGN_GEOMETRIC_PRESENTATION_REPRESENTATION (  '', ( #7947 ), #11113 ) ;
#10491 = CARTESIAN_POINT ( 'NONE',  ( -26.50000000000000000, -0.3069809625912964801, -5.299999999999919886 ) ) ;
#10492 = SURFACE_STYLE_USAGE ( .BOTH. , #3800 ) ;
#10494 = PRESENTATION_LAYER_ASSIGNMENT (  '', '', ( #2147 ) ) ;
#10493 = B_SPLINE_CURVE_WITH_KNOTS ( 'NONE', 3,
 ( #1672, #5544, #6528, #8346, #719, #7475, #12234, #6571, #1708, #2690, #10901, #2320, #6288, #2446, #3618, #3101, #1040, #8024 ),
 .UNSPECIFIED., .F., .F.,
 ( 4, 2, 2, 2, 2, 2, 2, 2, 4 ),
 ( 0.0000000000000000000, 0.1250000000000000555, 0.2500000000000001110, 0.3750000000000001110, 0.5000000000000001110, 0.6250000000000001110, 0.7500000000000001110, 0.8750000000000000000, 1.000000000000000000 ),
 .UNSPECIFIED. ) ;
#10495 = CARTESIAN_POINT ( 'NONE',  ( -49.71920057142139626, -0.09999999998215054753, -6.700000000000000178 ) ) ;
#10496 = ORIENTED_EDGE ( 'NONE', *, *, #9631, .F. ) ;
#10497 = SURFACE_STYLE_FILL_AREA ( #11363 ) ;
#10498 = UNCERTAINTY_MEASURE_WITH_UNIT (LENGTH_MEASURE( 1.000000000000000082E-05 ), #11644, 'distance_accuracy_value', 'NONE');
#10499 = FILL_AREA_STYLE ('',( #6678 ) ) ;
#10500 = UNCERTAINTY_MEASURE_WITH_UNIT (LENGTH_MEASURE( 1.000000000000000082E-05 ), #8473, 'distance_accuracy_value', 'NONE');
#10501 = DIRECTION ( 'NONE',  ( -0.01744974916069410437, 0.9996954598818872384, -0.01744974916068200294 ) ) ;
#10502 = EDGE_CURVE ( 'NONE', #3858, #7966, #10481, .T. ) ;
#10503 = COLOUR_RGB ( '',0.7529411764705882248, 0.7529411764705882248, 0.7529411764705882248 ) ;
#10504 = CARTESIAN_POINT ( 'NONE',  ( 22.85872753246409772, 1.800000000000000044, -5.941272467535809731 ) ) ;
#10505 = DIRECTION ( 'NONE',  ( 0.0000000000000000000, 0.0000000000000000000, -1.000000000000000000 ) ) ;
#10506 = CARTESIAN_POINT ( 'NONE',  ( -68.60321982055950230, -1.200000000000000178, 6.150000000000000355 ) ) ;
#10507 = STYLED_ITEM ( 'NONE', ( #1511 ), #3114 ) ;
#10508 = CARTESIAN_POINT ( 'NONE',  ( 51.37002508531249845, 3.062790684334729896, -14.99999999711018006 ) ) ;
#10509 = CARTESIAN_POINT ( 'NONE',  ( 23.50000000000000000, 1.800000000000000044, -4.500000000000000000 ) ) ;
#10510 = VERTEX_POINT ( 'NONE', #10205 ) ;
#10511 = AXIS2_PLACEMENT_3D ( 'NONE', #9392, #7558, #8430 ) ;
#10512 = DIRECTION ( 'NONE',  ( 1.000000000000000000, 0.0000000000000000000, -4.625929269271489858E-16 ) ) ;
#10513 = STYLED_ITEM ( 'NONE', ( #6309 ), #11679 ) ;
#10514 = ADVANCED_FACE ( 'NONE', ( #4674 ), #3915, .F. ) ;
#10515 = EDGE_CURVE ( 'NONE', #10159, #5262, #10493, .T. ) ;
#10516 = CARTESIAN_POINT ( 'NONE',  ( 24.84540414952121878, -0.3358798217808225961, -13.71260218632533068 ) ) ;
#10517 = EDGE_CURVE ( 'NONE', #4809, #11045, #11948, .T. ) ;
#10518 = CARTESIAN_POINT ( 'NONE',  ( 25.16897398685469867, -0.3999990008934389829, -4.663964069382050326 ) ) ;
#10519 = FILL_AREA_STYLE_COLOUR ( '', #4627 ) ;
#10520 =( GEOMETRIC_REPRESENTATION_CONTEXT ( 3 ) GLOBAL_UNCERTAINTY_ASSIGNED_CONTEXT ( ( #5500 ) ) GLOBAL_UNIT_ASSIGNED_CONTEXT ( ( #3422, #10093, #7317 ) ) REPRESENTATION_CONTEXT ( 'NONE', 'WORKASPACE' ) );
#10521 = FILL_AREA_STYLE_COLOUR ( '', #4991 ) ;
#10522 = DIRECTION ( 'NONE',  ( 0.0000000000000000000, 1.000000000000000000, 0.0000000000000000000 ) ) ;
#10523 = AXIS2_PLACEMENT_3D ( 'NONE', #6532, #6688, #10347 ) ;
#10524 =( GEOMETRIC_REPRESENTATION_CONTEXT ( 3 ) GLOBAL_UNCERTAINTY_ASSIGNED_CONTEXT ( ( #1747 ) ) GLOBAL_UNIT_ASSIGNED_CONTEXT ( ( #4232, #1334, #2283 ) ) REPRESENTATION_CONTEXT ( 'NONE', 'WORKASPACE' ) );
#10525 = CARTESIAN_POINT ( 'NONE',  ( 42.77551296702049655, 7.209160145914190743, -15.00000000000000000 ) ) ;
#10526 = CONICAL_SURFACE ( 'NONE', #7019, 3.199999999996657074, 0.01745329251970620388 ) ;
#10527 =( NAMED_UNIT ( * ) SI_UNIT ( $, .STERADIAN. ) SOLID_ANGLE_UNIT ( ) );
#10528 = ORIENTED_EDGE ( 'NONE', *, *, #11544, .F. ) ;
#10529 = CARTESIAN_POINT ( 'NONE',  ( -26.50000000000000000, 2.000000000000000000, -5.299999999999999822 ) ) ;
#10530 = SURFACE_SIDE_STYLE ('',( #677 ) ) ;
#10531 = ORIENTED_EDGE ( 'NONE', *, *, #12076, .T. ) ;
#10532 = SURFACE_STYLE_FILL_AREA ( #3095 ) ;
#10533 = DIRECTION ( 'NONE',  ( -0.01744974916068024393, 0.9996954598818874604, -0.01744974916068544463 ) ) ;
#10534 = DIRECTION ( 'NONE',  ( 0.0000000000000000000, -1.000000000000000000, 0.0000000000000000000 ) ) ;
#10535 = ORIENTED_EDGE ( 'NONE', *, *, #11141, .F. ) ;
#10536 = DIRECTION ( 'NONE',  ( 0.0000000000000000000, 0.0000000000000000000, 1.000000000000000000 ) ) ;
#10537 = DIRECTION ( 'NONE',  ( 1.000000000000000000, -8.879670859120935934E-17, 0.0000000000000000000 ) ) ;
#10538 = CARTESIAN_POINT ( 'NONE',  ( 37.47444465429034466, 3.433012701883784601, 1.464636198749429852 ) ) ;
#10539 = ORIENTED_EDGE ( 'NONE', *, *, #7896, .F. ) ;
#10540 =( GEOMETRIC_REPRESENTATION_CONTEXT ( 3 ) GLOBAL_UNCERTAINTY_ASSIGNED_CONTEXT ( ( #4701 ) ) GLOBAL_UNIT_ASSIGNED_CONTEXT ( ( #3937, #10612, #5063 ) ) REPRESENTATION_CONTEXT ( 'NONE', 'WORKASPACE' ) );
#10541 =( NAMED_UNIT ( * ) PLANE_ANGLE_UNIT ( ) SI_UNIT ( $, .RADIAN. ) );
#10542 = ORIENTED_EDGE ( 'NONE', *, *, #7024, .T. ) ;
#10543 = SURFACE_STYLE_FILL_AREA ( #12366 ) ;
#10544 = DIRECTION ( 'NONE',  ( 1.000000000000000000, 0.0000000000000000000, 0.0000000000000000000 ) ) ;
#10545 = VECTOR ( 'NONE', #5629, 1000.000000000000000 ) ;
#10546 = EDGE_LOOP ( 'NONE', ( #4105, #5550, #3394, #10981 ) ) ;
#10547 = DIRECTION ( 'NONE',  ( 0.0000000000000000000, 1.000000000000000000, 0.0000000000000000000 ) ) ;
#10548 = SURFACE_STYLE_USAGE ( .BOTH. , #11502 ) ;
#10549 = CARTESIAN_POINT ( 'NONE',  ( -31.04383641559855178, 3.433012701892234730, 12.16005037105971986 ) ) ;
#10550 = ORIENTED_EDGE ( 'NONE', *, *, #5726, .T. ) ;
#10551 = EDGE_CURVE ( 'NONE', #3226, #10302, #8403, .T. ) ;
#10552 = CARTESIAN_POINT ( 'NONE',  ( -25.85000000000000142, 2.299999999999999822, -5.949999999999919353 ) ) ;
#10553 = AXIS2_PLACEMENT_3D ( 'NONE', #2931, #9508, #11376 ) ;
#10554 = DIRECTION ( 'NONE',  ( 1.000000000000000000, 9.637352644314817722E-16, -9.637352644314817722E-16 ) ) ;
#10555 = TOROIDAL_SURFACE ( 'NONE', #1403, 1.199999999999999956, 0.2000000000000000111 ) ;
#10556 = AXIS2_PLACEMENT_3D ( 'NONE', #5572, #8326, #6476 ) ;
#10557 = MECHANICAL_DESIGN_GEOMETRIC_PRESENTATION_REPRESENTATION (  '', ( #5691 ), #4404 ) ;
#10558 = ORIENTED_EDGE ( 'NONE', *, *, #4906, .F. ) ;
#10559 = PRESENTATION_STYLE_ASSIGNMENT (( #4553 ) ) ;
#10560 = DIRECTION ( 'NONE',  ( 0.0000000000000000000, 0.0000000000000000000, -1.000000000000000000 ) ) ;
#10561 = SURFACE_STYLE_FILL_AREA ( #4838 ) ;
#10562 = CARTESIAN_POINT ( 'NONE',  ( -68.60321982055950230, -1.200000000000000178, -12.20000000000000107 ) ) ;
#10563 = ORIENTED_EDGE ( 'NONE', *, *, #12147, .F. ) ;
#10564 = DIRECTION ( 'NONE',  ( 1.000000000000000000, 9.637352644314817722E-16, 0.0000000000000000000 ) ) ;
#10565 = EDGE_LOOP ( 'NONE', ( #5106, #10708, #3622, #3685 ) ) ;
#10566 = DIRECTION ( 'NONE',  ( 0.0000000000000000000, -1.000000000000000000, 0.0000000000000000000 ) ) ;
#10567 = COLOUR_RGB ( '',0.7529411764705882248, 0.7529411764705882248, 0.7529411764705882248 ) ;
#10568 = B_SPLINE_CURVE_WITH_KNOTS ( 'NONE', 3,
 ( #4447, #3358, #423, #3401 ),
 .UNSPECIFIED., .F., .F.,
 ( 4, 4 ),
 ( 8.553037146976641238E-15, 0.002400540168323900009 ),
 .UNSPECIFIED. ) ;
#10569 = VECTOR ( 'NONE', #3897, 1000.000000000000114 ) ;
#10570 = ADVANCED_FACE ( 'NONE', ( #8707 ), #2584, .T. ) ;
#10571 = SURFACE_STYLE_FILL_AREA ( #9438 ) ;
#10572 =( NAMED_UNIT ( * ) SI_UNIT ( $, .STERADIAN. ) SOLID_ANGLE_UNIT ( ) );
#10573 = AXIS2_PLACEMENT_3D ( 'NONE', #2228, #2154, #10802 ) ;
#10574 = AXIS2_PLACEMENT_3D ( 'NONE', #2114, #1170, #10684 ) ;
#10575 = CARTESIAN_POINT ( 'NONE',  ( -24.82145896684134811, -1.200000000016030022, -4.649999999999719691 ) ) ;
#10576 = ORIENTED_EDGE ( 'NONE', *, *, #8411, .F. ) ;
#10577 = AXIS2_PLACEMENT_3D ( 'NONE', #11185, #5479, #12091 ) ;
#10578 = VERTEX_POINT ( 'NONE', #10201 ) ;
#10579 = SURFACE_STYLE_USAGE ( .BOTH. , #1962 ) ;
#10580 = SURFACE_STYLE_FILL_AREA ( #11676 ) ;
#10581 = DIRECTION ( 'NONE',  ( 2.137303368128424738E-18, 0.9998476951563849413, -0.01745240643764794930 ) ) ;
#10582 = EDGE_CURVE ( 'NONE', #4199, #12032, #2, .T. ) ;
#10583 = CARTESIAN_POINT ( 'NONE',  ( -51.30000000001589200, -1.200000000000455813, 10.00000000000000000 ) ) ;
#10584 =( NAMED_UNIT ( * ) SI_UNIT ( $, .STERADIAN. ) SOLID_ANGLE_UNIT ( ) );
#10585 = CARTESIAN_POINT ( 'NONE',  ( -26.50000000000000000, 1.800000000002909939, -5.299999999999919886 ) ) ;
#10586 = LINE ( 'NONE', #1519, #4019 ) ;
#10587 = PRESENTATION_LAYER_ASSIGNMENT (  '', '', ( #133 ) ) ;
#10588 = CARTESIAN_POINT ( 'NONE',  ( 25.11156348272152528, -0.4515294026389346516, -13.76388086281960987 ) ) ;
#10589 = DIRECTION ( 'NONE',  ( 0.0000000000000000000, -1.000000000000000000, 0.0000000000000000000 ) ) ;
#10590 =( NAMED_UNIT ( * ) PLANE_ANGLE_UNIT ( ) SI_UNIT ( $, .RADIAN. ) );
#10591 = SURFACE_STYLE_USAGE ( .BOTH. , #7693 ) ;
#10592 =( GEOMETRIC_REPRESENTATION_CONTEXT ( 3 ) GLOBAL_UNCERTAINTY_ASSIGNED_CONTEXT ( ( #10418 ) ) GLOBAL_UNIT_ASSIGNED_CONTEXT ( ( #2424, #3228, #9914 ) ) REPRESENTATION_CONTEXT ( 'NONE', 'WORKASPACE' ) );
#10593 =( LENGTH_UNIT ( ) NAMED_UNIT ( * ) SI_UNIT ( .MILLI., .METRE. ) );
#10594 = EDGE_CURVE ( 'NONE', #3814, #399, #1969, .T. ) ;
#10595 = ORIENTED_EDGE ( 'NONE', *, *, #4283, .F. ) ;
#10596 = VECTOR ( 'NONE', #10536, 1000.000000000000000 ) ;
#10597 = ORIENTED_EDGE ( 'NONE', *, *, #9643, .F. ) ;
#10598 = DIRECTION ( 'NONE',  ( 1.000000000000000000, 0.0000000000000000000, 1.003088512701683880E-31 ) ) ;
#10599 = SURFACE_STYLE_USAGE ( .BOTH. , #4828 ) ;
#10600 = CARTESIAN_POINT ( 'NONE',  ( -47.50000000000000000, 3.000000000000000000, 15.00000000000000000 ) ) ;
#10601 = CARTESIAN_POINT ( 'NONE',  ( 37.63824873692700379, 3.433012701882704576, -2.782205948333409840 ) ) ;
#10602 = LINE ( 'NONE', #10850, #5081 ) ;
#10603 = CYLINDRICAL_SURFACE ( 'NONE', #11481, 3.799999999999999378 ) ;
#10604 = ORIENTED_EDGE ( 'NONE', *, *, #11544, .T. ) ;
#10605 = STYLED_ITEM ( 'NONE', ( #841 ), #4713 ) ;
#10606 = ORIENTED_EDGE ( 'NONE', *, *, #5399, .F. ) ;
#10607 = FILL_AREA_STYLE ('',( #11435 ) ) ;
#10609 = CARTESIAN_POINT ( 'NONE',  ( 47.50000000000000000, 2.853553390536945233, 10.00000000000000000 ) ) ;
#10608 = PRESENTATION_STYLE_ASSIGNMENT (( #6963 ) ) ;
#10611 = ORIENTED_EDGE ( 'NONE', *, *, #2049, .F. ) ;
#10610 = CIRCLE ( 'NONE', #6856, 0.1999999999999996503 ) ;
#10612 =( NAMED_UNIT ( * ) PLANE_ANGLE_UNIT ( ) SI_UNIT ( $, .RADIAN. ) );
#10613 = ORIENTED_EDGE ( 'NONE', *, *, #9548, .T. ) ;
#10614 = VERTEX_POINT ( 'NONE', #9173 ) ;
#10615 = AXIS2_PLACEMENT_3D ( 'NONE', #1090, #11598, #8791 ) ;
#10616 =( GEOMETRIC_REPRESENTATION_CONTEXT ( 3 ) GLOBAL_UNCERTAINTY_ASSIGNED_CONTEXT ( ( #6076 ) ) GLOBAL_UNIT_ASSIGNED_CONTEXT ( ( #4758, #1915, #9667 ) ) REPRESENTATION_CONTEXT ( 'NONE', 'WORKASPACE' ) );
#10617 = FILL_AREA_STYLE_COLOUR ( '', #3365 ) ;
#10618 = CARTESIAN_POINT ( 'NONE',  ( 47.50000000000000000, -2.700000000000000178, 14.00000000000000000 ) ) ;
#10619 = ORIENTED_EDGE ( 'NONE', *, *, #383, .T. ) ;
#10620 = ORIENTED_EDGE ( 'NONE', *, *, #9094, .F. ) ;
#10621 = FILL_AREA_STYLE ('',( #7808 ) ) ;
#10622 = EDGE_LOOP ( 'NONE', ( #8313, #6632 ) ) ;
#10624 = FACE_OUTER_BOUND ( 'NONE', #174, .T. ) ;
#10623 = DIRECTION ( 'NONE',  ( 0.0000000000000000000, 0.0000000000000000000, 1.000000000000000000 ) ) ;
#10625 = ORIENTED_EDGE ( 'NONE', *, *, #1183, .F. ) ;
#10626 = CARTESIAN_POINT ( 'NONE',  ( 47.50000000000000000, 0.8000000000450220305, 10.00000000000000000 ) ) ;
#10627 = VERTEX_POINT ( 'NONE', #10286 ) ;
#10628 = EDGE_CURVE ( 'NONE', #7497, #4522, #12121, .T. ) ;
#10629 = VECTOR ( 'NONE', #10702, 1000.000000000000000 ) ;
#10630 =( GEOMETRIC_REPRESENTATION_CONTEXT ( 3 ) GLOBAL_UNCERTAINTY_ASSIGNED_CONTEXT ( ( #3990 ) ) GLOBAL_UNIT_ASSIGNED_CONTEXT ( ( #54, #7805, #1020 ) ) REPRESENTATION_CONTEXT ( 'NONE', 'WORKASPACE' ) );
#10631 = CARTESIAN_POINT ( 'NONE',  ( -35.68931315390214820, 3.500000000000000000, 10.09716762947772040 ) ) ;
#10632 = ADVANCED_FACE ( 'NONE', ( #9622 ), #7828, .F. ) ;
#10633 = ORIENTED_EDGE ( 'NONE', *, *, #3612, .T. ) ;
#10634 = PRESENTATION_LAYER_ASSIGNMENT (  '', '', ( #9926 ) ) ;
#10635 = CARTESIAN_POINT ( 'NONE',  ( -22.77196985052480116, 3.500000000000000000, 32.48769006447539454 ) ) ;
#10636 = CARTESIAN_POINT ( 'NONE',  ( -68.60321982055950230, -1.200000000000000178, 21.39567676978599664 ) ) ;
#10637 = SURFACE_STYLE_USAGE ( .BOTH. , #3924 ) ;
#10638 = PRESENTATION_STYLE_ASSIGNMENT (( #12077 ) ) ;
#10639 = CARTESIAN_POINT ( 'NONE',  ( -47.50000000000000000, -1.500000000021375124, 10.00000000000000000 ) ) ;
#10640 = VERTEX_POINT ( 'NONE', #6317 ) ;
#10641 = PLANE ( 'NONE',  #6257 ) ;
#10642 = ORIENTED_EDGE ( 'NONE', *, *, #10954, .F. ) ;
#10643 = EDGE_CURVE ( 'NONE', #1831, #6312, #6642, .T. ) ;
#10644 = CARTESIAN_POINT ( 'NONE',  ( -28.17854103315865189, -1.200000000012820145, -4.649999999999779199 ) ) ;
#10645 = DIRECTION ( 'NONE',  ( 1.000000000000000000, 0.0000000000000000000, 0.0000000000000000000 ) ) ;
#10646 = CARTESIAN_POINT ( 'NONE',  ( 52.50000000000000000, -1.199999999999999956, -15.00000000000000000 ) ) ;
#10647 = UNCERTAINTY_MEASURE_WITH_UNIT (LENGTH_MEASURE( 1.000000000000000082E-05 ), #899, 'distance_accuracy_value', 'NONE');
#10648 = PRESENTATION_LAYER_ASSIGNMENT (  '', '', ( #8974 ) ) ;
#10649 = LINE ( 'NONE', #7874, #9476 ) ;
#10650 = STYLED_ITEM ( 'NONE', ( #3108 ), #5707 ) ;
#10651 = FILL_AREA_STYLE ('',( #4749 ) ) ;
#10652 = CARTESIAN_POINT ( 'NONE',  ( 24.15000000000030056, -1.200000000015380097, 3.821458966837349980 ) ) ;
#10653 = VECTOR ( 'NONE', #9996, 1000.000000000000000 ) ;
#10654 = ORIENTED_EDGE ( 'NONE', *, *, #2730, .F. ) ;
#10655 = FILL_AREA_STYLE ('',( #2166 ) ) ;
#10656 = EDGE_CURVE ( 'NONE', #10072, #3869, #434, .T. ) ;
#10657 = CARTESIAN_POINT ( 'NONE',  ( -26.50000000000000000, 1.800000000000000044, -5.299999999999999822 ) ) ;
#10658 = CIRCLE ( 'NONE', #10864, 5.000000000000000000 ) ;
#10659 = CARTESIAN_POINT ( 'NONE',  ( 52.50000000000000000, 3.000000000000000000, 10.00000000000000000 ) ) ;
#10660 = CARTESIAN_POINT ( 'NONE',  ( -47.70000000000000284, -1.200000000000000178, 4.850000000000000533 ) ) ;
#10661 = DIRECTION ( 'NONE',  ( 0.0000000000000000000, 0.0000000000000000000, 1.000000000000000000 ) ) ;
#10662 = DIRECTION ( 'NONE',  ( -1.000000000000000000, 0.0000000000000000000, 0.0000000000000000000 ) ) ;
#10663 = MECHANICAL_DESIGN_GEOMETRIC_PRESENTATION_REPRESENTATION (  '', ( #8284 ), #3785 ) ;
#10664 = CARTESIAN_POINT ( 'NONE',  ( -26.50000000000000000, 1.800000000000000044, 5.500000000000000000 ) ) ;
#10665 = CARTESIAN_POINT ( 'NONE',  ( -24.82145896684049902, -1.200000000017100055, 6.150000000000130029 ) ) ;
#10666 = AXIS2_PLACEMENT_3D ( 'NONE', #21, #7689, #10544 ) ;
#10667 = CIRCLE ( 'NONE', #8055, 0.1999999999999996503 ) ;
#10668 = ORIENTED_EDGE ( 'NONE', *, *, #12333, .T. ) ;
#10669 = FACE_OUTER_BOUND ( 'NONE', #196, .T. ) ;
#10670 = DIRECTION ( 'NONE',  ( 0.0000000000000000000, 0.0000000000000000000, -1.000000000000000000 ) ) ;
#10671 = EDGE_CURVE ( 'NONE', #8918, #9521, #12298, .T. ) ;
#10672 = SURFACE_STYLE_USAGE ( .BOTH. , #7822 ) ;
#10673 = DIRECTION ( 'NONE',  ( 0.0000000000000000000, 0.0000000000000000000, -1.000000000000000000 ) ) ;
#10674 = EDGE_CURVE ( 'NONE', #7066, #3979, #1488, .T. ) ;
#10675 = TOROIDAL_SURFACE ( 'NONE', #2410, 1.199999999999999956, 0.2000000000000000111 ) ;
#10676 = CARTESIAN_POINT ( 'NONE',  ( -26.50000000000000000, -1.200000000000000178, -6.100000000000000533 ) ) ;
#10677 = FILL_AREA_STYLE_COLOUR ( '', #7114 ) ;
#10678 = AXIS2_PLACEMENT_3D ( 'NONE', #107, #3082, #9766 ) ;
#10679 = FACE_OUTER_BOUND ( 'NONE', #5427, .T. ) ;
#10680 = ORIENTED_EDGE ( 'NONE', *, *, #10517, .T. ) ;
#10681 = LINE ( 'NONE', #7972, #7111 ) ;
#10682 = CARTESIAN_POINT ( 'NONE',  ( 21.00000000000000000, 2.168404344971009854E-16, -14.77173093898297829 ) ) ;
#10683 = UNCERTAINTY_MEASURE_WITH_UNIT (LENGTH_MEASURE( 1.000000000000000082E-05 ), #12262, 'distance_accuracy_value', 'NONE');
#10684 = DIRECTION ( 'NONE',  ( 0.0000000000000000000, 0.0000000000000000000, -1.000000000000000000 ) ) ;
#10685 =( GEOMETRIC_REPRESENTATION_CONTEXT ( 3 ) GLOBAL_UNCERTAINTY_ASSIGNED_CONTEXT ( ( #3773 ) ) GLOBAL_UNIT_ASSIGNED_CONTEXT ( ( #11877, #8988, #1369 ) ) REPRESENTATION_CONTEXT ( 'NONE', 'WORKASPACE' ) );
#10686 = PRESENTATION_LAYER_ASSIGNMENT (  '', '', ( #1703 ) ) ;
#10687 = EDGE_LOOP ( 'NONE', ( #8550, #9889, #2848, #1849 ) ) ;
#10688 = VERTEX_POINT ( 'NONE', #5371 ) ;
#10689 = CARTESIAN_POINT ( 'NONE',  ( -51.49641088531117106, 2.992374371523319088, -14.99999954204925778 ) ) ;
#10690 = VECTOR ( 'NONE', #3977, 1000.000000000000000 ) ;
#10691 = CARTESIAN_POINT ( 'NONE',  ( -27.19127246753859950, 1.800000000002909939, 5.500000000000079048 ) ) ;
#10692 = ADVANCED_FACE ( 'NONE', ( #8127, #3615 ), #4585, .T. ) ;
#10693 = ORIENTED_EDGE ( 'NONE', *, *, #4188, .F. ) ;
#10694 = UNCERTAINTY_MEASURE_WITH_UNIT (LENGTH_MEASURE( 1.000000000000000082E-05 ), #10593, 'distance_accuracy_value', 'NONE');
#10695 = DIRECTION ( 'NONE',  ( 0.01744974916068485829, 0.9996954598818874604, 0.01744974916068270723 ) ) ;
#10696 = VERTEX_POINT ( 'NONE', #2733 ) ;
#10697 = PRESENTATION_STYLE_ASSIGNMENT (( #1991 ) ) ;
#10698 =( NAMED_UNIT ( * ) PLANE_ANGLE_UNIT ( ) SI_UNIT ( $, .RADIAN. ) );
#10699 = EDGE_LOOP ( 'NONE', ( #3518, #1013, #8982, #2847 ) ) ;
#10700 = FACE_OUTER_BOUND ( 'NONE', #2753, .T. ) ;
#10701 =( LENGTH_UNIT ( ) NAMED_UNIT ( * ) SI_UNIT ( .MILLI., .METRE. ) );
#10702 = DIRECTION ( 'NONE',  ( 0.0000000000000000000, 0.0000000000000000000, -1.000000000000000000 ) ) ;
#10703 = CARTESIAN_POINT ( 'NONE',  ( -26.50000000000000000, 2.000000000000000000, 6.899999999999999467 ) ) ;
#10704 = PRESENTATION_STYLE_ASSIGNMENT (( #19 ) ) ;
#10705 =( NAMED_UNIT ( * ) SI_UNIT ( $, .STERADIAN. ) SOLID_ANGLE_UNIT ( ) );
#10706 = DIRECTION ( 'NONE',  ( 0.0000000000000000000, 0.0000000000000000000, 1.000000000000000000 ) ) ;
#10707 = LINE ( 'NONE', #808, #5474 ) ;
#10708 = ORIENTED_EDGE ( 'NONE', *, *, #11033, .F. ) ;
#10709 = PRESENTATION_LAYER_ASSIGNMENT (  '', '', ( #2133 ) ) ;
#10710 = STYLED_ITEM ( 'NONE', ( #8450 ), #9532 ) ;
#10711 = EDGE_LOOP ( 'NONE', ( #5204, #4237, #7296, #9615 ) ) ;
#10712 = ORIENTED_EDGE ( 'NONE', *, *, #8925, .F. ) ;
#10713 = VECTOR ( 'NONE', #8424, 1000.000000000000114 ) ;
#10714 = CIRCLE ( 'NONE', #675, 3.502943725166005162 ) ;
#10715 =( LENGTH_UNIT ( ) NAMED_UNIT ( * ) SI_UNIT ( .MILLI., .METRE. ) );
#10716 =( NAMED_UNIT ( * ) PLANE_ANGLE_UNIT ( ) SI_UNIT ( $, .RADIAN. ) );
#10717 = CARTESIAN_POINT ( 'NONE',  ( -51.37517095668388833, 2.999999986566422194, -14.70943646769122282 ) ) ;
#10718 = EDGE_CURVE ( 'NONE', #5841, #5491, #8862, .T. ) ;
#10719 = CARTESIAN_POINT ( 'NONE',  ( -68.60321982055950230, 0.7999999999999999334, -13.16508987014356080 ) ) ;
#10720 = VERTEX_POINT ( 'NONE', #3026 ) ;
#10721 =( GEOMETRIC_REPRESENTATION_CONTEXT ( 3 ) GLOBAL_UNCERTAINTY_ASSIGNED_CONTEXT ( ( #7681 ) ) GLOBAL_UNIT_ASSIGNED_CONTEXT ( ( #3901, #1958, #11329 ) ) REPRESENTATION_CONTEXT ( 'NONE', 'WORKASPACE' ) );
#10722 = ORIENTED_EDGE ( 'NONE', *, *, #11532, .T. ) ;
#10723 = DIRECTION ( 'NONE',  ( 0.01745240643729265365, -0.9998476951563911586, 0.0000000000000000000 ) ) ;
#10724 = AXIS2_PLACEMENT_3D ( 'NONE', #165, #4910, #5876 ) ;
#10725 = STYLED_ITEM ( 'NONE', ( #1493 ), #10256 ) ;
#10726 = CARTESIAN_POINT ( 'NONE',  ( -51.29999999999999716, -0.1000000000000000472, -10.00000000000000000 ) ) ;
#10727 = CARTESIAN_POINT ( 'NONE',  ( 37.47618512322014794, 3.500000000000000000, 1.214509626374344009 ) ) ;
#10728 = DIRECTION ( 'NONE',  ( -0.8635884396940863850, 0.0000000000000000000, 0.5041973887543780286 ) ) ;
#10729 = CARTESIAN_POINT ( 'NONE',  ( -50.66508987014370291, 0.7999999999960590857, -6.700000000000000178 ) ) ;
#10730 = COLOUR_RGB ( '',0.7529411764705882248, 0.7529411764705882248, 0.7529411764705882248 ) ;
#10731 = FILL_AREA_STYLE ('',( #4981 ) ) ;
#10732 =( NAMED_UNIT ( * ) PLANE_ANGLE_UNIT ( ) SI_UNIT ( $, .RADIAN. ) );
#10733 = DIRECTION ( 'NONE',  ( 0.0000000000000000000, 0.0000000000000000000, 1.000000000000000000 ) ) ;
#10734 = CARTESIAN_POINT ( 'NONE',  ( 47.65810784417229939, 1.200000000000484901, 4.891892155827729738 ) ) ;
#10735 =( GEOMETRIC_REPRESENTATION_CONTEXT ( 3 ) GLOBAL_UNCERTAINTY_ASSIGNED_CONTEXT ( ( #612 ) ) GLOBAL_UNIT_ASSIGNED_CONTEXT ( ( #2556, #10985, #3360 ) ) REPRESENTATION_CONTEXT ( 'NONE', 'WORKASPACE' ) );
#10736 = FACE_OUTER_BOUND ( 'NONE', #1620, .T. ) ;
#10737 =( GEOMETRIC_REPRESENTATION_CONTEXT ( 3 ) GLOBAL_UNCERTAINTY_ASSIGNED_CONTEXT ( ( #2996 ) ) GLOBAL_UNIT_ASSIGNED_CONTEXT ( ( #4731, #5641, #7525 ) ) REPRESENTATION_CONTEXT ( 'NONE', 'WORKASPACE' ) );
#10738 = PRESENTATION_LAYER_ASSIGNMENT (  '', '', ( #4525 ) ) ;
#10739 = DIRECTION ( 'NONE',  ( -1.000000000000000000, -3.107852989199374828E-19, 1.780487785052724722E-17 ) ) ;
#10740 = CARTESIAN_POINT ( 'NONE',  ( 23.50000000000000000, 2.000000000000000000, 4.299999999999999822 ) ) ;
#10741 = EDGE_CURVE ( 'NONE', #11943, #9138, #2418, .T. ) ;
#10742 = SURFACE_STYLE_USAGE ( .BOTH. , #135 ) ;
#10743 = FILL_AREA_STYLE_COLOUR ( '', #9928 ) ;
#10744 = COLOUR_RGB ( '',0.7529411764705882248, 0.7529411764705882248, 0.7529411764705882248 ) ;
#10745 = EDGE_CURVE ( 'NONE', #2999, #4962, #8423, .T. ) ;
#10746 = FILL_AREA_STYLE_COLOUR ( '', #3838 ) ;
#10747 = SURFACE_STYLE_FILL_AREA ( #3067 ) ;
#10748 = EDGE_LOOP ( 'NONE', ( #11681, #5865 ) ) ;
#10749 = COLOUR_RGB ( '',0.7529411764705882248, 0.7529411764705882248, 0.7529411764705882248 ) ;
#10750 = VECTOR ( 'NONE', #11127, 1000.000000000000000 ) ;
#10751 = CARTESIAN_POINT ( 'NONE',  ( 20.94280904158209822, 3.500000000000000000, -11.66666666666666075 ) ) ;
#10752 = ADVANCED_FACE ( 'NONE', ( #11076 ), #88, .T. ) ;
#10753 = PLANE ( 'NONE',  #12062 ) ;
#10754 = CARTESIAN_POINT ( 'NONE',  ( -51.29289321881350361, 3.000000000000000444, -14.37954930904470174 ) ) ;
#10755 = EDGE_LOOP ( 'NONE', ( #5991, #7049, #12073, #12270 ) ) ;
#10756 =( NAMED_UNIT ( * ) SI_UNIT ( $, .STERADIAN. ) SOLID_ANGLE_UNIT ( ) );
#10757 = SURFACE_STYLE_FILL_AREA ( #7825 ) ;
#10758 = STYLED_ITEM ( 'NONE', ( #9404 ), #1589 ) ;
#10759 = MECHANICAL_DESIGN_GEOMETRIC_PRESENTATION_REPRESENTATION (  '', ( #9892 ), #11404 ) ;
#10760 = ORIENTED_EDGE ( 'NONE', *, *, #12166, .F. ) ;
#10761 = VERTEX_POINT ( 'NONE', #5668 ) ;
#10762 = EDGE_LOOP ( 'NONE', ( #11895, #3304, #10314, #1354, #10940 ) ) ;
#10763 = VECTOR ( 'NONE', #6631, 1000.000000000000000 ) ;
#10765 = ORIENTED_EDGE ( 'NONE', *, *, #7321, .T. ) ;
#10764 = SURFACE_STYLE_USAGE ( .BOTH. , #5094 ) ;
#10766 = CARTESIAN_POINT ( 'NONE',  ( -52.20000000000000284, -0.1000000000000000056, -5.789937738537079603 ) ) ;
#10767 =( NAMED_UNIT ( * ) SI_UNIT ( $, .STERADIAN. ) SOLID_ANGLE_UNIT ( ) );
#10768 = CARTESIAN_POINT ( 'NONE',  ( 24.15000000000000213, 2.299999999999999822, -5.949999999999919353 ) ) ;
#10769 = ORIENTED_EDGE ( 'NONE', *, *, #4530, .F. ) ;
#10770 = CIRCLE ( 'NONE', #33, 1.000000000000000000 ) ;
#10771 = PLANE ( 'NONE',  #9504 ) ;
#10772 = CARTESIAN_POINT ( 'NONE',  ( -51.45618720885270392, 3.018910385801105711, -15.00000087485348921 ) ) ;
#10773 = CARTESIAN_POINT ( 'NONE',  ( -26.50000000000000000, 2.000000000000000000, -5.299999999999999822 ) ) ;
#10774 = ORIENTED_EDGE ( 'NONE', *, *, #7046, .T. ) ;
#10775 = EDGE_LOOP ( 'NONE', ( #3203, #9303, #6901, #8054 ) ) ;
#10776 = CARTESIAN_POINT ( 'NONE',  ( 41.65096347429519597, 3.433012701872514949, -1.381984381437779907 ) ) ;
#10777 = EDGE_LOOP ( 'NONE', ( #1095, #5477, #11079, #11596 ) ) ;
#10778 = STYLED_ITEM ( 'NONE', ( #777 ), #937 ) ;
#10779 = CONICAL_SURFACE ( 'NONE', #3678, 0.6912724675376229477, 0.01745329252031053643 ) ;
#10780 = DIRECTION ( 'NONE',  ( 0.0000000000000000000, 0.0000000000000000000, -1.000000000000000000 ) ) ;
#10781 = CARTESIAN_POINT ( 'NONE',  ( -52.20000000000000284, -1.199999999999999956, -5.599632742307179889 ) ) ;
#10782 = CARTESIAN_POINT ( 'NONE',  ( -52.20000000000000284, -0.1000000000000000056, -5.599632742307179889 ) ) ;
#10783 = DIRECTION ( 'NONE',  ( 0.7071067812066450520, 0.7071067811664500935, -5.847391806783550623E-16 ) ) ;
#10784 = ORIENTED_EDGE ( 'NONE', *, *, #9646, .T. ) ;
#10785 = SURFACE_STYLE_USAGE ( .BOTH. , #2094 ) ;
#10786 = DIRECTION ( 'NONE',  ( -1.000000000000000000, 0.0000000000000000000, 0.0000000000000000000 ) ) ;
#10787 = SURFACE_STYLE_FILL_AREA ( #7159 ) ;
#10788 = EDGE_CURVE ( 'NONE', #3327, #4083, #131, .T. ) ;
#10789 = MECHANICAL_DESIGN_GEOMETRIC_PRESENTATION_REPRESENTATION (  '', ( #7140 ), #11822 ) ;
#10791 = UNCERTAINTY_MEASURE_WITH_UNIT (LENGTH_MEASURE( 1.000000000000000082E-05 ), #5451, 'distance_accuracy_value', 'NONE');
#10790 =( NAMED_UNIT ( * ) PLANE_ANGLE_UNIT ( ) SI_UNIT ( $, .RADIAN. ) );
#10792 = STYLED_ITEM ( 'NONE', ( #11248 ), #10076 ) ;
#10793 =( NAMED_UNIT ( * ) PLANE_ANGLE_UNIT ( ) SI_UNIT ( $, .RADIAN. ) );
#10794 = ORIENTED_EDGE ( 'NONE', *, *, #9631, .T. ) ;
#10795 = CARTESIAN_POINT ( 'NONE',  ( 51.29999999999999716, -1.199999999999999956, -13.79999999999999893 ) ) ;
#10796 = SURFACE_STYLE_FILL_AREA ( #10824 ) ;
#10797 = EDGE_CURVE ( 'NONE', #8234, #12340, #6344, .T. ) ;
#10798 = SURFACE_STYLE_USAGE ( .BOTH. , #4139 ) ;
#10799 = DIRECTION ( 'NONE',  ( 0.0000000000000000000, 0.0000000000000000000, 1.000000000000000000 ) ) ;
#10800 = DIRECTION ( 'NONE',  ( 1.000000000000000000, 0.0000000000000000000, 0.0000000000000000000 ) ) ;
#10801 = AXIS2_PLACEMENT_3D ( 'NONE', #7314, #11956, #6417 ) ;
#10802 = DIRECTION ( 'NONE',  ( 0.0000000000000000000, 0.0000000000000000000, 1.000000000000000000 ) ) ;
#10803 =( GEOMETRIC_REPRESENTATION_CONTEXT ( 3 ) GLOBAL_UNCERTAINTY_ASSIGNED_CONTEXT ( ( #2840 ) ) GLOBAL_UNIT_ASSIGNED_CONTEXT ( ( #1128, #11670, #8895 ) ) REPRESENTATION_CONTEXT ( 'NONE', 'WORKASPACE' ) );
#10804 = SURFACE_SIDE_STYLE ('',( #9325 ) ) ;
#10805 = LINE ( 'NONE', #7378, #5907 ) ;
#10806 = DIRECTION ( 'NONE',  ( 0.0000000000000000000, 0.0000000000000000000, 1.000000000000000000 ) ) ;
#10807 = VERTEX_POINT ( 'NONE', #8466 ) ;
#10808 = AXIS2_PLACEMENT_3D ( 'NONE', #11755, #4060, #10728 ) ;
#10809 = COLOUR_RGB ( '',0.7529411764705882248, 0.7529411764705882248, 0.7529411764705882248 ) ;
#10810 = CARTESIAN_POINT ( 'NONE',  ( 47.50000000000000000, 2.146446609406740258, 10.00000000000000000 ) ) ;
#10811 = ADVANCED_FACE ( 'NONE', ( #10045 ), #5418, .T. ) ;
#10812 = CARTESIAN_POINT ( 'NONE',  ( -24.82145896684054875, -1.200000000016030022, 4.849999999999820233 ) ) ;
#10813 = EDGE_CURVE ( 'NONE', #9826, #1808, #2261, .T. ) ;
#10814 = DIRECTION ( 'NONE',  ( 0.0000000000000000000, -1.000000000000000000, 0.0000000000000000000 ) ) ;
#10815 = EDGE_CURVE ( 'NONE', #8193, #11703, #4219, .T. ) ;
#10816 = DIRECTION ( 'NONE',  ( 0.0000000000000000000, 1.000000000000000000, 0.0000000000000000000 ) ) ;
#10817 = DIRECTION ( 'NONE',  ( 5.421010862433180275E-16, -1.000000000000000000, 3.388131789020739521E-17 ) ) ;
#10818 = CARTESIAN_POINT ( 'NONE',  ( -47.50000000000000000, 1.792893218813470080, 10.00000000000000000 ) ) ;
#10819 =( NAMED_UNIT ( * ) SI_UNIT ( $, .STERADIAN. ) SOLID_ANGLE_UNIT ( ) );
#10820 = ORIENTED_EDGE ( 'NONE', *, *, #10906, .F. ) ;
#10821 =( NAMED_UNIT ( * ) SI_UNIT ( $, .STERADIAN. ) SOLID_ANGLE_UNIT ( ) );
#10822 = PRESENTATION_LAYER_ASSIGNMENT (  '', '', ( #9787 ) ) ;
#10823 = CARTESIAN_POINT ( 'NONE',  ( -24.19550677441717923, 2.061124098235693758, -11.34373277314315054 ) ) ;
#10824 = FILL_AREA_STYLE ('',( #7059 ) ) ;
#10825 = CARTESIAN_POINT ( 'NONE',  ( 24.14418161930590045, 1.966665193280604962, 2.277604327033084797 ) ) ;
#10826 = ORIENTED_EDGE ( 'NONE', *, *, #4843, .T. ) ;
#10827 = PRESENTATION_STYLE_ASSIGNMENT (( #4101 ) ) ;
#10828 = CIRCLE ( 'NONE', #12029, 1.758107844171619805 ) ;
#10829 = MECHANICAL_DESIGN_GEOMETRIC_PRESENTATION_REPRESENTATION (  '', ( #2017 ), #2507 ) ;
#10830 =( NAMED_UNIT ( * ) SI_UNIT ( $, .STERADIAN. ) SOLID_ANGLE_UNIT ( ) );
#10831 = EDGE_CURVE ( 'NONE', #5491, #8979, #11371, .T. ) ;
#10832 = ORIENTED_EDGE ( 'NONE', *, *, #6863, .T. ) ;
#10833 = CARTESIAN_POINT ( 'NONE',  ( 26.50000000000000000, -0.2000000000000000389, -13.19999999999999929 ) ) ;
#10834 = EDGE_CURVE ( 'NONE', #891, #3608, #5564, .T. ) ;
#10835 = VERTEX_POINT ( 'NONE', #5961 ) ;
#10836 = UNCERTAINTY_MEASURE_WITH_UNIT (LENGTH_MEASURE( 1.000000000000000082E-05 ), #8188, 'distance_accuracy_value', 'NONE');
#10837 = VERTEX_POINT ( 'NONE', #6934 ) ;
#10838 = STYLED_ITEM ( 'NONE', ( #5999 ), #4581 ) ;
#10839 = EDGE_LOOP ( 'NONE', ( #1784, #4459, #9596, #7355 ) ) ;
#10840 = UNCERTAINTY_MEASURE_WITH_UNIT (LENGTH_MEASURE( 1.000000000000000082E-05 ), #6922, 'distance_accuracy_value', 'NONE');
#10841 = PLANE ( 'NONE',  #3372 ) ;
#10842 = DIRECTION ( 'NONE',  ( 1.000000000000000000, 0.0000000000000000000, 0.0000000000000000000 ) ) ;
#10843 = DIRECTION ( 'NONE',  ( 1.000000000000000000, 3.244917927073274869E-19, -1.859012235369910141E-17 ) ) ;
#10844 = VERTEX_POINT ( 'NONE', #6053 ) ;
#10845 = PRESENTATION_LAYER_ASSIGNMENT (  '', '', ( #5339 ) ) ;
#10846 =( GEOMETRIC_REPRESENTATION_CONTEXT ( 3 ) GLOBAL_UNCERTAINTY_ASSIGNED_CONTEXT ( ( #2681 ) ) GLOBAL_UNIT_ASSIGNED_CONTEXT ( ( #2013, #10590, #9683 ) ) REPRESENTATION_CONTEXT ( 'NONE', 'WORKASPACE' ) );
#10847 = VECTOR ( 'NONE', #6403, 1000.000000000000000 ) ;
#10848 = CARTESIAN_POINT ( 'NONE',  ( -51.57287745870456064, 2.927122541295474889, -14.99997121106334674 ) ) ;
#10849 = TOROIDAL_SURFACE ( 'NONE', #7469, 1.199999999999999956, 0.2000000000000000111 ) ;
#10850 = CARTESIAN_POINT ( 'NONE',  ( -68.60321982055950230, -1.200000000000000178, 13.20000000000020002 ) ) ;
#10851 = FILL_AREA_STYLE_COLOUR ( '', #2202 ) ;
#10852 =( NAMED_UNIT ( * ) SI_UNIT ( $, .STERADIAN. ) SOLID_ANGLE_UNIT ( ) );
#10853 = COLOUR_RGB ( '',0.7529411764705882248, 0.7529411764705882248, 0.7529411764705882248 ) ;
#10854 = ORIENTED_EDGE ( 'NONE', *, *, #1933, .T. ) ;
#10855 = DIRECTION ( 'NONE',  ( -0.0000000000000000000, 0.7071067811865480168, 0.7071067811865470176 ) ) ;
#10856 = VERTEX_POINT ( 'NONE', #6006 ) ;
#10857 = EDGE_CURVE ( 'NONE', #6927, #7422, #12257, .T. ) ;
#10858 = CARTESIAN_POINT ( 'NONE',  ( -47.50000000000000000, 0.7999999999881769464, 10.00000000000000000 ) ) ;
#10859 = DIRECTION ( 'NONE',  ( -1.524970082507730041E-15, 0.0000000000000000000, -1.000000000000000000 ) ) ;
#10860 = COLOUR_RGB ( '',0.7529411764705882248, 0.7529411764705882248, 0.7529411764705882248 ) ;
#10861 = PRESENTATION_STYLE_ASSIGNMENT (( #10492 ) ) ;
#10862 = MECHANICAL_DESIGN_GEOMETRIC_PRESENTATION_REPRESENTATION (  '', ( #10224 ), #6814 ) ;
#10863 = FACE_OUTER_BOUND ( 'NONE', #9064, .T. ) ;
#10865 = UNCERTAINTY_MEASURE_WITH_UNIT (LENGTH_MEASURE( 1.000000000000000082E-05 ), #8367, 'distance_accuracy_value', 'NONE');
#10864 = AXIS2_PLACEMENT_3D ( 'NONE', #4855, #8701, #11511 ) ;
#10866 = DIRECTION ( 'NONE',  ( 0.0000000000000000000, -0.7071067811865475727, 0.7071067811865475727 ) ) ;
#10867 = VERTEX_POINT ( 'NONE', #11724 ) ;
#10868 = CARTESIAN_POINT ( 'NONE',  ( -52.49999999999749889, -1.700000000002515055, -14.99999999999749889 ) ) ;
#10869 = ADVANCED_FACE ( 'NONE', ( #10182 ), #8798, .T. ) ;
#10870 = COLOUR_RGB ( '',0.7529411764705882248, 0.7529411764705882248, 0.7529411764705882248 ) ;
#10871 = CONICAL_SURFACE ( 'NONE', #9330, 2.234910129853564964, 0.01745329252020236602 ) ;
#10872 = PLANE ( 'NONE',  #7550 ) ;
#10873 = EDGE_CURVE ( 'NONE', #635, #399, #1645, .T. ) ;
#10874 = AXIS2_PLACEMENT_3D ( 'NONE', #10115, #2431, #4249 ) ;
#10875 = STYLED_ITEM ( 'NONE', ( #11446 ), #8948 ) ;
#10876 = AXIS2_PLACEMENT_3D ( 'NONE', #6261, #11019, #1427 ) ;
#10877 = VECTOR ( 'NONE', #4322, 1000.000000000000000 ) ;
#10878 = PRESENTATION_STYLE_ASSIGNMENT (( #11845 ) ) ;
#10879 = FILL_AREA_STYLE_COLOUR ( '', #1413 ) ;
#10880 = CARTESIAN_POINT ( 'NONE',  ( -26.56915254255615011, 0.3761633795599801378, -7.072496010924913534 ) ) ;
#10882 = ADVANCED_FACE ( 'NONE', ( #10338 ), #4677, .T. ) ;
#10881 = DIRECTION ( 'NONE',  ( -2.580692394601670105E-16, -4.504615330752949654E-18, -1.000000000000000000 ) ) ;
#10883 = FACE_OUTER_BOUND ( 'NONE', #3146, .T. ) ;
#10884 = ORIENTED_EDGE ( 'NONE', *, *, #12412, .T. ) ;
#10885 = EDGE_CURVE ( 'NONE', #2063, #8533, #6179, .T. ) ;
#10886 = DIRECTION ( 'NONE',  ( 0.0000000000000000000, 0.0000000000000000000, 1.000000000000000000 ) ) ;
#10887 = CARTESIAN_POINT ( 'NONE',  ( -51.57294122709459572, 2.927058772905405171, -15.00000000000000000 ) ) ;
#10888 =( NAMED_UNIT ( * ) SI_UNIT ( $, .STERADIAN. ) SOLID_ANGLE_UNIT ( ) );
#10889 = FILL_AREA_STYLE ('',( #291 ) ) ;
#10890 =( NAMED_UNIT ( * ) SI_UNIT ( $, .STERADIAN. ) SOLID_ANGLE_UNIT ( ) );
#10891 = COLOUR_RGB ( '',0.7529411764705882248, 0.7529411764705882248, 0.7529411764705882248 ) ;
#10892 = MECHANICAL_DESIGN_GEOMETRIC_PRESENTATION_REPRESENTATION (  '', ( #10507 ), #6290 ) ;
#10893 = ORIENTED_EDGE ( 'NONE', *, *, #3472, .F. ) ;
#10894 = SURFACE_STYLE_FILL_AREA ( #2466 ) ;
#10895 = PRESENTATION_LAYER_ASSIGNMENT (  '', '', ( #7416 ) ) ;
#10896 = LINE ( 'NONE', #4033, #8380 ) ;
#10897 = STYLED_ITEM ( 'NONE', ( #3898 ), #11614 ) ;
#10898 =( NAMED_UNIT ( * ) PLANE_ANGLE_UNIT ( ) SI_UNIT ( $, .RADIAN. ) );
#10900 = ORIENTED_EDGE ( 'NONE', *, *, #10643, .F. ) ;
#10899 = FILL_AREA_STYLE_COLOUR ( '', #12272 ) ;
#10901 = CARTESIAN_POINT ( 'NONE',  ( -25.98295699853268914, 0.005018423116682328017, -7.002412135572738450 ) ) ;
#10902 = ORIENTED_EDGE ( 'NONE', *, *, #4360, .F. ) ;
#10904 = ORIENTED_EDGE ( 'NONE', *, *, #11390, .T. ) ;
#10903 = CONICAL_SURFACE ( 'NONE', #213, 3.199999999997302336, 0.01745329252059677969 ) ;
#10905 =( NAMED_UNIT ( * ) PLANE_ANGLE_UNIT ( ) SI_UNIT ( $, .RADIAN. ) );
#10906 = EDGE_CURVE ( 'NONE', #3003, #4038, #6492, .T. ) ;
#10907 = CARTESIAN_POINT ( 'NONE',  ( -22.93049677876542347, 2.278954687199918006, -10.47716946811761218 ) ) ;
#10908 = ORIENTED_EDGE ( 'NONE', *, *, #4924, .F. ) ;
#10909 = CARTESIAN_POINT ( 'NONE',  ( 47.50000000000000000, 2.853553390563229986, 14.14644660938241927 ) ) ;
#10910 = DIRECTION ( 'NONE',  ( 0.8635884396940803898, 0.0000000000000000000, -0.5041973887543883537 ) ) ;
#10911 = EDGE_CURVE ( 'NONE', #2702, #10975, #3606, .T. ) ;
#10912 = ORIENTED_EDGE ( 'NONE', *, *, #5323, .T. ) ;
#10913 = DIRECTION ( 'NONE',  ( 1.000000000000000000, 0.0000000000000000000, 0.0000000000000000000 ) ) ;
#10914 = CARTESIAN_POINT ( 'NONE',  ( -36.45270339620899591, 3.066987298098524661, 10.54286531264563997 ) ) ;
#10915 =( GEOMETRIC_REPRESENTATION_CONTEXT ( 3 ) GLOBAL_UNCERTAINTY_ASSIGNED_CONTEXT ( ( #2347 ) ) GLOBAL_UNIT_ASSIGNED_CONTEXT ( ( #6468, #5518, #3628 ) ) REPRESENTATION_CONTEXT ( 'NONE', 'WORKASPACE' ) );
#10916 = ORIENTED_EDGE ( 'NONE', *, *, #2508, .F. ) ;
#10917 = ORIENTED_EDGE ( 'NONE', *, *, #11682, .F. ) ;
#10918 = DIRECTION ( 'NONE',  ( -1.000000000000000000, 0.0000000000000000000, 0.0000000000000000000 ) ) ;
#10919 = EDGE_LOOP ( 'NONE', ( #6086, #11540, #11657, #12230 ) ) ;
#10920 = VERTEX_POINT ( 'NONE', #4156 ) ;
#10921 = ORIENTED_EDGE ( 'NONE', *, *, #10037, .T. ) ;
#10922 = CARTESIAN_POINT ( 'NONE',  ( -51.29999999999999716, -0.1000000000000000472, -7.200000000000000178 ) ) ;
#10923 = STYLED_ITEM ( 'NONE', ( #8053 ), #1786 ) ;
#10924 = AXIS2_PLACEMENT_3D ( 'NONE', #367, #5348, #11007 ) ;
#10925 = COLOUR_RGB ( '',0.7529411764705882248, 0.7529411764705882248, 0.7529411764705882248 ) ;
#10926 = ORIENTED_EDGE ( 'NONE', *, *, #9796, .F. ) ;
#10927 = SURFACE_STYLE_USAGE ( .BOTH. , #4262 ) ;
#10928 = LINE ( 'NONE', #11271, #125 ) ;
#10929 = DIRECTION ( 'NONE',  ( 7.228014483223830234E-16, 1.000000000000000000, -6.023345402686539164E-17 ) ) ;
#10930 = CARTESIAN_POINT ( 'NONE',  ( -26.63671426764546624, -0.6173073168005442923, -7.085774175899524074 ) ) ;
#10931 = DIRECTION ( 'NONE',  ( 0.5492864297670906337, 0.0000000000000000000, -0.8356341412805743385 ) ) ;
#10932 = COLOUR_RGB ( '',0.7529411764705882248, 0.7529411764705882248, 0.7529411764705882248 ) ;
#10933 = CARTESIAN_POINT ( 'NONE',  ( 23.50000000000000000, 1.199999999999999956, -6.700000000000000178 ) ) ;
#10934 = CARTESIAN_POINT ( 'NONE',  ( 23.50000000000000000, -1.200000000021375079, 5.500000000000000000 ) ) ;
#10935 = CARTESIAN_POINT ( 'NONE',  ( 23.50000000000000000, -1.200000000000000178, 5.500000000000000000 ) ) ;
#10936 = CARTESIAN_POINT ( 'NONE',  ( -47.10000000000000142, -1.200000000000000178, -7.050806661529700037 ) ) ;
#10937 = ADVANCED_FACE ( 'NONE', ( #7212 ), #7888, .T. ) ;
#10938 = FILL_AREA_STYLE ('',( #9033 ) ) ;
#10939 = PRESENTATION_STYLE_ASSIGNMENT (( #2682 ) ) ;
#10940 = ORIENTED_EDGE ( 'NONE', *, *, #219, .T. ) ;
#10941 = STYLED_ITEM ( 'NONE', ( #4328 ), #1522 ) ;
#10942 = VERTEX_POINT ( 'NONE', #2209 ) ;
#10943 =( NAMED_UNIT ( * ) PLANE_ANGLE_UNIT ( ) SI_UNIT ( $, .RADIAN. ) );
#10944 = TOROIDAL_SURFACE ( 'NONE', #3117, 1.000000000000000000, 0.2000000000000000111 ) ;
#10945 = DIRECTION ( 'NONE',  ( 1.000000000000000000, 0.0000000000000000000, -9.637352644308984095E-16 ) ) ;
#10946 =( LENGTH_UNIT ( ) NAMED_UNIT ( * ) SI_UNIT ( .MILLI., .METRE. ) );
#10947 =( NAMED_UNIT ( * ) PLANE_ANGLE_UNIT ( ) SI_UNIT ( $, .RADIAN. ) );
#10948 = UNCERTAINTY_MEASURE_WITH_UNIT (LENGTH_MEASURE( 1.000000000000000082E-05 ), #2142, 'distance_accuracy_value', 'NONE');
#10949 = UNCERTAINTY_MEASURE_WITH_UNIT (LENGTH_MEASURE( 1.000000000000000082E-05 ), #2330, 'distance_accuracy_value', 'NONE');
#10950 = CARTESIAN_POINT ( 'NONE',  ( -49.73491012985630277, 0.7999999999999999334, 10.00000000000000000 ) ) ;
#10951 = ADVANCED_FACE ( 'NONE', ( #9455 ), #10354, .T. ) ;
#10952 = DIRECTION ( 'NONE',  ( 1.000000000000000000, 8.633617366028544006E-16, 0.0000000000000000000 ) ) ;
#10953 = ORIENTED_EDGE ( 'NONE', *, *, #10979, .T. ) ;
#10954 = EDGE_CURVE ( 'NONE', #5714, #2711, #10047, .T. ) ;
#10955 = MECHANICAL_DESIGN_GEOMETRIC_PRESENTATION_REPRESENTATION (  '', ( #8415 ), #12216 ) ;
#10956 =( GEOMETRIC_REPRESENTATION_CONTEXT ( 3 ) GLOBAL_UNCERTAINTY_ASSIGNED_CONTEXT ( ( #9199 ) ) GLOBAL_UNIT_ASSIGNED_CONTEXT ( ( #3634, #6557, #2719 ) ) REPRESENTATION_CONTEXT ( 'NONE', 'WORKASPACE' ) );
#10957 = CARTESIAN_POINT ( 'NONE',  ( -50.66508987014359633, 0.7999999999999999334, 21.39567676978599664 ) ) ;
#10958 = STYLED_ITEM ( 'NONE', ( #11533 ), #10260 ) ;
#10959 = CARTESIAN_POINT ( 'NONE',  ( 23.50000000000000000, 1.799999999946064966, 5.500000000000079048 ) ) ;
#10960 = CIRCLE ( 'NONE', #7487, 0.8000000000000003775 ) ;
#10961 = FILL_AREA_STYLE ('',( #7147 ) ) ;
#10962 = LINE ( 'NONE', #9865, #8448 ) ;
#10963 = ORIENTED_EDGE ( 'NONE', *, *, #11982, .T. ) ;
#10964 =( NAMED_UNIT ( * ) SI_UNIT ( $, .STERADIAN. ) SOLID_ANGLE_UNIT ( ) );
#10965 = CARTESIAN_POINT ( 'NONE',  ( -31.16647007520095158, 2.300000000054560179, 11.74002225279743961 ) ) ;
#10966 = DIRECTION ( 'NONE',  ( 0.8949302840432591388, 0.4462059913338811135, 0.0000000000000000000 ) ) ;
#10967 = STYLED_ITEM ( 'NONE', ( #12005 ), #2611 ) ;
#10968 =( GEOMETRIC_REPRESENTATION_CONTEXT ( 3 ) GLOBAL_UNCERTAINTY_ASSIGNED_CONTEXT ( ( #5218 ) ) GLOBAL_UNIT_ASSIGNED_CONTEXT ( ( #2782, #3562, #3732 ) ) REPRESENTATION_CONTEXT ( 'NONE', 'WORKASPACE' ) );
#10969 = CARTESIAN_POINT ( 'NONE',  ( -26.50000000000000000, -0.3069809625912964801, -5.299999999999919886 ) ) ;
#10970 = FILL_AREA_STYLE ('',( #3261 ) ) ;
#10971 = PRESENTATION_LAYER_ASSIGNMENT (  '', '', ( #3309 ) ) ;
#10972 = CARTESIAN_POINT ( 'NONE',  ( -47.50000000000000000, -1.200000000021375079, 10.00000000000000000 ) ) ;
#10973 = SURFACE_SIDE_STYLE ('',( #1421 ) ) ;
#10974 = FACE_OUTER_BOUND ( 'NONE', #9798, .T. ) ;
#10975 = VERTEX_POINT ( 'NONE', #7009 ) ;
#10976 =( NAMED_UNIT ( * ) SI_UNIT ( $, .STERADIAN. ) SOLID_ANGLE_UNIT ( ) );
#10977 = EDGE_CURVE ( 'NONE', #8863, #8892, #7977, .T. ) ;
#10978 = COLOUR_RGB ( '',0.7529411764705882248, 0.7529411764705882248, 0.7529411764705882248 ) ;
#10979 = EDGE_CURVE ( 'NONE', #10835, #8690, #5281, .T. ) ;
#10980 = CARTESIAN_POINT ( 'NONE',  ( -27.14127246753589873, 1.800000000000000044, 15.00000000000000000 ) ) ;
#10981 = ORIENTED_EDGE ( 'NONE', *, *, #1977, .F. ) ;
#10982 = SURFACE_STYLE_USAGE ( .BOTH. , #4155 ) ;
#10983 = DIRECTION ( 'NONE',  ( 0.0000000000000000000, 0.0000000000000000000, 1.000000000000000000 ) ) ;
#10984 =( LENGTH_UNIT ( ) NAMED_UNIT ( * ) SI_UNIT ( .MILLI., .METRE. ) );
#10985 =( NAMED_UNIT ( * ) PLANE_ANGLE_UNIT ( ) SI_UNIT ( $, .RADIAN. ) );
#10986 = ORIENTED_EDGE ( 'NONE', *, *, #2574, .T. ) ;
#10987 = CARTESIAN_POINT ( 'NONE',  ( -26.50000000000000000, 2.000000000000000000, 5.500000000000000000 ) ) ;
#10988 = ORIENTED_EDGE ( 'NONE', *, *, #7978, .F. ) ;
#10989 = SURFACE_SIDE_STYLE ('',( #1383 ) ) ;
#10990 = MECHANICAL_DESIGN_GEOMETRIC_PRESENTATION_REPRESENTATION (  '', ( #9658 ), #10524 ) ;
#10991 = VERTEX_POINT ( 'NONE', #8084 ) ;
#10992 = EDGE_CURVE ( 'NONE', #11693, #7068, #6502, .T. ) ;
#10993 = VECTOR ( 'NONE', #2739, 999.9999999999998863 ) ;
#10994 = PRESENTATION_STYLE_ASSIGNMENT (( #2857 ) ) ;
#10995 = EDGE_LOOP ( 'NONE', ( #6000, #1223, #2250, #11983, #11009, #9321, #5788, #4619, #5846, #6360, #11951, #7949, #1945, #5688, #5011, #9659, #11054, #8389, #9172, #9971 ) ) ;
#10996 = VERTEX_POINT ( 'NONE', #10069 ) ;
#10997 =( GEOMETRIC_REPRESENTATION_CONTEXT ( 3 ) GLOBAL_UNCERTAINTY_ASSIGNED_CONTEXT ( ( #9880 ) ) GLOBAL_UNIT_ASSIGNED_CONTEXT ( ( #539, #1473, #9208 ) ) REPRESENTATION_CONTEXT ( 'NONE', 'WORKASPACE' ) );
#10998 = LINE ( 'NONE', #6437, #8490 ) ;
#10999 = FILL_AREA_STYLE_COLOUR ( '', #4968 ) ;
#11000 = CARTESIAN_POINT ( 'NONE',  ( -27.14127246753589873, 1.800000000000000044, 7.641272467535969781 ) ) ;
#11001 = DIRECTION ( 'NONE',  ( 0.0000000000000000000, 1.000000000000000000, 0.0000000000000000000 ) ) ;
#11002 = ADVANCED_FACE ( 'NONE', ( #7227 ), #9754, .T. ) ;
#11003 = CIRCLE ( 'NONE', #6995, 1.800000000003205258 ) ;
#11004 = MECHANICAL_DESIGN_GEOMETRIC_PRESENTATION_REPRESENTATION (  '', ( #10778 ), #8641 ) ;
#11005 = DIRECTION ( 'NONE',  ( 0.0000000000000000000, 1.000000000000000000, 0.0000000000000000000 ) ) ;
#11006 = EDGE_LOOP ( 'NONE', ( #2879, #6555, #9519, #10402 ) ) ;
#11007 = DIRECTION ( 'NONE',  ( 0.0000000000000000000, 0.0000000000000000000, -1.000000000000000000 ) ) ;
#11008 = SURFACE_SIDE_STYLE ('',( #8932 ) ) ;
#11009 = ORIENTED_EDGE ( 'NONE', *, *, #3237, .F. ) ;
#11010 = DIRECTION ( 'NONE',  ( 0.0000000000000000000, 0.0000000000000000000, 1.000000000000000000 ) ) ;
#11011 = SURFACE_STYLE_FILL_AREA ( #574 ) ;
#11012 = SURFACE_SIDE_STYLE ('',( #472 ) ) ;
#11013 = LINE ( 'NONE', #7549, #12345 ) ;
#11014 = UNCERTAINTY_MEASURE_WITH_UNIT (LENGTH_MEASURE( 1.000000000000000082E-05 ), #5906, 'distance_accuracy_value', 'NONE');
#11015 = PLANE ( 'NONE',  #2787 ) ;
#11016 = CIRCLE ( 'NONE', #5750, 0.2545558999690680779 ) ;
#11017 = EDGE_CURVE ( 'NONE', #5333, #10176, #1663, .T. ) ;
#11018 = DIRECTION ( 'NONE',  ( 0.0000000000000000000, 0.0000000000000000000, 1.000000000000000000 ) ) ;
#11019 = DIRECTION ( 'NONE',  ( 0.0000000000000000000, -1.000000000000000000, 0.0000000000000000000 ) ) ;
#11020 = CARTESIAN_POINT ( 'NONE',  ( -27.13603593061795038, -0.3999990008933039798, 3.831026013145879539 ) ) ;
#11021 = AXIS2_PLACEMENT_3D ( 'NONE', #8754, #6008, #9708 ) ;
#11022 = SURFACE_SIDE_STYLE ('',( #1941 ) ) ;
#11023 = LINE ( 'NONE', #8257, #1432 ) ;
#11024 = CARTESIAN_POINT ( 'NONE',  ( -51.64644660940680154, 2.853553390593275285, -14.37954930904468043 ) ) ;
#11025 =( GEOMETRIC_REPRESENTATION_CONTEXT ( 3 ) GLOBAL_UNCERTAINTY_ASSIGNED_CONTEXT ( ( #77 ) ) GLOBAL_UNIT_ASSIGNED_CONTEXT ( ( #144, #9610, #987 ) ) REPRESENTATION_CONTEXT ( 'NONE', 'WORKASPACE' ) );
#11026 = DIRECTION ( 'NONE',  ( -1.000000000000000000, 0.0000000000000000000, 0.0000000000000000000 ) ) ;
#11027 = LINE ( 'NONE', #10957, #6729 ) ;
#11028 = CARTESIAN_POINT ( 'NONE',  ( 51.64644658503919317, 2.853553414960809942, -14.79657443556842189 ) ) ;
#11029 = ORIENTED_EDGE ( 'NONE', *, *, #8766, .F. ) ;
#11030 = FACE_OUTER_BOUND ( 'NONE', #6565, .T. ) ;
#11031 = CARTESIAN_POINT ( 'NONE',  ( 44.36819777075264426, 1.800000000000045119, 270.4510849563059764 ) ) ;
#11032 = LINE ( 'NONE', #2956, #5377 ) ;
#11033 = EDGE_CURVE ( 'NONE', #7684, #11057, #4694, .T. ) ;
#11034 = STYLED_ITEM ( 'NONE', ( #41 ), #2287 ) ;
#11035 = VERTEX_POINT ( 'NONE', #2338 ) ;
#11036 = FACE_OUTER_BOUND ( 'NONE', #9218, .T. ) ;
#11037 = MECHANICAL_DESIGN_GEOMETRIC_PRESENTATION_REPRESENTATION (  '', ( #7232 ), #11674 ) ;
#11038 = ORIENTED_EDGE ( 'NONE', *, *, #6144, .F. ) ;
#11039 = COLOUR_RGB ( '',0.7529411764705882248, 0.7529411764705882248, 0.7529411764705882248 ) ;
#11040 =( GEOMETRIC_REPRESENTATION_CONTEXT ( 3 ) GLOBAL_UNCERTAINTY_ASSIGNED_CONTEXT ( ( #997 ) ) GLOBAL_UNIT_ASSIGNED_CONTEXT ( ( #3433, #7247, #11812 ) ) REPRESENTATION_CONTEXT ( 'NONE', 'WORKASPACE' ) );
#11041 = CARTESIAN_POINT ( 'NONE',  ( 52.20000000000000284, -1.500000000000000000, -14.69999999999999929 ) ) ;
#11042 = DIRECTION ( 'NONE',  ( -1.000000000000000000, 0.0000000000000000000, 0.0000000000000000000 ) ) ;
#11043 = CARTESIAN_POINT ( 'NONE',  ( -27.03150884269424026, -0.1963868536402031129, -7.001393534325619505 ) ) ;
#11044 = CIRCLE ( 'NONE', #8933, 1.758107844173583567 ) ;
#11045 = VERTEX_POINT ( 'NONE', #1690 ) ;
#11046 = PRESENTATION_STYLE_ASSIGNMENT (( #5718 ) ) ;
#11047 = DIRECTION ( 'NONE',  ( 0.0000000000000000000, 0.0000000000000000000, 1.000000000000000000 ) ) ;
#11048 =( GEOMETRIC_REPRESENTATION_CONTEXT ( 3 ) GLOBAL_UNCERTAINTY_ASSIGNED_CONTEXT ( ( #4164 ) ) GLOBAL_UNIT_ASSIGNED_CONTEXT ( ( #9409, #2835, #12254 ) ) REPRESENTATION_CONTEXT ( 'NONE', 'WORKASPACE' ) );
#11049 = SURFACE_SIDE_STYLE ('',( #10787 ) ) ;
#11050 = CARTESIAN_POINT ( 'NONE',  ( 23.50000000000000000, -1.200000000000000178, -4.500000000000000000 ) ) ;
#11051 = FILL_AREA_STYLE ('',( #8987 ) ) ;
#11052 = ORIENTED_EDGE ( 'NONE', *, *, #5567, .T. ) ;
#11053 = VERTEX_POINT ( 'NONE', #3633 ) ;
#11054 = ORIENTED_EDGE ( 'NONE', *, *, #2105, .F. ) ;
#11055 = AXIS2_PLACEMENT_3D ( 'NONE', #8296, #8138, #5366 ) ;
#11056 = PRESENTATION_STYLE_ASSIGNMENT (( #8615 ) ) ;
#11057 = VERTEX_POINT ( 'NONE', #9036 ) ;
#11058 = ORIENTED_EDGE ( 'NONE', *, *, #3188, .F. ) ;
#11059 = DIRECTION ( 'NONE',  ( -1.000000000000000000, 0.0000000000000000000, 0.0000000000000000000 ) ) ;
#11060 = CARTESIAN_POINT ( 'NONE',  ( 41.97006669071565454, 3.000000000000000000, -0.02124833783019545314 ) ) ;
#11061 = DIRECTION ( 'NONE',  ( -0.5492864297670909668, 0.0000000000000000000, 0.8356341412805741165 ) ) ;
#11062 = EDGE_CURVE ( 'NONE', #6654, #7123, #9013, .T. ) ;
#11063 = ORIENTED_EDGE ( 'NONE', *, *, #5050, .F. ) ;
#11064 = SURFACE_STYLE_USAGE ( .BOTH. , #463 ) ;
#11065 =( NAMED_UNIT ( * ) PLANE_ANGLE_UNIT ( ) SI_UNIT ( $, .RADIAN. ) );
#11066 = UNCERTAINTY_MEASURE_WITH_UNIT (LENGTH_MEASURE( 1.000000000000000082E-05 ), #4317, 'distance_accuracy_value', 'NONE');
#11067 = VECTOR ( 'NONE', #6746, 1000.000000000000000 ) ;
#11068 = ADVANCED_FACE ( 'NONE', ( #4236 ), #3765, .T. ) ;
#11069 = EDGE_CURVE ( 'NONE', #6378, #2698, #892, .T. ) ;
#11070 = ORIENTED_EDGE ( 'NONE', *, *, #2049, .T. ) ;
#11071 = LINE ( 'NONE', #5467, #6025 ) ;
#11072 = DIRECTION ( 'NONE',  ( 0.0000000000000000000, 1.000000000000000000, 0.0000000000000000000 ) ) ;
#11073 = FILL_AREA_STYLE_COLOUR ( '', #6788 ) ;
#11074 = SURFACE_STYLE_FILL_AREA ( #471 ) ;
#11075 = CARTESIAN_POINT ( 'NONE',  ( 51.50498245058658142, 2.995017549414745961, -14.96008205024154591 ) ) ;
#11076 = FACE_OUTER_BOUND ( 'NONE', #8243, .T. ) ;
#11077 = DIRECTION ( 'NONE',  ( -1.000000000000000000, 8.071595432837559989E-19, 0.0000000000000000000 ) ) ;
#11078 = ORIENTED_EDGE ( 'NONE', *, *, #1828, .F. ) ;
#11079 = ORIENTED_EDGE ( 'NONE', *, *, #312, .T. ) ;
#11080 = LINE ( 'NONE', #7240, #3331 ) ;
#11081 = CARTESIAN_POINT ( 'NONE',  ( -44.79932197965934648, -0.4000000000000000222, -10.00000000000000000 ) ) ;
#11082 = AXIS2_PLACEMENT_3D ( 'NONE', #10308, #5517, #6508 ) ;
#11083 = AXIS2_PLACEMENT_3D ( 'NONE', #2621, #4429, #9324 ) ;
#11085 = VECTOR ( 'NONE', #477, 1000.000000000000000 ) ;
#11084 = PRESENTATION_LAYER_ASSIGNMENT (  '', '', ( #5913 ) ) ;
#11086 = TOROIDAL_SURFACE ( 'NONE', #2808, 0.2545558999690690216, 0.4000000000000000222 ) ;
#11087 = CARTESIAN_POINT ( 'NONE',  ( 20.73994205768256549, 3.329835201175634030, -11.32006559529775913 ) ) ;
#11088 =( LENGTH_UNIT ( ) NAMED_UNIT ( * ) SI_UNIT ( .MILLI., .METRE. ) );
#11089 = UNCERTAINTY_MEASURE_WITH_UNIT (LENGTH_MEASURE( 1.000000000000000082E-05 ), #9823, 'distance_accuracy_value', 'NONE');
#11090 = ORIENTED_EDGE ( 'NONE', *, *, #6636, .F. ) ;
#11091 =( NAMED_UNIT ( * ) SI_UNIT ( $, .STERADIAN. ) SOLID_ANGLE_UNIT ( ) );
#11092 = COLOUR_RGB ( '',0.7529411764705882248, 0.7529411764705882248, 0.7529411764705882248 ) ;
#11093 = CARTESIAN_POINT ( 'NONE',  ( -47.50000000000000000, -1.700000000031100189, 14.99999999996890132 ) ) ;
#11094 = EDGE_CURVE ( 'NONE', #1037, #1437, #5731, .T. ) ;
#11095 = SURFACE_STYLE_USAGE ( .BOTH. , #10307 ) ;
#11096 = CARTESIAN_POINT ( 'NONE',  ( 24.15000000000025082, -1.200000000000000178, 21.39567676978599664 ) ) ;
#11097 = SURFACE_STYLE_USAGE ( .BOTH. , #11140 ) ;
#11098 = STYLED_ITEM ( 'NONE', ( #4659 ), #8075 ) ;
#11099 = AXIS2_PLACEMENT_3D ( 'NONE', #1089, #11839, #11010 ) ;
#11100 = CIRCLE ( 'NONE', #8837, 5.000000000000000000 ) ;
#11101 = SURFACE_SIDE_STYLE ('',( #8599 ) ) ;
#11102 = DIRECTION ( 'NONE',  ( 0.0000000000000000000, -1.000000000000000000, 0.0000000000000000000 ) ) ;
#11103 = CARTESIAN_POINT ( 'NONE',  ( 25.65685424949239746, 0.0000000000000000000, -15.00000000000000000 ) ) ;
#11104 = ORIENTED_EDGE ( 'NONE', *, *, #4330, .T. ) ;
#11105 = FACE_OUTER_BOUND ( 'NONE', #10546, .T. ) ;
#11106 =( LENGTH_UNIT ( ) NAMED_UNIT ( * ) SI_UNIT ( .MILLI., .METRE. ) );
#11107 =( NAMED_UNIT ( * ) PLANE_ANGLE_UNIT ( ) SI_UNIT ( $, .RADIAN. ) );
#11108 = CARTESIAN_POINT ( 'NONE',  ( -51.29289321881350361, 3.000000000000000000, -14.37954930904468043 ) ) ;
#11109 = SURFACE_SIDE_STYLE ('',( #6582 ) ) ;
#11110 = EDGE_CURVE ( 'NONE', #8851, #3521, #7704, .T. ) ;
#11111 = STYLED_ITEM ( 'NONE', ( #52 ), #2355 ) ;
#11112 =( NAMED_UNIT ( * ) PLANE_ANGLE_UNIT ( ) SI_UNIT ( $, .RADIAN. ) );
#11113 =( GEOMETRIC_REPRESENTATION_CONTEXT ( 3 ) GLOBAL_UNCERTAINTY_ASSIGNED_CONTEXT ( ( #6071 ) ) GLOBAL_UNIT_ASSIGNED_CONTEXT ( ( #6130, #10943, #9948 ) ) REPRESENTATION_CONTEXT ( 'NONE', 'WORKASPACE' ) );
#11114 = CARTESIAN_POINT ( 'NONE',  ( -52.50000000000000000, 3.000000000000000000, 14.00000000000000000 ) ) ;
#11115 = LINE ( 'NONE', #1379, #6968 ) ;
#11116 = VERTEX_POINT ( 'NONE', #6513 ) ;
#11117 =( GEOMETRIC_REPRESENTATION_CONTEXT ( 3 ) GLOBAL_UNCERTAINTY_ASSIGNED_CONTEXT ( ( #1947 ) ) GLOBAL_UNIT_ASSIGNED_CONTEXT ( ( #2606, #11289, #10162 ) ) REPRESENTATION_CONTEXT ( 'NONE', 'WORKASPACE' ) );
#11118 = CARTESIAN_POINT ( 'NONE',  ( -26.50000000000000000, 1.199999999999999956, -5.299999999999999822 ) ) ;
#11119 = SURFACE_STYLE_FILL_AREA ( #1894 ) ;
#11120 = SURFACE_SIDE_STYLE ('',( #6407 ) ) ;
#11121 = ORIENTED_EDGE ( 'NONE', *, *, #8814, .T. ) ;
#11122 = EDGE_CURVE ( 'NONE', #4420, #1932, #1908, .T. ) ;
#11123 = ADVANCED_FACE ( 'NONE', ( #3474 ), #1516, .T. ) ;
#11124 = ORIENTED_EDGE ( 'NONE', *, *, #11546, .F. ) ;
#11125 = TOROIDAL_SURFACE ( 'NONE', #5537, 0.2545558999690690216, 0.4000000000000000222 ) ;
#11126 = CARTESIAN_POINT ( 'NONE',  ( -26.50000000000000000, -1.199999999850843935, 5.500000000000000000 ) ) ;
#11127 = DIRECTION ( 'NONE',  ( -1.000000000000000000, -4.179535469590354428E-32, 3.776217863425074675E-48 ) ) ;
#11129 = ADVANCED_FACE ( 'NONE', ( #6779 ), #3609, .T. ) ;
#11128 = SURFACE_SIDE_STYLE ('',( #4591 ) ) ;
#11130 = AXIS2_PLACEMENT_3D ( 'NONE', #1964, #8803, #4080 ) ;
#11131 = ORIENTED_EDGE ( 'NONE', *, *, #2001, .T. ) ;
#11132 = UNCERTAINTY_MEASURE_WITH_UNIT (LENGTH_MEASURE( 1.000000000000000082E-05 ), #646, 'distance_accuracy_value', 'NONE');
#11133 = STYLED_ITEM ( 'NONE', ( #9223 ), #6211 ) ;
#11134 = COLOUR_RGB ( '',0.7529411764705882248, 0.7529411764705882248, 0.7529411764705882248 ) ;
#11135 = CARTESIAN_POINT ( 'NONE',  ( 51.47832537397590613, 3.003729601399169891, -15.00000000000000000 ) ) ;
#11136 = MECHANICAL_DESIGN_GEOMETRIC_PRESENTATION_REPRESENTATION (  '', ( #8609 ), #607 ) ;
#11137 = ORIENTED_EDGE ( 'NONE', *, *, #5463, .F. ) ;
#11138 = CARTESIAN_POINT ( 'NONE',  ( -52.50000000000000000, 1.800000000000000044, 6.141272467535969781 ) ) ;
#11139 = DIRECTION ( 'NONE',  ( 0.0000000000000000000, -0.9396926207859098712, -0.3420201433256644385 ) ) ;
#11140 = SURFACE_SIDE_STYLE ('',( #11293 ) ) ;
#11141 = EDGE_CURVE ( 'NONE', #12273, #721, #10928, .T. ) ;
#11142 = VERTEX_POINT ( 'NONE', #9461 ) ;
#11143 = EDGE_CURVE ( 'NONE', #6978, #693, #7821, .T. ) ;
#11144 = ORIENTED_EDGE ( 'NONE', *, *, #4102, .F. ) ;
#11145 = DIRECTION ( 'NONE',  ( 0.0000000000000000000, 0.0000000000000000000, 1.000000000000000000 ) ) ;
#11146 =( NAMED_UNIT ( * ) PLANE_ANGLE_UNIT ( ) SI_UNIT ( $, .RADIAN. ) );
#11147 = LINE ( 'NONE', #9056, #1725 ) ;
#11148 = DIRECTION ( 'NONE',  ( 0.0000000000000000000, 1.000000000000000000, 0.0000000000000000000 ) ) ;
#11149 = AXIS2_PLACEMENT_3D ( 'NONE', #8195, #6295, #4474 ) ;
#11150 = SURFACE_STYLE_USAGE ( .BOTH. , #11022 ) ;
#11151 = FILL_AREA_STYLE ('',( #4489 ) ) ;
#11152 = VECTOR ( 'NONE', #1968, 1000.000000000000000 ) ;
#11153 = SURFACE_SIDE_STYLE ('',( #9679 ) ) ;
#11154 = SURFACE_STYLE_FILL_AREA ( #10212 ) ;
#11155 = CARTESIAN_POINT ( 'NONE',  ( -51.29999999999999716, -0.1000000000000045436, -11.19999999999999929 ) ) ;
#11156 = CIRCLE ( 'NONE', #4867, 1.400000000000000133 ) ;
#11157 = ORIENTED_EDGE ( 'NONE', *, *, #11441, .F. ) ;
#11158 = ORIENTED_EDGE ( 'NONE', *, *, #6605, .T. ) ;
#11159 = AXIS2_PLACEMENT_3D ( 'NONE', #9567, #7491, #8579 ) ;
#11160 = STYLED_ITEM ( 'NONE', ( #5725 ), #7401 ) ;
#11161 = FILL_AREA_STYLE_COLOUR ( '', #1578 ) ;
#11162 = PRESENTATION_STYLE_ASSIGNMENT (( #9240 ) ) ;
#11163 = PRESENTATION_STYLE_ASSIGNMENT (( #9376 ) ) ;
#11164 = CARTESIAN_POINT ( 'NONE',  ( -32.23495939512579866, 3.433012701892219631, 12.33037807446024026 ) ) ;
#11165 = SURFACE_STYLE_FILL_AREA ( #7553 ) ;
#11166 = DIRECTION ( 'NONE',  ( 0.0000000000000000000, 1.000000000000000000, 0.0000000000000000000 ) ) ;
#11167 = PRESENTATION_STYLE_ASSIGNMENT (( #3363 ) ) ;
#11168 = EDGE_LOOP ( 'NONE', ( #11144, #2397, #75, #1905 ) ) ;
#11169 = TOROIDAL_SURFACE ( 'NONE', #9428, 1.199999999999999956, 0.2000000000000000111 ) ;
#11170 = CARTESIAN_POINT ( 'NONE',  ( -22.57342547742412719, 3.225678613529198824, -11.65289827068831485 ) ) ;
#11171 = FACE_OUTER_BOUND ( 'NONE', #490, .T. ) ;
#11172 = CARTESIAN_POINT ( 'NONE',  ( 47.65810784417229939, 1.199999999999999956, -5.908107844172279854 ) ) ;
#11173 = DIRECTION ( 'NONE',  ( 0.0000000000000000000, 0.9396926207859098712, -0.3420201433256644385 ) ) ;
#11174 = SURFACE_STYLE_USAGE ( .BOTH. , #4385 ) ;
#11175 = AXIS2_PLACEMENT_3D ( 'NONE', #4018, #5995, #4184 ) ;
#11176 = CARTESIAN_POINT ( 'NONE',  ( 29.14999999999999858, 2.299999999999999822, -2.782205948333395185 ) ) ;
#11177 = DIRECTION ( 'NONE',  ( 2.129595449599169631E-16, -1.000000000000000000, 0.0000000000000000000 ) ) ;
#11178 = DIRECTION ( 'NONE',  ( -1.000000000000000000, 0.0000000000000000000, 0.0000000000000000000 ) ) ;
#11179 = DIRECTION ( 'NONE',  ( 0.0000000000000000000, 0.0000000000000000000, -1.000000000000000000 ) ) ;
#11180 = CARTESIAN_POINT ( 'NONE',  ( 24.10810784417230224, 1.200000000000728040, 21.39567676978599664 ) ) ;
#11181 = FACE_OUTER_BOUND ( 'NONE', #5318, .T. ) ;
#11182 = EDGE_CURVE ( 'NONE', #5108, #6906, #1038, .T. ) ;
#11183 = UNCERTAINTY_MEASURE_WITH_UNIT (LENGTH_MEASURE( 1.000000000000000082E-05 ), #5278, 'distance_accuracy_value', 'NONE');
#11184 = DIRECTION ( 'NONE',  ( -1.000000000000000000, 0.0000000000000000000, 5.551115123125780730E-16 ) ) ;
#11186 = ORIENTED_EDGE ( 'NONE', *, *, #5256, .F. ) ;
#11185 = CARTESIAN_POINT ( 'NONE',  ( -47.50000000000000000, -1.700000000066394845, 10.00000000000000000 ) ) ;
#11187 = DIRECTION ( 'NONE',  ( 0.0000000000000000000, 0.0000000000000000000, -1.000000000000000000 ) ) ;
#11188 = MECHANICAL_DESIGN_GEOMETRIC_PRESENTATION_REPRESENTATION (  '', ( #6672 ), #2143 ) ;
#11189 = AXIS2_PLACEMENT_3D ( 'NONE', #8086, #11772, #7129 ) ;
#11190 = FILL_AREA_STYLE_COLOUR ( '', #4808 ) ;
#11191 = CARTESIAN_POINT ( 'NONE',  ( 26.50000000000000000, 0.7999999999999999334, 10.00000000000000000 ) ) ;
#11192 = CARTESIAN_POINT ( 'NONE',  ( -32.14127246753589873, 1.800000000000000044, 6.141272467535969781 ) ) ;
#11194 = B_SPLINE_CURVE_WITH_KNOTS ( 'NONE', 3,
 ( #7961, #7793, #3051, #5103, #5908, #10772, #2157, #5059, #3132, #10689, #6081, #11714, #6833, #1087, #1054, #7835, #2077, #4016, #11636, #5947, #10848, #10887 ),
 .UNSPECIFIED., .F., .F.,
 ( 4, 2, 2, 2, 2, 2, 2, 2, 2, 2, 4 ),
 ( 0.0000000000000000000, 0.2499999999999676925, 0.3749999999999117373, 0.4374999999999171774, 0.4999999999999225619, 0.7499999999999508171, 0.8749999999999320544, 0.9374999999998900879, 0.9531249999999255040, 0.9687499999999608091, 1.000000000000000000 ),
 .UNSPECIFIED. ) ;
#11193 =( GEOMETRIC_REPRESENTATION_CONTEXT ( 3 ) GLOBAL_UNCERTAINTY_ASSIGNED_CONTEXT ( ( #10305 ) ) GLOBAL_UNIT_ASSIGNED_CONTEXT ( ( #5975, #1201, #3166 ) ) REPRESENTATION_CONTEXT ( 'NONE', 'WORKASPACE' ) );
#11195 = CARTESIAN_POINT ( 'NONE',  ( -51.29999999999999716, -0.09999999998215104713, -8.599999999999999645 ) ) ;
#11196 = ADVANCED_FACE ( 'NONE', ( #2712 ), #12337, .T. ) ;
#11197 = SURFACE_STYLE_FILL_AREA ( #8638 ) ;
#11198 = ORIENTED_EDGE ( 'NONE', *, *, #93, .F. ) ;
#11199 = LINE ( 'NONE', #8637, #5388 ) ;
#11200 = DIRECTION ( 'NONE',  ( 1.000000000000000000, 0.0000000000000000000, 0.0000000000000000000 ) ) ;
#11201 =( NAMED_UNIT ( * ) SI_UNIT ( $, .STERADIAN. ) SOLID_ANGLE_UNIT ( ) );
#11202 = COLOUR_RGB ( '',0.7529411764705882248, 0.7529411764705882248, 0.7529411764705882248 ) ;
#11203 = CARTESIAN_POINT ( 'NONE',  ( -49.71226417087233074, -0.4973861212922210950, -10.49999999999999112 ) ) ;
#11204 = ORIENTED_EDGE ( 'NONE', *, *, #3878, .F. ) ;
#11205 = VERTEX_POINT ( 'NONE', #12295 ) ;
#11207 = ORIENTED_EDGE ( 'NONE', *, *, #688, .F. ) ;
#11206 = FACE_OUTER_BOUND ( 'NONE', #11168, .T. ) ;
#11208 = CARTESIAN_POINT ( 'NONE',  ( -27.14127246753589873, 1.800000000000000044, -4.658727532464030041 ) ) ;
#11209 = ORIENTED_EDGE ( 'NONE', *, *, #9559, .F. ) ;
#11210 = STYLED_ITEM ( 'NONE', ( #10827 ), #2748 ) ;
#11211 = VERTEX_POINT ( 'NONE', #4790 ) ;
#11212 = DIRECTION ( 'NONE',  ( 0.7071067811865474617, 0.7071067811865474617, 0.0000000000000000000 ) ) ;
#11213 =( GEOMETRIC_REPRESENTATION_CONTEXT ( 3 ) GLOBAL_UNCERTAINTY_ASSIGNED_CONTEXT ( ( #6550 ) ) GLOBAL_UNIT_ASSIGNED_CONTEXT ( ( #7151, #11953, #1364 ) ) REPRESENTATION_CONTEXT ( 'NONE', 'WORKASPACE' ) );
#11214 = AXIS2_PLACEMENT_3D ( 'NONE', #7543, #3712, #3759 ) ;
#11215 = ORIENTED_EDGE ( 'NONE', *, *, #8973, .F. ) ;
#11216 = CARTESIAN_POINT ( 'NONE',  ( 29.14127246753590228, 1.800000000000000044, -4.658727532464030041 ) ) ;
#11218 = VERTEX_POINT ( 'NONE', #10443 ) ;
#11217 = CIRCLE ( 'NONE', #6999, 4.700000000000000178 ) ;
#11219 = DIRECTION ( 'NONE',  ( -5.421010862432089675E-16, -1.000000000000000000, 3.388131789020059744E-17 ) ) ;
#11220 = EDGE_CURVE ( 'NONE', #270, #5295, #579, .T. ) ;
#11221 = VERTEX_POINT ( 'NONE', #10401 ) ;
#11222 = EDGE_LOOP ( 'NONE', ( #3320, #8475, #10471, #5918 ) ) ;
#11223 = UNCERTAINTY_MEASURE_WITH_UNIT (LENGTH_MEASURE( 1.000000000000000082E-05 ), #9501, 'distance_accuracy_value', 'NONE');
#11224 = STYLED_ITEM ( 'NONE', ( #2973 ), #245 ) ;
#11225 = SURFACE_SIDE_STYLE ('',( #4967 ) ) ;
#11226 = EDGE_LOOP ( 'NONE', ( #2517, #8186, #11157, #4357, #6452, #9720, #3297, #12400, #6007, #6546 ) ) ;
#11227 =( NAMED_UNIT ( * ) PLANE_ANGLE_UNIT ( ) SI_UNIT ( $, .RADIAN. ) );
#11228 = PRESENTATION_LAYER_ASSIGNMENT (  '', '', ( #11687 ) ) ;
#11229 = ORIENTED_EDGE ( 'NONE', *, *, #2629, .T. ) ;
#11230 = UNCERTAINTY_MEASURE_WITH_UNIT (LENGTH_MEASURE( 1.000000000000000082E-05 ), #595, 'distance_accuracy_value', 'NONE');
#11231 =( LENGTH_UNIT ( ) NAMED_UNIT ( * ) SI_UNIT ( .MILLI., .METRE. ) );
#11232 =( LENGTH_UNIT ( ) NAMED_UNIT ( * ) SI_UNIT ( .MILLI., .METRE. ) );
#11233 = CARTESIAN_POINT ( 'NONE',  ( 37.63824873692700379, 3.000000000000000000, 2.351768647882134911 ) ) ;
#11234 = CARTESIAN_POINT ( 'NONE',  ( -26.50000000000000000, 1.800000000000000044, -5.299999999999999822 ) ) ;
#11235 =( GEOMETRIC_REPRESENTATION_CONTEXT ( 3 ) GLOBAL_UNCERTAINTY_ASSIGNED_CONTEXT ( ( #1895 ) ) GLOBAL_UNIT_ASSIGNED_CONTEXT ( ( #3432, #12044, #5434 ) ) REPRESENTATION_CONTEXT ( 'NONE', 'WORKASPACE' ) );
#11236 = EDGE_CURVE ( 'NONE', #9866, #5014, #1957, .T. ) ;
#11237 = CARTESIAN_POINT ( 'NONE',  ( 23.75455589996909822, -0.2999999999999999889, -5.299999999999929656 ) ) ;
#11238 = CARTESIAN_POINT ( 'NONE',  ( -52.50000000000000000, 1.800000000000000044, 6.141272467535969781 ) ) ;
#11239 = FILL_AREA_STYLE_COLOUR ( '', #8527 ) ;
#11240 = VECTOR ( 'NONE', #2566, 1000.000000000000227 ) ;
#11241 = DIRECTION ( 'NONE',  ( -1.000000000000000000, 0.0000000000000000000, 4.625929269271489858E-16 ) ) ;
#11242 =( NAMED_UNIT ( * ) SI_UNIT ( $, .STERADIAN. ) SOLID_ANGLE_UNIT ( ) );
#11243 = VERTEX_POINT ( 'NONE', #9418 ) ;
#11244 = FILL_AREA_STYLE_COLOUR ( '', #4239 ) ;
#11245 = PRESENTATION_STYLE_ASSIGNMENT (( #8900 ) ) ;
#11246 = DIRECTION ( 'NONE',  ( -0.5492864297665172035, -3.962550341685846421E-13, 0.8356341412809513702 ) ) ;
#11247 =( GEOMETRIC_REPRESENTATION_CONTEXT ( 3 ) GLOBAL_UNCERTAINTY_ASSIGNED_CONTEXT ( ( #12067 ) ) GLOBAL_UNIT_ASSIGNED_CONTEXT ( ( #3027, #7716, #3065 ) ) REPRESENTATION_CONTEXT ( 'NONE', 'WORKASPACE' ) );
#11248 = PRESENTATION_STYLE_ASSIGNMENT (( #9315 ) ) ;
#11249 = FILL_AREA_STYLE_COLOUR ( '', #6920 ) ;
#11250 =( BOUNDED_SURFACE ( )  B_SPLINE_SURFACE ( 3, 2, ( 
 ( #11938, #6276, #10121 ),
 ( #4407, #11075, #8180 ),
 ( #4376, #5417, #11028 ),
 ( #8262, #5374, #469 ) ),
 .UNSPECIFIED., .F., .F., .F. ) 
 B_SPLINE_SURFACE_WITH_KNOTS ( ( 4, 4 ),
 ( 3, 3 ),
 ( 0.08629193422054470819, 0.2734267622480314741 ),
 ( 0.0000000000000000000, 1.000000000000000000 ),
 .UNSPECIFIED. ) 
 GEOMETRIC_REPRESENTATION_ITEM ( )  RATIONAL_B_SPLINE_SURFACE ( (
 ( 1.000000000000000000, 0.9760724728561199770, 1.000000000000000000),
 ( 1.000000000000000000, 0.9697076843142189428, 1.000000000000000000),
 ( 1.000000000000000000, 0.9549909639729029509, 1.000000000000000000),
 ( 1.000000000000000000, 0.9238795325111229806, 1.000000000000000000) ) ) 
 REPRESENTATION_ITEM ( '' )  SURFACE ( )  );
#11251 = AXIS2_PLACEMENT_3D ( 'NONE', #3803, #6, #5951 ) ;
#11253 = ORIENTED_EDGE ( 'NONE', *, *, #4906, .T. ) ;
#11252 =( GEOMETRIC_REPRESENTATION_CONTEXT ( 3 ) GLOBAL_UNCERTAINTY_ASSIGNED_CONTEXT ( ( #11408 ) ) GLOBAL_UNIT_ASSIGNED_CONTEXT ( ( #5492, #1750, #8469 ) ) REPRESENTATION_CONTEXT ( 'NONE', 'WORKASPACE' ) );
#11254 =( LENGTH_UNIT ( ) NAMED_UNIT ( * ) SI_UNIT ( .MILLI., .METRE. ) );
#11255 = CARTESIAN_POINT ( 'NONE',  ( -52.50000000000000000, 2.151471862576145089, 13.15147186257615886 ) ) ;
#11256 = CARTESIAN_POINT ( 'NONE',  ( 41.76398817617220516, 1.975319270637844626, -1.326727627553939914 ) ) ;
#11257 = PLANE ( 'NONE',  #2585 ) ;
#11259 = ADVANCED_FACE ( 'NONE', ( #4964 ), #6168, .T. ) ;
#11258 = DIRECTION ( 'NONE',  ( 0.0000000000000000000, 0.0000000000000000000, -1.000000000000000000 ) ) ;
#11260 = FACE_OUTER_BOUND ( 'NONE', #3886, .T. ) ;
#11261 = DIRECTION ( 'NONE',  ( 0.0000000000000000000, 0.0000000000000000000, -1.000000000000000000 ) ) ;
#11262 = EDGE_CURVE ( 'NONE', #10364, #1604, #6020, .T. ) ;
#11263 = CARTESIAN_POINT ( 'NONE',  ( 47.50000000000000000, 2.151471862576145089, 13.15147186257615886 ) ) ;
#11264 = ORIENTED_EDGE ( 'NONE', *, *, #11062, .T. ) ;
#11265 = MECHANICAL_DESIGN_GEOMETRIC_PRESENTATION_REPRESENTATION (  '', ( #340 ), #981 ) ;
#11266 = MECHANICAL_DESIGN_GEOMETRIC_PRESENTATION_REPRESENTATION (  '', ( #2227 ), #9298 ) ;
#11267 = PRESENTATION_STYLE_ASSIGNMENT (( #6012 ) ) ;
#11268 = DIRECTION ( 'NONE',  ( 0.0000000000000000000, 0.0000000000000000000, -1.000000000000000000 ) ) ;
#11269 = CYLINDRICAL_SURFACE ( 'NONE', #10573, 5.000000000000000000 ) ;
#11270 = CARTESIAN_POINT ( 'NONE',  ( -68.60321982055950230, -1.200000000000000178, -5.950000000000000178 ) ) ;
#11271 = CARTESIAN_POINT ( 'NONE',  ( -25.85000000000000142, 2.299999999999999822, 4.850000000000079581 ) ) ;
#11272 = DIRECTION ( 'NONE',  ( 0.0000000000000000000, 0.9998476951563911586, 0.01745240643728354982 ) ) ;
#11273 = DIRECTION ( 'NONE',  ( 2.129595449599169631E-16, -1.000000000000000000, 0.0000000000000000000 ) ) ;
#11274 = LINE ( 'NONE', #5028, #4573 ) ;
#11275 = PLANE ( 'NONE',  #12324 ) ;
#11276 = EDGE_LOOP ( 'NONE', ( #3356, #7053, #3252, #365 ) ) ;
#11277 = DIRECTION ( 'NONE',  ( 1.000000000000000000, 0.0000000000000000000, 0.0000000000000000000 ) ) ;
#11278 = B_SPLINE_CURVE_WITH_KNOTS ( 'NONE', 3,
 ( #7605, #9599, #8639, #5675 ),
 .UNSPECIFIED., .F., .F.,
 ( 4, 4 ),
 ( 0.0000000000000000000, 1.000000000000000000 ),
 .UNSPECIFIED. ) ;
#11279 = DIRECTION ( 'NONE',  ( -0.01744974916068773793, -0.9996954598818873494, 0.01744974916068268989 ) ) ;
#11280 = DIRECTION ( 'NONE',  ( -1.000000000000000000, 0.0000000000000000000, 5.551115123125780730E-16 ) ) ;
#11281 = EDGE_CURVE ( 'NONE', #5419, #12082, #4213, .T. ) ;
#11282 = COLOUR_RGB ( '',0.7529411764705882248, 0.7529411764705882248, 0.7529411764705882248 ) ;
#11283 = MECHANICAL_DESIGN_GEOMETRIC_PRESENTATION_REPRESENTATION (  '', ( #11034 ), #4496 ) ;
#11284 = DIRECTION ( 'NONE',  ( 0.0000000000000000000, 0.0000000000000000000, -1.000000000000000000 ) ) ;
#11285 = EDGE_LOOP ( 'NONE', ( #2351, #8930, #797, #12325 ) ) ;
#11286 = PRESENTATION_LAYER_ASSIGNMENT (  '', '', ( #12064 ) ) ;
#11287 =( GEOMETRIC_REPRESENTATION_CONTEXT ( 3 ) GLOBAL_UNCERTAINTY_ASSIGNED_CONTEXT ( ( #6440 ) ) GLOBAL_UNIT_ASSIGNED_CONTEXT ( ( #4992, #5115, #11771 ) ) REPRESENTATION_CONTEXT ( 'NONE', 'WORKASPACE' ) );
#11288 = CARTESIAN_POINT ( 'NONE',  ( -52.20000000000000284, -1.500000000000000000, -5.599632742307179889 ) ) ;
#11289 =( NAMED_UNIT ( * ) PLANE_ANGLE_UNIT ( ) SI_UNIT ( $, .RADIAN. ) );
#11290 = EDGE_LOOP ( 'NONE', ( #6326, #3172, #6854, #1275 ) ) ;
#11291 = COLOUR_RGB ( '',0.7529411764705882248, 0.7529411764705882248, 0.7529411764705882248 ) ;
#11292 = EDGE_LOOP ( 'NONE', ( #5475, #3452, #10794, #11926 ) ) ;
#11293 = SURFACE_STYLE_FILL_AREA ( #4436 ) ;
#11294 = EDGE_CURVE ( 'NONE', #1704, #2702, #5857, .T. ) ;
#11295 = SURFACE_STYLE_FILL_AREA ( #2031 ) ;
#11296 = DIRECTION ( 'NONE',  ( 1.000000000000000000, -7.400243456590534975E-16, 0.0000000000000000000 ) ) ;
#11297 = ORIENTED_EDGE ( 'NONE', *, *, #3406, .T. ) ;
#11298 = FACE_OUTER_BOUND ( 'NONE', #6397, .T. ) ;
#11299 = CARTESIAN_POINT ( 'NONE',  ( -49.73491012985640225, 0.7999999999999999334, -6.700000000000000178 ) ) ;
#11300 = AXIS2_PLACEMENT_3D ( 'NONE', #7419, #792, #4540 ) ;
#11301 = VECTOR ( 'NONE', #6658, 1000.000000000000114 ) ;
#11302 = VECTOR ( 'NONE', #9863, 1000.000000000000000 ) ;
#11303 = FILL_AREA_STYLE ('',( #5465 ) ) ;
#11304 = ORIENTED_EDGE ( 'NONE', *, *, #3125, .F. ) ;
#11305 = FILL_AREA_STYLE ('',( #11462 ) ) ;
#11306 = ORIENTED_EDGE ( 'NONE', *, *, #2252, .T. ) ;
#11307 = PRESENTATION_LAYER_ASSIGNMENT (  '', '', ( #860 ) ) ;
#11308 = CARTESIAN_POINT ( 'NONE',  ( -50.70000000000000284, -1.200000000000000178, 10.00000000000000000 ) ) ;
#11309 = PRESENTATION_STYLE_ASSIGNMENT (( #3760 ) ) ;
#11310 = FILL_AREA_STYLE_COLOUR ( '', #11134 ) ;
#11311 = SURFACE_STYLE_FILL_AREA ( #1988 ) ;
#11312 = EDGE_CURVE ( 'NONE', #10101, #9447, #11217, .T. ) ;
#11313 = EDGE_CURVE ( 'NONE', #8035, #5396, #8394, .T. ) ;
#11314 = COLOUR_RGB ( '',0.7529411764705882248, 0.7529411764705882248, 0.7529411764705882248 ) ;
#11315 = FILL_AREA_STYLE ('',( #5656 ) ) ;
#11316 = VECTOR ( 'NONE', #2647, 1000.000000000000000 ) ;
#11318 = ORIENTED_EDGE ( 'NONE', *, *, #867, .F. ) ;
#11317 = SURFACE_STYLE_USAGE ( .BOTH. , #5613 ) ;
#11319 = DIRECTION ( 'NONE',  ( -2.428983838511115147E-16, 1.000000000000000000, -3.366219183895514908E-16 ) ) ;
#11320 = ORIENTED_EDGE ( 'NONE', *, *, #5971, .F. ) ;
#11321 = PRESENTATION_STYLE_ASSIGNMENT (( #288 ) ) ;
#11322 = PRESENTATION_LAYER_ASSIGNMENT (  '', '', ( #5091 ) ) ;
#11323 = CARTESIAN_POINT ( 'NONE',  ( -27.14127246753589873, 1.800000000000000044, -4.658727532464030041 ) ) ;
#11324 = ADVANCED_FACE ( 'NONE', ( #411 ), #4858, .F. ) ;
#11325 = DIRECTION ( 'NONE',  ( 0.0000000000000000000, 0.0000000000000000000, 1.000000000000000000 ) ) ;
#11326 = VECTOR ( 'NONE', #11061, 1000.000000000000114 ) ;
#11327 = CARTESIAN_POINT ( 'NONE',  ( -26.50000000000000000, 1.799999999832379904, -5.299999999999919886 ) ) ;
#11328 = ADVANCED_FACE ( 'NONE', ( #3593 ), #3013, .F. ) ;
#11329 =( NAMED_UNIT ( * ) SI_UNIT ( $, .STERADIAN. ) SOLID_ANGLE_UNIT ( ) );
#11330 = CARTESIAN_POINT ( 'NONE',  ( 44.36819777075264426, 2.299999999999999822, 270.4510849563059764 ) ) ;
#11331 = VECTOR ( 'NONE', #1245, 1000.000000000000114 ) ;
#11332 =( GEOMETRIC_REPRESENTATION_CONTEXT ( 3 ) GLOBAL_UNCERTAINTY_ASSIGNED_CONTEXT ( ( #7532 ) ) GLOBAL_UNIT_ASSIGNED_CONTEXT ( ( #2911, #1070, #7734 ) ) REPRESENTATION_CONTEXT ( 'NONE', 'WORKASPACE' ) );
#11333 = CARTESIAN_POINT ( 'NONE',  ( -25.85000000000000142, 2.299999999999999822, 4.850000000000079581 ) ) ;
#11334 = UNCERTAINTY_MEASURE_WITH_UNIT (LENGTH_MEASURE( 1.000000000000000082E-05 ), #4818, 'distance_accuracy_value', 'NONE');
#11335 = UNCERTAINTY_MEASURE_WITH_UNIT (LENGTH_MEASURE( 1.000000000000000082E-05 ), #6371, 'distance_accuracy_value', 'NONE');
#11336 = CARTESIAN_POINT ( 'NONE',  ( 51.64644660940769683, 2.853553390592320049, -14.44102006380100001 ) ) ;
#11337 = CIRCLE ( 'NONE', #5265, 1.800000000003205258 ) ;
#11338 = DIRECTION ( 'NONE',  ( -1.000000000000000000, 0.0000000000000000000, 0.0000000000000000000 ) ) ;
#11339 = DIRECTION ( 'NONE',  ( 0.0000000000000000000, -1.000000000000000000, 0.0000000000000000000 ) ) ;
#11340 =( NAMED_UNIT ( * ) PLANE_ANGLE_UNIT ( ) SI_UNIT ( $, .RADIAN. ) );
#11341 = PRESENTATION_STYLE_ASSIGNMENT (( #1294 ) ) ;
#11342 = FACE_OUTER_BOUND ( 'NONE', #405, .T. ) ;
#11343 = LINE ( 'NONE', #5612, #8817 ) ;
#11344 = CARTESIAN_POINT ( 'NONE',  ( 22.63238705840182163, 1.530953265493408377, -14.29255471327143567 ) ) ;
#11345 = FACE_OUTER_BOUND ( 'NONE', #1566, .T. ) ;
#11346 = VERTEX_POINT ( 'NONE', #6877 ) ;
#11347 = CARTESIAN_POINT ( 'NONE',  ( -50.70000000000000284, -1.200000000000000178, 21.39567676978599664 ) ) ;
#11348 =( NAMED_UNIT ( * ) PLANE_ANGLE_UNIT ( ) SI_UNIT ( $, .RADIAN. ) );
#11349 = VECTOR ( 'NONE', #1189, 1000.000000000000114 ) ;
#11350 = LINE ( 'NONE', #2042, #5078 ) ;
#11351 = PRESENTATION_LAYER_ASSIGNMENT (  '', '', ( #3269 ) ) ;
#11352 = MECHANICAL_DESIGN_GEOMETRIC_PRESENTATION_REPRESENTATION (  '', ( #11500 ), #8164 ) ;
#11353 = PLANE ( 'NONE',  #5990 ) ;
#11354 = FACE_OUTER_BOUND ( 'NONE', #8874, .T. ) ;
#11355 = CARTESIAN_POINT ( 'NONE',  ( 25.65685424949239746, 3.500000000000000000, -15.00000000000000000 ) ) ;
#11356 = EDGE_LOOP ( 'NONE', ( #9582, #2123, #5412, #3905, #1872, #8434 ) ) ;
#11357 = ORIENTED_EDGE ( 'NONE', *, *, #4741, .F. ) ;
#11358 = DIRECTION ( 'NONE',  ( 0.0000000000000000000, -1.000000000000000000, 0.0000000000000000000 ) ) ;
#11359 = EDGE_LOOP ( 'NONE', ( #4440, #695, #9210, #2454, #5862 ) ) ;
#11360 = EDGE_LOOP ( 'NONE', ( #8598, #10832 ) ) ;
#11361 = EDGE_CURVE ( 'NONE', #2921, #10010, #5410, .T. ) ;
#11362 =( NAMED_UNIT ( * ) SI_UNIT ( $, .STERADIAN. ) SOLID_ANGLE_UNIT ( ) );
#11363 = FILL_AREA_STYLE ('',( #7583 ) ) ;
#11364 = DIRECTION ( 'NONE',  ( -1.153799848845835034E-32, 3.366219183895514908E-16, 1.000000000000000000 ) ) ;
#11365 = PRESENTATION_LAYER_ASSIGNMENT (  '', '', ( #12139 ) ) ;
#11366 = ORIENTED_EDGE ( 'NONE', *, *, #6349, .T. ) ;
#11367 = ORIENTED_EDGE ( 'NONE', *, *, #429, .T. ) ;
#11368 = DIRECTION ( 'NONE',  ( 0.0000000000000000000, 0.0000000000000000000, 1.000000000000000000 ) ) ;
#11369 = SURFACE_SIDE_STYLE ('',( #376 ) ) ;
#11370 = VERTEX_POINT ( 'NONE', #12423 ) ;
#11372 = AXIS2_PLACEMENT_3D ( 'NONE', #11031, #6324, #11077 ) ;
#11371 = B_SPLINE_CURVE_WITH_KNOTS ( 'NONE', 3,
 ( #9509, #4756, #8877, #299 ),
 .UNSPECIFIED., .F., .F.,
 ( 4, 4 ),
 ( 1.189433437523260052E-14, 0.001000387678905371959 ),
 .UNSPECIFIED. ) ;
#11373 = CARTESIAN_POINT ( 'NONE',  ( -27.15000000000000213, 2.299999999999999822, -5.949999999999919353 ) ) ;
#11374 = CIRCLE ( 'NONE', #965, 269.5123374016974935 ) ;
#11375 = ORIENTED_EDGE ( 'NONE', *, *, #703, .F. ) ;
#11376 = DIRECTION ( 'NONE',  ( 0.0000000000000000000, 0.0000000000000000000, 1.000000000000000000 ) ) ;
#11377 = VERTEX_POINT ( 'NONE', #3890 ) ;
#11378 = CARTESIAN_POINT ( 'NONE',  ( 47.50000000000000000, -1.700000000000000178, -15.00000000000000000 ) ) ;
#11379 =( NAMED_UNIT ( * ) PLANE_ANGLE_UNIT ( ) SI_UNIT ( $, .RADIAN. ) );
#11380 = ORIENTED_EDGE ( 'NONE', *, *, #6363, .T. ) ;
#11381 =( NAMED_UNIT ( * ) PLANE_ANGLE_UNIT ( ) SI_UNIT ( $, .RADIAN. ) );
#11382 = PRESENTATION_LAYER_ASSIGNMENT (  '', '', ( #601 ) ) ;
#11383 = FILL_AREA_STYLE_COLOUR ( '', #845 ) ;
#11384 = SURFACE_SIDE_STYLE ('',( #4110 ) ) ;
#11385 = PRESENTATION_LAYER_ASSIGNMENT (  '', '', ( #6046 ) ) ;
#11386 = CARTESIAN_POINT ( 'NONE',  ( 22.89189215582774750, 1.200000000001050005, -3.650409735239074749 ) ) ;
#11387 = PRESENTATION_LAYER_ASSIGNMENT (  '', '', ( #10897 ) ) ;
#11388 = SURFACE_SIDE_STYLE ('',( #12028 ) ) ;
#11389 = ADVANCED_FACE ( 'NONE', ( #5551 ), #4829, .T. ) ;
#11390 = EDGE_CURVE ( 'NONE', #7508, #1709, #7357, .T. ) ;
#11391 = ORIENTED_EDGE ( 'NONE', *, *, #198, .F. ) ;
#11392 = EDGE_LOOP ( 'NONE', ( #8027, #4005, #260, #6382 ) ) ;
#11393 = EDGE_CURVE ( 'NONE', #4051, #4006, #1632, .T. ) ;
#11394 = SURFACE_SIDE_STYLE ('',( #11806 ) ) ;
#11395 = CYLINDRICAL_SURFACE ( 'NONE', #10924, 1.400000000000000133 ) ;
#11396 = CONICAL_SURFACE ( 'NONE', #8021, 0.6912724675343728808, 0.01745329252031053643 ) ;
#11397 = CARTESIAN_POINT ( 'NONE',  ( -25.85000000000000142, -1.200000000000000178, 21.39567676978599664 ) ) ;
#11398 = AXIS2_PLACEMENT_3D ( 'NONE', #9014, #3455, #9179 ) ;
#11399 = FACE_OUTER_BOUND ( 'NONE', #10353, .T. ) ;
#11400 = CARTESIAN_POINT ( 'NONE',  ( 23.50000000000000000, 2.000000000000000000, -5.299999999999999822 ) ) ;
#11401 = EDGE_LOOP ( 'NONE', ( #113, #704, #4170, #10280 ) ) ;
#11402 =( NAMED_UNIT ( * ) SI_UNIT ( $, .STERADIAN. ) SOLID_ANGLE_UNIT ( ) );
#11403 = MECHANICAL_DESIGN_GEOMETRIC_PRESENTATION_REPRESENTATION (  '', ( #6950 ), #1 ) ;
#11404 =( GEOMETRIC_REPRESENTATION_CONTEXT ( 3 ) GLOBAL_UNCERTAINTY_ASSIGNED_CONTEXT ( ( #7145 ) ) GLOBAL_UNIT_ASSIGNED_CONTEXT ( ( #4559, #6505, #2583 ) ) REPRESENTATION_CONTEXT ( 'NONE', 'WORKASPACE' ) );
#11405 = DIRECTION ( 'NONE',  ( 1.000000000000000000, 0.0000000000000000000, 0.0000000000000000000 ) ) ;
#11406 = SURFACE_SIDE_STYLE ('',( #11311 ) ) ;
#11407 = UNCERTAINTY_MEASURE_WITH_UNIT (LENGTH_MEASURE( 1.000000000000000082E-05 ), #2872, 'distance_accuracy_value', 'NONE');
#11408 = UNCERTAINTY_MEASURE_WITH_UNIT (LENGTH_MEASURE( 1.000000000000000082E-05 ), #5492, 'distance_accuracy_value', 'NONE');
#11409 = CARTESIAN_POINT ( 'NONE',  ( 37.63824873692700379, 3.500000000000000000, 1.217794051666575950 ) ) ;
#11410 = ORIENTED_EDGE ( 'NONE', *, *, #11492, .F. ) ;
#11411 = FILL_AREA_STYLE_COLOUR ( '', #8079 ) ;
#11412 = CARTESIAN_POINT ( 'NONE',  ( -50.70000000000000284, -1.200000000000000178, -7.050806661529709807 ) ) ;
#11413 = CARTESIAN_POINT ( 'NONE',  ( 24.15000000000030056, -1.200000000015385204, -3.621458966839430360 ) ) ;
#11414 =( NAMED_UNIT ( * ) SI_UNIT ( $, .STERADIAN. ) SOLID_ANGLE_UNIT ( ) );
#11415 = MECHANICAL_DESIGN_GEOMETRIC_PRESENTATION_REPRESENTATION (  '', ( #5426 ), #1366 ) ;
#11416 = CARTESIAN_POINT ( 'NONE',  ( -52.62548339959390375, -0.09999999998214903485, -8.599999999999999645 ) ) ;
#11417 = FACE_OUTER_BOUND ( 'NONE', #6009, .T. ) ;
#11418 = EDGE_LOOP ( 'NONE', ( #12318, #5398, #4457, #5243 ) ) ;
#11419 = VECTOR ( 'NONE', #1098, 1000.000000000000000 ) ;
#11420 = DIRECTION ( 'NONE',  ( 0.0000000000000000000, 0.0000000000000000000, 1.000000000000000000 ) ) ;
#11421 = CARTESIAN_POINT ( 'NONE',  ( -47.50000000000000000, -1.199999999999999956, 10.00000000000000000 ) ) ;
#11422 = FILL_AREA_STYLE ('',( #4734 ) ) ;
#11423 = ORIENTED_EDGE ( 'NONE', *, *, #5129, .T. ) ;
#11424 = FACE_BOUND ( 'NONE', #10748, .T. ) ;
#11425 = EDGE_CURVE ( 'NONE', #8533, #3979, #11803, .T. ) ;
#11426 = PLANE ( 'NONE',  #4462 ) ;
#11427 = PRESENTATION_LAYER_ASSIGNMENT (  '', '', ( #10148 ) ) ;
#11428 = ORIENTED_EDGE ( 'NONE', *, *, #9000, .T. ) ;
#11429 = STYLED_ITEM ( 'NONE', ( #2276 ), #9760 ) ;
#11430 = ORIENTED_EDGE ( 'NONE', *, *, #5085, .T. ) ;
#11431 = CARTESIAN_POINT ( 'NONE',  ( 14.41722708261063879, 3.000000000000000000, 3.687275648241695070 ) ) ;
#11432 =( LENGTH_UNIT ( ) NAMED_UNIT ( * ) SI_UNIT ( .MILLI., .METRE. ) );
#11433 = CARTESIAN_POINT ( 'NONE',  ( -26.91848069579282310, -0.1830979501154358646, -13.61323712589119062 ) ) ;
#11434 = VERTEX_POINT ( 'NONE', #8896 ) ;
#11435 = FILL_AREA_STYLE_COLOUR ( '', #6049 ) ;
#11436 =( NAMED_UNIT ( * ) SI_UNIT ( $, .STERADIAN. ) SOLID_ANGLE_UNIT ( ) );
#11437 = B_SPLINE_CURVE_WITH_KNOTS ( 'NONE', 3,
 ( #4233, #10061, #2451, #9192, #11135, #1505, #606, #5430, #5349, #3466 ),
 .UNSPECIFIED., .F., .F.,
 ( 4, 3, 3, 4 ),
 ( 0.0000000000000000000, 0.0001039152464990190016, 0.0001773745412622974871, 0.0002515188336339435051 ),
 .UNSPECIFIED. ) ;
#11438 = CARTESIAN_POINT ( 'NONE',  ( 23.50000000000000000, 1.199999999999999956, 4.100000000000000533 ) ) ;
#11439 = ADVANCED_FACE ( 'NONE', ( #11508 ), #9730, .F. ) ;
#11440 = ORIENTED_EDGE ( 'NONE', *, *, #8849, .F. ) ;
#11441 = EDGE_CURVE ( 'NONE', #9522, #9826, #2697, .T. ) ;
#11442 = AXIS2_PLACEMENT_3D ( 'NONE', #2619, #10304, #4645 ) ;
#11443 = ORIENTED_EDGE ( 'NONE', *, *, #513, .T. ) ;
#11444 = MECHANICAL_DESIGN_GEOMETRIC_PRESENTATION_REPRESENTATION (  '', ( #10650 ), #9772 ) ;
#11445 = CARTESIAN_POINT ( 'NONE',  ( 41.42483333279859892, 3.500000000000000000, -1.493106612243422004 ) ) ;
#11446 = PRESENTATION_STYLE_ASSIGNMENT (( #4012 ) ) ;
#11447 =( GEOMETRIC_REPRESENTATION_CONTEXT ( 3 ) GLOBAL_UNCERTAINTY_ASSIGNED_CONTEXT ( ( #8484 ) ) GLOBAL_UNIT_ASSIGNED_CONTEXT ( ( #7152, #1540, #5344 ) ) REPRESENTATION_CONTEXT ( 'NONE', 'WORKASPACE' ) );
#11448 = DIRECTION ( 'NONE',  ( -0.9998476951563912696, -0.01745240643728355329, -2.312612358918795814E-15 ) ) ;
#11449 = CARTESIAN_POINT ( 'NONE',  ( 47.50000000000000000, -1.199999999999999956, 10.00000000000000000 ) ) ;
#11450 = DIRECTION ( 'NONE',  ( 0.0000000000000000000, 0.0000000000000000000, -1.000000000000000000 ) ) ;
#11451 = DIRECTION ( 'NONE',  ( -8.879670859120929771E-17, -1.000000000000000000, -4.439835429560459339E-17 ) ) ;
#11452 = CARTESIAN_POINT ( 'NONE',  ( -19.96135450264459976, 3.500000000000000000, 8.663912140258601013 ) ) ;
#11453 = LINE ( 'NONE', #4869, #59 ) ;
#11454 = EDGE_LOOP ( 'NONE', ( #10240, #7190, #5700, #146 ) ) ;
#11455 = EDGE_CURVE ( 'NONE', #1005, #445, #6624, .T. ) ;
#11456 = ORIENTED_EDGE ( 'NONE', *, *, #9685, .F. ) ;
#11457 = CARTESIAN_POINT ( 'NONE',  ( 37.63824873692700379, 3.500000000000000000, -15.00000000000000000 ) ) ;
#11458 = CIRCLE ( 'NONE', #6945, 4.678460969053279683 ) ;
#11459 = DIRECTION ( 'NONE',  ( 0.0000000000000000000, -1.000000000000000000, 0.0000000000000000000 ) ) ;
#11460 =( GEOMETRIC_REPRESENTATION_CONTEXT ( 3 ) GLOBAL_UNCERTAINTY_ASSIGNED_CONTEXT ( ( #1388 ) ) GLOBAL_UNIT_ASSIGNED_CONTEXT ( ( #5702, #837, #10527 ) ) REPRESENTATION_CONTEXT ( 'NONE', 'WORKASPACE' ) );
#11461 = CARTESIAN_POINT ( 'NONE',  ( 24.90164851203025265, -0.3600888220376194382, -13.72426411792979728 ) ) ;
#11462 = FILL_AREA_STYLE_COLOUR ( '', #6172 ) ;
#11463 = SURFACE_STYLE_FILL_AREA ( #12069 ) ;
#11464 = ORIENTED_EDGE ( 'NONE', *, *, #12000, .T. ) ;
#11465 = MECHANICAL_DESIGN_GEOMETRIC_PRESENTATION_REPRESENTATION (  '', ( #7416 ), #7180 ) ;
#11466 =( LENGTH_UNIT ( ) NAMED_UNIT ( * ) SI_UNIT ( .MILLI., .METRE. ) );
#11467 = EDGE_CURVE ( 'NONE', #8245, #3991, #5258, .T. ) ;
#11468 = LINE ( 'NONE', #4862, #8799 ) ;
#11469 = PRESENTATION_STYLE_ASSIGNMENT (( #9081 ) ) ;
#11470 = EDGE_CURVE ( 'NONE', #7729, #8847, #8242, .T. ) ;
#11471 =( LENGTH_UNIT ( ) NAMED_UNIT ( * ) SI_UNIT ( .MILLI., .METRE. ) );
#11472 = CARTESIAN_POINT ( 'NONE',  ( 24.15000000000000213, 2.299999999999999822, -2.782205948333395185 ) ) ;
#11473 = ORIENTED_EDGE ( 'NONE', *, *, #5711, .T. ) ;
#11474 =( GEOMETRIC_REPRESENTATION_CONTEXT ( 3 ) GLOBAL_UNCERTAINTY_ASSIGNED_CONTEXT ( ( #2442 ) ) GLOBAL_UNIT_ASSIGNED_CONTEXT ( ( #929, #7604, #1877 ) ) REPRESENTATION_CONTEXT ( 'NONE', 'WORKASPACE' ) );
#11475 = CARTESIAN_POINT ( 'NONE',  ( -31.26590562037704402, 3.000000000000000000, 13.14576772147661821 ) ) ;
#11476 = DIRECTION ( 'NONE',  ( 0.0000000000000000000, 1.000000000000000000, 0.0000000000000000000 ) ) ;
#11477 = DIRECTION ( 'NONE',  ( 0.0000000000000000000, 1.000000000000000000, 0.0000000000000000000 ) ) ;
#11478 = SURFACE_STYLE_FILL_AREA ( #6763 ) ;
#11479 =( LENGTH_UNIT ( ) NAMED_UNIT ( * ) SI_UNIT ( .MILLI., .METRE. ) );
#11480 = VECTOR ( 'NONE', #6423, 1000.000000000000000 ) ;
#11481 = AXIS2_PLACEMENT_3D ( 'NONE', #4121, #3986, #11688 ) ;
#11482 = AXIS2_PLACEMENT_3D ( 'NONE', #2891, #11567, #3772 ) ;
#11483 = CARTESIAN_POINT ( 'NONE',  ( 24.15000000000000213, 2.299999999999999822, -2.782205948333395185 ) ) ;
#11484 = ORIENTED_EDGE ( 'NONE', *, *, #7814, .T. ) ;
#11485 = SURFACE_STYLE_FILL_AREA ( #12172 ) ;
#11486 = DIRECTION ( 'NONE',  ( 0.0000000000000000000, 0.0000000000000000000, -1.000000000000000000 ) ) ;
#11487 = DIRECTION ( 'NONE',  ( -1.000000000000000000, 0.0000000000000000000, 0.0000000000000000000 ) ) ;
#11488 = ORIENTED_EDGE ( 'NONE', *, *, #8336, .F. ) ;
#11489 = DIRECTION ( 'NONE',  ( 0.0000000000000000000, 0.0000000000000000000, 1.000000000000000000 ) ) ;
#11490 = FILL_AREA_STYLE_COLOUR ( '', #1117 ) ;
#11491 = CONICAL_SURFACE ( 'NONE', #3178, 4.883974596296410731, 1.047197551218455480 ) ;
#11492 = EDGE_CURVE ( 'NONE', #410, #124, #4504, .T. ) ;
#11493 = ORIENTED_EDGE ( 'NONE', *, *, #4894, .T. ) ;
#11494 = ORIENTED_EDGE ( 'NONE', *, *, #8928, .F. ) ;
#11495 = EDGE_LOOP ( 'NONE', ( #6465, #1167, #4873, #169 ) ) ;
#11496 = PRESENTATION_LAYER_ASSIGNMENT (  '', '', ( #1384 ) ) ;
#11497 = CARTESIAN_POINT ( 'NONE',  ( -51.29999999999999716, -1.199999999999999956, -13.79999999999999893 ) ) ;
#11498 = ADVANCED_FACE ( 'NONE', ( #8549 ), #10160, .F. ) ;
#11499 = ORIENTED_EDGE ( 'NONE', *, *, #867, .T. ) ;
#11500 = STYLED_ITEM ( 'NONE', ( #11704 ), #9341 ) ;
#11501 = DIRECTION ( 'NONE',  ( 3.850681413985710828E-17, 0.01745240643728355329, -0.9998476951563912696 ) ) ;
#11502 = SURFACE_SIDE_STYLE ('',( #9746 ) ) ;
#11503 = DIRECTION ( 'NONE',  ( 0.8356341412805736724, 0.0000000000000000000, 0.5492864297670918550 ) ) ;
#11504 = ORIENTED_EDGE ( 'NONE', *, *, #12076, .F. ) ;
#11505 = DIRECTION ( 'NONE',  ( 4.661406968164319985E-16, 0.0000000000000000000, 1.000000000000000000 ) ) ;
#11506 =( NAMED_UNIT ( * ) PLANE_ANGLE_UNIT ( ) SI_UNIT ( $, .RADIAN. ) );
#11507 = EDGE_LOOP ( 'NONE', ( #5407, #4313, #12098, #10760 ) ) ;
#11509 = EDGE_LOOP ( 'NONE', ( #2802, #1621, #6101, #11366 ) ) ;
#11508 = FACE_OUTER_BOUND ( 'NONE', #3183, .T. ) ;
#11510 = ORIENTED_EDGE ( 'NONE', *, *, #8294, .F. ) ;
#11512 = ORIENTED_EDGE ( 'NONE', *, *, #5939, .T. ) ;
#11511 = DIRECTION ( 'NONE',  ( 0.0000000000000000000, 0.0000000000000000000, -1.000000000000000000 ) ) ;
#11513 = EDGE_CURVE ( 'NONE', #10072, #11604, #109, .T. ) ;
#11514 = UNCERTAINTY_MEASURE_WITH_UNIT (LENGTH_MEASURE( 1.000000000000000082E-05 ), #3916, 'distance_accuracy_value', 'NONE');
#11515 = FILL_AREA_STYLE ('',( #3932 ) ) ;
#11516 =( LENGTH_UNIT ( ) NAMED_UNIT ( * ) SI_UNIT ( .MILLI., .METRE. ) );
#11517 = CARTESIAN_POINT ( 'NONE',  ( -27.37420785902429898, -0.3723875527871992608, -13.72986072935290913 ) ) ;
#11518 = PRESENTATION_LAYER_ASSIGNMENT (  '', '', ( #7230 ) ) ;
#11519 = EDGE_LOOP ( 'NONE', ( #8479, #1625, #2400, #5387 ) ) ;
#11520 = PRESENTATION_STYLE_ASSIGNMENT (( #8216 ) ) ;
#11521 = MECHANICAL_DESIGN_GEOMETRIC_PRESENTATION_REPRESENTATION (  '', ( #6443 ), #5616 ) ;
#11522 = DIRECTION ( 'NONE',  ( 1.611748527043849995E-18, 1.000000000000000000, -8.312746606169650079E-35 ) ) ;
#11523 = DIRECTION ( 'NONE',  ( 0.0000000000000000000, 0.0000000000000000000, -1.000000000000000000 ) ) ;
#11525 = B_SPLINE_CURVE_WITH_KNOTS ( 'NONE', 3,
 ( #2197, #8983, #6205, #407 ),
 .UNSPECIFIED., .F., .F.,
 ( 4, 4 ),
 ( 0.0000000000000000000, 1.000000000000000000 ),
 .UNSPECIFIED. ) ;
#11524 = PRESENTATION_LAYER_ASSIGNMENT (  '', '', ( #10009 ) ) ;
#11526 = FILL_AREA_STYLE_COLOUR ( '', #348 ) ;
#11527 = ORIENTED_EDGE ( 'NONE', *, *, #6176, .F. ) ;
#11528 = DIRECTION ( 'NONE',  ( 0.9998476951563912696, 0.01745240643728355329, 0.0000000000000000000 ) ) ;
#11529 = EDGE_CURVE ( 'NONE', #62, #9301, #12385, .T. ) ;
#11530 = ORIENTED_EDGE ( 'NONE', *, *, #11094, .F. ) ;
#11531 = CARTESIAN_POINT ( 'NONE',  ( 38.66110576748859273, 3.500000000000000000, 1.085413590647555937 ) ) ;
#11532 = EDGE_CURVE ( 'NONE', #5262, #10159, #9624, .T. ) ;
#11533 = PRESENTATION_STYLE_ASSIGNMENT (( #11663 ) ) ;
#11534 = SURFACE_SIDE_STYLE ('',( #780 ) ) ;
#11535 = CARTESIAN_POINT ( 'NONE',  ( -47.50000000000000000, -1.199999999982991783, 10.00000000000000000 ) ) ;
#11536 = CARTESIAN_POINT ( 'NONE',  ( -51.29999999999999716, -0.09999999998215104713, -10.50000000000000000 ) ) ;
#11537 =( GEOMETRIC_REPRESENTATION_CONTEXT ( 3 ) GLOBAL_UNCERTAINTY_ASSIGNED_CONTEXT ( ( #11599 ) ) GLOBAL_UNIT_ASSIGNED_CONTEXT ( ( #1837, #7718, #11414 ) ) REPRESENTATION_CONTEXT ( 'NONE', 'WORKASPACE' ) );
#11538 =( NAMED_UNIT ( * ) SI_UNIT ( $, .STERADIAN. ) SOLID_ANGLE_UNIT ( ) );
#11539 = DIRECTION ( 'NONE',  ( 0.0000000000000000000, 1.000000000000000000, 0.0000000000000000000 ) ) ;
#11540 = ORIENTED_EDGE ( 'NONE', *, *, #10788, .T. ) ;
#11541 = STYLED_ITEM ( 'NONE', ( #5618 ), #6599 ) ;
#11542 = CARTESIAN_POINT ( 'NONE',  ( -26.50000000000000000, 1.800000000000000044, 5.500000000000000000 ) ) ;
#11543 = PRESENTATION_LAYER_ASSIGNMENT (  '', '', ( #2168 ) ) ;
#11544 = EDGE_CURVE ( 'NONE', #11846, #3858, #1461, .T. ) ;
#11545 = DIRECTION ( 'NONE',  ( 4.346951598611969922E-16, 0.3420201433256661039, 0.9396926207859094271 ) ) ;
#11546 = EDGE_CURVE ( 'NONE', #10975, #8339, #10326, .T. ) ;
#11547 = CARTESIAN_POINT ( 'NONE',  ( -27.14127246753589873, 1.800000000000000044, 6.141272467535969781 ) ) ;
#11548 = ORIENTED_EDGE ( 'NONE', *, *, #383, .F. ) ;
#11549 = COLOUR_RGB ( '',0.7529411764705882248, 0.7529411764705882248, 0.7529411764705882248 ) ;
#11550 = DIRECTION ( 'NONE',  ( 1.420747337479355459E-15, 0.0000000000000000000, -1.000000000000000000 ) ) ;
#11551 = VECTOR ( 'NONE', #6303, 1000.000000000000000 ) ;
#11552 = PRESENTATION_LAYER_ASSIGNMENT (  '', '', ( #6399 ) ) ;
#11553 = LINE ( 'NONE', #4231, #4254 ) ;
#11554 =( LENGTH_UNIT ( ) NAMED_UNIT ( * ) SI_UNIT ( .MILLI., .METRE. ) );
#11555 = FILL_AREA_STYLE_COLOUR ( '', #3313 ) ;
#11556 = DIRECTION ( 'NONE',  ( 9.637352644314821666E-16, -1.000000000000000000, 6.023345402706629233E-17 ) ) ;
#11557 = UNCERTAINTY_MEASURE_WITH_UNIT (LENGTH_MEASURE( 1.000000000000000082E-05 ), #3848, 'distance_accuracy_value', 'NONE');
#11558 = MECHANICAL_DESIGN_GEOMETRIC_PRESENTATION_REPRESENTATION (  '', ( #3253 ), #1123 ) ;
#11559 = STYLED_ITEM ( 'NONE', ( #10163 ), #7653 ) ;
#11560 = DIRECTION ( 'NONE',  ( 0.0000000000000000000, 1.000000000000000000, 0.0000000000000000000 ) ) ;
#11561 = LINE ( 'NONE', #456, #9038 ) ;
#11562 = CARTESIAN_POINT ( 'NONE',  ( -47.50000000000000000, -1.199999999999999956, 10.00000000000000000 ) ) ;
#11563 = ORIENTED_EDGE ( 'NONE', *, *, #5236, .F. ) ;
#11564 = CARTESIAN_POINT ( 'NONE',  ( 21.00000000000000000, 3.405465559969194977, -11.00000000000000000 ) ) ;
#11565 = ADVANCED_FACE ( 'NONE', ( #7347 ), #11869, .F. ) ;
#11566 = SURFACE_SIDE_STYLE ('',( #3296 ) ) ;
#11567 = DIRECTION ( 'NONE',  ( -0.7071067811865441310, 0.7071067811865510144, 3.271025955591185342E-16 ) ) ;
#11568 = FILL_AREA_STYLE_COLOUR ( '', #7566 ) ;
#11569 = DIRECTION ( 'NONE',  ( 1.000000000000000000, 0.0000000000000000000, 0.0000000000000000000 ) ) ;
#11570 = CARTESIAN_POINT ( 'NONE',  ( 24.14127246753590228, 1.800000000000000044, -5.941272467535820390 ) ) ;
#11571 = LINE ( 'NONE', #9707, #621 ) ;
#11572 = VERTEX_POINT ( 'NONE', #7273 ) ;
#11573 = FACE_OUTER_BOUND ( 'NONE', #1542, .T. ) ;
#11574 = PLANE ( 'NONE',  #11130 ) ;
#11575 = MECHANICAL_DESIGN_GEOMETRIC_PRESENTATION_REPRESENTATION (  '', ( #10941 ), #12206 ) ;
#11576 = VERTEX_POINT ( 'NONE', #10057 ) ;
#11577 = DIRECTION ( 'NONE',  ( 0.0000000000000000000, 0.0000000000000000000, 1.000000000000000000 ) ) ;
#11578 = LINE ( 'NONE', #9669, #9058 ) ;
#11579 = ORIENTED_EDGE ( 'NONE', *, *, #7003, .T. ) ;
#11580 = CARTESIAN_POINT ( 'NONE',  ( -44.79932197965934648, -0.4000000000000000222, -7.200000000000000178 ) ) ;
#11581 = DIRECTION ( 'NONE',  ( 1.000000000000000000, 0.0000000000000000000, 0.0000000000000000000 ) ) ;
#11582 = EDGE_LOOP ( 'NONE', ( #8699, #6259, #5941, #3801, #1762 ) ) ;
#11583 = EDGE_CURVE ( 'NONE', #7497, #2692, #8688, .T. ) ;
#11584 =( LENGTH_UNIT ( ) NAMED_UNIT ( * ) SI_UNIT ( .MILLI., .METRE. ) );
#11585 =( GEOMETRIC_REPRESENTATION_CONTEXT ( 3 ) GLOBAL_UNCERTAINTY_ASSIGNED_CONTEXT ( ( #7450 ) ) GLOBAL_UNIT_ASSIGNED_CONTEXT ( ( #5826, #9702, #4985 ) ) REPRESENTATION_CONTEXT ( 'NONE', 'WORKASPACE' ) );
#11586 = SURFACE_STYLE_FILL_AREA ( #5667 ) ;
#11587 = CARTESIAN_POINT ( 'NONE',  ( -51.50000000000000000, 3.000000000000000000, 15.00000000000000000 ) ) ;
#11588 = AXIS2_PLACEMENT_3D ( 'NONE', #2671, #11319, #11364 ) ;
#11589 = PRESENTATION_LAYER_ASSIGNMENT (  '', '', ( #10958 ) ) ;
#11590 = COLOUR_RGB ( '',0.7529411764705882248, 0.7529411764705882248, 0.7529411764705882248 ) ;
#11591 = DIRECTION ( 'NONE',  ( 0.0000000000000000000, -1.000000000000000000, 0.0000000000000000000 ) ) ;
#11592 = UNCERTAINTY_MEASURE_WITH_UNIT (LENGTH_MEASURE( 1.000000000000000082E-05 ), #12184, 'distance_accuracy_value', 'NONE');
#11594 = ORIENTED_EDGE ( 'NONE', *, *, #2662, .F. ) ;
#11593 = FILL_AREA_STYLE ('',( #1949 ) ) ;
#11595 = FILL_AREA_STYLE ('',( #6955 ) ) ;
#11596 = ORIENTED_EDGE ( 'NONE', *, *, #7569, .F. ) ;
#11597 = FACE_BOUND ( 'NONE', #8254, .T. ) ;
#11598 = DIRECTION ( 'NONE',  ( 0.0000000000000000000, -1.000000000000000000, 0.0000000000000000000 ) ) ;
#11599 = UNCERTAINTY_MEASURE_WITH_UNIT (LENGTH_MEASURE( 1.000000000000000082E-05 ), #1837, 'distance_accuracy_value', 'NONE');
#11600 = MECHANICAL_DESIGN_GEOMETRIC_PRESENTATION_REPRESENTATION (  '', ( #1829 ), #5053 ) ;
#11601 =( GEOMETRIC_REPRESENTATION_CONTEXT ( 3 ) GLOBAL_UNCERTAINTY_ASSIGNED_CONTEXT ( ( #561 ) ) GLOBAL_UNIT_ASSIGNED_CONTEXT ( ( #9186, #7310, #1539 ) ) REPRESENTATION_CONTEXT ( 'NONE', 'WORKASPACE' ) );
#11602 = VERTEX_POINT ( 'NONE', #5308 ) ;
#11603 = CARTESIAN_POINT ( 'NONE',  ( 23.50000000000000000, -1.200000000021375079, -5.299999999999999822 ) ) ;
#11604 = VERTEX_POINT ( 'NONE', #3418 ) ;
#11605 = PRESENTATION_LAYER_ASSIGNMENT (  '', '', ( #1581 ) ) ;
#11606 = CARTESIAN_POINT ( 'NONE',  ( -26.50000000000000000, -0.6999999999999999556, 5.500000000000079048 ) ) ;
#11607 = CARTESIAN_POINT ( 'NONE',  ( 37.63824873692700379, 3.066987298041115029, 2.101768647894239894 ) ) ;
#11608 =( NAMED_UNIT ( * ) SI_UNIT ( $, .STERADIAN. ) SOLID_ANGLE_UNIT ( ) );
#11609 = EDGE_CURVE ( 'NONE', #11370, #8845, #4342, .T. ) ;
#11610 = CARTESIAN_POINT ( 'NONE',  ( -44.50000000000000000, -1.200000000000000178, 21.39567676978599664 ) ) ;
#11611 = DIRECTION ( 'NONE',  ( 0.0000000000000000000, -1.000000000000000000, 0.0000000000000000000 ) ) ;
#11612 = EDGE_CURVE ( 'NONE', #294, #12012, #838, .T. ) ;
#11613 =( NAMED_UNIT ( * ) SI_UNIT ( $, .STERADIAN. ) SOLID_ANGLE_UNIT ( ) );
#11614 = ADVANCED_FACE ( 'NONE', ( #4040 ), #11257, .F. ) ;
#11615 = STYLED_ITEM ( 'NONE', ( #8921 ), #3938 ) ;
#11616 = COLOUR_RGB ( '',0.7529411764705882248, 0.7529411764705882248, 0.7529411764705882248 ) ;
#11617 = VECTOR ( 'NONE', #2339, 1000.000000000000000 ) ;
#11618 =( NAMED_UNIT ( * ) PLANE_ANGLE_UNIT ( ) SI_UNIT ( $, .RADIAN. ) );
#11619 = CARTESIAN_POINT ( 'NONE',  ( -26.50000000000000000, -0.6291582739833500026, -7.090035920607360431 ) ) ;
#11620 = FACE_OUTER_BOUND ( 'NONE', #12141, .T. ) ;
#11621 = SURFACE_SIDE_STYLE ('',( #7415 ) ) ;
#11622 = PRESENTATION_STYLE_ASSIGNMENT (( #2962 ) ) ;
#11623 = VECTOR ( 'NONE', #3955, 1000.000000000000000 ) ;
#11624 = SURFACE_STYLE_USAGE ( .BOTH. , #1164 ) ;
#11625 = EDGE_CURVE ( 'NONE', #7935, #5419, #242, .T. ) ;
#11626 = VERTEX_POINT ( 'NONE', #12153 ) ;
#11627 = COLOUR_RGB ( '',0.7529411764705882248, 0.7529411764705882248, 0.7529411764705882248 ) ;
#11628 = DIRECTION ( 'NONE',  ( 0.0000000000000000000, 0.0000000000000000000, 1.000000000000000000 ) ) ;
#11629 =( LENGTH_UNIT ( ) NAMED_UNIT ( * ) SI_UNIT ( .MILLI., .METRE. ) );
#11630 = DIRECTION ( 'NONE',  ( 0.0000000000000000000, -1.000000000000000000, 0.0000000000000000000 ) ) ;
#11631 = VECTOR ( 'NONE', #11729, 1000.000000000000000 ) ;
#11632 = EDGE_LOOP ( 'NONE', ( #2780, #6394, #1319, #5813 ) ) ;
#11633 = AXIS2_PLACEMENT_3D ( 'NONE', #8207, #9426, #2465 ) ;
#11634 = VERTEX_POINT ( 'NONE', #403 ) ;
#11635 = DIRECTION ( 'NONE',  ( 0.0000000000000000000, 0.0000000000000000000, 1.000000000000000000 ) ) ;
#11636 = CARTESIAN_POINT ( 'NONE',  ( -51.56589483574133936, 2.934000227184168086, -15.00000001537855709 ) ) ;
#11637 = VECTOR ( 'NONE', #7485, 1000.000000000000000 ) ;
#11638 = CARTESIAN_POINT ( 'NONE',  ( 40.98601531495469175, 3.500000000000000000, -0.5816223908923109365 ) ) ;
#11639 = EDGE_LOOP ( 'NONE', ( #2169, #2238, #11716, #4650 ) ) ;
#11640 = FILL_AREA_STYLE_COLOUR ( '', #4652 ) ;
#11641 = ORIENTED_EDGE ( 'NONE', *, *, #4998, .T. ) ;
#11642 = AXIS2_PLACEMENT_3D ( 'NONE', #5442, #1745, #5486 ) ;
#11643 =( GEOMETRIC_REPRESENTATION_CONTEXT ( 3 ) GLOBAL_UNCERTAINTY_ASSIGNED_CONTEXT ( ( #9797 ) ) GLOBAL_UNIT_ASSIGNED_CONTEXT ( ( #8511, #3644, #3686 ) ) REPRESENTATION_CONTEXT ( 'NONE', 'WORKASPACE' ) );
#11644 =( LENGTH_UNIT ( ) NAMED_UNIT ( * ) SI_UNIT ( .MILLI., .METRE. ) );
#11645 = CARTESIAN_POINT ( 'NONE',  ( 23.50000000000000000, 1.200000000001454792, -5.299999999999999822 ) ) ;
#11647 = ORIENTED_EDGE ( 'NONE', *, *, #3668, .T. ) ;
#11646 = CARTESIAN_POINT ( 'NONE',  ( -27.15000000000000213, 2.299999999999999822, -2.782205948333395185 ) ) ;
#11648 = FILL_AREA_STYLE_COLOUR ( '', #2974 ) ;
#11649 = ORIENTED_EDGE ( 'NONE', *, *, #4363, .T. ) ;
#11651 = EDGE_LOOP ( 'NONE', ( #6900, #6707, #2870, #8103 ) ) ;
#11650 = VECTOR ( 'NONE', #1171, 1000.000000000000000 ) ;
#11652 = SURFACE_SIDE_STYLE ('',( #3873 ) ) ;
#11653 = ORIENTED_EDGE ( 'NONE', *, *, #2978, .F. ) ;
#11654 = FILL_AREA_STYLE ('',( #2131 ) ) ;
#11655 = EDGE_LOOP ( 'NONE', ( #2947, #2990 ) ) ;
#11656 = CARTESIAN_POINT ( 'NONE',  ( 51.29999999999999716, -1.199999999999999956, -13.79999999999999893 ) ) ;
#11657 = ORIENTED_EDGE ( 'NONE', *, *, #11903, .T. ) ;
#11658 =( NAMED_UNIT ( * ) PLANE_ANGLE_UNIT ( ) SI_UNIT ( $, .RADIAN. ) );
#11659 = EDGE_CURVE ( 'NONE', #12088, #10991, #1774, .T. ) ;
#11660 = DIRECTION ( 'NONE',  ( 0.0000000000000000000, -1.000000000000000000, 0.0000000000000000000 ) ) ;
#11661 = ORIENTED_EDGE ( 'NONE', *, *, #3167, .F. ) ;
#11662 = AXIS2_PLACEMENT_3D ( 'NONE', #5810, #11545, #9721 ) ;
#11663 = SURFACE_STYLE_USAGE ( .BOTH. , #9927 ) ;
#11664 = FACE_OUTER_BOUND ( 'NONE', #6503, .T. ) ;
#11665 = PRESENTATION_STYLE_ASSIGNMENT (( #2139 ) ) ;
#11666 = ORIENTED_EDGE ( 'NONE', *, *, #3472, .T. ) ;
#11667 = DIRECTION ( 'NONE',  ( 0.0000000000000000000, 1.000000000000000000, 0.0000000000000000000 ) ) ;
#11668 = ORIENTED_EDGE ( 'NONE', *, *, #11612, .T. ) ;
#11669 = EDGE_CURVE ( 'NONE', #2110, #5844, #5843, .T. ) ;
#11670 =( NAMED_UNIT ( * ) PLANE_ANGLE_UNIT ( ) SI_UNIT ( $, .RADIAN. ) );
#11671 = DIRECTION ( 'NONE',  ( -0.0000000000000000000, 1.000000000000000000, 0.0000000000000000000 ) ) ;
#11672 = DIRECTION ( 'NONE',  ( 0.0000000000000000000, -1.000000000000000000, 0.0000000000000000000 ) ) ;
#11673 = AXIS2_PLACEMENT_3D ( 'NONE', #11542, #8645, #5838 ) ;
#11674 =( GEOMETRIC_REPRESENTATION_CONTEXT ( 3 ) GLOBAL_UNCERTAINTY_ASSIGNED_CONTEXT ( ( #11335 ) ) GLOBAL_UNIT_ASSIGNED_CONTEXT ( ( #6371, #7484, #5509 ) ) REPRESENTATION_CONTEXT ( 'NONE', 'WORKASPACE' ) );
#11675 = DIRECTION ( 'NONE',  ( 1.000000000000000000, 0.0000000000000000000, 0.0000000000000000000 ) ) ;
#11676 = FILL_AREA_STYLE ('',( #3975 ) ) ;
#11677 = STYLED_ITEM ( 'NONE', ( #11962 ), #10951 ) ;
#11678 =( LENGTH_UNIT ( ) NAMED_UNIT ( * ) SI_UNIT ( .MILLI., .METRE. ) );
#11679 = ADVANCED_FACE ( 'NONE', ( #11206 ), #10903, .T. ) ;
#11680 = SURFACE_STYLE_FILL_AREA ( #7292 ) ;
#11681 = ORIENTED_EDGE ( 'NONE', *, *, #11143, .T. ) ;
#11682 = EDGE_CURVE ( 'NONE', #5014, #6482, #12231, .T. ) ;
#11683 =( LENGTH_UNIT ( ) NAMED_UNIT ( * ) SI_UNIT ( .MILLI., .METRE. ) );
#11684 = DIRECTION ( 'NONE',  ( -2.312964634635719784E-16, 2.312964634635744929E-16, -1.000000000000000000 ) ) ;
#11685 =( LENGTH_UNIT ( ) NAMED_UNIT ( * ) SI_UNIT ( .MILLI., .METRE. ) );
#11686 = FILL_AREA_STYLE_COLOUR ( '', #9424 ) ;
#11687 = STYLED_ITEM ( 'NONE', ( #3105 ), #3558 ) ;
#11688 = DIRECTION ( 'NONE',  ( 0.0000000000000000000, 0.0000000000000000000, 1.000000000000000000 ) ) ;
#11689 = DIRECTION ( 'NONE',  ( 0.0000000000000000000, 1.000000000000000000, 0.0000000000000000000 ) ) ;
#11690 = CARTESIAN_POINT ( 'NONE',  ( -50.70000000000000284, -1.200000000000000178, 21.39567676978599664 ) ) ;
#11691 = DIRECTION ( 'NONE',  ( -1.000000000000000000, 0.0000000000000000000, 0.0000000000000000000 ) ) ;
#11692 = SURFACE_STYLE_FILL_AREA ( #5319 ) ;
#11693 = VERTEX_POINT ( 'NONE', #3494 ) ;
#11695 = UNCERTAINTY_MEASURE_WITH_UNIT (LENGTH_MEASURE( 1.000000000000000082E-05 ), #55, 'distance_accuracy_value', 'NONE');
#11694 = FILL_AREA_STYLE ('',( #67 ) ) ;
#11696 = EDGE_CURVE ( 'NONE', #8975, #270, #7936, .T. ) ;
#11697 = CARTESIAN_POINT ( 'NONE',  ( -26.50000000000000000, 1.800000000000000044, -5.299999999999999822 ) ) ;
#11698 =( NAMED_UNIT ( * ) PLANE_ANGLE_UNIT ( ) SI_UNIT ( $, .RADIAN. ) );
#11699 = EDGE_CURVE ( 'NONE', #9875, #1303, #10610, .T. ) ;
#11700 = DIRECTION ( 'NONE',  ( 1.000000000000000000, 5.288791085217827275E-17, 0.0000000000000000000 ) ) ;
#11701 = AXIS2_PLACEMENT_3D ( 'NONE', #12291, #5607, #7495 ) ;
#11702 = PRESENTATION_STYLE_ASSIGNMENT (( #10982 ) ) ;
#11703 = VERTEX_POINT ( 'NONE', #728 ) ;
#11704 = PRESENTATION_STYLE_ASSIGNMENT (( #6175 ) ) ;
#11705 = CARTESIAN_POINT ( 'NONE',  ( -25.48770367502785916, 1.119802913808595646, -12.84891088079231025 ) ) ;
#11706 = STYLED_ITEM ( 'NONE', ( #4445 ), #626 ) ;
#11707 = STYLED_ITEM ( 'NONE', ( #3009 ), #7527 ) ;
#11709 = ORIENTED_EDGE ( 'NONE', *, *, #4270, .T. ) ;
#11708 = STYLED_ITEM ( 'NONE', ( #4907 ), #12243 ) ;
#11710 = COLOUR_RGB ( '',0.7529411764705882248, 0.7529411764705882248, 0.7529411764705882248 ) ;
#11711 =( NAMED_UNIT ( * ) SI_UNIT ( $, .STERADIAN. ) SOLID_ANGLE_UNIT ( ) );
#11712 = DIRECTION ( 'NONE',  ( 1.000000000000000000, 0.0000000000000000000, 1.003088512701683880E-31 ) ) ;
#11713 = EDGE_LOOP ( 'NONE', ( #6664, #12259, #6758, #275 ) ) ;
#11714 = CARTESIAN_POINT ( 'NONE',  ( -51.53628820859243831, 2.960941406435555034, -14.99999983868088194 ) ) ;
#11715 = EDGE_LOOP ( 'NONE', ( #2580, #4290, #1077, #8689 ) ) ;
#11716 = ORIENTED_EDGE ( 'NONE', *, *, #10218, .T. ) ;
#11717 =( NAMED_UNIT ( * ) PLANE_ANGLE_UNIT ( ) SI_UNIT ( $, .RADIAN. ) );
#11718 = VERTEX_POINT ( 'NONE', #10351 ) ;
#11719 = DIRECTION ( 'NONE',  ( 0.0000000000000000000, 0.0000000000000000000, 1.000000000000000000 ) ) ;
#11720 = ORIENTED_EDGE ( 'NONE', *, *, #6773, .F. ) ;
#11721 = PRESENTATION_STYLE_ASSIGNMENT (( #7570 ) ) ;
#11722 = EDGE_CURVE ( 'NONE', #5177, #1929, #8384, .T. ) ;
#11723 = DIRECTION ( 'NONE',  ( -8.432683563761130178E-16, -1.000000000000000000, 6.023345402686529304E-17 ) ) ;
#11724 = CARTESIAN_POINT ( 'NONE',  ( 22.84550502196804800, -0.3069809625912964801, -5.299999999999929656 ) ) ;
#11725 = CARTESIAN_POINT ( 'NONE',  ( 37.63824873692700379, 3.500000000000000000, -11.00000000000000000 ) ) ;
#11726 = CIRCLE ( 'NONE', #7071, 1.758107844172310141 ) ;
#11727 = PRESENTATION_LAYER_ASSIGNMENT (  '', '', ( #5926 ) ) ;
#11728 = FILL_AREA_STYLE ('',( #5156 ) ) ;
#11729 = DIRECTION ( 'NONE',  ( 0.0000000000000000000, 0.0000000000000000000, 1.000000000000000000 ) ) ;
#11730 = DIRECTION ( 'NONE',  ( 0.0000000000000000000, -0.01745240643728355329, 0.9998476951563912696 ) ) ;
#11731 = ORIENTED_EDGE ( 'NONE', *, *, #9646, .F. ) ;
#11732 = CARTESIAN_POINT ( 'NONE',  ( 24.15000000000000213, 2.299999999999999822, 1.698178942940104852 ) ) ;
#11733 = PRESENTATION_LAYER_ASSIGNMENT (  '', '', ( #17 ) ) ;
#11734 = AXIS2_PLACEMENT_3D ( 'NONE', #8080, #11881, #7045 ) ;
#11735 = VERTEX_POINT ( 'NONE', #8480 ) ;
#11736 = VECTOR ( 'NONE', #676, 1000.000000000000000 ) ;
#11737 = LINE ( 'NONE', #5820, #6998 ) ;
#11738 = LINE ( 'NONE', #4473, #5652 ) ;
#11739 = DIRECTION ( 'NONE',  ( -0.01744974916068024393, 0.9996954598818874604, -0.01744974916068368909 ) ) ;
#11740 = ADVANCED_FACE ( 'NONE', ( #5381 ), #9271, .T. ) ;
#11741 = CARTESIAN_POINT ( 'NONE',  ( 24.12207187821429955, 0.4000010255234885959, 3.840674809242214938 ) ) ;
#11742 = CARTESIAN_POINT ( 'NONE',  ( -68.60321982055950230, -1.200000000000000178, -11.60036725769279897 ) ) ;
#11743 = EDGE_CURVE ( 'NONE', #11116, #6730, #5528, .T. ) ;
#11744 = UNCERTAINTY_MEASURE_WITH_UNIT (LENGTH_MEASURE( 1.000000000000000082E-05 ), #8338, 'distance_accuracy_value', 'NONE');
#11745 = ORIENTED_EDGE ( 'NONE', *, *, #1202, .T. ) ;
#11746 =( GEOMETRIC_REPRESENTATION_CONTEXT ( 3 ) GLOBAL_UNCERTAINTY_ASSIGNED_CONTEXT ( ( #11514 ) ) GLOBAL_UNIT_ASSIGNED_CONTEXT ( ( #3916, #2047, #10584 ) ) REPRESENTATION_CONTEXT ( 'NONE', 'WORKASPACE' ) );
#11747 = ORIENTED_EDGE ( 'NONE', *, *, #2590, .F. ) ;
#11748 =( GEOMETRIC_REPRESENTATION_CONTEXT ( 3 ) GLOBAL_UNCERTAINTY_ASSIGNED_CONTEXT ( ( #8671 ) ) GLOBAL_UNIT_ASSIGNED_CONTEXT ( ( #6918, #9062, #5138 ) ) REPRESENTATION_CONTEXT ( 'NONE', 'WORKASPACE' ) );
#11749 = CIRCLE ( 'NONE', #11149, 0.6912724675373497218 ) ;
#11750 = LINE ( 'NONE', #3544, #10427 ) ;
#11751 = FACE_OUTER_BOUND ( 'NONE', #11827, .T. ) ;
#11752 =( LENGTH_UNIT ( ) NAMED_UNIT ( * ) SI_UNIT ( .MILLI., .METRE. ) );
#11753 = UNCERTAINTY_MEASURE_WITH_UNIT (LENGTH_MEASURE( 1.000000000000000082E-05 ), #5588, 'distance_accuracy_value', 'NONE');
#11754 = CARTESIAN_POINT ( 'NONE',  ( -51.29999999999999716, -1.200000000000000178, -7.050806661529700037 ) ) ;
#11755 = CARTESIAN_POINT ( 'NONE',  ( -38.80734283176445132, 3.500000000000000000, 7.005680400517160678 ) ) ;
#11756 = CARTESIAN_POINT ( 'NONE',  ( 23.50000000000000000, 1.800000000000000044, 5.500000000000000000 ) ) ;
#11757 = CIRCLE ( 'NONE', #10574, 0.1999999999999996503 ) ;
#11758 = LINE ( 'NONE', #10203, #3706 ) ;
#11759 = CARTESIAN_POINT ( 'NONE',  ( -52.50000000000000000, -0.1000000000000000056, -6.926679946931850296 ) ) ;
#11760 = EDGE_CURVE ( 'NONE', #3219, #4522, #11782, .T. ) ;
#11761 = DIRECTION ( 'NONE',  ( 1.000000000000000000, 0.0000000000000000000, 0.0000000000000000000 ) ) ;
#11762 = SURFACE_SIDE_STYLE ('',( #3738 ) ) ;
#11763 = COLOUR_RGB ( '',0.7529411764705882248, 0.7529411764705882248, 0.7529411764705882248 ) ;
#11764 =( GEOMETRIC_REPRESENTATION_CONTEXT ( 3 ) GLOBAL_UNCERTAINTY_ASSIGNED_CONTEXT ( ( #6816 ) ) GLOBAL_UNIT_ASSIGNED_CONTEXT ( ( #1308, #1351, #5159 ) ) REPRESENTATION_CONTEXT ( 'NONE', 'WORKASPACE' ) );
#11765 = PRESENTATION_LAYER_ASSIGNMENT (  '', '', ( #9704 ) ) ;
#11766 =( NAMED_UNIT ( * ) SI_UNIT ( $, .STERADIAN. ) SOLID_ANGLE_UNIT ( ) );
#11767 = COLOUR_RGB ( '',0.7529411764705882248, 0.7529411764705882248, 0.7529411764705882248 ) ;
#11768 = CARTESIAN_POINT ( 'NONE',  ( 3.975863991602934799, 1.800000000000039790, 4.858727532464159893 ) ) ;
#11769 =( GEOMETRIC_REPRESENTATION_CONTEXT ( 3 ) GLOBAL_UNCERTAINTY_ASSIGNED_CONTEXT ( ( #8141 ) ) GLOBAL_UNIT_ASSIGNED_CONTEXT ( ( #9759, #1114, #5002 ) ) REPRESENTATION_CONTEXT ( 'NONE', 'WORKASPACE' ) );
#11770 = SURFACE_STYLE_USAGE ( .BOTH. , #2378 ) ;
#11771 =( NAMED_UNIT ( * ) SI_UNIT ( $, .STERADIAN. ) SOLID_ANGLE_UNIT ( ) );
#11772 = DIRECTION ( 'NONE',  ( 0.0000000000000000000, 1.000000000000000000, 0.0000000000000000000 ) ) ;
#11773 = EDGE_CURVE ( 'NONE', #10311, #5719, #3884, .T. ) ;
#11774 = SURFACE_SIDE_STYLE ('',( #2083 ) ) ;
#11775 = DIRECTION ( 'NONE',  ( 0.0000000000000000000, 0.0000000000000000000, 1.000000000000000000 ) ) ;
#11776 = SURFACE_SIDE_STYLE ('',( #1766 ) ) ;
#11777 = UNCERTAINTY_MEASURE_WITH_UNIT (LENGTH_MEASURE( 1.000000000000000082E-05 ), #11231, 'distance_accuracy_value', 'NONE');
#11778 = EDGE_CURVE ( 'NONE', #11718, #9140, #9569, .T. ) ;
#11779 = UNCERTAINTY_MEASURE_WITH_UNIT (LENGTH_MEASURE( 1.000000000000000082E-05 ), #3948, 'distance_accuracy_value', 'NONE');
#11780 = DIRECTION ( 'NONE',  ( 0.0000000000000000000, -1.000000000000000000, 0.0000000000000000000 ) ) ;
#11781 = VERTEX_POINT ( 'NONE', #4732 ) ;
#11782 = LINE ( 'NONE', #10386, #5230 ) ;
#11783 = DIRECTION ( 'NONE',  ( 1.524970082507730041E-15, 0.0000000000000000000, 1.000000000000000000 ) ) ;
#11784 =( GEOMETRIC_REPRESENTATION_CONTEXT ( 3 ) GLOBAL_UNCERTAINTY_ASSIGNED_CONTEXT ( ( #5894 ) ) GLOBAL_UNIT_ASSIGNED_CONTEXT ( ( #8110, #3292, #9970 ) ) REPRESENTATION_CONTEXT ( 'NONE', 'WORKASPACE' ) );
#11785 = DIRECTION ( 'NONE',  ( -0.0000000000000000000, 1.000000000000000000, 0.0000000000000000000 ) ) ;
#11786 = DIRECTION ( 'NONE',  ( -3.136830188958564863E-16, -1.000000000000000000, 0.0000000000000000000 ) ) ;
#11787 = COLOUR_RGB ( '',0.7529411764705882248, 0.7529411764705882248, 0.7529411764705882248 ) ;
#11788 = PRESENTATION_LAYER_ASSIGNMENT (  '', '', ( #2359 ) ) ;
#11790 = PRESENTATION_LAYER_ASSIGNMENT (  '', '', ( #11160 ) ) ;
#11789 = LINE ( 'NONE', #6686, #6608 ) ;
#11791 = ORIENTED_EDGE ( 'NONE', *, *, #11361, .T. ) ;
#11792 = VERTEX_POINT ( 'NONE', #1844 ) ;
#11793 = ORIENTED_EDGE ( 'NONE', *, *, #2272, .F. ) ;
#11794 = VERTEX_POINT ( 'NONE', #4813 ) ;
#11795 = DIRECTION ( 'NONE',  ( -0.5492864297670906337, 0.0000000000000000000, 0.8356341412805743385 ) ) ;
#11796 = ORIENTED_EDGE ( 'NONE', *, *, #5066, .F. ) ;
#11797 =( LENGTH_UNIT ( ) NAMED_UNIT ( * ) SI_UNIT ( .MILLI., .METRE. ) );
#11798 = CARTESIAN_POINT ( 'NONE',  ( 50.66508987014359633, 0.7999999999999999334, 21.39567676978599664 ) ) ;
#11799 = CARTESIAN_POINT ( 'NONE',  ( 51.50000000000000000, -2.700000000000000178, -14.00000000000000000 ) ) ;
#11800 = SURFACE_SIDE_STYLE ('',( #8351 ) ) ;
#11801 = ADVANCED_FACE ( 'NONE', ( #11345, #10297 ), #6141, .T. ) ;
#11802 = EDGE_LOOP ( 'NONE', ( #1999, #10048, #9607 ) ) ;
#11804 = ORIENTED_EDGE ( 'NONE', *, *, #8985, .T. ) ;
#11803 = CIRCLE ( 'NONE', #6533, 0.2545558999690680779 ) ;
#11805 = ORIENTED_EDGE ( 'NONE', *, *, #7498, .T. ) ;
#11806 = SURFACE_STYLE_FILL_AREA ( #6734 ) ;
#11807 = ORIENTED_EDGE ( 'NONE', *, *, #1019, .F. ) ;
#11808 = PRESENTATION_LAYER_ASSIGNMENT (  '', '', ( #2375 ) ) ;
#11809 = EDGE_LOOP ( 'NONE', ( #10854, #11512, #10900, #9059 ) ) ;
#11810 = FILL_AREA_STYLE_COLOUR ( '', #9507 ) ;
#11811 = DIRECTION ( 'NONE',  ( -1.000000000000000000, 0.0000000000000000000, 0.0000000000000000000 ) ) ;
#11812 =( NAMED_UNIT ( * ) SI_UNIT ( $, .STERADIAN. ) SOLID_ANGLE_UNIT ( ) );
#11813 = ORIENTED_EDGE ( 'NONE', *, *, #10502, .F. ) ;
#11814 = CARTESIAN_POINT ( 'NONE',  ( -32.23495939512579866, 3.066987298097954895, 8.080378074460210058 ) ) ;
#11815 = CARTESIAN_POINT ( 'NONE',  ( -26.50000000000000000, -0.6999999999999999556, -5.299999999999919886 ) ) ;
#11816 =( NAMED_UNIT ( * ) PLANE_ANGLE_UNIT ( ) SI_UNIT ( $, .RADIAN. ) );
#11817 = ADVANCED_FACE ( 'NONE', ( #8372 ), #6454, .F. ) ;
#11818 = ORIENTED_EDGE ( 'NONE', *, *, #5161, .F. ) ;
#11819 = CARTESIAN_POINT ( 'NONE',  ( -24.83102601314719848, -0.3999990008944300235, -5.936035930617969747 ) ) ;
#11820 = EDGE_CURVE ( 'NONE', #346, #108, #4332, .T. ) ;
#11821 = PRESENTATION_LAYER_ASSIGNMENT (  '', '', ( #10080 ) ) ;
#11822 =( GEOMETRIC_REPRESENTATION_CONTEXT ( 3 ) GLOBAL_UNCERTAINTY_ASSIGNED_CONTEXT ( ( #799 ) ) GLOBAL_UNIT_ASSIGNED_CONTEXT ( ( #8913, #5152, #421 ) ) REPRESENTATION_CONTEXT ( 'NONE', 'WORKASPACE' ) );
#11823 = STYLED_ITEM ( 'NONE', ( #9890 ), #10387 ) ;
#11824 = SURFACE_STYLE_FILL_AREA ( #10454 ) ;
#11825 = PLANE ( 'NONE',  #664 ) ;
#11826 = SURFACE_STYLE_FILL_AREA ( #1556 ) ;
#11827 = EDGE_LOOP ( 'NONE', ( #556, #11318, #8183, #7338, #1959 ) ) ;
#11828 = SURFACE_STYLE_FILL_AREA ( #7425 ) ;
#11829 = DIRECTION ( 'NONE',  ( 0.0000000000000000000, 1.000000000000000000, 0.0000000000000000000 ) ) ;
#11830 = CARTESIAN_POINT ( 'NONE',  ( -52.50000000000000000, 1.800000000000000044, 4.858727532464179433 ) ) ;
#11831 =( NAMED_UNIT ( * ) SI_UNIT ( $, .STERADIAN. ) SOLID_ANGLE_UNIT ( ) );
#11832 = MECHANICAL_DESIGN_GEOMETRIC_PRESENTATION_REPRESENTATION (  '', ( #2651 ), #2242 ) ;
#11833 = ORIENTED_EDGE ( 'NONE', *, *, #11470, .T. ) ;
#11834 = DIRECTION ( 'NONE',  ( -0.01744974916069410437, 0.9996954598818872384, -0.01744974916068200294 ) ) ;
#11835 = AXIS2_PLACEMENT_3D ( 'NONE', #2194, #9769, #5983 ) ;
#11836 = SURFACE_STYLE_USAGE ( .BOTH. , #11049 ) ;
#11837 =( LENGTH_UNIT ( ) NAMED_UNIT ( * ) SI_UNIT ( .MILLI., .METRE. ) );
#11838 = PRESENTATION_LAYER_ASSIGNMENT (  '', '', ( #3699 ) ) ;
#11839 = DIRECTION ( 'NONE',  ( 0.0000000000000000000, 1.000000000000000000, 0.0000000000000000000 ) ) ;
#11840 = CARTESIAN_POINT ( 'NONE',  ( 23.50000000000000000, 1.800000000000000044, 5.500000000000000000 ) ) ;
#11841 = CARTESIAN_POINT ( 'NONE',  ( 23.50000000000000000, 1.199999999999999956, 5.500000000000000000 ) ) ;
#11842 = EDGE_CURVE ( 'NONE', #3346, #2991, #2980, .T. ) ;
#11843 = EDGE_CURVE ( 'NONE', #7636, #5631, #4182, .T. ) ;
#11844 = DIRECTION ( 'NONE',  ( 0.0000000000000000000, 1.000000000000000000, 0.0000000000000000000 ) ) ;
#11845 = SURFACE_STYLE_USAGE ( .BOTH. , #9867 ) ;
#11846 = VERTEX_POINT ( 'NONE', #8611 ) ;
#11847 = SURFACE_STYLE_FILL_AREA ( #5148 ) ;
#11848 = UNCERTAINTY_MEASURE_WITH_UNIT (LENGTH_MEASURE( 1.000000000000000082E-05 ), #5478, 'distance_accuracy_value', 'NONE');
#11849 = MECHANICAL_DESIGN_GEOMETRIC_PRESENTATION_REPRESENTATION (  '', ( #1277 ), #69 ) ;
#11850 = CARTESIAN_POINT ( 'NONE',  ( -22.34910536647080193, 2.299999999999999822, -10.22192813318828009 ) ) ;
#11851 = DIRECTION ( 'NONE',  ( 0.0000000000000000000, -1.000000000000000000, 0.0000000000000000000 ) ) ;
#11852 = CARTESIAN_POINT ( 'NONE',  ( 52.35355339058499879, 2.146446609405469719, 10.00000000000000000 ) ) ;
#11853 = DIRECTION ( 'NONE',  ( 0.0000000000000000000, 0.0000000000000000000, 1.000000000000000000 ) ) ;
#11854 = VECTOR ( 'NONE', #6064, 1000.000000000000000 ) ;
#11855 = SURFACE_STYLE_USAGE ( .BOTH. , #5254 ) ;
#11856 = ADVANCED_FACE ( 'NONE', ( #7481 ), #6596, .F. ) ;
#11857 = EDGE_CURVE ( 'NONE', #957, #8553, #9706, .T. ) ;
#11858 = EDGE_LOOP ( 'NONE', ( #8391, #9540, #8460, #12338, #8686, #11935, #3595, #12403 ) ) ;
#11859 =( NAMED_UNIT ( * ) SI_UNIT ( $, .STERADIAN. ) SOLID_ANGLE_UNIT ( ) );
#11860 = ORIENTED_EDGE ( 'NONE', *, *, #10628, .F. ) ;
#11861 = CARTESIAN_POINT ( 'NONE',  ( -32.23495939512579866, 1.800000000002909939, 8.080378074460210058 ) ) ;
#11862 = VERTEX_POINT ( 'NONE', #10631 ) ;
#11863 = SURFACE_STYLE_FILL_AREA ( #3165 ) ;
#11864 = AXIS2_PLACEMENT_3D ( 'NONE', #132, #8802, #5882 ) ;
#11865 =( LENGTH_UNIT ( ) NAMED_UNIT ( * ) SI_UNIT ( .MILLI., .METRE. ) );
#11866 = ORIENTED_EDGE ( 'NONE', *, *, #10797, .T. ) ;
#11867 = CYLINDRICAL_SURFACE ( 'NONE', #1904, 4.999999999999999112 ) ;
#11868 = DIRECTION ( 'NONE',  ( 1.000000000000000000, -7.228014483223825304E-16, 1.927470528859686616E-15 ) ) ;
#11869 = PLANE ( 'NONE',  #8762 ) ;
#11871 = ADVANCED_FACE ( 'NONE', ( #4641 ), #8665, .T. ) ;
#11870 = DIRECTION ( 'NONE',  ( -1.000000000000000000, 0.0000000000000000000, 0.0000000000000000000 ) ) ;
#11872 = ORIENTED_EDGE ( 'NONE', *, *, #6004, .T. ) ;
#11873 = AXIS2_PLACEMENT_3D ( 'NONE', #4625, #7552, #4580 ) ;
#11874 = CIRCLE ( 'NONE', #6964, 268.4407983707949938 ) ;
#11875 = CARTESIAN_POINT ( 'NONE',  ( -28.10102051443364957, -11.78862234750974025, -10.00000000000000000 ) ) ;
#11876 = SURFACE_STYLE_USAGE ( .BOTH. , #409 ) ;
#11877 =( LENGTH_UNIT ( ) NAMED_UNIT ( * ) SI_UNIT ( .MILLI., .METRE. ) );
#11878 =( NAMED_UNIT ( * ) PLANE_ANGLE_UNIT ( ) SI_UNIT ( $, .RADIAN. ) );
#11879 = PRESENTATION_STYLE_ASSIGNMENT (( #7800 ) ) ;
#11880 = VERTEX_POINT ( 'NONE', #3998 ) ;
#11881 = DIRECTION ( 'NONE',  ( 0.4317942198470497983, -0.8660254037844345998, -0.2520986943771918454 ) ) ;
#11882 = ORIENTED_EDGE ( 'NONE', *, *, #11722, .T. ) ;
#11883 = EDGE_CURVE ( 'NONE', #8562, #5842, #5216, .T. ) ;
#11884 = CARTESIAN_POINT ( 'NONE',  ( 37.63824873692700379, 2.299999999999999822, 4.850000000000079581 ) ) ;
#11885 = CARTESIAN_POINT ( 'NONE',  ( -27.15000000000000213, -1.200000000000000178, 21.39567676978599664 ) ) ;
#11886 = PRESENTATION_LAYER_ASSIGNMENT (  '', '', ( #11098 ) ) ;
#11887 = CARTESIAN_POINT ( 'NONE',  ( 23.50000000000000000, 2.000000000000000000, 5.500000000000000000 ) ) ;
#11888 = CARTESIAN_POINT ( 'NONE',  ( -52.50000000000000000, 1.800000000000000044, -5.941272467535820390 ) ) ;
#11889 = CARTESIAN_POINT ( 'NONE',  ( -51.29999999999999716, -0.1000000000000000472, -6.000000000000000000 ) ) ;
#11890 = CARTESIAN_POINT ( 'NONE',  ( 23.50000000000000000, -0.3069809625912964801, -5.299999999999919886 ) ) ;
#11891 = PRESENTATION_STYLE_ASSIGNMENT (( #63 ) ) ;
#11892 =( GEOMETRIC_REPRESENTATION_CONTEXT ( 3 ) GLOBAL_UNCERTAINTY_ASSIGNED_CONTEXT ( ( #5111 ) ) GLOBAL_UNIT_ASSIGNED_CONTEXT ( ( #11865, #6199, #1363 ) ) REPRESENTATION_CONTEXT ( 'NONE', 'WORKASPACE' ) );
#11893 = CYLINDRICAL_SURFACE ( 'NONE', #11835, 1.400000000000000133 ) ;
#11894 = DIRECTION ( 'NONE',  ( 0.0000000000000000000, 2.775557561562890365E-16, -1.000000000000000000 ) ) ;
#11895 = ORIENTED_EDGE ( 'NONE', *, *, #6619, .F. ) ;
#11896 = ORIENTED_EDGE ( 'NONE', *, *, #8681, .F. ) ;
#11897 = VERTEX_POINT ( 'NONE', #10751 ) ;
#11898 = PLANE ( 'NONE',  #9593 ) ;
#11899 = LINE ( 'NONE', #2552, #1896 ) ;
#11900 = CYLINDRICAL_SURFACE ( 'NONE', #5966, 0.8000000000000003775 ) ;
#11901 = CARTESIAN_POINT ( 'NONE',  ( 24.15449497803179923, -0.3069809625912964801, 5.500000000000079048 ) ) ;
#11902 = LINE ( 'NONE', #2708, #9257 ) ;
#11903 = EDGE_CURVE ( 'NONE', #4083, #5252, #3423, .T. ) ;
#11904 = AXIS2_PLACEMENT_3D ( 'NONE', #7062, #11780, #1148 ) ;
#11905 = SURFACE_SIDE_STYLE ('',( #1407 ) ) ;
#11906 = AXIS2_PLACEMENT_3D ( 'NONE', #12261, #5695, #2758 ) ;
#11907 = MECHANICAL_DESIGN_GEOMETRIC_PRESENTATION_REPRESENTATION (  '', ( #11677 ), #518 ) ;
#11908 = FILL_AREA_STYLE ('',( #1448 ) ) ;
#11909 = SURFACE_STYLE_FILL_AREA ( #3147 ) ;
#11910 = FILL_AREA_STYLE ('',( #6156 ) ) ;
#11911 = SURFACE_SIDE_STYLE ('',( #12083 ) ) ;
#11912 = CARTESIAN_POINT ( 'NONE',  ( -28.10102051443364957, -0.6999999999999999556, -13.79999999999999893 ) ) ;
#11913 = LINE ( 'NONE', #6341, #11480 ) ;
#11914 = EDGE_CURVE ( 'NONE', #10627, #5619, #8219, .T. ) ;
#11915 = DIRECTION ( 'NONE',  ( 0.0000000000000000000, 1.000000000000000000, 0.0000000000000000000 ) ) ;
#11916 = DIRECTION ( 'NONE',  ( 0.0000000000000000000, 0.0000000000000000000, -1.000000000000000000 ) ) ;
#11917 = ADVANCED_FACE ( 'NONE', ( #8521 ), #100, .T. ) ;
#11918 = VERTEX_POINT ( 'NONE', #4884 ) ;
#11919 = SURFACE_STYLE_FILL_AREA ( #1144 ) ;
#11920 = LINE ( 'NONE', #2772, #6301 ) ;
#11921 = UNCERTAINTY_MEASURE_WITH_UNIT (LENGTH_MEASURE( 1.000000000000000082E-05 ), #7489, 'distance_accuracy_value', 'NONE');
#11922 = SURFACE_STYLE_USAGE ( .BOTH. , #9987 ) ;
#11923 = STYLED_ITEM ( 'NONE', ( #9857 ), #11817 ) ;
#11924 = DIRECTION ( 'NONE',  ( 0.0000000000000000000, 1.000000000000000000, 0.0000000000000000000 ) ) ;
#11926 = ORIENTED_EDGE ( 'NONE', *, *, #1219, .F. ) ;
#11925 = SURFACE_SIDE_STYLE ('',( #2570 ) ) ;
#11927 = ORIENTED_EDGE ( 'NONE', *, *, #2179, .T. ) ;
#11928 = EDGE_CURVE ( 'NONE', #11576, #3920, #1990, .T. ) ;
#11929 = CARTESIAN_POINT ( 'NONE',  ( -50.34204100699379580, 3.500000000000000000, -15.00000000000000000 ) ) ;
#11930 = ORIENTED_EDGE ( 'NONE', *, *, #3792, .T. ) ;
#11931 = DIRECTION ( 'NONE',  ( 1.000000000000000000, -8.432683563761129192E-16, 0.0000000000000000000 ) ) ;
#11932 = FILL_AREA_STYLE_COLOUR ( '', #11616 ) ;
#11933 = ADVANCED_FACE ( 'NONE', ( #8360 ), #7770, .T. ) ;
#11934 = EDGE_CURVE ( 'NONE', #9887, #10026, #7923, .T. ) ;
#11935 = ORIENTED_EDGE ( 'NONE', *, *, #2155, .F. ) ;
#11936 = VECTOR ( 'NONE', #7216, 1000.000000000000000 ) ;
#11937 = FILL_AREA_STYLE ('',( #2390 ) ) ;
#11938 = CARTESIAN_POINT ( 'NONE',  ( 51.36971025972560057, 3.063422148291814917, -15.00158669152050095 ) ) ;
#11939 = ORIENTED_EDGE ( 'NONE', *, *, #5775, .F. ) ;
#11940 = MECHANICAL_DESIGN_GEOMETRIC_PRESENTATION_REPRESENTATION (  '', ( #5091 ), #3247 ) ;
#11941 = ORIENTED_EDGE ( 'NONE', *, *, #1512, .F. ) ;
#11943 = VERTEX_POINT ( 'NONE', #2271 ) ;
#11942 = PRESENTATION_STYLE_ASSIGNMENT (( #7996 ) ) ;
#11944 = DIRECTION ( 'NONE',  ( 0.0000000000000000000, -2.312964634635759720E-16, -1.000000000000000000 ) ) ;
#11945 = EDGE_LOOP ( 'NONE', ( #4706, #4358, #8030, #10390 ) ) ;
#11946 = ORIENTED_EDGE ( 'NONE', *, *, #5466, .T. ) ;
#11947 = CARTESIAN_POINT ( 'NONE',  ( 47.50000000000000000, -2.699999999806280027, 10.00000000000000000 ) ) ;
#11948 = CIRCLE ( 'NONE', #4097, 1.199999999999999734 ) ;
#11949 = PRESENTATION_LAYER_ASSIGNMENT (  '', '', ( #4936 ) ) ;
#11950 = PRESENTATION_LAYER_ASSIGNMENT (  '', '', ( #12351 ) ) ;
#11951 = ORIENTED_EDGE ( 'NONE', *, *, #12247, .T. ) ;
#11952 = PLANE ( 'NONE',  #2469 ) ;
#11953 =( NAMED_UNIT ( * ) PLANE_ANGLE_UNIT ( ) SI_UNIT ( $, .RADIAN. ) );
#11954 = DIRECTION ( 'NONE',  ( 0.0000000000000000000, 0.0000000000000000000, 1.000000000000000000 ) ) ;
#11955 = VECTOR ( 'NONE', #1811, 1000.000000000000000 ) ;
#11956 = DIRECTION ( 'NONE',  ( -4.404673577545694264E-17, 1.000000000000000000, -2.835517678788855243E-16 ) ) ;
#11957 = PLANE ( 'NONE',  #9726 ) ;
#11958 = CARTESIAN_POINT ( 'NONE',  ( 23.50000000000000000, 1.800000000000000044, -3.899999999999999911 ) ) ;
#11959 = CARTESIAN_POINT ( 'NONE',  ( 37.63824873692700379, 2.299999999999999822, 6.150000000000080291 ) ) ;
#11960 =( NAMED_UNIT ( * ) SI_UNIT ( $, .STERADIAN. ) SOLID_ANGLE_UNIT ( ) );
#11961 = ORIENTED_EDGE ( 'NONE', *, *, #6541, .F. ) ;
#11962 = PRESENTATION_STYLE_ASSIGNMENT (( #4242 ) ) ;
#11964 = EDGE_LOOP ( 'NONE', ( #8742, #12420, #8784, #4621 ) ) ;
#11963 = PRESENTATION_LAYER_ASSIGNMENT (  '', '', ( #5764 ) ) ;
#11965 = PLANE ( 'NONE',  #3430 ) ;
#11966 = CARTESIAN_POINT ( 'NONE',  ( -36.66860050610065258, 3.000000000000000000, 10.66891465980339859 ) ) ;
#11967 = FILL_AREA_STYLE_COLOUR ( '', #7087 ) ;
#11968 = CARTESIAN_POINT ( 'NONE',  ( -47.50000000000000000, 2.151471862576145089, 13.15147186257615886 ) ) ;
#11969 = SURFACE_STYLE_USAGE ( .BOTH. , #3554 ) ;
#11970 = UNCERTAINTY_MEASURE_WITH_UNIT (LENGTH_MEASURE( 1.000000000000000082E-05 ), #9902, 'distance_accuracy_value', 'NONE');
#11971 = DIRECTION ( 'NONE',  ( 1.000000000000000000, 0.0000000000000000000, 0.0000000000000000000 ) ) ;
#11972 = VERTEX_POINT ( 'NONE', #3197 ) ;
#11973 = EDGE_CURVE ( 'NONE', #1466, #2535, #11027, .T. ) ;
#11974 = PRESENTATION_LAYER_ASSIGNMENT (  '', '', ( #1979 ) ) ;
#11975 = DIRECTION ( 'NONE',  ( 6.219586674706248461E-32, 1.243513618526272169E-14, 1.000000000000000000 ) ) ;
#11976 = SURFACE_STYLE_FILL_AREA ( #10607 ) ;
#11977 = MECHANICAL_DESIGN_GEOMETRIC_PRESENTATION_REPRESENTATION (  '', ( #12139 ), #6030 ) ;
#11978 = CARTESIAN_POINT ( 'NONE',  ( -51.29999999999999716, -0.4000000000000000222, -6.000000000000000000 ) ) ;
#11979 = MECHANICAL_DESIGN_GEOMETRIC_PRESENTATION_REPRESENTATION (  '', ( #10958 ), #11193 ) ;
#11980 = CIRCLE ( 'NONE', #3462, 0.6544949780322544264 ) ;
#11981 = DIRECTION ( 'NONE',  ( -2.312964634635744929E-16, 0.0000000000000000000, -1.000000000000000000 ) ) ;
#11982 = EDGE_CURVE ( 'NONE', #7746, #10176, #5911, .T. ) ;
#11983 = ORIENTED_EDGE ( 'NONE', *, *, #1855, .F. ) ;
#11984 = FILL_AREA_STYLE ('',( #2486 ) ) ;
#11985 = DIRECTION ( 'NONE',  ( 0.0000000000000000000, 0.0000000000000000000, -1.000000000000000000 ) ) ;
#11986 = DIRECTION ( 'NONE',  ( 1.000000000000000000, 0.0000000000000000000, -4.625929269271489858E-16 ) ) ;
#11988 = ADVANCED_FACE ( 'NONE', ( #671 ), #4014, .T. ) ;
#11987 = CARTESIAN_POINT ( 'NONE',  ( -25.85000000000000142, 2.299999999999999822, -7.450000000000000178 ) ) ;
#11989 =( GEOMETRIC_REPRESENTATION_CONTEXT ( 3 ) GLOBAL_UNCERTAINTY_ASSIGNED_CONTEXT ( ( #6286 ) ) GLOBAL_UNIT_ASSIGNED_CONTEXT ( ( #6434, #11107, #1563 ) ) REPRESENTATION_CONTEXT ( 'NONE', 'WORKASPACE' ) );
#11990 = CIRCLE ( 'NONE', #1025, 5.133974596215569619 ) ;
#11991 =( GEOMETRIC_REPRESENTATION_CONTEXT ( 3 ) GLOBAL_UNCERTAINTY_ASSIGNED_CONTEXT ( ( #10791 ) ) GLOBAL_UNIT_ASSIGNED_CONTEXT ( ( #5451, #2650, #1671 ) ) REPRESENTATION_CONTEXT ( 'NONE', 'WORKASPACE' ) );
#11992 = DIRECTION ( 'NONE',  ( 5.551115123125780730E-16, 0.0000000000000000000, 1.000000000000000000 ) ) ;
#11993 = CARTESIAN_POINT ( 'NONE',  ( -52.50000000000000000, -2.700000000000000178, 10.00000000000000000 ) ) ;
#11994 = PRESENTATION_LAYER_ASSIGNMENT (  '', '', ( #8132 ) ) ;
#11995 = DIRECTION ( 'NONE',  ( 0.0000000000000000000, 0.0000000000000000000, -1.000000000000000000 ) ) ;
#11996 = SURFACE_STYLE_USAGE ( .BOTH. , #2587 ) ;
#11997 = ORIENTED_EDGE ( 'NONE', *, *, #8954, .F. ) ;
#11998 = DIRECTION ( 'NONE',  ( -3.136830188958564863E-16, -1.000000000000000000, 0.0000000000000000000 ) ) ;
#11999 = VECTOR ( 'NONE', #1184, 1000.000000000000000 ) ;
#12000 = EDGE_CURVE ( 'NONE', #7565, #1709, #3414, .T. ) ;
#12001 = CIRCLE ( 'NONE', #5815, 4.883974596227639076 ) ;
#12002 = EDGE_CURVE ( 'NONE', #1929, #10720, #7305, .T. ) ;
#12003 = FILL_AREA_STYLE ('',( #4439 ) ) ;
#12004 = VERTEX_POINT ( 'NONE', #1276 ) ;
#12005 = PRESENTATION_STYLE_ASSIGNMENT (( #8889 ) ) ;
#12006 = CARTESIAN_POINT ( 'NONE',  ( 41.84497680717080215, 3.000000000000000000, 0.1620425764944395108 ) ) ;
#12007 =( GEOMETRIC_REPRESENTATION_CONTEXT ( 3 ) GLOBAL_UNCERTAINTY_ASSIGNED_CONTEXT ( ( #7351 ) ) GLOBAL_UNIT_ASSIGNED_CONTEXT ( ( #10206, #5454, #8304 ) ) REPRESENTATION_CONTEXT ( 'NONE', 'WORKASPACE' ) );
#12008 = CARTESIAN_POINT ( 'NONE',  ( 23.50000000000000000, 1.199999999999999956, 5.500000000000000000 ) ) ;
#12009 = ORIENTED_EDGE ( 'NONE', *, *, #6127, .F. ) ;
#12010 = DIRECTION ( 'NONE',  ( 0.0000000000000000000, -1.000000000000000000, 0.0000000000000000000 ) ) ;
#12011 = ORIENTED_EDGE ( 'NONE', *, *, #7687, .F. ) ;
#12012 = VERTEX_POINT ( 'NONE', #2354 ) ;
#12013 = STYLED_ITEM ( 'NONE', ( #8952 ), #1655 ) ;
#12014 = PRESENTATION_LAYER_ASSIGNMENT (  '', '', ( #9658 ) ) ;
#12015 = ORIENTED_EDGE ( 'NONE', *, *, #10242, .F. ) ;
#12016 = COLOUR_RGB ( '',0.7529411764705882248, 0.7529411764705882248, 0.7529411764705882248 ) ;
#12017 =( NAMED_UNIT ( * ) PLANE_ANGLE_UNIT ( ) SI_UNIT ( $, .RADIAN. ) );
#12018 = SURFACE_STYLE_FILL_AREA ( #12 ) ;
#12019 = ORIENTED_EDGE ( 'NONE', *, *, #9616, .F. ) ;
#12020 = CARTESIAN_POINT ( 'NONE',  ( -52.50000000000000000, 1.502943725152300125, 13.79999999999999893 ) ) ;
#12021 = ORIENTED_EDGE ( 'NONE', *, *, #4567, .F. ) ;
#12022 = SURFACE_STYLE_FILL_AREA ( #4667 ) ;
#12023 = SURFACE_STYLE_FILL_AREA ( #11595 ) ;
#12024 = CARTESIAN_POINT ( 'NONE',  ( -22.04370995016608958, 3.310392101903414375, -11.38841026463101969 ) ) ;
#12025 = DIRECTION ( 'NONE',  ( 1.000000000000000000, 9.637352644330754684E-16, 0.0000000000000000000 ) ) ;
#12026 = CARTESIAN_POINT ( 'NONE',  ( 20.90940272460119331, 3.253937599294033145, -11.57217933358008999 ) ) ;
#12027 =( NAMED_UNIT ( * ) SI_UNIT ( $, .STERADIAN. ) SOLID_ANGLE_UNIT ( ) );
#12028 = SURFACE_STYLE_FILL_AREA ( #4690 ) ;
#12029 = AXIS2_PLACEMENT_3D ( 'NONE', #7780, #7862, #8772 ) ;
#12030 = SURFACE_STYLE_USAGE ( .BOTH. , #9155 ) ;
#12031 = UNCERTAINTY_MEASURE_WITH_UNIT (LENGTH_MEASURE( 1.000000000000000082E-05 ), #9360, 'distance_accuracy_value', 'NONE');
#12032 = VERTEX_POINT ( 'NONE', #10868 ) ;
#12033 = CARTESIAN_POINT ( 'NONE',  ( -26.50000000000000000, -1.200000000000000178, 6.299999999999999822 ) ) ;
#12034 = CARTESIAN_POINT ( 'NONE',  ( 24.15000000000000213, 2.299999999999999822, -4.649999999999919531 ) ) ;
#12035 = EDGE_LOOP ( 'NONE', ( #3251, #4215, #6274, #1881 ) ) ;
#12036 =( NAMED_UNIT ( * ) SI_UNIT ( $, .STERADIAN. ) SOLID_ANGLE_UNIT ( ) );
#12037 = CARTESIAN_POINT ( 'NONE',  ( 52.20000000000000284, -1.199999999999999956, 10.00000000000000000 ) ) ;
#12038 = SURFACE_STYLE_FILL_AREA ( #10961 ) ;
#12039 = LINE ( 'NONE', #4570, #3851 ) ;
#12040 = LINE ( 'NONE', #1611, #9680 ) ;
#12041 = VECTOR ( 'NONE', #11795, 1000.000000000000114 ) ;
#12042 = SURFACE_STYLE_USAGE ( .BOTH. , #11101 ) ;
#12043 = EDGE_CURVE ( 'NONE', #11035, #2470, #8203, .T. ) ;
#12044 =( NAMED_UNIT ( * ) PLANE_ANGLE_UNIT ( ) SI_UNIT ( $, .RADIAN. ) );
#12045 = CARTESIAN_POINT ( 'NONE',  ( -27.12207187821429955, 0.4000010255234749956, 3.840674809244215115 ) ) ;
#12046 = AXIS2_PLACEMENT_3D ( 'NONE', #11885, #5071, #6218 ) ;
#12047 = CYLINDRICAL_SURFACE ( 'NONE', #9882, 5.000000000000000000 ) ;
#12048 = ADVANCED_FACE ( 'NONE', ( #4783 ), #7912, .F. ) ;
#12049 = SURFACE_STYLE_USAGE ( .BOTH. , #10040 ) ;
#12050 = CYLINDRICAL_SURFACE ( 'NONE', #3752, 0.5000000000000004441 ) ;
#12051 =( NAMED_UNIT ( * ) SI_UNIT ( $, .STERADIAN. ) SOLID_ANGLE_UNIT ( ) );
#12052 = AXIS2_PLACEMENT_3D ( 'NONE', #8392, #12150, #2610 ) ;
#12053 = ADVANCED_FACE ( 'NONE', ( #1130 ), #11898, .T. ) ;
#12054 = DIRECTION ( 'NONE',  ( 0.0000000000000000000, 0.0000000000000000000, 1.000000000000000000 ) ) ;
#12055 = DIRECTION ( 'NONE',  ( 9.637352644330750740E-16, -1.000000000000000000, 6.023345402706629233E-17 ) ) ;
#12056 = DIRECTION ( 'NONE',  ( 0.01744974916065944806, 0.9996954598818877935, -0.01744974916068199600 ) ) ;
#12057 = VERTEX_POINT ( 'NONE', #10914 ) ;
#12058 = CARTESIAN_POINT ( 'NONE',  ( -49.42424120239270025, 2.299999999999999822, -13.79999999999999893 ) ) ;
#12059 = TOROIDAL_SURFACE ( 'NONE', #3141, 0.2545558999690699653, 0.4000000000000000222 ) ;
#12060 = LINE ( 'NONE', #89, #1912 ) ;
#12061 = EDGE_CURVE ( 'NONE', #8076, #4362, #9839, .T. ) ;
#12062 = AXIS2_PLACEMENT_3D ( 'NONE', #10635, #2011, #5042 ) ;
#12063 = DIRECTION ( 'NONE',  ( 0.0000000000000000000, 0.0000000000000000000, 1.000000000000000000 ) ) ;
#12064 = STYLED_ITEM ( 'NONE', ( #2966 ), #5825 ) ;
#12065 = EDGE_LOOP ( 'NONE', ( #3906, #6984, #8682, #942 ) ) ;
#12066 = MECHANICAL_DESIGN_GEOMETRIC_PRESENTATION_REPRESENTATION (  '', ( #7397 ), #4183 ) ;
#12067 = UNCERTAINTY_MEASURE_WITH_UNIT (LENGTH_MEASURE( 1.000000000000000082E-05 ), #3027, 'distance_accuracy_value', 'NONE');
#12068 = CARTESIAN_POINT ( 'NONE',  ( -21.67330726744586045, 3.348420417427303342, -11.24934703018391779 ) ) ;
#12069 = FILL_AREA_STYLE ('',( #10879 ) ) ;
#12070 =( NAMED_UNIT ( * ) PLANE_ANGLE_UNIT ( ) SI_UNIT ( $, .RADIAN. ) );
#12071 = DIRECTION ( 'NONE',  ( 0.0000000000000000000, 0.0000000000000000000, 1.000000000000000000 ) ) ;
#12072 = EDGE_CURVE ( 'NONE', #1808, #9884, #11758, .T. ) ;
#12073 = ORIENTED_EDGE ( 'NONE', *, *, #2833, .F. ) ;
#12074 = CIRCLE ( 'NONE', #7449, 3.812435565352989997 ) ;
#12075 = FILL_AREA_STYLE ('',( #3420 ) ) ;
#12076 = EDGE_CURVE ( 'NONE', #1684, #6204, #4467, .T. ) ;
#12077 = SURFACE_STYLE_USAGE ( .BOTH. , #7405 ) ;
#12078 = FILL_AREA_STYLE ('',( #6420 ) ) ;
#12079 = FILL_AREA_STYLE_COLOUR ( '', #3711 ) ;
#12080 = DIRECTION ( 'NONE',  ( 1.000000000000000000, 0.0000000000000000000, 0.0000000000000000000 ) ) ;
#12081 = ORIENTED_EDGE ( 'NONE', *, *, #9215, .F. ) ;
#12082 = VERTEX_POINT ( 'NONE', #4501 ) ;
#12084 = EDGE_LOOP ( 'NONE', ( #7102, #10528, #9969, #9456, #2773, #2152, #5540, #8838, #1553, #6778, #1857, #5541, #8092, #6812 ) ) ;
#12083 = SURFACE_STYLE_FILL_AREA ( #9231 ) ;
#12085 =( LENGTH_UNIT ( ) NAMED_UNIT ( * ) SI_UNIT ( .MILLI., .METRE. ) );
#12086 = MECHANICAL_DESIGN_GEOMETRIC_PRESENTATION_REPRESENTATION (  '', ( #10183 ), #938 ) ;
#12087 = ORIENTED_EDGE ( 'NONE', *, *, #2508, .T. ) ;
#12088 = VERTEX_POINT ( 'NONE', #11978 ) ;
#12089 = UNCERTAINTY_MEASURE_WITH_UNIT (LENGTH_MEASURE( 1.000000000000000082E-05 ), #7016, 'distance_accuracy_value', 'NONE');
#12090 = DIRECTION ( 'NONE',  ( -1.000000000000000000, 0.0000000000000000000, 0.0000000000000000000 ) ) ;
#12091 = DIRECTION ( 'NONE',  ( 0.0000000000000000000, 0.0000000000000000000, 1.000000000000000000 ) ) ;
#12092 = MECHANICAL_DESIGN_GEOMETRIC_PRESENTATION_REPRESENTATION (  '', ( #8995 ), #8292 ) ;
#12093 = EDGE_CURVE ( 'NONE', #10614, #2405, #11016, .T. ) ;
#12094 = ORIENTED_EDGE ( 'NONE', *, *, #12412, .F. ) ;
#12095 =( LENGTH_UNIT ( ) NAMED_UNIT ( * ) SI_UNIT ( .MILLI., .METRE. ) );
#12096 =( NAMED_UNIT ( * ) SI_UNIT ( $, .STERADIAN. ) SOLID_ANGLE_UNIT ( ) );
#12098 = ORIENTED_EDGE ( 'NONE', *, *, #5401, .F. ) ;
#12097 = COLOUR_RGB ( '',0.7529411764705882248, 0.7529411764705882248, 0.7529411764705882248 ) ;
#12099 = FILL_AREA_STYLE ('',( #7509 ) ) ;
#12100 = EDGE_CURVE ( 'NONE', #8302, #8864, #9407, .T. ) ;
#12101 = ORIENTED_EDGE ( 'NONE', *, *, #779, .F. ) ;
#12102 = EDGE_LOOP ( 'NONE', ( #4510, #6478 ) ) ;
#12103 = FILL_AREA_STYLE_COLOUR ( '', #9244 ) ;
#12104 = DIRECTION ( 'NONE',  ( 0.0000000000000000000, 0.0000000000000000000, -1.000000000000000000 ) ) ;
#12105 = SURFACE_STYLE_USAGE ( .BOTH. , #1486 ) ;
#12106 = PRESENTATION_LAYER_ASSIGNMENT (  '', '', ( #3729 ) ) ;
#12107 = SURFACE_SIDE_STYLE ('',( #1551 ) ) ;
#12108 = SURFACE_SIDE_STYLE ('',( #3603 ) ) ;
#12109 = ORIENTED_EDGE ( 'NONE', *, *, #5737, .F. ) ;
#12110 = SURFACE_SIDE_STYLE ('',( #10109 ) ) ;
#12111 = AXIS2_PLACEMENT_3D ( 'NONE', #8001, #5233, #7963 ) ;
#12112 = PRESENTATION_LAYER_ASSIGNMENT (  '', '', ( #10208 ) ) ;
#12113 = PRESENTATION_LAYER_ASSIGNMENT (  '', '', ( #9107 ) ) ;
#12114 = LINE ( 'NONE', #3652, #2269 ) ;
#12116 = ADVANCED_FACE ( 'NONE', ( #7018 ), #11250, .T. ) ;
#12115 = DIRECTION ( 'NONE',  ( 0.0000000000000000000, 1.000000000000000000, 0.0000000000000000000 ) ) ;
#12117 = EDGE_LOOP ( 'NONE', ( #8931, #5092, #9213, #6327 ) ) ;
#12118 = SURFACE_STYLE_USAGE ( .BOTH. , #8483 ) ;
#12119 = UNCERTAINTY_MEASURE_WITH_UNIT (LENGTH_MEASURE( 1.000000000000000082E-05 ), #4365, 'distance_accuracy_value', 'NONE');
#12120 = CARTESIAN_POINT ( 'NONE',  ( 26.50000000000000000, -0.2000000000000000389, -13.18254493507179959 ) ) ;
#12121 = CIRCLE ( 'NONE', #1408, 0.5000000000000004441 ) ;
#12122 = EDGE_CURVE ( 'NONE', #2725, #98, #6574, .T. ) ;
#12123 = CARTESIAN_POINT ( 'NONE',  ( -26.50000000000000000, 1.200000000001454792, -5.299999999999999822 ) ) ;
#12124 = CARTESIAN_POINT ( 'NONE',  ( 40.48463483018635856, 2.460769515458675283, -0.9111942487525660495 ) ) ;
#12125 =( GEOMETRIC_REPRESENTATION_CONTEXT ( 3 ) GLOBAL_UNCERTAINTY_ASSIGNED_CONTEXT ( ( #5139 ) ) GLOBAL_UNIT_ASSIGNED_CONTEXT ( ( #425, #7132, #303 ) ) REPRESENTATION_CONTEXT ( 'NONE', 'WORKASPACE' ) );
#12126 = UNCERTAINTY_MEASURE_WITH_UNIT (LENGTH_MEASURE( 1.000000000000000082E-05 ), #143, 'distance_accuracy_value', 'NONE');
#12127 = AXIS2_PLACEMENT_3D ( 'NONE', #5609, #7500, #3887 ) ;
#12128 = SURFACE_STYLE_FILL_AREA ( #8917 ) ;
#12129 = CARTESIAN_POINT ( 'NONE',  ( -52.50000000000000000, -1.200000000000000178, -15.00000000000000000 ) ) ;
#12130 = DIRECTION ( 'NONE',  ( 0.0000000000000000000, -1.000000000000000000, 0.0000000000000000000 ) ) ;
#12131 = CARTESIAN_POINT ( 'NONE',  ( 42.35738147409760046, 3.000000000000000000, -0.7444318417271910127 ) ) ;
#12132 = SURFACE_STYLE_USAGE ( .BOTH. , #1735 ) ;
#12133 = DIRECTION ( 'NONE',  ( -1.000000000000000000, 0.0000000000000000000, 3.642648177425204851E-29 ) ) ;
#12134 = FILL_AREA_STYLE_COLOUR ( '', #819 ) ;
#12135 = B_SPLINE_CURVE_WITH_KNOTS ( 'NONE', 3,
 ( #6134, #5196, #218, #1305 ),
 .UNSPECIFIED., .F., .F.,
 ( 4, 4 ),
 ( 5.864699599666260064E-16, 0.002400540168334194726 ),
 .UNSPECIFIED. ) ;
#12136 = FILL_AREA_STYLE ('',( #12103 ) ) ;
#12137 = EDGE_CURVE ( 'NONE', #8845, #270, #364, .T. ) ;
#12138 = AXIS2_PLACEMENT_3D ( 'NONE', #3032, #10512, #2901 ) ;
#12139 = STYLED_ITEM ( 'NONE', ( #5155 ), #9273 ) ;
#12140 =( LENGTH_UNIT ( ) NAMED_UNIT ( * ) SI_UNIT ( .MILLI., .METRE. ) );
#12141 = EDGE_LOOP ( 'NONE', ( #7794, #1026, #6510, #11494 ) ) ;
#12142 = MECHANICAL_DESIGN_GEOMETRIC_PRESENTATION_REPRESENTATION (  '', ( #4506 ), #3852 ) ;
#12143 = PRESENTATION_STYLE_ASSIGNMENT (( #10028 ) ) ;
#12144 = SURFACE_STYLE_USAGE ( .BOTH. , #4548 ) ;
#12145 = CARTESIAN_POINT ( 'NONE',  ( -26.50000000000000000, 1.799999999832379904, -4.608727532465549892 ) ) ;
#12146 = UNCERTAINTY_MEASURE_WITH_UNIT (LENGTH_MEASURE( 1.000000000000000082E-05 ), #379, 'distance_accuracy_value', 'NONE');
#12147 = EDGE_CURVE ( 'NONE', #4793, #9219, #3695, .T. ) ;
#12148 = LINE ( 'NONE', #10719, #4870 ) ;
#12149 = SURFACE_STYLE_FILL_AREA ( #8752 ) ;
#12150 = DIRECTION ( 'NONE',  ( 1.000000000000000000, 0.0000000000000000000, 0.0000000000000000000 ) ) ;
#12151 = ORIENTED_EDGE ( 'NONE', *, *, #11609, .T. ) ;
#12152 = CARTESIAN_POINT ( 'NONE',  ( -68.60321982055950230, 0.7999999999999999334, -13.16508987014356080 ) ) ;
#12153 = CARTESIAN_POINT ( 'NONE',  ( -35.90521026386664971, 3.433012701870459704, 10.22321697669602081 ) ) ;
#12154 = CARTESIAN_POINT ( 'NONE',  ( -52.50000000000000000, 1.800000000000000044, -7.466272467535899793 ) ) ;
#12155 = PRESENTATION_LAYER_ASSIGNMENT (  '', '', ( #8191 ) ) ;
#12156 = ORIENTED_EDGE ( 'NONE', *, *, #10079, .T. ) ;
#12157 = SURFACE_SIDE_STYLE ('',( #3227 ) ) ;
#12158 = AXIS2_PLACEMENT_3D ( 'NONE', #5960, #11723, #7008 ) ;
#12159 = CARTESIAN_POINT ( 'NONE',  ( 21.85040973523700103, 1.200000000001093081, 6.108107844172259604 ) ) ;
#12160 = AXIS2_PLACEMENT_3D ( 'NONE', #3035, #6858, #2995 ) ;
#12161 = ORIENTED_EDGE ( 'NONE', *, *, #10018, .T. ) ;
#12162 =( LENGTH_UNIT ( ) NAMED_UNIT ( * ) SI_UNIT ( .MILLI., .METRE. ) );
#12163 = FILL_AREA_STYLE_COLOUR ( '', #6408 ) ;
#12164 = CIRCLE ( 'NONE', #10874, 1.000000000000000888 ) ;
#12165 = CARTESIAN_POINT ( 'NONE',  ( 50.60247803082539519, 3.433012701887439899, -15.00000000000000000 ) ) ;
#12166 = EDGE_CURVE ( 'NONE', #1722, #9162, #505, .T. ) ;
#12167 = ORIENTED_EDGE ( 'NONE', *, *, #2348, .T. ) ;
#12168 = SURFACE_STYLE_FILL_AREA ( #3381 ) ;
#12169 = EDGE_CURVE ( 'NONE', #7760, #401, #7757, .T. ) ;
#12170 = CARTESIAN_POINT ( 'NONE',  ( -36.27522420357674804, 1.800000000002909939, 10.43924587845954122 ) ) ;
#12171 = ORIENTED_EDGE ( 'NONE', *, *, #5790, .T. ) ;
#12172 = FILL_AREA_STYLE ('',( #4568 ) ) ;
#12173 = CARTESIAN_POINT ( 'NONE',  ( 25.16897398685685161, -0.3999990008955280341, 6.136035930617990353 ) ) ;
#12174 = FACE_OUTER_BOUND ( 'NONE', #6015, .T. ) ;
#12175 = VECTOR ( 'NONE', #2493, 1000.000000000000000 ) ;
#12176 = AXIS2_PLACEMENT_3D ( 'NONE', #2665, #8363, #9329 ) ;
#12177 = CARTESIAN_POINT ( 'NONE',  ( 22.84999999999999787, 2.299999999999999822, -2.782205948333389856 ) ) ;
#12178 =( NAMED_UNIT ( * ) PLANE_ANGLE_UNIT ( ) SI_UNIT ( $, .RADIAN. ) );
#12179 = CARTESIAN_POINT ( 'NONE',  ( -52.20000000000000284, -1.199999999999999956, -5.389570480844269262 ) ) ;
#12180 = ADVANCED_FACE ( 'NONE', ( #207 ), #2492, .F. ) ;
#12181 = VECTOR ( 'NONE', #6537, 1000.000000000000000 ) ;
#12182 = SURFACE_STYLE_FILL_AREA ( #3140 ) ;
#12183 = ORIENTED_EDGE ( 'NONE', *, *, #3878, .T. ) ;
#12184 =( LENGTH_UNIT ( ) NAMED_UNIT ( * ) SI_UNIT ( .MILLI., .METRE. ) );
#12185 = ORIENTED_EDGE ( 'NONE', *, *, #1200, .F. ) ;
#12186 = PRESENTATION_LAYER_ASSIGNMENT (  '', '', ( #6710 ) ) ;
#12187 =( GEOMETRIC_REPRESENTATION_CONTEXT ( 3 ) GLOBAL_UNCERTAINTY_ASSIGNED_CONTEXT ( ( #6075 ) ) GLOBAL_UNIT_ASSIGNED_CONTEXT ( ( #2213, #6971, #2175 ) ) REPRESENTATION_CONTEXT ( 'NONE', 'WORKASPACE' ) );
#12188 = SURFACE_SIDE_STYLE ('',( #5954 ) ) ;
#12189 = COLOUR_RGB ( '',0.7529411764705882248, 0.7529411764705882248, 0.7529411764705882248 ) ;
#12190 = COLOUR_RGB ( '',0.7529411764705882248, 0.7529411764705882248, 0.7529411764705882248 ) ;
#12191 = CARTESIAN_POINT ( 'NONE',  ( -28.17854103315875136, -1.200000000017100055, -5.950000000000110312 ) ) ;
#12192 =( NAMED_UNIT ( * ) SI_UNIT ( $, .STERADIAN. ) SOLID_ANGLE_UNIT ( ) );
#12193 = VECTOR ( 'NONE', #1410, 1000.000000000000000 ) ;
#12194 = CARTESIAN_POINT ( 'NONE',  ( 22.84999999999975273, -1.200000000016030022, -3.621458966839410376 ) ) ;
#12195 = TOROIDAL_SURFACE ( 'NONE', #9182, 3.792893218813464973, 0.5000000000000000000 ) ;
#12196 = ORIENTED_EDGE ( 'NONE', *, *, #10831, .T. ) ;
#12197 = VERTEX_POINT ( 'NONE', #6523 ) ;
#12198 = DIRECTION ( 'NONE',  ( -8.016930411306399824E-16, -1.000000000000000000, 6.023345402686529304E-17 ) ) ;
#12199 = EDGE_LOOP ( 'NONE', ( #7352, #10654, #10884, #256 ) ) ;
#12200 = PRESENTATION_STYLE_ASSIGNMENT (( #1252 ) ) ;
#12201 = CARTESIAN_POINT ( 'NONE',  ( -47.50000000000000000, 1.800000000002909939, 10.00000000000000000 ) ) ;
#12202 = PRESENTATION_STYLE_ASSIGNMENT (( #3556 ) ) ;
#12203 = FILL_AREA_STYLE_COLOUR ( '', #2020 ) ;
#12204 =( NAMED_UNIT ( * ) SI_UNIT ( $, .STERADIAN. ) SOLID_ANGLE_UNIT ( ) );
#12205 = DIRECTION ( 'NONE',  ( 0.0000000000000000000, 1.000000000000000000, 0.0000000000000000000 ) ) ;
#12206 =( GEOMETRIC_REPRESENTATION_CONTEXT ( 3 ) GLOBAL_UNCERTAINTY_ASSIGNED_CONTEXT ( ( #5606 ) ) GLOBAL_UNIT_ASSIGNED_CONTEXT ( ( #8447, #4649, #9494 ) ) REPRESENTATION_CONTEXT ( 'NONE', 'WORKASPACE' ) );
#12207 = CARTESIAN_POINT ( 'NONE',  ( -25.85000000000000142, 2.299999999999999822, -2.782205948333420054 ) ) ;
#12208 = PLANE ( 'NONE',  #3893 ) ;
#12209 = FACE_OUTER_BOUND ( 'NONE', #265, .T. ) ;
#12210 = CIRCLE ( 'NONE', #12292, 3.800000000021555024 ) ;
#12211 = LINE ( 'NONE', #11263, #7177 ) ;
#12212 = EDGE_CURVE ( 'NONE', #11035, #8025, #2350, .T. ) ;
#12213 = SURFACE_STYLE_USAGE ( .BOTH. , #5570 ) ;
#12214 = DIRECTION ( 'NONE',  ( 0.0000000000000000000, 0.0000000000000000000, 1.000000000000000000 ) ) ;
#12215 = CARTESIAN_POINT ( 'NONE',  ( -26.50000000000000000, 1.800000000000000044, -4.500000000000000000 ) ) ;
#12216 =( GEOMETRIC_REPRESENTATION_CONTEXT ( 3 ) GLOBAL_UNCERTAINTY_ASSIGNED_CONTEXT ( ( #9513 ) ) GLOBAL_UNIT_ASSIGNED_CONTEXT ( ( #3220, #9908, #10852 ) ) REPRESENTATION_CONTEXT ( 'NONE', 'WORKASPACE' ) );
#12217 = STYLED_ITEM ( 'NONE', ( #5495 ), #8765 ) ;
#12218 = ORIENTED_EDGE ( 'NONE', *, *, #9923, .T. ) ;
#12219 = CARTESIAN_POINT ( 'NONE',  ( -50.70000000000000284, -1.200000000000000178, -10.14919333847030103 ) ) ;
#12220 = SURFACE_STYLE_USAGE ( .BOTH. , #10372 ) ;
#12222 = B_SPLINE_CURVE_WITH_KNOTS ( 'NONE', 3,
 ( #8442, #4604, #5558, #6542 ),
 .UNSPECIFIED., .F., .F.,
 ( 4, 4 ),
 ( 0.0000000000000000000, 1.000000000000000000 ),
 .UNSPECIFIED. ) ;
#12221 = AXIS2_PLACEMENT_3D ( 'NONE', #1160, #1280, #2274 ) ;
#12223 = DIRECTION ( 'NONE',  ( 0.0000000000000000000, 1.000000000000000000, 0.0000000000000000000 ) ) ;
#12224 = VECTOR ( 'NONE', #5079, 1000.000000000000000 ) ;
#12225 = PRESENTATION_STYLE_ASSIGNMENT (( #9749 ) ) ;
#12226 = DIRECTION ( 'NONE',  ( 0.0000000000000000000, 1.000000000000000000, 0.0000000000000000000 ) ) ;
#12227 = FILL_AREA_STYLE_COLOUR ( '', #2723 ) ;
#12228 = PRESENTATION_STYLE_ASSIGNMENT (( #12316 ) ) ;
#12229 = ORIENTED_EDGE ( 'NONE', *, *, #6907, .F. ) ;
#12230 = ORIENTED_EDGE ( 'NONE', *, *, #4854, .T. ) ;
#12231 = LINE ( 'NONE', #6581, #6466 ) ;
#12232 = UNCERTAINTY_MEASURE_WITH_UNIT (LENGTH_MEASURE( 1.000000000000000082E-05 ), #3763, 'distance_accuracy_value', 'NONE');
#12233 = UNCERTAINTY_MEASURE_WITH_UNIT (LENGTH_MEASURE( 1.000000000000000082E-05 ), #11232, 'distance_accuracy_value', 'NONE');
#12234 = CARTESIAN_POINT ( 'NONE',  ( -26.03912034464581282, -0.3909991862274792007, -7.025639186777935308 ) ) ;
#12235 = EDGE_LOOP ( 'NONE', ( #8171, #12381, #5693, #566, #2421 ) ) ;
#12236 = MECHANICAL_DESIGN_GEOMETRIC_PRESENTATION_REPRESENTATION (  '', ( #10967 ), #3527 ) ;
#12237 = VERTEX_POINT ( 'NONE', #6649 ) ;
#12238 = CARTESIAN_POINT ( 'NONE',  ( -50.65147186257620149, 2.151471862576145089, 10.00000000000000000 ) ) ;
#12239 = AXIS2_PLACEMENT_3D ( 'NONE', #5543, #673, #4678 ) ;
#12240 =( NAMED_UNIT ( * ) SI_UNIT ( $, .STERADIAN. ) SOLID_ANGLE_UNIT ( ) );
#12241 = PRESENTATION_LAYER_ASSIGNMENT (  '', '', ( #2893 ) ) ;
#12242 = ORIENTED_EDGE ( 'NONE', *, *, #7479, .F. ) ;
#12243 = ADVANCED_FACE ( 'NONE', ( #12335 ), #12195, .T. ) ;
#12244 = ORIENTED_EDGE ( 'NONE', *, *, #4683, .T. ) ;
#12245 = FILL_AREA_STYLE_COLOUR ( '', #1243 ) ;
#12246 = ADVANCED_FACE ( 'NONE', ( #6270 ), #2022, .T. ) ;
#12247 = EDGE_CURVE ( 'NONE', #1722, #7746, #8287, .T. ) ;
#12248 = LINE ( 'NONE', #1769, #9141 ) ;
#12249 = ORIENTED_EDGE ( 'NONE', *, *, #6226, .F. ) ;
#12250 = SURFACE_STYLE_USAGE ( .BOTH. , #12157 ) ;
#12251 = EDGE_CURVE ( 'NONE', #4207, #5884, #7221, .T. ) ;
#12252 = SURFACE_STYLE_USAGE ( .BOTH. , #5602 ) ;
#12253 = ORIENTED_EDGE ( 'NONE', *, *, #5811, .T. ) ;
#12254 =( NAMED_UNIT ( * ) SI_UNIT ( $, .STERADIAN. ) SOLID_ANGLE_UNIT ( ) );
#12255 =( NAMED_UNIT ( * ) SI_UNIT ( $, .STERADIAN. ) SOLID_ANGLE_UNIT ( ) );
#12256 = FILL_AREA_STYLE ('',( #7537 ) ) ;
#12257 = LINE ( 'NONE', #4195, #7370 ) ;
#12258 = MECHANICAL_DESIGN_GEOMETRIC_PRESENTATION_REPRESENTATION (  '', ( #9085 ), #8855 ) ;
#12259 = ORIENTED_EDGE ( 'NONE', *, *, #10977, .T. ) ;
#12260 =( NAMED_UNIT ( * ) SI_UNIT ( $, .STERADIAN. ) SOLID_ANGLE_UNIT ( ) );
#12261 = CARTESIAN_POINT ( 'NONE',  ( 23.50000000000000000, 1.199999999999999956, 5.500000000000000000 ) ) ;
#12262 =( LENGTH_UNIT ( ) NAMED_UNIT ( * ) SI_UNIT ( .MILLI., .METRE. ) );
#12263 = CARTESIAN_POINT ( 'NONE',  ( 37.63824873692700379, 3.500000000000000000, 1.217794051666575950 ) ) ;
#12264 = LINE ( 'NONE', #11742, #5727 ) ;
#12265 = AXIS2_PLACEMENT_3D ( 'NONE', #9256, #10199, #5444 ) ;
#12266 = PRESENTATION_LAYER_ASSIGNMENT (  '', '', ( #5662 ) ) ;
#12267 = EDGE_CURVE ( 'NONE', #2622, #10835, #952, .T. ) ;
#12268 =( LENGTH_UNIT ( ) NAMED_UNIT ( * ) SI_UNIT ( .MILLI., .METRE. ) );
#12269 =( NAMED_UNIT ( * ) SI_UNIT ( $, .STERADIAN. ) SOLID_ANGLE_UNIT ( ) );
#12270 = ORIENTED_EDGE ( 'NONE', *, *, #7924, .F. ) ;
#12271 = CARTESIAN_POINT ( 'NONE',  ( 23.50000000000000000, 1.200000000001454126, 5.500000000000000000 ) ) ;
#12272 = COLOUR_RGB ( '',0.7529411764705882248, 0.7529411764705882248, 0.7529411764705882248 ) ;
#12273 = VERTEX_POINT ( 'NONE', #11333 ) ;
#12274 = CARTESIAN_POINT ( 'NONE',  ( 22.85872753246414746, 1.800000000000000044, 15.00000000000000000 ) ) ;
#12275 = FACE_OUTER_BOUND ( 'NONE', #12391, .T. ) ;
#12276 = CARTESIAN_POINT ( 'NONE',  ( 51.36705345011302626, 3.064168477053246242, -14.99999999999997691 ) ) ;
#12277 = AXIS2_PLACEMENT_3D ( 'NONE', #3325, #7214, #3438 ) ;
#12278 = CARTESIAN_POINT ( 'NONE',  ( 23.50000000000000000, 2.000000000000000000, -6.500000000000000000 ) ) ;
#12279 = CARTESIAN_POINT ( 'NONE',  ( 47.70000000000000284, -1.200000000000000178, -5.950000000000000178 ) ) ;
#12280 = SURFACE_STYLE_USAGE ( .BOTH. , #9602 ) ;
#12281 = PRESENTATION_LAYER_ASSIGNMENT (  '', '', ( #8873 ) ) ;
#12282 = ORIENTED_EDGE ( 'NONE', *, *, #10594, .F. ) ;
#12283 = SURFACE_SIDE_STYLE ('',( #809 ) ) ;
#12284 = PRESENTATION_STYLE_ASSIGNMENT (( #5861 ) ) ;
#12285 = SURFACE_SIDE_STYLE ('',( #5525 ) ) ;
#12286 = DIRECTION ( 'NONE',  ( -0.01745240643728355329, 0.9998476951563912696, 0.0000000000000000000 ) ) ;
#12287 =( NAMED_UNIT ( * ) SI_UNIT ( $, .STERADIAN. ) SOLID_ANGLE_UNIT ( ) );
#12288 = EDGE_CURVE ( 'NONE', #6906, #3608, #4893, .T. ) ;
#12289 =( NAMED_UNIT ( * ) SI_UNIT ( $, .STERADIAN. ) SOLID_ANGLE_UNIT ( ) );
#12290 = ORIENTED_EDGE ( 'NONE', *, *, #5534, .F. ) ;
#12291 = CARTESIAN_POINT ( 'NONE',  ( -47.50000000000000000, 1.502943725152300125, 10.00000000000000000 ) ) ;
#12292 = AXIS2_PLACEMENT_3D ( 'NONE', #11535, #3191, #1188 ) ;
#12293 = DIRECTION ( 'NONE',  ( 0.0000000000000000000, -1.000000000000000000, 0.0000000000000000000 ) ) ;
#12294 = CARTESIAN_POINT ( 'NONE',  ( 23.50000000000000000, -1.200000000021375079, -5.299999999999999822 ) ) ;
#12295 = CARTESIAN_POINT ( 'NONE',  ( -51.57294122709459572, 2.927058772905405171, -15.00000000000000000 ) ) ;
#12296 = PLANE ( 'NONE',  #5253 ) ;
#12297 = ORIENTED_EDGE ( 'NONE', *, *, #9573, .T. ) ;
#12298 = B_SPLINE_CURVE_WITH_KNOTS ( 'NONE', 3,
 ( #10117, #10244, #7341, #2645 ),
 .UNSPECIFIED., .F., .F.,
 ( 4, 4 ),
 ( 3.627579260957869922E-16, 0.002400540168334659632 ),
 .UNSPECIFIED. ) ;
#12299 = TOROIDAL_SURFACE ( 'NONE', #10081, 1.199999999999999956, 0.2000000000000000111 ) ;
#12300 = SURFACE_SIDE_STYLE ('',( #9066 ) ) ;
#12301 = ADVANCED_FACE ( 'NONE', ( #9382 ), #3943, .F. ) ;
#12302 = EDGE_CURVE ( 'NONE', #6171, #11943, #2945, .T. ) ;
#12303 = CIRCLE ( 'NONE', #10448, 0.1999999999999996503 ) ;
#12304 = UNCERTAINTY_MEASURE_WITH_UNIT (LENGTH_MEASURE( 1.000000000000000082E-05 ), #4103, 'distance_accuracy_value', 'NONE');
#12305 = AXIS2_PLACEMENT_3D ( 'NONE', #4310, #7156, #3497 ) ;
#12306 = DIRECTION ( 'NONE',  ( 0.0000000000000000000, -2.092257713235555345E-14, -1.000000000000000000 ) ) ;
#12307 = ORIENTED_EDGE ( 'NONE', *, *, #3702, .T. ) ;
#12308 = AXIS2_PLACEMENT_3D ( 'NONE', #4600, #5382, #8272 ) ;
#12309 = CARTESIAN_POINT ( 'NONE',  ( -49.71920057142139626, -0.09999999998215104713, -10.50000000000000000 ) ) ;
#12310 = EDGE_LOOP ( 'NONE', ( #12109, #11375, #137, #6611 ) ) ;
#12311 = PRESENTATION_LAYER_ASSIGNMENT (  '', '', ( #11677 ) ) ;
#12312 =( NAMED_UNIT ( * ) SI_UNIT ( $, .STERADIAN. ) SOLID_ANGLE_UNIT ( ) );
#12313 = SURFACE_STYLE_FILL_AREA ( #8721 ) ;
#12314 = ORIENTED_EDGE ( 'NONE', *, *, #3336, .F. ) ;
#12315 = CYLINDRICAL_SURFACE ( 'NONE', #6275, 1.700000000000000178 ) ;
#12316 = SURFACE_STYLE_USAGE ( .BOTH. , #3778 ) ;
#12317 = DIRECTION ( 'NONE',  ( 0.0000000000000000000, -0.01745240643728355329, -0.9998476951563912696 ) ) ;
#12318 = ORIENTED_EDGE ( 'NONE', *, *, #7728, .F. ) ;
#12319 = EDGE_CURVE ( 'NONE', #346, #4793, #3762, .T. ) ;
#12320 =( NAMED_UNIT ( * ) PLANE_ANGLE_UNIT ( ) SI_UNIT ( $, .RADIAN. ) );
#12321 = ORIENTED_EDGE ( 'NONE', *, *, #816, .F. ) ;
#12322 = FACE_OUTER_BOUND ( 'NONE', #6839, .T. ) ;
#12323 = CARTESIAN_POINT ( 'NONE',  ( 41.08297010362669965, 3.433012701882665052, -0.5178912110761838550 ) ) ;
#12324 = AXIS2_PLACEMENT_3D ( 'NONE', #7463, #3677, #661 ) ;
#12325 = ORIENTED_EDGE ( 'NONE', *, *, #12333, .F. ) ;
#12326 = CARTESIAN_POINT ( 'NONE',  ( -52.50000000000000000, 1.800000000000000044, -13.79999999999999893 ) ) ;
#12327 = ORIENTED_EDGE ( 'NONE', *, *, #4102, .T. ) ;
#12328 = FILL_AREA_STYLE_COLOUR ( '', #11787 ) ;
#12329 = CONICAL_SURFACE ( 'NONE', #4333, 1.800000000003205258, 0.01745329252056498567 ) ;
#12330 = SURFACE_SIDE_STYLE ('',( #5778 ) ) ;
#12331 = SURFACE_STYLE_FILL_AREA ( #2449 ) ;
#12332 = EDGE_CURVE ( 'NONE', #9384, #7651, #11453, .T. ) ;
#12333 = EDGE_CURVE ( 'NONE', #8630, #5644, #2885, .T. ) ;
#12334 = CARTESIAN_POINT ( 'NONE',  ( -26.50000000000000000, -1.200000000021375079, -5.299999999999999822 ) ) ;
#12335 = FACE_OUTER_BOUND ( 'NONE', #3632, .T. ) ;
#12336 = CARTESIAN_POINT ( 'NONE',  ( -25.06102051443364687, 2.299999999999999822, -12.27999999999999936 ) ) ;
#12338 = ORIENTED_EDGE ( 'NONE', *, *, #5883, .T. ) ;
#12337 = PLANE ( 'NONE',  #11214 ) ;
#12339 = DIRECTION ( 'NONE',  ( -8.432683563761130178E-16, -1.000000000000000000, 6.023345402686529304E-17 ) ) ;
#12340 = VERTEX_POINT ( 'NONE', #6802 ) ;
#12341 = PRESENTATION_LAYER_ASSIGNMENT (  '', '', ( #1438 ) ) ;
#12342 = SURFACE_SIDE_STYLE ('',( #6361 ) ) ;
#12343 = VECTOR ( 'NONE', #7164, 1000.000000000000000 ) ;
#12344 = FILL_AREA_STYLE ('',( #5782 ) ) ;
#12345 = VECTOR ( 'NONE', #2721, 1000.000000000000000 ) ;
#12346 = VECTOR ( 'NONE', #6603, 1000.000000000000000 ) ;
#12347 =( NAMED_UNIT ( * ) SI_UNIT ( $, .STERADIAN. ) SOLID_ANGLE_UNIT ( ) );
#12348 = CIRCLE ( 'NONE', #5715, 1.000000000000000000 ) ;
#12349 = MECHANICAL_DESIGN_GEOMETRIC_PRESENTATION_REPRESENTATION (  '', ( #7514 ), #1444 ) ;
#12350 = VECTOR ( 'NONE', #11739, 1000.000000000000114 ) ;
#12351 = STYLED_ITEM ( 'NONE', ( #11056 ), #7523 ) ;
#12352 =( GEOMETRIC_REPRESENTATION_CONTEXT ( 3 ) GLOBAL_UNCERTAINTY_ASSIGNED_CONTEXT ( ( #12373 ) ) GLOBAL_UNIT_ASSIGNED_CONTEXT ( ( #12140, #9477, #2737 ) ) REPRESENTATION_CONTEXT ( 'NONE', 'WORKASPACE' ) );
#12353 = CARTESIAN_POINT ( 'NONE',  ( 37.84163043272539539, 3.500000000000000000, 1.217794051666579946 ) ) ;
#12354 = PLANE ( 'NONE',  #3464 ) ;
#12355 = LINE ( 'NONE', #7131, #5219 ) ;
#12356 = DIRECTION ( 'NONE',  ( -2.775557561562890365E-16, -2.775557561562890365E-16, -1.000000000000000000 ) ) ;
#12357 = VECTOR ( 'NONE', #3324, 1000.000000000000000 ) ;
#12358 = FILL_AREA_STYLE ('',( #11383 ) ) ;
#12359 = SURFACE_STYLE_USAGE ( .BOTH. , #11384 ) ;
#12360 = PLANE ( 'NONE',  #1282 ) ;
#12361 = EDGE_CURVE ( 'NONE', #686, #5841, #8044, .T. ) ;
#12362 = DIRECTION ( 'NONE',  ( 1.000000000000000000, 0.0000000000000000000, 0.0000000000000000000 ) ) ;
#12363 = ADVANCED_FACE ( 'NONE', ( #6562 ), #6256, .T. ) ;
#12364 =( GEOMETRIC_REPRESENTATION_CONTEXT ( 3 ) GLOBAL_UNCERTAINTY_ASSIGNED_CONTEXT ( ( #5217 ) ) GLOBAL_UNIT_ASSIGNED_CONTEXT ( ( #9740, #10732, #8000 ) ) REPRESENTATION_CONTEXT ( 'NONE', 'WORKASPACE' ) );
#12365 = AXIS2_PLACEMENT_3D ( 'NONE', #1513, #11059, #6474 ) ;
#12366 = FILL_AREA_STYLE ('',( #2788 ) ) ;
#12367 =( NAMED_UNIT ( * ) PLANE_ANGLE_UNIT ( ) SI_UNIT ( $, .RADIAN. ) );
#12368 = SURFACE_STYLE_FILL_AREA ( #7707 ) ;
#12369 = DIRECTION ( 'NONE',  ( -1.000000000000000000, 0.0000000000000000000, 0.0000000000000000000 ) ) ;
#12370 = ORIENTED_EDGE ( 'NONE', *, *, #5790, .F. ) ;
#12371 = FILL_AREA_STYLE_COLOUR ( '', #11282 ) ;
#12372 = VECTOR ( 'NONE', #11487, 1000.000000000000000 ) ;
#12373 = UNCERTAINTY_MEASURE_WITH_UNIT (LENGTH_MEASURE( 1.000000000000000082E-05 ), #12140, 'distance_accuracy_value', 'NONE');
#12374 = ORIENTED_EDGE ( 'NONE', *, *, #56, .F. ) ;
#12375 = PRESENTATION_STYLE_ASSIGNMENT (( #5753 ) ) ;
#12376 = EDGE_CURVE ( 'NONE', #10920, #3740, #11156, .T. ) ;
#12377 =( LENGTH_UNIT ( ) NAMED_UNIT ( * ) SI_UNIT ( .MILLI., .METRE. ) );
#12378 =( NAMED_UNIT ( * ) PLANE_ANGLE_UNIT ( ) SI_UNIT ( $, .RADIAN. ) );
#12379 = CARTESIAN_POINT ( 'NONE',  ( -27.78821301881461636, -0.5564746392968218380, -13.79999999999999538 ) ) ;
#12380 = PRESENTATION_LAYER_ASSIGNMENT (  '', '', ( #3201 ) ) ;
#12381 = ORIENTED_EDGE ( 'NONE', *, *, #10468, .T. ) ;
#12382 = ORIENTED_EDGE ( 'NONE', *, *, #11513, .T. ) ;
#12383 = DIRECTION ( 'NONE',  ( 0.0000000000000000000, -0.9396926207859093161, -0.3420201433256661039 ) ) ;
#12384 = SURFACE_STYLE_USAGE ( .BOTH. , #11406 ) ;
#12386 = EDGE_LOOP ( 'NONE', ( #181, #10722 ) ) ;
#12385 = CIRCLE ( 'NONE', #5878, 2.199999999999415756 ) ;
#12388 = B_SPLINE_CURVE_WITH_KNOTS ( 'NONE', 3,
 ( #5498, #9393, #9222, #9349 ),
 .UNSPECIFIED., .F., .F.,
 ( 4, 4 ),
 ( 5.343308826269070377E-15, 0.002400540168330254735 ),
 .UNSPECIFIED. ) ;
#12387 = AXIS2_PLACEMENT_3D ( 'NONE', #11118, #761, #2571 ) ;
#12389 =( LENGTH_UNIT ( ) NAMED_UNIT ( * ) SI_UNIT ( .MILLI., .METRE. ) );
#12390 = FACE_OUTER_BOUND ( 'NONE', #4515, .T. ) ;
#12391 = EDGE_LOOP ( 'NONE', ( #877, #7759, #73, #798 ) ) ;
#12392 = DIRECTION ( 'NONE',  ( 0.0000000000000000000, -0.7071067811865474617, 0.7071067811865474617 ) ) ;
#12393 = VERTEX_POINT ( 'NONE', #7758 ) ;
#12394 = VECTOR ( 'NONE', #342, 1000.000000000000227 ) ;
#12395 = EDGE_CURVE ( 'NONE', #9012, #4420, #6704, .T. ) ;
#12396 = PLANE ( 'NONE',  #7970 ) ;
#12397 = VERTEX_POINT ( 'NONE', #7846 ) ;
#12398 = VERTEX_POINT ( 'NONE', #2205 ) ;
#12399 = CARTESIAN_POINT ( 'NONE',  ( 23.50000000000000000, 2.000000000000000000, -5.299999999999999822 ) ) ;
#12400 = ORIENTED_EDGE ( 'NONE', *, *, #3002, .F. ) ;
#12402 = PRESENTATION_STYLE_ASSIGNMENT (( #8358 ) ) ;
#12401 = PLANE ( 'NONE',  #7264 ) ;
#12403 = ORIENTED_EDGE ( 'NONE', *, *, #4780, .T. ) ;
#12404 = CARTESIAN_POINT ( 'NONE',  ( 37.47073868140334696, 3.023049908482580150, 2.175041609959035060 ) ) ;
#12405 = FACE_OUTER_BOUND ( 'NONE', #2861, .T. ) ;
#12406 = CARTESIAN_POINT ( 'NONE',  ( 23.50000000000000000, 1.800000000000000044, 5.500000000000000000 ) ) ;
#12407 = MECHANICAL_DESIGN_GEOMETRIC_PRESENTATION_REPRESENTATION (  '', ( #10897 ), #4279 ) ;
#12408 = PRESENTATION_STYLE_ASSIGNMENT (( #253 ) ) ;
#12409 = EDGE_CURVE ( 'NONE', #5449, #4768, #5799, .T. ) ;
#12410 = VERTEX_POINT ( 'NONE', #9747 ) ;
#12411 = CARTESIAN_POINT ( 'NONE',  ( 24.93012343649230544, -0.3724269970098963434, -13.72987715819678023 ) ) ;
#12412 = EDGE_CURVE ( 'NONE', #11972, #5108, #4456, .T. ) ;
#12413 = VECTOR ( 'NONE', #1593, 1000.000000000000000 ) ;
#12414 = LINE ( 'NONE', #5342, #11085 ) ;
#12415 = SURFACE_STYLE_USAGE ( .BOTH. , #4004 ) ;
#12416 = SURFACE_STYLE_FILL_AREA ( #6981 ) ;
#12417 = SURFACE_SIDE_STYLE ('',( #613 ) ) ;
#12418 =( GEOMETRIC_REPRESENTATION_CONTEXT ( 3 ) GLOBAL_UNCERTAINTY_ASSIGNED_CONTEXT ( ( #6449 ) ) GLOBAL_UNIT_ASSIGNED_CONTEXT ( ( #11837, #9029, #5229 ) ) REPRESENTATION_CONTEXT ( 'NONE', 'WORKASPACE' ) );
#12419 = CARTESIAN_POINT ( 'NONE',  ( 44.36819777075260163, 3.433012701892159679, 270.4510849563059764 ) ) ;
#12420 = ORIENTED_EDGE ( 'NONE', *, *, #5466, .F. ) ;
#12421 = UNCERTAINTY_MEASURE_WITH_UNIT (LENGTH_MEASURE( 1.000000000000000082E-05 ), #11254, 'distance_accuracy_value', 'NONE');
#12422 = DIRECTION ( 'NONE',  ( 1.000000000000000000, 0.0000000000000000000, 8.191749747670720826E-15 ) ) ;
#12423 = CARTESIAN_POINT ( 'NONE',  ( 52.50000000000000000, 1.792893218813470080, -15.00000000000000000 ) ) ;
ENDSEC;
END-ISO-10303-21;
