ISO-10303-21;
HEADER;
FILE_DESCRIPTION((''),'2;1');
FILE_NAME('MICRO-10-GPS-MUJU_ASM','2023-09-01T13:43:24',('QGLing'),(''),
'CREO PARAMETRIC BY PTC INC, 2016510','CREO PARAMETRIC BY PTC INC, 2016510','');
FILE_SCHEMA(('AUTOMOTIVE_DESIGN { 1 0 10303 214 1 1 1 1 }'));
ENDSEC;
DATA;
#19=CARTESIAN_POINT('',(-1.1E1,0.E0,1.35E1));
#20=DIRECTION('',(0.E0,-1.E0,0.E0));
#21=DIRECTION('',(1.E0,0.E0,0.E0));
#22=AXIS2_PLACEMENT_3D('',#19,#20,#21);
#24=DRAUGHTING_PRE_DEFINED_CURVE_FONT('continuous');
#25=CURVE_STYLE('',#24,POSITIVE_LENGTH_MEASURE(2.E-2),#16);
#26=PRESENTATION_STYLE_ASSIGNMENT((#25));
#27=STYLED_ITEM('',(#26),#23);
#28=CARTESIAN_POINT('',(-1.1E1,0.E0,1.35E1));
#29=DIRECTION('',(0.E0,-1.E0,0.E0));
#30=DIRECTION('',(-1.E0,0.E0,0.E0));
#31=AXIS2_PLACEMENT_3D('',#28,#29,#30);
#33=CURVE_STYLE('',#24,POSITIVE_LENGTH_MEASURE(2.E-2),#16);
#34=PRESENTATION_STYLE_ASSIGNMENT((#33));
#35=STYLED_ITEM('',(#34),#32);
#36=CARTESIAN_POINT('',(1.1E1,0.E0,1.35E1));
#37=DIRECTION('',(0.E0,-1.E0,0.E0));
#38=DIRECTION('',(1.E0,0.E0,0.E0));
#39=AXIS2_PLACEMENT_3D('',#36,#37,#38);
#41=CURVE_STYLE('',#24,POSITIVE_LENGTH_MEASURE(2.E-2),#16);
#42=PRESENTATION_STYLE_ASSIGNMENT((#41));
#43=STYLED_ITEM('',(#42),#40);
#44=CARTESIAN_POINT('',(1.1E1,0.E0,1.35E1));
#45=DIRECTION('',(0.E0,-1.E0,0.E0));
#46=DIRECTION('',(-1.E0,0.E0,0.E0));
#47=AXIS2_PLACEMENT_3D('',#44,#45,#46);
#49=CURVE_STYLE('',#24,POSITIVE_LENGTH_MEASURE(2.E-2),#16);
#50=PRESENTATION_STYLE_ASSIGNMENT((#49));
#51=STYLED_ITEM('',(#50),#48);
#52=CARTESIAN_POINT('',(-1.05E1,0.E0,-1.4E1));
#53=DIRECTION('',(0.E0,1.E0,0.E0));
#54=DIRECTION('',(0.E0,0.E0,-1.E0));
#55=AXIS2_PLACEMENT_3D('',#52,#53,#54);
#57=CURVE_STYLE('',#24,POSITIVE_LENGTH_MEASURE(2.E-2),#16);
#58=PRESENTATION_STYLE_ASSIGNMENT((#57));
#59=STYLED_ITEM('',(#58),#56);
#60=DIRECTION('',(0.E0,0.E0,1.E0));
#61=VECTOR('',#60,2.7E1);
#62=CARTESIAN_POINT('',(-1.25E1,0.E0,-1.4E1));
#63=LINE('',#62,#61);
#64=CURVE_STYLE('',#24,POSITIVE_LENGTH_MEASURE(2.E-2),#16);
#65=PRESENTATION_STYLE_ASSIGNMENT((#64));
#66=STYLED_ITEM('',(#65),#63);
#67=CARTESIAN_POINT('',(-1.05E1,0.E0,1.3E1));
#68=DIRECTION('',(0.E0,1.E0,0.E0));
#69=DIRECTION('',(-1.E0,0.E0,0.E0));
#70=AXIS2_PLACEMENT_3D('',#67,#68,#69);
#72=CURVE_STYLE('',#24,POSITIVE_LENGTH_MEASURE(2.E-2),#16);
#73=PRESENTATION_STYLE_ASSIGNMENT((#72));
#74=STYLED_ITEM('',(#73),#71);
#75=DIRECTION('',(1.E0,0.E0,0.E0));
#76=VECTOR('',#75,2.1E1);
#77=CARTESIAN_POINT('',(-1.05E1,0.E0,1.5E1));
#78=LINE('',#77,#76);
#79=CURVE_STYLE('',#24,POSITIVE_LENGTH_MEASURE(2.E-2),#16);
#80=PRESENTATION_STYLE_ASSIGNMENT((#79));
#81=STYLED_ITEM('',(#80),#78);
#82=CARTESIAN_POINT('',(1.05E1,0.E0,1.3E1));
#83=DIRECTION('',(0.E0,1.E0,0.E0));
#84=DIRECTION('',(0.E0,0.E0,1.E0));
#85=AXIS2_PLACEMENT_3D('',#82,#83,#84);
#87=CURVE_STYLE('',#24,POSITIVE_LENGTH_MEASURE(2.E-2),#16);
#88=PRESENTATION_STYLE_ASSIGNMENT((#87));
#89=STYLED_ITEM('',(#88),#86);
#90=DIRECTION('',(0.E0,0.E0,-1.E0));
#91=VECTOR('',#90,2.7E1);
#92=CARTESIAN_POINT('',(1.25E1,0.E0,1.3E1));
#93=LINE('',#92,#91);
#94=CURVE_STYLE('',#24,POSITIVE_LENGTH_MEASURE(2.E-2),#16);
#95=PRESENTATION_STYLE_ASSIGNMENT((#94));
#96=STYLED_ITEM('',(#95),#93);
#97=CARTESIAN_POINT('',(1.05E1,0.E0,-1.4E1));
#98=DIRECTION('',(0.E0,1.E0,0.E0));
#99=DIRECTION('',(1.E0,0.E0,0.E0));
#100=AXIS2_PLACEMENT_3D('',#97,#98,#99);
#102=CURVE_STYLE('',#24,POSITIVE_LENGTH_MEASURE(2.E-2),#16);
#103=PRESENTATION_STYLE_ASSIGNMENT((#102));
#104=STYLED_ITEM('',(#103),#101);
#105=DIRECTION('',(-1.E0,0.E0,0.E0));
#106=VECTOR('',#105,2.1E1);
#107=CARTESIAN_POINT('',(1.05E1,0.E0,-1.6E1));
#108=LINE('',#107,#106);
#109=CURVE_STYLE('',#24,POSITIVE_LENGTH_MEASURE(2.E-2),#16);
#110=PRESENTATION_STYLE_ASSIGNMENT((#109));
#111=STYLED_ITEM('',(#110),#108);
#112=DIRECTION('',(-1.E0,0.E0,0.E0));
#113=VECTOR('',#112,1.6E1);
#114=CARTESIAN_POINT('',(9.5E0,0.E0,1.02E1));
#115=LINE('',#114,#113);
#116=CURVE_STYLE('',#24,POSITIVE_LENGTH_MEASURE(2.E-2),#16);
#117=PRESENTATION_STYLE_ASSIGNMENT((#116));
#118=STYLED_ITEM('',(#117),#115);
#119=DIRECTION('',(0.E0,0.E0,-1.E0));
#120=VECTOR('',#119,1.22E1);
#121=CARTESIAN_POINT('',(-6.5E0,0.E0,1.02E1));
#122=LINE('',#121,#120);
#123=CURVE_STYLE('',#24,POSITIVE_LENGTH_MEASURE(2.E-2),#16);
#124=PRESENTATION_STYLE_ASSIGNMENT((#123));
#125=STYLED_ITEM('',(#124),#122);
#126=DIRECTION('',(1.E0,0.E0,0.E0));
#127=VECTOR('',#126,1.6E1);
#128=CARTESIAN_POINT('',(-6.5E0,0.E0,-2.E0));
#129=LINE('',#128,#127);
#130=CURVE_STYLE('',#24,POSITIVE_LENGTH_MEASURE(2.E-2),#16);
#131=PRESENTATION_STYLE_ASSIGNMENT((#130));
#132=STYLED_ITEM('',(#131),#129);
#133=DIRECTION('',(0.E0,0.E0,1.E0));
#134=VECTOR('',#133,1.22E1);
#135=CARTESIAN_POINT('',(9.5E0,0.E0,-2.E0));
#136=LINE('',#135,#134);
#137=CURVE_STYLE('',#24,POSITIVE_LENGTH_MEASURE(2.E-2),#16);
#138=PRESENTATION_STYLE_ASSIGNMENT((#137));
#139=STYLED_ITEM('',(#138),#136);
#140=DIRECTION('',(-1.E0,0.E0,0.E0));
#141=VECTOR('',#140,2.174461615254E0);
#142=CARTESIAN_POINT('',(5.051812070087E0,0.E0,-1.26E1));
#143=LINE('',#142,#141);
#144=CURVE_STYLE('',#24,POSITIVE_LENGTH_MEASURE(2.E-2),#16);
#145=PRESENTATION_STYLE_ASSIGNMENT((#144));
#146=STYLED_ITEM('',(#145),#143);
#147=DIRECTION('',(0.E0,0.E0,-1.E0));
#148=VECTOR('',#147,5.E-1);
#149=CARTESIAN_POINT('',(2.877350454833E0,0.E0,-1.26E1));
#150=LINE('',#149,#148);
#151=CURVE_STYLE('',#24,POSITIVE_LENGTH_MEASURE(2.E-2),#16);
#152=PRESENTATION_STYLE_ASSIGNMENT((#151));
#153=STYLED_ITEM('',(#152),#150);
#154=DIRECTION('',(1.E0,0.E0,0.E0));
#155=VECTOR('',#154,2.3E0);
#156=CARTESIAN_POINT('',(2.877350454833E0,0.E0,-1.31E1));
#157=LINE('',#156,#155);
#158=CURVE_STYLE('',#24,POSITIVE_LENGTH_MEASURE(2.E-2),#16);
#159=PRESENTATION_STYLE_ASSIGNMENT((#158));
#160=STYLED_ITEM('',(#159),#157);
#161=CARTESIAN_POINT('',(8.5E0,0.E0,-1.2E1));
#162=DIRECTION('',(0.E0,-1.E0,0.E0));
#163=DIRECTION('',(-9.493284414764E-1,0.E0,-3.142857142857E-1));
#164=AXIS2_PLACEMENT_3D('',#161,#162,#163);
#166=CURVE_STYLE('',#24,POSITIVE_LENGTH_MEASURE(2.E-2),#16);
#167=PRESENTATION_STYLE_ASSIGNMENT((#166));
#168=STYLED_ITEM('',(#167),#165);
#169=CARTESIAN_POINT('',(8.5E0,0.E0,-1.2E1));
#170=DIRECTION('',(0.E0,-1.E0,0.E0));
#171=DIRECTION('',(1.E0,0.E0,0.E0));
#172=AXIS2_PLACEMENT_3D('',#169,#170,#171);
#174=CURVE_STYLE('',#24,POSITIVE_LENGTH_MEASURE(2.E-2),#16);
#175=PRESENTATION_STYLE_ASSIGNMENT((#174));
#176=STYLED_ITEM('',(#175),#173);
#177=DIRECTION('',(-1.E0,0.E0,0.E0));
#178=VECTOR('',#177,2.3E0);
#179=CARTESIAN_POINT('',(5.177350454833E0,0.E0,-1.09E1));
#180=LINE('',#179,#178);
#181=CURVE_STYLE('',#24,POSITIVE_LENGTH_MEASURE(2.E-2),#16);
#182=PRESENTATION_STYLE_ASSIGNMENT((#181));
#183=STYLED_ITEM('',(#182),#180);
#184=DIRECTION('',(0.E0,0.E0,-1.E0));
#185=VECTOR('',#184,5.E-1);
#186=CARTESIAN_POINT('',(2.877350454833E0,0.E0,-1.09E1));
#187=LINE('',#186,#185);
#188=CURVE_STYLE('',#24,POSITIVE_LENGTH_MEASURE(2.E-2),#16);
#189=PRESENTATION_STYLE_ASSIGNMENT((#188));
#190=STYLED_ITEM('',(#189),#187);
#191=DIRECTION('',(1.E0,0.E0,0.E0));
#192=VECTOR('',#191,2.174461615254E0);
#193=CARTESIAN_POINT('',(2.877350454833E0,0.E0,-1.14E1));
#194=LINE('',#193,#192);
#195=CURVE_STYLE('',#24,POSITIVE_LENGTH_MEASURE(2.E-2),#16);
#196=PRESENTATION_STYLE_ASSIGNMENT((#195));
#197=STYLED_ITEM('',(#196),#194);
#198=CARTESIAN_POINT('',(8.5E0,0.E0,-1.2E1));
#199=DIRECTION('',(0.E0,-1.E0,0.E0));
#200=DIRECTION('',(-9.851965514038E-1,0.E0,1.714285714286E-1));
#201=AXIS2_PLACEMENT_3D('',#198,#199,#200);
#203=CURVE_STYLE('',#24,POSITIVE_LENGTH_MEASURE(2.E-2),#16);
#204=PRESENTATION_STYLE_ASSIGNMENT((#203));
#205=STYLED_ITEM('',(#204),#202);
#206=CARTESIAN_POINT('',(8.5E0,0.E0,-1.2E1));
#207=DIRECTION('',(0.E0,-1.E0,0.E0));
#208=DIRECTION('',(-1.E0,0.E0,0.E0));
#209=AXIS2_PLACEMENT_3D('',#206,#207,#208);
#211=CURVE_STYLE('',#24,POSITIVE_LENGTH_MEASURE(2.E-2),#16);
#212=PRESENTATION_STYLE_ASSIGNMENT((#211));
#213=STYLED_ITEM('',(#212),#210);
#214=DIRECTION('',(1.E0,0.E0,0.E0));
#215=VECTOR('',#214,3.E0);
#216=CARTESIAN_POINT('',(-1.E1,0.E0,-1.35E1));
#217=LINE('',#216,#215);
#218=CURVE_STYLE('',#24,POSITIVE_LENGTH_MEASURE(2.E-2),#16);
#219=PRESENTATION_STYLE_ASSIGNMENT((#218));
#220=STYLED_ITEM('',(#219),#217);
#221=DIRECTION('',(0.E0,0.E0,1.E0));
#222=VECTOR('',#221,3.E0);
#223=CARTESIAN_POINT('',(-7.E0,0.E0,-1.35E1));
#224=LINE('',#223,#222);
#225=CURVE_STYLE('',#24,POSITIVE_LENGTH_MEASURE(2.E-2),#16);
#226=PRESENTATION_STYLE_ASSIGNMENT((#225));
#227=STYLED_ITEM('',(#226),#224);
#228=DIRECTION('',(-1.E0,0.E0,0.E0));
#229=VECTOR('',#228,3.E0);
#230=CARTESIAN_POINT('',(-7.E0,0.E0,-1.05E1));
#231=LINE('',#230,#229);
#232=CURVE_STYLE('',#24,POSITIVE_LENGTH_MEASURE(2.E-2),#16);
#233=PRESENTATION_STYLE_ASSIGNMENT((#232));
#234=STYLED_ITEM('',(#233),#231);
#235=DIRECTION('',(0.E0,0.E0,-1.E0));
#236=VECTOR('',#235,3.E0);
#237=CARTESIAN_POINT('',(-1.E1,0.E0,-1.05E1));
#238=LINE('',#237,#236);
#239=CURVE_STYLE('',#24,POSITIVE_LENGTH_MEASURE(2.E-2),#16);
#240=PRESENTATION_STYLE_ASSIGNMENT((#239));
#241=STYLED_ITEM('',(#240),#238);
#242=DIRECTION('',(0.E0,1.E0,0.E0));
#243=VECTOR('',#242,1.2E0);
#244=CARTESIAN_POINT('',(-1.025E1,0.E0,1.35E1));
#245=LINE('',#244,#243);
#246=CURVE_STYLE('',#24,POSITIVE_LENGTH_MEASURE(2.E-2),#16);
#247=PRESENTATION_STYLE_ASSIGNMENT((#246));
#248=STYLED_ITEM('',(#247),#245);
#249=DIRECTION('',(0.E0,1.E0,0.E0));
#250=VECTOR('',#249,1.2E0);
#251=CARTESIAN_POINT('',(-1.175E1,0.E0,1.35E1));
#252=LINE('',#251,#250);
#253=CURVE_STYLE('',#24,POSITIVE_LENGTH_MEASURE(2.E-2),#16);
#254=PRESENTATION_STYLE_ASSIGNMENT((#253));
#255=STYLED_ITEM('',(#254),#252);
#256=CARTESIAN_POINT('',(-1.1E1,1.2E0,1.35E1));
#257=DIRECTION('',(0.E0,-1.E0,0.E0));
#258=DIRECTION('',(1.E0,0.E0,0.E0));
#259=AXIS2_PLACEMENT_3D('',#256,#257,#258);
#261=CURVE_STYLE('',#24,POSITIVE_LENGTH_MEASURE(2.E-2),#16);
#262=PRESENTATION_STYLE_ASSIGNMENT((#261));
#263=STYLED_ITEM('',(#262),#260);
#264=CARTESIAN_POINT('',(-1.1E1,1.2E0,1.35E1));
#265=DIRECTION('',(0.E0,-1.E0,0.E0));
#266=DIRECTION('',(-1.E0,0.E0,0.E0));
#267=AXIS2_PLACEMENT_3D('',#264,#265,#266);
#269=CURVE_STYLE('',#24,POSITIVE_LENGTH_MEASURE(2.E-2),#16);
#270=PRESENTATION_STYLE_ASSIGNMENT((#269));
#271=STYLED_ITEM('',(#270),#268);
#272=CARTESIAN_POINT('',(1.1E1,1.2E0,1.35E1));
#273=DIRECTION('',(0.E0,-1.E0,0.E0));
#274=DIRECTION('',(1.E0,0.E0,0.E0));
#275=AXIS2_PLACEMENT_3D('',#272,#273,#274);
#277=CURVE_STYLE('',#24,POSITIVE_LENGTH_MEASURE(2.E-2),#16);
#278=PRESENTATION_STYLE_ASSIGNMENT((#277));
#279=STYLED_ITEM('',(#278),#276);
#280=CARTESIAN_POINT('',(1.1E1,1.2E0,1.35E1));
#281=DIRECTION('',(0.E0,-1.E0,0.E0));
#282=DIRECTION('',(-1.E0,0.E0,0.E0));
#283=AXIS2_PLACEMENT_3D('',#280,#281,#282);
#285=CURVE_STYLE('',#24,POSITIVE_LENGTH_MEASURE(2.E-2),#16);
#286=PRESENTATION_STYLE_ASSIGNMENT((#285));
#287=STYLED_ITEM('',(#286),#284);
#288=CARTESIAN_POINT('',(-1.05E1,1.2E0,-1.4E1));
#289=DIRECTION('',(0.E0,1.E0,0.E0));
#290=DIRECTION('',(0.E0,0.E0,-1.E0));
#291=AXIS2_PLACEMENT_3D('',#288,#289,#290);
#293=CURVE_STYLE('',#24,POSITIVE_LENGTH_MEASURE(2.E-2),#16);
#294=PRESENTATION_STYLE_ASSIGNMENT((#293));
#295=STYLED_ITEM('',(#294),#292);
#296=DIRECTION('',(-1.E0,0.E0,0.E0));
#297=VECTOR('',#296,2.1E1);
#298=CARTESIAN_POINT('',(1.05E1,1.2E0,-1.6E1));
#299=LINE('',#298,#297);
#300=CURVE_STYLE('',#24,POSITIVE_LENGTH_MEASURE(2.E-2),#16);
#301=PRESENTATION_STYLE_ASSIGNMENT((#300));
#302=STYLED_ITEM('',(#301),#299);
#303=CARTESIAN_POINT('',(1.05E1,1.2E0,-1.4E1));
#304=DIRECTION('',(0.E0,1.E0,0.E0));
#305=DIRECTION('',(1.E0,0.E0,0.E0));
#306=AXIS2_PLACEMENT_3D('',#303,#304,#305);
#308=CURVE_STYLE('',#24,POSITIVE_LENGTH_MEASURE(2.E-2),#16);
#309=PRESENTATION_STYLE_ASSIGNMENT((#308));
#310=STYLED_ITEM('',(#309),#307);
#311=DIRECTION('',(0.E0,0.E0,-1.E0));
#312=VECTOR('',#311,2.7E1);
#313=CARTESIAN_POINT('',(1.25E1,1.2E0,1.3E1));
#314=LINE('',#313,#312);
#315=CURVE_STYLE('',#24,POSITIVE_LENGTH_MEASURE(2.E-2),#16);
#316=PRESENTATION_STYLE_ASSIGNMENT((#315));
#317=STYLED_ITEM('',(#316),#314);
#318=CARTESIAN_POINT('',(1.05E1,1.2E0,1.3E1));
#319=DIRECTION('',(0.E0,1.E0,0.E0));
#320=DIRECTION('',(0.E0,0.E0,1.E0));
#321=AXIS2_PLACEMENT_3D('',#318,#319,#320);
#323=CURVE_STYLE('',#24,POSITIVE_LENGTH_MEASURE(2.E-2),#16);
#324=PRESENTATION_STYLE_ASSIGNMENT((#323));
#325=STYLED_ITEM('',(#324),#322);
#326=DIRECTION('',(1.E0,0.E0,0.E0));
#327=VECTOR('',#326,2.1E1);
#328=CARTESIAN_POINT('',(-1.05E1,1.2E0,1.5E1));
#329=LINE('',#328,#327);
#330=CURVE_STYLE('',#24,POSITIVE_LENGTH_MEASURE(2.E-2),#16);
#331=PRESENTATION_STYLE_ASSIGNMENT((#330));
#332=STYLED_ITEM('',(#331),#329);
#333=CARTESIAN_POINT('',(-1.05E1,1.2E0,1.3E1));
#334=DIRECTION('',(0.E0,1.E0,0.E0));
#335=DIRECTION('',(-1.E0,0.E0,0.E0));
#336=AXIS2_PLACEMENT_3D('',#333,#334,#335);
#338=CURVE_STYLE('',#24,POSITIVE_LENGTH_MEASURE(2.E-2),#16);
#339=PRESENTATION_STYLE_ASSIGNMENT((#338));
#340=STYLED_ITEM('',(#339),#337);
#341=DIRECTION('',(0.E0,0.E0,1.E0));
#342=VECTOR('',#341,2.7E1);
#343=CARTESIAN_POINT('',(-1.25E1,1.2E0,-1.4E1));
#344=LINE('',#343,#342);
#345=CURVE_STYLE('',#24,POSITIVE_LENGTH_MEASURE(2.E-2),#16);
#346=PRESENTATION_STYLE_ASSIGNMENT((#345));
#347=STYLED_ITEM('',(#346),#344);
#348=DIRECTION('',(0.E0,0.E0,1.E0));
#349=VECTOR('',#348,1.69E1);
#350=CARTESIAN_POINT('',(-1.245E1,1.2E0,-1.19E1));
#351=LINE('',#350,#349);
#352=CURVE_STYLE('',#24,POSITIVE_LENGTH_MEASURE(2.E-2),#16);
#353=PRESENTATION_STYLE_ASSIGNMENT((#352));
#354=STYLED_ITEM('',(#353),#351);
#355=CARTESIAN_POINT('',(-8.45E0,1.2E0,5.E0));
#356=DIRECTION('',(0.E0,1.E0,0.E0));
#357=DIRECTION('',(-1.E0,0.E0,0.E0));
#358=AXIS2_PLACEMENT_3D('',#355,#356,#357);
#360=CURVE_STYLE('',#24,POSITIVE_LENGTH_MEASURE(2.E-2),#16);
#361=PRESENTATION_STYLE_ASSIGNMENT((#360));
#362=STYLED_ITEM('',(#361),#359);
#363=DIRECTION('',(1.E0,0.E0,0.E0));
#364=VECTOR('',#363,1.69E1);
#365=CARTESIAN_POINT('',(-8.45E0,1.2E0,9.E0));
#366=LINE('',#365,#364);
#367=CURVE_STYLE('',#24,POSITIVE_LENGTH_MEASURE(2.E-2),#16);
#368=PRESENTATION_STYLE_ASSIGNMENT((#367));
#369=STYLED_ITEM('',(#368),#366);
#370=CARTESIAN_POINT('',(8.45E0,1.2E0,5.E0));
#371=DIRECTION('',(0.E0,1.E0,0.E0));
#372=DIRECTION('',(0.E0,0.E0,1.E0));
#373=AXIS2_PLACEMENT_3D('',#370,#371,#372);
#375=CURVE_STYLE('',#24,POSITIVE_LENGTH_MEASURE(2.E-2),#16);
#376=PRESENTATION_STYLE_ASSIGNMENT((#375));
#377=STYLED_ITEM('',(#376),#374);
#378=DIRECTION('',(0.E0,0.E0,-1.E0));
#379=VECTOR('',#378,1.69E1);
#380=CARTESIAN_POINT('',(1.245E1,1.2E0,5.E0));
#381=LINE('',#380,#379);
#382=CURVE_STYLE('',#24,POSITIVE_LENGTH_MEASURE(2.E-2),#16);
#383=PRESENTATION_STYLE_ASSIGNMENT((#382));
#384=STYLED_ITEM('',(#383),#381);
#385=CARTESIAN_POINT('',(8.45E0,1.2E0,-1.19E1));
#386=DIRECTION('',(0.E0,1.E0,0.E0));
#387=DIRECTION('',(1.E0,0.E0,0.E0));
#388=AXIS2_PLACEMENT_3D('',#385,#386,#387);
#390=CURVE_STYLE('',#24,POSITIVE_LENGTH_MEASURE(2.E-2),#16);
#391=PRESENTATION_STYLE_ASSIGNMENT((#390));
#392=STYLED_ITEM('',(#391),#389);
#393=DIRECTION('',(-1.E0,0.E0,0.E0));
#394=VECTOR('',#393,1.69E1);
#395=CARTESIAN_POINT('',(8.45E0,1.2E0,-1.59E1));
#396=LINE('',#395,#394);
#397=CURVE_STYLE('',#24,POSITIVE_LENGTH_MEASURE(2.E-2),#16);
#398=PRESENTATION_STYLE_ASSIGNMENT((#397));
#399=STYLED_ITEM('',(#398),#396);
#400=CARTESIAN_POINT('',(-8.45E0,1.2E0,-1.19E1));
#401=DIRECTION('',(0.E0,1.E0,0.E0));
#402=DIRECTION('',(0.E0,0.E0,-1.E0));
#403=AXIS2_PLACEMENT_3D('',#400,#401,#402);
#405=CURVE_STYLE('',#24,POSITIVE_LENGTH_MEASURE(2.E-2),#16);
#406=PRESENTATION_STYLE_ASSIGNMENT((#405));
#407=STYLED_ITEM('',(#406),#404);
#408=DIRECTION('',(-1.E0,0.E0,0.E0));
#409=VECTOR('',#408,2.E0);
#410=CARTESIAN_POINT('',(1.15E1,1.2E0,9.85E0));
#411=LINE('',#410,#409);
#412=CURVE_STYLE('',#24,POSITIVE_LENGTH_MEASURE(2.E-2),#16);
#413=PRESENTATION_STYLE_ASSIGNMENT((#412));
#414=STYLED_ITEM('',(#413),#411);
#415=DIRECTION('',(0.E0,0.E0,1.E0));
#416=VECTOR('',#415,8.E-1);
#417=CARTESIAN_POINT('',(9.5E0,1.2E0,9.85E0));
#418=LINE('',#417,#416);
#419=CURVE_STYLE('',#24,POSITIVE_LENGTH_MEASURE(2.E-2),#16);
#420=PRESENTATION_STYLE_ASSIGNMENT((#419));
#421=STYLED_ITEM('',(#420),#418);
#422=DIRECTION('',(1.E0,0.E0,0.E0));
#423=VECTOR('',#422,2.E0);
#424=CARTESIAN_POINT('',(9.5E0,1.2E0,1.065E1));
#425=LINE('',#424,#423);
#426=CURVE_STYLE('',#24,POSITIVE_LENGTH_MEASURE(2.E-2),#16);
#427=PRESENTATION_STYLE_ASSIGNMENT((#426));
#428=STYLED_ITEM('',(#427),#425);
#429=DIRECTION('',(0.E0,0.E0,-1.E0));
#430=VECTOR('',#429,8.E-1);
#431=CARTESIAN_POINT('',(1.15E1,1.2E0,1.065E1));
#432=LINE('',#431,#430);
#433=CURVE_STYLE('',#24,POSITIVE_LENGTH_MEASURE(2.E-2),#16);
#434=PRESENTATION_STYLE_ASSIGNMENT((#433));
#435=STYLED_ITEM('',(#434),#432);
#436=DIRECTION('',(0.E0,0.E0,1.E0));
#437=VECTOR('',#436,8.E-1);
#438=CARTESIAN_POINT('',(-1.15E1,1.2E0,9.85E0));
#439=LINE('',#438,#437);
#440=CURVE_STYLE('',#24,POSITIVE_LENGTH_MEASURE(2.E-2),#16);
#441=PRESENTATION_STYLE_ASSIGNMENT((#440));
#442=STYLED_ITEM('',(#441),#439);
#443=DIRECTION('',(1.E0,0.E0,0.E0));
#444=VECTOR('',#443,2.E0);
#445=CARTESIAN_POINT('',(-1.15E1,1.2E0,1.065E1));
#446=LINE('',#445,#444);
#447=CURVE_STYLE('',#24,POSITIVE_LENGTH_MEASURE(2.E-2),#16);
#448=PRESENTATION_STYLE_ASSIGNMENT((#447));
#449=STYLED_ITEM('',(#448),#446);
#450=DIRECTION('',(0.E0,0.E0,-1.E0));
#451=VECTOR('',#450,8.E-1);
#452=CARTESIAN_POINT('',(-9.5E0,1.2E0,1.065E1));
#453=LINE('',#452,#451);
#454=CURVE_STYLE('',#24,POSITIVE_LENGTH_MEASURE(2.E-2),#16);
#455=PRESENTATION_STYLE_ASSIGNMENT((#454));
#456=STYLED_ITEM('',(#455),#453);
#457=DIRECTION('',(-1.E0,0.E0,0.E0));
#458=VECTOR('',#457,2.E0);
#459=CARTESIAN_POINT('',(-9.5E0,1.2E0,9.85E0));
#460=LINE('',#459,#458);
#461=CURVE_STYLE('',#24,POSITIVE_LENGTH_MEASURE(2.E-2),#16);
#462=PRESENTATION_STYLE_ASSIGNMENT((#461));
#463=STYLED_ITEM('',(#462),#460);
#464=DIRECTION('',(0.E0,1.E0,0.E0));
#465=VECTOR('',#464,1.2E0);
#466=CARTESIAN_POINT('',(1.175E1,0.E0,1.35E1));
#467=LINE('',#466,#465);
#468=CURVE_STYLE('',#24,POSITIVE_LENGTH_MEASURE(2.E-2),#16);
#469=PRESENTATION_STYLE_ASSIGNMENT((#468));
#470=STYLED_ITEM('',(#469),#467);
#471=DIRECTION('',(0.E0,1.E0,0.E0));
#472=VECTOR('',#471,1.2E0);
#473=CARTESIAN_POINT('',(1.025E1,0.E0,1.35E1));
#474=LINE('',#473,#472);
#475=CURVE_STYLE('',#24,POSITIVE_LENGTH_MEASURE(2.E-2),#16);
#476=PRESENTATION_STYLE_ASSIGNMENT((#475));
#477=STYLED_ITEM('',(#476),#474);
#478=DIRECTION('',(0.E0,1.E0,0.E0));
#479=VECTOR('',#478,1.2E0);
#480=CARTESIAN_POINT('',(-1.05E1,0.E0,-1.6E1));
#481=LINE('',#480,#479);
#482=CURVE_STYLE('',#24,POSITIVE_LENGTH_MEASURE(2.E-2),#16);
#483=PRESENTATION_STYLE_ASSIGNMENT((#482));
#484=STYLED_ITEM('',(#483),#481);
#485=DIRECTION('',(0.E0,1.E0,0.E0));
#486=VECTOR('',#485,1.2E0);
#487=CARTESIAN_POINT('',(1.05E1,0.E0,-1.6E1));
#488=LINE('',#487,#486);
#489=CURVE_STYLE('',#24,POSITIVE_LENGTH_MEASURE(2.E-2),#16);
#490=PRESENTATION_STYLE_ASSIGNMENT((#489));
#491=STYLED_ITEM('',(#490),#488);
#492=DIRECTION('',(0.E0,1.E0,0.E0));
#493=VECTOR('',#492,1.2E0);
#494=CARTESIAN_POINT('',(1.25E1,0.E0,-1.4E1));
#495=LINE('',#494,#493);
#496=CURVE_STYLE('',#24,POSITIVE_LENGTH_MEASURE(2.E-2),#16);
#497=PRESENTATION_STYLE_ASSIGNMENT((#496));
#498=STYLED_ITEM('',(#497),#495);
#499=DIRECTION('',(0.E0,1.E0,0.E0));
#500=VECTOR('',#499,1.2E0);
#501=CARTESIAN_POINT('',(1.25E1,0.E0,1.3E1));
#502=LINE('',#501,#500);
#503=CURVE_STYLE('',#24,POSITIVE_LENGTH_MEASURE(2.E-2),#16);
#504=PRESENTATION_STYLE_ASSIGNMENT((#503));
#505=STYLED_ITEM('',(#504),#502);
#506=DIRECTION('',(0.E0,1.E0,0.E0));
#507=VECTOR('',#506,1.2E0);
#508=CARTESIAN_POINT('',(1.05E1,0.E0,1.5E1));
#509=LINE('',#508,#507);
#510=CURVE_STYLE('',#24,POSITIVE_LENGTH_MEASURE(2.E-2),#16);
#511=PRESENTATION_STYLE_ASSIGNMENT((#510));
#512=STYLED_ITEM('',(#511),#509);
#513=DIRECTION('',(0.E0,1.E0,0.E0));
#514=VECTOR('',#513,1.2E0);
#515=CARTESIAN_POINT('',(-1.05E1,0.E0,1.5E1));
#516=LINE('',#515,#514);
#517=CURVE_STYLE('',#24,POSITIVE_LENGTH_MEASURE(2.E-2),#16);
#518=PRESENTATION_STYLE_ASSIGNMENT((#517));
#519=STYLED_ITEM('',(#518),#516);
#520=DIRECTION('',(0.E0,1.E0,0.E0));
#521=VECTOR('',#520,1.2E0);
#522=CARTESIAN_POINT('',(-1.25E1,0.E0,1.3E1));
#523=LINE('',#522,#521);
#524=CURVE_STYLE('',#24,POSITIVE_LENGTH_MEASURE(2.E-2),#16);
#525=PRESENTATION_STYLE_ASSIGNMENT((#524));
#526=STYLED_ITEM('',(#525),#523);
#527=DIRECTION('',(0.E0,1.E0,0.E0));
#528=VECTOR('',#527,1.2E0);
#529=CARTESIAN_POINT('',(-1.25E1,0.E0,-1.4E1));
#530=LINE('',#529,#528);
#531=CURVE_STYLE('',#24,POSITIVE_LENGTH_MEASURE(2.E-2),#16);
#532=PRESENTATION_STYLE_ASSIGNMENT((#531));
#533=STYLED_ITEM('',(#532),#530);
#534=DIRECTION('',(0.E0,1.E0,0.E0));
#535=VECTOR('',#534,3.9E0);
#536=CARTESIAN_POINT('',(-1.245E1,1.2E0,-1.19E1));
#537=LINE('',#536,#535);
#538=CURVE_STYLE('',#24,POSITIVE_LENGTH_MEASURE(2.E-2),#16);
#539=PRESENTATION_STYLE_ASSIGNMENT((#538));
#540=STYLED_ITEM('',(#539),#537);
#541=DIRECTION('',(0.E0,1.E0,0.E0));
#542=VECTOR('',#541,3.9E0);
#543=CARTESIAN_POINT('',(-8.45E0,1.2E0,-1.59E1));
#544=LINE('',#543,#542);
#545=CURVE_STYLE('',#24,POSITIVE_LENGTH_MEASURE(2.E-2),#16);
#546=PRESENTATION_STYLE_ASSIGNMENT((#545));
#547=STYLED_ITEM('',(#546),#544);
#548=DIRECTION('',(0.E0,1.E0,0.E0));
#549=VECTOR('',#548,3.9E0);
#550=CARTESIAN_POINT('',(8.45E0,1.2E0,-1.59E1));
#551=LINE('',#550,#549);
#552=CURVE_STYLE('',#24,POSITIVE_LENGTH_MEASURE(2.E-2),#16);
#553=PRESENTATION_STYLE_ASSIGNMENT((#552));
#554=STYLED_ITEM('',(#553),#551);
#555=DIRECTION('',(0.E0,1.E0,0.E0));
#556=VECTOR('',#555,3.9E0);
#557=CARTESIAN_POINT('',(1.245E1,1.2E0,-1.19E1));
#558=LINE('',#557,#556);
#559=CURVE_STYLE('',#24,POSITIVE_LENGTH_MEASURE(2.E-2),#16);
#560=PRESENTATION_STYLE_ASSIGNMENT((#559));
#561=STYLED_ITEM('',(#560),#558);
#562=DIRECTION('',(0.E0,1.E0,0.E0));
#563=VECTOR('',#562,3.9E0);
#564=CARTESIAN_POINT('',(1.245E1,1.2E0,5.E0));
#565=LINE('',#564,#563);
#566=CURVE_STYLE('',#24,POSITIVE_LENGTH_MEASURE(2.E-2),#16);
#567=PRESENTATION_STYLE_ASSIGNMENT((#566));
#568=STYLED_ITEM('',(#567),#565);
#569=DIRECTION('',(0.E0,1.E0,0.E0));
#570=VECTOR('',#569,3.9E0);
#571=CARTESIAN_POINT('',(8.45E0,1.2E0,9.E0));
#572=LINE('',#571,#570);
#573=CURVE_STYLE('',#24,POSITIVE_LENGTH_MEASURE(2.E-2),#16);
#574=PRESENTATION_STYLE_ASSIGNMENT((#573));
#575=STYLED_ITEM('',(#574),#572);
#576=DIRECTION('',(0.E0,1.E0,0.E0));
#577=VECTOR('',#576,3.9E0);
#578=CARTESIAN_POINT('',(-8.45E0,1.2E0,9.E0));
#579=LINE('',#578,#577);
#580=CURVE_STYLE('',#24,POSITIVE_LENGTH_MEASURE(2.E-2),#16);
#581=PRESENTATION_STYLE_ASSIGNMENT((#580));
#582=STYLED_ITEM('',(#581),#579);
#583=DIRECTION('',(0.E0,1.E0,0.E0));
#584=VECTOR('',#583,3.9E0);
#585=CARTESIAN_POINT('',(-1.245E1,1.2E0,5.E0));
#586=LINE('',#585,#584);
#587=CURVE_STYLE('',#24,POSITIVE_LENGTH_MEASURE(2.E-2),#16);
#588=PRESENTATION_STYLE_ASSIGNMENT((#587));
#589=STYLED_ITEM('',(#588),#586);
#590=CARTESIAN_POINT('',(-8.45E0,5.1E0,-1.19E1));
#591=DIRECTION('',(0.E0,1.E0,0.E0));
#592=DIRECTION('',(0.E0,0.E0,-1.E0));
#593=AXIS2_PLACEMENT_3D('',#590,#591,#592);
#595=CURVE_STYLE('',#24,POSITIVE_LENGTH_MEASURE(2.E-2),#16);
#596=PRESENTATION_STYLE_ASSIGNMENT((#595));
#597=STYLED_ITEM('',(#596),#594);
#598=DIRECTION('',(-1.E0,0.E0,0.E0));
#599=VECTOR('',#598,1.69E1);
#600=CARTESIAN_POINT('',(8.45E0,5.1E0,-1.59E1));
#601=LINE('',#600,#599);
#602=CURVE_STYLE('',#24,POSITIVE_LENGTH_MEASURE(2.E-2),#16);
#603=PRESENTATION_STYLE_ASSIGNMENT((#602));
#604=STYLED_ITEM('',(#603),#601);
#605=CARTESIAN_POINT('',(8.45E0,5.1E0,-1.19E1));
#606=DIRECTION('',(0.E0,1.E0,0.E0));
#607=DIRECTION('',(1.E0,0.E0,0.E0));
#608=AXIS2_PLACEMENT_3D('',#605,#606,#607);
#610=CURVE_STYLE('',#24,POSITIVE_LENGTH_MEASURE(2.E-2),#16);
#611=PRESENTATION_STYLE_ASSIGNMENT((#610));
#612=STYLED_ITEM('',(#611),#609);
#613=DIRECTION('',(0.E0,0.E0,-1.E0));
#614=VECTOR('',#613,1.69E1);
#615=CARTESIAN_POINT('',(1.245E1,5.1E0,5.E0));
#616=LINE('',#615,#614);
#617=CURVE_STYLE('',#24,POSITIVE_LENGTH_MEASURE(2.E-2),#16);
#618=PRESENTATION_STYLE_ASSIGNMENT((#617));
#619=STYLED_ITEM('',(#618),#616);
#620=CARTESIAN_POINT('',(8.45E0,5.1E0,5.E0));
#621=DIRECTION('',(0.E0,1.E0,0.E0));
#622=DIRECTION('',(0.E0,0.E0,1.E0));
#623=AXIS2_PLACEMENT_3D('',#620,#621,#622);
#625=CURVE_STYLE('',#24,POSITIVE_LENGTH_MEASURE(2.E-2),#16);
#626=PRESENTATION_STYLE_ASSIGNMENT((#625));
#627=STYLED_ITEM('',(#626),#624);
#628=DIRECTION('',(1.E0,0.E0,0.E0));
#629=VECTOR('',#628,1.69E1);
#630=CARTESIAN_POINT('',(-8.45E0,5.1E0,9.E0));
#631=LINE('',#630,#629);
#632=CURVE_STYLE('',#24,POSITIVE_LENGTH_MEASURE(2.E-2),#16);
#633=PRESENTATION_STYLE_ASSIGNMENT((#632));
#634=STYLED_ITEM('',(#633),#631);
#635=CARTESIAN_POINT('',(-8.45E0,5.1E0,5.E0));
#636=DIRECTION('',(0.E0,1.E0,0.E0));
#637=DIRECTION('',(-1.E0,0.E0,0.E0));
#638=AXIS2_PLACEMENT_3D('',#635,#636,#637);
#640=CURVE_STYLE('',#24,POSITIVE_LENGTH_MEASURE(2.E-2),#16);
#641=PRESENTATION_STYLE_ASSIGNMENT((#640));
#642=STYLED_ITEM('',(#641),#639);
#643=DIRECTION('',(0.E0,0.E0,1.E0));
#644=VECTOR('',#643,1.69E1);
#645=CARTESIAN_POINT('',(-1.245E1,5.1E0,-1.19E1));
#646=LINE('',#645,#644);
#647=CURVE_STYLE('',#24,POSITIVE_LENGTH_MEASURE(2.E-2),#16);
#648=PRESENTATION_STYLE_ASSIGNMENT((#647));
#649=STYLED_ITEM('',(#648),#646);
#650=DIRECTION('',(-1.E0,0.E0,0.E0));
#651=VECTOR('',#650,7.E0);
#652=CARTESIAN_POINT('',(-5.E-1,5.1E0,-1.4E1));
#653=LINE('',#652,#651);
#654=CURVE_STYLE('',#24,POSITIVE_LENGTH_MEASURE(2.E-2),#16);
#655=PRESENTATION_STYLE_ASSIGNMENT((#654));
#656=STYLED_ITEM('',(#655),#653);
#657=DIRECTION('',(0.E0,0.E0,1.E0));
#658=VECTOR('',#657,7.E0);
#659=CARTESIAN_POINT('',(-1.E1,5.1E0,-1.15E1));
#660=LINE('',#659,#658);
#661=CURVE_STYLE('',#24,POSITIVE_LENGTH_MEASURE(2.E-2),#16);
#662=PRESENTATION_STYLE_ASSIGNMENT((#661));
#663=STYLED_ITEM('',(#662),#660);
#664=DIRECTION('',(1.E0,0.E0,0.E0));
#665=VECTOR('',#664,2.5E0);
#666=CARTESIAN_POINT('',(-1.E1,5.1E0,-4.5E0));
#667=LINE('',#666,#665);
#668=CURVE_STYLE('',#24,POSITIVE_LENGTH_MEASURE(2.E-2),#16);
#669=PRESENTATION_STYLE_ASSIGNMENT((#668));
#670=STYLED_ITEM('',(#669),#667);
#671=DIRECTION('',(0.E0,0.E0,1.E0));
#672=VECTOR('',#671,1.E0);
#673=CARTESIAN_POINT('',(-7.5E0,5.1E0,-4.5E0));
#674=LINE('',#673,#672);
#675=CURVE_STYLE('',#24,POSITIVE_LENGTH_MEASURE(2.E-2),#16);
#676=PRESENTATION_STYLE_ASSIGNMENT((#675));
#677=STYLED_ITEM('',(#676),#674);
#678=DIRECTION('',(-1.E0,0.E0,0.E0));
#679=VECTOR('',#678,2.5E0);
#680=CARTESIAN_POINT('',(-7.5E0,5.1E0,-3.5E0));
#681=LINE('',#680,#679);
#682=CURVE_STYLE('',#24,POSITIVE_LENGTH_MEASURE(2.E-2),#16);
#683=PRESENTATION_STYLE_ASSIGNMENT((#682));
#684=STYLED_ITEM('',(#683),#681);
#685=DIRECTION('',(0.E0,0.E0,1.E0));
#686=VECTOR('',#685,8.E0);
#687=CARTESIAN_POINT('',(-1.E1,5.1E0,-3.5E0));
#688=LINE('',#687,#686);
#689=CURVE_STYLE('',#24,POSITIVE_LENGTH_MEASURE(2.E-2),#16);
#690=PRESENTATION_STYLE_ASSIGNMENT((#689));
#691=STYLED_ITEM('',(#690),#688);
#692=DIRECTION('',(1.E0,0.E0,0.E0));
#693=VECTOR('',#692,1.75E1);
#694=CARTESIAN_POINT('',(-7.5E0,5.1E0,7.E0));
#695=LINE('',#694,#693);
#696=CURVE_STYLE('',#24,POSITIVE_LENGTH_MEASURE(2.E-2),#16);
#697=PRESENTATION_STYLE_ASSIGNMENT((#696));
#698=STYLED_ITEM('',(#697),#695);
#699=DIRECTION('',(0.E0,0.E0,-1.E0));
#700=VECTOR('',#699,1.85E1);
#701=CARTESIAN_POINT('',(1.E1,5.1E0,7.E0));
#702=LINE('',#701,#700);
#703=CURVE_STYLE('',#24,POSITIVE_LENGTH_MEASURE(2.E-2),#16);
#704=PRESENTATION_STYLE_ASSIGNMENT((#703));
#705=STYLED_ITEM('',(#704),#702);
#706=DIRECTION('',(-1.E0,0.E0,0.E0));
#707=VECTOR('',#706,7.E0);
#708=CARTESIAN_POINT('',(7.5E0,5.1E0,-1.4E1));
#709=LINE('',#708,#707);
#710=CURVE_STYLE('',#24,POSITIVE_LENGTH_MEASURE(2.E-2),#16);
#711=PRESENTATION_STYLE_ASSIGNMENT((#710));
#712=STYLED_ITEM('',(#711),#709);
#713=DIRECTION('',(0.E0,0.E0,1.E0));
#714=VECTOR('',#713,2.5E0);
#715=CARTESIAN_POINT('',(5.E-1,5.1E0,-1.4E1));
#716=LINE('',#715,#714);
#717=CURVE_STYLE('',#24,POSITIVE_LENGTH_MEASURE(2.E-2),#16);
#718=PRESENTATION_STYLE_ASSIGNMENT((#717));
#719=STYLED_ITEM('',(#718),#716);
#720=DIRECTION('',(-1.E0,0.E0,0.E0));
#721=VECTOR('',#720,1.E0);
#722=CARTESIAN_POINT('',(5.E-1,5.1E0,-1.15E1));
#723=LINE('',#722,#721);
#724=CURVE_STYLE('',#24,POSITIVE_LENGTH_MEASURE(2.E-2),#16);
#725=PRESENTATION_STYLE_ASSIGNMENT((#724));
#726=STYLED_ITEM('',(#725),#723);
#727=DIRECTION('',(0.E0,0.E0,-1.E0));
#728=VECTOR('',#727,2.5E0);
#729=CARTESIAN_POINT('',(-5.E-1,5.1E0,-1.15E1));
#730=LINE('',#729,#728);
#731=CURVE_STYLE('',#24,POSITIVE_LENGTH_MEASURE(2.E-2),#16);
#732=PRESENTATION_STYLE_ASSIGNMENT((#731));
#733=STYLED_ITEM('',(#732),#730);
#734=DIRECTION('',(0.E0,-1.E0,0.E0));
#735=VECTOR('',#734,1.E-1);
#736=CARTESIAN_POINT('',(-7.5E0,5.2E0,-1.4E1));
#737=LINE('',#736,#735);
#738=CURVE_STYLE('',#24,POSITIVE_LENGTH_MEASURE(2.E-2),#16);
#739=PRESENTATION_STYLE_ASSIGNMENT((#738));
#740=STYLED_ITEM('',(#739),#737);
#741=DIRECTION('',(0.E0,1.E0,0.E0));
#742=VECTOR('',#741,1.E-1);
#743=CARTESIAN_POINT('',(-5.E-1,5.1E0,-1.4E1));
#744=LINE('',#743,#742);
#745=CURVE_STYLE('',#24,POSITIVE_LENGTH_MEASURE(2.E-2),#16);
#746=PRESENTATION_STYLE_ASSIGNMENT((#745));
#747=STYLED_ITEM('',(#746),#744);
#748=DIRECTION('',(7.071067811865E-1,0.E0,7.071067811865E-1));
#749=VECTOR('',#748,3.535533905933E0);
#750=CARTESIAN_POINT('',(-1.E1,5.2E0,4.5E0));
#751=LINE('',#750,#749);
#752=CURVE_STYLE('',#24,POSITIVE_LENGTH_MEASURE(2.E-2),#16);
#753=PRESENTATION_STYLE_ASSIGNMENT((#752));
#754=STYLED_ITEM('',(#753),#751);
#755=DIRECTION('',(0.E0,0.E0,1.E0));
#756=VECTOR('',#755,8.E0);
#757=CARTESIAN_POINT('',(-1.E1,5.2E0,-3.5E0));
#758=LINE('',#757,#756);
#759=CURVE_STYLE('',#24,POSITIVE_LENGTH_MEASURE(2.E-2),#16);
#760=PRESENTATION_STYLE_ASSIGNMENT((#759));
#761=STYLED_ITEM('',(#760),#758);
#762=DIRECTION('',(-1.E0,0.E0,0.E0));
#763=VECTOR('',#762,2.5E0);
#764=CARTESIAN_POINT('',(-7.5E0,5.2E0,-3.5E0));
#765=LINE('',#764,#763);
#766=CURVE_STYLE('',#24,POSITIVE_LENGTH_MEASURE(2.E-2),#16);
#767=PRESENTATION_STYLE_ASSIGNMENT((#766));
#768=STYLED_ITEM('',(#767),#765);
#769=DIRECTION('',(0.E0,0.E0,1.E0));
#770=VECTOR('',#769,1.E0);
#771=CARTESIAN_POINT('',(-7.5E0,5.2E0,-4.5E0));
#772=LINE('',#771,#770);
#773=CURVE_STYLE('',#24,POSITIVE_LENGTH_MEASURE(2.E-2),#16);
#774=PRESENTATION_STYLE_ASSIGNMENT((#773));
#775=STYLED_ITEM('',(#774),#772);
#776=DIRECTION('',(1.E0,0.E0,0.E0));
#777=VECTOR('',#776,2.5E0);
#778=CARTESIAN_POINT('',(-1.E1,5.2E0,-4.5E0));
#779=LINE('',#778,#777);
#780=CURVE_STYLE('',#24,POSITIVE_LENGTH_MEASURE(2.E-2),#16);
#781=PRESENTATION_STYLE_ASSIGNMENT((#780));
#782=STYLED_ITEM('',(#781),#779);
#783=DIRECTION('',(0.E0,0.E0,1.E0));
#784=VECTOR('',#783,7.E0);
#785=CARTESIAN_POINT('',(-1.E1,5.2E0,-1.15E1));
#786=LINE('',#785,#784);
#787=CURVE_STYLE('',#24,POSITIVE_LENGTH_MEASURE(2.E-2),#16);
#788=PRESENTATION_STYLE_ASSIGNMENT((#787));
#789=STYLED_ITEM('',(#788),#786);
#790=DIRECTION('',(-7.071067811865E-1,0.E0,7.071067811865E-1));
#791=VECTOR('',#790,3.535533905933E0);
#792=CARTESIAN_POINT('',(-7.5E0,5.2E0,-1.4E1));
#793=LINE('',#792,#791);
#794=CURVE_STYLE('',#24,POSITIVE_LENGTH_MEASURE(2.E-2),#16);
#795=PRESENTATION_STYLE_ASSIGNMENT((#794));
#796=STYLED_ITEM('',(#795),#793);
#797=DIRECTION('',(-1.E0,0.E0,0.E0));
#798=VECTOR('',#797,7.E0);
#799=CARTESIAN_POINT('',(-5.E-1,5.2E0,-1.4E1));
#800=LINE('',#799,#798);
#801=CURVE_STYLE('',#24,POSITIVE_LENGTH_MEASURE(2.E-2),#16);
#802=PRESENTATION_STYLE_ASSIGNMENT((#801));
#803=STYLED_ITEM('',(#802),#800);
#804=DIRECTION('',(0.E0,0.E0,-1.E0));
#805=VECTOR('',#804,2.5E0);
#806=CARTESIAN_POINT('',(-5.E-1,5.2E0,-1.15E1));
#807=LINE('',#806,#805);
#808=CURVE_STYLE('',#24,POSITIVE_LENGTH_MEASURE(2.E-2),#16);
#809=PRESENTATION_STYLE_ASSIGNMENT((#808));
#810=STYLED_ITEM('',(#809),#807);
#811=DIRECTION('',(-1.E0,0.E0,0.E0));
#812=VECTOR('',#811,1.E0);
#813=CARTESIAN_POINT('',(5.E-1,5.2E0,-1.15E1));
#814=LINE('',#813,#812);
#815=CURVE_STYLE('',#24,POSITIVE_LENGTH_MEASURE(2.E-2),#16);
#816=PRESENTATION_STYLE_ASSIGNMENT((#815));
#817=STYLED_ITEM('',(#816),#814);
#818=DIRECTION('',(0.E0,0.E0,1.E0));
#819=VECTOR('',#818,2.5E0);
#820=CARTESIAN_POINT('',(5.E-1,5.2E0,-1.4E1));
#821=LINE('',#820,#819);
#822=CURVE_STYLE('',#24,POSITIVE_LENGTH_MEASURE(2.E-2),#16);
#823=PRESENTATION_STYLE_ASSIGNMENT((#822));
#824=STYLED_ITEM('',(#823),#821);
#825=DIRECTION('',(-1.E0,0.E0,0.E0));
#826=VECTOR('',#825,7.E0);
#827=CARTESIAN_POINT('',(7.5E0,5.2E0,-1.4E1));
#828=LINE('',#827,#826);
#829=CURVE_STYLE('',#24,POSITIVE_LENGTH_MEASURE(2.E-2),#16);
#830=PRESENTATION_STYLE_ASSIGNMENT((#829));
#831=STYLED_ITEM('',(#830),#828);
#832=DIRECTION('',(-7.071067811865E-1,0.E0,-7.071067811865E-1));
#833=VECTOR('',#832,3.535533905933E0);
#834=CARTESIAN_POINT('',(1.E1,5.2E0,-1.15E1));
#835=LINE('',#834,#833);
#836=CURVE_STYLE('',#24,POSITIVE_LENGTH_MEASURE(2.E-2),#16);
#837=PRESENTATION_STYLE_ASSIGNMENT((#836));
#838=STYLED_ITEM('',(#837),#835);
#839=DIRECTION('',(0.E0,0.E0,-1.E0));
#840=VECTOR('',#839,1.85E1);
#841=CARTESIAN_POINT('',(1.E1,5.2E0,7.E0));
#842=LINE('',#841,#840);
#843=CURVE_STYLE('',#24,POSITIVE_LENGTH_MEASURE(2.E-2),#16);
#844=PRESENTATION_STYLE_ASSIGNMENT((#843));
#845=STYLED_ITEM('',(#844),#842);
#846=DIRECTION('',(1.E0,0.E0,0.E0));
#847=VECTOR('',#846,1.75E1);
#848=CARTESIAN_POINT('',(-7.5E0,5.2E0,7.E0));
#849=LINE('',#848,#847);
#850=CURVE_STYLE('',#24,POSITIVE_LENGTH_MEASURE(2.E-2),#16);
#851=PRESENTATION_STYLE_ASSIGNMENT((#850));
#852=STYLED_ITEM('',(#851),#849);
#853=CARTESIAN_POINT('',(0.E0,5.2E0,-5.E0));
#854=DIRECTION('',(0.E0,1.E0,0.E0));
#855=DIRECTION('',(1.E0,0.E0,0.E0));
#856=AXIS2_PLACEMENT_3D('',#853,#854,#855);
#858=CURVE_STYLE('',#24,POSITIVE_LENGTH_MEASURE(2.E-2),#16);
#859=PRESENTATION_STYLE_ASSIGNMENT((#858));
#860=STYLED_ITEM('',(#859),#857);
#861=CARTESIAN_POINT('',(0.E0,5.2E0,-5.E0));
#862=DIRECTION('',(0.E0,1.E0,0.E0));
#863=DIRECTION('',(-1.E0,0.E0,0.E0));
#864=AXIS2_PLACEMENT_3D('',#861,#862,#863);
#866=CURVE_STYLE('',#24,POSITIVE_LENGTH_MEASURE(2.E-2),#16);
#867=PRESENTATION_STYLE_ASSIGNMENT((#866));
#868=STYLED_ITEM('',(#867),#865);
#869=DIRECTION('',(-7.071067811865E-1,0.E0,-7.071067811865E-1));
#870=VECTOR('',#869,3.535533905933E0);
#871=CARTESIAN_POINT('',(-7.5E0,5.1E0,7.E0));
#872=LINE('',#871,#870);
#873=CURVE_STYLE('',#24,POSITIVE_LENGTH_MEASURE(2.E-2),#16);
#874=PRESENTATION_STYLE_ASSIGNMENT((#873));
#875=STYLED_ITEM('',(#874),#872);
#876=DIRECTION('',(0.E0,-1.E0,0.E0));
#877=VECTOR('',#876,1.E-1);
#878=CARTESIAN_POINT('',(-1.E1,5.2E0,4.5E0));
#879=LINE('',#878,#877);
#880=CURVE_STYLE('',#24,POSITIVE_LENGTH_MEASURE(2.E-2),#16);
#881=PRESENTATION_STYLE_ASSIGNMENT((#880));
#882=STYLED_ITEM('',(#881),#879);
#883=DIRECTION('',(0.E0,1.E0,0.E0));
#884=VECTOR('',#883,1.E-1);
#885=CARTESIAN_POINT('',(-1.E1,5.1E0,-3.5E0));
#886=LINE('',#885,#884);
#887=CURVE_STYLE('',#24,POSITIVE_LENGTH_MEASURE(2.E-2),#16);
#888=PRESENTATION_STYLE_ASSIGNMENT((#887));
#889=STYLED_ITEM('',(#888),#886);
#890=DIRECTION('',(0.E0,1.E0,0.E0));
#891=VECTOR('',#890,1.E-1);
#892=CARTESIAN_POINT('',(-7.5E0,5.1E0,-3.5E0));
#893=LINE('',#892,#891);
#894=CURVE_STYLE('',#24,POSITIVE_LENGTH_MEASURE(2.E-2),#16);
#895=PRESENTATION_STYLE_ASSIGNMENT((#894));
#896=STYLED_ITEM('',(#895),#893);
#897=DIRECTION('',(0.E0,1.E0,0.E0));
#898=VECTOR('',#897,1.E-1);
#899=CARTESIAN_POINT('',(-7.5E0,5.1E0,-4.5E0));
#900=LINE('',#899,#898);
#901=CURVE_STYLE('',#24,POSITIVE_LENGTH_MEASURE(2.E-2),#16);
#902=PRESENTATION_STYLE_ASSIGNMENT((#901));
#903=STYLED_ITEM('',(#902),#900);
#904=DIRECTION('',(0.E0,1.E0,0.E0));
#905=VECTOR('',#904,1.E-1);
#906=CARTESIAN_POINT('',(-1.E1,5.1E0,-4.5E0));
#907=LINE('',#906,#905);
#908=CURVE_STYLE('',#24,POSITIVE_LENGTH_MEASURE(2.E-2),#16);
#909=PRESENTATION_STYLE_ASSIGNMENT((#908));
#910=STYLED_ITEM('',(#909),#907);
#911=DIRECTION('',(0.E0,-1.E0,0.E0));
#912=VECTOR('',#911,1.E-1);
#913=CARTESIAN_POINT('',(-1.E1,5.2E0,-1.15E1));
#914=LINE('',#913,#912);
#915=CURVE_STYLE('',#24,POSITIVE_LENGTH_MEASURE(2.E-2),#16);
#916=PRESENTATION_STYLE_ASSIGNMENT((#915));
#917=STYLED_ITEM('',(#916),#914);
#918=DIRECTION('',(7.071067811865E-1,0.E0,-7.071067811865E-1));
#919=VECTOR('',#918,3.535533905933E0);
#920=CARTESIAN_POINT('',(-1.E1,5.1E0,-1.15E1));
#921=LINE('',#920,#919);
#922=CURVE_STYLE('',#24,POSITIVE_LENGTH_MEASURE(2.E-2),#16);
#923=PRESENTATION_STYLE_ASSIGNMENT((#922));
#924=STYLED_ITEM('',(#923),#921);
#925=DIRECTION('',(0.E0,-1.E0,0.E0));
#926=VECTOR('',#925,1.E-1);
#927=CARTESIAN_POINT('',(-7.5E0,5.2E0,7.E0));
#928=LINE('',#927,#926);
#929=CURVE_STYLE('',#24,POSITIVE_LENGTH_MEASURE(2.E-2),#16);
#930=PRESENTATION_STYLE_ASSIGNMENT((#929));
#931=STYLED_ITEM('',(#930),#928);
#932=DIRECTION('',(0.E0,-1.E0,0.E0));
#933=VECTOR('',#932,1.E-1);
#934=CARTESIAN_POINT('',(1.E1,5.2E0,-1.15E1));
#935=LINE('',#934,#933);
#936=CURVE_STYLE('',#24,POSITIVE_LENGTH_MEASURE(2.E-2),#16);
#937=PRESENTATION_STYLE_ASSIGNMENT((#936));
#938=STYLED_ITEM('',(#937),#935);
#939=DIRECTION('',(0.E0,1.E0,0.E0));
#940=VECTOR('',#939,1.E-1);
#941=CARTESIAN_POINT('',(1.E1,5.1E0,7.E0));
#942=LINE('',#941,#940);
#943=CURVE_STYLE('',#24,POSITIVE_LENGTH_MEASURE(2.E-2),#16);
#944=PRESENTATION_STYLE_ASSIGNMENT((#943));
#945=STYLED_ITEM('',(#944),#942);
#946=DIRECTION('',(7.071067811865E-1,0.E0,7.071067811865E-1));
#947=VECTOR('',#946,3.535533905933E0);
#948=CARTESIAN_POINT('',(7.5E0,5.1E0,-1.4E1));
#949=LINE('',#948,#947);
#950=CURVE_STYLE('',#24,POSITIVE_LENGTH_MEASURE(2.E-2),#16);
#951=PRESENTATION_STYLE_ASSIGNMENT((#950));
#952=STYLED_ITEM('',(#951),#949);
#953=DIRECTION('',(0.E0,-1.E0,0.E0));
#954=VECTOR('',#953,1.E-1);
#955=CARTESIAN_POINT('',(7.5E0,5.2E0,-1.4E1));
#956=LINE('',#955,#954);
#957=CURVE_STYLE('',#24,POSITIVE_LENGTH_MEASURE(2.E-2),#16);
#958=PRESENTATION_STYLE_ASSIGNMENT((#957));
#959=STYLED_ITEM('',(#958),#956);
#960=DIRECTION('',(0.E0,1.E0,0.E0));
#961=VECTOR('',#960,1.E-1);
#962=CARTESIAN_POINT('',(5.E-1,5.1E0,-1.4E1));
#963=LINE('',#962,#961);
#964=CURVE_STYLE('',#24,POSITIVE_LENGTH_MEASURE(2.E-2),#16);
#965=PRESENTATION_STYLE_ASSIGNMENT((#964));
#966=STYLED_ITEM('',(#965),#963);
#967=DIRECTION('',(0.E0,1.E0,0.E0));
#968=VECTOR('',#967,1.E-1);
#969=CARTESIAN_POINT('',(5.E-1,5.1E0,-1.15E1));
#970=LINE('',#969,#968);
#971=CURVE_STYLE('',#24,POSITIVE_LENGTH_MEASURE(2.E-2),#16);
#972=PRESENTATION_STYLE_ASSIGNMENT((#971));
#973=STYLED_ITEM('',(#972),#970);
#974=DIRECTION('',(0.E0,1.E0,0.E0));
#975=VECTOR('',#974,1.E-1);
#976=CARTESIAN_POINT('',(-5.E-1,5.1E0,-1.15E1));
#977=LINE('',#976,#975);
#978=CURVE_STYLE('',#24,POSITIVE_LENGTH_MEASURE(2.E-2),#16);
#979=PRESENTATION_STYLE_ASSIGNMENT((#978));
#980=STYLED_ITEM('',(#979),#977);
#981=DIRECTION('',(8.944253929098E-1,-4.472171916621E-1,3.676470227765E-10));
#982=VECTOR('',#981,1.118033988432E0);
#983=CARTESIAN_POINT('',(9.999979893896E-1,5.699995979511E0,-4.999999999589E0));
#984=LINE('',#983,#982);
#985=CURVE_STYLE('',#24,POSITIVE_LENGTH_MEASURE(2.E-2),#16);
#986=PRESENTATION_STYLE_ASSIGNMENT((#985));
#987=STYLED_ITEM('',(#986),#984);
#988=CARTESIAN_POINT('',(0.E0,5.699994763233E0,-5.E0));
#989=DIRECTION('',(0.E0,1.E0,0.E0));
#990=DIRECTION('',(1.E0,0.E0,0.E0));
#991=AXIS2_PLACEMENT_3D('',#988,#989,#990);
#993=CURVE_STYLE('',#24,POSITIVE_LENGTH_MEASURE(2.E-2),#16);
#994=PRESENTATION_STYLE_ASSIGNMENT((#993));
#995=STYLED_ITEM('',(#994),#992);
#996=CARTESIAN_POINT('',(0.E0,5.699994763233E0,-5.E0));
#997=DIRECTION('',(0.E0,1.E0,0.E0));
#998=DIRECTION('',(-1.E0,0.E0,0.E0));
#999=AXIS2_PLACEMENT_3D('',#996,#997,#998);
#1001=CURVE_STYLE('',#24,POSITIVE_LENGTH_MEASURE(2.E-2),#16);
#1002=PRESENTATION_STYLE_ASSIGNMENT((#1001));
#1003=STYLED_ITEM('',(#1002),#1000);
#1004=DIRECTION('',(-8.944253929098E-1,-4.472171916621E-1,-3.676454339546E-10));
#1005=VECTOR('',#1004,1.118033988432E0);
#1006=CARTESIAN_POINT('',(-9.999979893896E-1,5.699995979511E0,
-5.000000000411E0));
#1007=LINE('',#1006,#1005);
#1008=CURVE_STYLE('',#24,POSITIVE_LENGTH_MEASURE(2.E-2),#16);
#1009=PRESENTATION_STYLE_ASSIGNMENT((#1008));
#1010=STYLED_ITEM('',(#1009),#1007);
#1011=DIRECTION('',(0.E0,1.E0,0.E0));
#1012=VECTOR('',#1011,6.E-1);
#1013=CARTESIAN_POINT('',(1.15E1,1.2E0,9.85E0));
#1014=LINE('',#1013,#1012);
#1015=CURVE_STYLE('',#24,POSITIVE_LENGTH_MEASURE(2.E-2),#16);
#1016=PRESENTATION_STYLE_ASSIGNMENT((#1015));
#1017=STYLED_ITEM('',(#1016),#1014);
#1018=DIRECTION('',(0.E0,1.E0,0.E0));
#1019=VECTOR('',#1018,6.E-1);
#1020=CARTESIAN_POINT('',(1.15E1,1.2E0,1.065E1));
#1021=LINE('',#1020,#1019);
#1022=CURVE_STYLE('',#24,POSITIVE_LENGTH_MEASURE(2.E-2),#16);
#1023=PRESENTATION_STYLE_ASSIGNMENT((#1022));
#1024=STYLED_ITEM('',(#1023),#1021);
#1025=DIRECTION('',(0.E0,1.E0,0.E0));
#1026=VECTOR('',#1025,6.E-1);
#1027=CARTESIAN_POINT('',(9.5E0,1.2E0,1.065E1));
#1028=LINE('',#1027,#1026);
#1029=CURVE_STYLE('',#24,POSITIVE_LENGTH_MEASURE(2.E-2),#16);
#1030=PRESENTATION_STYLE_ASSIGNMENT((#1029));
#1031=STYLED_ITEM('',(#1030),#1028);
#1032=DIRECTION('',(0.E0,1.E0,0.E0));
#1033=VECTOR('',#1032,6.E-1);
#1034=CARTESIAN_POINT('',(9.5E0,1.2E0,9.85E0));
#1035=LINE('',#1034,#1033);
#1036=CURVE_STYLE('',#24,POSITIVE_LENGTH_MEASURE(2.E-2),#16);
#1037=PRESENTATION_STYLE_ASSIGNMENT((#1036));
#1038=STYLED_ITEM('',(#1037),#1035);
#1039=DIRECTION('',(-1.E0,0.E0,0.E0));
#1040=VECTOR('',#1039,2.E0);
#1041=CARTESIAN_POINT('',(1.15E1,1.8E0,9.85E0));
#1042=LINE('',#1041,#1040);
#1043=CURVE_STYLE('',#24,POSITIVE_LENGTH_MEASURE(2.E-2),#16);
#1044=PRESENTATION_STYLE_ASSIGNMENT((#1043));
#1045=STYLED_ITEM('',(#1044),#1042);
#1046=DIRECTION('',(0.E0,0.E0,-1.E0));
#1047=VECTOR('',#1046,8.E-1);
#1048=CARTESIAN_POINT('',(1.15E1,1.8E0,1.065E1));
#1049=LINE('',#1048,#1047);
#1050=CURVE_STYLE('',#24,POSITIVE_LENGTH_MEASURE(2.E-2),#16);
#1051=PRESENTATION_STYLE_ASSIGNMENT((#1050));
#1052=STYLED_ITEM('',(#1051),#1049);
#1053=DIRECTION('',(1.E0,0.E0,0.E0));
#1054=VECTOR('',#1053,2.E0);
#1055=CARTESIAN_POINT('',(9.5E0,1.8E0,1.065E1));
#1056=LINE('',#1055,#1054);
#1057=CURVE_STYLE('',#24,POSITIVE_LENGTH_MEASURE(2.E-2),#16);
#1058=PRESENTATION_STYLE_ASSIGNMENT((#1057));
#1059=STYLED_ITEM('',(#1058),#1056);
#1060=DIRECTION('',(0.E0,0.E0,1.E0));
#1061=VECTOR('',#1060,8.E-1);
#1062=CARTESIAN_POINT('',(9.5E0,1.8E0,9.85E0));
#1063=LINE('',#1062,#1061);
#1064=CURVE_STYLE('',#24,POSITIVE_LENGTH_MEASURE(2.E-2),#16);
#1065=PRESENTATION_STYLE_ASSIGNMENT((#1064));
#1066=STYLED_ITEM('',(#1065),#1063);
#1067=DIRECTION('',(0.E0,0.E0,1.E0));
#1068=VECTOR('',#1067,8.E-1);
#1069=CARTESIAN_POINT('',(-1.15E1,1.8E0,9.85E0));
#1070=LINE('',#1069,#1068);
#1071=CURVE_STYLE('',#24,POSITIVE_LENGTH_MEASURE(2.E-2),#16);
#1072=PRESENTATION_STYLE_ASSIGNMENT((#1071));
#1073=STYLED_ITEM('',(#1072),#1070);
#1074=DIRECTION('',(-1.E0,0.E0,0.E0));
#1075=VECTOR('',#1074,2.E0);
#1076=CARTESIAN_POINT('',(-9.5E0,1.8E0,9.85E0));
#1077=LINE('',#1076,#1075);
#1078=CURVE_STYLE('',#24,POSITIVE_LENGTH_MEASURE(2.E-2),#16);
#1079=PRESENTATION_STYLE_ASSIGNMENT((#1078));
#1080=STYLED_ITEM('',(#1079),#1077);
#1081=DIRECTION('',(0.E0,0.E0,-1.E0));
#1082=VECTOR('',#1081,8.E-1);
#1083=CARTESIAN_POINT('',(-9.5E0,1.8E0,1.065E1));
#1084=LINE('',#1083,#1082);
#1085=CURVE_STYLE('',#24,POSITIVE_LENGTH_MEASURE(2.E-2),#16);
#1086=PRESENTATION_STYLE_ASSIGNMENT((#1085));
#1087=STYLED_ITEM('',(#1086),#1084);
#1088=DIRECTION('',(1.E0,0.E0,0.E0));
#1089=VECTOR('',#1088,2.E0);
#1090=CARTESIAN_POINT('',(-1.15E1,1.8E0,1.065E1));
#1091=LINE('',#1090,#1089);
#1092=CURVE_STYLE('',#24,POSITIVE_LENGTH_MEASURE(2.E-2),#16);
#1093=PRESENTATION_STYLE_ASSIGNMENT((#1092));
#1094=STYLED_ITEM('',(#1093),#1091);
#1095=DIRECTION('',(0.E0,1.E0,0.E0));
#1096=VECTOR('',#1095,6.E-1);
#1097=CARTESIAN_POINT('',(-1.15E1,1.2E0,9.85E0));
#1098=LINE('',#1097,#1096);
#1099=CURVE_STYLE('',#24,POSITIVE_LENGTH_MEASURE(2.E-2),#16);
#1100=PRESENTATION_STYLE_ASSIGNMENT((#1099));
#1101=STYLED_ITEM('',(#1100),#1098);
#1102=DIRECTION('',(0.E0,1.E0,0.E0));
#1103=VECTOR('',#1102,6.E-1);
#1104=CARTESIAN_POINT('',(-9.5E0,1.2E0,9.85E0));
#1105=LINE('',#1104,#1103);
#1106=CURVE_STYLE('',#24,POSITIVE_LENGTH_MEASURE(2.E-2),#16);
#1107=PRESENTATION_STYLE_ASSIGNMENT((#1106));
#1108=STYLED_ITEM('',(#1107),#1105);
#1109=DIRECTION('',(0.E0,1.E0,0.E0));
#1110=VECTOR('',#1109,6.E-1);
#1111=CARTESIAN_POINT('',(-9.5E0,1.2E0,1.065E1));
#1112=LINE('',#1111,#1110);
#1113=CURVE_STYLE('',#24,POSITIVE_LENGTH_MEASURE(2.E-2),#16);
#1114=PRESENTATION_STYLE_ASSIGNMENT((#1113));
#1115=STYLED_ITEM('',(#1114),#1112);
#1116=DIRECTION('',(0.E0,1.E0,0.E0));
#1117=VECTOR('',#1116,6.E-1);
#1118=CARTESIAN_POINT('',(-1.15E1,1.2E0,1.065E1));
#1119=LINE('',#1118,#1117);
#1120=CURVE_STYLE('',#24,POSITIVE_LENGTH_MEASURE(2.E-2),#16);
#1121=PRESENTATION_STYLE_ASSIGNMENT((#1120));
#1122=STYLED_ITEM('',(#1121),#1119);
#1123=DIRECTION('',(0.E0,-1.E0,0.E0));
#1124=VECTOR('',#1123,2.4E0);
#1125=CARTESIAN_POINT('',(9.5E0,0.E0,1.02E1));
#1126=LINE('',#1125,#1124);
#1127=CURVE_STYLE('',#24,POSITIVE_LENGTH_MEASURE(2.E-2),#16);
#1128=PRESENTATION_STYLE_ASSIGNMENT((#1127));
#1129=STYLED_ITEM('',(#1128),#1126);
#1130=DIRECTION('',(0.E0,-1.E0,0.E0));
#1131=VECTOR('',#1130,2.4E0);
#1132=CARTESIAN_POINT('',(9.5E0,0.E0,-2.E0));
#1133=LINE('',#1132,#1131);
#1134=CURVE_STYLE('',#24,POSITIVE_LENGTH_MEASURE(2.E-2),#16);
#1135=PRESENTATION_STYLE_ASSIGNMENT((#1134));
#1136=STYLED_ITEM('',(#1135),#1133);
#1137=DIRECTION('',(0.E0,-1.E0,0.E0));
#1138=VECTOR('',#1137,2.4E0);
#1139=CARTESIAN_POINT('',(-6.5E0,0.E0,-2.E0));
#1140=LINE('',#1139,#1138);
#1141=CURVE_STYLE('',#24,POSITIVE_LENGTH_MEASURE(2.E-2),#16);
#1142=PRESENTATION_STYLE_ASSIGNMENT((#1141));
#1143=STYLED_ITEM('',(#1142),#1140);
#1144=DIRECTION('',(0.E0,-1.E0,0.E0));
#1145=VECTOR('',#1144,2.4E0);
#1146=CARTESIAN_POINT('',(-6.5E0,0.E0,1.02E1));
#1147=LINE('',#1146,#1145);
#1148=CURVE_STYLE('',#24,POSITIVE_LENGTH_MEASURE(2.E-2),#16);
#1149=PRESENTATION_STYLE_ASSIGNMENT((#1148));
#1150=STYLED_ITEM('',(#1149),#1147);
#1151=DIRECTION('',(-1.E0,0.E0,0.E0));
#1152=VECTOR('',#1151,1.6E1);
#1153=CARTESIAN_POINT('',(9.5E0,-2.4E0,1.02E1));
#1154=LINE('',#1153,#1152);
#1155=CURVE_STYLE('',#24,POSITIVE_LENGTH_MEASURE(2.E-2),#16);
#1156=PRESENTATION_STYLE_ASSIGNMENT((#1155));
#1157=STYLED_ITEM('',(#1156),#1154);
#1158=DIRECTION('',(0.E0,0.E0,1.E0));
#1159=VECTOR('',#1158,1.22E1);
#1160=CARTESIAN_POINT('',(9.5E0,-2.4E0,-2.E0));
#1161=LINE('',#1160,#1159);
#1162=CURVE_STYLE('',#24,POSITIVE_LENGTH_MEASURE(2.E-2),#16);
#1163=PRESENTATION_STYLE_ASSIGNMENT((#1162));
#1164=STYLED_ITEM('',(#1163),#1161);
#1165=DIRECTION('',(1.E0,0.E0,0.E0));
#1166=VECTOR('',#1165,1.6E1);
#1167=CARTESIAN_POINT('',(-6.5E0,-2.4E0,-2.E0));
#1168=LINE('',#1167,#1166);
#1169=CURVE_STYLE('',#24,POSITIVE_LENGTH_MEASURE(2.E-2),#16);
#1170=PRESENTATION_STYLE_ASSIGNMENT((#1169));
#1171=STYLED_ITEM('',(#1170),#1168);
#1172=DIRECTION('',(0.E0,0.E0,-1.E0));
#1173=VECTOR('',#1172,1.22E1);
#1174=CARTESIAN_POINT('',(-6.5E0,-2.4E0,1.02E1));
#1175=LINE('',#1174,#1173);
#1176=CURVE_STYLE('',#24,POSITIVE_LENGTH_MEASURE(2.E-2),#16);
#1177=PRESENTATION_STYLE_ASSIGNMENT((#1176));
#1178=STYLED_ITEM('',(#1177),#1175);
#1179=CARTESIAN_POINT('',(8.5E0,-2.E-1,-1.2E1));
#1180=DIRECTION('',(0.E0,-1.E0,0.E0));
#1181=DIRECTION('',(-9.851965514038E-1,0.E0,-1.714285714286E-1));
#1182=AXIS2_PLACEMENT_3D('',#1179,#1180,#1181);
#1184=CURVE_STYLE('',#24,POSITIVE_LENGTH_MEASURE(2.E-2),#16);
#1185=PRESENTATION_STYLE_ASSIGNMENT((#1184));
#1186=STYLED_ITEM('',(#1185),#1183);
#1187=DIRECTION('',(-1.332267629550E-14,-1.E0,0.E0));
#1188=VECTOR('',#1187,2.E-1);
#1189=CARTESIAN_POINT('',(5.051812070087E0,0.E0,-1.26E1));
#1190=LINE('',#1189,#1188);
#1191=CURVE_STYLE('',#24,POSITIVE_LENGTH_MEASURE(2.E-2),#16);
#1192=PRESENTATION_STYLE_ASSIGNMENT((#1191));
#1193=STYLED_ITEM('',(#1192),#1190);
#1194=DIRECTION('',(0.E0,-1.E0,0.E0));
#1195=VECTOR('',#1194,2.5E0);
#1196=CARTESIAN_POINT('',(5.E0,0.E0,-1.2E1));
#1197=LINE('',#1196,#1195);
#1198=CURVE_STYLE('',#24,POSITIVE_LENGTH_MEASURE(2.E-2),#16);
#1199=PRESENTATION_STYLE_ASSIGNMENT((#1198));
#1200=STYLED_ITEM('',(#1199),#1197);
#1201=DIRECTION('',(-3.552713678801E-14,-1.E0,0.E0));
#1202=VECTOR('',#1201,2.E-1);
#1203=CARTESIAN_POINT('',(5.177350454833E0,0.E0,-1.31E1));
#1204=LINE('',#1203,#1202);
#1205=CURVE_STYLE('',#24,POSITIVE_LENGTH_MEASURE(2.E-2),#16);
#1206=PRESENTATION_STYLE_ASSIGNMENT((#1205));
#1207=STYLED_ITEM('',(#1206),#1204);
#1208=DIRECTION('',(1.E0,0.E0,0.E0));
#1209=VECTOR('',#1208,2.3E0);
#1210=CARTESIAN_POINT('',(2.877350454833E0,-2.E-1,-1.31E1));
#1211=LINE('',#1210,#1209);
#1212=CURVE_STYLE('',#24,POSITIVE_LENGTH_MEASURE(2.E-2),#16);
#1213=PRESENTATION_STYLE_ASSIGNMENT((#1212));
#1214=STYLED_ITEM('',(#1213),#1211);
#1215=DIRECTION('',(0.E0,0.E0,-1.E0));
#1216=VECTOR('',#1215,5.E-1);
#1217=CARTESIAN_POINT('',(2.877350454833E0,-2.E-1,-1.26E1));
#1218=LINE('',#1217,#1216);
#1219=CURVE_STYLE('',#24,POSITIVE_LENGTH_MEASURE(2.E-2),#16);
#1220=PRESENTATION_STYLE_ASSIGNMENT((#1219));
#1221=STYLED_ITEM('',(#1220),#1218);
#1222=DIRECTION('',(-1.E0,0.E0,0.E0));
#1223=VECTOR('',#1222,2.174461615254E0);
#1224=CARTESIAN_POINT('',(5.051812070087E0,-2.E-1,-1.26E1));
#1225=LINE('',#1224,#1223);
#1226=CURVE_STYLE('',#24,POSITIVE_LENGTH_MEASURE(2.E-2),#16);
#1227=PRESENTATION_STYLE_ASSIGNMENT((#1226));
#1228=STYLED_ITEM('',(#1227),#1225);
#1229=DIRECTION('',(1.E0,0.E0,0.E0));
#1230=VECTOR('',#1229,2.174461615254E0);
#1231=CARTESIAN_POINT('',(2.877350454833E0,-2.E-1,-1.14E1));
#1232=LINE('',#1231,#1230);
#1233=CURVE_STYLE('',#24,POSITIVE_LENGTH_MEASURE(2.E-2),#16);
#1234=PRESENTATION_STYLE_ASSIGNMENT((#1233));
#1235=STYLED_ITEM('',(#1234),#1232);
#1236=DIRECTION('',(0.E0,0.E0,-1.E0));
#1237=VECTOR('',#1236,5.E-1);
#1238=CARTESIAN_POINT('',(2.877350454833E0,-2.E-1,-1.09E1));
#1239=LINE('',#1238,#1237);
#1240=CURVE_STYLE('',#24,POSITIVE_LENGTH_MEASURE(2.E-2),#16);
#1241=PRESENTATION_STYLE_ASSIGNMENT((#1240));
#1242=STYLED_ITEM('',(#1241),#1239);
#1243=DIRECTION('',(-1.E0,0.E0,0.E0));
#1244=VECTOR('',#1243,2.3E0);
#1245=CARTESIAN_POINT('',(5.177350454833E0,-2.E-1,-1.09E1));
#1246=LINE('',#1245,#1244);
#1247=CURVE_STYLE('',#24,POSITIVE_LENGTH_MEASURE(2.E-2),#16);
#1248=PRESENTATION_STYLE_ASSIGNMENT((#1247));
#1249=STYLED_ITEM('',(#1248),#1246);
#1250=DIRECTION('',(0.E0,-1.E0,0.E0));
#1251=VECTOR('',#1250,2.E-1);
#1252=CARTESIAN_POINT('',(2.877350454833E0,0.E0,-1.31E1));
#1253=LINE('',#1252,#1251);
#1254=CURVE_STYLE('',#24,POSITIVE_LENGTH_MEASURE(2.E-2),#16);
#1255=PRESENTATION_STYLE_ASSIGNMENT((#1254));
#1256=STYLED_ITEM('',(#1255),#1253);
#1257=DIRECTION('',(0.E0,-1.E0,0.E0));
#1258=VECTOR('',#1257,2.E-1);
#1259=CARTESIAN_POINT('',(2.877350454833E0,0.E0,-1.26E1));
#1260=LINE('',#1259,#1258);
#1261=CURVE_STYLE('',#24,POSITIVE_LENGTH_MEASURE(2.E-2),#16);
#1262=PRESENTATION_STYLE_ASSIGNMENT((#1261));
#1263=STYLED_ITEM('',(#1262),#1260);
#1264=CARTESIAN_POINT('',(8.5E0,-2.E-1,-1.2E1));
#1265=DIRECTION('',(0.E0,-1.E0,0.E0));
#1266=DIRECTION('',(-9.493284414764E-1,0.E0,3.142857142857E-1));
#1267=AXIS2_PLACEMENT_3D('',#1264,#1265,#1266);
#1269=CURVE_STYLE('',#24,POSITIVE_LENGTH_MEASURE(2.E-2),#16);
#1270=PRESENTATION_STYLE_ASSIGNMENT((#1269));
#1271=STYLED_ITEM('',(#1270),#1268);
#1272=DIRECTION('',(0.E0,-1.E0,0.E0));
#1273=VECTOR('',#1272,2.E-1);
#1274=CARTESIAN_POINT('',(5.177350454833E0,0.E0,-1.09E1));
#1275=LINE('',#1274,#1273);
#1276=CURVE_STYLE('',#24,POSITIVE_LENGTH_MEASURE(2.E-2),#16);
#1277=PRESENTATION_STYLE_ASSIGNMENT((#1276));
#1278=STYLED_ITEM('',(#1277),#1275);
#1279=DIRECTION('',(0.E0,-1.E0,0.E0));
#1280=VECTOR('',#1279,2.5E0);
#1281=CARTESIAN_POINT('',(1.2E1,0.E0,-1.2E1));
#1282=LINE('',#1281,#1280);
#1283=CURVE_STYLE('',#24,POSITIVE_LENGTH_MEASURE(2.E-2),#16);
#1284=PRESENTATION_STYLE_ASSIGNMENT((#1283));
#1285=STYLED_ITEM('',(#1284),#1282);
#1286=DIRECTION('',(-1.332267629550E-14,-1.E0,0.E0));
#1287=VECTOR('',#1286,2.E-1);
#1288=CARTESIAN_POINT('',(5.051812070087E0,0.E0,-1.14E1));
#1289=LINE('',#1288,#1287);
#1290=CURVE_STYLE('',#24,POSITIVE_LENGTH_MEASURE(2.E-2),#16);
#1291=PRESENTATION_STYLE_ASSIGNMENT((#1290));
#1292=STYLED_ITEM('',(#1291),#1289);
#1293=DIRECTION('',(0.E0,-1.E0,0.E0));
#1294=VECTOR('',#1293,2.E-1);
#1295=CARTESIAN_POINT('',(2.877350454833E0,0.E0,-1.09E1));
#1296=LINE('',#1295,#1294);
#1297=CURVE_STYLE('',#24,POSITIVE_LENGTH_MEASURE(2.E-2),#16);
#1298=PRESENTATION_STYLE_ASSIGNMENT((#1297));
#1299=STYLED_ITEM('',(#1298),#1296);
#1300=DIRECTION('',(0.E0,-1.E0,0.E0));
#1301=VECTOR('',#1300,2.E-1);
#1302=CARTESIAN_POINT('',(2.877350454833E0,0.E0,-1.14E1));
#1303=LINE('',#1302,#1301);
#1304=CURVE_STYLE('',#24,POSITIVE_LENGTH_MEASURE(2.E-2),#16);
#1305=PRESENTATION_STYLE_ASSIGNMENT((#1304));
#1306=STYLED_ITEM('',(#1305),#1303);
#1307=CARTESIAN_POINT('',(8.5E0,-2.5E0,-1.2E1));
#1308=DIRECTION('',(0.E0,-1.E0,0.E0));
#1309=DIRECTION('',(-1.E0,0.E0,0.E0));
#1310=AXIS2_PLACEMENT_3D('',#1307,#1308,#1309);
#1312=CURVE_STYLE('',#24,POSITIVE_LENGTH_MEASURE(2.E-2),#16);
#1313=PRESENTATION_STYLE_ASSIGNMENT((#1312));
#1314=STYLED_ITEM('',(#1313),#1311);
#1315=CARTESIAN_POINT('',(8.5E0,-2.5E0,-1.2E1));
#1316=DIRECTION('',(0.E0,-1.E0,0.E0));
#1317=DIRECTION('',(1.E0,0.E0,0.E0));
#1318=AXIS2_PLACEMENT_3D('',#1315,#1316,#1317);
#1320=CURVE_STYLE('',#24,POSITIVE_LENGTH_MEASURE(2.E-2),#16);
#1321=PRESENTATION_STYLE_ASSIGNMENT((#1320));
#1322=STYLED_ITEM('',(#1321),#1319);
#1323=DIRECTION('',(0.E0,-1.E0,0.E0));
#1324=VECTOR('',#1323,1.E0);
#1325=CARTESIAN_POINT('',(-1.E1,0.E0,-1.35E1));
#1326=LINE('',#1325,#1324);
#1327=CURVE_STYLE('',#24,POSITIVE_LENGTH_MEASURE(2.E-2),#16);
#1328=PRESENTATION_STYLE_ASSIGNMENT((#1327));
#1329=STYLED_ITEM('',(#1328),#1326);
#1330=DIRECTION('',(0.E0,-1.E0,0.E0));
#1331=VECTOR('',#1330,1.E0);
#1332=CARTESIAN_POINT('',(-1.E1,0.E0,-1.05E1));
#1333=LINE('',#1332,#1331);
#1334=CURVE_STYLE('',#24,POSITIVE_LENGTH_MEASURE(2.E-2),#16);
#1335=PRESENTATION_STYLE_ASSIGNMENT((#1334));
#1336=STYLED_ITEM('',(#1335),#1333);
#1337=DIRECTION('',(0.E0,-1.E0,0.E0));
#1338=VECTOR('',#1337,1.E0);
#1339=CARTESIAN_POINT('',(-7.E0,0.E0,-1.05E1));
#1340=LINE('',#1339,#1338);
#1341=CURVE_STYLE('',#24,POSITIVE_LENGTH_MEASURE(2.E-2),#16);
#1342=PRESENTATION_STYLE_ASSIGNMENT((#1341));
#1343=STYLED_ITEM('',(#1342),#1340);
#1344=DIRECTION('',(0.E0,-1.E0,0.E0));
#1345=VECTOR('',#1344,1.E0);
#1346=CARTESIAN_POINT('',(-7.E0,0.E0,-1.35E1));
#1347=LINE('',#1346,#1345);
#1348=CURVE_STYLE('',#24,POSITIVE_LENGTH_MEASURE(2.E-2),#16);
#1349=PRESENTATION_STYLE_ASSIGNMENT((#1348));
#1350=STYLED_ITEM('',(#1349),#1347);
#1351=DIRECTION('',(1.E0,0.E0,0.E0));
#1352=VECTOR('',#1351,3.E0);
#1353=CARTESIAN_POINT('',(-1.E1,-1.E0,-1.35E1));
#1354=LINE('',#1353,#1352);
#1355=CURVE_STYLE('',#24,POSITIVE_LENGTH_MEASURE(2.E-2),#16);
#1356=PRESENTATION_STYLE_ASSIGNMENT((#1355));
#1357=STYLED_ITEM('',(#1356),#1354);
#1358=DIRECTION('',(0.E0,0.E0,-1.E0));
#1359=VECTOR('',#1358,3.E0);
#1360=CARTESIAN_POINT('',(-1.E1,-1.E0,-1.05E1));
#1361=LINE('',#1360,#1359);
#1362=CURVE_STYLE('',#24,POSITIVE_LENGTH_MEASURE(2.E-2),#16);
#1363=PRESENTATION_STYLE_ASSIGNMENT((#1362));
#1364=STYLED_ITEM('',(#1363),#1361);
#1365=DIRECTION('',(-1.E0,0.E0,0.E0));
#1366=VECTOR('',#1365,3.E0);
#1367=CARTESIAN_POINT('',(-7.E0,-1.E0,-1.05E1));
#1368=LINE('',#1367,#1366);
#1369=CURVE_STYLE('',#24,POSITIVE_LENGTH_MEASURE(2.E-2),#16);
#1370=PRESENTATION_STYLE_ASSIGNMENT((#1369));
#1371=STYLED_ITEM('',(#1370),#1368);
#1372=DIRECTION('',(0.E0,0.E0,1.E0));
#1373=VECTOR('',#1372,3.E0);
#1374=CARTESIAN_POINT('',(-7.E0,-1.E0,-1.35E1));
#1375=LINE('',#1374,#1373);
#1376=CURVE_STYLE('',#24,POSITIVE_LENGTH_MEASURE(2.E-2),#16);
#1377=PRESENTATION_STYLE_ASSIGNMENT((#1376));
#1378=STYLED_ITEM('',(#1377),#1375);
#1379=CARTESIAN_POINT('',(-1.025E1,0.E0,1.35E1));
#1380=CARTESIAN_POINT('',(-1.175E1,0.E0,1.35E1));
#1381=VERTEX_POINT('',#1379);
#1382=VERTEX_POINT('',#1380);
#1383=CARTESIAN_POINT('',(1.175E1,0.E0,1.35E1));
#1384=CARTESIAN_POINT('',(1.025E1,0.E0,1.35E1));
#1385=VERTEX_POINT('',#1383);
#1386=VERTEX_POINT('',#1384);
#1387=CARTESIAN_POINT('',(-1.025E1,1.2E0,1.35E1));
#1388=CARTESIAN_POINT('',(-1.175E1,1.2E0,1.35E1));
#1389=VERTEX_POINT('',#1387);
#1390=VERTEX_POINT('',#1388);
#1391=CARTESIAN_POINT('',(1.175E1,1.2E0,1.35E1));
#1392=CARTESIAN_POINT('',(1.025E1,1.2E0,1.35E1));
#1393=VERTEX_POINT('',#1391);
#1394=VERTEX_POINT('',#1392);
#1395=CARTESIAN_POINT('',(-1.245E1,5.1E0,-1.19E1));
#1396=CARTESIAN_POINT('',(-1.245E1,5.1E0,5.E0));
#1397=VERTEX_POINT('',#1395);
#1398=VERTEX_POINT('',#1396);
#1399=CARTESIAN_POINT('',(-8.45E0,5.1E0,9.E0));
#1400=CARTESIAN_POINT('',(8.45E0,5.1E0,9.E0));
#1401=VERTEX_POINT('',#1399);
#1402=VERTEX_POINT('',#1400);
#1403=CARTESIAN_POINT('',(1.245E1,5.1E0,5.E0));
#1404=CARTESIAN_POINT('',(1.245E1,5.1E0,-1.19E1));
#1405=VERTEX_POINT('',#1403);
#1406=VERTEX_POINT('',#1404);
#1407=CARTESIAN_POINT('',(8.45E0,5.1E0,-1.59E1));
#1408=CARTESIAN_POINT('',(-8.45E0,5.1E0,-1.59E1));
#1409=VERTEX_POINT('',#1407);
#1410=VERTEX_POINT('',#1408);
#1411=CARTESIAN_POINT('',(-1.245E1,1.2E0,-1.19E1));
#1412=CARTESIAN_POINT('',(-1.245E1,1.2E0,5.E0));
#1413=VERTEX_POINT('',#1411);
#1414=VERTEX_POINT('',#1412);
#1415=CARTESIAN_POINT('',(-8.45E0,1.2E0,9.E0));
#1416=CARTESIAN_POINT('',(8.45E0,1.2E0,9.E0));
#1417=VERTEX_POINT('',#1415);
#1418=VERTEX_POINT('',#1416);
#1419=CARTESIAN_POINT('',(1.245E1,1.2E0,5.E0));
#1420=CARTESIAN_POINT('',(1.245E1,1.2E0,-1.19E1));
#1421=VERTEX_POINT('',#1419);
#1422=VERTEX_POINT('',#1420);
#1423=CARTESIAN_POINT('',(8.45E0,1.2E0,-1.59E1));
#1424=CARTESIAN_POINT('',(-8.45E0,1.2E0,-1.59E1));
#1425=VERTEX_POINT('',#1423);
#1426=VERTEX_POINT('',#1424);
#1427=CARTESIAN_POINT('',(1.E1,5.1E0,7.E0));
#1428=CARTESIAN_POINT('',(1.E1,5.2E0,7.E0));
#1429=VERTEX_POINT('',#1427);
#1430=VERTEX_POINT('',#1428);
#1431=CARTESIAN_POINT('',(-1.E1,5.2E0,4.5E0));
#1432=CARTESIAN_POINT('',(-1.E1,5.1E0,4.5E0));
#1433=VERTEX_POINT('',#1431);
#1434=VERTEX_POINT('',#1432);
#1435=CARTESIAN_POINT('',(-7.5E0,5.2E0,7.E0));
#1436=VERTEX_POINT('',#1435);
#1437=CARTESIAN_POINT('',(-7.5E0,5.1E0,7.E0));
#1438=VERTEX_POINT('',#1437);
#1439=CARTESIAN_POINT('',(-1.E1,5.2E0,-3.5E0));
#1440=VERTEX_POINT('',#1439);
#1441=CARTESIAN_POINT('',(1.E1,5.2E0,-1.15E1));
#1442=VERTEX_POINT('',#1441);
#1443=CARTESIAN_POINT('',(-5.E-1,5.2E0,-1.4E1));
#1444=CARTESIAN_POINT('',(-7.5E0,5.2E0,-1.4E1));
#1445=VERTEX_POINT('',#1443);
#1446=VERTEX_POINT('',#1444);
#1447=CARTESIAN_POINT('',(-1.E1,5.1E0,-3.5E0));
#1448=VERTEX_POINT('',#1447);
#1449=CARTESIAN_POINT('',(1.E1,5.1E0,-1.15E1));
#1450=VERTEX_POINT('',#1449);
#1451=CARTESIAN_POINT('',(-5.E-1,5.1E0,-1.4E1));
#1452=CARTESIAN_POINT('',(-7.5E0,5.1E0,-1.4E1));
#1453=VERTEX_POINT('',#1451);
#1454=VERTEX_POINT('',#1452);
#1455=CARTESIAN_POINT('',(-1.E1,5.1E0,-1.15E1));
#1456=VERTEX_POINT('',#1455);
#1457=CARTESIAN_POINT('',(7.5E0,5.1E0,-1.4E1));
#1458=VERTEX_POINT('',#1457);
#1459=CARTESIAN_POINT('',(-1.E1,5.2E0,-4.5E0));
#1460=CARTESIAN_POINT('',(-7.5E0,5.2E0,-4.5E0));
#1461=VERTEX_POINT('',#1459);
#1462=VERTEX_POINT('',#1460);
#1463=CARTESIAN_POINT('',(-7.5E0,5.2E0,-3.5E0));
#1464=VERTEX_POINT('',#1463);
#1465=CARTESIAN_POINT('',(5.E-1,5.2E0,-1.4E1));
#1466=CARTESIAN_POINT('',(5.E-1,5.2E0,-1.15E1));
#1467=VERTEX_POINT('',#1465);
#1468=VERTEX_POINT('',#1466);
#1469=CARTESIAN_POINT('',(-5.E-1,5.2E0,-1.15E1));
#1470=VERTEX_POINT('',#1469);
#1471=CARTESIAN_POINT('',(-1.E1,5.1E0,-4.5E0));
#1472=CARTESIAN_POINT('',(-7.5E0,5.1E0,-4.5E0));
#1473=VERTEX_POINT('',#1471);
#1474=VERTEX_POINT('',#1472);
#1475=CARTESIAN_POINT('',(-7.5E0,5.1E0,-3.5E0));
#1476=VERTEX_POINT('',#1475);
#1477=CARTESIAN_POINT('',(5.E-1,5.1E0,-1.4E1));
#1478=CARTESIAN_POINT('',(5.E-1,5.1E0,-1.15E1));
#1479=VERTEX_POINT('',#1477);
#1480=VERTEX_POINT('',#1478);
#1481=CARTESIAN_POINT('',(-5.E-1,5.1E0,-1.15E1));
#1482=VERTEX_POINT('',#1481);
#1483=CARTESIAN_POINT('',(-1.E1,5.2E0,-1.15E1));
#1484=VERTEX_POINT('',#1483);
#1485=CARTESIAN_POINT('',(7.5E0,5.2E0,-1.4E1));
#1486=VERTEX_POINT('',#1485);
#1487=CARTESIAN_POINT('',(9.999953961750E-1,5.699994763233E0,-5.E0));
#1488=CARTESIAN_POINT('',(-9.999953961750E-1,5.699994763233E0,-5.E0));
#1489=VERTEX_POINT('',#1487);
#1490=VERTEX_POINT('',#1488);
#1491=CARTESIAN_POINT('',(1.999969845597E0,5.2E0,-5.E0));
#1492=CARTESIAN_POINT('',(-1.999969845597E0,5.2E0,-5.E0));
#1493=VERTEX_POINT('',#1491);
#1494=VERTEX_POINT('',#1492);
#1495=CARTESIAN_POINT('',(9.5E0,-2.4E0,1.02E1));
#1496=CARTESIAN_POINT('',(-6.5E0,-2.4E0,1.02E1));
#1497=VERTEX_POINT('',#1495);
#1498=VERTEX_POINT('',#1496);
#1499=CARTESIAN_POINT('',(-6.5E0,-2.4E0,-2.E0));
#1500=VERTEX_POINT('',#1499);
#1501=CARTESIAN_POINT('',(9.5E0,-2.4E0,-2.E0));
#1502=VERTEX_POINT('',#1501);
#1503=CARTESIAN_POINT('',(9.5E0,0.E0,1.02E1));
#1504=CARTESIAN_POINT('',(-6.5E0,0.E0,1.02E1));
#1505=VERTEX_POINT('',#1503);
#1506=VERTEX_POINT('',#1504);
#1507=CARTESIAN_POINT('',(-6.5E0,0.E0,-2.E0));
#1508=VERTEX_POINT('',#1507);
#1509=CARTESIAN_POINT('',(9.5E0,0.E0,-2.E0));
#1510=VERTEX_POINT('',#1509);
#1511=CARTESIAN_POINT('',(5.E0,-2.5E0,-1.2E1));
#1512=CARTESIAN_POINT('',(1.2E1,-2.5E0,-1.2E1));
#1513=VERTEX_POINT('',#1511);
#1514=VERTEX_POINT('',#1512);
#1515=CARTESIAN_POINT('',(5.E0,0.E0,-1.2E1));
#1516=VERTEX_POINT('',#1515);
#1517=CARTESIAN_POINT('',(1.2E1,0.E0,-1.2E1));
#1518=VERTEX_POINT('',#1517);
#1519=CARTESIAN_POINT('',(2.877350454833E0,-2.E-1,-1.26E1));
#1520=CARTESIAN_POINT('',(2.877350454833E0,-2.E-1,-1.31E1));
#1521=VERTEX_POINT('',#1519);
#1522=VERTEX_POINT('',#1520);
#1523=CARTESIAN_POINT('',(2.877350454833E0,-2.E-1,-1.09E1));
#1524=CARTESIAN_POINT('',(2.877350454833E0,-2.E-1,-1.14E1));
#1525=VERTEX_POINT('',#1523);
#1526=VERTEX_POINT('',#1524);
#1527=CARTESIAN_POINT('',(5.051812070087E0,0.E0,-1.26E1));
#1528=CARTESIAN_POINT('',(2.877350454833E0,0.E0,-1.26E1));
#1529=VERTEX_POINT('',#1527);
#1530=VERTEX_POINT('',#1528);
#1531=CARTESIAN_POINT('',(2.877350454833E0,0.E0,-1.31E1));
#1532=VERTEX_POINT('',#1531);
#1533=CARTESIAN_POINT('',(5.177350454833E0,0.E0,-1.31E1));
#1534=VERTEX_POINT('',#1533);
#1535=CARTESIAN_POINT('',(5.177350454833E0,0.E0,-1.09E1));
#1536=CARTESIAN_POINT('',(2.877350454833E0,0.E0,-1.09E1));
#1537=VERTEX_POINT('',#1535);
#1538=VERTEX_POINT('',#1536);
#1539=CARTESIAN_POINT('',(2.877350454833E0,0.E0,-1.14E1));
#1540=VERTEX_POINT('',#1539);
#1541=CARTESIAN_POINT('',(5.051812070087E0,0.E0,-1.14E1));
#1542=VERTEX_POINT('',#1541);
#1543=CARTESIAN_POINT('',(5.051812070087E0,-2.E-1,-1.26E1));
#1544=CARTESIAN_POINT('',(5.177350454833E0,-2.E-1,-1.31E1));
#1545=VERTEX_POINT('',#1543);
#1546=VERTEX_POINT('',#1544);
#1547=CARTESIAN_POINT('',(5.177350454833E0,-2.E-1,-1.09E1));
#1548=CARTESIAN_POINT('',(5.051812070087E0,-2.E-1,-1.14E1));
#1549=VERTEX_POINT('',#1547);
#1550=VERTEX_POINT('',#1548);
#1551=CARTESIAN_POINT('',(1.15E1,1.8E0,9.85E0));
#1552=CARTESIAN_POINT('',(9.5E0,1.8E0,9.85E0));
#1553=VERTEX_POINT('',#1551);
#1554=VERTEX_POINT('',#1552);
#1555=CARTESIAN_POINT('',(9.5E0,1.8E0,1.065E1));
#1556=VERTEX_POINT('',#1555);
#1557=CARTESIAN_POINT('',(1.15E1,1.8E0,1.065E1));
#1558=VERTEX_POINT('',#1557);
#1559=CARTESIAN_POINT('',(-1.15E1,1.8E0,9.85E0));
#1560=CARTESIAN_POINT('',(-1.15E1,1.8E0,1.065E1));
#1561=VERTEX_POINT('',#1559);
#1562=VERTEX_POINT('',#1560);
#1563=CARTESIAN_POINT('',(-9.5E0,1.8E0,1.065E1));
#1564=VERTEX_POINT('',#1563);
#1565=CARTESIAN_POINT('',(-9.5E0,1.8E0,9.85E0));
#1566=VERTEX_POINT('',#1565);
#1567=CARTESIAN_POINT('',(1.15E1,1.2E0,9.85E0));
#1568=CARTESIAN_POINT('',(9.5E0,1.2E0,9.85E0));
#1569=VERTEX_POINT('',#1567);
#1570=VERTEX_POINT('',#1568);
#1571=CARTESIAN_POINT('',(9.5E0,1.2E0,1.065E1));
#1572=VERTEX_POINT('',#1571);
#1573=CARTESIAN_POINT('',(1.15E1,1.2E0,1.065E1));
#1574=VERTEX_POINT('',#1573);
#1575=CARTESIAN_POINT('',(-1.15E1,1.2E0,9.85E0));
#1576=CARTESIAN_POINT('',(-1.15E1,1.2E0,1.065E1));
#1577=VERTEX_POINT('',#1575);
#1578=VERTEX_POINT('',#1576);
#1579=CARTESIAN_POINT('',(-9.5E0,1.2E0,1.065E1));
#1580=VERTEX_POINT('',#1579);
#1581=CARTESIAN_POINT('',(-9.5E0,1.2E0,9.85E0));
#1582=VERTEX_POINT('',#1581);
#1583=CARTESIAN_POINT('',(-1.25E1,0.E0,-1.4E1));
#1584=CARTESIAN_POINT('',(-1.25E1,0.E0,1.3E1));
#1585=VERTEX_POINT('',#1583);
#1586=VERTEX_POINT('',#1584);
#1587=CARTESIAN_POINT('',(-1.05E1,0.E0,1.5E1));
#1588=CARTESIAN_POINT('',(1.05E1,0.E0,1.5E1));
#1589=VERTEX_POINT('',#1587);
#1590=VERTEX_POINT('',#1588);
#1591=CARTESIAN_POINT('',(1.25E1,0.E0,1.3E1));
#1592=CARTESIAN_POINT('',(1.25E1,0.E0,-1.4E1));
#1593=VERTEX_POINT('',#1591);
#1594=VERTEX_POINT('',#1592);
#1595=CARTESIAN_POINT('',(1.05E1,0.E0,-1.6E1));
#1596=CARTESIAN_POINT('',(-1.05E1,0.E0,-1.6E1));
#1597=VERTEX_POINT('',#1595);
#1598=VERTEX_POINT('',#1596);
#1599=CARTESIAN_POINT('',(-1.25E1,1.2E0,-1.4E1));
#1600=CARTESIAN_POINT('',(-1.25E1,1.2E0,1.3E1));
#1601=VERTEX_POINT('',#1599);
#1602=VERTEX_POINT('',#1600);
#1603=CARTESIAN_POINT('',(-1.05E1,1.2E0,1.5E1));
#1604=CARTESIAN_POINT('',(1.05E1,1.2E0,1.5E1));
#1605=VERTEX_POINT('',#1603);
#1606=VERTEX_POINT('',#1604);
#1607=CARTESIAN_POINT('',(1.25E1,1.2E0,1.3E1));
#1608=CARTESIAN_POINT('',(1.25E1,1.2E0,-1.4E1));
#1609=VERTEX_POINT('',#1607);
#1610=VERTEX_POINT('',#1608);
#1611=CARTESIAN_POINT('',(1.05E1,1.2E0,-1.6E1));
#1612=CARTESIAN_POINT('',(-1.05E1,1.2E0,-1.6E1));
#1613=VERTEX_POINT('',#1611);
#1614=VERTEX_POINT('',#1612);
#1615=CARTESIAN_POINT('',(-1.E1,-1.E0,-1.35E1));
#1616=CARTESIAN_POINT('',(-7.E0,-1.E0,-1.35E1));
#1617=VERTEX_POINT('',#1615);
#1618=VERTEX_POINT('',#1616);
#1619=CARTESIAN_POINT('',(-7.E0,-1.E0,-1.05E1));
#1620=VERTEX_POINT('',#1619);
#1621=CARTESIAN_POINT('',(-1.E1,-1.E0,-1.05E1));
#1622=VERTEX_POINT('',#1621);
#1623=CARTESIAN_POINT('',(-1.E1,0.E0,-1.35E1));
#1624=CARTESIAN_POINT('',(-7.E0,0.E0,-1.35E1));
#1625=VERTEX_POINT('',#1623);
#1626=VERTEX_POINT('',#1624);
#1627=CARTESIAN_POINT('',(-7.E0,0.E0,-1.05E1));
#1628=VERTEX_POINT('',#1627);
#1629=CARTESIAN_POINT('',(-1.E1,0.E0,-1.05E1));
#1630=VERTEX_POINT('',#1629);
#1631=CARTESIAN_POINT('',(0.E0,0.E0,0.E0));
#1632=DIRECTION('',(0.E0,1.E0,0.E0));
#1633=DIRECTION('',(1.E0,0.E0,0.E0));
#1634=AXIS2_PLACEMENT_3D('',#1631,#1632,#1633);
#1635=PLANE('',#1634);
#1637=ORIENTED_EDGE('',*,*,#1636,.T.);
#1639=ORIENTED_EDGE('',*,*,#1638,.T.);
#1641=ORIENTED_EDGE('',*,*,#1640,.T.);
#1643=ORIENTED_EDGE('',*,*,#1642,.T.);
#1645=ORIENTED_EDGE('',*,*,#1644,.T.);
#1647=ORIENTED_EDGE('',*,*,#1646,.T.);
#1649=ORIENTED_EDGE('',*,*,#1648,.T.);
#1651=ORIENTED_EDGE('',*,*,#1650,.T.);
#1652=EDGE_LOOP('',(#1637,#1639,#1641,#1643,#1645,#1647,#1649,#1651));
#1653=FACE_OUTER_BOUND('',#1652,.F.);
#1655=ORIENTED_EDGE('',*,*,#1654,.T.);
#1657=ORIENTED_EDGE('',*,*,#1656,.T.);
#1658=EDGE_LOOP('',(#1655,#1657));
#1659=FACE_BOUND('',#1658,.F.);
#1661=ORIENTED_EDGE('',*,*,#1660,.T.);
#1663=ORIENTED_EDGE('',*,*,#1662,.T.);
#1664=EDGE_LOOP('',(#1661,#1663));
#1665=FACE_BOUND('',#1664,.F.);
#1667=ORIENTED_EDGE('',*,*,#1666,.T.);
#1669=ORIENTED_EDGE('',*,*,#1668,.T.);
#1671=ORIENTED_EDGE('',*,*,#1670,.T.);
#1673=ORIENTED_EDGE('',*,*,#1672,.T.);
#1674=EDGE_LOOP('',(#1667,#1669,#1671,#1673));
#1675=FACE_BOUND('',#1674,.F.);
#1677=ORIENTED_EDGE('',*,*,#1676,.T.);
#1679=ORIENTED_EDGE('',*,*,#1678,.T.);
#1681=ORIENTED_EDGE('',*,*,#1680,.T.);
#1683=ORIENTED_EDGE('',*,*,#1682,.T.);
#1685=ORIENTED_EDGE('',*,*,#1684,.T.);
#1687=ORIENTED_EDGE('',*,*,#1686,.T.);
#1689=ORIENTED_EDGE('',*,*,#1688,.T.);
#1691=ORIENTED_EDGE('',*,*,#1690,.T.);
#1693=ORIENTED_EDGE('',*,*,#1692,.T.);
#1695=ORIENTED_EDGE('',*,*,#1694,.T.);
#1696=EDGE_LOOP('',(#1677,#1679,#1681,#1683,#1685,#1687,#1689,#1691,#1693,
#1695));
#1697=FACE_BOUND('',#1696,.F.);
#1699=ORIENTED_EDGE('',*,*,#1698,.T.);
#1701=ORIENTED_EDGE('',*,*,#1700,.T.);
#1703=ORIENTED_EDGE('',*,*,#1702,.T.);
#1705=ORIENTED_EDGE('',*,*,#1704,.T.);
#1706=EDGE_LOOP('',(#1699,#1701,#1703,#1705));
#1707=FACE_BOUND('',#1706,.F.);
#1709=FILL_AREA_STYLE_COLOUR('',#14);
#1710=FILL_AREA_STYLE('',(#1709));
#1711=SURFACE_STYLE_FILL_AREA(#1710);
#1712=SURFACE_SIDE_STYLE('',(#1711));
#1713=SURFACE_STYLE_USAGE(.POSITIVE.,#1712);
#1714=FILL_AREA_STYLE_COLOUR('',#16);
#1715=FILL_AREA_STYLE('',(#1714));
#1716=SURFACE_STYLE_FILL_AREA(#1715);
#1717=SURFACE_SIDE_STYLE('',(#1716));
#1718=SURFACE_STYLE_USAGE(.NEGATIVE.,#1717);
#1719=PRESENTATION_STYLE_ASSIGNMENT((#1713,#1718));
#1720=OVER_RIDING_STYLED_ITEM('',(#1719),#1708,#18);
#1721=CARTESIAN_POINT('',(-1.1E1,0.E0,1.35E1));
#1722=DIRECTION('',(0.E0,1.E0,0.E0));
#1723=DIRECTION('',(1.E0,0.E0,0.E0));
#1724=AXIS2_PLACEMENT_3D('',#1721,#1722,#1723);
#1725=CYLINDRICAL_SURFACE('',#1724,7.5E-1);
#1726=ORIENTED_EDGE('',*,*,#1660,.F.);
#1728=ORIENTED_EDGE('',*,*,#1727,.T.);
#1730=ORIENTED_EDGE('',*,*,#1729,.T.);
#1732=ORIENTED_EDGE('',*,*,#1731,.F.);
#1733=EDGE_LOOP('',(#1726,#1728,#1730,#1732));
#1734=FACE_OUTER_BOUND('',#1733,.F.);
#1736=FILL_AREA_STYLE_COLOUR('',#11);
#1737=FILL_AREA_STYLE('',(#1736));
#1738=SURFACE_STYLE_FILL_AREA(#1737);
#1739=SURFACE_SIDE_STYLE('',(#1738));
#1740=SURFACE_STYLE_USAGE(.POSITIVE.,#1739);
#1741=FILL_AREA_STYLE_COLOUR('',#16);
#1742=FILL_AREA_STYLE('',(#1741));
#1743=SURFACE_STYLE_FILL_AREA(#1742);
#1744=SURFACE_SIDE_STYLE('',(#1743));
#1745=SURFACE_STYLE_USAGE(.NEGATIVE.,#1744);
#1746=PRESENTATION_STYLE_ASSIGNMENT((#1740,#1745));
#1747=OVER_RIDING_STYLED_ITEM('',(#1746),#1735,#18);
#1748=CARTESIAN_POINT('',(-1.1E1,0.E0,1.35E1));
#1749=DIRECTION('',(0.E0,1.E0,0.E0));
#1750=DIRECTION('',(1.E0,0.E0,0.E0));
#1751=AXIS2_PLACEMENT_3D('',#1748,#1749,#1750);
#1752=CYLINDRICAL_SURFACE('',#1751,7.5E-1);
#1753=ORIENTED_EDGE('',*,*,#1662,.F.);
#1754=ORIENTED_EDGE('',*,*,#1731,.T.);
#1756=ORIENTED_EDGE('',*,*,#1755,.T.);
#1757=ORIENTED_EDGE('',*,*,#1727,.F.);
#1758=EDGE_LOOP('',(#1753,#1754,#1756,#1757));
#1759=FACE_OUTER_BOUND('',#1758,.F.);
#1761=FILL_AREA_STYLE_COLOUR('',#11);
#1762=FILL_AREA_STYLE('',(#1761));
#1763=SURFACE_STYLE_FILL_AREA(#1762);
#1764=SURFACE_SIDE_STYLE('',(#1763));
#1765=SURFACE_STYLE_USAGE(.POSITIVE.,#1764);
#1766=FILL_AREA_STYLE_COLOUR('',#16);
#1767=FILL_AREA_STYLE('',(#1766));
#1768=SURFACE_STYLE_FILL_AREA(#1767);
#1769=SURFACE_SIDE_STYLE('',(#1768));
#1770=SURFACE_STYLE_USAGE(.NEGATIVE.,#1769);
#1771=PRESENTATION_STYLE_ASSIGNMENT((#1765,#1770));
#1772=OVER_RIDING_STYLED_ITEM('',(#1771),#1760,#18);
#1773=CARTESIAN_POINT('',(0.E0,1.2E0,0.E0));
#1774=DIRECTION('',(0.E0,1.E0,0.E0));
#1775=DIRECTION('',(1.E0,0.E0,0.E0));
#1776=AXIS2_PLACEMENT_3D('',#1773,#1774,#1775);
#1777=PLANE('',#1776);
#1779=ORIENTED_EDGE('',*,*,#1778,.F.);
#1781=ORIENTED_EDGE('',*,*,#1780,.F.);
#1783=ORIENTED_EDGE('',*,*,#1782,.F.);
#1785=ORIENTED_EDGE('',*,*,#1784,.F.);
#1787=ORIENTED_EDGE('',*,*,#1786,.F.);
#1789=ORIENTED_EDGE('',*,*,#1788,.F.);
#1791=ORIENTED_EDGE('',*,*,#1790,.F.);
#1793=ORIENTED_EDGE('',*,*,#1792,.F.);
#1794=EDGE_LOOP('',(#1779,#1781,#1783,#1785,#1787,#1789,#1791,#1793));
#1795=FACE_OUTER_BOUND('',#1794,.F.);
#1797=ORIENTED_EDGE('',*,*,#1796,.F.);
#1799=ORIENTED_EDGE('',*,*,#1798,.F.);
#1800=EDGE_LOOP('',(#1797,#1799));
#1801=FACE_BOUND('',#1800,.F.);
#1802=ORIENTED_EDGE('',*,*,#1729,.F.);
#1803=ORIENTED_EDGE('',*,*,#1755,.F.);
#1804=EDGE_LOOP('',(#1802,#1803));
#1805=FACE_BOUND('',#1804,.F.);
#1807=ORIENTED_EDGE('',*,*,#1806,.T.);
#1809=ORIENTED_EDGE('',*,*,#1808,.T.);
#1811=ORIENTED_EDGE('',*,*,#1810,.T.);
#1813=ORIENTED_EDGE('',*,*,#1812,.T.);
#1815=ORIENTED_EDGE('',*,*,#1814,.T.);
#1817=ORIENTED_EDGE('',*,*,#1816,.T.);
#1819=ORIENTED_EDGE('',*,*,#1818,.T.);
#1821=ORIENTED_EDGE('',*,*,#1820,.T.);
#1822=EDGE_LOOP('',(#1807,#1809,#1811,#1813,#1815,#1817,#1819,#1821));
#1823=FACE_BOUND('',#1822,.F.);
#1825=ORIENTED_EDGE('',*,*,#1824,.T.);
#1827=ORIENTED_EDGE('',*,*,#1826,.T.);
#1829=ORIENTED_EDGE('',*,*,#1828,.T.);
#1831=ORIENTED_EDGE('',*,*,#1830,.T.);
#1832=EDGE_LOOP('',(#1825,#1827,#1829,#1831));
#1833=FACE_BOUND('',#1832,.F.);
#1835=ORIENTED_EDGE('',*,*,#1834,.T.);
#1837=ORIENTED_EDGE('',*,*,#1836,.T.);
#1839=ORIENTED_EDGE('',*,*,#1838,.T.);
#1841=ORIENTED_EDGE('',*,*,#1840,.T.);
#1842=EDGE_LOOP('',(#1835,#1837,#1839,#1841));
#1843=FACE_BOUND('',#1842,.F.);
#1845=FILL_AREA_STYLE_COLOUR('',#14);
#1846=FILL_AREA_STYLE('',(#1845));
#1847=SURFACE_STYLE_FILL_AREA(#1846);
#1848=SURFACE_SIDE_STYLE('',(#1847));
#1849=SURFACE_STYLE_USAGE(.POSITIVE.,#1848);
#1850=FILL_AREA_STYLE_COLOUR('',#16);
#1851=FILL_AREA_STYLE('',(#1850));
#1852=SURFACE_STYLE_FILL_AREA(#1851);
#1853=SURFACE_SIDE_STYLE('',(#1852));
#1854=SURFACE_STYLE_USAGE(.NEGATIVE.,#1853);
#1855=PRESENTATION_STYLE_ASSIGNMENT((#1849,#1854));
#1856=OVER_RIDING_STYLED_ITEM('',(#1855),#1844,#18);
#1857=CARTESIAN_POINT('',(1.1E1,0.E0,1.35E1));
#1858=DIRECTION('',(0.E0,1.E0,0.E0));
#1859=DIRECTION('',(1.E0,0.E0,0.E0));
#1860=AXIS2_PLACEMENT_3D('',#1857,#1858,#1859);
#1861=CYLINDRICAL_SURFACE('',#1860,7.5E-1);
#1862=ORIENTED_EDGE('',*,*,#1654,.F.);
#1864=ORIENTED_EDGE('',*,*,#1863,.T.);
#1865=ORIENTED_EDGE('',*,*,#1796,.T.);
#1867=ORIENTED_EDGE('',*,*,#1866,.F.);
#1868=EDGE_LOOP('',(#1862,#1864,#1865,#1867));
#1869=FACE_OUTER_BOUND('',#1868,.F.);
#1871=FILL_AREA_STYLE_COLOUR('',#11);
#1872=FILL_AREA_STYLE('',(#1871));
#1873=SURFACE_STYLE_FILL_AREA(#1872);
#1874=SURFACE_SIDE_STYLE('',(#1873));
#1875=SURFACE_STYLE_USAGE(.POSITIVE.,#1874);
#1876=FILL_AREA_STYLE_COLOUR('',#16);
#1877=FILL_AREA_STYLE('',(#1876));
#1878=SURFACE_STYLE_FILL_AREA(#1877);
#1879=SURFACE_SIDE_STYLE('',(#1878));
#1880=SURFACE_STYLE_USAGE(.NEGATIVE.,#1879);
#1881=PRESENTATION_STYLE_ASSIGNMENT((#1875,#1880));
#1882=OVER_RIDING_STYLED_ITEM('',(#1881),#1870,#18);
#1883=CARTESIAN_POINT('',(1.1E1,0.E0,1.35E1));
#1884=DIRECTION('',(0.E0,1.E0,0.E0));
#1885=DIRECTION('',(1.E0,0.E0,0.E0));
#1886=AXIS2_PLACEMENT_3D('',#1883,#1884,#1885);
#1887=CYLINDRICAL_SURFACE('',#1886,7.5E-1);
#1888=ORIENTED_EDGE('',*,*,#1656,.F.);
#1889=ORIENTED_EDGE('',*,*,#1866,.T.);
#1890=ORIENTED_EDGE('',*,*,#1798,.T.);
#1891=ORIENTED_EDGE('',*,*,#1863,.F.);
#1892=EDGE_LOOP('',(#1888,#1889,#1890,#1891));
#1893=FACE_OUTER_BOUND('',#1892,.F.);
#1895=FILL_AREA_STYLE_COLOUR('',#11);
#1896=FILL_AREA_STYLE('',(#1895));
#1897=SURFACE_STYLE_FILL_AREA(#1896);
#1898=SURFACE_SIDE_STYLE('',(#1897));
#1899=SURFACE_STYLE_USAGE(.POSITIVE.,#1898);
#1900=FILL_AREA_STYLE_COLOUR('',#16);
#1901=FILL_AREA_STYLE('',(#1900));
#1902=SURFACE_STYLE_FILL_AREA(#1901);
#1903=SURFACE_SIDE_STYLE('',(#1902));
#1904=SURFACE_STYLE_USAGE(.NEGATIVE.,#1903);
#1905=PRESENTATION_STYLE_ASSIGNMENT((#1899,#1904));
#1906=OVER_RIDING_STYLED_ITEM('',(#1905),#1894,#18);
#1907=CARTESIAN_POINT('',(-1.05E1,0.E0,-1.4E1));
#1908=DIRECTION('',(0.E0,1.E0,0.E0));
#1909=DIRECTION('',(1.E0,0.E0,0.E0));
#1910=AXIS2_PLACEMENT_3D('',#1907,#1908,#1909);
#1911=CYLINDRICAL_SURFACE('',#1910,2.E0);
#1912=ORIENTED_EDGE('',*,*,#1636,.F.);
#1914=ORIENTED_EDGE('',*,*,#1913,.T.);
#1915=ORIENTED_EDGE('',*,*,#1778,.T.);
#1917=ORIENTED_EDGE('',*,*,#1916,.F.);
#1918=EDGE_LOOP('',(#1912,#1914,#1915,#1917));
#1919=FACE_OUTER_BOUND('',#1918,.F.);
#1921=CARTESIAN_POINT('',(1.05E1,0.E0,-1.6E1));
#1922=DIRECTION('',(0.E0,0.E0,-1.E0));
#1923=DIRECTION('',(-1.E0,0.E0,0.E0));
#1924=AXIS2_PLACEMENT_3D('',#1921,#1922,#1923);
#1925=PLANE('',#1924);
#1926=ORIENTED_EDGE('',*,*,#1650,.F.);
#1928=ORIENTED_EDGE('',*,*,#1927,.T.);
#1929=ORIENTED_EDGE('',*,*,#1780,.T.);
#1930=ORIENTED_EDGE('',*,*,#1913,.F.);
#1931=EDGE_LOOP('',(#1926,#1928,#1929,#1930));
#1932=FACE_OUTER_BOUND('',#1931,.F.);
#1934=CARTESIAN_POINT('',(1.05E1,0.E0,-1.4E1));
#1935=DIRECTION('',(0.E0,1.E0,0.E0));
#1936=DIRECTION('',(1.E0,0.E0,0.E0));
#1937=AXIS2_PLACEMENT_3D('',#1934,#1935,#1936);
#1938=CYLINDRICAL_SURFACE('',#1937,2.E0);
#1939=ORIENTED_EDGE('',*,*,#1648,.F.);
#1941=ORIENTED_EDGE('',*,*,#1940,.T.);
#1942=ORIENTED_EDGE('',*,*,#1782,.T.);
#1943=ORIENTED_EDGE('',*,*,#1927,.F.);
#1944=EDGE_LOOP('',(#1939,#1941,#1942,#1943));
#1945=FACE_OUTER_BOUND('',#1944,.F.);
#1947=CARTESIAN_POINT('',(1.25E1,0.E0,1.3E1));
#1948=DIRECTION('',(1.E0,0.E0,0.E0));
#1949=DIRECTION('',(0.E0,0.E0,-1.E0));
#1950=AXIS2_PLACEMENT_3D('',#1947,#1948,#1949);
#1951=PLANE('',#1950);
#1952=ORIENTED_EDGE('',*,*,#1646,.F.);
#1954=ORIENTED_EDGE('',*,*,#1953,.T.);
#1955=ORIENTED_EDGE('',*,*,#1784,.T.);
#1956=ORIENTED_EDGE('',*,*,#1940,.F.);
#1957=EDGE_LOOP('',(#1952,#1954,#1955,#1956));
#1958=FACE_OUTER_BOUND('',#1957,.F.);
#1960=CARTESIAN_POINT('',(1.05E1,0.E0,1.3E1));
#1961=DIRECTION('',(0.E0,1.E0,0.E0));
#1962=DIRECTION('',(1.E0,0.E0,0.E0));
#1963=AXIS2_PLACEMENT_3D('',#1960,#1961,#1962);
#1964=CYLINDRICAL_SURFACE('',#1963,2.E0);
#1965=ORIENTED_EDGE('',*,*,#1644,.F.);
#1967=ORIENTED_EDGE('',*,*,#1966,.T.);
#1968=ORIENTED_EDGE('',*,*,#1786,.T.);
#1969=ORIENTED_EDGE('',*,*,#1953,.F.);
#1970=EDGE_LOOP('',(#1965,#1967,#1968,#1969));
#1971=FACE_OUTER_BOUND('',#1970,.F.);
#1973=CARTESIAN_POINT('',(-1.05E1,0.E0,1.5E1));
#1974=DIRECTION('',(0.E0,0.E0,1.E0));
#1975=DIRECTION('',(1.E0,0.E0,0.E0));
#1976=AXIS2_PLACEMENT_3D('',#1973,#1974,#1975);
#1977=PLANE('',#1976);
#1978=ORIENTED_EDGE('',*,*,#1642,.F.);
#1980=ORIENTED_EDGE('',*,*,#1979,.T.);
#1981=ORIENTED_EDGE('',*,*,#1788,.T.);
#1982=ORIENTED_EDGE('',*,*,#1966,.F.);
#1983=EDGE_LOOP('',(#1978,#1980,#1981,#1982));
#1984=FACE_OUTER_BOUND('',#1983,.F.);
#1986=CARTESIAN_POINT('',(-1.05E1,0.E0,1.3E1));
#1987=DIRECTION('',(0.E0,1.E0,0.E0));
#1988=DIRECTION('',(1.E0,0.E0,0.E0));
#1989=AXIS2_PLACEMENT_3D('',#1986,#1987,#1988);
#1990=CYLINDRICAL_SURFACE('',#1989,2.E0);
#1991=ORIENTED_EDGE('',*,*,#1640,.F.);
#1993=ORIENTED_EDGE('',*,*,#1992,.T.);
#1994=ORIENTED_EDGE('',*,*,#1790,.T.);
#1995=ORIENTED_EDGE('',*,*,#1979,.F.);
#1996=EDGE_LOOP('',(#1991,#1993,#1994,#1995));
#1997=FACE_OUTER_BOUND('',#1996,.F.);
#1999=CARTESIAN_POINT('',(-1.25E1,0.E0,-1.4E1));
#2000=DIRECTION('',(-1.E0,0.E0,0.E0));
#2001=DIRECTION('',(0.E0,0.E0,1.E0));
#2002=AXIS2_PLACEMENT_3D('',#1999,#2000,#2001);
#2003=PLANE('',#2002);
#2004=ORIENTED_EDGE('',*,*,#1638,.F.);
#2005=ORIENTED_EDGE('',*,*,#1916,.T.);
#2006=ORIENTED_EDGE('',*,*,#1792,.T.);
#2007=ORIENTED_EDGE('',*,*,#1992,.F.);
#2008=EDGE_LOOP('',(#2004,#2005,#2006,#2007));
#2009=FACE_OUTER_BOUND('',#2008,.F.);
#2011=CARTESIAN_POINT('',(-1.245E1,1.2E0,-1.19E1));
#2012=DIRECTION('',(-1.E0,0.E0,0.E0));
#2013=DIRECTION('',(0.E0,0.E0,1.E0));
#2014=AXIS2_PLACEMENT_3D('',#2011,#2012,#2013);
#2015=PLANE('',#2014);
#2016=ORIENTED_EDGE('',*,*,#1806,.F.);
#2018=ORIENTED_EDGE('',*,*,#2017,.T.);
#2020=ORIENTED_EDGE('',*,*,#2019,.T.);
#2022=ORIENTED_EDGE('',*,*,#2021,.F.);
#2023=EDGE_LOOP('',(#2016,#2018,#2020,#2022));
#2024=FACE_OUTER_BOUND('',#2023,.F.);
#2026=FILL_AREA_STYLE_COLOUR('',#17);
#2027=FILL_AREA_STYLE('',(#2026));
#2028=SURFACE_STYLE_FILL_AREA(#2027);
#2029=SURFACE_SIDE_STYLE('',(#2028));
#2030=SURFACE_STYLE_USAGE(.POSITIVE.,#2029);
#2031=FILL_AREA_STYLE_COLOUR('',#16);
#2032=FILL_AREA_STYLE('',(#2031));
#2033=SURFACE_STYLE_FILL_AREA(#2032);
#2034=SURFACE_SIDE_STYLE('',(#2033));
#2035=SURFACE_STYLE_USAGE(.NEGATIVE.,#2034);
#2036=PRESENTATION_STYLE_ASSIGNMENT((#2030,#2035));
#2037=OVER_RIDING_STYLED_ITEM('',(#2036),#2025,#18);
#2038=CARTESIAN_POINT('',(-8.45E0,1.2E0,-1.19E1));
#2039=DIRECTION('',(0.E0,1.E0,0.E0));
#2040=DIRECTION('',(1.E0,0.E0,0.E0));
#2041=AXIS2_PLACEMENT_3D('',#2038,#2039,#2040);
#2042=CYLINDRICAL_SURFACE('',#2041,4.E0);
#2043=ORIENTED_EDGE('',*,*,#1820,.F.);
#2045=ORIENTED_EDGE('',*,*,#2044,.T.);
#2047=ORIENTED_EDGE('',*,*,#2046,.T.);
#2048=ORIENTED_EDGE('',*,*,#2017,.F.);
#2049=EDGE_LOOP('',(#2043,#2045,#2047,#2048));
#2050=FACE_OUTER_BOUND('',#2049,.F.);
#2052=FILL_AREA_STYLE_COLOUR('',#17);
#2053=FILL_AREA_STYLE('',(#2052));
#2054=SURFACE_STYLE_FILL_AREA(#2053);
#2055=SURFACE_SIDE_STYLE('',(#2054));
#2056=SURFACE_STYLE_USAGE(.POSITIVE.,#2055);
#2057=FILL_AREA_STYLE_COLOUR('',#16);
#2058=FILL_AREA_STYLE('',(#2057));
#2059=SURFACE_STYLE_FILL_AREA(#2058);
#2060=SURFACE_SIDE_STYLE('',(#2059));
#2061=SURFACE_STYLE_USAGE(.NEGATIVE.,#2060);
#2062=PRESENTATION_STYLE_ASSIGNMENT((#2056,#2061));
#2063=OVER_RIDING_STYLED_ITEM('',(#2062),#2051,#18);
#2064=CARTESIAN_POINT('',(8.45E0,1.2E0,-1.59E1));
#2065=DIRECTION('',(0.E0,0.E0,-1.E0));
#2066=DIRECTION('',(-1.E0,0.E0,0.E0));
#2067=AXIS2_PLACEMENT_3D('',#2064,#2065,#2066);
#2068=PLANE('',#2067);
#2069=ORIENTED_EDGE('',*,*,#1818,.F.);
#2071=ORIENTED_EDGE('',*,*,#2070,.T.);
#2073=ORIENTED_EDGE('',*,*,#2072,.T.);
#2074=ORIENTED_EDGE('',*,*,#2044,.F.);
#2075=EDGE_LOOP('',(#2069,#2071,#2073,#2074));
#2076=FACE_OUTER_BOUND('',#2075,.F.);
#2078=FILL_AREA_STYLE_COLOUR('',#17);
#2079=FILL_AREA_STYLE('',(#2078));
#2080=SURFACE_STYLE_FILL_AREA(#2079);
#2081=SURFACE_SIDE_STYLE('',(#2080));
#2082=SURFACE_STYLE_USAGE(.POSITIVE.,#2081);
#2083=FILL_AREA_STYLE_COLOUR('',#16);
#2084=FILL_AREA_STYLE('',(#2083));
#2085=SURFACE_STYLE_FILL_AREA(#2084);
#2086=SURFACE_SIDE_STYLE('',(#2085));
#2087=SURFACE_STYLE_USAGE(.NEGATIVE.,#2086);
#2088=PRESENTATION_STYLE_ASSIGNMENT((#2082,#2087));
#2089=OVER_RIDING_STYLED_ITEM('',(#2088),#2077,#18);
#2090=CARTESIAN_POINT('',(8.45E0,1.2E0,-1.19E1));
#2091=DIRECTION('',(0.E0,1.E0,0.E0));
#2092=DIRECTION('',(1.E0,0.E0,0.E0));
#2093=AXIS2_PLACEMENT_3D('',#2090,#2091,#2092);
#2094=CYLINDRICAL_SURFACE('',#2093,4.E0);
#2095=ORIENTED_EDGE('',*,*,#1816,.F.);
#2097=ORIENTED_EDGE('',*,*,#2096,.T.);
#2099=ORIENTED_EDGE('',*,*,#2098,.T.);
#2100=ORIENTED_EDGE('',*,*,#2070,.F.);
#2101=EDGE_LOOP('',(#2095,#2097,#2099,#2100));
#2102=FACE_OUTER_BOUND('',#2101,.F.);
#2104=FILL_AREA_STYLE_COLOUR('',#17);
#2105=FILL_AREA_STYLE('',(#2104));
#2106=SURFACE_STYLE_FILL_AREA(#2105);
#2107=SURFACE_SIDE_STYLE('',(#2106));
#2108=SURFACE_STYLE_USAGE(.POSITIVE.,#2107);
#2109=FILL_AREA_STYLE_COLOUR('',#16);
#2110=FILL_AREA_STYLE('',(#2109));
#2111=SURFACE_STYLE_FILL_AREA(#2110);
#2112=SURFACE_SIDE_STYLE('',(#2111));
#2113=SURFACE_STYLE_USAGE(.NEGATIVE.,#2112);
#2114=PRESENTATION_STYLE_ASSIGNMENT((#2108,#2113));
#2115=OVER_RIDING_STYLED_ITEM('',(#2114),#2103,#18);
#2116=CARTESIAN_POINT('',(1.245E1,1.2E0,5.E0));
#2117=DIRECTION('',(1.E0,0.E0,0.E0));
#2118=DIRECTION('',(0.E0,0.E0,-1.E0));
#2119=AXIS2_PLACEMENT_3D('',#2116,#2117,#2118);
#2120=PLANE('',#2119);
#2121=ORIENTED_EDGE('',*,*,#1814,.F.);
#2123=ORIENTED_EDGE('',*,*,#2122,.T.);
#2125=ORIENTED_EDGE('',*,*,#2124,.T.);
#2126=ORIENTED_EDGE('',*,*,#2096,.F.);
#2127=EDGE_LOOP('',(#2121,#2123,#2125,#2126));
#2128=FACE_OUTER_BOUND('',#2127,.F.);
#2130=FILL_AREA_STYLE_COLOUR('',#17);
#2131=FILL_AREA_STYLE('',(#2130));
#2132=SURFACE_STYLE_FILL_AREA(#2131);
#2133=SURFACE_SIDE_STYLE('',(#2132));
#2134=SURFACE_STYLE_USAGE(.POSITIVE.,#2133);
#2135=FILL_AREA_STYLE_COLOUR('',#16);
#2136=FILL_AREA_STYLE('',(#2135));
#2137=SURFACE_STYLE_FILL_AREA(#2136);
#2138=SURFACE_SIDE_STYLE('',(#2137));
#2139=SURFACE_STYLE_USAGE(.NEGATIVE.,#2138);
#2140=PRESENTATION_STYLE_ASSIGNMENT((#2134,#2139));
#2141=OVER_RIDING_STYLED_ITEM('',(#2140),#2129,#18);
#2142=CARTESIAN_POINT('',(8.45E0,1.2E0,5.E0));
#2143=DIRECTION('',(0.E0,1.E0,0.E0));
#2144=DIRECTION('',(1.E0,0.E0,0.E0));
#2145=AXIS2_PLACEMENT_3D('',#2142,#2143,#2144);
#2146=CYLINDRICAL_SURFACE('',#2145,4.E0);
#2147=ORIENTED_EDGE('',*,*,#1812,.F.);
#2149=ORIENTED_EDGE('',*,*,#2148,.T.);
#2151=ORIENTED_EDGE('',*,*,#2150,.T.);
#2152=ORIENTED_EDGE('',*,*,#2122,.F.);
#2153=EDGE_LOOP('',(#2147,#2149,#2151,#2152));
#2154=FACE_OUTER_BOUND('',#2153,.F.);
#2156=FILL_AREA_STYLE_COLOUR('',#17);
#2157=FILL_AREA_STYLE('',(#2156));
#2158=SURFACE_STYLE_FILL_AREA(#2157);
#2159=SURFACE_SIDE_STYLE('',(#2158));
#2160=SURFACE_STYLE_USAGE(.POSITIVE.,#2159);
#2161=FILL_AREA_STYLE_COLOUR('',#16);
#2162=FILL_AREA_STYLE('',(#2161));
#2163=SURFACE_STYLE_FILL_AREA(#2162);
#2164=SURFACE_SIDE_STYLE('',(#2163));
#2165=SURFACE_STYLE_USAGE(.NEGATIVE.,#2164);
#2166=PRESENTATION_STYLE_ASSIGNMENT((#2160,#2165));
#2167=OVER_RIDING_STYLED_ITEM('',(#2166),#2155,#18);
#2168=CARTESIAN_POINT('',(-8.45E0,1.2E0,9.E0));
#2169=DIRECTION('',(0.E0,0.E0,1.E0));
#2170=DIRECTION('',(1.E0,0.E0,0.E0));
#2171=AXIS2_PLACEMENT_3D('',#2168,#2169,#2170);
#2172=PLANE('',#2171);
#2173=ORIENTED_EDGE('',*,*,#1810,.F.);
#2175=ORIENTED_EDGE('',*,*,#2174,.T.);
#2177=ORIENTED_EDGE('',*,*,#2176,.T.);
#2178=ORIENTED_EDGE('',*,*,#2148,.F.);
#2179=EDGE_LOOP('',(#2173,#2175,#2177,#2178));
#2180=FACE_OUTER_BOUND('',#2179,.F.);
#2182=FILL_AREA_STYLE_COLOUR('',#17);
#2183=FILL_AREA_STYLE('',(#2182));
#2184=SURFACE_STYLE_FILL_AREA(#2183);
#2185=SURFACE_SIDE_STYLE('',(#2184));
#2186=SURFACE_STYLE_USAGE(.POSITIVE.,#2185);
#2187=FILL_AREA_STYLE_COLOUR('',#16);
#2188=FILL_AREA_STYLE('',(#2187));
#2189=SURFACE_STYLE_FILL_AREA(#2188);
#2190=SURFACE_SIDE_STYLE('',(#2189));
#2191=SURFACE_STYLE_USAGE(.NEGATIVE.,#2190);
#2192=PRESENTATION_STYLE_ASSIGNMENT((#2186,#2191));
#2193=OVER_RIDING_STYLED_ITEM('',(#2192),#2181,#18);
#2194=CARTESIAN_POINT('',(-8.45E0,1.2E0,5.E0));
#2195=DIRECTION('',(0.E0,1.E0,0.E0));
#2196=DIRECTION('',(1.E0,0.E0,0.E0));
#2197=AXIS2_PLACEMENT_3D('',#2194,#2195,#2196);
#2198=CYLINDRICAL_SURFACE('',#2197,4.E0);
#2199=ORIENTED_EDGE('',*,*,#1808,.F.);
#2200=ORIENTED_EDGE('',*,*,#2021,.T.);
#2202=ORIENTED_EDGE('',*,*,#2201,.T.);
#2203=ORIENTED_EDGE('',*,*,#2174,.F.);
#2204=EDGE_LOOP('',(#2199,#2200,#2202,#2203));
#2205=FACE_OUTER_BOUND('',#2204,.F.);
#2207=FILL_AREA_STYLE_COLOUR('',#17);
#2208=FILL_AREA_STYLE('',(#2207));
#2209=SURFACE_STYLE_FILL_AREA(#2208);
#2210=SURFACE_SIDE_STYLE('',(#2209));
#2211=SURFACE_STYLE_USAGE(.POSITIVE.,#2210);
#2212=FILL_AREA_STYLE_COLOUR('',#16);
#2213=FILL_AREA_STYLE('',(#2212));
#2214=SURFACE_STYLE_FILL_AREA(#2213);
#2215=SURFACE_SIDE_STYLE('',(#2214));
#2216=SURFACE_STYLE_USAGE(.NEGATIVE.,#2215);
#2217=PRESENTATION_STYLE_ASSIGNMENT((#2211,#2216));
#2218=OVER_RIDING_STYLED_ITEM('',(#2217),#2206,#18);
#2219=CARTESIAN_POINT('',(0.E0,5.1E0,0.E0));
#2220=DIRECTION('',(0.E0,1.E0,0.E0));
#2221=DIRECTION('',(1.E0,0.E0,0.E0));
#2222=AXIS2_PLACEMENT_3D('',#2219,#2220,#2221);
#2223=PLANE('',#2222);
#2224=ORIENTED_EDGE('',*,*,#2046,.F.);
#2225=ORIENTED_EDGE('',*,*,#2072,.F.);
#2226=ORIENTED_EDGE('',*,*,#2098,.F.);
#2227=ORIENTED_EDGE('',*,*,#2124,.F.);
#2228=ORIENTED_EDGE('',*,*,#2150,.F.);
#2229=ORIENTED_EDGE('',*,*,#2176,.F.);
#2230=ORIENTED_EDGE('',*,*,#2201,.F.);
#2231=ORIENTED_EDGE('',*,*,#2019,.F.);
#2232=EDGE_LOOP('',(#2224,#2225,#2226,#2227,#2228,#2229,#2230,#2231));
#2233=FACE_OUTER_BOUND('',#2232,.F.);
#2235=ORIENTED_EDGE('',*,*,#2234,.T.);
#2237=ORIENTED_EDGE('',*,*,#2236,.F.);
#2239=ORIENTED_EDGE('',*,*,#2238,.T.);
#2241=ORIENTED_EDGE('',*,*,#2240,.T.);
#2243=ORIENTED_EDGE('',*,*,#2242,.T.);
#2245=ORIENTED_EDGE('',*,*,#2244,.T.);
#2247=ORIENTED_EDGE('',*,*,#2246,.T.);
#2249=ORIENTED_EDGE('',*,*,#2248,.F.);
#2251=ORIENTED_EDGE('',*,*,#2250,.T.);
#2253=ORIENTED_EDGE('',*,*,#2252,.T.);
#2255=ORIENTED_EDGE('',*,*,#2254,.F.);
#2257=ORIENTED_EDGE('',*,*,#2256,.T.);
#2259=ORIENTED_EDGE('',*,*,#2258,.T.);
#2261=ORIENTED_EDGE('',*,*,#2260,.T.);
#2263=ORIENTED_EDGE('',*,*,#2262,.T.);
#2264=EDGE_LOOP('',(#2235,#2237,#2239,#2241,#2243,#2245,#2247,#2249,#2251,#2253,
#2255,#2257,#2259,#2261,#2263));
#2265=FACE_BOUND('',#2264,.F.);
#2267=FILL_AREA_STYLE_COLOUR('',#17);
#2268=FILL_AREA_STYLE('',(#2267));
#2269=SURFACE_STYLE_FILL_AREA(#2268);
#2270=SURFACE_SIDE_STYLE('',(#2269));
#2271=SURFACE_STYLE_USAGE(.POSITIVE.,#2270);
#2272=FILL_AREA_STYLE_COLOUR('',#16);
#2273=FILL_AREA_STYLE('',(#2272));
#2274=SURFACE_STYLE_FILL_AREA(#2273);
#2275=SURFACE_SIDE_STYLE('',(#2274));
#2276=SURFACE_STYLE_USAGE(.NEGATIVE.,#2275);
#2277=PRESENTATION_STYLE_ASSIGNMENT((#2271,#2276));
#2278=OVER_RIDING_STYLED_ITEM('',(#2277),#2266,#18);
#2279=CARTESIAN_POINT('',(-5.E-1,5.1E0,-1.4E1));
#2280=DIRECTION('',(0.E0,0.E0,-1.E0));
#2281=DIRECTION('',(-1.E0,0.E0,0.E0));
#2282=AXIS2_PLACEMENT_3D('',#2279,#2280,#2281);
#2283=PLANE('',#2282);
#2285=ORIENTED_EDGE('',*,*,#2284,.T.);
#2287=ORIENTED_EDGE('',*,*,#2286,.T.);
#2288=ORIENTED_EDGE('',*,*,#2234,.F.);
#2290=ORIENTED_EDGE('',*,*,#2289,.T.);
#2291=EDGE_LOOP('',(#2285,#2287,#2288,#2290));
#2292=FACE_OUTER_BOUND('',#2291,.F.);
#2294=CARTESIAN_POINT('',(0.E0,5.2E0,0.E0));
#2295=DIRECTION('',(0.E0,1.E0,0.E0));
#2296=DIRECTION('',(1.E0,0.E0,0.E0));
#2297=AXIS2_PLACEMENT_3D('',#2294,#2295,#2296);
#2298=PLANE('',#2297);
#2300=ORIENTED_EDGE('',*,*,#2299,.F.);
#2302=ORIENTED_EDGE('',*,*,#2301,.F.);
#2304=ORIENTED_EDGE('',*,*,#2303,.F.);
#2306=ORIENTED_EDGE('',*,*,#2305,.F.);
#2308=ORIENTED_EDGE('',*,*,#2307,.F.);
#2310=ORIENTED_EDGE('',*,*,#2309,.F.);
#2312=ORIENTED_EDGE('',*,*,#2311,.F.);
#2313=ORIENTED_EDGE('',*,*,#2284,.F.);
#2315=ORIENTED_EDGE('',*,*,#2314,.F.);
#2317=ORIENTED_EDGE('',*,*,#2316,.F.);
#2319=ORIENTED_EDGE('',*,*,#2318,.F.);
#2321=ORIENTED_EDGE('',*,*,#2320,.F.);
#2323=ORIENTED_EDGE('',*,*,#2322,.F.);
#2325=ORIENTED_EDGE('',*,*,#2324,.F.);
#2327=ORIENTED_EDGE('',*,*,#2326,.F.);
#2328=EDGE_LOOP('',(#2300,#2302,#2304,#2306,#2308,#2310,#2312,#2313,#2315,#2317,
#2319,#2321,#2323,#2325,#2327));
#2329=FACE_OUTER_BOUND('',#2328,.F.);
#2331=ORIENTED_EDGE('',*,*,#2330,.T.);
#2333=ORIENTED_EDGE('',*,*,#2332,.T.);
#2334=EDGE_LOOP('',(#2331,#2333));
#2335=FACE_BOUND('',#2334,.F.);
#2337=FILL_AREA_STYLE_COLOUR('',#12);
#2338=FILL_AREA_STYLE('',(#2337));
#2339=SURFACE_STYLE_FILL_AREA(#2338);
#2340=SURFACE_SIDE_STYLE('',(#2339));
#2341=SURFACE_STYLE_USAGE(.POSITIVE.,#2340);
#2342=FILL_AREA_STYLE_COLOUR('',#16);
#2343=FILL_AREA_STYLE('',(#2342));
#2344=SURFACE_STYLE_FILL_AREA(#2343);
#2345=SURFACE_SIDE_STYLE('',(#2344));
#2346=SURFACE_STYLE_USAGE(.NEGATIVE.,#2345);
#2347=PRESENTATION_STYLE_ASSIGNMENT((#2341,#2346));
#2348=OVER_RIDING_STYLED_ITEM('',(#2347),#2336,#18);
#2349=CARTESIAN_POINT('',(-8.75E0,5.15E0,5.75E0));
#2350=DIRECTION('',(-7.071067811865E-1,0.E0,7.071067811865E-1));
#2351=DIRECTION('',(0.E0,-1.E0,0.E0));
#2352=AXIS2_PLACEMENT_3D('',#2349,#2350,#2351);
#2353=PLANE('',#2352);
#2355=ORIENTED_EDGE('',*,*,#2354,.F.);
#2356=ORIENTED_EDGE('',*,*,#2299,.T.);
#2358=ORIENTED_EDGE('',*,*,#2357,.T.);
#2359=ORIENTED_EDGE('',*,*,#2248,.T.);
#2360=EDGE_LOOP('',(#2355,#2356,#2358,#2359));
#2361=FACE_OUTER_BOUND('',#2360,.F.);
#2363=CARTESIAN_POINT('',(-1.E1,5.1E0,-3.5E0));
#2364=DIRECTION('',(-1.E0,0.E0,0.E0));
#2365=DIRECTION('',(0.E0,0.E0,1.E0));
#2366=AXIS2_PLACEMENT_3D('',#2363,#2364,#2365);
#2367=PLANE('',#2366);
#2368=ORIENTED_EDGE('',*,*,#2354,.T.);
#2369=ORIENTED_EDGE('',*,*,#2246,.F.);
#2371=ORIENTED_EDGE('',*,*,#2370,.T.);
#2372=ORIENTED_EDGE('',*,*,#2301,.T.);
#2373=EDGE_LOOP('',(#2368,#2369,#2371,#2372));
#2374=FACE_OUTER_BOUND('',#2373,.F.);
#2376=CARTESIAN_POINT('',(-7.5E0,5.1E0,-3.5E0));
#2377=DIRECTION('',(0.E0,0.E0,-1.E0));
#2378=DIRECTION('',(-1.E0,0.E0,0.E0));
#2379=AXIS2_PLACEMENT_3D('',#2376,#2377,#2378);
#2380=PLANE('',#2379);
#2381=ORIENTED_EDGE('',*,*,#2244,.F.);
#2383=ORIENTED_EDGE('',*,*,#2382,.T.);
#2384=ORIENTED_EDGE('',*,*,#2303,.T.);
#2385=ORIENTED_EDGE('',*,*,#2370,.F.);
#2386=EDGE_LOOP('',(#2381,#2383,#2384,#2385));
#2387=FACE_OUTER_BOUND('',#2386,.F.);
#2389=CARTESIAN_POINT('',(-7.5E0,5.1E0,-4.5E0));
#2390=DIRECTION('',(-1.E0,0.E0,0.E0));
#2391=DIRECTION('',(0.E0,0.E0,1.E0));
#2392=AXIS2_PLACEMENT_3D('',#2389,#2390,#2391);
#2393=PLANE('',#2392);
#2394=ORIENTED_EDGE('',*,*,#2242,.F.);
#2396=ORIENTED_EDGE('',*,*,#2395,.T.);
#2397=ORIENTED_EDGE('',*,*,#2305,.T.);
#2398=ORIENTED_EDGE('',*,*,#2382,.F.);
#2399=EDGE_LOOP('',(#2394,#2396,#2397,#2398));
#2400=FACE_OUTER_BOUND('',#2399,.F.);
#2402=CARTESIAN_POINT('',(-1.E1,5.1E0,-4.5E0));
#2403=DIRECTION('',(0.E0,0.E0,1.E0));
#2404=DIRECTION('',(1.E0,0.E0,0.E0));
#2405=AXIS2_PLACEMENT_3D('',#2402,#2403,#2404);
#2406=PLANE('',#2405);
#2407=ORIENTED_EDGE('',*,*,#2240,.F.);
#2409=ORIENTED_EDGE('',*,*,#2408,.T.);
#2410=ORIENTED_EDGE('',*,*,#2307,.T.);
#2411=ORIENTED_EDGE('',*,*,#2395,.F.);
#2412=EDGE_LOOP('',(#2407,#2409,#2410,#2411));
#2413=FACE_OUTER_BOUND('',#2412,.F.);
#2415=CARTESIAN_POINT('',(-1.E1,5.1E0,-1.4E1));
#2416=DIRECTION('',(-1.E0,0.E0,0.E0));
#2417=DIRECTION('',(0.E0,0.E0,1.E0));
#2418=AXIS2_PLACEMENT_3D('',#2415,#2416,#2417);
#2419=PLANE('',#2418);
#2421=ORIENTED_EDGE('',*,*,#2420,.F.);
#2422=ORIENTED_EDGE('',*,*,#2309,.T.);
#2423=ORIENTED_EDGE('',*,*,#2408,.F.);
#2424=ORIENTED_EDGE('',*,*,#2238,.F.);
#2425=EDGE_LOOP('',(#2421,#2422,#2423,#2424));
#2426=FACE_OUTER_BOUND('',#2425,.F.);
#2428=CARTESIAN_POINT('',(-8.75E0,5.15E0,-1.275E1));
#2429=DIRECTION('',(-7.071067811865E-1,0.E0,-7.071067811865E-1));
#2430=DIRECTION('',(0.E0,-1.E0,0.E0));
#2431=AXIS2_PLACEMENT_3D('',#2428,#2429,#2430);
#2432=PLANE('',#2431);
#2433=ORIENTED_EDGE('',*,*,#2236,.T.);
#2434=ORIENTED_EDGE('',*,*,#2286,.F.);
#2435=ORIENTED_EDGE('',*,*,#2311,.T.);
#2436=ORIENTED_EDGE('',*,*,#2420,.T.);
#2437=EDGE_LOOP('',(#2433,#2434,#2435,#2436));
#2438=FACE_OUTER_BOUND('',#2437,.F.);
#2440=CARTESIAN_POINT('',(-1.E1,5.1E0,7.E0));
#2441=DIRECTION('',(0.E0,0.E0,1.E0));
#2442=DIRECTION('',(1.E0,0.E0,0.E0));
#2443=AXIS2_PLACEMENT_3D('',#2440,#2441,#2442);
#2444=PLANE('',#2443);
#2445=ORIENTED_EDGE('',*,*,#2357,.F.);
#2446=ORIENTED_EDGE('',*,*,#2326,.T.);
#2448=ORIENTED_EDGE('',*,*,#2447,.F.);
#2449=ORIENTED_EDGE('',*,*,#2250,.F.);
#2450=EDGE_LOOP('',(#2445,#2446,#2448,#2449));
#2451=FACE_OUTER_BOUND('',#2450,.F.);
#2453=CARTESIAN_POINT('',(1.E1,5.1E0,7.E0));
#2454=DIRECTION('',(1.E0,0.E0,0.E0));
#2455=DIRECTION('',(0.E0,0.E0,-1.E0));
#2456=AXIS2_PLACEMENT_3D('',#2453,#2454,#2455);
#2457=PLANE('',#2456);
#2458=ORIENTED_EDGE('',*,*,#2324,.T.);
#2460=ORIENTED_EDGE('',*,*,#2459,.T.);
#2461=ORIENTED_EDGE('',*,*,#2252,.F.);
#2462=ORIENTED_EDGE('',*,*,#2447,.T.);
#2463=EDGE_LOOP('',(#2458,#2460,#2461,#2462));
#2464=FACE_OUTER_BOUND('',#2463,.F.);
#2466=CARTESIAN_POINT('',(8.75E0,5.15E0,-1.275E1));
#2467=DIRECTION('',(7.071067811865E-1,0.E0,-7.071067811865E-1));
#2468=DIRECTION('',(0.E0,-1.E0,0.E0));
#2469=AXIS2_PLACEMENT_3D('',#2466,#2467,#2468);
#2470=PLANE('',#2469);
#2471=ORIENTED_EDGE('',*,*,#2254,.T.);
#2472=ORIENTED_EDGE('',*,*,#2459,.F.);
#2473=ORIENTED_EDGE('',*,*,#2322,.T.);
#2475=ORIENTED_EDGE('',*,*,#2474,.T.);
#2476=EDGE_LOOP('',(#2471,#2472,#2473,#2475));
#2477=FACE_OUTER_BOUND('',#2476,.F.);
#2479=CARTESIAN_POINT('',(1.E1,5.1E0,-1.4E1));
#2480=DIRECTION('',(0.E0,0.E0,-1.E0));
#2481=DIRECTION('',(-1.E0,0.E0,0.E0));
#2482=AXIS2_PLACEMENT_3D('',#2479,#2480,#2481);
#2483=PLANE('',#2482);
#2484=ORIENTED_EDGE('',*,*,#2474,.F.);
#2485=ORIENTED_EDGE('',*,*,#2320,.T.);
#2487=ORIENTED_EDGE('',*,*,#2486,.F.);
#2488=ORIENTED_EDGE('',*,*,#2256,.F.);
#2489=EDGE_LOOP('',(#2484,#2485,#2487,#2488));
#2490=FACE_OUTER_BOUND('',#2489,.F.);
#2492=CARTESIAN_POINT('',(5.E-1,5.1E0,-1.4E1));
#2493=DIRECTION('',(-1.E0,0.E0,0.E0));
#2494=DIRECTION('',(0.E0,0.E0,1.E0));
#2495=AXIS2_PLACEMENT_3D('',#2492,#2493,#2494);
#2496=PLANE('',#2495);
#2497=ORIENTED_EDGE('',*,*,#2258,.F.);
#2498=ORIENTED_EDGE('',*,*,#2486,.T.);
#2499=ORIENTED_EDGE('',*,*,#2318,.T.);
#2501=ORIENTED_EDGE('',*,*,#2500,.F.);
#2502=EDGE_LOOP('',(#2497,#2498,#2499,#2501));
#2503=FACE_OUTER_BOUND('',#2502,.F.);
#2505=CARTESIAN_POINT('',(5.E-1,5.1E0,-1.15E1));
#2506=DIRECTION('',(0.E0,0.E0,-1.E0));
#2507=DIRECTION('',(-1.E0,0.E0,0.E0));
#2508=AXIS2_PLACEMENT_3D('',#2505,#2506,#2507);
#2509=PLANE('',#2508);
#2510=ORIENTED_EDGE('',*,*,#2260,.F.);
#2511=ORIENTED_EDGE('',*,*,#2500,.T.);
#2512=ORIENTED_EDGE('',*,*,#2316,.T.);
#2514=ORIENTED_EDGE('',*,*,#2513,.F.);
#2515=EDGE_LOOP('',(#2510,#2511,#2512,#2514));
#2516=FACE_OUTER_BOUND('',#2515,.F.);
#2518=CARTESIAN_POINT('',(-5.E-1,5.1E0,-1.15E1));
#2519=DIRECTION('',(1.E0,0.E0,0.E0));
#2520=DIRECTION('',(0.E0,0.E0,-1.E0));
#2521=AXIS2_PLACEMENT_3D('',#2518,#2519,#2520);
#2522=PLANE('',#2521);
#2523=ORIENTED_EDGE('',*,*,#2262,.F.);
#2524=ORIENTED_EDGE('',*,*,#2513,.T.);
#2525=ORIENTED_EDGE('',*,*,#2314,.T.);
#2526=ORIENTED_EDGE('',*,*,#2289,.F.);
#2527=EDGE_LOOP('',(#2523,#2524,#2525,#2526));
#2528=FACE_OUTER_BOUND('',#2527,.F.);
#2530=CARTESIAN_POINT('',(0.E0,5.449993831785E0,-5.E0));
#2531=DIRECTION('',(0.E0,-1.E0,0.E0));
#2532=DIRECTION('',(0.E0,0.E0,-1.E0));
#2533=AXIS2_PLACEMENT_3D('',#2530,#2531,#2532);
#2534=CONICAL_SURFACE('',#2533,1.499989720441E0,6.343460327475E1);
#2536=ORIENTED_EDGE('',*,*,#2535,.T.);
#2538=ORIENTED_EDGE('',*,*,#2537,.T.);
#2539=ORIENTED_EDGE('',*,*,#2330,.F.);
#2541=ORIENTED_EDGE('',*,*,#2540,.F.);
#2542=EDGE_LOOP('',(#2536,#2538,#2539,#2541));
#2543=FACE_OUTER_BOUND('',#2542,.F.);
#2545=FILL_AREA_STYLE_COLOUR('',#16);
#2546=FILL_AREA_STYLE('',(#2545));
#2547=SURFACE_STYLE_FILL_AREA(#2546);
#2548=SURFACE_SIDE_STYLE('',(#2547));
#2549=SURFACE_STYLE_USAGE(.NEGATIVE.,#2548);
#2550=PRESENTATION_STYLE_ASSIGNMENT((#2549));
#2551=STYLED_ITEM('',(#2550),#2544);
#2552=CARTESIAN_POINT('',(0.E0,5.7E0,0.E0));
#2553=DIRECTION('',(0.E0,1.E0,0.E0));
#2554=DIRECTION('',(1.E0,0.E0,0.E0));
#2555=AXIS2_PLACEMENT_3D('',#2552,#2553,#2554);
#2556=PLANE('',#2555);
#2557=ORIENTED_EDGE('',*,*,#2535,.F.);
#2559=ORIENTED_EDGE('',*,*,#2558,.F.);
#2560=EDGE_LOOP('',(#2557,#2559));
#2561=FACE_OUTER_BOUND('',#2560,.F.);
#2563=FILL_AREA_STYLE_COLOUR('',#16);
#2564=FILL_AREA_STYLE('',(#2563));
#2565=SURFACE_STYLE_FILL_AREA(#2564);
#2566=SURFACE_SIDE_STYLE('',(#2565));
#2567=SURFACE_STYLE_USAGE(.NEGATIVE.,#2566);
#2568=PRESENTATION_STYLE_ASSIGNMENT((#2567));
#2569=STYLED_ITEM('',(#2568),#2562);
#2570=CARTESIAN_POINT('',(0.E0,5.449993831785E0,-5.E0));
#2571=DIRECTION('',(0.E0,-1.E0,0.E0));
#2572=DIRECTION('',(0.E0,0.E0,-1.E0));
#2573=AXIS2_PLACEMENT_3D('',#2570,#2571,#2572);
#2574=CONICAL_SURFACE('',#2573,1.499989720441E0,6.343460327475E1);
#2575=ORIENTED_EDGE('',*,*,#2558,.T.);
#2576=ORIENTED_EDGE('',*,*,#2540,.T.);
#2577=ORIENTED_EDGE('',*,*,#2332,.F.);
#2578=ORIENTED_EDGE('',*,*,#2537,.F.);
#2579=EDGE_LOOP('',(#2575,#2576,#2577,#2578));
#2580=FACE_OUTER_BOUND('',#2579,.F.);
#2582=FILL_AREA_STYLE_COLOUR('',#16);
#2583=FILL_AREA_STYLE('',(#2582));
#2584=SURFACE_STYLE_FILL_AREA(#2583);
#2585=SURFACE_SIDE_STYLE('',(#2584));
#2586=SURFACE_STYLE_USAGE(.NEGATIVE.,#2585);
#2587=PRESENTATION_STYLE_ASSIGNMENT((#2586));
#2588=STYLED_ITEM('',(#2587),#2581);
#2589=CARTESIAN_POINT('',(1.15E1,1.2E0,9.85E0));
#2590=DIRECTION('',(0.E0,0.E0,-1.E0));
#2591=DIRECTION('',(-1.E0,0.E0,0.E0));
#2592=AXIS2_PLACEMENT_3D('',#2589,#2590,#2591);
#2593=PLANE('',#2592);
#2594=ORIENTED_EDGE('',*,*,#1824,.F.);
#2596=ORIENTED_EDGE('',*,*,#2595,.T.);
#2598=ORIENTED_EDGE('',*,*,#2597,.T.);
#2600=ORIENTED_EDGE('',*,*,#2599,.F.);
#2601=EDGE_LOOP('',(#2594,#2596,#2598,#2600));
#2602=FACE_OUTER_BOUND('',#2601,.F.);
#2604=FILL_AREA_STYLE_COLOUR('',#5);
#2605=FILL_AREA_STYLE('',(#2604));
#2606=SURFACE_STYLE_FILL_AREA(#2605);
#2607=SURFACE_SIDE_STYLE('',(#2606));
#2608=SURFACE_STYLE_USAGE(.POSITIVE.,#2607);
#2609=FILL_AREA_STYLE_COLOUR('',#16);
#2610=FILL_AREA_STYLE('',(#2609));
#2611=SURFACE_STYLE_FILL_AREA(#2610);
#2612=SURFACE_SIDE_STYLE('',(#2611));
#2613=SURFACE_STYLE_USAGE(.NEGATIVE.,#2612);
#2614=PRESENTATION_STYLE_ASSIGNMENT((#2608,#2613));
#2615=OVER_RIDING_STYLED_ITEM('',(#2614),#2603,#18);
#2616=CARTESIAN_POINT('',(1.15E1,1.2E0,1.065E1));
#2617=DIRECTION('',(1.E0,0.E0,0.E0));
#2618=DIRECTION('',(0.E0,0.E0,-1.E0));
#2619=AXIS2_PLACEMENT_3D('',#2616,#2617,#2618);
#2620=PLANE('',#2619);
#2621=ORIENTED_EDGE('',*,*,#1830,.F.);
#2623=ORIENTED_EDGE('',*,*,#2622,.T.);
#2625=ORIENTED_EDGE('',*,*,#2624,.T.);
#2626=ORIENTED_EDGE('',*,*,#2595,.F.);
#2627=EDGE_LOOP('',(#2621,#2623,#2625,#2626));
#2628=FACE_OUTER_BOUND('',#2627,.F.);
#2630=FILL_AREA_STYLE_COLOUR('',#5);
#2631=FILL_AREA_STYLE('',(#2630));
#2632=SURFACE_STYLE_FILL_AREA(#2631);
#2633=SURFACE_SIDE_STYLE('',(#2632));
#2634=SURFACE_STYLE_USAGE(.POSITIVE.,#2633);
#2635=FILL_AREA_STYLE_COLOUR('',#16);
#2636=FILL_AREA_STYLE('',(#2635));
#2637=SURFACE_STYLE_FILL_AREA(#2636);
#2638=SURFACE_SIDE_STYLE('',(#2637));
#2639=SURFACE_STYLE_USAGE(.NEGATIVE.,#2638);
#2640=PRESENTATION_STYLE_ASSIGNMENT((#2634,#2639));
#2641=OVER_RIDING_STYLED_ITEM('',(#2640),#2629,#18);
#2642=CARTESIAN_POINT('',(9.5E0,1.2E0,1.065E1));
#2643=DIRECTION('',(0.E0,0.E0,1.E0));
#2644=DIRECTION('',(1.E0,0.E0,0.E0));
#2645=AXIS2_PLACEMENT_3D('',#2642,#2643,#2644);
#2646=PLANE('',#2645);
#2647=ORIENTED_EDGE('',*,*,#1828,.F.);
#2649=ORIENTED_EDGE('',*,*,#2648,.T.);
#2651=ORIENTED_EDGE('',*,*,#2650,.T.);
#2652=ORIENTED_EDGE('',*,*,#2622,.F.);
#2653=EDGE_LOOP('',(#2647,#2649,#2651,#2652));
#2654=FACE_OUTER_BOUND('',#2653,.F.);
#2656=FILL_AREA_STYLE_COLOUR('',#5);
#2657=FILL_AREA_STYLE('',(#2656));
#2658=SURFACE_STYLE_FILL_AREA(#2657);
#2659=SURFACE_SIDE_STYLE('',(#2658));
#2660=SURFACE_STYLE_USAGE(.POSITIVE.,#2659);
#2661=FILL_AREA_STYLE_COLOUR('',#16);
#2662=FILL_AREA_STYLE('',(#2661));
#2663=SURFACE_STYLE_FILL_AREA(#2662);
#2664=SURFACE_SIDE_STYLE('',(#2663));
#2665=SURFACE_STYLE_USAGE(.NEGATIVE.,#2664);
#2666=PRESENTATION_STYLE_ASSIGNMENT((#2660,#2665));
#2667=OVER_RIDING_STYLED_ITEM('',(#2666),#2655,#18);
#2668=CARTESIAN_POINT('',(9.5E0,1.2E0,9.85E0));
#2669=DIRECTION('',(-1.E0,0.E0,0.E0));
#2670=DIRECTION('',(0.E0,0.E0,1.E0));
#2671=AXIS2_PLACEMENT_3D('',#2668,#2669,#2670);
#2672=PLANE('',#2671);
#2673=ORIENTED_EDGE('',*,*,#1826,.F.);
#2674=ORIENTED_EDGE('',*,*,#2599,.T.);
#2676=ORIENTED_EDGE('',*,*,#2675,.T.);
#2677=ORIENTED_EDGE('',*,*,#2648,.F.);
#2678=EDGE_LOOP('',(#2673,#2674,#2676,#2677));
#2679=FACE_OUTER_BOUND('',#2678,.F.);
#2681=FILL_AREA_STYLE_COLOUR('',#5);
#2682=FILL_AREA_STYLE('',(#2681));
#2683=SURFACE_STYLE_FILL_AREA(#2682);
#2684=SURFACE_SIDE_STYLE('',(#2683));
#2685=SURFACE_STYLE_USAGE(.POSITIVE.,#2684);
#2686=FILL_AREA_STYLE_COLOUR('',#16);
#2687=FILL_AREA_STYLE('',(#2686));
#2688=SURFACE_STYLE_FILL_AREA(#2687);
#2689=SURFACE_SIDE_STYLE('',(#2688));
#2690=SURFACE_STYLE_USAGE(.NEGATIVE.,#2689);
#2691=PRESENTATION_STYLE_ASSIGNMENT((#2685,#2690));
#2692=OVER_RIDING_STYLED_ITEM('',(#2691),#2680,#18);
#2693=CARTESIAN_POINT('',(0.E0,1.8E0,0.E0));
#2694=DIRECTION('',(0.E0,1.E0,0.E0));
#2695=DIRECTION('',(0.E0,0.E0,1.E0));
#2696=AXIS2_PLACEMENT_3D('',#2693,#2694,#2695);
#2697=PLANE('',#2696);
#2698=ORIENTED_EDGE('',*,*,#2597,.F.);
#2699=ORIENTED_EDGE('',*,*,#2624,.F.);
#2700=ORIENTED_EDGE('',*,*,#2650,.F.);
#2701=ORIENTED_EDGE('',*,*,#2675,.F.);
#2702=EDGE_LOOP('',(#2698,#2699,#2700,#2701));
#2703=FACE_OUTER_BOUND('',#2702,.F.);
#2705=FILL_AREA_STYLE_COLOUR('',#5);
#2706=FILL_AREA_STYLE('',(#2705));
#2707=SURFACE_STYLE_FILL_AREA(#2706);
#2708=SURFACE_SIDE_STYLE('',(#2707));
#2709=SURFACE_STYLE_USAGE(.POSITIVE.,#2708);
#2710=FILL_AREA_STYLE_COLOUR('',#16);
#2711=FILL_AREA_STYLE('',(#2710));
#2712=SURFACE_STYLE_FILL_AREA(#2711);
#2713=SURFACE_SIDE_STYLE('',(#2712));
#2714=SURFACE_STYLE_USAGE(.NEGATIVE.,#2713);
#2715=PRESENTATION_STYLE_ASSIGNMENT((#2709,#2714));
#2716=OVER_RIDING_STYLED_ITEM('',(#2715),#2704,#18);
#2717=CARTESIAN_POINT('',(0.E0,1.8E0,0.E0));
#2718=DIRECTION('',(0.E0,1.E0,0.E0));
#2719=DIRECTION('',(0.E0,0.E0,1.E0));
#2720=AXIS2_PLACEMENT_3D('',#2717,#2718,#2719);
#2721=PLANE('',#2720);
#2723=ORIENTED_EDGE('',*,*,#2722,.F.);
#2725=ORIENTED_EDGE('',*,*,#2724,.F.);
#2727=ORIENTED_EDGE('',*,*,#2726,.F.);
#2729=ORIENTED_EDGE('',*,*,#2728,.F.);
#2730=EDGE_LOOP('',(#2723,#2725,#2727,#2729));
#2731=FACE_OUTER_BOUND('',#2730,.F.);
#2733=FILL_AREA_STYLE_COLOUR('',#5);
#2734=FILL_AREA_STYLE('',(#2733));
#2735=SURFACE_STYLE_FILL_AREA(#2734);
#2736=SURFACE_SIDE_STYLE('',(#2735));
#2737=SURFACE_STYLE_USAGE(.POSITIVE.,#2736);
#2738=FILL_AREA_STYLE_COLOUR('',#16);
#2739=FILL_AREA_STYLE('',(#2738));
#2740=SURFACE_STYLE_FILL_AREA(#2739);
#2741=SURFACE_SIDE_STYLE('',(#2740));
#2742=SURFACE_STYLE_USAGE(.NEGATIVE.,#2741);
#2743=PRESENTATION_STYLE_ASSIGNMENT((#2737,#2742));
#2744=OVER_RIDING_STYLED_ITEM('',(#2743),#2732,#18);
#2745=CARTESIAN_POINT('',(-1.15E1,1.2E0,9.85E0));
#2746=DIRECTION('',(-1.E0,0.E0,0.E0));
#2747=DIRECTION('',(0.E0,0.E0,1.E0));
#2748=AXIS2_PLACEMENT_3D('',#2745,#2746,#2747);
#2749=PLANE('',#2748);
#2750=ORIENTED_EDGE('',*,*,#1834,.F.);
#2752=ORIENTED_EDGE('',*,*,#2751,.T.);
#2753=ORIENTED_EDGE('',*,*,#2722,.T.);
#2755=ORIENTED_EDGE('',*,*,#2754,.F.);
#2756=EDGE_LOOP('',(#2750,#2752,#2753,#2755));
#2757=FACE_OUTER_BOUND('',#2756,.F.);
#2759=FILL_AREA_STYLE_COLOUR('',#5);
#2760=FILL_AREA_STYLE('',(#2759));
#2761=SURFACE_STYLE_FILL_AREA(#2760);
#2762=SURFACE_SIDE_STYLE('',(#2761));
#2763=SURFACE_STYLE_USAGE(.POSITIVE.,#2762);
#2764=FILL_AREA_STYLE_COLOUR('',#16);
#2765=FILL_AREA_STYLE('',(#2764));
#2766=SURFACE_STYLE_FILL_AREA(#2765);
#2767=SURFACE_SIDE_STYLE('',(#2766));
#2768=SURFACE_STYLE_USAGE(.NEGATIVE.,#2767);
#2769=PRESENTATION_STYLE_ASSIGNMENT((#2763,#2768));
#2770=OVER_RIDING_STYLED_ITEM('',(#2769),#2758,#18);
#2771=CARTESIAN_POINT('',(-9.5E0,1.2E0,9.85E0));
#2772=DIRECTION('',(0.E0,0.E0,-1.E0));
#2773=DIRECTION('',(-1.E0,0.E0,0.E0));
#2774=AXIS2_PLACEMENT_3D('',#2771,#2772,#2773);
#2775=PLANE('',#2774);
#2776=ORIENTED_EDGE('',*,*,#1840,.F.);
#2778=ORIENTED_EDGE('',*,*,#2777,.T.);
#2779=ORIENTED_EDGE('',*,*,#2724,.T.);
#2780=ORIENTED_EDGE('',*,*,#2751,.F.);
#2781=EDGE_LOOP('',(#2776,#2778,#2779,#2780));
#2782=FACE_OUTER_BOUND('',#2781,.F.);
#2784=FILL_AREA_STYLE_COLOUR('',#5);
#2785=FILL_AREA_STYLE('',(#2784));
#2786=SURFACE_STYLE_FILL_AREA(#2785);
#2787=SURFACE_SIDE_STYLE('',(#2786));
#2788=SURFACE_STYLE_USAGE(.POSITIVE.,#2787);
#2789=FILL_AREA_STYLE_COLOUR('',#16);
#2790=FILL_AREA_STYLE('',(#2789));
#2791=SURFACE_STYLE_FILL_AREA(#2790);
#2792=SURFACE_SIDE_STYLE('',(#2791));
#2793=SURFACE_STYLE_USAGE(.NEGATIVE.,#2792);
#2794=PRESENTATION_STYLE_ASSIGNMENT((#2788,#2793));
#2795=OVER_RIDING_STYLED_ITEM('',(#2794),#2783,#18);
#2796=CARTESIAN_POINT('',(-9.5E0,1.2E0,1.065E1));
#2797=DIRECTION('',(1.E0,0.E0,0.E0));
#2798=DIRECTION('',(0.E0,0.E0,-1.E0));
#2799=AXIS2_PLACEMENT_3D('',#2796,#2797,#2798);
#2800=PLANE('',#2799);
#2801=ORIENTED_EDGE('',*,*,#1838,.F.);
#2803=ORIENTED_EDGE('',*,*,#2802,.T.);
#2804=ORIENTED_EDGE('',*,*,#2726,.T.);
#2805=ORIENTED_EDGE('',*,*,#2777,.F.);
#2806=EDGE_LOOP('',(#2801,#2803,#2804,#2805));
#2807=FACE_OUTER_BOUND('',#2806,.F.);
#2809=FILL_AREA_STYLE_COLOUR('',#5);
#2810=FILL_AREA_STYLE('',(#2809));
#2811=SURFACE_STYLE_FILL_AREA(#2810);
#2812=SURFACE_SIDE_STYLE('',(#2811));
#2813=SURFACE_STYLE_USAGE(.POSITIVE.,#2812);
#2814=FILL_AREA_STYLE_COLOUR('',#16);
#2815=FILL_AREA_STYLE('',(#2814));
#2816=SURFACE_STYLE_FILL_AREA(#2815);
#2817=SURFACE_SIDE_STYLE('',(#2816));
#2818=SURFACE_STYLE_USAGE(.NEGATIVE.,#2817);
#2819=PRESENTATION_STYLE_ASSIGNMENT((#2813,#2818));
#2820=OVER_RIDING_STYLED_ITEM('',(#2819),#2808,#18);
#2821=CARTESIAN_POINT('',(-1.15E1,1.2E0,1.065E1));
#2822=DIRECTION('',(0.E0,0.E0,1.E0));
#2823=DIRECTION('',(1.E0,0.E0,0.E0));
#2824=AXIS2_PLACEMENT_3D('',#2821,#2822,#2823);
#2825=PLANE('',#2824);
#2826=ORIENTED_EDGE('',*,*,#1836,.F.);
#2827=ORIENTED_EDGE('',*,*,#2754,.T.);
#2828=ORIENTED_EDGE('',*,*,#2728,.T.);
#2829=ORIENTED_EDGE('',*,*,#2802,.F.);
#2830=EDGE_LOOP('',(#2826,#2827,#2828,#2829));
#2831=FACE_OUTER_BOUND('',#2830,.F.);
#2833=FILL_AREA_STYLE_COLOUR('',#5);
#2834=FILL_AREA_STYLE('',(#2833));
#2835=SURFACE_STYLE_FILL_AREA(#2834);
#2836=SURFACE_SIDE_STYLE('',(#2835));
#2837=SURFACE_STYLE_USAGE(.POSITIVE.,#2836);
#2838=FILL_AREA_STYLE_COLOUR('',#16);
#2839=FILL_AREA_STYLE('',(#2838));
#2840=SURFACE_STYLE_FILL_AREA(#2839);
#2841=SURFACE_SIDE_STYLE('',(#2840));
#2842=SURFACE_STYLE_USAGE(.NEGATIVE.,#2841);
#2843=PRESENTATION_STYLE_ASSIGNMENT((#2837,#2842));
#2844=OVER_RIDING_STYLED_ITEM('',(#2843),#2832,#18);
#2845=CARTESIAN_POINT('',(9.5E0,0.E0,1.02E1));
#2846=DIRECTION('',(0.E0,0.E0,1.E0));
#2847=DIRECTION('',(-1.E0,0.E0,0.E0));
#2848=AXIS2_PLACEMENT_3D('',#2845,#2846,#2847);
#2849=PLANE('',#2848);
#2850=ORIENTED_EDGE('',*,*,#1666,.F.);
#2852=ORIENTED_EDGE('',*,*,#2851,.T.);
#2854=ORIENTED_EDGE('',*,*,#2853,.T.);
#2856=ORIENTED_EDGE('',*,*,#2855,.F.);
#2857=EDGE_LOOP('',(#2850,#2852,#2854,#2856));
#2858=FACE_OUTER_BOUND('',#2857,.F.);
#2860=FILL_AREA_STYLE_COLOUR('',#12);
#2861=FILL_AREA_STYLE('',(#2860));
#2862=SURFACE_STYLE_FILL_AREA(#2861);
#2863=SURFACE_SIDE_STYLE('',(#2862));
#2864=SURFACE_STYLE_USAGE(.POSITIVE.,#2863);
#2865=FILL_AREA_STYLE_COLOUR('',#16);
#2866=FILL_AREA_STYLE('',(#2865));
#2867=SURFACE_STYLE_FILL_AREA(#2866);
#2868=SURFACE_SIDE_STYLE('',(#2867));
#2869=SURFACE_STYLE_USAGE(.NEGATIVE.,#2868);
#2870=PRESENTATION_STYLE_ASSIGNMENT((#2864,#2869));
#2871=OVER_RIDING_STYLED_ITEM('',(#2870),#2859,#18);
#2872=CARTESIAN_POINT('',(9.5E0,0.E0,-2.E0));
#2873=DIRECTION('',(1.E0,0.E0,0.E0));
#2874=DIRECTION('',(0.E0,0.E0,1.E0));
#2875=AXIS2_PLACEMENT_3D('',#2872,#2873,#2874);
#2876=PLANE('',#2875);
#2877=ORIENTED_EDGE('',*,*,#1672,.F.);
#2879=ORIENTED_EDGE('',*,*,#2878,.T.);
#2881=ORIENTED_EDGE('',*,*,#2880,.T.);
#2882=ORIENTED_EDGE('',*,*,#2851,.F.);
#2883=EDGE_LOOP('',(#2877,#2879,#2881,#2882));
#2884=FACE_OUTER_BOUND('',#2883,.F.);
#2886=FILL_AREA_STYLE_COLOUR('',#12);
#2887=FILL_AREA_STYLE('',(#2886));
#2888=SURFACE_STYLE_FILL_AREA(#2887);
#2889=SURFACE_SIDE_STYLE('',(#2888));
#2890=SURFACE_STYLE_USAGE(.POSITIVE.,#2889);
#2891=FILL_AREA_STYLE_COLOUR('',#16);
#2892=FILL_AREA_STYLE('',(#2891));
#2893=SURFACE_STYLE_FILL_AREA(#2892);
#2894=SURFACE_SIDE_STYLE('',(#2893));
#2895=SURFACE_STYLE_USAGE(.NEGATIVE.,#2894);
#2896=PRESENTATION_STYLE_ASSIGNMENT((#2890,#2895));
#2897=OVER_RIDING_STYLED_ITEM('',(#2896),#2885,#18);
#2898=CARTESIAN_POINT('',(-6.5E0,0.E0,-2.E0));
#2899=DIRECTION('',(0.E0,0.E0,-1.E0));
#2900=DIRECTION('',(1.E0,0.E0,0.E0));
#2901=AXIS2_PLACEMENT_3D('',#2898,#2899,#2900);
#2902=PLANE('',#2901);
#2903=ORIENTED_EDGE('',*,*,#1670,.F.);
#2905=ORIENTED_EDGE('',*,*,#2904,.T.);
#2907=ORIENTED_EDGE('',*,*,#2906,.T.);
#2908=ORIENTED_EDGE('',*,*,#2878,.F.);
#2909=EDGE_LOOP('',(#2903,#2905,#2907,#2908));
#2910=FACE_OUTER_BOUND('',#2909,.F.);
#2912=FILL_AREA_STYLE_COLOUR('',#12);
#2913=FILL_AREA_STYLE('',(#2912));
#2914=SURFACE_STYLE_FILL_AREA(#2913);
#2915=SURFACE_SIDE_STYLE('',(#2914));
#2916=SURFACE_STYLE_USAGE(.POSITIVE.,#2915);
#2917=FILL_AREA_STYLE_COLOUR('',#16);
#2918=FILL_AREA_STYLE('',(#2917));
#2919=SURFACE_STYLE_FILL_AREA(#2918);
#2920=SURFACE_SIDE_STYLE('',(#2919));
#2921=SURFACE_STYLE_USAGE(.NEGATIVE.,#2920);
#2922=PRESENTATION_STYLE_ASSIGNMENT((#2916,#2921));
#2923=OVER_RIDING_STYLED_ITEM('',(#2922),#2911,#18);
#2924=CARTESIAN_POINT('',(-6.5E0,0.E0,1.02E1));
#2925=DIRECTION('',(-1.E0,0.E0,0.E0));
#2926=DIRECTION('',(0.E0,0.E0,-1.E0));
#2927=AXIS2_PLACEMENT_3D('',#2924,#2925,#2926);
#2928=PLANE('',#2927);
#2929=ORIENTED_EDGE('',*,*,#1668,.F.);
#2930=ORIENTED_EDGE('',*,*,#2855,.T.);
#2932=ORIENTED_EDGE('',*,*,#2931,.T.);
#2933=ORIENTED_EDGE('',*,*,#2904,.F.);
#2934=EDGE_LOOP('',(#2929,#2930,#2932,#2933));
#2935=FACE_OUTER_BOUND('',#2934,.F.);
#2937=FILL_AREA_STYLE_COLOUR('',#12);
#2938=FILL_AREA_STYLE('',(#2937));
#2939=SURFACE_STYLE_FILL_AREA(#2938);
#2940=SURFACE_SIDE_STYLE('',(#2939));
#2941=SURFACE_STYLE_USAGE(.POSITIVE.,#2940);
#2942=FILL_AREA_STYLE_COLOUR('',#16);
#2943=FILL_AREA_STYLE('',(#2942));
#2944=SURFACE_STYLE_FILL_AREA(#2943);
#2945=SURFACE_SIDE_STYLE('',(#2944));
#2946=SURFACE_STYLE_USAGE(.NEGATIVE.,#2945);
#2947=PRESENTATION_STYLE_ASSIGNMENT((#2941,#2946));
#2948=OVER_RIDING_STYLED_ITEM('',(#2947),#2936,#18);
#2949=CARTESIAN_POINT('',(0.E0,-2.4E0,0.E0));
#2950=DIRECTION('',(0.E0,-1.E0,0.E0));
#2951=DIRECTION('',(0.E0,0.E0,-1.E0));
#2952=AXIS2_PLACEMENT_3D('',#2949,#2950,#2951);
#2953=PLANE('',#2952);
#2954=ORIENTED_EDGE('',*,*,#2853,.F.);
#2955=ORIENTED_EDGE('',*,*,#2880,.F.);
#2956=ORIENTED_EDGE('',*,*,#2906,.F.);
#2957=ORIENTED_EDGE('',*,*,#2931,.F.);
#2958=EDGE_LOOP('',(#2954,#2955,#2956,#2957));
#2959=FACE_OUTER_BOUND('',#2958,.F.);
#2961=FILL_AREA_STYLE_COLOUR('',#12);
#2962=FILL_AREA_STYLE('',(#2961));
#2963=SURFACE_STYLE_FILL_AREA(#2962);
#2964=SURFACE_SIDE_STYLE('',(#2963));
#2965=SURFACE_STYLE_USAGE(.POSITIVE.,#2964);
#2966=FILL_AREA_STYLE_COLOUR('',#16);
#2967=FILL_AREA_STYLE('',(#2966));
#2968=SURFACE_STYLE_FILL_AREA(#2967);
#2969=SURFACE_SIDE_STYLE('',(#2968));
#2970=SURFACE_STYLE_USAGE(.NEGATIVE.,#2969);
#2971=PRESENTATION_STYLE_ASSIGNMENT((#2965,#2970));
#2972=OVER_RIDING_STYLED_ITEM('',(#2971),#2960,#18);
#2973=CARTESIAN_POINT('',(5.177350454833E0,0.E0,-1.26E1));
#2974=DIRECTION('',(0.E0,0.E0,1.E0));
#2975=DIRECTION('',(-1.E0,0.E0,0.E0));
#2976=AXIS2_PLACEMENT_3D('',#2973,#2974,#2975);
#2977=PLANE('',#2976);
#2978=ORIENTED_EDGE('',*,*,#1676,.F.);
#2980=ORIENTED_EDGE('',*,*,#2979,.T.);
#2982=ORIENTED_EDGE('',*,*,#2981,.T.);
#2984=ORIENTED_EDGE('',*,*,#2983,.F.);
#2985=EDGE_LOOP('',(#2978,#2980,#2982,#2984));
#2986=FACE_OUTER_BOUND('',#2985,.F.);
#2988=FILL_AREA_STYLE_COLOUR('',#12);
#2989=FILL_AREA_STYLE('',(#2988));
#2990=SURFACE_STYLE_FILL_AREA(#2989);
#2991=SURFACE_SIDE_STYLE('',(#2990));
#2992=SURFACE_STYLE_USAGE(.POSITIVE.,#2991);
#2993=FILL_AREA_STYLE_COLOUR('',#16);
#2994=FILL_AREA_STYLE('',(#2993));
#2995=SURFACE_STYLE_FILL_AREA(#2994);
#2996=SURFACE_SIDE_STYLE('',(#2995));
#2997=SURFACE_STYLE_USAGE(.NEGATIVE.,#2996);
#2998=PRESENTATION_STYLE_ASSIGNMENT((#2992,#2997));
#2999=OVER_RIDING_STYLED_ITEM('',(#2998),#2987,#18);
#3000=CARTESIAN_POINT('',(8.5E0,0.E0,-1.2E1));
#3001=DIRECTION('',(0.E0,-1.E0,0.E0));
#3002=DIRECTION('',(-1.E0,0.E0,0.E0));
#3003=AXIS2_PLACEMENT_3D('',#3000,#3001,#3002);
#3004=CYLINDRICAL_SURFACE('',#3003,3.5E0);
#3006=ORIENTED_EDGE('',*,*,#3005,.F.);
#3007=ORIENTED_EDGE('',*,*,#2979,.F.);
#3008=ORIENTED_EDGE('',*,*,#1694,.F.);
#3010=ORIENTED_EDGE('',*,*,#3009,.T.);
#3012=ORIENTED_EDGE('',*,*,#3011,.T.);
#3014=ORIENTED_EDGE('',*,*,#3013,.F.);
#3015=ORIENTED_EDGE('',*,*,#1682,.F.);
#3017=ORIENTED_EDGE('',*,*,#3016,.T.);
#3018=EDGE_LOOP('',(#3006,#3007,#3008,#3010,#3012,#3014,#3015,#3017));
#3019=FACE_OUTER_BOUND('',#3018,.F.);
#3021=FILL_AREA_STYLE_COLOUR('',#12);
#3022=FILL_AREA_STYLE('',(#3021));
#3023=SURFACE_STYLE_FILL_AREA(#3022);
#3024=SURFACE_SIDE_STYLE('',(#3023));
#3025=SURFACE_STYLE_USAGE(.POSITIVE.,#3024);
#3026=FILL_AREA_STYLE_COLOUR('',#16);
#3027=FILL_AREA_STYLE('',(#3026));
#3028=SURFACE_STYLE_FILL_AREA(#3027);
#3029=SURFACE_SIDE_STYLE('',(#3028));
#3030=SURFACE_STYLE_USAGE(.NEGATIVE.,#3029);
#3031=PRESENTATION_STYLE_ASSIGNMENT((#3025,#3030));
#3032=OVER_RIDING_STYLED_ITEM('',(#3031),#3020,#18);
#3033=CARTESIAN_POINT('',(0.E0,-2.E-1,0.E0));
#3034=DIRECTION('',(0.E0,-1.E0,0.E0));
#3035=DIRECTION('',(-1.E0,0.E0,0.E0));
#3036=AXIS2_PLACEMENT_3D('',#3033,#3034,#3035);
#3037=PLANE('',#3036);
#3038=ORIENTED_EDGE('',*,*,#3005,.T.);
#3040=ORIENTED_EDGE('',*,*,#3039,.F.);
#3042=ORIENTED_EDGE('',*,*,#3041,.F.);
#3043=ORIENTED_EDGE('',*,*,#2981,.F.);
#3044=EDGE_LOOP('',(#3038,#3040,#3042,#3043));
#3045=FACE_OUTER_BOUND('',#3044,.F.);
#3047=FILL_AREA_STYLE_COLOUR('',#12);
#3048=FILL_AREA_STYLE('',(#3047));
#3049=SURFACE_STYLE_FILL_AREA(#3048);
#3050=SURFACE_SIDE_STYLE('',(#3049));
#3051=SURFACE_STYLE_USAGE(.POSITIVE.,#3050);
#3052=FILL_AREA_STYLE_COLOUR('',#16);
#3053=FILL_AREA_STYLE('',(#3052));
#3054=SURFACE_STYLE_FILL_AREA(#3053);
#3055=SURFACE_SIDE_STYLE('',(#3054));
#3056=SURFACE_STYLE_USAGE(.NEGATIVE.,#3055);
#3057=PRESENTATION_STYLE_ASSIGNMENT((#3051,#3056));
#3058=OVER_RIDING_STYLED_ITEM('',(#3057),#3046,#18);
#3059=CARTESIAN_POINT('',(0.E0,-2.E-1,0.E0));
#3060=DIRECTION('',(0.E0,-1.E0,0.E0));
#3061=DIRECTION('',(-1.E0,0.E0,0.E0));
#3062=AXIS2_PLACEMENT_3D('',#3059,#3060,#3061);
#3063=PLANE('',#3062);
#3065=ORIENTED_EDGE('',*,*,#3064,.T.);
#3067=ORIENTED_EDGE('',*,*,#3066,.F.);
#3069=ORIENTED_EDGE('',*,*,#3068,.F.);
#3071=ORIENTED_EDGE('',*,*,#3070,.F.);
#3072=EDGE_LOOP('',(#3065,#3067,#3069,#3071));
#3073=FACE_OUTER_BOUND('',#3072,.F.);
#3075=FILL_AREA_STYLE_COLOUR('',#12);
#3076=FILL_AREA_STYLE('',(#3075));
#3077=SURFACE_STYLE_FILL_AREA(#3076);
#3078=SURFACE_SIDE_STYLE('',(#3077));
#3079=SURFACE_STYLE_USAGE(.POSITIVE.,#3078);
#3080=FILL_AREA_STYLE_COLOUR('',#16);
#3081=FILL_AREA_STYLE('',(#3080));
#3082=SURFACE_STYLE_FILL_AREA(#3081);
#3083=SURFACE_SIDE_STYLE('',(#3082));
#3084=SURFACE_STYLE_USAGE(.NEGATIVE.,#3083);
#3085=PRESENTATION_STYLE_ASSIGNMENT((#3079,#3084));
#3086=OVER_RIDING_STYLED_ITEM('',(#3085),#3074,#18);
#3087=CARTESIAN_POINT('',(2.877350454833E0,0.E0,-1.31E1));
#3088=DIRECTION('',(0.E0,0.E0,-1.E0));
#3089=DIRECTION('',(1.E0,0.E0,0.E0));
#3090=AXIS2_PLACEMENT_3D('',#3087,#3088,#3089);
#3091=PLANE('',#3090);
#3092=ORIENTED_EDGE('',*,*,#1680,.F.);
#3094=ORIENTED_EDGE('',*,*,#3093,.T.);
#3095=ORIENTED_EDGE('',*,*,#3039,.T.);
#3096=ORIENTED_EDGE('',*,*,#3016,.F.);
#3097=EDGE_LOOP('',(#3092,#3094,#3095,#3096));
#3098=FACE_OUTER_BOUND('',#3097,.F.);
#3100=FILL_AREA_STYLE_COLOUR('',#12);
#3101=FILL_AREA_STYLE('',(#3100));
#3102=SURFACE_STYLE_FILL_AREA(#3101);
#3103=SURFACE_SIDE_STYLE('',(#3102));
#3104=SURFACE_STYLE_USAGE(.POSITIVE.,#3103);
#3105=FILL_AREA_STYLE_COLOUR('',#16);
#3106=FILL_AREA_STYLE('',(#3105));
#3107=SURFACE_STYLE_FILL_AREA(#3106);
#3108=SURFACE_SIDE_STYLE('',(#3107));
#3109=SURFACE_STYLE_USAGE(.NEGATIVE.,#3108);
#3110=PRESENTATION_STYLE_ASSIGNMENT((#3104,#3109));
#3111=OVER_RIDING_STYLED_ITEM('',(#3110),#3099,#18);
#3112=CARTESIAN_POINT('',(2.877350454833E0,0.E0,-1.26E1));
#3113=DIRECTION('',(-1.E0,0.E0,0.E0));
#3114=DIRECTION('',(0.E0,0.E0,-1.E0));
#3115=AXIS2_PLACEMENT_3D('',#3112,#3113,#3114);
#3116=PLANE('',#3115);
#3117=ORIENTED_EDGE('',*,*,#1678,.F.);
#3118=ORIENTED_EDGE('',*,*,#2983,.T.);
#3119=ORIENTED_EDGE('',*,*,#3041,.T.);
#3120=ORIENTED_EDGE('',*,*,#3093,.F.);
#3121=EDGE_LOOP('',(#3117,#3118,#3119,#3120));
#3122=FACE_OUTER_BOUND('',#3121,.F.);
#3124=FILL_AREA_STYLE_COLOUR('',#12);
#3125=FILL_AREA_STYLE('',(#3124));
#3126=SURFACE_STYLE_FILL_AREA(#3125);
#3127=SURFACE_SIDE_STYLE('',(#3126));
#3128=SURFACE_STYLE_USAGE(.POSITIVE.,#3127);
#3129=FILL_AREA_STYLE_COLOUR('',#16);
#3130=FILL_AREA_STYLE('',(#3129));
#3131=SURFACE_STYLE_FILL_AREA(#3130);
#3132=SURFACE_SIDE_STYLE('',(#3131));
#3133=SURFACE_STYLE_USAGE(.NEGATIVE.,#3132);
#3134=PRESENTATION_STYLE_ASSIGNMENT((#3128,#3133));
#3135=OVER_RIDING_STYLED_ITEM('',(#3134),#3123,#18);
#3136=CARTESIAN_POINT('',(8.5E0,0.E0,-1.2E1));
#3137=DIRECTION('',(0.E0,-1.E0,0.E0));
#3138=DIRECTION('',(-1.E0,0.E0,0.E0));
#3139=AXIS2_PLACEMENT_3D('',#3136,#3137,#3138);
#3140=CYLINDRICAL_SURFACE('',#3139,3.5E0);
#3141=ORIENTED_EDGE('',*,*,#3064,.F.);
#3143=ORIENTED_EDGE('',*,*,#3142,.F.);
#3144=ORIENTED_EDGE('',*,*,#1684,.F.);
#3145=ORIENTED_EDGE('',*,*,#3013,.T.);
#3147=ORIENTED_EDGE('',*,*,#3146,.T.);
#3148=ORIENTED_EDGE('',*,*,#3009,.F.);
#3149=ORIENTED_EDGE('',*,*,#1692,.F.);
#3151=ORIENTED_EDGE('',*,*,#3150,.T.);
#3152=EDGE_LOOP('',(#3141,#3143,#3144,#3145,#3147,#3148,#3149,#3151));
#3153=FACE_OUTER_BOUND('',#3152,.F.);
#3155=FILL_AREA_STYLE_COLOUR('',#12);
#3156=FILL_AREA_STYLE('',(#3155));
#3157=SURFACE_STYLE_FILL_AREA(#3156);
#3158=SURFACE_SIDE_STYLE('',(#3157));
#3159=SURFACE_STYLE_USAGE(.POSITIVE.,#3158);
#3160=FILL_AREA_STYLE_COLOUR('',#16);
#3161=FILL_AREA_STYLE('',(#3160));
#3162=SURFACE_STYLE_FILL_AREA(#3161);
#3163=SURFACE_SIDE_STYLE('',(#3162));
#3164=SURFACE_STYLE_USAGE(.NEGATIVE.,#3163);
#3165=PRESENTATION_STYLE_ASSIGNMENT((#3159,#3164));
#3166=OVER_RIDING_STYLED_ITEM('',(#3165),#3154,#18);
#3167=CARTESIAN_POINT('',(5.177350454833E0,0.E0,-1.09E1));
#3168=DIRECTION('',(0.E0,0.E0,1.E0));
#3169=DIRECTION('',(-1.E0,0.E0,0.E0));
#3170=AXIS2_PLACEMENT_3D('',#3167,#3168,#3169);
#3171=PLANE('',#3170);
#3172=ORIENTED_EDGE('',*,*,#1686,.F.);
#3173=ORIENTED_EDGE('',*,*,#3142,.T.);
#3174=ORIENTED_EDGE('',*,*,#3070,.T.);
#3176=ORIENTED_EDGE('',*,*,#3175,.F.);
#3177=EDGE_LOOP('',(#3172,#3173,#3174,#3176));
#3178=FACE_OUTER_BOUND('',#3177,.F.);
#3180=FILL_AREA_STYLE_COLOUR('',#12);
#3181=FILL_AREA_STYLE('',(#3180));
#3182=SURFACE_STYLE_FILL_AREA(#3181);
#3183=SURFACE_SIDE_STYLE('',(#3182));
#3184=SURFACE_STYLE_USAGE(.POSITIVE.,#3183);
#3185=FILL_AREA_STYLE_COLOUR('',#16);
#3186=FILL_AREA_STYLE('',(#3185));
#3187=SURFACE_STYLE_FILL_AREA(#3186);
#3188=SURFACE_SIDE_STYLE('',(#3187));
#3189=SURFACE_STYLE_USAGE(.NEGATIVE.,#3188);
#3190=PRESENTATION_STYLE_ASSIGNMENT((#3184,#3189));
#3191=OVER_RIDING_STYLED_ITEM('',(#3190),#3179,#18);
#3192=CARTESIAN_POINT('',(2.877350454833E0,0.E0,-1.09E1));
#3193=DIRECTION('',(-1.E0,0.E0,0.E0));
#3194=DIRECTION('',(0.E0,0.E0,-1.E0));
#3195=AXIS2_PLACEMENT_3D('',#3192,#3193,#3194);
#3196=PLANE('',#3195);
#3197=ORIENTED_EDGE('',*,*,#1688,.F.);
#3198=ORIENTED_EDGE('',*,*,#3175,.T.);
#3199=ORIENTED_EDGE('',*,*,#3068,.T.);
#3201=ORIENTED_EDGE('',*,*,#3200,.F.);
#3202=EDGE_LOOP('',(#3197,#3198,#3199,#3201));
#3203=FACE_OUTER_BOUND('',#3202,.F.);
#3205=FILL_AREA_STYLE_COLOUR('',#12);
#3206=FILL_AREA_STYLE('',(#3205));
#3207=SURFACE_STYLE_FILL_AREA(#3206);
#3208=SURFACE_SIDE_STYLE('',(#3207));
#3209=SURFACE_STYLE_USAGE(.POSITIVE.,#3208);
#3210=FILL_AREA_STYLE_COLOUR('',#16);
#3211=FILL_AREA_STYLE('',(#3210));
#3212=SURFACE_STYLE_FILL_AREA(#3211);
#3213=SURFACE_SIDE_STYLE('',(#3212));
#3214=SURFACE_STYLE_USAGE(.NEGATIVE.,#3213);
#3215=PRESENTATION_STYLE_ASSIGNMENT((#3209,#3214));
#3216=OVER_RIDING_STYLED_ITEM('',(#3215),#3204,#18);
#3217=CARTESIAN_POINT('',(2.877350454833E0,0.E0,-1.14E1));
#3218=DIRECTION('',(0.E0,0.E0,-1.E0));
#3219=DIRECTION('',(1.E0,0.E0,0.E0));
#3220=AXIS2_PLACEMENT_3D('',#3217,#3218,#3219);
#3221=PLANE('',#3220);
#3222=ORIENTED_EDGE('',*,*,#1690,.F.);
#3223=ORIENTED_EDGE('',*,*,#3200,.T.);
#3224=ORIENTED_EDGE('',*,*,#3066,.T.);
#3225=ORIENTED_EDGE('',*,*,#3150,.F.);
#3226=EDGE_LOOP('',(#3222,#3223,#3224,#3225));
#3227=FACE_OUTER_BOUND('',#3226,.F.);
#3229=FILL_AREA_STYLE_COLOUR('',#12);
#3230=FILL_AREA_STYLE('',(#3229));
#3231=SURFACE_STYLE_FILL_AREA(#3230);
#3232=SURFACE_SIDE_STYLE('',(#3231));
#3233=SURFACE_STYLE_USAGE(.POSITIVE.,#3232);
#3234=FILL_AREA_STYLE_COLOUR('',#16);
#3235=FILL_AREA_STYLE('',(#3234));
#3236=SURFACE_STYLE_FILL_AREA(#3235);
#3237=SURFACE_SIDE_STYLE('',(#3236));
#3238=SURFACE_STYLE_USAGE(.NEGATIVE.,#3237);
#3239=PRESENTATION_STYLE_ASSIGNMENT((#3233,#3238));
#3240=OVER_RIDING_STYLED_ITEM('',(#3239),#3228,#18);
#3241=CARTESIAN_POINT('',(0.E0,-2.5E0,0.E0));
#3242=DIRECTION('',(0.E0,-1.E0,0.E0));
#3243=DIRECTION('',(-1.E0,0.E0,0.E0));
#3244=AXIS2_PLACEMENT_3D('',#3241,#3242,#3243);
#3245=PLANE('',#3244);
#3246=ORIENTED_EDGE('',*,*,#3011,.F.);
#3247=ORIENTED_EDGE('',*,*,#3146,.F.);
#3248=EDGE_LOOP('',(#3246,#3247));
#3249=FACE_OUTER_BOUND('',#3248,.F.);
#3251=FILL_AREA_STYLE_COLOUR('',#12);
#3252=FILL_AREA_STYLE('',(#3251));
#3253=SURFACE_STYLE_FILL_AREA(#3252);
#3254=SURFACE_SIDE_STYLE('',(#3253));
#3255=SURFACE_STYLE_USAGE(.POSITIVE.,#3254);
#3256=FILL_AREA_STYLE_COLOUR('',#16);
#3257=FILL_AREA_STYLE('',(#3256));
#3258=SURFACE_STYLE_FILL_AREA(#3257);
#3259=SURFACE_SIDE_STYLE('',(#3258));
#3260=SURFACE_STYLE_USAGE(.NEGATIVE.,#3259);
#3261=PRESENTATION_STYLE_ASSIGNMENT((#3255,#3260));
#3262=OVER_RIDING_STYLED_ITEM('',(#3261),#3250,#18);
#3263=CARTESIAN_POINT('',(-1.E1,0.E0,-1.35E1));
#3264=DIRECTION('',(0.E0,0.E0,-1.E0));
#3265=DIRECTION('',(1.E0,0.E0,0.E0));
#3266=AXIS2_PLACEMENT_3D('',#3263,#3264,#3265);
#3267=PLANE('',#3266);
#3268=ORIENTED_EDGE('',*,*,#1698,.F.);
#3270=ORIENTED_EDGE('',*,*,#3269,.T.);
#3272=ORIENTED_EDGE('',*,*,#3271,.T.);
#3274=ORIENTED_EDGE('',*,*,#3273,.F.);
#3275=EDGE_LOOP('',(#3268,#3270,#3272,#3274));
#3276=FACE_OUTER_BOUND('',#3275,.F.);
#3278=FILL_AREA_STYLE_COLOUR('',#15);
#3279=FILL_AREA_STYLE('',(#3278));
#3280=SURFACE_STYLE_FILL_AREA(#3279);
#3281=SURFACE_SIDE_STYLE('',(#3280));
#3282=SURFACE_STYLE_USAGE(.POSITIVE.,#3281);
#3283=FILL_AREA_STYLE_COLOUR('',#16);
#3284=FILL_AREA_STYLE('',(#3283));
#3285=SURFACE_STYLE_FILL_AREA(#3284);
#3286=SURFACE_SIDE_STYLE('',(#3285));
#3287=SURFACE_STYLE_USAGE(.NEGATIVE.,#3286);
#3288=PRESENTATION_STYLE_ASSIGNMENT((#3282,#3287));
#3289=OVER_RIDING_STYLED_ITEM('',(#3288),#3277,#18);
#3290=CARTESIAN_POINT('',(-1.E1,0.E0,-1.05E1));
#3291=DIRECTION('',(-1.E0,0.E0,0.E0));
#3292=DIRECTION('',(0.E0,0.E0,-1.E0));
#3293=AXIS2_PLACEMENT_3D('',#3290,#3291,#3292);
#3294=PLANE('',#3293);
#3295=ORIENTED_EDGE('',*,*,#1704,.F.);
#3297=ORIENTED_EDGE('',*,*,#3296,.T.);
#3299=ORIENTED_EDGE('',*,*,#3298,.T.);
#3300=ORIENTED_EDGE('',*,*,#3269,.F.);
#3301=EDGE_LOOP('',(#3295,#3297,#3299,#3300));
#3302=FACE_OUTER_BOUND('',#3301,.F.);
#3304=FILL_AREA_STYLE_COLOUR('',#15);
#3305=FILL_AREA_STYLE('',(#3304));
#3306=SURFACE_STYLE_FILL_AREA(#3305);
#3307=SURFACE_SIDE_STYLE('',(#3306));
#3308=SURFACE_STYLE_USAGE(.POSITIVE.,#3307);
#3309=FILL_AREA_STYLE_COLOUR('',#16);
#3310=FILL_AREA_STYLE('',(#3309));
#3311=SURFACE_STYLE_FILL_AREA(#3310);
#3312=SURFACE_SIDE_STYLE('',(#3311));
#3313=SURFACE_STYLE_USAGE(.NEGATIVE.,#3312);
#3314=PRESENTATION_STYLE_ASSIGNMENT((#3308,#3313));
#3315=OVER_RIDING_STYLED_ITEM('',(#3314),#3303,#18);
#3316=CARTESIAN_POINT('',(-7.E0,0.E0,-1.05E1));
#3317=DIRECTION('',(0.E0,0.E0,1.E0));
#3318=DIRECTION('',(-1.E0,0.E0,0.E0));
#3319=AXIS2_PLACEMENT_3D('',#3316,#3317,#3318);
#3320=PLANE('',#3319);
#3321=ORIENTED_EDGE('',*,*,#1702,.F.);
#3323=ORIENTED_EDGE('',*,*,#3322,.T.);
#3325=ORIENTED_EDGE('',*,*,#3324,.T.);
#3326=ORIENTED_EDGE('',*,*,#3296,.F.);
#3327=EDGE_LOOP('',(#3321,#3323,#3325,#3326));
#3328=FACE_OUTER_BOUND('',#3327,.F.);
#3330=FILL_AREA_STYLE_COLOUR('',#15);
#3331=FILL_AREA_STYLE('',(#3330));
#3332=SURFACE_STYLE_FILL_AREA(#3331);
#3333=SURFACE_SIDE_STYLE('',(#3332));
#3334=SURFACE_STYLE_USAGE(.POSITIVE.,#3333);
#3335=FILL_AREA_STYLE_COLOUR('',#16);
#3336=FILL_AREA_STYLE('',(#3335));
#3337=SURFACE_STYLE_FILL_AREA(#3336);
#3338=SURFACE_SIDE_STYLE('',(#3337));
#3339=SURFACE_STYLE_USAGE(.NEGATIVE.,#3338);
#3340=PRESENTATION_STYLE_ASSIGNMENT((#3334,#3339));
#3341=OVER_RIDING_STYLED_ITEM('',(#3340),#3329,#18);
#3342=CARTESIAN_POINT('',(-7.E0,0.E0,-1.35E1));
#3343=DIRECTION('',(1.E0,0.E0,0.E0));
#3344=DIRECTION('',(0.E0,0.E0,1.E0));
#3345=AXIS2_PLACEMENT_3D('',#3342,#3343,#3344);
#3346=PLANE('',#3345);
#3347=ORIENTED_EDGE('',*,*,#1700,.F.);
#3348=ORIENTED_EDGE('',*,*,#3273,.T.);
#3350=ORIENTED_EDGE('',*,*,#3349,.T.);
#3351=ORIENTED_EDGE('',*,*,#3322,.F.);
#3352=EDGE_LOOP('',(#3347,#3348,#3350,#3351));
#3353=FACE_OUTER_BOUND('',#3352,.F.);
#3355=FILL_AREA_STYLE_COLOUR('',#15);
#3356=FILL_AREA_STYLE('',(#3355));
#3357=SURFACE_STYLE_FILL_AREA(#3356);
#3358=SURFACE_SIDE_STYLE('',(#3357));
#3359=SURFACE_STYLE_USAGE(.POSITIVE.,#3358);
#3360=FILL_AREA_STYLE_COLOUR('',#16);
#3361=FILL_AREA_STYLE('',(#3360));
#3362=SURFACE_STYLE_FILL_AREA(#3361);
#3363=SURFACE_SIDE_STYLE('',(#3362));
#3364=SURFACE_STYLE_USAGE(.NEGATIVE.,#3363);
#3365=PRESENTATION_STYLE_ASSIGNMENT((#3359,#3364));
#3366=OVER_RIDING_STYLED_ITEM('',(#3365),#3354,#18);
#3367=CARTESIAN_POINT('',(0.E0,-1.E0,0.E0));
#3368=DIRECTION('',(0.E0,-1.E0,0.E0));
#3369=DIRECTION('',(0.E0,0.E0,1.E0));
#3370=AXIS2_PLACEMENT_3D('',#3367,#3368,#3369);
#3371=PLANE('',#3370);
#3372=ORIENTED_EDGE('',*,*,#3271,.F.);
#3373=ORIENTED_EDGE('',*,*,#3298,.F.);
#3374=ORIENTED_EDGE('',*,*,#3324,.F.);
#3375=ORIENTED_EDGE('',*,*,#3349,.F.);
#3376=EDGE_LOOP('',(#3372,#3373,#3374,#3375));
#3377=FACE_OUTER_BOUND('',#3376,.F.);
#3379=FILL_AREA_STYLE_COLOUR('',#15);
#3380=FILL_AREA_STYLE('',(#3379));
#3381=SURFACE_STYLE_FILL_AREA(#3380);
#3382=SURFACE_SIDE_STYLE('',(#3381));
#3383=SURFACE_STYLE_USAGE(.POSITIVE.,#3382);
#3384=FILL_AREA_STYLE_COLOUR('',#16);
#3385=FILL_AREA_STYLE('',(#3384));
#3386=SURFACE_STYLE_FILL_AREA(#3385);
#3387=SURFACE_SIDE_STYLE('',(#3386));
#3388=SURFACE_STYLE_USAGE(.NEGATIVE.,#3387);
#3389=PRESENTATION_STYLE_ASSIGNMENT((#3383,#3388));
#3390=OVER_RIDING_STYLED_ITEM('',(#3389),#3378,#18);
#3391=CLOSED_SHELL('',(#1708,#1735,#1760,#1844,#1870,#1894,#1920,#1933,#1946,
#1959,#1972,#1985,#1998,#2010,#2025,#2051,#2077,#2103,#2129,#2155,#2181,#2206,
#2266,#2293,#2336,#2362,#2375,#2388,#2401,#2414,#2427,#2439,#2452,#2465,#2478,
#2491,#2504,#2517,#2529,#2544,#2562,#2581,#2603,#2629,#2655,#2680,#2704,#2732,
#2758,#2783,#2808,#2832,#2859,#2885,#2911,#2936,#2960,#2987,#3020,#3046,#3074,
#3099,#3123,#3154,#3179,#3204,#3228,#3250,#3277,#3303,#3329,#3354,#3378));
#3392=MANIFOLD_SOLID_BREP('',#3391);
#3393=FILL_AREA_STYLE_COLOUR('',#16);
#3394=FILL_AREA_STYLE('',(#3393));
#3395=SURFACE_STYLE_FILL_AREA(#3394);
#3396=SURFACE_SIDE_STYLE('',(#3395));
#3397=SURFACE_STYLE_USAGE(.BOTH.,#3396);
#3398=PRESENTATION_STYLE_ASSIGNMENT((#3397));
#18=STYLED_ITEM('',(#3398),#3392);
#3401=PLANE_ANGLE_MEASURE_WITH_UNIT(PLANE_ANGLE_MEASURE(1.745329251994E-2),
#3400);
#3402=(CONVERSION_BASED_UNIT('DEGREE',#3401)NAMED_UNIT(*)PLANE_ANGLE_UNIT());
#3404=UNCERTAINTY_MEASURE_WITH_UNIT(LENGTH_MEASURE(4.228081099105E-3),#3399,
'distance_accuracy_value',
'Maximum model space distance between geometric entities at asserted connectivities');
#3406=CARTESIAN_POINT('',(0.E0,0.E0,0.E0));
#3407=DIRECTION('',(0.E0,0.E0,1.E0));
#3408=DIRECTION('',(1.E0,0.E0,0.E0));
#3411=APPLICATION_CONTEXT('automotive_design');
#3412=APPLICATION_PROTOCOL_DEFINITION('international standard',
'automotive_design',2001,#3411);
#3413=PRODUCT_DEFINITION_CONTEXT('part definition',#3411,'design');
#3414=PRODUCT_CONTEXT('',#3411,'mechanical');
#3415=PRODUCT('PCBA-GPS-M10','PCBA-GPS-M10','NOT SPECIFIED',(#3414));
#3416=PRODUCT_DEFINITION_FORMATION('16','LAST_VERSION',#3415);
#3424=DERIVED_UNIT_ELEMENT(#3423,2.E0);
#3425=DERIVED_UNIT((#3424));
#3426=MEASURE_REPRESENTATION_ITEM('surface area measure',AREA_MEASURE(
2.260025585158E3),#3425);
#3431=DERIVED_UNIT_ELEMENT(#3430,3.E0);
#3432=DERIVED_UNIT((#3431));
#3433=MEASURE_REPRESENTATION_ITEM('volume measure',VOLUME_MEASURE(
3.906397855840E3),#3432);
#3437=CARTESIAN_POINT('centre point',(3.714037969997E-1,1.931612741915E0,
-2.088857319756E0));
#3442=DERIVED_UNIT_ELEMENT(#3441,2.E0);
#3443=DERIVED_UNIT((#3442));
#3444=MEASURE_REPRESENTATION_ITEM('surface area measure',AREA_MEASURE(
2.260025585158E3),#3443);
#3449=DERIVED_UNIT_ELEMENT(#3448,3.E0);
#3450=DERIVED_UNIT((#3449));
#3451=MEASURE_REPRESENTATION_ITEM('volume measure',VOLUME_MEASURE(
3.906397855840E3),#3450);
#3455=CARTESIAN_POINT('centre point',(3.714037969997E-1,1.931612741915E0,
-2.088857319756E0));
#3460=(GEOMETRIC_REPRESENTATION_CONTEXT(2)PARAMETRIC_REPRESENTATION_CONTEXT()REPRESENTATION_CONTEXT('2D coordinate system context','2'));
#3461=DRAUGHTING_MODEL('Default',(#3473,#3474,#3490),#3460);
#3462=PRESENTATION_VIEW('Default',(#3481,#3494),#3460);
#3463=CARTESIAN_POINT('',(0.E0,0.E0,0.E0));
#3464=CARTESIAN_POINT('',(-2.336084050168E1,-1.818090814981E1,
8.260613733788E1));
#3465=DIRECTION('',(0.E0,0.E0,1.E0));
#3466=DIRECTION('',(1.E0,0.E0,0.E0));
#3467=AXIS2_PLACEMENT_3D('',#3464,#3465,#3466);
#3469=VIEW_VOLUME(.PARALLEL.,#3463,8.260613733788E1,8.260613733788E1,.T.,0.E0,
.F.,.T.,#3468);
#3470=CARTESIAN_POINT('',(1.919184052190E1,5.181909748880E1,6.791827066812E1));
#3471=DIRECTION('',(4.694715627859E-1,6.763770970749E-1,5.675477726923E-1));
#3472=DIRECTION('',(8.829475928589E-1,-3.596360818745E-1,-3.017705036589E-1));
#3473=AXIS2_PLACEMENT_3D('',#3470,#3471,#3472);
#3474=CAMERA_MODEL_D3_WITH_HLHSR('DEFAULT',#3473,#3469,.F.);
#3476=CARTESIAN_POINT('',(-5.264685607699E2,-4.097316852292E2,
1.861642530880E3));
#3477=DIRECTION('',(0.E0,0.E0,1.E0));
#3478=DIRECTION('',(1.E0,0.E0,0.E0));
#3479=AXIS2_PLACEMENT_3D('',#3476,#3477,#3478);
#3481=(CAMERA_IMAGE()CAMERA_IMAGE_3D_WITH_SCALE()GEOMETRIC_REPRESENTATION_ITEM()MAPPED_ITEM(#3475,#3480)REPRESENTATION_ITEM(''));
#3482=CARTESIAN_POINT('',(-2.336084050168E1,-1.818090814981E1,
8.260613733788E1));
#3483=DIRECTION('',(0.E0,0.E0,1.E0));
#3484=DIRECTION('',(1.E0,0.E0,0.E0));
#3485=AXIS2_PLACEMENT_3D('',#3482,#3483,#3484);
#3486=REPRESENTATION_MAP(#3485,#3410);
#3487=CARTESIAN_POINT('',(0.E0,0.E0));
#3488=DIRECTION('',(1.E0,0.E0));
#3489=AXIS2_PLACEMENT_2D('',#3487,#3488);
#3490=MAPPED_ITEM('',#3486,#3489);
#3491=CARTESIAN_POINT('',(-2.336084050168E1,-1.818090814981E1,
8.260613733788E1));
#3492=DIRECTION('',(0.E0,0.E0,1.E0));
#3493=DIRECTION('',(1.E0,0.E0,0.E0));
#3494=AXIS2_PLACEMENT_3D('',#3491,#3492,#3493);
#3495=REPRESENTATION_MAP(#3494,#3462);
#3496=CARTESIAN_POINT('',(0.E0,0.E0));
#3497=DIRECTION('',(1.E0,0.E0));
#3498=AXIS2_PLACEMENT_2D('',#3496,#3497);
#3499=MAPPED_ITEM('',#3495,#3498);
#3501=CARTESIAN_POINT('',(0.E0,0.E0));
#3502=DIRECTION('',(1.E0,0.E0));
#3503=AXIS2_PLACEMENT_2D('',#3501,#3502);
#3504=PLANAR_BOX('',1.E3,8.4375E2,#3503);
#3505=PRESENTATION_SIZE(#3500,#3504);
#3506=PRESENTATION_SET();
#3507=AREA_IN_SET(#3500,#3506);
#3509=GENERAL_PROPERTY('','DRAW','user defined attribute');
#3510=GENERAL_PROPERTY_ASSOCIATION('user defined attribute','',#3509,#3508);
#3511=DESCRIPTIVE_REPRESENTATION_ITEM('DRAW','');
#3515=GENERAL_PROPERTY('','MANAGER','user defined attribute');
#3516=GENERAL_PROPERTY_ASSOCIATION('user defined attribute','',#3515,#3514);
#3517=DESCRIPTIVE_REPRESENTATION_ITEM('MANAGER','');
#3521=GENERAL_PROPERTY('','PART_NO','user defined attribute');
#3522=GENERAL_PROPERTY_ASSOCIATION('user defined attribute','',#3521,#3520);
#3523=DESCRIPTIVE_REPRESENTATION_ITEM('PART_NO','');
#3527=GENERAL_PROPERTY('','PROJECT','user defined attribute');
#3528=GENERAL_PROPERTY_ASSOCIATION('user defined attribute','',#3527,#3526);
#3529=DESCRIPTIVE_REPRESENTATION_ITEM('PROJECT','');
#3533=GENERAL_PROPERTY('','PTC_COMMON_NAME','user defined attribute');
#3534=GENERAL_PROPERTY_ASSOCIATION('user defined attribute','',#3533,#3532);
#3535=DESCRIPTIVE_REPRESENTATION_ITEM('PTC_COMMON_NAME','pcba-gps-m10.prt');
#3538=APPLIED_PRESENTED_ITEM((#3417));
#3539=PRESENTED_ITEM_REPRESENTATION(#3506,#3538);
#3545=CARTESIAN_POINT('centre point',(3.714037969997E-1,1.931612741915E0,
-2.088857319756E0));
#3549=CARTESIAN_POINT('',(0.E0,0.E0,0.E0));
#3550=DIRECTION('',(0.E0,0.E0,1.E0));
#3551=DIRECTION('',(1.E0,0.E0,0.E0));
#3552=AXIS2_PLACEMENT_3D('',#3549,#3550,#3551);
#3553=ITEM_DEFINED_TRANSFORMATION('','',#3409,#3552);
#3554=(REPRESENTATION_RELATIONSHIP('','',#3410,#3542)REPRESENTATION_RELATIONSHIP_WITH_TRANSFORMATION(#3553)SHAPE_REPRESENTATION_RELATIONSHIP());
#3555=CONTEXT_DEPENDENT_SHAPE_REPRESENTATION(#3554,#3544);
#3557=DIRECTION('',(1.E0,0.E0,0.E0));
#3558=VECTOR('',#3557,3.E-1);
#3559=CARTESIAN_POINT('',(-3.275E0,0.E0,1.525E0));
#3560=LINE('',#3559,#3558);
#3561=DIRECTION('',(1.E0,0.E0,0.E0));
#3562=VECTOR('',#3561,9.5E-1);
#3563=CARTESIAN_POINT('',(-2.975E0,0.E0,2.125E0));
#3564=LINE('',#3563,#3562);
#3565=DIRECTION('',(1.E0,0.E0,0.E0));
#3566=VECTOR('',#3565,3.E-1);
#3567=CARTESIAN_POINT('',(-2.025E0,0.E0,1.525E0));
#3568=LINE('',#3567,#3566);
#3569=DIRECTION('',(1.E0,0.E0,0.E0));
#3570=VECTOR('',#3569,9.5E-1);
#3571=CARTESIAN_POINT('',(-1.725E0,0.E0,2.125E0));
#3572=LINE('',#3571,#3570);
#3573=DIRECTION('',(1.E0,0.E0,0.E0));
#3574=VECTOR('',#3573,3.E-1);
#3575=CARTESIAN_POINT('',(-7.75E-1,0.E0,1.525E0));
#3576=LINE('',#3575,#3574);
#3577=DIRECTION('',(1.E0,0.E0,0.E0));
#3578=VECTOR('',#3577,9.5E-1);
#3579=CARTESIAN_POINT('',(-4.75E-1,0.E0,2.125E0));
#3580=LINE('',#3579,#3578);
#3581=DIRECTION('',(1.E0,0.E0,0.E0));
#3582=VECTOR('',#3581,3.E-1);
#3583=CARTESIAN_POINT('',(4.75E-1,0.E0,1.525E0));
#3584=LINE('',#3583,#3582);
#3585=DIRECTION('',(1.E0,0.E0,0.E0));
#3586=VECTOR('',#3585,9.5E-1);
#3587=CARTESIAN_POINT('',(7.75E-1,0.E0,2.125E0));
#3588=LINE('',#3587,#3586);
#3589=DIRECTION('',(1.E0,0.E0,0.E0));
#3590=VECTOR('',#3589,3.E-1);
#3591=CARTESIAN_POINT('',(1.725E0,0.E0,1.525E0));
#3592=LINE('',#3591,#3590);
#3593=DIRECTION('',(1.E0,0.E0,0.E0));
#3594=VECTOR('',#3593,9.5E-1);
#3595=CARTESIAN_POINT('',(2.025E0,0.E0,2.125E0));
#3596=LINE('',#3595,#3594);
#3597=DIRECTION('',(1.E0,0.E0,0.E0));
#3598=VECTOR('',#3597,3.E-1);
#3599=CARTESIAN_POINT('',(2.975E0,0.E0,1.525E0));
#3600=LINE('',#3599,#3598);
#3601=DIRECTION('',(1.E0,0.E0,0.E0));
#3602=VECTOR('',#3601,2.1E0);
#3603=CARTESIAN_POINT('',(3.275E0,0.E0,2.125E0));
#3604=LINE('',#3603,#3602);
#3605=DIRECTION('',(0.E0,0.E0,-1.E0));
#3606=VECTOR('',#3605,4.25E0);
#3607=CARTESIAN_POINT('',(5.375E0,0.E0,2.125E0));
#3608=LINE('',#3607,#3606);
#3609=DIRECTION('',(-1.E0,0.E0,0.E0));
#3610=VECTOR('',#3609,1.075E1);
#3611=CARTESIAN_POINT('',(5.375E0,0.E0,-2.125E0));
#3612=LINE('',#3611,#3610);
#3613=DIRECTION('',(0.E0,0.E0,1.E0));
#3614=VECTOR('',#3613,4.25E0);
#3615=CARTESIAN_POINT('',(-5.375E0,0.E0,-2.125E0));
#3616=LINE('',#3615,#3614);
#3617=DIRECTION('',(1.E0,0.E0,0.E0));
#3618=VECTOR('',#3617,2.1E0);
#3619=CARTESIAN_POINT('',(-5.375E0,0.E0,2.125E0));
#3620=LINE('',#3619,#3618);
#3621=DIRECTION('',(0.E0,0.E0,-1.E0));
#3622=VECTOR('',#3621,1.35E0);
#3623=CARTESIAN_POINT('',(3.525E0,0.E0,-3.75E-1));
#3624=LINE('',#3623,#3622);
#3625=DIRECTION('',(1.E0,0.E0,0.E0));
#3626=VECTOR('',#3625,7.05E0);
#3627=CARTESIAN_POINT('',(-3.525E0,0.E0,-3.75E-1));
#3628=LINE('',#3627,#3626);
#3629=DIRECTION('',(0.E0,0.E0,1.E0));
#3630=VECTOR('',#3629,1.35E0);
#3631=CARTESIAN_POINT('',(-3.525E0,0.E0,-1.725E0));
#3632=LINE('',#3631,#3630);
#3633=DIRECTION('',(-1.E0,0.E0,0.E0));
#3634=VECTOR('',#3633,7.05E0);
#3635=CARTESIAN_POINT('',(3.525E0,0.E0,-1.725E0));
#3636=LINE('',#3635,#3634);
#3637=DIRECTION('',(0.E0,-7.071067811865E-1,7.071067811865E-1));
#3638=VECTOR('',#3637,4.242640687119E-1);
#3639=CARTESIAN_POINT('',(-3.275E0,0.E0,1.525E0));
#3640=LINE('',#3639,#3638);
#3641=DIRECTION('',(0.E0,7.071067811865E-1,-7.071067811865E-1));
#3642=VECTOR('',#3641,4.242640687119E-1);
#3643=CARTESIAN_POINT('',(-2.975E0,-3.E-1,1.825E0));
#3644=LINE('',#3643,#3642);
#3645=DIRECTION('',(0.E0,0.E0,1.E0));
#3646=VECTOR('',#3645,6.E-1);
#3647=CARTESIAN_POINT('',(-3.275E0,0.E0,1.525E0));
#3648=LINE('',#3647,#3646);
#3649=DIRECTION('',(0.E0,0.E0,1.E0));
#3650=VECTOR('',#3649,3.E-1);
#3651=CARTESIAN_POINT('',(-3.275E0,-7.E-1,1.825E0));
#3652=LINE('',#3651,#3650);
#3653=DIRECTION('',(0.E0,1.E0,0.E0));
#3654=VECTOR('',#3653,4.E-1);
#3655=CARTESIAN_POINT('',(-2.975E0,-7.E-1,1.825E0));
#3656=LINE('',#3655,#3654);
#3657=DIRECTION('',(1.E0,0.E0,0.E0));
#3658=VECTOR('',#3657,3.E-1);
#3659=CARTESIAN_POINT('',(-3.275E0,-3.E-1,1.825E0));
#3660=LINE('',#3659,#3658);
#3661=DIRECTION('',(0.E0,-1.E0,0.E0));
#3662=VECTOR('',#3661,4.E-1);
#3663=CARTESIAN_POINT('',(-3.275E0,-3.E-1,1.825E0));
#3664=LINE('',#3663,#3662);
#3665=DIRECTION('',(1.E0,0.E0,0.E0));
#3666=VECTOR('',#3665,3.E-1);
#3667=CARTESIAN_POINT('',(-3.275E0,-7.E-1,1.825E0));
#3668=LINE('',#3667,#3666);
#3669=DIRECTION('',(0.E0,0.E0,-1.E0));
#3670=VECTOR('',#3669,6.E-1);
#3671=CARTESIAN_POINT('',(-2.975E0,0.E0,2.125E0));
#3672=LINE('',#3671,#3670);
#3673=DIRECTION('',(0.E0,0.E0,1.E0));
#3674=VECTOR('',#3673,3.E-1);
#3675=CARTESIAN_POINT('',(-2.975E0,-7.E-1,1.825E0));
#3676=LINE('',#3675,#3674);
#3677=DIRECTION('',(0.E0,-1.E0,0.E0));
#3678=VECTOR('',#3677,1.E0);
#3679=CARTESIAN_POINT('',(-4.475E0,4.25E0,2.125E0));
#3680=LINE('',#3679,#3678);
#3681=DIRECTION('',(0.E0,1.E0,0.E0));
#3682=VECTOR('',#3681,1.E0);
#3683=CARTESIAN_POINT('',(4.475E0,3.25E0,2.125E0));
#3684=LINE('',#3683,#3682);
#3685=DIRECTION('',(0.E0,-1.E0,0.E0));
#3686=VECTOR('',#3685,1.E0);
#3687=CARTESIAN_POINT('',(4.875E0,3.25E0,2.125E0));
#3688=LINE('',#3687,#3686);
#3689=DIRECTION('',(1.E0,0.E0,0.E0));
#3690=VECTOR('',#3689,5.E-1);
#3691=CARTESIAN_POINT('',(4.875E0,2.25E0,2.125E0));
#3692=LINE('',#3691,#3690);
#3693=DIRECTION('',(0.E0,1.E0,0.E0));
#3694=VECTOR('',#3693,7.E-1);
#3695=CARTESIAN_POINT('',(3.275E0,-7.E-1,2.125E0));
#3696=LINE('',#3695,#3694);
#3697=DIRECTION('',(1.E0,0.E0,0.E0));
#3698=VECTOR('',#3697,3.E-1);
#3699=CARTESIAN_POINT('',(2.975E0,-7.E-1,2.125E0));
#3700=LINE('',#3699,#3698);
#3701=DIRECTION('',(0.E0,-1.E0,0.E0));
#3702=VECTOR('',#3701,7.E-1);
#3703=CARTESIAN_POINT('',(2.975E0,0.E0,2.125E0));
#3704=LINE('',#3703,#3702);
#3705=DIRECTION('',(0.E0,1.E0,0.E0));
#3706=VECTOR('',#3705,7.E-1);
#3707=CARTESIAN_POINT('',(2.025E0,-7.E-1,2.125E0));
#3708=LINE('',#3707,#3706);
#3709=DIRECTION('',(1.E0,0.E0,0.E0));
#3710=VECTOR('',#3709,3.E-1);
#3711=CARTESIAN_POINT('',(1.725E0,-7.E-1,2.125E0));
#3712=LINE('',#3711,#3710);
#3713=DIRECTION('',(0.E0,-1.E0,0.E0));
#3714=VECTOR('',#3713,7.E-1);
#3715=CARTESIAN_POINT('',(1.725E0,0.E0,2.125E0));
#3716=LINE('',#3715,#3714);
#3717=DIRECTION('',(0.E0,1.E0,0.E0));
#3718=VECTOR('',#3717,7.E-1);
#3719=CARTESIAN_POINT('',(7.75E-1,-7.E-1,2.125E0));
#3720=LINE('',#3719,#3718);
#3721=DIRECTION('',(1.E0,0.E0,0.E0));
#3722=VECTOR('',#3721,3.E-1);
#3723=CARTESIAN_POINT('',(4.75E-1,-7.E-1,2.125E0));
#3724=LINE('',#3723,#3722);
#3725=DIRECTION('',(0.E0,-1.E0,0.E0));
#3726=VECTOR('',#3725,7.E-1);
#3727=CARTESIAN_POINT('',(4.75E-1,0.E0,2.125E0));
#3728=LINE('',#3727,#3726);
#3729=DIRECTION('',(0.E0,1.E0,0.E0));
#3730=VECTOR('',#3729,7.E-1);
#3731=CARTESIAN_POINT('',(-4.75E-1,-7.E-1,2.125E0));
#3732=LINE('',#3731,#3730);
#3733=DIRECTION('',(1.E0,0.E0,0.E0));
#3734=VECTOR('',#3733,3.E-1);
#3735=CARTESIAN_POINT('',(-7.75E-1,-7.E-1,2.125E0));
#3736=LINE('',#3735,#3734);
#3737=DIRECTION('',(0.E0,-1.E0,0.E0));
#3738=VECTOR('',#3737,7.E-1);
#3739=CARTESIAN_POINT('',(-7.75E-1,0.E0,2.125E0));
#3740=LINE('',#3739,#3738);
#3741=DIRECTION('',(0.E0,1.E0,0.E0));
#3742=VECTOR('',#3741,7.E-1);
#3743=CARTESIAN_POINT('',(-1.725E0,-7.E-1,2.125E0));
#3744=LINE('',#3743,#3742);
#3745=DIRECTION('',(1.E0,0.E0,0.E0));
#3746=VECTOR('',#3745,3.E-1);
#3747=CARTESIAN_POINT('',(-2.025E0,-7.E-1,2.125E0));
#3748=LINE('',#3747,#3746);
#3749=DIRECTION('',(0.E0,-1.E0,0.E0));
#3750=VECTOR('',#3749,7.E-1);
#3751=CARTESIAN_POINT('',(-2.025E0,0.E0,2.125E0));
#3752=LINE('',#3751,#3750);
#3753=DIRECTION('',(0.E0,1.E0,0.E0));
#3754=VECTOR('',#3753,7.E-1);
#3755=CARTESIAN_POINT('',(-2.975E0,-7.E-1,2.125E0));
#3756=LINE('',#3755,#3754);
#3757=DIRECTION('',(1.E0,0.E0,0.E0));
#3758=VECTOR('',#3757,3.E-1);
#3759=CARTESIAN_POINT('',(-3.275E0,-7.E-1,2.125E0));
#3760=LINE('',#3759,#3758);
#3761=DIRECTION('',(0.E0,-1.E0,0.E0));
#3762=VECTOR('',#3761,7.E-1);
#3763=CARTESIAN_POINT('',(-3.275E0,0.E0,2.125E0));
#3764=LINE('',#3763,#3762);
#3765=DIRECTION('',(0.E0,1.E0,0.E0));
#3766=VECTOR('',#3765,2.25E0);
#3767=CARTESIAN_POINT('',(-5.375E0,0.E0,2.125E0));
#3768=LINE('',#3767,#3766);
#3769=DIRECTION('',(1.E0,0.E0,0.E0));
#3770=VECTOR('',#3769,5.E-1);
#3771=CARTESIAN_POINT('',(-5.375E0,2.25E0,2.125E0));
#3772=LINE('',#3771,#3770);
#3773=DIRECTION('',(0.E0,-1.E0,0.E0));
#3774=VECTOR('',#3773,1.E0);
#3775=CARTESIAN_POINT('',(-4.875E0,3.25E0,2.125E0));
#3776=LINE('',#3775,#3774);
#3777=DIRECTION('',(-7.071067811865E-1,0.E0,-7.071067811865E-1));
#3778=VECTOR('',#3777,4.242640687119E-1);
#3779=CARTESIAN_POINT('',(-4.475E0,3.25E0,2.125E0));
#3780=LINE('',#3779,#3778);
#3781=DIRECTION('',(0.E0,-1.E0,0.E0));
#3782=VECTOR('',#3781,1.E0);
#3783=CARTESIAN_POINT('',(-4.775E0,4.25E0,1.825E0));
#3784=LINE('',#3783,#3782);
#3785=DIRECTION('',(0.E0,-1.E0,0.E0));
#3786=VECTOR('',#3785,2.5E0);
#3787=CARTESIAN_POINT('',(-4.775E0,3.25E0,1.975E0));
#3788=LINE('',#3787,#3786);
#3789=DIRECTION('',(0.E0,-1.E0,0.E0));
#3790=VECTOR('',#3789,2.5E0);
#3791=CARTESIAN_POINT('',(-4.775E0,3.25E0,4.25E-1));
#3792=LINE('',#3791,#3790);
#3793=DIRECTION('',(0.E0,0.E0,1.E0));
#3794=VECTOR('',#3793,1.4E0);
#3795=CARTESIAN_POINT('',(-5.125E0,3.25E0,-9.75E-1));
#3796=LINE('',#3795,#3794);
#3797=DIRECTION('',(1.E0,0.E0,0.E0));
#3798=VECTOR('',#3797,3.5E-1);
#3799=CARTESIAN_POINT('',(-5.125E0,3.25E0,4.25E-1));
#3800=LINE('',#3799,#3798);
#3801=DIRECTION('',(0.E0,0.E0,-1.E0));
#3802=VECTOR('',#3801,1.5E-1);
#3803=CARTESIAN_POINT('',(-4.775E0,3.25E0,5.75E-1));
#3804=LINE('',#3803,#3802);
#3805=DIRECTION('',(-1.E0,0.E0,0.E0));
#3806=VECTOR('',#3805,2.5E-1);
#3807=CARTESIAN_POINT('',(-5.125E0,3.25E0,-9.75E-1));
#3808=LINE('',#3807,#3806);
#3809=DIRECTION('',(1.E0,0.E0,0.E0));
#3810=VECTOR('',#3809,3.5E-1);
#3811=CARTESIAN_POINT('',(4.775E0,3.25E0,4.25E-1));
#3812=LINE('',#3811,#3810);
#3813=DIRECTION('',(0.E0,0.E0,1.E0));
#3814=VECTOR('',#3813,1.4E0);
#3815=CARTESIAN_POINT('',(5.125E0,3.25E0,-9.75E-1));
#3816=LINE('',#3815,#3814);
#3817=DIRECTION('',(-1.E0,0.E0,0.E0));
#3818=VECTOR('',#3817,2.5E-1);
#3819=CARTESIAN_POINT('',(5.375E0,3.25E0,-9.75E-1));
#3820=LINE('',#3819,#3818);
#3821=DIRECTION('',(0.E0,0.E0,1.E0));
#3822=VECTOR('',#3821,1.5E-1);
#3823=CARTESIAN_POINT('',(4.775E0,3.25E0,4.25E-1));
#3824=LINE('',#3823,#3822);
#3825=DIRECTION('',(0.E0,0.E0,-1.E0));
#3826=VECTOR('',#3825,1.5E-1);
#3827=CARTESIAN_POINT('',(-4.775E0,3.25E0,1.975E0));
#3828=LINE('',#3827,#3826);
#3829=DIRECTION('',(-1.E0,0.E0,0.E0));
#3830=VECTOR('',#3829,4.E-1);
#3831=CARTESIAN_POINT('',(-4.475E0,3.25E0,2.125E0));
#3832=LINE('',#3831,#3830);
#3833=DIRECTION('',(0.E0,0.E0,-1.E0));
#3834=VECTOR('',#3833,1.5E-1);
#3835=CARTESIAN_POINT('',(-4.875E0,3.25E0,2.125E0));
#3836=LINE('',#3835,#3834);
#3837=DIRECTION('',(1.E0,0.E0,0.E0));
#3838=VECTOR('',#3837,1.E-1);
#3839=CARTESIAN_POINT('',(-4.875E0,3.25E0,1.975E0));
#3840=LINE('',#3839,#3838);
#3841=DIRECTION('',(1.E0,0.E0,0.E0));
#3842=VECTOR('',#3841,1.E-1);
#3843=CARTESIAN_POINT('',(4.775E0,3.25E0,1.975E0));
#3844=LINE('',#3843,#3842);
#3845=DIRECTION('',(0.E0,0.E0,-1.E0));
#3846=VECTOR('',#3845,1.5E-1);
#3847=CARTESIAN_POINT('',(4.875E0,3.25E0,2.125E0));
#3848=LINE('',#3847,#3846);
#3849=DIRECTION('',(-1.E0,0.E0,0.E0));
#3850=VECTOR('',#3849,4.E-1);
#3851=CARTESIAN_POINT('',(4.875E0,3.25E0,2.125E0));
#3852=LINE('',#3851,#3850);
#3853=DIRECTION('',(0.E0,0.E0,1.E0));
#3854=VECTOR('',#3853,1.5E-1);
#3855=CARTESIAN_POINT('',(4.775E0,3.25E0,1.825E0));
#3856=LINE('',#3855,#3854);
#3857=DIRECTION('',(0.E0,-1.E0,0.E0));
#3858=VECTOR('',#3857,2.5E0);
#3859=CARTESIAN_POINT('',(-5.125E0,3.25E0,-9.75E-1));
#3860=LINE('',#3859,#3858);
#3861=DIRECTION('',(0.E0,-1.E0,0.E0));
#3862=VECTOR('',#3861,3.5E0);
#3863=CARTESIAN_POINT('',(-4.775E0,4.25E0,-9.75E-1));
#3864=LINE('',#3863,#3862);
#3865=DIRECTION('',(0.E0,0.E0,1.E0));
#3866=VECTOR('',#3865,1.4E0);
#3867=CARTESIAN_POINT('',(-5.125E0,7.5E-1,-9.75E-1));
#3868=LINE('',#3867,#3866);
#3869=DIRECTION('',(-1.E0,0.E0,0.E0));
#3870=VECTOR('',#3869,3.5E-1);
#3871=CARTESIAN_POINT('',(-4.775E0,7.5E-1,-9.75E-1));
#3872=LINE('',#3871,#3870);
#3873=DIRECTION('',(0.E0,0.E0,-1.E0));
#3874=VECTOR('',#3873,1.4E0);
#3875=CARTESIAN_POINT('',(-4.775E0,7.5E-1,4.25E-1));
#3876=LINE('',#3875,#3874);
#3877=DIRECTION('',(1.E0,0.E0,0.E0));
#3878=VECTOR('',#3877,3.5E-1);
#3879=CARTESIAN_POINT('',(-5.125E0,7.5E-1,4.25E-1));
#3880=LINE('',#3879,#3878);
#3881=DIRECTION('',(0.E0,0.E0,-1.E0));
#3882=VECTOR('',#3881,1.4E0);
#3883=CARTESIAN_POINT('',(-4.775E0,7.5E-1,1.975E0));
#3884=LINE('',#3883,#3882);
#3885=DIRECTION('',(1.E0,0.E0,0.E0));
#3886=VECTOR('',#3885,3.5E-1);
#3887=CARTESIAN_POINT('',(-5.125E0,7.5E-1,1.975E0));
#3888=LINE('',#3887,#3886);
#3889=DIRECTION('',(0.E0,0.E0,1.E0));
#3890=VECTOR('',#3889,1.4E0);
#3891=CARTESIAN_POINT('',(-5.125E0,7.5E-1,5.75E-1));
#3892=LINE('',#3891,#3890);
#3893=DIRECTION('',(-1.E0,0.E0,0.E0));
#3894=VECTOR('',#3893,3.5E-1);
#3895=CARTESIAN_POINT('',(-4.775E0,7.5E-1,5.75E-1));
#3896=LINE('',#3895,#3894);
#3897=DIRECTION('',(-1.E0,0.E0,0.E0));
#3898=VECTOR('',#3897,3.5E-1);
#3899=CARTESIAN_POINT('',(5.125E0,7.5E-1,-9.75E-1));
#3900=LINE('',#3899,#3898);
#3901=DIRECTION('',(0.E0,0.E0,-1.E0));
#3902=VECTOR('',#3901,1.4E0);
#3903=CARTESIAN_POINT('',(5.125E0,7.5E-1,4.25E-1));
#3904=LINE('',#3903,#3902);
#3905=DIRECTION('',(1.E0,0.E0,0.E0));
#3906=VECTOR('',#3905,3.5E-1);
#3907=CARTESIAN_POINT('',(4.775E0,7.5E-1,4.25E-1));
#3908=LINE('',#3907,#3906);
#3909=DIRECTION('',(0.E0,0.E0,1.E0));
#3910=VECTOR('',#3909,1.4E0);
#3911=CARTESIAN_POINT('',(4.775E0,7.5E-1,-9.75E-1));
#3912=LINE('',#3911,#3910);
#3913=DIRECTION('',(1.E0,0.E0,0.E0));
#3914=VECTOR('',#3913,3.5E-1);
#3915=CARTESIAN_POINT('',(4.775E0,7.5E-1,1.975E0));
#3916=LINE('',#3915,#3914);
#3917=DIRECTION('',(0.E0,0.E0,1.E0));
#3918=VECTOR('',#3917,1.4E0);
#3919=CARTESIAN_POINT('',(4.775E0,7.5E-1,5.75E-1));
#3920=LINE('',#3919,#3918);
#3921=DIRECTION('',(-1.E0,0.E0,0.E0));
#3922=VECTOR('',#3921,3.5E-1);
#3923=CARTESIAN_POINT('',(5.125E0,7.5E-1,5.75E-1));
#3924=LINE('',#3923,#3922);
#3925=DIRECTION('',(0.E0,0.E0,-1.E0));
#3926=VECTOR('',#3925,1.4E0);
#3927=CARTESIAN_POINT('',(5.125E0,7.5E-1,1.975E0));
#3928=LINE('',#3927,#3926);
#3929=DIRECTION('',(0.E0,-1.E0,0.E0));
#3930=VECTOR('',#3929,2.5E0);
#3931=CARTESIAN_POINT('',(-5.125E0,3.25E0,4.25E-1));
#3932=LINE('',#3931,#3930);
#3933=DIRECTION('',(0.E0,-1.E0,0.E0));
#3934=VECTOR('',#3933,1.5E0);
#3935=CARTESIAN_POINT('',(-5.125E0,2.25E0,1.975E0));
#3936=LINE('',#3935,#3934);
#3937=DIRECTION('',(0.E0,0.E0,1.E0));
#3938=VECTOR('',#3937,1.4E0);
#3939=CARTESIAN_POINT('',(-5.125E0,2.25E0,5.75E-1));
#3940=LINE('',#3939,#3938);
#3941=DIRECTION('',(1.E0,0.E0,0.E0));
#3942=VECTOR('',#3941,2.5E-1);
#3943=CARTESIAN_POINT('',(-5.125E0,2.25E0,1.975E0));
#3944=LINE('',#3943,#3942);
#3945=DIRECTION('',(0.E0,0.E0,-1.E0));
#3946=VECTOR('',#3945,1.5E-1);
#3947=CARTESIAN_POINT('',(-4.875E0,2.25E0,2.125E0));
#3948=LINE('',#3947,#3946);
#3949=DIRECTION('',(-1.E0,0.E0,0.E0));
#3950=VECTOR('',#3949,2.5E-1);
#3951=CARTESIAN_POINT('',(-5.125E0,2.25E0,5.75E-1));
#3952=LINE('',#3951,#3950);
#3953=DIRECTION('',(1.E0,0.E0,0.E0));
#3954=VECTOR('',#3953,2.5E-1);
#3955=CARTESIAN_POINT('',(4.875E0,2.25E0,1.975E0));
#3956=LINE('',#3955,#3954);
#3957=DIRECTION('',(0.E0,0.E0,1.E0));
#3958=VECTOR('',#3957,1.4E0);
#3959=CARTESIAN_POINT('',(5.125E0,2.25E0,5.75E-1));
#3960=LINE('',#3959,#3958);
#3961=DIRECTION('',(-1.E0,0.E0,0.E0));
#3962=VECTOR('',#3961,2.5E-1);
#3963=CARTESIAN_POINT('',(5.375E0,2.25E0,5.75E-1));
#3964=LINE('',#3963,#3962);
#3965=DIRECTION('',(0.E0,0.E0,1.E0));
#3966=VECTOR('',#3965,1.5E-1);
#3967=CARTESIAN_POINT('',(4.875E0,2.25E0,1.975E0));
#3968=LINE('',#3967,#3966);
#3969=DIRECTION('',(0.E0,-1.E0,0.E0));
#3970=VECTOR('',#3969,1.5E0);
#3971=CARTESIAN_POINT('',(-5.125E0,2.25E0,5.75E-1));
#3972=LINE('',#3971,#3970);
#3973=DIRECTION('',(1.E0,0.E0,0.E0));
#3974=VECTOR('',#3973,6.E-1);
#3975=CARTESIAN_POINT('',(-5.375E0,3.25E0,5.75E-1));
#3976=LINE('',#3975,#3974);
#3977=DIRECTION('',(0.E0,-1.E0,0.E0));
#3978=VECTOR('',#3977,2.5E0);
#3979=CARTESIAN_POINT('',(-4.775E0,3.25E0,5.75E-1));
#3980=LINE('',#3979,#3978);
#3981=DIRECTION('',(0.E0,0.E0,-1.E0));
#3982=VECTOR('',#3981,1.55E0);
#3983=CARTESIAN_POINT('',(-5.375E0,2.25E0,2.125E0));
#3984=LINE('',#3983,#3982);
#3985=DIRECTION('',(0.E0,1.E0,0.E0));
#3986=VECTOR('',#3985,4.25E0);
#3987=CARTESIAN_POINT('',(-5.375E0,0.E0,-2.125E0));
#3988=LINE('',#3987,#3986);
#3989=DIRECTION('',(0.E0,-1.E0,0.E0));
#3990=VECTOR('',#3989,1.E0);
#3991=CARTESIAN_POINT('',(-5.375E0,4.25E0,-9.75E-1));
#3992=LINE('',#3991,#3990);
#3993=DIRECTION('',(0.E0,0.E0,-1.E0));
#3994=VECTOR('',#3993,1.55E0);
#3995=CARTESIAN_POINT('',(-5.375E0,3.25E0,5.75E-1));
#3996=LINE('',#3995,#3994);
#3997=DIRECTION('',(0.E0,-1.E0,0.E0));
#3998=VECTOR('',#3997,1.E0);
#3999=CARTESIAN_POINT('',(-5.375E0,3.25E0,5.75E-1));
#4000=LINE('',#3999,#3998);
#4001=DIRECTION('',(0.E0,1.E0,0.E0));
#4002=VECTOR('',#4001,4.25E0);
#4003=CARTESIAN_POINT('',(5.375E0,0.E0,-2.125E0));
#4004=LINE('',#4003,#4002);
#4005=DIRECTION('',(0.E0,0.E0,-1.E0));
#4006=VECTOR('',#4005,1.55E0);
#4007=CARTESIAN_POINT('',(5.375E0,2.25E0,2.125E0));
#4008=LINE('',#4007,#4006);
#4009=DIRECTION('',(0.E0,-1.E0,0.E0));
#4010=VECTOR('',#4009,1.E0);
#4011=CARTESIAN_POINT('',(5.375E0,3.25E0,5.75E-1));
#4012=LINE('',#4011,#4010);
#4013=DIRECTION('',(0.E0,0.E0,-1.E0));
#4014=VECTOR('',#4013,1.55E0);
#4015=CARTESIAN_POINT('',(5.375E0,3.25E0,5.75E-1));
#4016=LINE('',#4015,#4014);
#4017=DIRECTION('',(0.E0,-1.E0,0.E0));
#4018=VECTOR('',#4017,1.E0);
#4019=CARTESIAN_POINT('',(5.375E0,4.25E0,-9.75E-1));
#4020=LINE('',#4019,#4018);
#4021=DIRECTION('',(0.E0,1.E0,0.E0));
#4022=VECTOR('',#4021,2.25E0);
#4023=CARTESIAN_POINT('',(5.375E0,0.E0,2.125E0));
#4024=LINE('',#4023,#4022);
#4025=DIRECTION('',(0.E0,-1.E0,0.E0));
#4026=VECTOR('',#4025,1.5E0);
#4027=CARTESIAN_POINT('',(5.125E0,2.25E0,5.75E-1));
#4028=LINE('',#4027,#4026);
#4029=DIRECTION('',(1.E0,0.E0,0.E0));
#4030=VECTOR('',#4029,6.E-1);
#4031=CARTESIAN_POINT('',(4.775E0,3.25E0,5.75E-1));
#4032=LINE('',#4031,#4030);
#4033=DIRECTION('',(0.E0,-1.E0,0.E0));
#4034=VECTOR('',#4033,1.5E0);
#4035=CARTESIAN_POINT('',(5.125E0,2.25E0,1.975E0));
#4036=LINE('',#4035,#4034);
#4037=DIRECTION('',(0.E0,-1.E0,0.E0));
#4038=VECTOR('',#4037,2.5E0);
#4039=CARTESIAN_POINT('',(4.775E0,3.25E0,1.975E0));
#4040=LINE('',#4039,#4038);
#4041=DIRECTION('',(0.E0,1.E0,0.E0));
#4042=VECTOR('',#4041,1.E0);
#4043=CARTESIAN_POINT('',(4.875E0,2.25E0,1.975E0));
#4044=LINE('',#4043,#4042);
#4045=DIRECTION('',(0.E0,-1.E0,0.E0));
#4046=VECTOR('',#4045,2.5E0);
#4047=CARTESIAN_POINT('',(4.775E0,3.25E0,5.75E-1));
#4048=LINE('',#4047,#4046);
#4049=DIRECTION('',(0.E0,1.E0,0.E0));
#4050=VECTOR('',#4049,1.E0);
#4051=CARTESIAN_POINT('',(4.775E0,3.25E0,1.825E0));
#4052=LINE('',#4051,#4050);
#4053=DIRECTION('',(0.E0,-1.E0,0.E0));
#4054=VECTOR('',#4053,3.5E0);
#4055=CARTESIAN_POINT('',(4.775E0,4.25E0,-9.75E-1));
#4056=LINE('',#4055,#4054);
#4057=DIRECTION('',(-7.071067811865E-1,0.E0,7.071067811865E-1));
#4058=VECTOR('',#4057,4.242640687119E-1);
#4059=CARTESIAN_POINT('',(4.775E0,3.25E0,1.825E0));
#4060=LINE('',#4059,#4058);
#4061=DIRECTION('',(0.E0,0.E0,1.E0));
#4062=VECTOR('',#4061,5.E-1);
#4063=CARTESIAN_POINT('',(-4.875E0,4.25E0,-1.725E0));
#4064=LINE('',#4063,#4062);
#4065=DIRECTION('',(1.E0,0.E0,0.E0));
#4066=VECTOR('',#4065,1.E0);
#4067=CARTESIAN_POINT('',(-4.875E0,4.25E0,-1.225E0));
#4068=LINE('',#4067,#4066);
#4069=DIRECTION('',(0.E0,0.E0,-1.E0));
#4070=VECTOR('',#4069,5.E-1);
#4071=CARTESIAN_POINT('',(-3.875E0,4.25E0,-1.225E0));
#4072=LINE('',#4071,#4070);
#4073=DIRECTION('',(-1.E0,0.E0,0.E0));
#4074=VECTOR('',#4073,1.E0);
#4075=CARTESIAN_POINT('',(-3.875E0,4.25E0,-1.725E0));
#4076=LINE('',#4075,#4074);
#4077=DIRECTION('',(0.E0,0.E0,1.E0));
#4078=VECTOR('',#4077,1.35E0);
#4079=CARTESIAN_POINT('',(-3.525E0,4.25E0,-1.725E0));
#4080=LINE('',#4079,#4078);
#4081=DIRECTION('',(1.E0,0.E0,0.E0));
#4082=VECTOR('',#4081,7.05E0);
#4083=CARTESIAN_POINT('',(-3.525E0,4.25E0,-3.75E-1));
#4084=LINE('',#4083,#4082);
#4085=DIRECTION('',(0.E0,0.E0,-1.E0));
#4086=VECTOR('',#4085,1.35E0);
#4087=CARTESIAN_POINT('',(3.525E0,4.25E0,-3.75E-1));
#4088=LINE('',#4087,#4086);
#4089=DIRECTION('',(-1.E0,0.E0,0.E0));
#4090=VECTOR('',#4089,7.05E0);
#4091=CARTESIAN_POINT('',(3.525E0,4.25E0,-1.725E0));
#4092=LINE('',#4091,#4090);
#4093=DIRECTION('',(-1.E0,0.E0,0.E0));
#4094=VECTOR('',#4093,1.E0);
#4095=CARTESIAN_POINT('',(4.875E0,4.25E0,-1.725E0));
#4096=LINE('',#4095,#4094);
#4097=DIRECTION('',(0.E0,0.E0,1.E0));
#4098=VECTOR('',#4097,5.E-1);
#4099=CARTESIAN_POINT('',(3.875E0,4.25E0,-1.725E0));
#4100=LINE('',#4099,#4098);
#4101=DIRECTION('',(1.E0,0.E0,0.E0));
#4102=VECTOR('',#4101,1.E0);
#4103=CARTESIAN_POINT('',(3.875E0,4.25E0,-1.225E0));
#4104=LINE('',#4103,#4102);
#4105=DIRECTION('',(0.E0,0.E0,-1.E0));
#4106=VECTOR('',#4105,5.E-1);
#4107=CARTESIAN_POINT('',(4.875E0,4.25E0,-1.225E0));
#4108=LINE('',#4107,#4106);
#4109=DIRECTION('',(7.071067811865E-1,0.E0,7.071067811865E-1));
#4110=VECTOR('',#4109,4.242640687119E-1);
#4111=CARTESIAN_POINT('',(-4.775E0,4.25E0,1.825E0));
#4112=LINE('',#4111,#4110);
#4113=DIRECTION('',(0.E0,0.E0,-1.E0));
#4114=VECTOR('',#4113,2.8E0);
#4115=CARTESIAN_POINT('',(-4.775E0,4.25E0,1.825E0));
#4116=LINE('',#4115,#4114);
#4117=DIRECTION('',(1.E0,0.E0,0.E0));
#4118=VECTOR('',#4117,6.E-1);
#4119=CARTESIAN_POINT('',(-5.375E0,4.25E0,-9.75E-1));
#4120=LINE('',#4119,#4118);
#4121=DIRECTION('',(0.E0,0.E0,1.E0));
#4122=VECTOR('',#4121,1.15E0);
#4123=CARTESIAN_POINT('',(-5.375E0,4.25E0,-2.125E0));
#4124=LINE('',#4123,#4122);
#4125=DIRECTION('',(-1.E0,0.E0,0.E0));
#4126=VECTOR('',#4125,1.075E1);
#4127=CARTESIAN_POINT('',(5.375E0,4.25E0,-2.125E0));
#4128=LINE('',#4127,#4126);
#4129=DIRECTION('',(0.E0,0.E0,-1.E0));
#4130=VECTOR('',#4129,1.15E0);
#4131=CARTESIAN_POINT('',(5.375E0,4.25E0,-9.75E-1));
#4132=LINE('',#4131,#4130);
#4133=DIRECTION('',(-1.E0,0.E0,0.E0));
#4134=VECTOR('',#4133,6.E-1);
#4135=CARTESIAN_POINT('',(5.375E0,4.25E0,-9.75E-1));
#4136=LINE('',#4135,#4134);
#4137=DIRECTION('',(0.E0,0.E0,-1.E0));
#4138=VECTOR('',#4137,2.8E0);
#4139=CARTESIAN_POINT('',(4.775E0,4.25E0,1.825E0));
#4140=LINE('',#4139,#4138);
#4141=DIRECTION('',(7.071067811865E-1,0.E0,-7.071067811865E-1));
#4142=VECTOR('',#4141,4.242640687119E-1);
#4143=CARTESIAN_POINT('',(4.475E0,4.25E0,2.125E0));
#4144=LINE('',#4143,#4142);
#4145=DIRECTION('',(1.E0,0.E0,0.E0));
#4146=VECTOR('',#4145,8.95E0);
#4147=CARTESIAN_POINT('',(-4.475E0,4.25E0,2.125E0));
#4148=LINE('',#4147,#4146);
#4149=DIRECTION('',(1.E0,0.E0,0.E0));
#4150=VECTOR('',#4149,2.E-1);
#4151=CARTESIAN_POINT('',(2.775E0,4.25E0,1.25E-1));
#4152=LINE('',#4151,#4150);
#4153=DIRECTION('',(1.776356839400E-14,0.E0,1.E0));
#4154=VECTOR('',#4153,1.E-1);
#4155=CARTESIAN_POINT('',(2.775E0,4.25E0,2.5E-2));
#4156=LINE('',#4155,#4154);
#4157=DIRECTION('',(-1.E0,0.E0,0.E0));
#4158=VECTOR('',#4157,5.5E-1);
#4159=CARTESIAN_POINT('',(2.775E0,4.25E0,2.5E-2));
#4160=LINE('',#4159,#4158);
#4161=DIRECTION('',(0.E0,0.E0,-1.E0));
#4162=VECTOR('',#4161,1.E-1);
#4163=CARTESIAN_POINT('',(2.225E0,4.25E0,1.25E-1));
#4164=LINE('',#4163,#4162);
#4165=DIRECTION('',(1.E0,0.E0,0.E0));
#4166=VECTOR('',#4165,2.E-1);
#4167=CARTESIAN_POINT('',(2.025E0,4.25E0,1.25E-1));
#4168=LINE('',#4167,#4166);
#4169=DIRECTION('',(0.E0,0.E0,1.E0));
#4170=VECTOR('',#4169,1.E-1);
#4171=CARTESIAN_POINT('',(2.025E0,4.25E0,2.5E-2));
#4172=LINE('',#4171,#4170);
#4173=DIRECTION('',(-1.E0,0.E0,0.E0));
#4174=VECTOR('',#4173,3.E-1);
#4175=CARTESIAN_POINT('',(2.025E0,4.25E0,2.5E-2));
#4176=LINE('',#4175,#4174);
#4177=DIRECTION('',(-1.110223024625E-14,0.E0,-1.E0));
#4178=VECTOR('',#4177,1.E-1);
#4179=CARTESIAN_POINT('',(1.725E0,4.25E0,1.25E-1));
#4180=LINE('',#4179,#4178);
#4181=DIRECTION('',(1.E0,0.E0,0.E0));
#4182=VECTOR('',#4181,2.E-1);
#4183=CARTESIAN_POINT('',(1.525E0,4.25E0,1.25E-1));
#4184=LINE('',#4183,#4182);
#4185=DIRECTION('',(1.332267629550E-14,0.E0,1.E0));
#4186=VECTOR('',#4185,1.E-1);
#4187=CARTESIAN_POINT('',(1.525E0,4.25E0,2.5E-2));
#4188=LINE('',#4187,#4186);
#4189=DIRECTION('',(-1.E0,0.E0,0.E0));
#4190=VECTOR('',#4189,5.5E-1);
#4191=CARTESIAN_POINT('',(1.525E0,4.25E0,2.5E-2));
#4192=LINE('',#4191,#4190);
#4193=DIRECTION('',(0.E0,0.E0,-1.E0));
#4194=VECTOR('',#4193,1.E-1);
#4195=CARTESIAN_POINT('',(9.75E-1,4.25E0,1.25E-1));
#4196=LINE('',#4195,#4194);
#4197=DIRECTION('',(1.E0,0.E0,0.E0));
#4198=VECTOR('',#4197,2.E-1);
#4199=CARTESIAN_POINT('',(7.75E-1,4.25E0,1.25E-1));
#4200=LINE('',#4199,#4198);
#4201=DIRECTION('',(0.E0,0.E0,1.E0));
#4202=VECTOR('',#4201,1.E-1);
#4203=CARTESIAN_POINT('',(7.75E-1,4.25E0,2.5E-2));
#4204=LINE('',#4203,#4202);
#4205=DIRECTION('',(-1.E0,0.E0,0.E0));
#4206=VECTOR('',#4205,3.E-1);
#4207=CARTESIAN_POINT('',(7.75E-1,4.25E0,2.5E-2));
#4208=LINE('',#4207,#4206);
#4209=DIRECTION('',(0.E0,0.E0,-1.E0));
#4210=VECTOR('',#4209,1.E-1);
#4211=CARTESIAN_POINT('',(4.75E-1,4.25E0,1.25E-1));
#4212=LINE('',#4211,#4210);
#4213=DIRECTION('',(1.E0,0.E0,0.E0));
#4214=VECTOR('',#4213,2.E-1);
#4215=CARTESIAN_POINT('',(2.75E-1,4.25E0,1.25E-1));
#4216=LINE('',#4215,#4214);
#4217=DIRECTION('',(0.E0,0.E0,1.E0));
#4218=VECTOR('',#4217,1.E-1);
#4219=CARTESIAN_POINT('',(2.75E-1,4.25E0,2.5E-2));
#4220=LINE('',#4219,#4218);
#4221=DIRECTION('',(-1.E0,0.E0,0.E0));
#4222=VECTOR('',#4221,5.5E-1);
#4223=CARTESIAN_POINT('',(2.75E-1,4.25E0,2.5E-2));
#4224=LINE('',#4223,#4222);
#4225=DIRECTION('',(0.E0,0.E0,-1.E0));
#4226=VECTOR('',#4225,1.E-1);
#4227=CARTESIAN_POINT('',(-2.75E-1,4.25E0,1.25E-1));
#4228=LINE('',#4227,#4226);
#4229=DIRECTION('',(1.E0,0.E0,0.E0));
#4230=VECTOR('',#4229,2.E-1);
#4231=CARTESIAN_POINT('',(-4.75E-1,4.25E0,1.25E-1));
#4232=LINE('',#4231,#4230);
#4233=DIRECTION('',(0.E0,0.E0,1.E0));
#4234=VECTOR('',#4233,1.E-1);
#4235=CARTESIAN_POINT('',(-4.75E-1,4.25E0,2.5E-2));
#4236=LINE('',#4235,#4234);
#4237=DIRECTION('',(-1.E0,0.E0,0.E0));
#4238=VECTOR('',#4237,3.E-1);
#4239=CARTESIAN_POINT('',(-4.75E-1,4.25E0,2.5E-2));
#4240=LINE('',#4239,#4238);
#4241=DIRECTION('',(0.E0,0.E0,-1.E0));
#4242=VECTOR('',#4241,1.E-1);
#4243=CARTESIAN_POINT('',(-7.75E-1,4.25E0,1.25E-1));
#4244=LINE('',#4243,#4242);
#4245=DIRECTION('',(1.E0,0.E0,0.E0));
#4246=VECTOR('',#4245,2.E-1);
#4247=CARTESIAN_POINT('',(-9.75E-1,4.25E0,1.25E-1));
#4248=LINE('',#4247,#4246);
#4249=DIRECTION('',(0.E0,0.E0,1.E0));
#4250=VECTOR('',#4249,1.E-1);
#4251=CARTESIAN_POINT('',(-9.75E-1,4.25E0,2.5E-2));
#4252=LINE('',#4251,#4250);
#4253=DIRECTION('',(-1.E0,0.E0,0.E0));
#4254=VECTOR('',#4253,5.5E-1);
#4255=CARTESIAN_POINT('',(-9.75E-1,4.25E0,2.5E-2));
#4256=LINE('',#4255,#4254);
#4257=DIRECTION('',(0.E0,0.E0,-1.E0));
#4258=VECTOR('',#4257,1.E-1);
#4259=CARTESIAN_POINT('',(-1.525E0,4.25E0,1.25E-1));
#4260=LINE('',#4259,#4258);
#4261=DIRECTION('',(1.E0,0.E0,0.E0));
#4262=VECTOR('',#4261,2.E-1);
#4263=CARTESIAN_POINT('',(-1.725E0,4.25E0,1.25E-1));
#4264=LINE('',#4263,#4262);
#4265=DIRECTION('',(0.E0,0.E0,1.E0));
#4266=VECTOR('',#4265,1.E-1);
#4267=CARTESIAN_POINT('',(-1.725E0,4.25E0,2.5E-2));
#4268=LINE('',#4267,#4266);
#4269=DIRECTION('',(-1.E0,0.E0,0.E0));
#4270=VECTOR('',#4269,3.E-1);
#4271=CARTESIAN_POINT('',(-1.725E0,4.25E0,2.5E-2));
#4272=LINE('',#4271,#4270);
#4273=DIRECTION('',(0.E0,0.E0,-1.E0));
#4274=VECTOR('',#4273,1.E-1);
#4275=CARTESIAN_POINT('',(-2.025E0,4.25E0,1.25E-1));
#4276=LINE('',#4275,#4274);
#4277=DIRECTION('',(1.E0,0.E0,0.E0));
#4278=VECTOR('',#4277,2.E-1);
#4279=CARTESIAN_POINT('',(-2.225E0,4.25E0,1.25E-1));
#4280=LINE('',#4279,#4278);
#4281=DIRECTION('',(0.E0,0.E0,1.E0));
#4282=VECTOR('',#4281,1.E-1);
#4283=CARTESIAN_POINT('',(-2.225E0,4.25E0,2.5E-2));
#4284=LINE('',#4283,#4282);
#4285=DIRECTION('',(-1.E0,0.E0,0.E0));
#4286=VECTOR('',#4285,5.5E-1);
#4287=CARTESIAN_POINT('',(-2.225E0,4.25E0,2.5E-2));
#4288=LINE('',#4287,#4286);
#4289=DIRECTION('',(-1.776356839400E-14,0.E0,-1.E0));
#4290=VECTOR('',#4289,1.E-1);
#4291=CARTESIAN_POINT('',(-2.775E0,4.25E0,1.25E-1));
#4292=LINE('',#4291,#4290);
#4293=DIRECTION('',(1.E0,0.E0,0.E0));
#4294=VECTOR('',#4293,2.E-1);
#4295=CARTESIAN_POINT('',(-2.975E0,4.25E0,1.25E-1));
#4296=LINE('',#4295,#4294);
#4297=DIRECTION('',(1.776356839400E-14,0.E0,1.E0));
#4298=VECTOR('',#4297,1.E-1);
#4299=CARTESIAN_POINT('',(-2.975E0,4.25E0,2.5E-2));
#4300=LINE('',#4299,#4298);
#4301=DIRECTION('',(-1.E0,0.E0,0.E0));
#4302=VECTOR('',#4301,3.E-1);
#4303=CARTESIAN_POINT('',(-2.975E0,4.25E0,2.5E-2));
#4304=LINE('',#4303,#4302);
#4305=DIRECTION('',(0.E0,0.E0,-1.E0));
#4306=VECTOR('',#4305,1.E-1);
#4307=CARTESIAN_POINT('',(-3.275E0,4.25E0,1.25E-1));
#4308=LINE('',#4307,#4306);
#4309=DIRECTION('',(1.E0,0.E0,0.E0));
#4310=VECTOR('',#4309,2.E-1);
#4311=CARTESIAN_POINT('',(-3.475E0,4.25E0,1.25E-1));
#4312=LINE('',#4311,#4310);
#4313=DIRECTION('',(0.E0,0.E0,1.E0));
#4314=VECTOR('',#4313,1.E-1);
#4315=CARTESIAN_POINT('',(-3.475E0,4.25E0,2.5E-2));
#4316=LINE('',#4315,#4314);
#4317=DIRECTION('',(-1.E0,0.E0,0.E0));
#4318=VECTOR('',#4317,4.E-1);
#4319=CARTESIAN_POINT('',(-3.475E0,4.25E0,2.5E-2));
#4320=LINE('',#4319,#4318);
#4321=DIRECTION('',(0.E0,0.E0,-1.E0));
#4322=VECTOR('',#4321,8.E-1);
#4323=CARTESIAN_POINT('',(-3.875E0,4.25E0,2.5E-2));
#4324=LINE('',#4323,#4322);
#4325=DIRECTION('',(-1.E0,0.E0,0.E0));
#4326=VECTOR('',#4325,5.E-1);
#4327=CARTESIAN_POINT('',(-3.875E0,4.25E0,-7.75E-1));
#4328=LINE('',#4327,#4326);
#4329=DIRECTION('',(0.E0,0.E0,1.E0));
#4330=VECTOR('',#4329,2.5E0);
#4331=CARTESIAN_POINT('',(-4.375E0,4.25E0,-7.75E-1));
#4332=LINE('',#4331,#4330);
#4333=DIRECTION('',(1.E0,0.E0,0.E0));
#4334=VECTOR('',#4333,1.13E0);
#4335=CARTESIAN_POINT('',(-4.375E0,4.25E0,1.725E0));
#4336=LINE('',#4335,#4334);
#4337=DIRECTION('',(0.E0,0.E0,1.E0));
#4338=VECTOR('',#4337,1.E-1);
#4339=CARTESIAN_POINT('',(-3.245E0,4.25E0,1.725E0));
#4340=LINE('',#4339,#4338);
#4341=DIRECTION('',(1.E0,0.E0,0.E0));
#4342=VECTOR('',#4341,2.4E-1);
#4343=CARTESIAN_POINT('',(-3.245E0,4.25E0,1.825E0));
#4344=LINE('',#4343,#4342);
#4345=DIRECTION('',(0.E0,0.E0,-1.E0));
#4346=VECTOR('',#4345,1.E-1);
#4347=CARTESIAN_POINT('',(-3.005E0,4.25E0,1.825E0));
#4348=LINE('',#4347,#4346);
#4349=DIRECTION('',(1.E0,0.E0,0.E0));
#4350=VECTOR('',#4349,1.01E0);
#4351=CARTESIAN_POINT('',(-3.005E0,4.25E0,1.725E0));
#4352=LINE('',#4351,#4350);
#4353=DIRECTION('',(0.E0,0.E0,1.E0));
#4354=VECTOR('',#4353,1.E-1);
#4355=CARTESIAN_POINT('',(-1.995E0,4.25E0,1.725E0));
#4356=LINE('',#4355,#4354);
#4357=DIRECTION('',(1.E0,0.E0,0.E0));
#4358=VECTOR('',#4357,2.4E-1);
#4359=CARTESIAN_POINT('',(-1.995E0,4.25E0,1.825E0));
#4360=LINE('',#4359,#4358);
#4361=DIRECTION('',(0.E0,0.E0,-1.E0));
#4362=VECTOR('',#4361,1.E-1);
#4363=CARTESIAN_POINT('',(-1.755E0,4.25E0,1.825E0));
#4364=LINE('',#4363,#4362);
#4365=DIRECTION('',(1.E0,0.E0,0.E0));
#4366=VECTOR('',#4365,1.01E0);
#4367=CARTESIAN_POINT('',(-1.755E0,4.25E0,1.725E0));
#4368=LINE('',#4367,#4366);
#4369=DIRECTION('',(0.E0,0.E0,1.E0));
#4370=VECTOR('',#4369,1.E-1);
#4371=CARTESIAN_POINT('',(-7.45E-1,4.25E0,1.725E0));
#4372=LINE('',#4371,#4370);
#4373=DIRECTION('',(1.E0,0.E0,0.E0));
#4374=VECTOR('',#4373,2.4E-1);
#4375=CARTESIAN_POINT('',(-7.45E-1,4.25E0,1.825E0));
#4376=LINE('',#4375,#4374);
#4377=DIRECTION('',(0.E0,0.E0,-1.E0));
#4378=VECTOR('',#4377,1.E-1);
#4379=CARTESIAN_POINT('',(-5.05E-1,4.25E0,1.825E0));
#4380=LINE('',#4379,#4378);
#4381=DIRECTION('',(1.E0,0.E0,0.E0));
#4382=VECTOR('',#4381,1.01E0);
#4383=CARTESIAN_POINT('',(-5.05E-1,4.25E0,1.725E0));
#4384=LINE('',#4383,#4382);
#4385=DIRECTION('',(0.E0,0.E0,1.E0));
#4386=VECTOR('',#4385,1.E-1);
#4387=CARTESIAN_POINT('',(5.05E-1,4.25E0,1.725E0));
#4388=LINE('',#4387,#4386);
#4389=DIRECTION('',(1.E0,0.E0,0.E0));
#4390=VECTOR('',#4389,2.4E-1);
#4391=CARTESIAN_POINT('',(5.05E-1,4.25E0,1.825E0));
#4392=LINE('',#4391,#4390);
#4393=DIRECTION('',(0.E0,0.E0,-1.E0));
#4394=VECTOR('',#4393,1.E-1);
#4395=CARTESIAN_POINT('',(7.45E-1,4.25E0,1.825E0));
#4396=LINE('',#4395,#4394);
#4397=DIRECTION('',(1.E0,0.E0,0.E0));
#4398=VECTOR('',#4397,1.01E0);
#4399=CARTESIAN_POINT('',(7.45E-1,4.25E0,1.725E0));
#4400=LINE('',#4399,#4398);
#4401=DIRECTION('',(0.E0,0.E0,1.E0));
#4402=VECTOR('',#4401,1.E-1);
#4403=CARTESIAN_POINT('',(1.755E0,4.25E0,1.725E0));
#4404=LINE('',#4403,#4402);
#4405=DIRECTION('',(1.E0,0.E0,0.E0));
#4406=VECTOR('',#4405,2.4E-1);
#4407=CARTESIAN_POINT('',(1.755E0,4.25E0,1.825E0));
#4408=LINE('',#4407,#4406);
#4409=DIRECTION('',(0.E0,0.E0,-1.E0));
#4410=VECTOR('',#4409,1.E-1);
#4411=CARTESIAN_POINT('',(1.995E0,4.25E0,1.825E0));
#4412=LINE('',#4411,#4410);
#4413=DIRECTION('',(1.E0,0.E0,0.E0));
#4414=VECTOR('',#4413,1.01E0);
#4415=CARTESIAN_POINT('',(1.995E0,4.25E0,1.725E0));
#4416=LINE('',#4415,#4414);
#4417=DIRECTION('',(0.E0,0.E0,1.E0));
#4418=VECTOR('',#4417,1.E-1);
#4419=CARTESIAN_POINT('',(3.005E0,4.25E0,1.725E0));
#4420=LINE('',#4419,#4418);
#4421=DIRECTION('',(1.E0,0.E0,0.E0));
#4422=VECTOR('',#4421,2.4E-1);
#4423=CARTESIAN_POINT('',(3.005E0,4.25E0,1.825E0));
#4424=LINE('',#4423,#4422);
#4425=DIRECTION('',(0.E0,0.E0,-1.E0));
#4426=VECTOR('',#4425,1.E-1);
#4427=CARTESIAN_POINT('',(3.245E0,4.25E0,1.825E0));
#4428=LINE('',#4427,#4426);
#4429=DIRECTION('',(1.E0,0.E0,0.E0));
#4430=VECTOR('',#4429,1.13E0);
#4431=CARTESIAN_POINT('',(3.245E0,4.25E0,1.725E0));
#4432=LINE('',#4431,#4430);
#4433=DIRECTION('',(0.E0,0.E0,-1.E0));
#4434=VECTOR('',#4433,2.5E0);
#4435=CARTESIAN_POINT('',(4.375E0,4.25E0,1.725E0));
#4436=LINE('',#4435,#4434);
#4437=DIRECTION('',(-1.E0,0.E0,0.E0));
#4438=VECTOR('',#4437,5.E-1);
#4439=CARTESIAN_POINT('',(4.375E0,4.25E0,-7.75E-1));
#4440=LINE('',#4439,#4438);
#4441=DIRECTION('',(0.E0,0.E0,1.E0));
#4442=VECTOR('',#4441,8.E-1);
#4443=CARTESIAN_POINT('',(3.875E0,4.25E0,-7.75E-1));
#4444=LINE('',#4443,#4442);
#4445=DIRECTION('',(-1.E0,0.E0,0.E0));
#4446=VECTOR('',#4445,4.E-1);
#4447=CARTESIAN_POINT('',(3.875E0,4.25E0,2.5E-2));
#4448=LINE('',#4447,#4446);
#4449=DIRECTION('',(0.E0,0.E0,-1.E0));
#4450=VECTOR('',#4449,1.E-1);
#4451=CARTESIAN_POINT('',(3.475E0,4.25E0,1.25E-1));
#4452=LINE('',#4451,#4450);
#4453=DIRECTION('',(1.E0,0.E0,0.E0));
#4454=VECTOR('',#4453,2.E-1);
#4455=CARTESIAN_POINT('',(3.275E0,4.25E0,1.25E-1));
#4456=LINE('',#4455,#4454);
#4457=DIRECTION('',(0.E0,0.E0,1.E0));
#4458=VECTOR('',#4457,1.E-1);
#4459=CARTESIAN_POINT('',(3.275E0,4.25E0,2.5E-2));
#4460=LINE('',#4459,#4458);
#4461=DIRECTION('',(-1.E0,0.E0,0.E0));
#4462=VECTOR('',#4461,3.E-1);
#4463=CARTESIAN_POINT('',(3.275E0,4.25E0,2.5E-2));
#4464=LINE('',#4463,#4462);
#4465=DIRECTION('',(-1.776356839400E-14,0.E0,-1.E0));
#4466=VECTOR('',#4465,1.E-1);
#4467=CARTESIAN_POINT('',(2.975E0,4.25E0,1.25E-1));
#4468=LINE('',#4467,#4466);
#4469=DIRECTION('',(0.E0,-1.E0,0.E0));
#4470=VECTOR('',#4469,3.5E0);
#4471=CARTESIAN_POINT('',(-4.875E0,4.25E0,-1.725E0));
#4472=LINE('',#4471,#4470);
#4473=DIRECTION('',(0.E0,-1.E0,0.E0));
#4474=VECTOR('',#4473,3.5E0);
#4475=CARTESIAN_POINT('',(-3.875E0,4.25E0,-1.725E0));
#4476=LINE('',#4475,#4474);
#4477=DIRECTION('',(0.E0,-1.E0,0.E0));
#4478=VECTOR('',#4477,3.5E0);
#4479=CARTESIAN_POINT('',(-3.875E0,4.25E0,-1.225E0));
#4480=LINE('',#4479,#4478);
#4481=DIRECTION('',(0.E0,-1.E0,0.E0));
#4482=VECTOR('',#4481,3.5E0);
#4483=CARTESIAN_POINT('',(-4.875E0,4.25E0,-1.225E0));
#4484=LINE('',#4483,#4482);
#4485=DIRECTION('',(0.E0,0.E0,1.E0));
#4486=VECTOR('',#4485,5.E-1);
#4487=CARTESIAN_POINT('',(-4.875E0,7.5E-1,-1.725E0));
#4488=LINE('',#4487,#4486);
#4489=DIRECTION('',(-1.E0,0.E0,0.E0));
#4490=VECTOR('',#4489,1.E0);
#4491=CARTESIAN_POINT('',(-3.875E0,7.5E-1,-1.725E0));
#4492=LINE('',#4491,#4490);
#4493=DIRECTION('',(0.E0,0.E0,-1.E0));
#4494=VECTOR('',#4493,5.E-1);
#4495=CARTESIAN_POINT('',(-3.875E0,7.5E-1,-1.225E0));
#4496=LINE('',#4495,#4494);
#4497=DIRECTION('',(1.E0,0.E0,0.E0));
#4498=VECTOR('',#4497,1.E0);
#4499=CARTESIAN_POINT('',(-4.875E0,7.5E-1,-1.225E0));
#4500=LINE('',#4499,#4498);
#4501=DIRECTION('',(-1.E0,0.E0,0.E0));
#4502=VECTOR('',#4501,1.E0);
#4503=CARTESIAN_POINT('',(4.875E0,7.5E-1,-1.725E0));
#4504=LINE('',#4503,#4502);
#4505=DIRECTION('',(0.E0,0.E0,-1.E0));
#4506=VECTOR('',#4505,5.E-1);
#4507=CARTESIAN_POINT('',(4.875E0,7.5E-1,-1.225E0));
#4508=LINE('',#4507,#4506);
#4509=DIRECTION('',(1.E0,0.E0,0.E0));
#4510=VECTOR('',#4509,1.E0);
#4511=CARTESIAN_POINT('',(3.875E0,7.5E-1,-1.225E0));
#4512=LINE('',#4511,#4510);
#4513=DIRECTION('',(0.E0,0.E0,1.E0));
#4514=VECTOR('',#4513,5.E-1);
#4515=CARTESIAN_POINT('',(3.875E0,7.5E-1,-1.725E0));
#4516=LINE('',#4515,#4514);
#4517=DIRECTION('',(1.E0,0.E0,0.E0));
#4518=VECTOR('',#4517,1.13E0);
#4519=CARTESIAN_POINT('',(3.245E0,7.5E-1,1.725E0));
#4520=LINE('',#4519,#4518);
#4521=DIRECTION('',(0.E0,0.E0,-1.E0));
#4522=VECTOR('',#4521,1.E-1);
#4523=CARTESIAN_POINT('',(3.245E0,7.5E-1,1.825E0));
#4524=LINE('',#4523,#4522);
#4525=DIRECTION('',(1.E0,0.E0,0.E0));
#4526=VECTOR('',#4525,2.4E-1);
#4527=CARTESIAN_POINT('',(3.005E0,7.5E-1,1.825E0));
#4528=LINE('',#4527,#4526);
#4529=DIRECTION('',(0.E0,0.E0,1.E0));
#4530=VECTOR('',#4529,1.E-1);
#4531=CARTESIAN_POINT('',(3.005E0,7.5E-1,1.725E0));
#4532=LINE('',#4531,#4530);
#4533=DIRECTION('',(1.E0,0.E0,0.E0));
#4534=VECTOR('',#4533,1.01E0);
#4535=CARTESIAN_POINT('',(1.995E0,7.5E-1,1.725E0));
#4536=LINE('',#4535,#4534);
#4537=DIRECTION('',(0.E0,0.E0,-1.E0));
#4538=VECTOR('',#4537,1.E-1);
#4539=CARTESIAN_POINT('',(1.995E0,7.5E-1,1.825E0));
#4540=LINE('',#4539,#4538);
#4541=DIRECTION('',(1.E0,0.E0,0.E0));
#4542=VECTOR('',#4541,2.4E-1);
#4543=CARTESIAN_POINT('',(1.755E0,7.5E-1,1.825E0));
#4544=LINE('',#4543,#4542);
#4545=DIRECTION('',(0.E0,0.E0,1.E0));
#4546=VECTOR('',#4545,1.E-1);
#4547=CARTESIAN_POINT('',(1.755E0,7.5E-1,1.725E0));
#4548=LINE('',#4547,#4546);
#4549=DIRECTION('',(1.E0,0.E0,0.E0));
#4550=VECTOR('',#4549,1.01E0);
#4551=CARTESIAN_POINT('',(7.45E-1,7.5E-1,1.725E0));
#4552=LINE('',#4551,#4550);
#4553=DIRECTION('',(0.E0,0.E0,-1.E0));
#4554=VECTOR('',#4553,1.E-1);
#4555=CARTESIAN_POINT('',(7.45E-1,7.5E-1,1.825E0));
#4556=LINE('',#4555,#4554);
#4557=DIRECTION('',(1.E0,0.E0,0.E0));
#4558=VECTOR('',#4557,2.4E-1);
#4559=CARTESIAN_POINT('',(5.05E-1,7.5E-1,1.825E0));
#4560=LINE('',#4559,#4558);
#4561=DIRECTION('',(0.E0,0.E0,1.E0));
#4562=VECTOR('',#4561,1.E-1);
#4563=CARTESIAN_POINT('',(5.05E-1,7.5E-1,1.725E0));
#4564=LINE('',#4563,#4562);
#4565=DIRECTION('',(1.E0,0.E0,0.E0));
#4566=VECTOR('',#4565,1.01E0);
#4567=CARTESIAN_POINT('',(-5.05E-1,7.5E-1,1.725E0));
#4568=LINE('',#4567,#4566);
#4569=DIRECTION('',(0.E0,0.E0,-1.E0));
#4570=VECTOR('',#4569,1.E-1);
#4571=CARTESIAN_POINT('',(-5.05E-1,7.5E-1,1.825E0));
#4572=LINE('',#4571,#4570);
#4573=DIRECTION('',(1.E0,0.E0,0.E0));
#4574=VECTOR('',#4573,2.4E-1);
#4575=CARTESIAN_POINT('',(-7.45E-1,7.5E-1,1.825E0));
#4576=LINE('',#4575,#4574);
#4577=DIRECTION('',(0.E0,0.E0,1.E0));
#4578=VECTOR('',#4577,1.E-1);
#4579=CARTESIAN_POINT('',(-7.45E-1,7.5E-1,1.725E0));
#4580=LINE('',#4579,#4578);
#4581=DIRECTION('',(1.E0,0.E0,0.E0));
#4582=VECTOR('',#4581,1.01E0);
#4583=CARTESIAN_POINT('',(-1.755E0,7.5E-1,1.725E0));
#4584=LINE('',#4583,#4582);
#4585=DIRECTION('',(0.E0,0.E0,-1.E0));
#4586=VECTOR('',#4585,1.E-1);
#4587=CARTESIAN_POINT('',(-1.755E0,7.5E-1,1.825E0));
#4588=LINE('',#4587,#4586);
#4589=DIRECTION('',(1.E0,0.E0,0.E0));
#4590=VECTOR('',#4589,2.4E-1);
#4591=CARTESIAN_POINT('',(-1.995E0,7.5E-1,1.825E0));
#4592=LINE('',#4591,#4590);
#4593=DIRECTION('',(0.E0,0.E0,1.E0));
#4594=VECTOR('',#4593,1.E-1);
#4595=CARTESIAN_POINT('',(-1.995E0,7.5E-1,1.725E0));
#4596=LINE('',#4595,#4594);
#4597=DIRECTION('',(1.E0,0.E0,0.E0));
#4598=VECTOR('',#4597,1.01E0);
#4599=CARTESIAN_POINT('',(-3.005E0,7.5E-1,1.725E0));
#4600=LINE('',#4599,#4598);
#4601=DIRECTION('',(0.E0,0.E0,-1.E0));
#4602=VECTOR('',#4601,1.E-1);
#4603=CARTESIAN_POINT('',(-3.005E0,7.5E-1,1.825E0));
#4604=LINE('',#4603,#4602);
#4605=DIRECTION('',(1.E0,0.E0,0.E0));
#4606=VECTOR('',#4605,2.4E-1);
#4607=CARTESIAN_POINT('',(-3.245E0,7.5E-1,1.825E0));
#4608=LINE('',#4607,#4606);
#4609=DIRECTION('',(0.E0,0.E0,1.E0));
#4610=VECTOR('',#4609,1.E-1);
#4611=CARTESIAN_POINT('',(-3.245E0,7.5E-1,1.725E0));
#4612=LINE('',#4611,#4610);
#4613=DIRECTION('',(1.E0,0.E0,0.E0));
#4614=VECTOR('',#4613,1.13E0);
#4615=CARTESIAN_POINT('',(-4.375E0,7.5E-1,1.725E0));
#4616=LINE('',#4615,#4614);
#4617=DIRECTION('',(0.E0,0.E0,1.E0));
#4618=VECTOR('',#4617,2.5E0);
#4619=CARTESIAN_POINT('',(-4.375E0,7.5E-1,-7.75E-1));
#4620=LINE('',#4619,#4618);
#4621=DIRECTION('',(-1.E0,0.E0,0.E0));
#4622=VECTOR('',#4621,5.E-1);
#4623=CARTESIAN_POINT('',(-3.875E0,7.5E-1,-7.75E-1));
#4624=LINE('',#4623,#4622);
#4625=DIRECTION('',(0.E0,0.E0,-1.E0));
#4626=VECTOR('',#4625,8.E-1);
#4627=CARTESIAN_POINT('',(-3.875E0,7.5E-1,2.5E-2));
#4628=LINE('',#4627,#4626);
#4629=DIRECTION('',(-1.E0,0.E0,0.E0));
#4630=VECTOR('',#4629,4.E-1);
#4631=CARTESIAN_POINT('',(-3.475E0,7.5E-1,2.5E-2));
#4632=LINE('',#4631,#4630);
#4633=DIRECTION('',(0.E0,0.E0,1.E0));
#4634=VECTOR('',#4633,4.E-1);
#4635=CARTESIAN_POINT('',(-3.475E0,7.5E-1,2.5E-2));
#4636=LINE('',#4635,#4634);
#4637=DIRECTION('',(1.E0,0.E0,0.E0));
#4638=VECTOR('',#4637,2.E-1);
#4639=CARTESIAN_POINT('',(-3.475E0,7.5E-1,4.25E-1));
#4640=LINE('',#4639,#4638);
#4641=DIRECTION('',(0.E0,0.E0,-1.E0));
#4642=VECTOR('',#4641,4.E-1);
#4643=CARTESIAN_POINT('',(-3.275E0,7.5E-1,4.25E-1));
#4644=LINE('',#4643,#4642);
#4645=DIRECTION('',(-1.E0,0.E0,0.E0));
#4646=VECTOR('',#4645,3.E-1);
#4647=CARTESIAN_POINT('',(-2.975E0,7.5E-1,2.5E-2));
#4648=LINE('',#4647,#4646);
#4649=DIRECTION('',(0.E0,0.E0,1.E0));
#4650=VECTOR('',#4649,4.E-1);
#4651=CARTESIAN_POINT('',(-2.975E0,7.5E-1,2.5E-2));
#4652=LINE('',#4651,#4650);
#4653=DIRECTION('',(1.E0,0.E0,0.E0));
#4654=VECTOR('',#4653,2.E-1);
#4655=CARTESIAN_POINT('',(-2.975E0,7.5E-1,4.25E-1));
#4656=LINE('',#4655,#4654);
#4657=DIRECTION('',(0.E0,0.E0,-1.E0));
#4658=VECTOR('',#4657,4.E-1);
#4659=CARTESIAN_POINT('',(-2.775E0,7.5E-1,4.25E-1));
#4660=LINE('',#4659,#4658);
#4661=DIRECTION('',(-1.E0,0.E0,0.E0));
#4662=VECTOR('',#4661,5.5E-1);
#4663=CARTESIAN_POINT('',(-2.225E0,7.5E-1,2.5E-2));
#4664=LINE('',#4663,#4662);
#4665=DIRECTION('',(0.E0,0.E0,1.E0));
#4666=VECTOR('',#4665,4.E-1);
#4667=CARTESIAN_POINT('',(-2.225E0,7.5E-1,2.5E-2));
#4668=LINE('',#4667,#4666);
#4669=DIRECTION('',(1.E0,0.E0,0.E0));
#4670=VECTOR('',#4669,2.E-1);
#4671=CARTESIAN_POINT('',(-2.225E0,7.5E-1,4.25E-1));
#4672=LINE('',#4671,#4670);
#4673=DIRECTION('',(0.E0,0.E0,-1.E0));
#4674=VECTOR('',#4673,4.E-1);
#4675=CARTESIAN_POINT('',(-2.025E0,7.5E-1,4.25E-1));
#4676=LINE('',#4675,#4674);
#4677=DIRECTION('',(-1.E0,0.E0,0.E0));
#4678=VECTOR('',#4677,3.E-1);
#4679=CARTESIAN_POINT('',(-1.725E0,7.5E-1,2.5E-2));
#4680=LINE('',#4679,#4678);
#4681=DIRECTION('',(0.E0,0.E0,1.E0));
#4682=VECTOR('',#4681,4.E-1);
#4683=CARTESIAN_POINT('',(-1.725E0,7.5E-1,2.5E-2));
#4684=LINE('',#4683,#4682);
#4685=DIRECTION('',(1.E0,0.E0,0.E0));
#4686=VECTOR('',#4685,2.E-1);
#4687=CARTESIAN_POINT('',(-1.725E0,7.5E-1,4.25E-1));
#4688=LINE('',#4687,#4686);
#4689=DIRECTION('',(0.E0,0.E0,-1.E0));
#4690=VECTOR('',#4689,4.E-1);
#4691=CARTESIAN_POINT('',(-1.525E0,7.5E-1,4.25E-1));
#4692=LINE('',#4691,#4690);
#4693=DIRECTION('',(-1.E0,0.E0,0.E0));
#4694=VECTOR('',#4693,5.5E-1);
#4695=CARTESIAN_POINT('',(-9.75E-1,7.5E-1,2.5E-2));
#4696=LINE('',#4695,#4694);
#4697=DIRECTION('',(0.E0,0.E0,1.E0));
#4698=VECTOR('',#4697,4.E-1);
#4699=CARTESIAN_POINT('',(-9.75E-1,7.5E-1,2.5E-2));
#4700=LINE('',#4699,#4698);
#4701=DIRECTION('',(1.E0,0.E0,0.E0));
#4702=VECTOR('',#4701,2.E-1);
#4703=CARTESIAN_POINT('',(-9.75E-1,7.5E-1,4.25E-1));
#4704=LINE('',#4703,#4702);
#4705=DIRECTION('',(0.E0,0.E0,-1.E0));
#4706=VECTOR('',#4705,4.E-1);
#4707=CARTESIAN_POINT('',(-7.75E-1,7.5E-1,4.25E-1));
#4708=LINE('',#4707,#4706);
#4709=DIRECTION('',(-1.E0,0.E0,0.E0));
#4710=VECTOR('',#4709,3.E-1);
#4711=CARTESIAN_POINT('',(-4.75E-1,7.5E-1,2.5E-2));
#4712=LINE('',#4711,#4710);
#4713=DIRECTION('',(0.E0,0.E0,1.E0));
#4714=VECTOR('',#4713,4.E-1);
#4715=CARTESIAN_POINT('',(-4.75E-1,7.5E-1,2.5E-2));
#4716=LINE('',#4715,#4714);
#4717=DIRECTION('',(1.E0,0.E0,0.E0));
#4718=VECTOR('',#4717,2.E-1);
#4719=CARTESIAN_POINT('',(-4.75E-1,7.5E-1,4.25E-1));
#4720=LINE('',#4719,#4718);
#4721=DIRECTION('',(0.E0,0.E0,-1.E0));
#4722=VECTOR('',#4721,4.E-1);
#4723=CARTESIAN_POINT('',(-2.75E-1,7.5E-1,4.25E-1));
#4724=LINE('',#4723,#4722);
#4725=DIRECTION('',(-1.E0,0.E0,0.E0));
#4726=VECTOR('',#4725,5.5E-1);
#4727=CARTESIAN_POINT('',(2.75E-1,7.5E-1,2.5E-2));
#4728=LINE('',#4727,#4726);
#4729=DIRECTION('',(0.E0,0.E0,1.E0));
#4730=VECTOR('',#4729,4.E-1);
#4731=CARTESIAN_POINT('',(2.75E-1,7.5E-1,2.5E-2));
#4732=LINE('',#4731,#4730);
#4733=DIRECTION('',(1.E0,0.E0,0.E0));
#4734=VECTOR('',#4733,2.E-1);
#4735=CARTESIAN_POINT('',(2.75E-1,7.5E-1,4.25E-1));
#4736=LINE('',#4735,#4734);
#4737=DIRECTION('',(0.E0,0.E0,-1.E0));
#4738=VECTOR('',#4737,4.E-1);
#4739=CARTESIAN_POINT('',(4.75E-1,7.5E-1,4.25E-1));
#4740=LINE('',#4739,#4738);
#4741=DIRECTION('',(-1.E0,0.E0,0.E0));
#4742=VECTOR('',#4741,3.E-1);
#4743=CARTESIAN_POINT('',(7.75E-1,7.5E-1,2.5E-2));
#4744=LINE('',#4743,#4742);
#4745=DIRECTION('',(0.E0,0.E0,1.E0));
#4746=VECTOR('',#4745,4.E-1);
#4747=CARTESIAN_POINT('',(7.75E-1,7.5E-1,2.5E-2));
#4748=LINE('',#4747,#4746);
#4749=DIRECTION('',(1.E0,0.E0,0.E0));
#4750=VECTOR('',#4749,2.E-1);
#4751=CARTESIAN_POINT('',(7.75E-1,7.5E-1,4.25E-1));
#4752=LINE('',#4751,#4750);
#4753=DIRECTION('',(0.E0,0.E0,-1.E0));
#4754=VECTOR('',#4753,4.E-1);
#4755=CARTESIAN_POINT('',(9.75E-1,7.5E-1,4.25E-1));
#4756=LINE('',#4755,#4754);
#4757=DIRECTION('',(-1.E0,0.E0,0.E0));
#4758=VECTOR('',#4757,5.5E-1);
#4759=CARTESIAN_POINT('',(1.525E0,7.5E-1,2.5E-2));
#4760=LINE('',#4759,#4758);
#4761=DIRECTION('',(0.E0,0.E0,1.E0));
#4762=VECTOR('',#4761,4.E-1);
#4763=CARTESIAN_POINT('',(1.525E0,7.5E-1,2.5E-2));
#4764=LINE('',#4763,#4762);
#4765=DIRECTION('',(1.E0,0.E0,0.E0));
#4766=VECTOR('',#4765,2.E-1);
#4767=CARTESIAN_POINT('',(1.525E0,7.5E-1,4.25E-1));
#4768=LINE('',#4767,#4766);
#4769=DIRECTION('',(0.E0,0.E0,-1.E0));
#4770=VECTOR('',#4769,4.E-1);
#4771=CARTESIAN_POINT('',(1.725E0,7.5E-1,4.25E-1));
#4772=LINE('',#4771,#4770);
#4773=DIRECTION('',(-1.E0,0.E0,0.E0));
#4774=VECTOR('',#4773,3.E-1);
#4775=CARTESIAN_POINT('',(2.025E0,7.5E-1,2.5E-2));
#4776=LINE('',#4775,#4774);
#4777=DIRECTION('',(0.E0,0.E0,1.E0));
#4778=VECTOR('',#4777,4.E-1);
#4779=CARTESIAN_POINT('',(2.025E0,7.5E-1,2.5E-2));
#4780=LINE('',#4779,#4778);
#4781=DIRECTION('',(1.E0,0.E0,0.E0));
#4782=VECTOR('',#4781,2.E-1);
#4783=CARTESIAN_POINT('',(2.025E0,7.5E-1,4.25E-1));
#4784=LINE('',#4783,#4782);
#4785=DIRECTION('',(0.E0,0.E0,-1.E0));
#4786=VECTOR('',#4785,4.E-1);
#4787=CARTESIAN_POINT('',(2.225E0,7.5E-1,4.25E-1));
#4788=LINE('',#4787,#4786);
#4789=DIRECTION('',(-1.E0,0.E0,0.E0));
#4790=VECTOR('',#4789,5.5E-1);
#4791=CARTESIAN_POINT('',(2.775E0,7.5E-1,2.5E-2));
#4792=LINE('',#4791,#4790);
#4793=DIRECTION('',(0.E0,0.E0,1.E0));
#4794=VECTOR('',#4793,4.E-1);
#4795=CARTESIAN_POINT('',(2.775E0,7.5E-1,2.5E-2));
#4796=LINE('',#4795,#4794);
#4797=DIRECTION('',(1.E0,0.E0,0.E0));
#4798=VECTOR('',#4797,2.E-1);
#4799=CARTESIAN_POINT('',(2.775E0,7.5E-1,4.25E-1));
#4800=LINE('',#4799,#4798);
#4801=DIRECTION('',(0.E0,0.E0,-1.E0));
#4802=VECTOR('',#4801,4.E-1);
#4803=CARTESIAN_POINT('',(2.975E0,7.5E-1,4.25E-1));
#4804=LINE('',#4803,#4802);
#4805=DIRECTION('',(-1.E0,0.E0,0.E0));
#4806=VECTOR('',#4805,3.E-1);
#4807=CARTESIAN_POINT('',(3.275E0,7.5E-1,2.5E-2));
#4808=LINE('',#4807,#4806);
#4809=DIRECTION('',(0.E0,0.E0,1.E0));
#4810=VECTOR('',#4809,4.E-1);
#4811=CARTESIAN_POINT('',(3.275E0,7.5E-1,2.5E-2));
#4812=LINE('',#4811,#4810);
#4813=DIRECTION('',(1.E0,0.E0,0.E0));
#4814=VECTOR('',#4813,2.E-1);
#4815=CARTESIAN_POINT('',(3.275E0,7.5E-1,4.25E-1));
#4816=LINE('',#4815,#4814);
#4817=DIRECTION('',(0.E0,0.E0,-1.E0));
#4818=VECTOR('',#4817,4.E-1);
#4819=CARTESIAN_POINT('',(3.475E0,7.5E-1,4.25E-1));
#4820=LINE('',#4819,#4818);
#4821=DIRECTION('',(-1.E0,0.E0,0.E0));
#4822=VECTOR('',#4821,4.E-1);
#4823=CARTESIAN_POINT('',(3.875E0,7.5E-1,2.5E-2));
#4824=LINE('',#4823,#4822);
#4825=DIRECTION('',(0.E0,0.E0,1.E0));
#4826=VECTOR('',#4825,8.E-1);
#4827=CARTESIAN_POINT('',(3.875E0,7.5E-1,-7.75E-1));
#4828=LINE('',#4827,#4826);
#4829=DIRECTION('',(-1.E0,0.E0,0.E0));
#4830=VECTOR('',#4829,5.E-1);
#4831=CARTESIAN_POINT('',(4.375E0,7.5E-1,-7.75E-1));
#4832=LINE('',#4831,#4830);
#4833=DIRECTION('',(0.E0,0.E0,-1.E0));
#4834=VECTOR('',#4833,2.5E0);
#4835=CARTESIAN_POINT('',(4.375E0,7.5E-1,1.725E0));
#4836=LINE('',#4835,#4834);
#4837=DIRECTION('',(0.E0,0.E0,-1.E0));
#4838=VECTOR('',#4837,3.E-1);
#4839=CARTESIAN_POINT('',(-3.025E0,7.5E-1,1.775E0));
#4840=LINE('',#4839,#4838);
#4841=DIRECTION('',(-1.E0,0.E0,0.E0));
#4842=VECTOR('',#4841,2.E-1);
#4843=CARTESIAN_POINT('',(-3.025E0,7.5E-1,1.475E0));
#4844=LINE('',#4843,#4842);
#4845=DIRECTION('',(0.E0,0.E0,1.E0));
#4846=VECTOR('',#4845,3.E-1);
#4847=CARTESIAN_POINT('',(-3.225E0,7.5E-1,1.475E0));
#4848=LINE('',#4847,#4846);
#4849=DIRECTION('',(1.E0,0.E0,0.E0));
#4850=VECTOR('',#4849,2.E-1);
#4851=CARTESIAN_POINT('',(-3.225E0,7.5E-1,1.775E0));
#4852=LINE('',#4851,#4850);
#4853=DIRECTION('',(0.E0,0.E0,-1.E0));
#4854=VECTOR('',#4853,4.5E-1);
#4855=CARTESIAN_POINT('',(-3.025E0,7.5E-1,5.E-1));
#4856=LINE('',#4855,#4854);
#4857=DIRECTION('',(-1.E0,0.E0,0.E0));
#4858=VECTOR('',#4857,2.E-1);
#4859=CARTESIAN_POINT('',(-3.025E0,7.5E-1,5.E-2));
#4860=LINE('',#4859,#4858);
#4861=DIRECTION('',(0.E0,0.E0,1.E0));
#4862=VECTOR('',#4861,4.5E-1);
#4863=CARTESIAN_POINT('',(-3.225E0,7.5E-1,5.E-2));
#4864=LINE('',#4863,#4862);
#4865=DIRECTION('',(1.E0,0.E0,0.E0));
#4866=VECTOR('',#4865,2.E-1);
#4867=CARTESIAN_POINT('',(-3.225E0,7.5E-1,5.E-1));
#4868=LINE('',#4867,#4866);
#4869=DIRECTION('',(0.E0,0.E0,-1.E0));
#4870=VECTOR('',#4869,3.E-1);
#4871=CARTESIAN_POINT('',(-1.775E0,7.5E-1,1.775E0));
#4872=LINE('',#4871,#4870);
#4873=DIRECTION('',(-1.E0,0.E0,0.E0));
#4874=VECTOR('',#4873,2.E-1);
#4875=CARTESIAN_POINT('',(-1.775E0,7.5E-1,1.475E0));
#4876=LINE('',#4875,#4874);
#4877=DIRECTION('',(0.E0,0.E0,1.E0));
#4878=VECTOR('',#4877,3.E-1);
#4879=CARTESIAN_POINT('',(-1.975E0,7.5E-1,1.475E0));
#4880=LINE('',#4879,#4878);
#4881=DIRECTION('',(1.E0,0.E0,0.E0));
#4882=VECTOR('',#4881,2.E-1);
#4883=CARTESIAN_POINT('',(-1.975E0,7.5E-1,1.775E0));
#4884=LINE('',#4883,#4882);
#4885=DIRECTION('',(0.E0,0.E0,-1.E0));
#4886=VECTOR('',#4885,4.5E-1);
#4887=CARTESIAN_POINT('',(-1.775E0,7.5E-1,5.E-1));
#4888=LINE('',#4887,#4886);
#4889=DIRECTION('',(-1.E0,0.E0,0.E0));
#4890=VECTOR('',#4889,2.E-1);
#4891=CARTESIAN_POINT('',(-1.775E0,7.5E-1,5.E-2));
#4892=LINE('',#4891,#4890);
#4893=DIRECTION('',(0.E0,0.E0,1.E0));
#4894=VECTOR('',#4893,4.5E-1);
#4895=CARTESIAN_POINT('',(-1.975E0,7.5E-1,5.E-2));
#4896=LINE('',#4895,#4894);
#4897=DIRECTION('',(1.E0,0.E0,0.E0));
#4898=VECTOR('',#4897,2.E-1);
#4899=CARTESIAN_POINT('',(-1.975E0,7.5E-1,5.E-1));
#4900=LINE('',#4899,#4898);
#4901=DIRECTION('',(0.E0,0.E0,-1.E0));
#4902=VECTOR('',#4901,3.E-1);
#4903=CARTESIAN_POINT('',(-5.25E-1,7.5E-1,1.775E0));
#4904=LINE('',#4903,#4902);
#4905=DIRECTION('',(-1.E0,0.E0,0.E0));
#4906=VECTOR('',#4905,2.E-1);
#4907=CARTESIAN_POINT('',(-5.25E-1,7.5E-1,1.475E0));
#4908=LINE('',#4907,#4906);
#4909=DIRECTION('',(0.E0,0.E0,1.E0));
#4910=VECTOR('',#4909,3.E-1);
#4911=CARTESIAN_POINT('',(-7.25E-1,7.5E-1,1.475E0));
#4912=LINE('',#4911,#4910);
#4913=DIRECTION('',(1.E0,0.E0,0.E0));
#4914=VECTOR('',#4913,2.E-1);
#4915=CARTESIAN_POINT('',(-7.25E-1,7.5E-1,1.775E0));
#4916=LINE('',#4915,#4914);
#4917=DIRECTION('',(0.E0,0.E0,-1.E0));
#4918=VECTOR('',#4917,4.5E-1);
#4919=CARTESIAN_POINT('',(-5.25E-1,7.5E-1,5.E-1));
#4920=LINE('',#4919,#4918);
#4921=DIRECTION('',(-1.E0,0.E0,0.E0));
#4922=VECTOR('',#4921,2.E-1);
#4923=CARTESIAN_POINT('',(-5.25E-1,7.5E-1,5.E-2));
#4924=LINE('',#4923,#4922);
#4925=DIRECTION('',(0.E0,0.E0,1.E0));
#4926=VECTOR('',#4925,4.5E-1);
#4927=CARTESIAN_POINT('',(-7.25E-1,7.5E-1,5.E-2));
#4928=LINE('',#4927,#4926);
#4929=DIRECTION('',(1.E0,0.E0,0.E0));
#4930=VECTOR('',#4929,2.E-1);
#4931=CARTESIAN_POINT('',(-7.25E-1,7.5E-1,5.E-1));
#4932=LINE('',#4931,#4930);
#4933=DIRECTION('',(0.E0,0.E0,-1.E0));
#4934=VECTOR('',#4933,3.E-1);
#4935=CARTESIAN_POINT('',(7.25E-1,7.5E-1,1.775E0));
#4936=LINE('',#4935,#4934);
#4937=DIRECTION('',(-1.E0,0.E0,0.E0));
#4938=VECTOR('',#4937,2.E-1);
#4939=CARTESIAN_POINT('',(7.25E-1,7.5E-1,1.475E0));
#4940=LINE('',#4939,#4938);
#4941=DIRECTION('',(0.E0,0.E0,1.E0));
#4942=VECTOR('',#4941,3.E-1);
#4943=CARTESIAN_POINT('',(5.25E-1,7.5E-1,1.475E0));
#4944=LINE('',#4943,#4942);
#4945=DIRECTION('',(1.E0,0.E0,0.E0));
#4946=VECTOR('',#4945,2.E-1);
#4947=CARTESIAN_POINT('',(5.25E-1,7.5E-1,1.775E0));
#4948=LINE('',#4947,#4946);
#4949=DIRECTION('',(0.E0,0.E0,-1.E0));
#4950=VECTOR('',#4949,4.5E-1);
#4951=CARTESIAN_POINT('',(7.25E-1,7.5E-1,5.E-1));
#4952=LINE('',#4951,#4950);
#4953=DIRECTION('',(-1.E0,0.E0,0.E0));
#4954=VECTOR('',#4953,2.E-1);
#4955=CARTESIAN_POINT('',(7.25E-1,7.5E-1,5.E-2));
#4956=LINE('',#4955,#4954);
#4957=DIRECTION('',(0.E0,0.E0,1.E0));
#4958=VECTOR('',#4957,4.5E-1);
#4959=CARTESIAN_POINT('',(5.25E-1,7.5E-1,5.E-2));
#4960=LINE('',#4959,#4958);
#4961=DIRECTION('',(1.E0,0.E0,0.E0));
#4962=VECTOR('',#4961,2.E-1);
#4963=CARTESIAN_POINT('',(5.25E-1,7.5E-1,5.E-1));
#4964=LINE('',#4963,#4962);
#4965=DIRECTION('',(0.E0,0.E0,-1.E0));
#4966=VECTOR('',#4965,3.E-1);
#4967=CARTESIAN_POINT('',(1.975E0,7.5E-1,1.775E0));
#4968=LINE('',#4967,#4966);
#4969=DIRECTION('',(-1.E0,0.E0,0.E0));
#4970=VECTOR('',#4969,2.E-1);
#4971=CARTESIAN_POINT('',(1.975E0,7.5E-1,1.475E0));
#4972=LINE('',#4971,#4970);
#4973=DIRECTION('',(0.E0,0.E0,1.E0));
#4974=VECTOR('',#4973,3.E-1);
#4975=CARTESIAN_POINT('',(1.775E0,7.5E-1,1.475E0));
#4976=LINE('',#4975,#4974);
#4977=DIRECTION('',(1.E0,0.E0,0.E0));
#4978=VECTOR('',#4977,2.E-1);
#4979=CARTESIAN_POINT('',(1.775E0,7.5E-1,1.775E0));
#4980=LINE('',#4979,#4978);
#4981=DIRECTION('',(0.E0,0.E0,-1.E0));
#4982=VECTOR('',#4981,4.5E-1);
#4983=CARTESIAN_POINT('',(1.975E0,7.5E-1,5.E-1));
#4984=LINE('',#4983,#4982);
#4985=DIRECTION('',(-1.E0,0.E0,0.E0));
#4986=VECTOR('',#4985,2.E-1);
#4987=CARTESIAN_POINT('',(1.975E0,7.5E-1,5.E-2));
#4988=LINE('',#4987,#4986);
#4989=DIRECTION('',(0.E0,0.E0,1.E0));
#4990=VECTOR('',#4989,4.5E-1);
#4991=CARTESIAN_POINT('',(1.775E0,7.5E-1,5.E-2));
#4992=LINE('',#4991,#4990);
#4993=DIRECTION('',(1.E0,0.E0,0.E0));
#4994=VECTOR('',#4993,2.E-1);
#4995=CARTESIAN_POINT('',(1.775E0,7.5E-1,5.E-1));
#4996=LINE('',#4995,#4994);
#4997=DIRECTION('',(0.E0,0.E0,-1.E0));
#4998=VECTOR('',#4997,3.E-1);
#4999=CARTESIAN_POINT('',(3.225E0,7.5E-1,1.775E0));
#5000=LINE('',#4999,#4998);
#5001=DIRECTION('',(-1.E0,0.E0,0.E0));
#5002=VECTOR('',#5001,2.E-1);
#5003=CARTESIAN_POINT('',(3.225E0,7.5E-1,1.475E0));
#5004=LINE('',#5003,#5002);
#5005=DIRECTION('',(0.E0,0.E0,1.E0));
#5006=VECTOR('',#5005,3.E-1);
#5007=CARTESIAN_POINT('',(3.025E0,7.5E-1,1.475E0));
#5008=LINE('',#5007,#5006);
#5009=DIRECTION('',(1.E0,0.E0,0.E0));
#5010=VECTOR('',#5009,2.E-1);
#5011=CARTESIAN_POINT('',(3.025E0,7.5E-1,1.775E0));
#5012=LINE('',#5011,#5010);
#5013=DIRECTION('',(0.E0,0.E0,-1.E0));
#5014=VECTOR('',#5013,4.5E-1);
#5015=CARTESIAN_POINT('',(3.225E0,7.5E-1,5.E-1));
#5016=LINE('',#5015,#5014);
#5017=DIRECTION('',(-1.E0,0.E0,0.E0));
#5018=VECTOR('',#5017,2.E-1);
#5019=CARTESIAN_POINT('',(3.225E0,7.5E-1,5.E-2));
#5020=LINE('',#5019,#5018);
#5021=DIRECTION('',(0.E0,0.E0,1.E0));
#5022=VECTOR('',#5021,4.5E-1);
#5023=CARTESIAN_POINT('',(3.025E0,7.5E-1,5.E-2));
#5024=LINE('',#5023,#5022);
#5025=DIRECTION('',(1.E0,0.E0,0.E0));
#5026=VECTOR('',#5025,2.E-1);
#5027=CARTESIAN_POINT('',(3.025E0,7.5E-1,5.E-1));
#5028=LINE('',#5027,#5026);
#5029=DIRECTION('',(0.E0,-1.E0,0.E0));
#5030=VECTOR('',#5029,3.5E0);
#5031=CARTESIAN_POINT('',(4.875E0,4.25E0,-1.725E0));
#5032=LINE('',#5031,#5030);
#5033=DIRECTION('',(0.E0,-1.E0,0.E0));
#5034=VECTOR('',#5033,3.5E0);
#5035=CARTESIAN_POINT('',(4.875E0,4.25E0,-1.225E0));
#5036=LINE('',#5035,#5034);
#5037=DIRECTION('',(0.E0,-1.E0,0.E0));
#5038=VECTOR('',#5037,3.5E0);
#5039=CARTESIAN_POINT('',(3.875E0,4.25E0,-1.225E0));
#5040=LINE('',#5039,#5038);
#5041=DIRECTION('',(0.E0,-1.E0,0.E0));
#5042=VECTOR('',#5041,3.5E0);
#5043=CARTESIAN_POINT('',(3.875E0,4.25E0,-1.725E0));
#5044=LINE('',#5043,#5042);
#5045=DIRECTION('',(0.E0,1.E0,0.E0));
#5046=VECTOR('',#5045,3.5E0);
#5047=CARTESIAN_POINT('',(-3.245E0,7.5E-1,1.725E0));
#5048=LINE('',#5047,#5046);
#5049=DIRECTION('',(0.E0,-1.E0,0.E0));
#5050=VECTOR('',#5049,3.5E0);
#5051=CARTESIAN_POINT('',(-4.375E0,4.25E0,1.725E0));
#5052=LINE('',#5051,#5050);
#5053=DIRECTION('',(0.E0,1.E0,0.E0));
#5054=VECTOR('',#5053,3.5E0);
#5055=CARTESIAN_POINT('',(-1.995E0,7.5E-1,1.725E0));
#5056=LINE('',#5055,#5054);
#5057=DIRECTION('',(0.E0,1.E0,0.E0));
#5058=VECTOR('',#5057,3.5E0);
#5059=CARTESIAN_POINT('',(-3.005E0,7.5E-1,1.725E0));
#5060=LINE('',#5059,#5058);
#5061=DIRECTION('',(0.E0,1.E0,0.E0));
#5062=VECTOR('',#5061,3.5E0);
#5063=CARTESIAN_POINT('',(-7.45E-1,7.5E-1,1.725E0));
#5064=LINE('',#5063,#5062);
#5065=DIRECTION('',(0.E0,1.E0,0.E0));
#5066=VECTOR('',#5065,3.5E0);
#5067=CARTESIAN_POINT('',(-1.755E0,7.5E-1,1.725E0));
#5068=LINE('',#5067,#5066);
#5069=DIRECTION('',(0.E0,1.E0,0.E0));
#5070=VECTOR('',#5069,3.5E0);
#5071=CARTESIAN_POINT('',(5.05E-1,7.5E-1,1.725E0));
#5072=LINE('',#5071,#5070);
#5073=DIRECTION('',(0.E0,1.E0,0.E0));
#5074=VECTOR('',#5073,3.5E0);
#5075=CARTESIAN_POINT('',(-5.05E-1,7.5E-1,1.725E0));
#5076=LINE('',#5075,#5074);
#5077=DIRECTION('',(0.E0,1.E0,0.E0));
#5078=VECTOR('',#5077,3.5E0);
#5079=CARTESIAN_POINT('',(1.755E0,7.5E-1,1.725E0));
#5080=LINE('',#5079,#5078);
#5081=DIRECTION('',(0.E0,1.E0,0.E0));
#5082=VECTOR('',#5081,3.5E0);
#5083=CARTESIAN_POINT('',(7.45E-1,7.5E-1,1.725E0));
#5084=LINE('',#5083,#5082);
#5085=DIRECTION('',(0.E0,1.E0,0.E0));
#5086=VECTOR('',#5085,3.5E0);
#5087=CARTESIAN_POINT('',(3.005E0,7.5E-1,1.725E0));
#5088=LINE('',#5087,#5086);
#5089=DIRECTION('',(0.E0,1.E0,0.E0));
#5090=VECTOR('',#5089,3.5E0);
#5091=CARTESIAN_POINT('',(1.995E0,7.5E-1,1.725E0));
#5092=LINE('',#5091,#5090);
#5093=DIRECTION('',(0.E0,1.E0,0.E0));
#5094=VECTOR('',#5093,3.5E0);
#5095=CARTESIAN_POINT('',(3.245E0,7.5E-1,1.725E0));
#5096=LINE('',#5095,#5094);
#5097=DIRECTION('',(0.E0,-1.E0,0.E0));
#5098=VECTOR('',#5097,3.5E0);
#5099=CARTESIAN_POINT('',(-3.245E0,4.25E0,1.825E0));
#5100=LINE('',#5099,#5098);
#5101=DIRECTION('',(0.E0,-1.E0,0.E0));
#5102=VECTOR('',#5101,3.5E0);
#5103=CARTESIAN_POINT('',(-3.005E0,4.25E0,1.825E0));
#5104=LINE('',#5103,#5102);
#5105=DIRECTION('',(0.E0,-1.E0,0.E0));
#5106=VECTOR('',#5105,3.5E0);
#5107=CARTESIAN_POINT('',(-4.375E0,4.25E0,-7.75E-1));
#5108=LINE('',#5107,#5106);
#5109=DIRECTION('',(0.E0,-1.E0,0.E0));
#5110=VECTOR('',#5109,3.5E0);
#5111=CARTESIAN_POINT('',(-3.875E0,4.25E0,-7.75E-1));
#5112=LINE('',#5111,#5110);
#5113=DIRECTION('',(0.E0,-1.E0,0.E0));
#5114=VECTOR('',#5113,3.5E0);
#5115=CARTESIAN_POINT('',(-3.875E0,4.25E0,2.5E-2));
#5116=LINE('',#5115,#5114);
#5117=DIRECTION('',(0.E0,1.E0,0.E0));
#5118=VECTOR('',#5117,3.5E0);
#5119=CARTESIAN_POINT('',(-2.975E0,7.5E-1,2.5E-2));
#5120=LINE('',#5119,#5118);
#5121=DIRECTION('',(0.E0,1.E0,0.E0));
#5122=VECTOR('',#5121,3.5E0);
#5123=CARTESIAN_POINT('',(-3.275E0,7.5E-1,2.5E-2));
#5124=LINE('',#5123,#5122);
#5125=DIRECTION('',(0.E0,1.E0,0.E0));
#5126=VECTOR('',#5125,3.5E0);
#5127=CARTESIAN_POINT('',(-3.475E0,7.5E-1,2.5E-2));
#5128=LINE('',#5127,#5126);
#5129=DIRECTION('',(0.E0,1.E0,0.E0));
#5130=VECTOR('',#5129,3.5E0);
#5131=CARTESIAN_POINT('',(-1.725E0,7.5E-1,2.5E-2));
#5132=LINE('',#5131,#5130);
#5133=DIRECTION('',(0.E0,1.E0,0.E0));
#5134=VECTOR('',#5133,3.5E0);
#5135=CARTESIAN_POINT('',(-2.025E0,7.5E-1,2.5E-2));
#5136=LINE('',#5135,#5134);
#5137=DIRECTION('',(0.E0,1.E0,0.E0));
#5138=VECTOR('',#5137,3.5E0);
#5139=CARTESIAN_POINT('',(-2.225E0,7.5E-1,2.5E-2));
#5140=LINE('',#5139,#5138);
#5141=DIRECTION('',(0.E0,1.E0,0.E0));
#5142=VECTOR('',#5141,3.5E0);
#5143=CARTESIAN_POINT('',(-2.775E0,7.5E-1,2.5E-2));
#5144=LINE('',#5143,#5142);
#5145=DIRECTION('',(0.E0,1.E0,0.E0));
#5146=VECTOR('',#5145,3.5E0);
#5147=CARTESIAN_POINT('',(-4.75E-1,7.5E-1,2.5E-2));
#5148=LINE('',#5147,#5146);
#5149=DIRECTION('',(0.E0,1.E0,0.E0));
#5150=VECTOR('',#5149,3.5E0);
#5151=CARTESIAN_POINT('',(-7.75E-1,7.5E-1,2.5E-2));
#5152=LINE('',#5151,#5150);
#5153=DIRECTION('',(0.E0,1.E0,0.E0));
#5154=VECTOR('',#5153,3.5E0);
#5155=CARTESIAN_POINT('',(-9.75E-1,7.5E-1,2.5E-2));
#5156=LINE('',#5155,#5154);
#5157=DIRECTION('',(0.E0,1.E0,0.E0));
#5158=VECTOR('',#5157,3.5E0);
#5159=CARTESIAN_POINT('',(-1.525E0,7.5E-1,2.5E-2));
#5160=LINE('',#5159,#5158);
#5161=DIRECTION('',(0.E0,1.E0,0.E0));
#5162=VECTOR('',#5161,3.5E0);
#5163=CARTESIAN_POINT('',(7.75E-1,7.5E-1,2.5E-2));
#5164=LINE('',#5163,#5162);
#5165=DIRECTION('',(0.E0,1.E0,0.E0));
#5166=VECTOR('',#5165,3.5E0);
#5167=CARTESIAN_POINT('',(4.75E-1,7.5E-1,2.5E-2));
#5168=LINE('',#5167,#5166);
#5169=DIRECTION('',(0.E0,1.E0,0.E0));
#5170=VECTOR('',#5169,3.5E0);
#5171=CARTESIAN_POINT('',(2.75E-1,7.5E-1,2.5E-2));
#5172=LINE('',#5171,#5170);
#5173=DIRECTION('',(0.E0,1.E0,0.E0));
#5174=VECTOR('',#5173,3.5E0);
#5175=CARTESIAN_POINT('',(-2.75E-1,7.5E-1,2.5E-2));
#5176=LINE('',#5175,#5174);
#5177=DIRECTION('',(0.E0,1.E0,0.E0));
#5178=VECTOR('',#5177,3.5E0);
#5179=CARTESIAN_POINT('',(2.025E0,7.5E-1,2.5E-2));
#5180=LINE('',#5179,#5178);
#5181=DIRECTION('',(0.E0,1.E0,0.E0));
#5182=VECTOR('',#5181,3.5E0);
#5183=CARTESIAN_POINT('',(1.725E0,7.5E-1,2.5E-2));
#5184=LINE('',#5183,#5182);
#5185=DIRECTION('',(0.E0,1.E0,0.E0));
#5186=VECTOR('',#5185,3.5E0);
#5187=CARTESIAN_POINT('',(1.525E0,7.5E-1,2.5E-2));
#5188=LINE('',#5187,#5186);
#5189=DIRECTION('',(0.E0,1.E0,0.E0));
#5190=VECTOR('',#5189,3.5E0);
#5191=CARTESIAN_POINT('',(9.75E-1,7.5E-1,2.5E-2));
#5192=LINE('',#5191,#5190);
#5193=DIRECTION('',(0.E0,1.E0,0.E0));
#5194=VECTOR('',#5193,3.5E0);
#5195=CARTESIAN_POINT('',(3.275E0,7.5E-1,2.5E-2));
#5196=LINE('',#5195,#5194);
#5197=DIRECTION('',(0.E0,1.E0,0.E0));
#5198=VECTOR('',#5197,3.5E0);
#5199=CARTESIAN_POINT('',(2.975E0,7.5E-1,2.5E-2));
#5200=LINE('',#5199,#5198);
#5201=DIRECTION('',(0.E0,1.E0,0.E0));
#5202=VECTOR('',#5201,3.5E0);
#5203=CARTESIAN_POINT('',(3.475E0,7.5E-1,2.5E-2));
#5204=LINE('',#5203,#5202);
#5205=DIRECTION('',(0.E0,-1.E0,0.E0));
#5206=VECTOR('',#5205,3.5E0);
#5207=CARTESIAN_POINT('',(3.875E0,4.25E0,2.5E-2));
#5208=LINE('',#5207,#5206);
#5209=DIRECTION('',(0.E0,1.E0,0.E0));
#5210=VECTOR('',#5209,3.5E0);
#5211=CARTESIAN_POINT('',(2.775E0,7.5E-1,2.5E-2));
#5212=LINE('',#5211,#5210);
#5213=DIRECTION('',(0.E0,1.E0,0.E0));
#5214=VECTOR('',#5213,3.5E0);
#5215=CARTESIAN_POINT('',(2.225E0,7.5E-1,2.5E-2));
#5216=LINE('',#5215,#5214);
#5217=DIRECTION('',(0.E0,7.071067811865E-1,-7.071067811865E-1));
#5218=VECTOR('',#5217,4.242640687119E-1);
#5219=CARTESIAN_POINT('',(-2.975E0,3.95E0,4.25E-1));
#5220=LINE('',#5219,#5218);
#5221=DIRECTION('',(0.E0,-7.071067811865E-1,7.071067811865E-1));
#5222=VECTOR('',#5221,4.242640687119E-1);
#5223=CARTESIAN_POINT('',(-2.775E0,4.25E0,1.25E-1));
#5224=LINE('',#5223,#5222);
#5225=DIRECTION('',(0.E0,-1.E0,0.E0));
#5226=VECTOR('',#5225,3.2E0);
#5227=CARTESIAN_POINT('',(-2.775E0,3.95E0,4.25E-1));
#5228=LINE('',#5227,#5226);
#5229=DIRECTION('',(1.E0,0.E0,0.E0));
#5230=VECTOR('',#5229,2.E-1);
#5231=CARTESIAN_POINT('',(-2.975E0,3.95E0,4.25E-1));
#5232=LINE('',#5231,#5230);
#5233=DIRECTION('',(0.E0,-1.E0,0.E0));
#5234=VECTOR('',#5233,3.2E0);
#5235=CARTESIAN_POINT('',(-2.975E0,3.95E0,4.25E-1));
#5236=LINE('',#5235,#5234);
#5237=DIRECTION('',(0.E0,-7.071067811865E-1,7.071067811865E-1));
#5238=VECTOR('',#5237,4.242640687119E-1);
#5239=CARTESIAN_POINT('',(-3.275E0,4.25E0,1.25E-1));
#5240=LINE('',#5239,#5238);
#5241=DIRECTION('',(0.E0,-1.E0,0.E0));
#5242=VECTOR('',#5241,3.2E0);
#5243=CARTESIAN_POINT('',(-3.275E0,3.95E0,4.25E-1));
#5244=LINE('',#5243,#5242);
#5245=DIRECTION('',(1.E0,0.E0,0.E0));
#5246=VECTOR('',#5245,2.E-1);
#5247=CARTESIAN_POINT('',(-3.475E0,3.95E0,4.25E-1));
#5248=LINE('',#5247,#5246);
#5249=DIRECTION('',(0.E0,-1.E0,0.E0));
#5250=VECTOR('',#5249,3.2E0);
#5251=CARTESIAN_POINT('',(-3.475E0,3.95E0,4.25E-1));
#5252=LINE('',#5251,#5250);
#5253=DIRECTION('',(0.E0,7.071067811865E-1,-7.071067811865E-1));
#5254=VECTOR('',#5253,4.242640687119E-1);
#5255=CARTESIAN_POINT('',(-3.475E0,3.95E0,4.25E-1));
#5256=LINE('',#5255,#5254);
#5257=DIRECTION('',(0.E0,7.071067811865E-1,-7.071067811865E-1));
#5258=VECTOR('',#5257,4.242640687119E-1);
#5259=CARTESIAN_POINT('',(-1.725E0,3.95E0,4.25E-1));
#5260=LINE('',#5259,#5258);
#5261=DIRECTION('',(0.E0,-7.071067811865E-1,7.071067811865E-1));
#5262=VECTOR('',#5261,4.242640687119E-1);
#5263=CARTESIAN_POINT('',(-1.525E0,4.25E0,1.25E-1));
#5264=LINE('',#5263,#5262);
#5265=DIRECTION('',(0.E0,-1.E0,0.E0));
#5266=VECTOR('',#5265,3.2E0);
#5267=CARTESIAN_POINT('',(-1.525E0,3.95E0,4.25E-1));
#5268=LINE('',#5267,#5266);
#5269=DIRECTION('',(1.E0,0.E0,0.E0));
#5270=VECTOR('',#5269,2.E-1);
#5271=CARTESIAN_POINT('',(-1.725E0,3.95E0,4.25E-1));
#5272=LINE('',#5271,#5270);
#5273=DIRECTION('',(0.E0,-1.E0,0.E0));
#5274=VECTOR('',#5273,3.2E0);
#5275=CARTESIAN_POINT('',(-1.725E0,3.95E0,4.25E-1));
#5276=LINE('',#5275,#5274);
#5277=DIRECTION('',(0.E0,-7.071067811865E-1,7.071067811865E-1));
#5278=VECTOR('',#5277,4.242640687119E-1);
#5279=CARTESIAN_POINT('',(-2.025E0,4.25E0,1.25E-1));
#5280=LINE('',#5279,#5278);
#5281=DIRECTION('',(0.E0,-1.E0,0.E0));
#5282=VECTOR('',#5281,3.2E0);
#5283=CARTESIAN_POINT('',(-2.025E0,3.95E0,4.25E-1));
#5284=LINE('',#5283,#5282);
#5285=DIRECTION('',(1.E0,0.E0,0.E0));
#5286=VECTOR('',#5285,2.E-1);
#5287=CARTESIAN_POINT('',(-2.225E0,3.95E0,4.25E-1));
#5288=LINE('',#5287,#5286);
#5289=DIRECTION('',(0.E0,-1.E0,0.E0));
#5290=VECTOR('',#5289,3.2E0);
#5291=CARTESIAN_POINT('',(-2.225E0,3.95E0,4.25E-1));
#5292=LINE('',#5291,#5290);
#5293=DIRECTION('',(0.E0,7.071067811865E-1,-7.071067811865E-1));
#5294=VECTOR('',#5293,4.242640687119E-1);
#5295=CARTESIAN_POINT('',(-2.225E0,3.95E0,4.25E-1));
#5296=LINE('',#5295,#5294);
#5297=DIRECTION('',(0.E0,7.071067811865E-1,-7.071067811865E-1));
#5298=VECTOR('',#5297,4.242640687119E-1);
#5299=CARTESIAN_POINT('',(-4.75E-1,3.95E0,4.25E-1));
#5300=LINE('',#5299,#5298);
#5301=DIRECTION('',(0.E0,-7.071067811865E-1,7.071067811865E-1));
#5302=VECTOR('',#5301,4.242640687119E-1);
#5303=CARTESIAN_POINT('',(-2.75E-1,4.25E0,1.25E-1));
#5304=LINE('',#5303,#5302);
#5305=DIRECTION('',(0.E0,-1.E0,0.E0));
#5306=VECTOR('',#5305,3.2E0);
#5307=CARTESIAN_POINT('',(-2.75E-1,3.95E0,4.25E-1));
#5308=LINE('',#5307,#5306);
#5309=DIRECTION('',(1.E0,0.E0,0.E0));
#5310=VECTOR('',#5309,2.E-1);
#5311=CARTESIAN_POINT('',(-4.75E-1,3.95E0,4.25E-1));
#5312=LINE('',#5311,#5310);
#5313=DIRECTION('',(0.E0,-1.E0,0.E0));
#5314=VECTOR('',#5313,3.2E0);
#5315=CARTESIAN_POINT('',(-4.75E-1,3.95E0,4.25E-1));
#5316=LINE('',#5315,#5314);
#5317=DIRECTION('',(0.E0,-7.071067811865E-1,7.071067811865E-1));
#5318=VECTOR('',#5317,4.242640687119E-1);
#5319=CARTESIAN_POINT('',(-7.75E-1,4.25E0,1.25E-1));
#5320=LINE('',#5319,#5318);
#5321=DIRECTION('',(0.E0,-1.E0,0.E0));
#5322=VECTOR('',#5321,3.2E0);
#5323=CARTESIAN_POINT('',(-7.75E-1,3.95E0,4.25E-1));
#5324=LINE('',#5323,#5322);
#5325=DIRECTION('',(1.E0,0.E0,0.E0));
#5326=VECTOR('',#5325,2.E-1);
#5327=CARTESIAN_POINT('',(-9.75E-1,3.95E0,4.25E-1));
#5328=LINE('',#5327,#5326);
#5329=DIRECTION('',(0.E0,-1.E0,0.E0));
#5330=VECTOR('',#5329,3.2E0);
#5331=CARTESIAN_POINT('',(-9.75E-1,3.95E0,4.25E-1));
#5332=LINE('',#5331,#5330);
#5333=DIRECTION('',(0.E0,7.071067811865E-1,-7.071067811865E-1));
#5334=VECTOR('',#5333,4.242640687119E-1);
#5335=CARTESIAN_POINT('',(-9.75E-1,3.95E0,4.25E-1));
#5336=LINE('',#5335,#5334);
#5337=DIRECTION('',(0.E0,7.071067811865E-1,-7.071067811865E-1));
#5338=VECTOR('',#5337,4.242640687119E-1);
#5339=CARTESIAN_POINT('',(7.75E-1,3.95E0,4.25E-1));
#5340=LINE('',#5339,#5338);
#5341=DIRECTION('',(0.E0,-7.071067811865E-1,7.071067811865E-1));
#5342=VECTOR('',#5341,4.242640687119E-1);
#5343=CARTESIAN_POINT('',(9.75E-1,4.25E0,1.25E-1));
#5344=LINE('',#5343,#5342);
#5345=DIRECTION('',(0.E0,-1.E0,0.E0));
#5346=VECTOR('',#5345,3.2E0);
#5347=CARTESIAN_POINT('',(9.75E-1,3.95E0,4.25E-1));
#5348=LINE('',#5347,#5346);
#5349=DIRECTION('',(1.E0,0.E0,0.E0));
#5350=VECTOR('',#5349,2.E-1);
#5351=CARTESIAN_POINT('',(7.75E-1,3.95E0,4.25E-1));
#5352=LINE('',#5351,#5350);
#5353=DIRECTION('',(0.E0,-1.E0,0.E0));
#5354=VECTOR('',#5353,3.2E0);
#5355=CARTESIAN_POINT('',(7.75E-1,3.95E0,4.25E-1));
#5356=LINE('',#5355,#5354);
#5357=DIRECTION('',(0.E0,-7.071067811865E-1,7.071067811865E-1));
#5358=VECTOR('',#5357,4.242640687119E-1);
#5359=CARTESIAN_POINT('',(4.75E-1,4.25E0,1.25E-1));
#5360=LINE('',#5359,#5358);
#5361=DIRECTION('',(0.E0,-1.E0,0.E0));
#5362=VECTOR('',#5361,3.2E0);
#5363=CARTESIAN_POINT('',(4.75E-1,3.95E0,4.25E-1));
#5364=LINE('',#5363,#5362);
#5365=DIRECTION('',(1.E0,0.E0,0.E0));
#5366=VECTOR('',#5365,2.E-1);
#5367=CARTESIAN_POINT('',(2.75E-1,3.95E0,4.25E-1));
#5368=LINE('',#5367,#5366);
#5369=DIRECTION('',(0.E0,-1.E0,0.E0));
#5370=VECTOR('',#5369,3.2E0);
#5371=CARTESIAN_POINT('',(2.75E-1,3.95E0,4.25E-1));
#5372=LINE('',#5371,#5370);
#5373=DIRECTION('',(0.E0,7.071067811865E-1,-7.071067811865E-1));
#5374=VECTOR('',#5373,4.242640687119E-1);
#5375=CARTESIAN_POINT('',(2.75E-1,3.95E0,4.25E-1));
#5376=LINE('',#5375,#5374);
#5377=DIRECTION('',(0.E0,7.071067811865E-1,-7.071067811865E-1));
#5378=VECTOR('',#5377,4.242640687119E-1);
#5379=CARTESIAN_POINT('',(2.025E0,3.95E0,4.25E-1));
#5380=LINE('',#5379,#5378);
#5381=DIRECTION('',(0.E0,-7.071067811865E-1,7.071067811865E-1));
#5382=VECTOR('',#5381,4.242640687119E-1);
#5383=CARTESIAN_POINT('',(2.225E0,4.25E0,1.25E-1));
#5384=LINE('',#5383,#5382);
#5385=DIRECTION('',(0.E0,-1.E0,0.E0));
#5386=VECTOR('',#5385,3.2E0);
#5387=CARTESIAN_POINT('',(2.225E0,3.95E0,4.25E-1));
#5388=LINE('',#5387,#5386);
#5389=DIRECTION('',(1.E0,0.E0,0.E0));
#5390=VECTOR('',#5389,2.E-1);
#5391=CARTESIAN_POINT('',(2.025E0,3.95E0,4.25E-1));
#5392=LINE('',#5391,#5390);
#5393=DIRECTION('',(0.E0,-1.E0,0.E0));
#5394=VECTOR('',#5393,3.2E0);
#5395=CARTESIAN_POINT('',(2.025E0,3.95E0,4.25E-1));
#5396=LINE('',#5395,#5394);
#5397=DIRECTION('',(0.E0,-7.071067811865E-1,7.071067811865E-1));
#5398=VECTOR('',#5397,4.242640687119E-1);
#5399=CARTESIAN_POINT('',(1.725E0,4.25E0,1.25E-1));
#5400=LINE('',#5399,#5398);
#5401=DIRECTION('',(0.E0,-1.E0,0.E0));
#5402=VECTOR('',#5401,3.2E0);
#5403=CARTESIAN_POINT('',(1.725E0,3.95E0,4.25E-1));
#5404=LINE('',#5403,#5402);
#5405=DIRECTION('',(1.E0,0.E0,0.E0));
#5406=VECTOR('',#5405,2.E-1);
#5407=CARTESIAN_POINT('',(1.525E0,3.95E0,4.25E-1));
#5408=LINE('',#5407,#5406);
#5409=DIRECTION('',(0.E0,-1.E0,0.E0));
#5410=VECTOR('',#5409,3.2E0);
#5411=CARTESIAN_POINT('',(1.525E0,3.95E0,4.25E-1));
#5412=LINE('',#5411,#5410);
#5413=DIRECTION('',(0.E0,7.071067811865E-1,-7.071067811865E-1));
#5414=VECTOR('',#5413,4.242640687119E-1);
#5415=CARTESIAN_POINT('',(1.525E0,3.95E0,4.25E-1));
#5416=LINE('',#5415,#5414);
#5417=DIRECTION('',(0.E0,7.071067811865E-1,-7.071067811865E-1));
#5418=VECTOR('',#5417,4.242640687119E-1);
#5419=CARTESIAN_POINT('',(3.275E0,3.95E0,4.25E-1));
#5420=LINE('',#5419,#5418);
#5421=DIRECTION('',(0.E0,-7.071067811865E-1,7.071067811865E-1));
#5422=VECTOR('',#5421,4.242640687119E-1);
#5423=CARTESIAN_POINT('',(3.475E0,4.25E0,1.25E-1));
#5424=LINE('',#5423,#5422);
#5425=DIRECTION('',(0.E0,-1.E0,0.E0));
#5426=VECTOR('',#5425,3.2E0);
#5427=CARTESIAN_POINT('',(3.475E0,3.95E0,4.25E-1));
#5428=LINE('',#5427,#5426);
#5429=DIRECTION('',(1.E0,0.E0,0.E0));
#5430=VECTOR('',#5429,2.E-1);
#5431=CARTESIAN_POINT('',(3.275E0,3.95E0,4.25E-1));
#5432=LINE('',#5431,#5430);
#5433=DIRECTION('',(0.E0,-1.E0,0.E0));
#5434=VECTOR('',#5433,3.2E0);
#5435=CARTESIAN_POINT('',(3.275E0,3.95E0,4.25E-1));
#5436=LINE('',#5435,#5434);
#5437=DIRECTION('',(0.E0,-7.071067811865E-1,7.071067811865E-1));
#5438=VECTOR('',#5437,4.242640687119E-1);
#5439=CARTESIAN_POINT('',(2.975E0,4.25E0,1.25E-1));
#5440=LINE('',#5439,#5438);
#5441=DIRECTION('',(0.E0,-1.E0,0.E0));
#5442=VECTOR('',#5441,3.2E0);
#5443=CARTESIAN_POINT('',(2.975E0,3.95E0,4.25E-1));
#5444=LINE('',#5443,#5442);
#5445=DIRECTION('',(1.E0,0.E0,0.E0));
#5446=VECTOR('',#5445,2.E-1);
#5447=CARTESIAN_POINT('',(2.775E0,3.95E0,4.25E-1));
#5448=LINE('',#5447,#5446);
#5449=DIRECTION('',(0.E0,-1.E0,0.E0));
#5450=VECTOR('',#5449,3.2E0);
#5451=CARTESIAN_POINT('',(2.775E0,3.95E0,4.25E-1));
#5452=LINE('',#5451,#5450);
#5453=DIRECTION('',(0.E0,7.071067811865E-1,-7.071067811865E-1));
#5454=VECTOR('',#5453,4.242640687119E-1);
#5455=CARTESIAN_POINT('',(2.775E0,3.95E0,4.25E-1));
#5456=LINE('',#5455,#5454);
#5457=DIRECTION('',(0.E0,-1.E0,0.E0));
#5458=VECTOR('',#5457,3.5E0);
#5459=CARTESIAN_POINT('',(3.875E0,4.25E0,-7.75E-1));
#5460=LINE('',#5459,#5458);
#5461=DIRECTION('',(0.E0,-1.E0,0.E0));
#5462=VECTOR('',#5461,3.5E0);
#5463=CARTESIAN_POINT('',(4.375E0,4.25E0,-7.75E-1));
#5464=LINE('',#5463,#5462);
#5465=DIRECTION('',(0.E0,-1.E0,0.E0));
#5466=VECTOR('',#5465,3.5E0);
#5467=CARTESIAN_POINT('',(4.375E0,4.25E0,1.725E0));
#5468=LINE('',#5467,#5466);
#5469=DIRECTION('',(0.E0,-1.E0,0.E0));
#5470=VECTOR('',#5469,3.5E0);
#5471=CARTESIAN_POINT('',(-1.995E0,4.25E0,1.825E0));
#5472=LINE('',#5471,#5470);
#5473=DIRECTION('',(0.E0,-1.E0,0.E0));
#5474=VECTOR('',#5473,3.5E0);
#5475=CARTESIAN_POINT('',(-1.755E0,4.25E0,1.825E0));
#5476=LINE('',#5475,#5474);
#5477=DIRECTION('',(0.E0,-1.E0,0.E0));
#5478=VECTOR('',#5477,3.5E0);
#5479=CARTESIAN_POINT('',(-7.45E-1,4.25E0,1.825E0));
#5480=LINE('',#5479,#5478);
#5481=DIRECTION('',(0.E0,-1.E0,0.E0));
#5482=VECTOR('',#5481,3.5E0);
#5483=CARTESIAN_POINT('',(-5.05E-1,4.25E0,1.825E0));
#5484=LINE('',#5483,#5482);
#5485=DIRECTION('',(0.E0,-1.E0,0.E0));
#5486=VECTOR('',#5485,3.5E0);
#5487=CARTESIAN_POINT('',(5.05E-1,4.25E0,1.825E0));
#5488=LINE('',#5487,#5486);
#5489=DIRECTION('',(0.E0,-1.E0,0.E0));
#5490=VECTOR('',#5489,3.5E0);
#5491=CARTESIAN_POINT('',(7.45E-1,4.25E0,1.825E0));
#5492=LINE('',#5491,#5490);
#5493=DIRECTION('',(0.E0,-1.E0,0.E0));
#5494=VECTOR('',#5493,3.5E0);
#5495=CARTESIAN_POINT('',(1.755E0,4.25E0,1.825E0));
#5496=LINE('',#5495,#5494);
#5497=DIRECTION('',(0.E0,-1.E0,0.E0));
#5498=VECTOR('',#5497,3.5E0);
#5499=CARTESIAN_POINT('',(1.995E0,4.25E0,1.825E0));
#5500=LINE('',#5499,#5498);
#5501=DIRECTION('',(0.E0,-1.E0,0.E0));
#5502=VECTOR('',#5501,3.5E0);
#5503=CARTESIAN_POINT('',(3.005E0,4.25E0,1.825E0));
#5504=LINE('',#5503,#5502);
#5505=DIRECTION('',(0.E0,-1.E0,0.E0));
#5506=VECTOR('',#5505,3.5E0);
#5507=CARTESIAN_POINT('',(3.245E0,4.25E0,1.825E0));
#5508=LINE('',#5507,#5506);
#5509=DIRECTION('',(0.E0,7.071067811865E-1,7.071067811865E-1));
#5510=VECTOR('',#5509,4.242640687119E-1);
#5511=CARTESIAN_POINT('',(-3.025E0,3.65E0,1.475E0));
#5512=LINE('',#5511,#5510);
#5513=DIRECTION('',(0.E0,1.E0,0.E0));
#5514=VECTOR('',#5513,3.2E0);
#5515=CARTESIAN_POINT('',(-3.025E0,7.5E-1,1.775E0));
#5516=LINE('',#5515,#5514);
#5517=DIRECTION('',(0.E0,-7.071067811865E-1,-7.071067811865E-1));
#5518=VECTOR('',#5517,4.242640687119E-1);
#5519=CARTESIAN_POINT('',(-3.225E0,3.95E0,1.775E0));
#5520=LINE('',#5519,#5518);
#5521=DIRECTION('',(0.E0,1.E0,0.E0));
#5522=VECTOR('',#5521,2.9E0);
#5523=CARTESIAN_POINT('',(-3.225E0,7.5E-1,1.475E0));
#5524=LINE('',#5523,#5522);
#5525=DIRECTION('',(-1.E0,0.E0,0.E0));
#5526=VECTOR('',#5525,2.E-1);
#5527=CARTESIAN_POINT('',(-3.025E0,3.95E0,1.775E0));
#5528=LINE('',#5527,#5526);
#5529=DIRECTION('',(0.E0,1.E0,0.E0));
#5530=VECTOR('',#5529,3.2E0);
#5531=CARTESIAN_POINT('',(-3.225E0,7.5E-1,1.775E0));
#5532=LINE('',#5531,#5530);
#5533=DIRECTION('',(-1.E0,0.E0,0.E0));
#5534=VECTOR('',#5533,2.E-1);
#5535=CARTESIAN_POINT('',(-3.025E0,3.65E0,1.475E0));
#5536=LINE('',#5535,#5534);
#5537=DIRECTION('',(0.E0,1.E0,0.E0));
#5538=VECTOR('',#5537,2.9E0);
#5539=CARTESIAN_POINT('',(-3.025E0,7.5E-1,1.475E0));
#5540=LINE('',#5539,#5538);
#5541=DIRECTION('',(0.E0,-7.071067811865E-1,7.071067811865E-1));
#5542=VECTOR('',#5541,4.242640687119E-1);
#5543=CARTESIAN_POINT('',(-3.025E0,3.95E0,2.E-1));
#5544=LINE('',#5543,#5542);
#5545=DIRECTION('',(0.E0,1.E0,0.E0));
#5546=VECTOR('',#5545,2.9E0);
#5547=CARTESIAN_POINT('',(-3.025E0,7.5E-1,5.E-1));
#5548=LINE('',#5547,#5546);
#5549=DIRECTION('',(1.E0,0.E0,0.E0));
#5550=VECTOR('',#5549,2.E-1);
#5551=CARTESIAN_POINT('',(-3.225E0,3.65E0,5.E-1));
#5552=LINE('',#5551,#5550);
#5553=DIRECTION('',(0.E0,1.E0,0.E0));
#5554=VECTOR('',#5553,2.9E0);
#5555=CARTESIAN_POINT('',(-3.225E0,7.5E-1,5.E-1));
#5556=LINE('',#5555,#5554);
#5557=DIRECTION('',(0.E0,7.071067811865E-1,-7.071067811865E-1));
#5558=VECTOR('',#5557,4.242640687119E-1);
#5559=CARTESIAN_POINT('',(-3.225E0,3.65E0,5.E-1));
#5560=LINE('',#5559,#5558);
#5561=DIRECTION('',(0.E0,1.E0,0.E0));
#5562=VECTOR('',#5561,3.2E0);
#5563=CARTESIAN_POINT('',(-3.225E0,7.5E-1,5.E-2));
#5564=LINE('',#5563,#5562);
#5565=DIRECTION('',(0.E0,1.E0,0.E0));
#5566=VECTOR('',#5565,3.2E0);
#5567=CARTESIAN_POINT('',(-3.025E0,7.5E-1,5.E-2));
#5568=LINE('',#5567,#5566);
#5569=DIRECTION('',(1.E0,0.E0,0.E0));
#5570=VECTOR('',#5569,2.E-1);
#5571=CARTESIAN_POINT('',(-3.225E0,3.95E0,2.E-1));
#5572=LINE('',#5571,#5570);
#5573=DIRECTION('',(0.E0,0.E0,1.E0));
#5574=VECTOR('',#5573,1.5E-1);
#5575=CARTESIAN_POINT('',(-3.225E0,3.95E0,5.E-2));
#5576=LINE('',#5575,#5574);
#5577=DIRECTION('',(-1.E0,0.E0,0.E0));
#5578=VECTOR('',#5577,2.E-1);
#5579=CARTESIAN_POINT('',(-3.025E0,3.95E0,5.E-2));
#5580=LINE('',#5579,#5578);
#5581=DIRECTION('',(0.E0,0.E0,-1.E0));
#5582=VECTOR('',#5581,1.5E-1);
#5583=CARTESIAN_POINT('',(-3.025E0,3.95E0,2.E-1));
#5584=LINE('',#5583,#5582);
#5585=DIRECTION('',(0.E0,7.071067811865E-1,7.071067811865E-1));
#5586=VECTOR('',#5585,4.242640687119E-1);
#5587=CARTESIAN_POINT('',(-1.775E0,3.65E0,1.475E0));
#5588=LINE('',#5587,#5586);
#5589=DIRECTION('',(0.E0,1.E0,0.E0));
#5590=VECTOR('',#5589,3.2E0);
#5591=CARTESIAN_POINT('',(-1.775E0,7.5E-1,1.775E0));
#5592=LINE('',#5591,#5590);
#5593=DIRECTION('',(0.E0,-7.071067811865E-1,-7.071067811865E-1));
#5594=VECTOR('',#5593,4.242640687119E-1);
#5595=CARTESIAN_POINT('',(-1.975E0,3.95E0,1.775E0));
#5596=LINE('',#5595,#5594);
#5597=DIRECTION('',(0.E0,1.E0,0.E0));
#5598=VECTOR('',#5597,2.9E0);
#5599=CARTESIAN_POINT('',(-1.975E0,7.5E-1,1.475E0));
#5600=LINE('',#5599,#5598);
#5601=DIRECTION('',(-1.E0,0.E0,0.E0));
#5602=VECTOR('',#5601,2.E-1);
#5603=CARTESIAN_POINT('',(-1.775E0,3.95E0,1.775E0));
#5604=LINE('',#5603,#5602);
#5605=DIRECTION('',(0.E0,1.E0,0.E0));
#5606=VECTOR('',#5605,3.2E0);
#5607=CARTESIAN_POINT('',(-1.975E0,7.5E-1,1.775E0));
#5608=LINE('',#5607,#5606);
#5609=DIRECTION('',(-1.E0,0.E0,0.E0));
#5610=VECTOR('',#5609,2.E-1);
#5611=CARTESIAN_POINT('',(-1.775E0,3.65E0,1.475E0));
#5612=LINE('',#5611,#5610);
#5613=DIRECTION('',(0.E0,1.E0,0.E0));
#5614=VECTOR('',#5613,2.9E0);
#5615=CARTESIAN_POINT('',(-1.775E0,7.5E-1,1.475E0));
#5616=LINE('',#5615,#5614);
#5617=DIRECTION('',(0.E0,-7.071067811865E-1,7.071067811865E-1));
#5618=VECTOR('',#5617,4.242640687119E-1);
#5619=CARTESIAN_POINT('',(-1.775E0,3.95E0,2.E-1));
#5620=LINE('',#5619,#5618);
#5621=DIRECTION('',(0.E0,1.E0,0.E0));
#5622=VECTOR('',#5621,2.9E0);
#5623=CARTESIAN_POINT('',(-1.775E0,7.5E-1,5.E-1));
#5624=LINE('',#5623,#5622);
#5625=DIRECTION('',(1.E0,0.E0,0.E0));
#5626=VECTOR('',#5625,2.E-1);
#5627=CARTESIAN_POINT('',(-1.975E0,3.65E0,5.E-1));
#5628=LINE('',#5627,#5626);
#5629=DIRECTION('',(0.E0,1.E0,0.E0));
#5630=VECTOR('',#5629,2.9E0);
#5631=CARTESIAN_POINT('',(-1.975E0,7.5E-1,5.E-1));
#5632=LINE('',#5631,#5630);
#5633=DIRECTION('',(0.E0,7.071067811865E-1,-7.071067811865E-1));
#5634=VECTOR('',#5633,4.242640687119E-1);
#5635=CARTESIAN_POINT('',(-1.975E0,3.65E0,5.E-1));
#5636=LINE('',#5635,#5634);
#5637=DIRECTION('',(0.E0,1.E0,0.E0));
#5638=VECTOR('',#5637,3.2E0);
#5639=CARTESIAN_POINT('',(-1.975E0,7.5E-1,5.E-2));
#5640=LINE('',#5639,#5638);
#5641=DIRECTION('',(0.E0,1.E0,0.E0));
#5642=VECTOR('',#5641,3.2E0);
#5643=CARTESIAN_POINT('',(-1.775E0,7.5E-1,5.E-2));
#5644=LINE('',#5643,#5642);
#5645=DIRECTION('',(1.E0,0.E0,0.E0));
#5646=VECTOR('',#5645,2.E-1);
#5647=CARTESIAN_POINT('',(-1.975E0,3.95E0,2.E-1));
#5648=LINE('',#5647,#5646);
#5649=DIRECTION('',(0.E0,0.E0,1.E0));
#5650=VECTOR('',#5649,1.5E-1);
#5651=CARTESIAN_POINT('',(-1.975E0,3.95E0,5.E-2));
#5652=LINE('',#5651,#5650);
#5653=DIRECTION('',(-1.E0,0.E0,0.E0));
#5654=VECTOR('',#5653,2.E-1);
#5655=CARTESIAN_POINT('',(-1.775E0,3.95E0,5.E-2));
#5656=LINE('',#5655,#5654);
#5657=DIRECTION('',(0.E0,0.E0,-1.E0));
#5658=VECTOR('',#5657,1.5E-1);
#5659=CARTESIAN_POINT('',(-1.775E0,3.95E0,2.E-1));
#5660=LINE('',#5659,#5658);
#5661=DIRECTION('',(0.E0,7.071067811865E-1,7.071067811865E-1));
#5662=VECTOR('',#5661,4.242640687119E-1);
#5663=CARTESIAN_POINT('',(-5.25E-1,3.65E0,1.475E0));
#5664=LINE('',#5663,#5662);
#5665=DIRECTION('',(0.E0,1.E0,0.E0));
#5666=VECTOR('',#5665,3.2E0);
#5667=CARTESIAN_POINT('',(-5.25E-1,7.5E-1,1.775E0));
#5668=LINE('',#5667,#5666);
#5669=DIRECTION('',(0.E0,-7.071067811865E-1,-7.071067811865E-1));
#5670=VECTOR('',#5669,4.242640687119E-1);
#5671=CARTESIAN_POINT('',(-7.25E-1,3.95E0,1.775E0));
#5672=LINE('',#5671,#5670);
#5673=DIRECTION('',(0.E0,1.E0,0.E0));
#5674=VECTOR('',#5673,2.9E0);
#5675=CARTESIAN_POINT('',(-7.25E-1,7.5E-1,1.475E0));
#5676=LINE('',#5675,#5674);
#5677=DIRECTION('',(-1.E0,0.E0,0.E0));
#5678=VECTOR('',#5677,2.E-1);
#5679=CARTESIAN_POINT('',(-5.25E-1,3.95E0,1.775E0));
#5680=LINE('',#5679,#5678);
#5681=DIRECTION('',(0.E0,1.E0,0.E0));
#5682=VECTOR('',#5681,3.2E0);
#5683=CARTESIAN_POINT('',(-7.25E-1,7.5E-1,1.775E0));
#5684=LINE('',#5683,#5682);
#5685=DIRECTION('',(-1.E0,0.E0,0.E0));
#5686=VECTOR('',#5685,2.E-1);
#5687=CARTESIAN_POINT('',(-5.25E-1,3.65E0,1.475E0));
#5688=LINE('',#5687,#5686);
#5689=DIRECTION('',(0.E0,1.E0,0.E0));
#5690=VECTOR('',#5689,2.9E0);
#5691=CARTESIAN_POINT('',(-5.25E-1,7.5E-1,1.475E0));
#5692=LINE('',#5691,#5690);
#5693=DIRECTION('',(0.E0,-7.071067811865E-1,7.071067811865E-1));
#5694=VECTOR('',#5693,4.242640687119E-1);
#5695=CARTESIAN_POINT('',(-5.25E-1,3.95E0,2.E-1));
#5696=LINE('',#5695,#5694);
#5697=DIRECTION('',(0.E0,1.E0,0.E0));
#5698=VECTOR('',#5697,2.9E0);
#5699=CARTESIAN_POINT('',(-5.25E-1,7.5E-1,5.E-1));
#5700=LINE('',#5699,#5698);
#5701=DIRECTION('',(1.E0,0.E0,0.E0));
#5702=VECTOR('',#5701,2.E-1);
#5703=CARTESIAN_POINT('',(-7.25E-1,3.65E0,5.E-1));
#5704=LINE('',#5703,#5702);
#5705=DIRECTION('',(0.E0,1.E0,0.E0));
#5706=VECTOR('',#5705,2.9E0);
#5707=CARTESIAN_POINT('',(-7.25E-1,7.5E-1,5.E-1));
#5708=LINE('',#5707,#5706);
#5709=DIRECTION('',(0.E0,7.071067811865E-1,-7.071067811865E-1));
#5710=VECTOR('',#5709,4.242640687119E-1);
#5711=CARTESIAN_POINT('',(-7.25E-1,3.65E0,5.E-1));
#5712=LINE('',#5711,#5710);
#5713=DIRECTION('',(0.E0,1.E0,0.E0));
#5714=VECTOR('',#5713,3.2E0);
#5715=CARTESIAN_POINT('',(-7.25E-1,7.5E-1,5.E-2));
#5716=LINE('',#5715,#5714);
#5717=DIRECTION('',(0.E0,1.E0,0.E0));
#5718=VECTOR('',#5717,3.2E0);
#5719=CARTESIAN_POINT('',(-5.25E-1,7.5E-1,5.E-2));
#5720=LINE('',#5719,#5718);
#5721=DIRECTION('',(1.E0,0.E0,0.E0));
#5722=VECTOR('',#5721,2.E-1);
#5723=CARTESIAN_POINT('',(-7.25E-1,3.95E0,2.E-1));
#5724=LINE('',#5723,#5722);
#5725=DIRECTION('',(0.E0,0.E0,1.E0));
#5726=VECTOR('',#5725,1.5E-1);
#5727=CARTESIAN_POINT('',(-7.25E-1,3.95E0,5.E-2));
#5728=LINE('',#5727,#5726);
#5729=DIRECTION('',(-1.E0,0.E0,0.E0));
#5730=VECTOR('',#5729,2.E-1);
#5731=CARTESIAN_POINT('',(-5.25E-1,3.95E0,5.E-2));
#5732=LINE('',#5731,#5730);
#5733=DIRECTION('',(0.E0,0.E0,-1.E0));
#5734=VECTOR('',#5733,1.5E-1);
#5735=CARTESIAN_POINT('',(-5.25E-1,3.95E0,2.E-1));
#5736=LINE('',#5735,#5734);
#5737=DIRECTION('',(0.E0,7.071067811865E-1,7.071067811865E-1));
#5738=VECTOR('',#5737,4.242640687119E-1);
#5739=CARTESIAN_POINT('',(7.25E-1,3.65E0,1.475E0));
#5740=LINE('',#5739,#5738);
#5741=DIRECTION('',(0.E0,1.E0,0.E0));
#5742=VECTOR('',#5741,3.2E0);
#5743=CARTESIAN_POINT('',(7.25E-1,7.5E-1,1.775E0));
#5744=LINE('',#5743,#5742);
#5745=DIRECTION('',(0.E0,-7.071067811865E-1,-7.071067811865E-1));
#5746=VECTOR('',#5745,4.242640687119E-1);
#5747=CARTESIAN_POINT('',(5.25E-1,3.95E0,1.775E0));
#5748=LINE('',#5747,#5746);
#5749=DIRECTION('',(0.E0,1.E0,0.E0));
#5750=VECTOR('',#5749,2.9E0);
#5751=CARTESIAN_POINT('',(5.25E-1,7.5E-1,1.475E0));
#5752=LINE('',#5751,#5750);
#5753=DIRECTION('',(-1.E0,0.E0,0.E0));
#5754=VECTOR('',#5753,2.E-1);
#5755=CARTESIAN_POINT('',(7.25E-1,3.95E0,1.775E0));
#5756=LINE('',#5755,#5754);
#5757=DIRECTION('',(0.E0,1.E0,0.E0));
#5758=VECTOR('',#5757,3.2E0);
#5759=CARTESIAN_POINT('',(5.25E-1,7.5E-1,1.775E0));
#5760=LINE('',#5759,#5758);
#5761=DIRECTION('',(-1.E0,0.E0,0.E0));
#5762=VECTOR('',#5761,2.E-1);
#5763=CARTESIAN_POINT('',(7.25E-1,3.65E0,1.475E0));
#5764=LINE('',#5763,#5762);
#5765=DIRECTION('',(0.E0,1.E0,0.E0));
#5766=VECTOR('',#5765,2.9E0);
#5767=CARTESIAN_POINT('',(7.25E-1,7.5E-1,1.475E0));
#5768=LINE('',#5767,#5766);
#5769=DIRECTION('',(0.E0,-7.071067811865E-1,7.071067811865E-1));
#5770=VECTOR('',#5769,4.242640687119E-1);
#5771=CARTESIAN_POINT('',(7.25E-1,3.95E0,2.E-1));
#5772=LINE('',#5771,#5770);
#5773=DIRECTION('',(0.E0,1.E0,0.E0));
#5774=VECTOR('',#5773,2.9E0);
#5775=CARTESIAN_POINT('',(7.25E-1,7.5E-1,5.E-1));
#5776=LINE('',#5775,#5774);
#5777=DIRECTION('',(1.E0,0.E0,0.E0));
#5778=VECTOR('',#5777,2.E-1);
#5779=CARTESIAN_POINT('',(5.25E-1,3.65E0,5.E-1));
#5780=LINE('',#5779,#5778);
#5781=DIRECTION('',(0.E0,1.E0,0.E0));
#5782=VECTOR('',#5781,2.9E0);
#5783=CARTESIAN_POINT('',(5.25E-1,7.5E-1,5.E-1));
#5784=LINE('',#5783,#5782);
#5785=DIRECTION('',(0.E0,7.071067811865E-1,-7.071067811865E-1));
#5786=VECTOR('',#5785,4.242640687119E-1);
#5787=CARTESIAN_POINT('',(5.25E-1,3.65E0,5.E-1));
#5788=LINE('',#5787,#5786);
#5789=DIRECTION('',(0.E0,1.E0,0.E0));
#5790=VECTOR('',#5789,3.2E0);
#5791=CARTESIAN_POINT('',(5.25E-1,7.5E-1,5.E-2));
#5792=LINE('',#5791,#5790);
#5793=DIRECTION('',(0.E0,1.E0,0.E0));
#5794=VECTOR('',#5793,3.2E0);
#5795=CARTESIAN_POINT('',(7.25E-1,7.5E-1,5.E-2));
#5796=LINE('',#5795,#5794);
#5797=DIRECTION('',(1.E0,0.E0,0.E0));
#5798=VECTOR('',#5797,2.E-1);
#5799=CARTESIAN_POINT('',(5.25E-1,3.95E0,2.E-1));
#5800=LINE('',#5799,#5798);
#5801=DIRECTION('',(0.E0,0.E0,1.E0));
#5802=VECTOR('',#5801,1.5E-1);
#5803=CARTESIAN_POINT('',(5.25E-1,3.95E0,5.E-2));
#5804=LINE('',#5803,#5802);
#5805=DIRECTION('',(-1.E0,0.E0,0.E0));
#5806=VECTOR('',#5805,2.E-1);
#5807=CARTESIAN_POINT('',(7.25E-1,3.95E0,5.E-2));
#5808=LINE('',#5807,#5806);
#5809=DIRECTION('',(0.E0,0.E0,-1.E0));
#5810=VECTOR('',#5809,1.5E-1);
#5811=CARTESIAN_POINT('',(7.25E-1,3.95E0,2.E-1));
#5812=LINE('',#5811,#5810);
#5813=DIRECTION('',(0.E0,7.071067811865E-1,7.071067811865E-1));
#5814=VECTOR('',#5813,4.242640687119E-1);
#5815=CARTESIAN_POINT('',(1.975E0,3.65E0,1.475E0));
#5816=LINE('',#5815,#5814);
#5817=DIRECTION('',(0.E0,1.E0,0.E0));
#5818=VECTOR('',#5817,3.2E0);
#5819=CARTESIAN_POINT('',(1.975E0,7.5E-1,1.775E0));
#5820=LINE('',#5819,#5818);
#5821=DIRECTION('',(0.E0,-7.071067811865E-1,-7.071067811865E-1));
#5822=VECTOR('',#5821,4.242640687119E-1);
#5823=CARTESIAN_POINT('',(1.775E0,3.95E0,1.775E0));
#5824=LINE('',#5823,#5822);
#5825=DIRECTION('',(0.E0,1.E0,0.E0));
#5826=VECTOR('',#5825,2.9E0);
#5827=CARTESIAN_POINT('',(1.775E0,7.5E-1,1.475E0));
#5828=LINE('',#5827,#5826);
#5829=DIRECTION('',(-1.E0,0.E0,0.E0));
#5830=VECTOR('',#5829,2.E-1);
#5831=CARTESIAN_POINT('',(1.975E0,3.95E0,1.775E0));
#5832=LINE('',#5831,#5830);
#5833=DIRECTION('',(0.E0,1.E0,0.E0));
#5834=VECTOR('',#5833,3.2E0);
#5835=CARTESIAN_POINT('',(1.775E0,7.5E-1,1.775E0));
#5836=LINE('',#5835,#5834);
#5837=DIRECTION('',(-1.E0,0.E0,0.E0));
#5838=VECTOR('',#5837,2.E-1);
#5839=CARTESIAN_POINT('',(1.975E0,3.65E0,1.475E0));
#5840=LINE('',#5839,#5838);
#5841=DIRECTION('',(0.E0,1.E0,0.E0));
#5842=VECTOR('',#5841,2.9E0);
#5843=CARTESIAN_POINT('',(1.975E0,7.5E-1,1.475E0));
#5844=LINE('',#5843,#5842);
#5845=DIRECTION('',(0.E0,-7.071067811865E-1,7.071067811865E-1));
#5846=VECTOR('',#5845,4.242640687119E-1);
#5847=CARTESIAN_POINT('',(1.975E0,3.95E0,2.E-1));
#5848=LINE('',#5847,#5846);
#5849=DIRECTION('',(0.E0,1.E0,0.E0));
#5850=VECTOR('',#5849,2.9E0);
#5851=CARTESIAN_POINT('',(1.975E0,7.5E-1,5.E-1));
#5852=LINE('',#5851,#5850);
#5853=DIRECTION('',(1.E0,0.E0,0.E0));
#5854=VECTOR('',#5853,2.E-1);
#5855=CARTESIAN_POINT('',(1.775E0,3.65E0,5.E-1));
#5856=LINE('',#5855,#5854);
#5857=DIRECTION('',(0.E0,1.E0,0.E0));
#5858=VECTOR('',#5857,2.9E0);
#5859=CARTESIAN_POINT('',(1.775E0,7.5E-1,5.E-1));
#5860=LINE('',#5859,#5858);
#5861=DIRECTION('',(0.E0,7.071067811865E-1,-7.071067811865E-1));
#5862=VECTOR('',#5861,4.242640687119E-1);
#5863=CARTESIAN_POINT('',(1.775E0,3.65E0,5.E-1));
#5864=LINE('',#5863,#5862);
#5865=DIRECTION('',(0.E0,1.E0,0.E0));
#5866=VECTOR('',#5865,3.2E0);
#5867=CARTESIAN_POINT('',(1.775E0,7.5E-1,5.E-2));
#5868=LINE('',#5867,#5866);
#5869=DIRECTION('',(0.E0,1.E0,0.E0));
#5870=VECTOR('',#5869,3.2E0);
#5871=CARTESIAN_POINT('',(1.975E0,7.5E-1,5.E-2));
#5872=LINE('',#5871,#5870);
#5873=DIRECTION('',(1.E0,0.E0,0.E0));
#5874=VECTOR('',#5873,2.E-1);
#5875=CARTESIAN_POINT('',(1.775E0,3.95E0,2.E-1));
#5876=LINE('',#5875,#5874);
#5877=DIRECTION('',(0.E0,0.E0,1.E0));
#5878=VECTOR('',#5877,1.5E-1);
#5879=CARTESIAN_POINT('',(1.775E0,3.95E0,5.E-2));
#5880=LINE('',#5879,#5878);
#5881=DIRECTION('',(-1.E0,0.E0,0.E0));
#5882=VECTOR('',#5881,2.E-1);
#5883=CARTESIAN_POINT('',(1.975E0,3.95E0,5.E-2));
#5884=LINE('',#5883,#5882);
#5885=DIRECTION('',(0.E0,0.E0,-1.E0));
#5886=VECTOR('',#5885,1.5E-1);
#5887=CARTESIAN_POINT('',(1.975E0,3.95E0,2.E-1));
#5888=LINE('',#5887,#5886);
#5889=DIRECTION('',(0.E0,7.071067811865E-1,7.071067811865E-1));
#5890=VECTOR('',#5889,4.242640687119E-1);
#5891=CARTESIAN_POINT('',(3.225E0,3.65E0,1.475E0));
#5892=LINE('',#5891,#5890);
#5893=DIRECTION('',(0.E0,1.E0,0.E0));
#5894=VECTOR('',#5893,3.2E0);
#5895=CARTESIAN_POINT('',(3.225E0,7.5E-1,1.775E0));
#5896=LINE('',#5895,#5894);
#5897=DIRECTION('',(0.E0,-7.071067811865E-1,-7.071067811865E-1));
#5898=VECTOR('',#5897,4.242640687119E-1);
#5899=CARTESIAN_POINT('',(3.025E0,3.95E0,1.775E0));
#5900=LINE('',#5899,#5898);
#5901=DIRECTION('',(0.E0,1.E0,0.E0));
#5902=VECTOR('',#5901,2.9E0);
#5903=CARTESIAN_POINT('',(3.025E0,7.5E-1,1.475E0));
#5904=LINE('',#5903,#5902);
#5905=DIRECTION('',(-1.E0,0.E0,0.E0));
#5906=VECTOR('',#5905,2.E-1);
#5907=CARTESIAN_POINT('',(3.225E0,3.95E0,1.775E0));
#5908=LINE('',#5907,#5906);
#5909=DIRECTION('',(0.E0,1.E0,0.E0));
#5910=VECTOR('',#5909,3.2E0);
#5911=CARTESIAN_POINT('',(3.025E0,7.5E-1,1.775E0));
#5912=LINE('',#5911,#5910);
#5913=DIRECTION('',(-1.E0,0.E0,0.E0));
#5914=VECTOR('',#5913,2.E-1);
#5915=CARTESIAN_POINT('',(3.225E0,3.65E0,1.475E0));
#5916=LINE('',#5915,#5914);
#5917=DIRECTION('',(0.E0,1.E0,0.E0));
#5918=VECTOR('',#5917,2.9E0);
#5919=CARTESIAN_POINT('',(3.225E0,7.5E-1,1.475E0));
#5920=LINE('',#5919,#5918);
#5921=DIRECTION('',(0.E0,-7.071067811865E-1,7.071067811865E-1));
#5922=VECTOR('',#5921,4.242640687119E-1);
#5923=CARTESIAN_POINT('',(3.225E0,3.95E0,2.E-1));
#5924=LINE('',#5923,#5922);
#5925=DIRECTION('',(0.E0,1.E0,0.E0));
#5926=VECTOR('',#5925,2.9E0);
#5927=CARTESIAN_POINT('',(3.225E0,7.5E-1,5.E-1));
#5928=LINE('',#5927,#5926);
#5929=DIRECTION('',(1.E0,0.E0,0.E0));
#5930=VECTOR('',#5929,2.E-1);
#5931=CARTESIAN_POINT('',(3.025E0,3.65E0,5.E-1));
#5932=LINE('',#5931,#5930);
#5933=DIRECTION('',(0.E0,1.E0,0.E0));
#5934=VECTOR('',#5933,2.9E0);
#5935=CARTESIAN_POINT('',(3.025E0,7.5E-1,5.E-1));
#5936=LINE('',#5935,#5934);
#5937=DIRECTION('',(0.E0,7.071067811865E-1,-7.071067811865E-1));
#5938=VECTOR('',#5937,4.242640687119E-1);
#5939=CARTESIAN_POINT('',(3.025E0,3.65E0,5.E-1));
#5940=LINE('',#5939,#5938);
#5941=DIRECTION('',(0.E0,1.E0,0.E0));
#5942=VECTOR('',#5941,3.2E0);
#5943=CARTESIAN_POINT('',(3.025E0,7.5E-1,5.E-2));
#5944=LINE('',#5943,#5942);
#5945=DIRECTION('',(0.E0,1.E0,0.E0));
#5946=VECTOR('',#5945,3.2E0);
#5947=CARTESIAN_POINT('',(3.225E0,7.5E-1,5.E-2));
#5948=LINE('',#5947,#5946);
#5949=DIRECTION('',(1.E0,0.E0,0.E0));
#5950=VECTOR('',#5949,2.E-1);
#5951=CARTESIAN_POINT('',(3.025E0,3.95E0,2.E-1));
#5952=LINE('',#5951,#5950);
#5953=DIRECTION('',(0.E0,0.E0,1.E0));
#5954=VECTOR('',#5953,1.5E-1);
#5955=CARTESIAN_POINT('',(3.025E0,3.95E0,5.E-2));
#5956=LINE('',#5955,#5954);
#5957=DIRECTION('',(-1.E0,0.E0,0.E0));
#5958=VECTOR('',#5957,2.E-1);
#5959=CARTESIAN_POINT('',(3.225E0,3.95E0,5.E-2));
#5960=LINE('',#5959,#5958);
#5961=DIRECTION('',(0.E0,0.E0,-1.E0));
#5962=VECTOR('',#5961,1.5E-1);
#5963=CARTESIAN_POINT('',(3.225E0,3.95E0,2.E-1));
#5964=LINE('',#5963,#5962);
#5965=DIRECTION('',(0.E0,-1.E0,0.E0));
#5966=VECTOR('',#5965,4.25E0);
#5967=CARTESIAN_POINT('',(-3.525E0,4.25E0,-1.725E0));
#5968=LINE('',#5967,#5966);
#5969=DIRECTION('',(0.E0,-1.E0,0.E0));
#5970=VECTOR('',#5969,4.25E0);
#5971=CARTESIAN_POINT('',(3.525E0,4.25E0,-1.725E0));
#5972=LINE('',#5971,#5970);
#5973=DIRECTION('',(0.E0,-1.E0,0.E0));
#5974=VECTOR('',#5973,4.25E0);
#5975=CARTESIAN_POINT('',(-3.525E0,4.25E0,-3.75E-1));
#5976=LINE('',#5975,#5974);
#5977=DIRECTION('',(0.E0,1.E0,0.E0));
#5978=VECTOR('',#5977,4.25E0);
#5979=CARTESIAN_POINT('',(3.525E0,0.E0,-3.75E-1));
#5980=LINE('',#5979,#5978);
#5981=DIRECTION('',(1.E0,0.E0,0.E0));
#5982=VECTOR('',#5981,4.45E0);
#5983=CARTESIAN_POINT('',(-2.225E0,3.75E0,-3.75E-1));
#5984=LINE('',#5983,#5982);
#5985=DIRECTION('',(0.E0,-1.E0,0.E0));
#5986=VECTOR('',#5985,1.2E0);
#5987=CARTESIAN_POINT('',(2.225E0,3.75E0,-3.75E-1));
#5988=LINE('',#5987,#5986);
#5989=DIRECTION('',(-1.E0,0.E0,0.E0));
#5990=VECTOR('',#5989,4.45E0);
#5991=CARTESIAN_POINT('',(2.225E0,2.55E0,-3.75E-1));
#5992=LINE('',#5991,#5990);
#5993=DIRECTION('',(0.E0,1.E0,0.E0));
#5994=VECTOR('',#5993,1.2E0);
#5995=CARTESIAN_POINT('',(-2.225E0,2.55E0,-3.75E-1));
#5996=LINE('',#5995,#5994);
#5997=DIRECTION('',(0.E0,8.479983040051E-1,5.299989400032E-1));
#5998=VECTOR('',#5997,9.433981132057E-1);
#5999=CARTESIAN_POINT('',(2.225E0,2.95E0,-8.75E-1));
#6000=LINE('',#5999,#5998);
#6001=DIRECTION('',(1.E0,0.E0,0.E0));
#6002=VECTOR('',#6001,4.45E0);
#6003=CARTESIAN_POINT('',(-2.225E0,2.95E0,-8.75E-1));
#6004=LINE('',#6003,#6002);
#6005=DIRECTION('',(0.E0,1.E0,0.E0));
#6006=VECTOR('',#6005,4.E-1);
#6007=CARTESIAN_POINT('',(-2.225E0,2.55E0,-8.75E-1));
#6008=LINE('',#6007,#6006);
#6009=DIRECTION('',(-1.E0,0.E0,0.E0));
#6010=VECTOR('',#6009,4.45E0);
#6011=CARTESIAN_POINT('',(2.225E0,2.55E0,-8.75E-1));
#6012=LINE('',#6011,#6010);
#6013=DIRECTION('',(0.E0,-1.E0,0.E0));
#6014=VECTOR('',#6013,4.E-1);
#6015=CARTESIAN_POINT('',(2.225E0,2.95E0,-8.75E-1));
#6016=LINE('',#6015,#6014);
#6017=DIRECTION('',(0.E0,-8.479983040051E-1,-5.299989400032E-1));
#6018=VECTOR('',#6017,9.433981132057E-1);
#6019=CARTESIAN_POINT('',(-2.225E0,3.75E0,-3.75E-1));
#6020=LINE('',#6019,#6018);
#6021=DIRECTION('',(0.E0,0.E0,-1.E0));
#6022=VECTOR('',#6021,5.E-1);
#6023=CARTESIAN_POINT('',(-2.225E0,2.55E0,-3.75E-1));
#6024=LINE('',#6023,#6022);
#6025=DIRECTION('',(0.E0,0.E0,-1.E0));
#6026=VECTOR('',#6025,5.E-1);
#6027=CARTESIAN_POINT('',(2.225E0,2.55E0,-3.75E-1));
#6028=LINE('',#6027,#6026);
#6029=DIRECTION('',(0.E0,-1.E0,0.E0));
#6030=VECTOR('',#6029,2.5E0);
#6031=CARTESIAN_POINT('',(5.125E0,3.25E0,-9.75E-1));
#6032=LINE('',#6031,#6030);
#6033=DIRECTION('',(0.E0,-1.E0,0.E0));
#6034=VECTOR('',#6033,2.5E0);
#6035=CARTESIAN_POINT('',(5.125E0,3.25E0,4.25E-1));
#6036=LINE('',#6035,#6034);
#6037=DIRECTION('',(0.E0,-1.E0,0.E0));
#6038=VECTOR('',#6037,2.5E0);
#6039=CARTESIAN_POINT('',(4.775E0,3.25E0,4.25E-1));
#6040=LINE('',#6039,#6038);
#6041=DIRECTION('',(0.E0,1.E0,0.E0));
#6042=VECTOR('',#6041,1.E0);
#6043=CARTESIAN_POINT('',(-4.875E0,2.25E0,1.975E0));
#6044=LINE('',#6043,#6042);
#6045=DIRECTION('',(0.E0,0.E0,-1.E0));
#6046=VECTOR('',#6045,6.E-1);
#6047=CARTESIAN_POINT('',(3.275E0,0.E0,2.125E0));
#6048=LINE('',#6047,#6046);
#6049=DIRECTION('',(0.E0,-7.071067811865E-1,7.071067811865E-1));
#6050=VECTOR('',#6049,4.242640687119E-1);
#6051=CARTESIAN_POINT('',(2.975E0,0.E0,1.525E0));
#6052=LINE('',#6051,#6050);
#6053=DIRECTION('',(0.E0,7.071067811865E-1,-7.071067811865E-1));
#6054=VECTOR('',#6053,4.242640687119E-1);
#6055=CARTESIAN_POINT('',(3.275E0,-3.E-1,1.825E0));
#6056=LINE('',#6055,#6054);
#6057=DIRECTION('',(0.E0,0.E0,1.E0));
#6058=VECTOR('',#6057,6.E-1);
#6059=CARTESIAN_POINT('',(2.975E0,0.E0,1.525E0));
#6060=LINE('',#6059,#6058);
#6061=DIRECTION('',(0.E0,0.E0,1.E0));
#6062=VECTOR('',#6061,3.E-1);
#6063=CARTESIAN_POINT('',(2.975E0,-7.E-1,1.825E0));
#6064=LINE('',#6063,#6062);
#6065=DIRECTION('',(0.E0,1.E0,0.E0));
#6066=VECTOR('',#6065,4.E-1);
#6067=CARTESIAN_POINT('',(3.275E0,-7.E-1,1.825E0));
#6068=LINE('',#6067,#6066);
#6069=DIRECTION('',(1.E0,0.E0,0.E0));
#6070=VECTOR('',#6069,3.E-1);
#6071=CARTESIAN_POINT('',(2.975E0,-3.E-1,1.825E0));
#6072=LINE('',#6071,#6070);
#6073=DIRECTION('',(0.E0,-1.E0,0.E0));
#6074=VECTOR('',#6073,4.E-1);
#6075=CARTESIAN_POINT('',(2.975E0,-3.E-1,1.825E0));
#6076=LINE('',#6075,#6074);
#6077=DIRECTION('',(1.E0,0.E0,0.E0));
#6078=VECTOR('',#6077,3.E-1);
#6079=CARTESIAN_POINT('',(2.975E0,-7.E-1,1.825E0));
#6080=LINE('',#6079,#6078);
#6081=DIRECTION('',(0.E0,0.E0,1.E0));
#6082=VECTOR('',#6081,3.E-1);
#6083=CARTESIAN_POINT('',(3.275E0,-7.E-1,1.825E0));
#6084=LINE('',#6083,#6082);
#6085=DIRECTION('',(0.E0,0.E0,-1.E0));
#6086=VECTOR('',#6085,6.E-1);
#6087=CARTESIAN_POINT('',(2.025E0,0.E0,2.125E0));
#6088=LINE('',#6087,#6086);
#6089=DIRECTION('',(0.E0,-7.071067811865E-1,7.071067811865E-1));
#6090=VECTOR('',#6089,4.242640687119E-1);
#6091=CARTESIAN_POINT('',(1.725E0,0.E0,1.525E0));
#6092=LINE('',#6091,#6090);
#6093=DIRECTION('',(0.E0,7.071067811865E-1,-7.071067811865E-1));
#6094=VECTOR('',#6093,4.242640687119E-1);
#6095=CARTESIAN_POINT('',(2.025E0,-3.E-1,1.825E0));
#6096=LINE('',#6095,#6094);
#6097=DIRECTION('',(0.E0,0.E0,1.E0));
#6098=VECTOR('',#6097,6.E-1);
#6099=CARTESIAN_POINT('',(1.725E0,0.E0,1.525E0));
#6100=LINE('',#6099,#6098);
#6101=DIRECTION('',(0.E0,0.E0,1.E0));
#6102=VECTOR('',#6101,3.E-1);
#6103=CARTESIAN_POINT('',(1.725E0,-7.E-1,1.825E0));
#6104=LINE('',#6103,#6102);
#6105=DIRECTION('',(0.E0,1.E0,0.E0));
#6106=VECTOR('',#6105,4.E-1);
#6107=CARTESIAN_POINT('',(2.025E0,-7.E-1,1.825E0));
#6108=LINE('',#6107,#6106);
#6109=DIRECTION('',(1.E0,0.E0,0.E0));
#6110=VECTOR('',#6109,3.E-1);
#6111=CARTESIAN_POINT('',(1.725E0,-3.E-1,1.825E0));
#6112=LINE('',#6111,#6110);
#6113=DIRECTION('',(0.E0,-1.E0,0.E0));
#6114=VECTOR('',#6113,4.E-1);
#6115=CARTESIAN_POINT('',(1.725E0,-3.E-1,1.825E0));
#6116=LINE('',#6115,#6114);
#6117=DIRECTION('',(1.E0,0.E0,0.E0));
#6118=VECTOR('',#6117,3.E-1);
#6119=CARTESIAN_POINT('',(1.725E0,-7.E-1,1.825E0));
#6120=LINE('',#6119,#6118);
#6121=DIRECTION('',(0.E0,0.E0,1.E0));
#6122=VECTOR('',#6121,3.E-1);
#6123=CARTESIAN_POINT('',(2.025E0,-7.E-1,1.825E0));
#6124=LINE('',#6123,#6122);
#6125=DIRECTION('',(0.E0,0.E0,-1.E0));
#6126=VECTOR('',#6125,6.E-1);
#6127=CARTESIAN_POINT('',(7.75E-1,0.E0,2.125E0));
#6128=LINE('',#6127,#6126);
#6129=DIRECTION('',(0.E0,-7.071067811865E-1,7.071067811865E-1));
#6130=VECTOR('',#6129,4.242640687119E-1);
#6131=CARTESIAN_POINT('',(4.75E-1,0.E0,1.525E0));
#6132=LINE('',#6131,#6130);
#6133=DIRECTION('',(0.E0,7.071067811865E-1,-7.071067811865E-1));
#6134=VECTOR('',#6133,4.242640687119E-1);
#6135=CARTESIAN_POINT('',(7.75E-1,-3.E-1,1.825E0));
#6136=LINE('',#6135,#6134);
#6137=DIRECTION('',(0.E0,0.E0,1.E0));
#6138=VECTOR('',#6137,6.E-1);
#6139=CARTESIAN_POINT('',(4.75E-1,0.E0,1.525E0));
#6140=LINE('',#6139,#6138);
#6141=DIRECTION('',(0.E0,0.E0,1.E0));
#6142=VECTOR('',#6141,3.E-1);
#6143=CARTESIAN_POINT('',(4.75E-1,-7.E-1,1.825E0));
#6144=LINE('',#6143,#6142);
#6145=DIRECTION('',(0.E0,1.E0,0.E0));
#6146=VECTOR('',#6145,4.E-1);
#6147=CARTESIAN_POINT('',(7.75E-1,-7.E-1,1.825E0));
#6148=LINE('',#6147,#6146);
#6149=DIRECTION('',(1.E0,0.E0,0.E0));
#6150=VECTOR('',#6149,3.E-1);
#6151=CARTESIAN_POINT('',(4.75E-1,-3.E-1,1.825E0));
#6152=LINE('',#6151,#6150);
#6153=DIRECTION('',(0.E0,-1.E0,0.E0));
#6154=VECTOR('',#6153,4.E-1);
#6155=CARTESIAN_POINT('',(4.75E-1,-3.E-1,1.825E0));
#6156=LINE('',#6155,#6154);
#6157=DIRECTION('',(1.E0,0.E0,0.E0));
#6158=VECTOR('',#6157,3.E-1);
#6159=CARTESIAN_POINT('',(4.75E-1,-7.E-1,1.825E0));
#6160=LINE('',#6159,#6158);
#6161=DIRECTION('',(0.E0,0.E0,1.E0));
#6162=VECTOR('',#6161,3.E-1);
#6163=CARTESIAN_POINT('',(7.75E-1,-7.E-1,1.825E0));
#6164=LINE('',#6163,#6162);
#6165=DIRECTION('',(0.E0,0.E0,-1.E0));
#6166=VECTOR('',#6165,6.E-1);
#6167=CARTESIAN_POINT('',(-4.75E-1,0.E0,2.125E0));
#6168=LINE('',#6167,#6166);
#6169=DIRECTION('',(0.E0,-7.071067811865E-1,7.071067811865E-1));
#6170=VECTOR('',#6169,4.242640687119E-1);
#6171=CARTESIAN_POINT('',(-7.75E-1,0.E0,1.525E0));
#6172=LINE('',#6171,#6170);
#6173=DIRECTION('',(0.E0,7.071067811865E-1,-7.071067811865E-1));
#6174=VECTOR('',#6173,4.242640687119E-1);
#6175=CARTESIAN_POINT('',(-4.75E-1,-3.E-1,1.825E0));
#6176=LINE('',#6175,#6174);
#6177=DIRECTION('',(0.E0,0.E0,1.E0));
#6178=VECTOR('',#6177,6.E-1);
#6179=CARTESIAN_POINT('',(-7.75E-1,0.E0,1.525E0));
#6180=LINE('',#6179,#6178);
#6181=DIRECTION('',(0.E0,0.E0,1.E0));
#6182=VECTOR('',#6181,3.E-1);
#6183=CARTESIAN_POINT('',(-7.75E-1,-7.E-1,1.825E0));
#6184=LINE('',#6183,#6182);
#6185=DIRECTION('',(0.E0,1.E0,0.E0));
#6186=VECTOR('',#6185,4.E-1);
#6187=CARTESIAN_POINT('',(-4.75E-1,-7.E-1,1.825E0));
#6188=LINE('',#6187,#6186);
#6189=DIRECTION('',(1.E0,0.E0,0.E0));
#6190=VECTOR('',#6189,3.E-1);
#6191=CARTESIAN_POINT('',(-7.75E-1,-3.E-1,1.825E0));
#6192=LINE('',#6191,#6190);
#6193=DIRECTION('',(0.E0,-1.E0,0.E0));
#6194=VECTOR('',#6193,4.E-1);
#6195=CARTESIAN_POINT('',(-7.75E-1,-3.E-1,1.825E0));
#6196=LINE('',#6195,#6194);
#6197=DIRECTION('',(1.E0,0.E0,0.E0));
#6198=VECTOR('',#6197,3.E-1);
#6199=CARTESIAN_POINT('',(-7.75E-1,-7.E-1,1.825E0));
#6200=LINE('',#6199,#6198);
#6201=DIRECTION('',(0.E0,0.E0,1.E0));
#6202=VECTOR('',#6201,3.E-1);
#6203=CARTESIAN_POINT('',(-4.75E-1,-7.E-1,1.825E0));
#6204=LINE('',#6203,#6202);
#6205=DIRECTION('',(0.E0,0.E0,-1.E0));
#6206=VECTOR('',#6205,6.E-1);
#6207=CARTESIAN_POINT('',(-1.725E0,0.E0,2.125E0));
#6208=LINE('',#6207,#6206);
#6209=DIRECTION('',(0.E0,-7.071067811865E-1,7.071067811865E-1));
#6210=VECTOR('',#6209,4.242640687119E-1);
#6211=CARTESIAN_POINT('',(-2.025E0,0.E0,1.525E0));
#6212=LINE('',#6211,#6210);
#6213=DIRECTION('',(0.E0,7.071067811865E-1,-7.071067811865E-1));
#6214=VECTOR('',#6213,4.242640687119E-1);
#6215=CARTESIAN_POINT('',(-1.725E0,-3.E-1,1.825E0));
#6216=LINE('',#6215,#6214);
#6217=DIRECTION('',(0.E0,0.E0,1.E0));
#6218=VECTOR('',#6217,6.E-1);
#6219=CARTESIAN_POINT('',(-2.025E0,0.E0,1.525E0));
#6220=LINE('',#6219,#6218);
#6221=DIRECTION('',(0.E0,0.E0,1.E0));
#6222=VECTOR('',#6221,3.E-1);
#6223=CARTESIAN_POINT('',(-2.025E0,-7.E-1,1.825E0));
#6224=LINE('',#6223,#6222);
#6225=DIRECTION('',(0.E0,1.E0,0.E0));
#6226=VECTOR('',#6225,4.E-1);
#6227=CARTESIAN_POINT('',(-1.725E0,-7.E-1,1.825E0));
#6228=LINE('',#6227,#6226);
#6229=DIRECTION('',(1.E0,0.E0,0.E0));
#6230=VECTOR('',#6229,3.E-1);
#6231=CARTESIAN_POINT('',(-2.025E0,-3.E-1,1.825E0));
#6232=LINE('',#6231,#6230);
#6233=DIRECTION('',(0.E0,-1.E0,0.E0));
#6234=VECTOR('',#6233,4.E-1);
#6235=CARTESIAN_POINT('',(-2.025E0,-3.E-1,1.825E0));
#6236=LINE('',#6235,#6234);
#6237=DIRECTION('',(1.E0,0.E0,0.E0));
#6238=VECTOR('',#6237,3.E-1);
#6239=CARTESIAN_POINT('',(-2.025E0,-7.E-1,1.825E0));
#6240=LINE('',#6239,#6238);
#6241=DIRECTION('',(0.E0,0.E0,1.E0));
#6242=VECTOR('',#6241,3.E-1);
#6243=CARTESIAN_POINT('',(-1.725E0,-7.E-1,1.825E0));
#6244=LINE('',#6243,#6242);
#6245=CARTESIAN_POINT('',(-5.375E0,0.E0,-2.125E0));
#6246=CARTESIAN_POINT('',(-5.375E0,0.E0,2.125E0));
#6247=VERTEX_POINT('',#6245);
#6248=VERTEX_POINT('',#6246);
#6249=CARTESIAN_POINT('',(5.375E0,0.E0,2.125E0));
#6250=CARTESIAN_POINT('',(5.375E0,0.E0,-2.125E0));
#6251=VERTEX_POINT('',#6249);
#6252=VERTEX_POINT('',#6250);
#6253=CARTESIAN_POINT('',(5.375E0,4.25E0,-2.125E0));
#6254=CARTESIAN_POINT('',(-5.375E0,4.25E0,-2.125E0));
#6255=VERTEX_POINT('',#6253);
#6256=VERTEX_POINT('',#6254);
#6257=CARTESIAN_POINT('',(-3.275E0,-7.E-1,2.125E0));
#6258=CARTESIAN_POINT('',(-2.975E0,-7.E-1,2.125E0));
#6259=VERTEX_POINT('',#6257);
#6260=VERTEX_POINT('',#6258);
#6261=CARTESIAN_POINT('',(-3.275E0,-7.E-1,1.825E0));
#6262=CARTESIAN_POINT('',(-2.975E0,-7.E-1,1.825E0));
#6263=VERTEX_POINT('',#6261);
#6264=VERTEX_POINT('',#6262);
#6265=CARTESIAN_POINT('',(-3.275E0,0.E0,2.125E0));
#6266=VERTEX_POINT('',#6265);
#6267=CARTESIAN_POINT('',(-2.975E0,0.E0,2.125E0));
#6268=VERTEX_POINT('',#6267);
#6269=CARTESIAN_POINT('',(-2.025E0,-7.E-1,2.125E0));
#6270=CARTESIAN_POINT('',(-1.725E0,-7.E-1,2.125E0));
#6271=VERTEX_POINT('',#6269);
#6272=VERTEX_POINT('',#6270);
#6273=CARTESIAN_POINT('',(-2.025E0,-7.E-1,1.825E0));
#6274=CARTESIAN_POINT('',(-1.725E0,-7.E-1,1.825E0));
#6275=VERTEX_POINT('',#6273);
#6276=VERTEX_POINT('',#6274);
#6277=CARTESIAN_POINT('',(-2.025E0,0.E0,2.125E0));
#6278=VERTEX_POINT('',#6277);
#6279=CARTESIAN_POINT('',(-1.725E0,0.E0,2.125E0));
#6280=VERTEX_POINT('',#6279);
#6281=CARTESIAN_POINT('',(-7.75E-1,-7.E-1,2.125E0));
#6282=CARTESIAN_POINT('',(-4.75E-1,-7.E-1,2.125E0));
#6283=VERTEX_POINT('',#6281);
#6284=VERTEX_POINT('',#6282);
#6285=CARTESIAN_POINT('',(-7.75E-1,-7.E-1,1.825E0));
#6286=CARTESIAN_POINT('',(-4.75E-1,-7.E-1,1.825E0));
#6287=VERTEX_POINT('',#6285);
#6288=VERTEX_POINT('',#6286);
#6289=CARTESIAN_POINT('',(-7.75E-1,0.E0,2.125E0));
#6290=VERTEX_POINT('',#6289);
#6291=CARTESIAN_POINT('',(-4.75E-1,0.E0,2.125E0));
#6292=VERTEX_POINT('',#6291);
#6293=CARTESIAN_POINT('',(-4.875E0,7.5E-1,-1.725E0));
#6294=CARTESIAN_POINT('',(-4.875E0,7.5E-1,-1.225E0));
#6295=VERTEX_POINT('',#6293);
#6296=VERTEX_POINT('',#6294);
#6297=CARTESIAN_POINT('',(-3.875E0,7.5E-1,-1.225E0));
#6298=VERTEX_POINT('',#6297);
#6299=CARTESIAN_POINT('',(-3.875E0,7.5E-1,-7.75E-1));
#6300=CARTESIAN_POINT('',(-4.375E0,7.5E-1,-7.75E-1));
#6301=VERTEX_POINT('',#6299);
#6302=VERTEX_POINT('',#6300);
#6303=CARTESIAN_POINT('',(-4.375E0,7.5E-1,1.725E0));
#6304=VERTEX_POINT('',#6303);
#6305=CARTESIAN_POINT('',(4.375E0,7.5E-1,1.725E0));
#6306=CARTESIAN_POINT('',(4.375E0,7.5E-1,-7.75E-1));
#6307=VERTEX_POINT('',#6305);
#6308=VERTEX_POINT('',#6306);
#6309=CARTESIAN_POINT('',(3.875E0,7.5E-1,-7.75E-1));
#6310=VERTEX_POINT('',#6309);
#6311=CARTESIAN_POINT('',(-4.875E0,4.25E0,-1.725E0));
#6312=CARTESIAN_POINT('',(-4.875E0,4.25E0,-1.225E0));
#6313=VERTEX_POINT('',#6311);
#6314=VERTEX_POINT('',#6312);
#6315=CARTESIAN_POINT('',(-3.875E0,4.25E0,-1.225E0));
#6316=VERTEX_POINT('',#6315);
#6317=CARTESIAN_POINT('',(-3.875E0,4.25E0,-7.75E-1));
#6318=CARTESIAN_POINT('',(-4.375E0,4.25E0,-7.75E-1));
#6319=VERTEX_POINT('',#6317);
#6320=VERTEX_POINT('',#6318);
#6321=CARTESIAN_POINT('',(-4.375E0,4.25E0,1.725E0));
#6322=VERTEX_POINT('',#6321);
#6323=CARTESIAN_POINT('',(4.375E0,4.25E0,1.725E0));
#6324=CARTESIAN_POINT('',(4.375E0,4.25E0,-7.75E-1));
#6325=VERTEX_POINT('',#6323);
#6326=VERTEX_POINT('',#6324);
#6327=CARTESIAN_POINT('',(3.875E0,4.25E0,-7.75E-1));
#6328=VERTEX_POINT('',#6327);
#6329=CARTESIAN_POINT('',(-5.375E0,4.25E0,-9.75E-1));
#6330=CARTESIAN_POINT('',(-4.775E0,4.25E0,-9.75E-1));
#6331=VERTEX_POINT('',#6329);
#6332=VERTEX_POINT('',#6330);
#6333=CARTESIAN_POINT('',(5.375E0,4.25E0,-9.75E-1));
#6334=CARTESIAN_POINT('',(4.775E0,4.25E0,-9.75E-1));
#6335=VERTEX_POINT('',#6333);
#6336=VERTEX_POINT('',#6334);
#6337=CARTESIAN_POINT('',(-5.375E0,3.25E0,-9.75E-1));
#6338=VERTEX_POINT('',#6337);
#6339=CARTESIAN_POINT('',(5.375E0,3.25E0,-9.75E-1));
#6340=VERTEX_POINT('',#6339);
#6341=CARTESIAN_POINT('',(-5.375E0,2.25E0,2.125E0));
#6342=CARTESIAN_POINT('',(-5.375E0,2.25E0,5.75E-1));
#6343=VERTEX_POINT('',#6341);
#6344=VERTEX_POINT('',#6342);
#6345=CARTESIAN_POINT('',(-5.375E0,3.25E0,5.75E-1));
#6346=VERTEX_POINT('',#6345);
#6347=CARTESIAN_POINT('',(-4.875E0,2.25E0,2.125E0));
#6348=VERTEX_POINT('',#6347);
#6349=CARTESIAN_POINT('',(4.875E0,2.25E0,2.125E0));
#6350=CARTESIAN_POINT('',(5.375E0,2.25E0,2.125E0));
#6351=VERTEX_POINT('',#6349);
#6352=VERTEX_POINT('',#6350);
#6353=CARTESIAN_POINT('',(-4.875E0,3.25E0,2.125E0));
#6354=VERTEX_POINT('',#6353);
#6355=CARTESIAN_POINT('',(4.875E0,3.25E0,2.125E0));
#6356=VERTEX_POINT('',#6355);
#6357=CARTESIAN_POINT('',(5.375E0,2.25E0,5.75E-1));
#6358=VERTEX_POINT('',#6357);
#6359=CARTESIAN_POINT('',(5.375E0,3.25E0,5.75E-1));
#6360=VERTEX_POINT('',#6359);
#6361=CARTESIAN_POINT('',(-2.975E0,-3.E-1,1.825E0));
#6362=VERTEX_POINT('',#6361);
#6363=CARTESIAN_POINT('',(-3.275E0,-3.E-1,1.825E0));
#6364=VERTEX_POINT('',#6363);
#6365=CARTESIAN_POINT('',(-1.725E0,-3.E-1,1.825E0));
#6366=VERTEX_POINT('',#6365);
#6367=CARTESIAN_POINT('',(-2.025E0,-3.E-1,1.825E0));
#6368=VERTEX_POINT('',#6367);
#6369=CARTESIAN_POINT('',(-4.75E-1,-3.E-1,1.825E0));
#6370=VERTEX_POINT('',#6369);
#6371=CARTESIAN_POINT('',(-7.75E-1,-3.E-1,1.825E0));
#6372=VERTEX_POINT('',#6371);
#6373=CARTESIAN_POINT('',(-3.275E0,0.E0,1.525E0));
#6374=VERTEX_POINT('',#6373);
#6375=CARTESIAN_POINT('',(-2.975E0,0.E0,1.525E0));
#6376=VERTEX_POINT('',#6375);
#6377=CARTESIAN_POINT('',(-2.025E0,0.E0,1.525E0));
#6378=VERTEX_POINT('',#6377);
#6379=CARTESIAN_POINT('',(-1.725E0,0.E0,1.525E0));
#6380=VERTEX_POINT('',#6379);
#6381=CARTESIAN_POINT('',(-7.75E-1,0.E0,1.525E0));
#6382=VERTEX_POINT('',#6381);
#6383=CARTESIAN_POINT('',(-4.75E-1,0.E0,1.525E0));
#6384=VERTEX_POINT('',#6383);
#6385=CARTESIAN_POINT('',(4.75E-1,0.E0,1.525E0));
#6386=CARTESIAN_POINT('',(4.75E-1,-3.E-1,1.825E0));
#6387=VERTEX_POINT('',#6385);
#6388=VERTEX_POINT('',#6386);
#6389=CARTESIAN_POINT('',(7.75E-1,-3.E-1,1.825E0));
#6390=CARTESIAN_POINT('',(7.75E-1,0.E0,1.525E0));
#6391=VERTEX_POINT('',#6389);
#6392=VERTEX_POINT('',#6390);
#6393=CARTESIAN_POINT('',(-5.125E0,7.5E-1,-9.75E-1));
#6394=CARTESIAN_POINT('',(-5.125E0,7.5E-1,4.25E-1));
#6395=VERTEX_POINT('',#6393);
#6396=VERTEX_POINT('',#6394);
#6397=CARTESIAN_POINT('',(-4.775E0,7.5E-1,4.25E-1));
#6398=VERTEX_POINT('',#6397);
#6399=CARTESIAN_POINT('',(-4.775E0,7.5E-1,-9.75E-1));
#6400=VERTEX_POINT('',#6399);
#6401=CARTESIAN_POINT('',(-4.775E0,7.5E-1,1.975E0));
#6402=CARTESIAN_POINT('',(-4.775E0,7.5E-1,5.75E-1));
#6403=VERTEX_POINT('',#6401);
#6404=VERTEX_POINT('',#6402);
#6405=CARTESIAN_POINT('',(-5.125E0,7.5E-1,5.75E-1));
#6406=VERTEX_POINT('',#6405);
#6407=CARTESIAN_POINT('',(-5.125E0,7.5E-1,1.975E0));
#6408=VERTEX_POINT('',#6407);
#6409=CARTESIAN_POINT('',(5.125E0,7.5E-1,-9.75E-1));
#6410=CARTESIAN_POINT('',(4.775E0,7.5E-1,-9.75E-1));
#6411=VERTEX_POINT('',#6409);
#6412=VERTEX_POINT('',#6410);
#6413=CARTESIAN_POINT('',(4.775E0,7.5E-1,4.25E-1));
#6414=VERTEX_POINT('',#6413);
#6415=CARTESIAN_POINT('',(5.125E0,7.5E-1,4.25E-1));
#6416=VERTEX_POINT('',#6415);
#6417=CARTESIAN_POINT('',(4.775E0,7.5E-1,1.975E0));
#6418=CARTESIAN_POINT('',(5.125E0,7.5E-1,1.975E0));
#6419=VERTEX_POINT('',#6417);
#6420=VERTEX_POINT('',#6418);
#6421=CARTESIAN_POINT('',(5.125E0,7.5E-1,5.75E-1));
#6422=VERTEX_POINT('',#6421);
#6423=CARTESIAN_POINT('',(4.775E0,7.5E-1,5.75E-1));
#6424=VERTEX_POINT('',#6423);
#6425=CARTESIAN_POINT('',(-5.125E0,3.25E0,-9.75E-1));
#6426=CARTESIAN_POINT('',(-5.125E0,3.25E0,4.25E-1));
#6427=VERTEX_POINT('',#6425);
#6428=VERTEX_POINT('',#6426);
#6429=CARTESIAN_POINT('',(-4.775E0,3.25E0,4.25E-1));
#6430=VERTEX_POINT('',#6429);
#6431=CARTESIAN_POINT('',(4.775E0,3.25E0,4.25E-1));
#6432=CARTESIAN_POINT('',(5.125E0,3.25E0,4.25E-1));
#6433=VERTEX_POINT('',#6431);
#6434=VERTEX_POINT('',#6432);
#6435=CARTESIAN_POINT('',(5.125E0,3.25E0,-9.75E-1));
#6436=VERTEX_POINT('',#6435);
#6437=CARTESIAN_POINT('',(-5.125E0,2.25E0,5.75E-1));
#6438=CARTESIAN_POINT('',(-5.125E0,2.25E0,1.975E0));
#6439=VERTEX_POINT('',#6437);
#6440=VERTEX_POINT('',#6438);
#6441=CARTESIAN_POINT('',(-4.875E0,2.25E0,1.975E0));
#6442=VERTEX_POINT('',#6441);
#6443=CARTESIAN_POINT('',(4.875E0,2.25E0,1.975E0));
#6444=CARTESIAN_POINT('',(5.125E0,2.25E0,1.975E0));
#6445=VERTEX_POINT('',#6443);
#6446=VERTEX_POINT('',#6444);
#6447=CARTESIAN_POINT('',(5.125E0,2.25E0,5.75E-1));
#6448=VERTEX_POINT('',#6447);
#6449=CARTESIAN_POINT('',(-4.775E0,3.25E0,1.975E0));
#6450=VERTEX_POINT('',#6449);
#6451=CARTESIAN_POINT('',(-4.775E0,3.25E0,5.75E-1));
#6452=VERTEX_POINT('',#6451);
#6453=CARTESIAN_POINT('',(4.775E0,3.25E0,1.975E0));
#6454=VERTEX_POINT('',#6453);
#6455=CARTESIAN_POINT('',(4.775E0,3.25E0,5.75E-1));
#6456=VERTEX_POINT('',#6455);
#6457=CARTESIAN_POINT('',(-3.875E0,7.5E-1,-1.725E0));
#6458=VERTEX_POINT('',#6457);
#6459=CARTESIAN_POINT('',(3.875E0,7.5E-1,2.5E-2));
#6460=VERTEX_POINT('',#6459);
#6461=CARTESIAN_POINT('',(-3.875E0,7.5E-1,2.5E-2));
#6462=VERTEX_POINT('',#6461);
#6463=CARTESIAN_POINT('',(4.875E0,7.5E-1,-1.725E0));
#6464=CARTESIAN_POINT('',(3.875E0,7.5E-1,-1.725E0));
#6465=VERTEX_POINT('',#6463);
#6466=VERTEX_POINT('',#6464);
#6467=CARTESIAN_POINT('',(3.875E0,7.5E-1,-1.225E0));
#6468=VERTEX_POINT('',#6467);
#6469=CARTESIAN_POINT('',(4.875E0,7.5E-1,-1.225E0));
#6470=VERTEX_POINT('',#6469);
#6471=CARTESIAN_POINT('',(-3.875E0,4.25E0,-1.725E0));
#6472=VERTEX_POINT('',#6471);
#6473=CARTESIAN_POINT('',(3.875E0,4.25E0,2.5E-2));
#6474=VERTEX_POINT('',#6473);
#6475=CARTESIAN_POINT('',(-3.875E0,4.25E0,2.5E-2));
#6476=VERTEX_POINT('',#6475);
#6477=CARTESIAN_POINT('',(-3.525E0,4.25E0,-1.725E0));
#6478=CARTESIAN_POINT('',(-3.525E0,4.25E0,-3.75E-1));
#6479=VERTEX_POINT('',#6477);
#6480=VERTEX_POINT('',#6478);
#6481=CARTESIAN_POINT('',(3.525E0,4.25E0,-3.75E-1));
#6482=VERTEX_POINT('',#6481);
#6483=CARTESIAN_POINT('',(3.525E0,4.25E0,-1.725E0));
#6484=VERTEX_POINT('',#6483);
#6485=CARTESIAN_POINT('',(4.875E0,4.25E0,-1.725E0));
#6486=CARTESIAN_POINT('',(3.875E0,4.25E0,-1.725E0));
#6487=VERTEX_POINT('',#6485);
#6488=VERTEX_POINT('',#6486);
#6489=CARTESIAN_POINT('',(3.875E0,4.25E0,-1.225E0));
#6490=VERTEX_POINT('',#6489);
#6491=CARTESIAN_POINT('',(4.875E0,4.25E0,-1.225E0));
#6492=VERTEX_POINT('',#6491);
#6493=CARTESIAN_POINT('',(-4.775E0,3.25E0,1.825E0));
#6494=VERTEX_POINT('',#6493);
#6495=CARTESIAN_POINT('',(-4.875E0,3.25E0,1.975E0));
#6496=VERTEX_POINT('',#6495);
#6497=CARTESIAN_POINT('',(4.875E0,3.25E0,1.975E0));
#6498=VERTEX_POINT('',#6497);
#6499=CARTESIAN_POINT('',(4.775E0,3.25E0,1.825E0));
#6500=VERTEX_POINT('',#6499);
#6501=CARTESIAN_POINT('',(-4.775E0,4.25E0,1.825E0));
#6502=CARTESIAN_POINT('',(-4.475E0,4.25E0,2.125E0));
#6503=VERTEX_POINT('',#6501);
#6504=VERTEX_POINT('',#6502);
#6505=CARTESIAN_POINT('',(-4.475E0,3.25E0,2.125E0));
#6506=VERTEX_POINT('',#6505);
#6507=CARTESIAN_POINT('',(4.475E0,4.25E0,2.125E0));
#6508=CARTESIAN_POINT('',(4.775E0,4.25E0,1.825E0));
#6509=VERTEX_POINT('',#6507);
#6510=VERTEX_POINT('',#6508);
#6511=CARTESIAN_POINT('',(4.475E0,3.25E0,2.125E0));
#6512=VERTEX_POINT('',#6511);
#6513=CARTESIAN_POINT('',(4.75E-1,-7.E-1,2.125E0));
#6514=CARTESIAN_POINT('',(7.75E-1,-7.E-1,2.125E0));
#6515=VERTEX_POINT('',#6513);
#6516=VERTEX_POINT('',#6514);
#6517=CARTESIAN_POINT('',(4.75E-1,-7.E-1,1.825E0));
#6518=CARTESIAN_POINT('',(7.75E-1,-7.E-1,1.825E0));
#6519=VERTEX_POINT('',#6517);
#6520=VERTEX_POINT('',#6518);
#6521=CARTESIAN_POINT('',(4.75E-1,0.E0,2.125E0));
#6522=VERTEX_POINT('',#6521);
#6523=CARTESIAN_POINT('',(7.75E-1,0.E0,2.125E0));
#6524=VERTEX_POINT('',#6523);
#6525=CARTESIAN_POINT('',(1.725E0,-7.E-1,2.125E0));
#6526=CARTESIAN_POINT('',(2.025E0,-7.E-1,2.125E0));
#6527=VERTEX_POINT('',#6525);
#6528=VERTEX_POINT('',#6526);
#6529=CARTESIAN_POINT('',(1.725E0,-7.E-1,1.825E0));
#6530=CARTESIAN_POINT('',(2.025E0,-7.E-1,1.825E0));
#6531=VERTEX_POINT('',#6529);
#6532=VERTEX_POINT('',#6530);
#6533=CARTESIAN_POINT('',(1.725E0,0.E0,2.125E0));
#6534=VERTEX_POINT('',#6533);
#6535=CARTESIAN_POINT('',(2.025E0,0.E0,2.125E0));
#6536=VERTEX_POINT('',#6535);
#6537=CARTESIAN_POINT('',(2.975E0,-7.E-1,2.125E0));
#6538=CARTESIAN_POINT('',(3.275E0,-7.E-1,2.125E0));
#6539=VERTEX_POINT('',#6537);
#6540=VERTEX_POINT('',#6538);
#6541=CARTESIAN_POINT('',(2.975E0,-7.E-1,1.825E0));
#6542=CARTESIAN_POINT('',(3.275E0,-7.E-1,1.825E0));
#6543=VERTEX_POINT('',#6541);
#6544=VERTEX_POINT('',#6542);
#6545=CARTESIAN_POINT('',(2.975E0,0.E0,2.125E0));
#6546=VERTEX_POINT('',#6545);
#6547=CARTESIAN_POINT('',(3.275E0,0.E0,2.125E0));
#6548=VERTEX_POINT('',#6547);
#6549=CARTESIAN_POINT('',(2.025E0,-3.E-1,1.825E0));
#6550=VERTEX_POINT('',#6549);
#6551=CARTESIAN_POINT('',(1.725E0,-3.E-1,1.825E0));
#6552=VERTEX_POINT('',#6551);
#6553=CARTESIAN_POINT('',(3.275E0,-3.E-1,1.825E0));
#6554=VERTEX_POINT('',#6553);
#6555=CARTESIAN_POINT('',(2.975E0,-3.E-1,1.825E0));
#6556=VERTEX_POINT('',#6555);
#6557=CARTESIAN_POINT('',(1.725E0,0.E0,1.525E0));
#6558=VERTEX_POINT('',#6557);
#6559=CARTESIAN_POINT('',(2.025E0,0.E0,1.525E0));
#6560=VERTEX_POINT('',#6559);
#6561=CARTESIAN_POINT('',(2.975E0,0.E0,1.525E0));
#6562=VERTEX_POINT('',#6561);
#6563=CARTESIAN_POINT('',(3.275E0,0.E0,1.525E0));
#6564=VERTEX_POINT('',#6563);
#6565=CARTESIAN_POINT('',(3.525E0,0.E0,-3.75E-1));
#6566=CARTESIAN_POINT('',(3.525E0,0.E0,-1.725E0));
#6567=VERTEX_POINT('',#6565);
#6568=VERTEX_POINT('',#6566);
#6569=CARTESIAN_POINT('',(-3.525E0,0.E0,-1.725E0));
#6570=VERTEX_POINT('',#6569);
#6571=CARTESIAN_POINT('',(-3.525E0,0.E0,-3.75E-1));
#6572=VERTEX_POINT('',#6571);
#6573=CARTESIAN_POINT('',(2.225E0,2.55E0,-8.75E-1));
#6574=CARTESIAN_POINT('',(-2.225E0,2.55E0,-8.75E-1));
#6575=VERTEX_POINT('',#6573);
#6576=VERTEX_POINT('',#6574);
#6577=CARTESIAN_POINT('',(2.225E0,2.55E0,-3.75E-1));
#6578=CARTESIAN_POINT('',(-2.225E0,2.55E0,-3.75E-1));
#6579=VERTEX_POINT('',#6577);
#6580=VERTEX_POINT('',#6578);
#6581=CARTESIAN_POINT('',(2.225E0,2.95E0,-8.75E-1));
#6582=CARTESIAN_POINT('',(2.225E0,3.75E0,-3.75E-1));
#6583=VERTEX_POINT('',#6581);
#6584=VERTEX_POINT('',#6582);
#6585=CARTESIAN_POINT('',(-2.225E0,3.75E0,-3.75E-1));
#6586=VERTEX_POINT('',#6585);
#6587=CARTESIAN_POINT('',(-2.225E0,2.95E0,-8.75E-1));
#6588=VERTEX_POINT('',#6587);
#6589=CARTESIAN_POINT('',(-2.975E0,7.5E-1,2.5E-2));
#6590=CARTESIAN_POINT('',(-2.975E0,7.5E-1,4.25E-1));
#6591=VERTEX_POINT('',#6589);
#6592=VERTEX_POINT('',#6590);
#6593=CARTESIAN_POINT('',(-2.775E0,7.5E-1,4.25E-1));
#6594=VERTEX_POINT('',#6593);
#6595=CARTESIAN_POINT('',(-2.775E0,7.5E-1,2.5E-2));
#6596=VERTEX_POINT('',#6595);
#6597=CARTESIAN_POINT('',(-3.475E0,7.5E-1,2.5E-2));
#6598=CARTESIAN_POINT('',(-3.475E0,7.5E-1,4.25E-1));
#6599=VERTEX_POINT('',#6597);
#6600=VERTEX_POINT('',#6598);
#6601=CARTESIAN_POINT('',(-3.275E0,7.5E-1,4.25E-1));
#6602=VERTEX_POINT('',#6601);
#6603=CARTESIAN_POINT('',(-3.275E0,7.5E-1,2.5E-2));
#6604=VERTEX_POINT('',#6603);
#6605=CARTESIAN_POINT('',(-2.975E0,4.25E0,2.5E-2));
#6606=VERTEX_POINT('',#6605);
#6607=CARTESIAN_POINT('',(-2.775E0,4.25E0,2.5E-2));
#6608=VERTEX_POINT('',#6607);
#6609=CARTESIAN_POINT('',(-3.475E0,4.25E0,2.5E-2));
#6610=VERTEX_POINT('',#6609);
#6611=CARTESIAN_POINT('',(-3.275E0,4.25E0,2.5E-2));
#6612=VERTEX_POINT('',#6611);
#6613=CARTESIAN_POINT('',(-3.245E0,7.5E-1,1.825E0));
#6614=CARTESIAN_POINT('',(-3.005E0,7.5E-1,1.825E0));
#6615=VERTEX_POINT('',#6613);
#6616=VERTEX_POINT('',#6614);
#6617=CARTESIAN_POINT('',(-3.245E0,4.25E0,1.725E0));
#6618=CARTESIAN_POINT('',(-3.245E0,4.25E0,1.825E0));
#6619=VERTEX_POINT('',#6617);
#6620=VERTEX_POINT('',#6618);
#6621=CARTESIAN_POINT('',(-3.005E0,4.25E0,1.825E0));
#6622=VERTEX_POINT('',#6621);
#6623=CARTESIAN_POINT('',(-3.005E0,4.25E0,1.725E0));
#6624=VERTEX_POINT('',#6623);
#6625=CARTESIAN_POINT('',(-3.245E0,7.5E-1,1.725E0));
#6626=VERTEX_POINT('',#6625);
#6627=CARTESIAN_POINT('',(-3.005E0,7.5E-1,1.725E0));
#6628=VERTEX_POINT('',#6627);
#6629=CARTESIAN_POINT('',(-3.025E0,3.95E0,5.E-2));
#6630=CARTESIAN_POINT('',(-3.225E0,3.95E0,5.E-2));
#6631=VERTEX_POINT('',#6629);
#6632=VERTEX_POINT('',#6630);
#6633=CARTESIAN_POINT('',(-3.025E0,7.5E-1,1.775E0));
#6634=CARTESIAN_POINT('',(-3.025E0,7.5E-1,1.475E0));
#6635=VERTEX_POINT('',#6633);
#6636=VERTEX_POINT('',#6634);
#6637=CARTESIAN_POINT('',(-3.225E0,7.5E-1,1.475E0));
#6638=VERTEX_POINT('',#6637);
#6639=CARTESIAN_POINT('',(-3.225E0,7.5E-1,1.775E0));
#6640=VERTEX_POINT('',#6639);
#6641=CARTESIAN_POINT('',(-3.025E0,7.5E-1,5.E-1));
#6642=CARTESIAN_POINT('',(-3.025E0,7.5E-1,5.E-2));
#6643=VERTEX_POINT('',#6641);
#6644=VERTEX_POINT('',#6642);
#6645=CARTESIAN_POINT('',(-3.225E0,7.5E-1,5.E-2));
#6646=VERTEX_POINT('',#6645);
#6647=CARTESIAN_POINT('',(-3.225E0,7.5E-1,5.E-1));
#6648=VERTEX_POINT('',#6647);
#6649=CARTESIAN_POINT('',(-3.225E0,3.95E0,1.775E0));
#6650=CARTESIAN_POINT('',(-3.225E0,3.65E0,1.475E0));
#6651=VERTEX_POINT('',#6649);
#6652=VERTEX_POINT('',#6650);
#6653=CARTESIAN_POINT('',(-3.025E0,3.65E0,1.475E0));
#6654=VERTEX_POINT('',#6653);
#6655=CARTESIAN_POINT('',(-3.025E0,3.95E0,1.775E0));
#6656=VERTEX_POINT('',#6655);
#6657=CARTESIAN_POINT('',(-3.025E0,3.95E0,2.E-1));
#6658=CARTESIAN_POINT('',(-3.025E0,3.65E0,5.E-1));
#6659=VERTEX_POINT('',#6657);
#6660=VERTEX_POINT('',#6658);
#6661=CARTESIAN_POINT('',(-3.225E0,3.65E0,5.E-1));
#6662=VERTEX_POINT('',#6661);
#6663=CARTESIAN_POINT('',(-3.225E0,3.95E0,2.E-1));
#6664=VERTEX_POINT('',#6663);
#6665=CARTESIAN_POINT('',(-3.275E0,4.25E0,1.25E-1));
#6666=CARTESIAN_POINT('',(-3.275E0,3.95E0,4.25E-1));
#6667=VERTEX_POINT('',#6665);
#6668=VERTEX_POINT('',#6666);
#6669=CARTESIAN_POINT('',(-3.475E0,3.95E0,4.25E-1));
#6670=VERTEX_POINT('',#6669);
#6671=CARTESIAN_POINT('',(-3.475E0,4.25E0,1.25E-1));
#6672=VERTEX_POINT('',#6671);
#6673=CARTESIAN_POINT('',(-2.775E0,4.25E0,1.25E-1));
#6674=CARTESIAN_POINT('',(-2.775E0,3.95E0,4.25E-1));
#6675=VERTEX_POINT('',#6673);
#6676=VERTEX_POINT('',#6674);
#6677=CARTESIAN_POINT('',(-2.975E0,3.95E0,4.25E-1));
#6678=VERTEX_POINT('',#6677);
#6679=CARTESIAN_POINT('',(-2.975E0,4.25E0,1.25E-1));
#6680=VERTEX_POINT('',#6679);
#6681=CARTESIAN_POINT('',(-1.725E0,7.5E-1,2.5E-2));
#6682=CARTESIAN_POINT('',(-1.725E0,7.5E-1,4.25E-1));
#6683=VERTEX_POINT('',#6681);
#6684=VERTEX_POINT('',#6682);
#6685=CARTESIAN_POINT('',(-1.525E0,7.5E-1,4.25E-1));
#6686=VERTEX_POINT('',#6685);
#6687=CARTESIAN_POINT('',(-1.525E0,7.5E-1,2.5E-2));
#6688=VERTEX_POINT('',#6687);
#6689=CARTESIAN_POINT('',(-2.225E0,7.5E-1,2.5E-2));
#6690=CARTESIAN_POINT('',(-2.225E0,7.5E-1,4.25E-1));
#6691=VERTEX_POINT('',#6689);
#6692=VERTEX_POINT('',#6690);
#6693=CARTESIAN_POINT('',(-2.025E0,7.5E-1,4.25E-1));
#6694=VERTEX_POINT('',#6693);
#6695=CARTESIAN_POINT('',(-2.025E0,7.5E-1,2.5E-2));
#6696=VERTEX_POINT('',#6695);
#6697=CARTESIAN_POINT('',(-1.725E0,4.25E0,2.5E-2));
#6698=VERTEX_POINT('',#6697);
#6699=CARTESIAN_POINT('',(-1.525E0,4.25E0,2.5E-2));
#6700=VERTEX_POINT('',#6699);
#6701=CARTESIAN_POINT('',(-2.225E0,4.25E0,2.5E-2));
#6702=VERTEX_POINT('',#6701);
#6703=CARTESIAN_POINT('',(-2.025E0,4.25E0,2.5E-2));
#6704=VERTEX_POINT('',#6703);
#6705=CARTESIAN_POINT('',(-4.75E-1,7.5E-1,2.5E-2));
#6706=CARTESIAN_POINT('',(-4.75E-1,7.5E-1,4.25E-1));
#6707=VERTEX_POINT('',#6705);
#6708=VERTEX_POINT('',#6706);
#6709=CARTESIAN_POINT('',(-2.75E-1,7.5E-1,4.25E-1));
#6710=VERTEX_POINT('',#6709);
#6711=CARTESIAN_POINT('',(-2.75E-1,7.5E-1,2.5E-2));
#6712=VERTEX_POINT('',#6711);
#6713=CARTESIAN_POINT('',(-9.75E-1,7.5E-1,2.5E-2));
#6714=CARTESIAN_POINT('',(-9.75E-1,7.5E-1,4.25E-1));
#6715=VERTEX_POINT('',#6713);
#6716=VERTEX_POINT('',#6714);
#6717=CARTESIAN_POINT('',(-7.75E-1,7.5E-1,4.25E-1));
#6718=VERTEX_POINT('',#6717);
#6719=CARTESIAN_POINT('',(-7.75E-1,7.5E-1,2.5E-2));
#6720=VERTEX_POINT('',#6719);
#6721=CARTESIAN_POINT('',(-4.75E-1,4.25E0,2.5E-2));
#6722=VERTEX_POINT('',#6721);
#6723=CARTESIAN_POINT('',(-2.75E-1,4.25E0,2.5E-2));
#6724=VERTEX_POINT('',#6723);
#6725=CARTESIAN_POINT('',(-9.75E-1,4.25E0,2.5E-2));
#6726=VERTEX_POINT('',#6725);
#6727=CARTESIAN_POINT('',(-7.75E-1,4.25E0,2.5E-2));
#6728=VERTEX_POINT('',#6727);
#6729=CARTESIAN_POINT('',(7.75E-1,7.5E-1,2.5E-2));
#6730=CARTESIAN_POINT('',(7.75E-1,7.5E-1,4.25E-1));
#6731=VERTEX_POINT('',#6729);
#6732=VERTEX_POINT('',#6730);
#6733=CARTESIAN_POINT('',(9.75E-1,7.5E-1,4.25E-1));
#6734=VERTEX_POINT('',#6733);
#6735=CARTESIAN_POINT('',(9.75E-1,7.5E-1,2.5E-2));
#6736=VERTEX_POINT('',#6735);
#6737=CARTESIAN_POINT('',(2.75E-1,7.5E-1,2.5E-2));
#6738=CARTESIAN_POINT('',(2.75E-1,7.5E-1,4.25E-1));
#6739=VERTEX_POINT('',#6737);
#6740=VERTEX_POINT('',#6738);
#6741=CARTESIAN_POINT('',(4.75E-1,7.5E-1,4.25E-1));
#6742=VERTEX_POINT('',#6741);
#6743=CARTESIAN_POINT('',(4.75E-1,7.5E-1,2.5E-2));
#6744=VERTEX_POINT('',#6743);
#6745=CARTESIAN_POINT('',(7.75E-1,4.25E0,2.5E-2));
#6746=VERTEX_POINT('',#6745);
#6747=CARTESIAN_POINT('',(9.75E-1,4.25E0,2.5E-2));
#6748=VERTEX_POINT('',#6747);
#6749=CARTESIAN_POINT('',(2.75E-1,4.25E0,2.5E-2));
#6750=VERTEX_POINT('',#6749);
#6751=CARTESIAN_POINT('',(4.75E-1,4.25E0,2.5E-2));
#6752=VERTEX_POINT('',#6751);
#6753=CARTESIAN_POINT('',(2.025E0,7.5E-1,2.5E-2));
#6754=CARTESIAN_POINT('',(2.025E0,7.5E-1,4.25E-1));
#6755=VERTEX_POINT('',#6753);
#6756=VERTEX_POINT('',#6754);
#6757=CARTESIAN_POINT('',(2.225E0,7.5E-1,4.25E-1));
#6758=VERTEX_POINT('',#6757);
#6759=CARTESIAN_POINT('',(2.225E0,7.5E-1,2.5E-2));
#6760=VERTEX_POINT('',#6759);
#6761=CARTESIAN_POINT('',(1.525E0,7.5E-1,2.5E-2));
#6762=CARTESIAN_POINT('',(1.525E0,7.5E-1,4.25E-1));
#6763=VERTEX_POINT('',#6761);
#6764=VERTEX_POINT('',#6762);
#6765=CARTESIAN_POINT('',(1.725E0,7.5E-1,4.25E-1));
#6766=VERTEX_POINT('',#6765);
#6767=CARTESIAN_POINT('',(1.725E0,7.5E-1,2.5E-2));
#6768=VERTEX_POINT('',#6767);
#6769=CARTESIAN_POINT('',(2.025E0,4.25E0,2.5E-2));
#6770=VERTEX_POINT('',#6769);
#6771=CARTESIAN_POINT('',(2.225E0,4.25E0,2.5E-2));
#6772=VERTEX_POINT('',#6771);
#6773=CARTESIAN_POINT('',(1.525E0,4.25E0,2.5E-2));
#6774=VERTEX_POINT('',#6773);
#6775=CARTESIAN_POINT('',(1.725E0,4.25E0,2.5E-2));
#6776=VERTEX_POINT('',#6775);
#6777=CARTESIAN_POINT('',(3.275E0,7.5E-1,2.5E-2));
#6778=CARTESIAN_POINT('',(3.275E0,7.5E-1,4.25E-1));
#6779=VERTEX_POINT('',#6777);
#6780=VERTEX_POINT('',#6778);
#6781=CARTESIAN_POINT('',(3.475E0,7.5E-1,4.25E-1));
#6782=VERTEX_POINT('',#6781);
#6783=CARTESIAN_POINT('',(3.475E0,7.5E-1,2.5E-2));
#6784=VERTEX_POINT('',#6783);
#6785=CARTESIAN_POINT('',(2.775E0,7.5E-1,2.5E-2));
#6786=CARTESIAN_POINT('',(2.775E0,7.5E-1,4.25E-1));
#6787=VERTEX_POINT('',#6785);
#6788=VERTEX_POINT('',#6786);
#6789=CARTESIAN_POINT('',(2.975E0,7.5E-1,4.25E-1));
#6790=VERTEX_POINT('',#6789);
#6791=CARTESIAN_POINT('',(2.975E0,7.5E-1,2.5E-2));
#6792=VERTEX_POINT('',#6791);
#6793=CARTESIAN_POINT('',(3.275E0,4.25E0,2.5E-2));
#6794=VERTEX_POINT('',#6793);
#6795=CARTESIAN_POINT('',(3.475E0,4.25E0,2.5E-2));
#6796=VERTEX_POINT('',#6795);
#6797=CARTESIAN_POINT('',(2.775E0,4.25E0,2.5E-2));
#6798=VERTEX_POINT('',#6797);
#6799=CARTESIAN_POINT('',(2.975E0,4.25E0,2.5E-2));
#6800=VERTEX_POINT('',#6799);
#6801=CARTESIAN_POINT('',(-1.995E0,7.5E-1,1.825E0));
#6802=CARTESIAN_POINT('',(-1.755E0,7.5E-1,1.825E0));
#6803=VERTEX_POINT('',#6801);
#6804=VERTEX_POINT('',#6802);
#6805=CARTESIAN_POINT('',(-1.995E0,4.25E0,1.725E0));
#6806=CARTESIAN_POINT('',(-1.995E0,4.25E0,1.825E0));
#6807=VERTEX_POINT('',#6805);
#6808=VERTEX_POINT('',#6806);
#6809=CARTESIAN_POINT('',(-1.755E0,4.25E0,1.825E0));
#6810=VERTEX_POINT('',#6809);
#6811=CARTESIAN_POINT('',(-1.755E0,4.25E0,1.725E0));
#6812=VERTEX_POINT('',#6811);
#6813=CARTESIAN_POINT('',(-1.995E0,7.5E-1,1.725E0));
#6814=VERTEX_POINT('',#6813);
#6815=CARTESIAN_POINT('',(-1.755E0,7.5E-1,1.725E0));
#6816=VERTEX_POINT('',#6815);
#6817=CARTESIAN_POINT('',(-7.45E-1,7.5E-1,1.825E0));
#6818=CARTESIAN_POINT('',(-5.05E-1,7.5E-1,1.825E0));
#6819=VERTEX_POINT('',#6817);
#6820=VERTEX_POINT('',#6818);
#6821=CARTESIAN_POINT('',(-7.45E-1,4.25E0,1.725E0));
#6822=CARTESIAN_POINT('',(-7.45E-1,4.25E0,1.825E0));
#6823=VERTEX_POINT('',#6821);
#6824=VERTEX_POINT('',#6822);
#6825=CARTESIAN_POINT('',(-5.05E-1,4.25E0,1.825E0));
#6826=VERTEX_POINT('',#6825);
#6827=CARTESIAN_POINT('',(-5.05E-1,4.25E0,1.725E0));
#6828=VERTEX_POINT('',#6827);
#6829=CARTESIAN_POINT('',(-7.45E-1,7.5E-1,1.725E0));
#6830=VERTEX_POINT('',#6829);
#6831=CARTESIAN_POINT('',(-5.05E-1,7.5E-1,1.725E0));
#6832=VERTEX_POINT('',#6831);
#6833=CARTESIAN_POINT('',(5.05E-1,7.5E-1,1.825E0));
#6834=CARTESIAN_POINT('',(7.45E-1,7.5E-1,1.825E0));
#6835=VERTEX_POINT('',#6833);
#6836=VERTEX_POINT('',#6834);
#6837=CARTESIAN_POINT('',(5.05E-1,4.25E0,1.725E0));
#6838=CARTESIAN_POINT('',(5.05E-1,4.25E0,1.825E0));
#6839=VERTEX_POINT('',#6837);
#6840=VERTEX_POINT('',#6838);
#6841=CARTESIAN_POINT('',(7.45E-1,4.25E0,1.825E0));
#6842=VERTEX_POINT('',#6841);
#6843=CARTESIAN_POINT('',(7.45E-1,4.25E0,1.725E0));
#6844=VERTEX_POINT('',#6843);
#6845=CARTESIAN_POINT('',(5.05E-1,7.5E-1,1.725E0));
#6846=VERTEX_POINT('',#6845);
#6847=CARTESIAN_POINT('',(7.45E-1,7.5E-1,1.725E0));
#6848=VERTEX_POINT('',#6847);
#6849=CARTESIAN_POINT('',(1.755E0,7.5E-1,1.825E0));
#6850=CARTESIAN_POINT('',(1.995E0,7.5E-1,1.825E0));
#6851=VERTEX_POINT('',#6849);
#6852=VERTEX_POINT('',#6850);
#6853=CARTESIAN_POINT('',(1.755E0,4.25E0,1.725E0));
#6854=CARTESIAN_POINT('',(1.755E0,4.25E0,1.825E0));
#6855=VERTEX_POINT('',#6853);
#6856=VERTEX_POINT('',#6854);
#6857=CARTESIAN_POINT('',(1.995E0,4.25E0,1.825E0));
#6858=VERTEX_POINT('',#6857);
#6859=CARTESIAN_POINT('',(1.995E0,4.25E0,1.725E0));
#6860=VERTEX_POINT('',#6859);
#6861=CARTESIAN_POINT('',(1.755E0,7.5E-1,1.725E0));
#6862=VERTEX_POINT('',#6861);
#6863=CARTESIAN_POINT('',(1.995E0,7.5E-1,1.725E0));
#6864=VERTEX_POINT('',#6863);
#6865=CARTESIAN_POINT('',(3.005E0,7.5E-1,1.825E0));
#6866=CARTESIAN_POINT('',(3.245E0,7.5E-1,1.825E0));
#6867=VERTEX_POINT('',#6865);
#6868=VERTEX_POINT('',#6866);
#6869=CARTESIAN_POINT('',(3.005E0,4.25E0,1.725E0));
#6870=CARTESIAN_POINT('',(3.005E0,4.25E0,1.825E0));
#6871=VERTEX_POINT('',#6869);
#6872=VERTEX_POINT('',#6870);
#6873=CARTESIAN_POINT('',(3.245E0,4.25E0,1.825E0));
#6874=VERTEX_POINT('',#6873);
#6875=CARTESIAN_POINT('',(3.245E0,4.25E0,1.725E0));
#6876=VERTEX_POINT('',#6875);
#6877=CARTESIAN_POINT('',(3.005E0,7.5E-1,1.725E0));
#6878=VERTEX_POINT('',#6877);
#6879=CARTESIAN_POINT('',(3.245E0,7.5E-1,1.725E0));
#6880=VERTEX_POINT('',#6879);
#6881=CARTESIAN_POINT('',(-1.775E0,3.95E0,5.E-2));
#6882=CARTESIAN_POINT('',(-1.975E0,3.95E0,5.E-2));
#6883=VERTEX_POINT('',#6881);
#6884=VERTEX_POINT('',#6882);
#6885=CARTESIAN_POINT('',(-1.775E0,7.5E-1,1.775E0));
#6886=CARTESIAN_POINT('',(-1.775E0,7.5E-1,1.475E0));
#6887=VERTEX_POINT('',#6885);
#6888=VERTEX_POINT('',#6886);
#6889=CARTESIAN_POINT('',(-1.975E0,7.5E-1,1.475E0));
#6890=VERTEX_POINT('',#6889);
#6891=CARTESIAN_POINT('',(-1.975E0,7.5E-1,1.775E0));
#6892=VERTEX_POINT('',#6891);
#6893=CARTESIAN_POINT('',(-1.775E0,7.5E-1,5.E-1));
#6894=CARTESIAN_POINT('',(-1.775E0,7.5E-1,5.E-2));
#6895=VERTEX_POINT('',#6893);
#6896=VERTEX_POINT('',#6894);
#6897=CARTESIAN_POINT('',(-1.975E0,7.5E-1,5.E-2));
#6898=VERTEX_POINT('',#6897);
#6899=CARTESIAN_POINT('',(-1.975E0,7.5E-1,5.E-1));
#6900=VERTEX_POINT('',#6899);
#6901=CARTESIAN_POINT('',(-5.25E-1,3.95E0,5.E-2));
#6902=CARTESIAN_POINT('',(-7.25E-1,3.95E0,5.E-2));
#6903=VERTEX_POINT('',#6901);
#6904=VERTEX_POINT('',#6902);
#6905=CARTESIAN_POINT('',(-5.25E-1,7.5E-1,1.775E0));
#6906=CARTESIAN_POINT('',(-5.25E-1,7.5E-1,1.475E0));
#6907=VERTEX_POINT('',#6905);
#6908=VERTEX_POINT('',#6906);
#6909=CARTESIAN_POINT('',(-7.25E-1,7.5E-1,1.475E0));
#6910=VERTEX_POINT('',#6909);
#6911=CARTESIAN_POINT('',(-7.25E-1,7.5E-1,1.775E0));
#6912=VERTEX_POINT('',#6911);
#6913=CARTESIAN_POINT('',(-5.25E-1,7.5E-1,5.E-1));
#6914=CARTESIAN_POINT('',(-5.25E-1,7.5E-1,5.E-2));
#6915=VERTEX_POINT('',#6913);
#6916=VERTEX_POINT('',#6914);
#6917=CARTESIAN_POINT('',(-7.25E-1,7.5E-1,5.E-2));
#6918=VERTEX_POINT('',#6917);
#6919=CARTESIAN_POINT('',(-7.25E-1,7.5E-1,5.E-1));
#6920=VERTEX_POINT('',#6919);
#6921=CARTESIAN_POINT('',(7.25E-1,3.95E0,5.E-2));
#6922=CARTESIAN_POINT('',(5.25E-1,3.95E0,5.E-2));
#6923=VERTEX_POINT('',#6921);
#6924=VERTEX_POINT('',#6922);
#6925=CARTESIAN_POINT('',(7.25E-1,7.5E-1,1.775E0));
#6926=CARTESIAN_POINT('',(7.25E-1,7.5E-1,1.475E0));
#6927=VERTEX_POINT('',#6925);
#6928=VERTEX_POINT('',#6926);
#6929=CARTESIAN_POINT('',(5.25E-1,7.5E-1,1.475E0));
#6930=VERTEX_POINT('',#6929);
#6931=CARTESIAN_POINT('',(5.25E-1,7.5E-1,1.775E0));
#6932=VERTEX_POINT('',#6931);
#6933=CARTESIAN_POINT('',(7.25E-1,7.5E-1,5.E-1));
#6934=CARTESIAN_POINT('',(7.25E-1,7.5E-1,5.E-2));
#6935=VERTEX_POINT('',#6933);
#6936=VERTEX_POINT('',#6934);
#6937=CARTESIAN_POINT('',(5.25E-1,7.5E-1,5.E-2));
#6938=VERTEX_POINT('',#6937);
#6939=CARTESIAN_POINT('',(5.25E-1,7.5E-1,5.E-1));
#6940=VERTEX_POINT('',#6939);
#6941=CARTESIAN_POINT('',(1.975E0,3.95E0,5.E-2));
#6942=CARTESIAN_POINT('',(1.775E0,3.95E0,5.E-2));
#6943=VERTEX_POINT('',#6941);
#6944=VERTEX_POINT('',#6942);
#6945=CARTESIAN_POINT('',(1.975E0,7.5E-1,1.775E0));
#6946=CARTESIAN_POINT('',(1.975E0,7.5E-1,1.475E0));
#6947=VERTEX_POINT('',#6945);
#6948=VERTEX_POINT('',#6946);
#6949=CARTESIAN_POINT('',(1.775E0,7.5E-1,1.475E0));
#6950=VERTEX_POINT('',#6949);
#6951=CARTESIAN_POINT('',(1.775E0,7.5E-1,1.775E0));
#6952=VERTEX_POINT('',#6951);
#6953=CARTESIAN_POINT('',(1.975E0,7.5E-1,5.E-1));
#6954=CARTESIAN_POINT('',(1.975E0,7.5E-1,5.E-2));
#6955=VERTEX_POINT('',#6953);
#6956=VERTEX_POINT('',#6954);
#6957=CARTESIAN_POINT('',(1.775E0,7.5E-1,5.E-2));
#6958=VERTEX_POINT('',#6957);
#6959=CARTESIAN_POINT('',(1.775E0,7.5E-1,5.E-1));
#6960=VERTEX_POINT('',#6959);
#6961=CARTESIAN_POINT('',(3.225E0,3.95E0,5.E-2));
#6962=CARTESIAN_POINT('',(3.025E0,3.95E0,5.E-2));
#6963=VERTEX_POINT('',#6961);
#6964=VERTEX_POINT('',#6962);
#6965=CARTESIAN_POINT('',(3.225E0,7.5E-1,1.775E0));
#6966=CARTESIAN_POINT('',(3.225E0,7.5E-1,1.475E0));
#6967=VERTEX_POINT('',#6965);
#6968=VERTEX_POINT('',#6966);
#6969=CARTESIAN_POINT('',(3.025E0,7.5E-1,1.475E0));
#6970=VERTEX_POINT('',#6969);
#6971=CARTESIAN_POINT('',(3.025E0,7.5E-1,1.775E0));
#6972=VERTEX_POINT('',#6971);
#6973=CARTESIAN_POINT('',(3.225E0,7.5E-1,5.E-1));
#6974=CARTESIAN_POINT('',(3.225E0,7.5E-1,5.E-2));
#6975=VERTEX_POINT('',#6973);
#6976=VERTEX_POINT('',#6974);
#6977=CARTESIAN_POINT('',(3.025E0,7.5E-1,5.E-2));
#6978=VERTEX_POINT('',#6977);
#6979=CARTESIAN_POINT('',(3.025E0,7.5E-1,5.E-1));
#6980=VERTEX_POINT('',#6979);
#6981=CARTESIAN_POINT('',(-1.975E0,3.95E0,1.775E0));
#6982=CARTESIAN_POINT('',(-1.975E0,3.65E0,1.475E0));
#6983=VERTEX_POINT('',#6981);
#6984=VERTEX_POINT('',#6982);
#6985=CARTESIAN_POINT('',(-1.775E0,3.65E0,1.475E0));
#6986=VERTEX_POINT('',#6985);
#6987=CARTESIAN_POINT('',(-1.775E0,3.95E0,1.775E0));
#6988=VERTEX_POINT('',#6987);
#6989=CARTESIAN_POINT('',(-1.775E0,3.95E0,2.E-1));
#6990=CARTESIAN_POINT('',(-1.775E0,3.65E0,5.E-1));
#6991=VERTEX_POINT('',#6989);
#6992=VERTEX_POINT('',#6990);
#6993=CARTESIAN_POINT('',(-1.975E0,3.65E0,5.E-1));
#6994=VERTEX_POINT('',#6993);
#6995=CARTESIAN_POINT('',(-1.975E0,3.95E0,2.E-1));
#6996=VERTEX_POINT('',#6995);
#6997=CARTESIAN_POINT('',(-7.25E-1,3.95E0,1.775E0));
#6998=CARTESIAN_POINT('',(-7.25E-1,3.65E0,1.475E0));
#6999=VERTEX_POINT('',#6997);
#7000=VERTEX_POINT('',#6998);
#7001=CARTESIAN_POINT('',(-5.25E-1,3.65E0,1.475E0));
#7002=VERTEX_POINT('',#7001);
#7003=CARTESIAN_POINT('',(-5.25E-1,3.95E0,1.775E0));
#7004=VERTEX_POINT('',#7003);
#7005=CARTESIAN_POINT('',(-5.25E-1,3.95E0,2.E-1));
#7006=CARTESIAN_POINT('',(-5.25E-1,3.65E0,5.E-1));
#7007=VERTEX_POINT('',#7005);
#7008=VERTEX_POINT('',#7006);
#7009=CARTESIAN_POINT('',(-7.25E-1,3.65E0,5.E-1));
#7010=VERTEX_POINT('',#7009);
#7011=CARTESIAN_POINT('',(-7.25E-1,3.95E0,2.E-1));
#7012=VERTEX_POINT('',#7011);
#7013=CARTESIAN_POINT('',(5.25E-1,3.95E0,1.775E0));
#7014=CARTESIAN_POINT('',(5.25E-1,3.65E0,1.475E0));
#7015=VERTEX_POINT('',#7013);
#7016=VERTEX_POINT('',#7014);
#7017=CARTESIAN_POINT('',(7.25E-1,3.65E0,1.475E0));
#7018=VERTEX_POINT('',#7017);
#7019=CARTESIAN_POINT('',(7.25E-1,3.95E0,1.775E0));
#7020=VERTEX_POINT('',#7019);
#7021=CARTESIAN_POINT('',(7.25E-1,3.95E0,2.E-1));
#7022=CARTESIAN_POINT('',(7.25E-1,3.65E0,5.E-1));
#7023=VERTEX_POINT('',#7021);
#7024=VERTEX_POINT('',#7022);
#7025=CARTESIAN_POINT('',(5.25E-1,3.65E0,5.E-1));
#7026=VERTEX_POINT('',#7025);
#7027=CARTESIAN_POINT('',(5.25E-1,3.95E0,2.E-1));
#7028=VERTEX_POINT('',#7027);
#7029=CARTESIAN_POINT('',(1.775E0,3.95E0,1.775E0));
#7030=CARTESIAN_POINT('',(1.775E0,3.65E0,1.475E0));
#7031=VERTEX_POINT('',#7029);
#7032=VERTEX_POINT('',#7030);
#7033=CARTESIAN_POINT('',(1.975E0,3.65E0,1.475E0));
#7034=VERTEX_POINT('',#7033);
#7035=CARTESIAN_POINT('',(1.975E0,3.95E0,1.775E0));
#7036=VERTEX_POINT('',#7035);
#7037=CARTESIAN_POINT('',(1.975E0,3.95E0,2.E-1));
#7038=CARTESIAN_POINT('',(1.975E0,3.65E0,5.E-1));
#7039=VERTEX_POINT('',#7037);
#7040=VERTEX_POINT('',#7038);
#7041=CARTESIAN_POINT('',(1.775E0,3.65E0,5.E-1));
#7042=VERTEX_POINT('',#7041);
#7043=CARTESIAN_POINT('',(1.775E0,3.95E0,2.E-1));
#7044=VERTEX_POINT('',#7043);
#7045=CARTESIAN_POINT('',(3.025E0,3.95E0,1.775E0));
#7046=CARTESIAN_POINT('',(3.025E0,3.65E0,1.475E0));
#7047=VERTEX_POINT('',#7045);
#7048=VERTEX_POINT('',#7046);
#7049=CARTESIAN_POINT('',(3.225E0,3.65E0,1.475E0));
#7050=VERTEX_POINT('',#7049);
#7051=CARTESIAN_POINT('',(3.225E0,3.95E0,1.775E0));
#7052=VERTEX_POINT('',#7051);
#7053=CARTESIAN_POINT('',(3.225E0,3.95E0,2.E-1));
#7054=CARTESIAN_POINT('',(3.225E0,3.65E0,5.E-1));
#7055=VERTEX_POINT('',#7053);
#7056=VERTEX_POINT('',#7054);
#7057=CARTESIAN_POINT('',(3.025E0,3.65E0,5.E-1));
#7058=VERTEX_POINT('',#7057);
#7059=CARTESIAN_POINT('',(3.025E0,3.95E0,2.E-1));
#7060=VERTEX_POINT('',#7059);
#7061=CARTESIAN_POINT('',(-2.025E0,4.25E0,1.25E-1));
#7062=CARTESIAN_POINT('',(-2.025E0,3.95E0,4.25E-1));
#7063=VERTEX_POINT('',#7061);
#7064=VERTEX_POINT('',#7062);
#7065=CARTESIAN_POINT('',(-2.225E0,3.95E0,4.25E-1));
#7066=VERTEX_POINT('',#7065);
#7067=CARTESIAN_POINT('',(-2.225E0,4.25E0,1.25E-1));
#7068=VERTEX_POINT('',#7067);
#7069=CARTESIAN_POINT('',(-1.525E0,4.25E0,1.25E-1));
#7070=CARTESIAN_POINT('',(-1.525E0,3.95E0,4.25E-1));
#7071=VERTEX_POINT('',#7069);
#7072=VERTEX_POINT('',#7070);
#7073=CARTESIAN_POINT('',(-1.725E0,3.95E0,4.25E-1));
#7074=VERTEX_POINT('',#7073);
#7075=CARTESIAN_POINT('',(-1.725E0,4.25E0,1.25E-1));
#7076=VERTEX_POINT('',#7075);
#7077=CARTESIAN_POINT('',(-7.75E-1,4.25E0,1.25E-1));
#7078=CARTESIAN_POINT('',(-7.75E-1,3.95E0,4.25E-1));
#7079=VERTEX_POINT('',#7077);
#7080=VERTEX_POINT('',#7078);
#7081=CARTESIAN_POINT('',(-9.75E-1,3.95E0,4.25E-1));
#7082=VERTEX_POINT('',#7081);
#7083=CARTESIAN_POINT('',(-9.75E-1,4.25E0,1.25E-1));
#7084=VERTEX_POINT('',#7083);
#7085=CARTESIAN_POINT('',(-2.75E-1,4.25E0,1.25E-1));
#7086=CARTESIAN_POINT('',(-2.75E-1,3.95E0,4.25E-1));
#7087=VERTEX_POINT('',#7085);
#7088=VERTEX_POINT('',#7086);
#7089=CARTESIAN_POINT('',(-4.75E-1,3.95E0,4.25E-1));
#7090=VERTEX_POINT('',#7089);
#7091=CARTESIAN_POINT('',(-4.75E-1,4.25E0,1.25E-1));
#7092=VERTEX_POINT('',#7091);
#7093=CARTESIAN_POINT('',(4.75E-1,4.25E0,1.25E-1));
#7094=CARTESIAN_POINT('',(4.75E-1,3.95E0,4.25E-1));
#7095=VERTEX_POINT('',#7093);
#7096=VERTEX_POINT('',#7094);
#7097=CARTESIAN_POINT('',(2.75E-1,3.95E0,4.25E-1));
#7098=VERTEX_POINT('',#7097);
#7099=CARTESIAN_POINT('',(2.75E-1,4.25E0,1.25E-1));
#7100=VERTEX_POINT('',#7099);
#7101=CARTESIAN_POINT('',(9.75E-1,4.25E0,1.25E-1));
#7102=CARTESIAN_POINT('',(9.75E-1,3.95E0,4.25E-1));
#7103=VERTEX_POINT('',#7101);
#7104=VERTEX_POINT('',#7102);
#7105=CARTESIAN_POINT('',(7.75E-1,3.95E0,4.25E-1));
#7106=VERTEX_POINT('',#7105);
#7107=CARTESIAN_POINT('',(7.75E-1,4.25E0,1.25E-1));
#7108=VERTEX_POINT('',#7107);
#7109=CARTESIAN_POINT('',(1.725E0,4.25E0,1.25E-1));
#7110=CARTESIAN_POINT('',(1.725E0,3.95E0,4.25E-1));
#7111=VERTEX_POINT('',#7109);
#7112=VERTEX_POINT('',#7110);
#7113=CARTESIAN_POINT('',(1.525E0,3.95E0,4.25E-1));
#7114=VERTEX_POINT('',#7113);
#7115=CARTESIAN_POINT('',(1.525E0,4.25E0,1.25E-1));
#7116=VERTEX_POINT('',#7115);
#7117=CARTESIAN_POINT('',(2.225E0,4.25E0,1.25E-1));
#7118=CARTESIAN_POINT('',(2.225E0,3.95E0,4.25E-1));
#7119=VERTEX_POINT('',#7117);
#7120=VERTEX_POINT('',#7118);
#7121=CARTESIAN_POINT('',(2.025E0,3.95E0,4.25E-1));
#7122=VERTEX_POINT('',#7121);
#7123=CARTESIAN_POINT('',(2.025E0,4.25E0,1.25E-1));
#7124=VERTEX_POINT('',#7123);
#7125=CARTESIAN_POINT('',(2.975E0,4.25E0,1.25E-1));
#7126=CARTESIAN_POINT('',(2.975E0,3.95E0,4.25E-1));
#7127=VERTEX_POINT('',#7125);
#7128=VERTEX_POINT('',#7126);
#7129=CARTESIAN_POINT('',(2.775E0,3.95E0,4.25E-1));
#7130=VERTEX_POINT('',#7129);
#7131=CARTESIAN_POINT('',(2.775E0,4.25E0,1.25E-1));
#7132=VERTEX_POINT('',#7131);
#7133=CARTESIAN_POINT('',(3.475E0,4.25E0,1.25E-1));
#7134=CARTESIAN_POINT('',(3.475E0,3.95E0,4.25E-1));
#7135=VERTEX_POINT('',#7133);
#7136=VERTEX_POINT('',#7134);
#7137=CARTESIAN_POINT('',(3.275E0,3.95E0,4.25E-1));
#7138=VERTEX_POINT('',#7137);
#7139=CARTESIAN_POINT('',(3.275E0,4.25E0,1.25E-1));
#7140=VERTEX_POINT('',#7139);
#7141=CARTESIAN_POINT('',(0.E0,0.E0,0.E0));
#7142=DIRECTION('',(0.E0,1.E0,0.E0));
#7143=DIRECTION('',(1.E0,0.E0,0.E0));
#7144=AXIS2_PLACEMENT_3D('',#7141,#7142,#7143);
#7145=PLANE('',#7144);
#7147=ORIENTED_EDGE('',*,*,#7146,.T.);
#7149=ORIENTED_EDGE('',*,*,#7148,.F.);
#7151=ORIENTED_EDGE('',*,*,#7150,.T.);
#7153=ORIENTED_EDGE('',*,*,#7152,.F.);
#7155=ORIENTED_EDGE('',*,*,#7154,.T.);
#7157=ORIENTED_EDGE('',*,*,#7156,.F.);
#7159=ORIENTED_EDGE('',*,*,#7158,.T.);
#7161=ORIENTED_EDGE('',*,*,#7160,.F.);
#7163=ORIENTED_EDGE('',*,*,#7162,.T.);
#7165=ORIENTED_EDGE('',*,*,#7164,.F.);
#7167=ORIENTED_EDGE('',*,*,#7166,.T.);
#7169=ORIENTED_EDGE('',*,*,#7168,.F.);
#7171=ORIENTED_EDGE('',*,*,#7170,.T.);
#7173=ORIENTED_EDGE('',*,*,#7172,.F.);
#7175=ORIENTED_EDGE('',*,*,#7174,.T.);
#7177=ORIENTED_EDGE('',*,*,#7176,.F.);
#7179=ORIENTED_EDGE('',*,*,#7178,.T.);
#7181=ORIENTED_EDGE('',*,*,#7180,.F.);
#7183=ORIENTED_EDGE('',*,*,#7182,.T.);
#7185=ORIENTED_EDGE('',*,*,#7184,.F.);
#7187=ORIENTED_EDGE('',*,*,#7186,.T.);
#7189=ORIENTED_EDGE('',*,*,#7188,.F.);
#7191=ORIENTED_EDGE('',*,*,#7190,.T.);
#7193=ORIENTED_EDGE('',*,*,#7192,.T.);
#7195=ORIENTED_EDGE('',*,*,#7194,.T.);
#7197=ORIENTED_EDGE('',*,*,#7196,.T.);
#7199=ORIENTED_EDGE('',*,*,#7198,.T.);
#7201=ORIENTED_EDGE('',*,*,#7200,.F.);
#7202=EDGE_LOOP('',(#7147,#7149,#7151,#7153,#7155,#7157,#7159,#7161,#7163,#7165,
#7167,#7169,#7171,#7173,#7175,#7177,#7179,#7181,#7183,#7185,#7187,#7189,#7191,
#7193,#7195,#7197,#7199,#7201));
#7203=FACE_OUTER_BOUND('',#7202,.F.);
#7205=ORIENTED_EDGE('',*,*,#7204,.F.);
#7207=ORIENTED_EDGE('',*,*,#7206,.F.);
#7209=ORIENTED_EDGE('',*,*,#7208,.F.);
#7211=ORIENTED_EDGE('',*,*,#7210,.F.);
#7212=EDGE_LOOP('',(#7205,#7207,#7209,#7211));
#7213=FACE_BOUND('',#7212,.F.);
#7215=CARTESIAN_POINT('',(-3.125E0,-1.5E-1,1.675E0));
#7216=DIRECTION('',(0.E0,-7.071067811865E-1,-7.071067811865E-1));
#7217=DIRECTION('',(-1.E0,0.E0,0.E0));
#7218=AXIS2_PLACEMENT_3D('',#7215,#7216,#7217);
#7219=PLANE('',#7218);
#7221=ORIENTED_EDGE('',*,*,#7220,.T.);
#7223=ORIENTED_EDGE('',*,*,#7222,.T.);
#7225=ORIENTED_EDGE('',*,*,#7224,.T.);
#7226=ORIENTED_EDGE('',*,*,#7146,.F.);
#7227=EDGE_LOOP('',(#7221,#7223,#7225,#7226));
#7228=FACE_OUTER_BOUND('',#7227,.F.);
#7230=CARTESIAN_POINT('',(-3.275E0,-7.E-1,2.125E0));
#7231=DIRECTION('',(-1.E0,0.E0,0.E0));
#7232=DIRECTION('',(0.E0,1.E0,0.E0));
#7233=AXIS2_PLACEMENT_3D('',#7230,#7231,#7232);
#7234=PLANE('',#7233);
#7236=ORIENTED_EDGE('',*,*,#7235,.F.);
#7237=ORIENTED_EDGE('',*,*,#7220,.F.);
#7238=ORIENTED_EDGE('',*,*,#7200,.T.);
#7240=ORIENTED_EDGE('',*,*,#7239,.T.);
#7242=ORIENTED_EDGE('',*,*,#7241,.F.);
#7243=EDGE_LOOP('',(#7236,#7237,#7238,#7240,#7242));
#7244=FACE_OUTER_BOUND('',#7243,.F.);
#7246=FILL_AREA_STYLE_COLOUR('',#3556);
#7247=FILL_AREA_STYLE('',(#7246));
#7248=SURFACE_STYLE_FILL_AREA(#7247);
#7249=SURFACE_SIDE_STYLE('',(#7248));
#7250=SURFACE_STYLE_USAGE(.POSITIVE.,#7249);
#7251=PRESENTATION_STYLE_ASSIGNMENT((#7250));
#7252=STYLED_ITEM('',(#7251),#7245);
#7253=CARTESIAN_POINT('',(0.E0,0.E0,1.825E0));
#7254=DIRECTION('',(0.E0,0.E0,-1.E0));
#7255=DIRECTION('',(1.E0,0.E0,0.E0));
#7256=AXIS2_PLACEMENT_3D('',#7253,#7254,#7255);
#7257=PLANE('',#7256);
#7259=ORIENTED_EDGE('',*,*,#7258,.T.);
#7260=ORIENTED_EDGE('',*,*,#7222,.F.);
#7261=ORIENTED_EDGE('',*,*,#7235,.T.);
#7263=ORIENTED_EDGE('',*,*,#7262,.T.);
#7264=EDGE_LOOP('',(#7259,#7260,#7261,#7263));
#7265=FACE_OUTER_BOUND('',#7264,.F.);
#7267=FILL_AREA_STYLE_COLOUR('',#3556);
#7268=FILL_AREA_STYLE('',(#7267));
#7269=SURFACE_STYLE_FILL_AREA(#7268);
#7270=SURFACE_SIDE_STYLE('',(#7269));
#7271=SURFACE_STYLE_USAGE(.POSITIVE.,#7270);
#7272=PRESENTATION_STYLE_ASSIGNMENT((#7271));
#7273=STYLED_ITEM('',(#7272),#7266);
#7274=CARTESIAN_POINT('',(-2.975E0,0.E0,2.125E0));
#7275=DIRECTION('',(1.E0,0.E0,0.E0));
#7276=DIRECTION('',(0.E0,-1.E0,0.E0));
#7277=AXIS2_PLACEMENT_3D('',#7274,#7275,#7276);
#7278=PLANE('',#7277);
#7279=ORIENTED_EDGE('',*,*,#7148,.T.);
#7280=ORIENTED_EDGE('',*,*,#7224,.F.);
#7281=ORIENTED_EDGE('',*,*,#7258,.F.);
#7283=ORIENTED_EDGE('',*,*,#7282,.T.);
#7285=ORIENTED_EDGE('',*,*,#7284,.T.);
#7286=EDGE_LOOP('',(#7279,#7280,#7281,#7283,#7285));
#7287=FACE_OUTER_BOUND('',#7286,.F.);
#7289=FILL_AREA_STYLE_COLOUR('',#3556);
#7290=FILL_AREA_STYLE('',(#7289));
#7291=SURFACE_STYLE_FILL_AREA(#7290);
#7292=SURFACE_SIDE_STYLE('',(#7291));
#7293=SURFACE_STYLE_USAGE(.POSITIVE.,#7292);
#7294=PRESENTATION_STYLE_ASSIGNMENT((#7293));
#7295=STYLED_ITEM('',(#7294),#7288);
#7296=CARTESIAN_POINT('',(-2.975E0,-7.E-1,2.125E0));
#7297=DIRECTION('',(0.E0,-1.E0,0.E0));
#7298=DIRECTION('',(-1.E0,0.E0,0.E0));
#7299=AXIS2_PLACEMENT_3D('',#7296,#7297,#7298);
#7300=PLANE('',#7299);
#7302=ORIENTED_EDGE('',*,*,#7301,.T.);
#7303=ORIENTED_EDGE('',*,*,#7282,.F.);
#7304=ORIENTED_EDGE('',*,*,#7262,.F.);
#7305=ORIENTED_EDGE('',*,*,#7241,.T.);
#7306=EDGE_LOOP('',(#7302,#7303,#7304,#7305));
#7307=FACE_OUTER_BOUND('',#7306,.F.);
#7309=FILL_AREA_STYLE_COLOUR('',#3556);
#7310=FILL_AREA_STYLE('',(#7309));
#7311=SURFACE_STYLE_FILL_AREA(#7310);
#7312=SURFACE_SIDE_STYLE('',(#7311));
#7313=SURFACE_STYLE_USAGE(.POSITIVE.,#7312);
#7314=PRESENTATION_STYLE_ASSIGNMENT((#7313));
#7315=STYLED_ITEM('',(#7314),#7308);
#7316=CARTESIAN_POINT('',(-5.375E0,0.E0,2.125E0));
#7317=DIRECTION('',(0.E0,0.E0,1.E0));
#7318=DIRECTION('',(1.E0,0.E0,0.E0));
#7319=AXIS2_PLACEMENT_3D('',#7316,#7317,#7318);
#7320=PLANE('',#7319);
#7322=ORIENTED_EDGE('',*,*,#7321,.F.);
#7324=ORIENTED_EDGE('',*,*,#7323,.T.);
#7326=ORIENTED_EDGE('',*,*,#7325,.F.);
#7328=ORIENTED_EDGE('',*,*,#7327,.F.);
#7330=ORIENTED_EDGE('',*,*,#7329,.T.);
#7332=ORIENTED_EDGE('',*,*,#7331,.T.);
#7334=ORIENTED_EDGE('',*,*,#7333,.F.);
#7335=ORIENTED_EDGE('',*,*,#7190,.F.);
#7337=ORIENTED_EDGE('',*,*,#7336,.F.);
#7339=ORIENTED_EDGE('',*,*,#7338,.F.);
#7341=ORIENTED_EDGE('',*,*,#7340,.F.);
#7342=ORIENTED_EDGE('',*,*,#7182,.F.);
#7344=ORIENTED_EDGE('',*,*,#7343,.F.);
#7346=ORIENTED_EDGE('',*,*,#7345,.F.);
#7348=ORIENTED_EDGE('',*,*,#7347,.F.);
#7349=ORIENTED_EDGE('',*,*,#7174,.F.);
#7351=ORIENTED_EDGE('',*,*,#7350,.F.);
#7353=ORIENTED_EDGE('',*,*,#7352,.F.);
#7355=ORIENTED_EDGE('',*,*,#7354,.F.);
#7356=ORIENTED_EDGE('',*,*,#7166,.F.);
#7358=ORIENTED_EDGE('',*,*,#7357,.F.);
#7360=ORIENTED_EDGE('',*,*,#7359,.F.);
#7362=ORIENTED_EDGE('',*,*,#7361,.F.);
#7363=ORIENTED_EDGE('',*,*,#7158,.F.);
#7365=ORIENTED_EDGE('',*,*,#7364,.F.);
#7367=ORIENTED_EDGE('',*,*,#7366,.F.);
#7369=ORIENTED_EDGE('',*,*,#7368,.F.);
#7370=ORIENTED_EDGE('',*,*,#7150,.F.);
#7371=ORIENTED_EDGE('',*,*,#7284,.F.);
#7372=ORIENTED_EDGE('',*,*,#7301,.F.);
#7373=ORIENTED_EDGE('',*,*,#7239,.F.);
#7374=ORIENTED_EDGE('',*,*,#7198,.F.);
#7376=ORIENTED_EDGE('',*,*,#7375,.T.);
#7378=ORIENTED_EDGE('',*,*,#7377,.T.);
#7380=ORIENTED_EDGE('',*,*,#7379,.F.);
#7382=ORIENTED_EDGE('',*,*,#7381,.F.);
#7383=EDGE_LOOP('',(#7322,#7324,#7326,#7328,#7330,#7332,#7334,#7335,#7337,#7339,
#7341,#7342,#7344,#7346,#7348,#7349,#7351,#7353,#7355,#7356,#7358,#7360,#7362,
#7363,#7365,#7367,#7369,#7370,#7371,#7372,#7373,#7374,#7376,#7378,#7380,#7382));
#7384=FACE_OUTER_BOUND('',#7383,.F.);
#7386=CARTESIAN_POINT('',(-4.625E0,3.75E0,1.975E0));
#7387=DIRECTION('',(-7.071067811865E-1,0.E0,7.071067811865E-1));
#7388=DIRECTION('',(0.E0,-1.E0,0.E0));
#7389=AXIS2_PLACEMENT_3D('',#7386,#7387,#7388);
#7390=PLANE('',#7389);
#7392=ORIENTED_EDGE('',*,*,#7391,.F.);
#7394=ORIENTED_EDGE('',*,*,#7393,.T.);
#7395=ORIENTED_EDGE('',*,*,#7321,.T.);
#7397=ORIENTED_EDGE('',*,*,#7396,.T.);
#7398=EDGE_LOOP('',(#7392,#7394,#7395,#7397));
#7399=FACE_OUTER_BOUND('',#7398,.F.);
#7401=CARTESIAN_POINT('',(-4.775E0,4.25E0,2.125E0));
#7402=DIRECTION('',(1.E0,0.E0,0.E0));
#7403=DIRECTION('',(0.E0,0.E0,-1.E0));
#7404=AXIS2_PLACEMENT_3D('',#7401,#7402,#7403);
#7405=PLANE('',#7404);
#7406=ORIENTED_EDGE('',*,*,#7391,.T.);
#7408=ORIENTED_EDGE('',*,*,#7407,.F.);
#7410=ORIENTED_EDGE('',*,*,#7409,.T.);
#7412=ORIENTED_EDGE('',*,*,#7411,.T.);
#7414=ORIENTED_EDGE('',*,*,#7413,.F.);
#7416=ORIENTED_EDGE('',*,*,#7415,.T.);
#7418=ORIENTED_EDGE('',*,*,#7417,.T.);
#7420=ORIENTED_EDGE('',*,*,#7419,.T.);
#7422=ORIENTED_EDGE('',*,*,#7421,.F.);
#7424=ORIENTED_EDGE('',*,*,#7423,.F.);
#7425=EDGE_LOOP('',(#7406,#7408,#7410,#7412,#7414,#7416,#7418,#7420,#7422,
#7424));
#7426=FACE_OUTER_BOUND('',#7425,.F.);
#7428=CARTESIAN_POINT('',(0.E0,3.25E0,0.E0));
#7429=DIRECTION('',(0.E0,1.E0,0.E0));
#7430=DIRECTION('',(1.E0,0.E0,0.E0));
#7431=AXIS2_PLACEMENT_3D('',#7428,#7429,#7430);
#7432=PLANE('',#7431);
#7434=ORIENTED_EDGE('',*,*,#7433,.T.);
#7436=ORIENTED_EDGE('',*,*,#7435,.T.);
#7437=ORIENTED_EDGE('',*,*,#7415,.F.);
#7439=ORIENTED_EDGE('',*,*,#7438,.F.);
#7441=ORIENTED_EDGE('',*,*,#7440,.T.);
#7443=ORIENTED_EDGE('',*,*,#7442,.F.);
#7444=EDGE_LOOP('',(#7434,#7436,#7437,#7439,#7441,#7443));
#7445=FACE_OUTER_BOUND('',#7444,.F.);
#7447=CARTESIAN_POINT('',(0.E0,3.25E0,0.E0));
#7448=DIRECTION('',(0.E0,1.E0,0.E0));
#7449=DIRECTION('',(1.E0,0.E0,0.E0));
#7450=AXIS2_PLACEMENT_3D('',#7447,#7448,#7449);
#7451=PLANE('',#7450);
#7453=ORIENTED_EDGE('',*,*,#7452,.T.);
#7455=ORIENTED_EDGE('',*,*,#7454,.F.);
#7457=ORIENTED_EDGE('',*,*,#7456,.F.);
#7459=ORIENTED_EDGE('',*,*,#7458,.F.);
#7461=ORIENTED_EDGE('',*,*,#7460,.F.);
#7463=ORIENTED_EDGE('',*,*,#7462,.F.);
#7464=EDGE_LOOP('',(#7453,#7455,#7457,#7459,#7461,#7463));
#7465=FACE_OUTER_BOUND('',#7464,.F.);
#7467=CARTESIAN_POINT('',(0.E0,3.25E0,0.E0));
#7468=DIRECTION('',(0.E0,1.E0,0.E0));
#7469=DIRECTION('',(1.E0,0.E0,0.E0));
#7470=AXIS2_PLACEMENT_3D('',#7467,#7468,#7469);
#7471=PLANE('',#7470);
#7472=ORIENTED_EDGE('',*,*,#7407,.T.);
#7473=ORIENTED_EDGE('',*,*,#7396,.F.);
#7474=ORIENTED_EDGE('',*,*,#7381,.T.);
#7476=ORIENTED_EDGE('',*,*,#7475,.T.);
#7478=ORIENTED_EDGE('',*,*,#7477,.T.);
#7479=EDGE_LOOP('',(#7472,#7473,#7474,#7476,#7478));
#7480=FACE_OUTER_BOUND('',#7479,.F.);
#7482=CARTESIAN_POINT('',(0.E0,3.25E0,0.E0));
#7483=DIRECTION('',(0.E0,1.E0,0.E0));
#7484=DIRECTION('',(1.E0,0.E0,0.E0));
#7485=AXIS2_PLACEMENT_3D('',#7482,#7483,#7484);
#7486=PLANE('',#7485);
#7488=ORIENTED_EDGE('',*,*,#7487,.T.);
#7490=ORIENTED_EDGE('',*,*,#7489,.F.);
#7491=ORIENTED_EDGE('',*,*,#7327,.T.);
#7493=ORIENTED_EDGE('',*,*,#7492,.F.);
#7495=ORIENTED_EDGE('',*,*,#7494,.T.);
#7496=EDGE_LOOP('',(#7488,#7490,#7491,#7493,#7495));
#7497=FACE_OUTER_BOUND('',#7496,.F.);
#7499=CARTESIAN_POINT('',(-5.125E0,4.25E0,-9.75E-1));
#7500=DIRECTION('',(-1.E0,0.E0,0.E0));
#7501=DIRECTION('',(0.E0,0.E0,1.E0));
#7502=AXIS2_PLACEMENT_3D('',#7499,#7500,#7501);
#7503=PLANE('',#7502);
#7504=ORIENTED_EDGE('',*,*,#7433,.F.);
#7506=ORIENTED_EDGE('',*,*,#7505,.T.);
#7508=ORIENTED_EDGE('',*,*,#7507,.T.);
#7510=ORIENTED_EDGE('',*,*,#7509,.F.);
#7511=EDGE_LOOP('',(#7504,#7506,#7508,#7510));
#7512=FACE_OUTER_BOUND('',#7511,.F.);
#7514=CARTESIAN_POINT('',(-4.775E0,4.25E0,-9.75E-1));
#7515=DIRECTION('',(0.E0,0.E0,-1.E0));
#7516=DIRECTION('',(-1.E0,0.E0,0.E0));
#7517=AXIS2_PLACEMENT_3D('',#7514,#7515,#7516);
#7518=PLANE('',#7517);
#7519=ORIENTED_EDGE('',*,*,#7421,.T.);
#7521=ORIENTED_EDGE('',*,*,#7520,.T.);
#7522=ORIENTED_EDGE('',*,*,#7505,.F.);
#7523=ORIENTED_EDGE('',*,*,#7442,.T.);
#7525=ORIENTED_EDGE('',*,*,#7524,.F.);
#7527=ORIENTED_EDGE('',*,*,#7526,.T.);
#7528=EDGE_LOOP('',(#7519,#7521,#7522,#7523,#7525,#7527));
#7529=FACE_OUTER_BOUND('',#7528,.F.);
#7531=CARTESIAN_POINT('',(0.E0,7.5E-1,0.E0));
#7532=DIRECTION('',(0.E0,1.E0,0.E0));
#7533=DIRECTION('',(1.E0,0.E0,0.E0));
#7534=AXIS2_PLACEMENT_3D('',#7531,#7532,#7533);
#7535=PLANE('',#7534);
#7536=ORIENTED_EDGE('',*,*,#7507,.F.);
#7537=ORIENTED_EDGE('',*,*,#7520,.F.);
#7538=ORIENTED_EDGE('',*,*,#7419,.F.);
#7540=ORIENTED_EDGE('',*,*,#7539,.F.);
#7541=EDGE_LOOP('',(#7536,#7537,#7538,#7540));
#7542=FACE_OUTER_BOUND('',#7541,.F.);
#7544=CARTESIAN_POINT('',(0.E0,7.5E-1,0.E0));
#7545=DIRECTION('',(0.E0,1.E0,0.E0));
#7546=DIRECTION('',(1.E0,0.E0,0.E0));
#7547=AXIS2_PLACEMENT_3D('',#7544,#7545,#7546);
#7548=PLANE('',#7547);
#7549=ORIENTED_EDGE('',*,*,#7411,.F.);
#7551=ORIENTED_EDGE('',*,*,#7550,.F.);
#7553=ORIENTED_EDGE('',*,*,#7552,.F.);
#7555=ORIENTED_EDGE('',*,*,#7554,.F.);
#7556=EDGE_LOOP('',(#7549,#7551,#7553,#7555));
#7557=FACE_OUTER_BOUND('',#7556,.F.);
#7559=CARTESIAN_POINT('',(0.E0,7.5E-1,0.E0));
#7560=DIRECTION('',(0.E0,1.E0,0.E0));
#7561=DIRECTION('',(1.E0,0.E0,0.E0));
#7562=AXIS2_PLACEMENT_3D('',#7559,#7560,#7561);
#7563=PLANE('',#7562);
#7565=ORIENTED_EDGE('',*,*,#7564,.F.);
#7567=ORIENTED_EDGE('',*,*,#7566,.F.);
#7569=ORIENTED_EDGE('',*,*,#7568,.F.);
#7571=ORIENTED_EDGE('',*,*,#7570,.F.);
#7572=EDGE_LOOP('',(#7565,#7567,#7569,#7571));
#7573=FACE_OUTER_BOUND('',#7572,.F.);
#7575=CARTESIAN_POINT('',(0.E0,7.5E-1,0.E0));
#7576=DIRECTION('',(0.E0,1.E0,0.E0));
#7577=DIRECTION('',(1.E0,0.E0,0.E0));
#7578=AXIS2_PLACEMENT_3D('',#7575,#7576,#7577);
#7579=PLANE('',#7578);
#7581=ORIENTED_EDGE('',*,*,#7580,.F.);
#7583=ORIENTED_EDGE('',*,*,#7582,.F.);
#7585=ORIENTED_EDGE('',*,*,#7584,.F.);
#7587=ORIENTED_EDGE('',*,*,#7586,.F.);
#7588=EDGE_LOOP('',(#7581,#7583,#7585,#7587));
#7589=FACE_OUTER_BOUND('',#7588,.F.);
#7591=CARTESIAN_POINT('',(-5.125E0,4.25E0,4.25E-1));
#7592=DIRECTION('',(0.E0,0.E0,1.E0));
#7593=DIRECTION('',(1.E0,0.E0,0.E0));
#7594=AXIS2_PLACEMENT_3D('',#7591,#7592,#7593);
#7595=PLANE('',#7594);
#7596=ORIENTED_EDGE('',*,*,#7435,.F.);
#7597=ORIENTED_EDGE('',*,*,#7509,.T.);
#7598=ORIENTED_EDGE('',*,*,#7539,.T.);
#7599=ORIENTED_EDGE('',*,*,#7417,.F.);
#7600=EDGE_LOOP('',(#7596,#7597,#7598,#7599));
#7601=FACE_OUTER_BOUND('',#7600,.F.);
#7603=CARTESIAN_POINT('',(-5.125E0,4.25E0,1.975E0));
#7604=DIRECTION('',(0.E0,0.E0,1.E0));
#7605=DIRECTION('',(1.E0,0.E0,0.E0));
#7606=AXIS2_PLACEMENT_3D('',#7603,#7604,#7605);
#7607=PLANE('',#7606);
#7609=ORIENTED_EDGE('',*,*,#7608,.F.);
#7611=ORIENTED_EDGE('',*,*,#7610,.T.);
#7612=ORIENTED_EDGE('',*,*,#7550,.T.);
#7613=ORIENTED_EDGE('',*,*,#7409,.F.);
#7614=ORIENTED_EDGE('',*,*,#7477,.F.);
#7616=ORIENTED_EDGE('',*,*,#7615,.F.);
#7617=EDGE_LOOP('',(#7609,#7611,#7612,#7613,#7614,#7616));
#7618=FACE_OUTER_BOUND('',#7617,.F.);
#7620=CARTESIAN_POINT('',(0.E0,2.25E0,0.E0));
#7621=DIRECTION('',(0.E0,1.E0,0.E0));
#7622=DIRECTION('',(1.E0,0.E0,0.E0));
#7623=AXIS2_PLACEMENT_3D('',#7620,#7621,#7622);
#7624=PLANE('',#7623);
#7626=ORIENTED_EDGE('',*,*,#7625,.T.);
#7627=ORIENTED_EDGE('',*,*,#7608,.T.);
#7629=ORIENTED_EDGE('',*,*,#7628,.F.);
#7630=ORIENTED_EDGE('',*,*,#7377,.F.);
#7632=ORIENTED_EDGE('',*,*,#7631,.T.);
#7634=ORIENTED_EDGE('',*,*,#7633,.F.);
#7635=EDGE_LOOP('',(#7626,#7627,#7629,#7630,#7632,#7634));
#7636=FACE_OUTER_BOUND('',#7635,.F.);
#7638=CARTESIAN_POINT('',(0.E0,2.25E0,0.E0));
#7639=DIRECTION('',(0.E0,1.E0,0.E0));
#7640=DIRECTION('',(1.E0,0.E0,0.E0));
#7641=AXIS2_PLACEMENT_3D('',#7638,#7639,#7640);
#7642=PLANE('',#7641);
#7644=ORIENTED_EDGE('',*,*,#7643,.T.);
#7646=ORIENTED_EDGE('',*,*,#7645,.F.);
#7648=ORIENTED_EDGE('',*,*,#7647,.F.);
#7650=ORIENTED_EDGE('',*,*,#7649,.F.);
#7651=ORIENTED_EDGE('',*,*,#7331,.F.);
#7653=ORIENTED_EDGE('',*,*,#7652,.F.);
#7654=EDGE_LOOP('',(#7644,#7646,#7648,#7650,#7651,#7653));
#7655=FACE_OUTER_BOUND('',#7654,.F.);
#7657=CARTESIAN_POINT('',(-5.125E0,4.25E0,5.75E-1));
#7658=DIRECTION('',(-1.E0,0.E0,0.E0));
#7659=DIRECTION('',(0.E0,0.E0,1.E0));
#7660=AXIS2_PLACEMENT_3D('',#7657,#7658,#7659);
#7661=PLANE('',#7660);
#7662=ORIENTED_EDGE('',*,*,#7625,.F.);
#7664=ORIENTED_EDGE('',*,*,#7663,.T.);
#7665=ORIENTED_EDGE('',*,*,#7552,.T.);
#7666=ORIENTED_EDGE('',*,*,#7610,.F.);
#7667=EDGE_LOOP('',(#7662,#7664,#7665,#7666));
#7668=FACE_OUTER_BOUND('',#7667,.F.);
#7670=CARTESIAN_POINT('',(-4.875E0,4.25E0,5.75E-1));
#7671=DIRECTION('',(0.E0,0.E0,-1.E0));
#7672=DIRECTION('',(-1.E0,0.E0,0.E0));
#7673=AXIS2_PLACEMENT_3D('',#7670,#7671,#7672);
#7674=PLANE('',#7673);
#7675=ORIENTED_EDGE('',*,*,#7438,.T.);
#7676=ORIENTED_EDGE('',*,*,#7413,.T.);
#7677=ORIENTED_EDGE('',*,*,#7554,.T.);
#7678=ORIENTED_EDGE('',*,*,#7663,.F.);
#7679=ORIENTED_EDGE('',*,*,#7633,.T.);
#7681=ORIENTED_EDGE('',*,*,#7680,.F.);
#7682=EDGE_LOOP('',(#7675,#7676,#7677,#7678,#7679,#7681));
#7683=FACE_OUTER_BOUND('',#7682,.F.);
#7685=CARTESIAN_POINT('',(-5.375E0,0.E0,-2.125E0));
#7686=DIRECTION('',(-1.E0,0.E0,0.E0));
#7687=DIRECTION('',(0.E0,0.E0,1.E0));
#7688=AXIS2_PLACEMENT_3D('',#7685,#7686,#7687);
#7689=PLANE('',#7688);
#7690=ORIENTED_EDGE('',*,*,#7631,.F.);
#7691=ORIENTED_EDGE('',*,*,#7375,.F.);
#7692=ORIENTED_EDGE('',*,*,#7196,.F.);
#7694=ORIENTED_EDGE('',*,*,#7693,.T.);
#7696=ORIENTED_EDGE('',*,*,#7695,.T.);
#7697=ORIENTED_EDGE('',*,*,#7524,.T.);
#7698=ORIENTED_EDGE('',*,*,#7440,.F.);
#7699=ORIENTED_EDGE('',*,*,#7680,.T.);
#7700=EDGE_LOOP('',(#7690,#7691,#7692,#7694,#7696,#7697,#7698,#7699));
#7701=FACE_OUTER_BOUND('',#7700,.F.);
#7703=CARTESIAN_POINT('',(5.375E0,0.E0,-2.125E0));
#7704=DIRECTION('',(0.E0,0.E0,-1.E0));
#7705=DIRECTION('',(-1.E0,0.E0,0.E0));
#7706=AXIS2_PLACEMENT_3D('',#7703,#7704,#7705);
#7707=PLANE('',#7706);
#7708=ORIENTED_EDGE('',*,*,#7194,.F.);
#7710=ORIENTED_EDGE('',*,*,#7709,.T.);
#7712=ORIENTED_EDGE('',*,*,#7711,.T.);
#7713=ORIENTED_EDGE('',*,*,#7693,.F.);
#7714=EDGE_LOOP('',(#7708,#7710,#7712,#7713));
#7715=FACE_OUTER_BOUND('',#7714,.F.);
#7717=CARTESIAN_POINT('',(5.375E0,0.E0,2.125E0));
#7718=DIRECTION('',(1.E0,0.E0,0.E0));
#7719=DIRECTION('',(0.E0,0.E0,-1.E0));
#7720=AXIS2_PLACEMENT_3D('',#7717,#7718,#7719);
#7721=PLANE('',#7720);
#7722=ORIENTED_EDGE('',*,*,#7649,.T.);
#7724=ORIENTED_EDGE('',*,*,#7723,.F.);
#7725=ORIENTED_EDGE('',*,*,#7458,.T.);
#7727=ORIENTED_EDGE('',*,*,#7726,.F.);
#7729=ORIENTED_EDGE('',*,*,#7728,.T.);
#7730=ORIENTED_EDGE('',*,*,#7709,.F.);
#7731=ORIENTED_EDGE('',*,*,#7192,.F.);
#7732=ORIENTED_EDGE('',*,*,#7333,.T.);
#7733=EDGE_LOOP('',(#7722,#7724,#7725,#7727,#7729,#7730,#7731,#7732));
#7734=FACE_OUTER_BOUND('',#7733,.F.);
#7736=CARTESIAN_POINT('',(5.375E0,4.25E0,5.75E-1));
#7737=DIRECTION('',(0.E0,0.E0,-1.E0));
#7738=DIRECTION('',(-1.E0,0.E0,0.E0));
#7739=AXIS2_PLACEMENT_3D('',#7736,#7737,#7738);
#7740=PLANE('',#7739);
#7741=ORIENTED_EDGE('',*,*,#7647,.T.);
#7743=ORIENTED_EDGE('',*,*,#7742,.T.);
#7744=ORIENTED_EDGE('',*,*,#7584,.T.);
#7746=ORIENTED_EDGE('',*,*,#7745,.F.);
#7747=ORIENTED_EDGE('',*,*,#7460,.T.);
#7748=ORIENTED_EDGE('',*,*,#7723,.T.);
#7749=EDGE_LOOP('',(#7741,#7743,#7744,#7746,#7747,#7748));
#7750=FACE_OUTER_BOUND('',#7749,.F.);
#7752=CARTESIAN_POINT('',(5.125E0,4.25E0,1.975E0));
#7753=DIRECTION('',(1.E0,0.E0,0.E0));
#7754=DIRECTION('',(0.E0,0.E0,-1.E0));
#7755=AXIS2_PLACEMENT_3D('',#7752,#7753,#7754);
#7756=PLANE('',#7755);
#7757=ORIENTED_EDGE('',*,*,#7645,.T.);
#7759=ORIENTED_EDGE('',*,*,#7758,.T.);
#7760=ORIENTED_EDGE('',*,*,#7586,.T.);
#7761=ORIENTED_EDGE('',*,*,#7742,.F.);
#7762=EDGE_LOOP('',(#7757,#7759,#7760,#7761));
#7763=FACE_OUTER_BOUND('',#7762,.F.);
#7765=CARTESIAN_POINT('',(4.775E0,4.25E0,1.975E0));
#7766=DIRECTION('',(0.E0,0.E0,1.E0));
#7767=DIRECTION('',(1.E0,0.E0,0.E0));
#7768=AXIS2_PLACEMENT_3D('',#7765,#7766,#7767);
#7769=PLANE('',#7768);
#7770=ORIENTED_EDGE('',*,*,#7643,.F.);
#7772=ORIENTED_EDGE('',*,*,#7771,.T.);
#7773=ORIENTED_EDGE('',*,*,#7487,.F.);
#7775=ORIENTED_EDGE('',*,*,#7774,.T.);
#7776=ORIENTED_EDGE('',*,*,#7580,.T.);
#7777=ORIENTED_EDGE('',*,*,#7758,.F.);
#7778=EDGE_LOOP('',(#7770,#7772,#7773,#7775,#7776,#7777));
#7779=FACE_OUTER_BOUND('',#7778,.F.);
#7781=CARTESIAN_POINT('',(4.875E0,4.25E0,5.75E-1));
#7782=DIRECTION('',(-1.E0,0.E0,0.E0));
#7783=DIRECTION('',(0.E0,0.E0,1.E0));
#7784=AXIS2_PLACEMENT_3D('',#7781,#7782,#7783);
#7785=PLANE('',#7784);
#7786=ORIENTED_EDGE('',*,*,#7771,.F.);
#7787=ORIENTED_EDGE('',*,*,#7652,.T.);
#7788=ORIENTED_EDGE('',*,*,#7329,.F.);
#7789=ORIENTED_EDGE('',*,*,#7489,.T.);
#7790=EDGE_LOOP('',(#7786,#7787,#7788,#7789));
#7791=FACE_OUTER_BOUND('',#7790,.F.);
#7793=CARTESIAN_POINT('',(4.775E0,4.25E0,-9.75E-1));
#7794=DIRECTION('',(-1.E0,0.E0,0.E0));
#7795=DIRECTION('',(0.E0,0.E0,1.E0));
#7796=AXIS2_PLACEMENT_3D('',#7793,#7794,#7795);
#7797=PLANE('',#7796);
#7798=ORIENTED_EDGE('',*,*,#7462,.T.);
#7799=ORIENTED_EDGE('',*,*,#7745,.T.);
#7800=ORIENTED_EDGE('',*,*,#7582,.T.);
#7801=ORIENTED_EDGE('',*,*,#7774,.F.);
#7802=ORIENTED_EDGE('',*,*,#7494,.F.);
#7804=ORIENTED_EDGE('',*,*,#7803,.T.);
#7806=ORIENTED_EDGE('',*,*,#7805,.T.);
#7808=ORIENTED_EDGE('',*,*,#7807,.T.);
#7809=ORIENTED_EDGE('',*,*,#7570,.T.);
#7811=ORIENTED_EDGE('',*,*,#7810,.F.);
#7812=EDGE_LOOP('',(#7798,#7799,#7800,#7801,#7802,#7804,#7806,#7808,#7809,
#7811));
#7813=FACE_OUTER_BOUND('',#7812,.F.);
#7815=CARTESIAN_POINT('',(4.625E0,3.75E0,1.975E0));
#7816=DIRECTION('',(7.071067811865E-1,0.E0,7.071067811865E-1));
#7817=DIRECTION('',(0.E0,-1.E0,0.E0));
#7818=AXIS2_PLACEMENT_3D('',#7815,#7816,#7817);
#7819=PLANE('',#7818);
#7820=ORIENTED_EDGE('',*,*,#7492,.T.);
#7821=ORIENTED_EDGE('',*,*,#7325,.T.);
#7823=ORIENTED_EDGE('',*,*,#7822,.T.);
#7824=ORIENTED_EDGE('',*,*,#7803,.F.);
#7825=EDGE_LOOP('',(#7820,#7821,#7823,#7824));
#7826=FACE_OUTER_BOUND('',#7825,.F.);
#7828=CARTESIAN_POINT('',(0.E0,4.25E0,0.E0));
#7829=DIRECTION('',(0.E0,1.E0,0.E0));
#7830=DIRECTION('',(1.E0,0.E0,0.E0));
#7831=AXIS2_PLACEMENT_3D('',#7828,#7829,#7830);
#7832=PLANE('',#7831);
#7833=ORIENTED_EDGE('',*,*,#7393,.F.);
#7834=ORIENTED_EDGE('',*,*,#7423,.T.);
#7835=ORIENTED_EDGE('',*,*,#7526,.F.);
#7836=ORIENTED_EDGE('',*,*,#7695,.F.);
#7837=ORIENTED_EDGE('',*,*,#7711,.F.);
#7838=ORIENTED_EDGE('',*,*,#7728,.F.);
#7840=ORIENTED_EDGE('',*,*,#7839,.T.);
#7841=ORIENTED_EDGE('',*,*,#7805,.F.);
#7842=ORIENTED_EDGE('',*,*,#7822,.F.);
#7843=ORIENTED_EDGE('',*,*,#7323,.F.);
#7844=EDGE_LOOP('',(#7833,#7834,#7835,#7836,#7837,#7838,#7840,#7841,#7842,
#7843));
#7845=FACE_OUTER_BOUND('',#7844,.F.);
#7847=ORIENTED_EDGE('',*,*,#7846,.T.);
#7849=ORIENTED_EDGE('',*,*,#7848,.T.);
#7851=ORIENTED_EDGE('',*,*,#7850,.T.);
#7853=ORIENTED_EDGE('',*,*,#7852,.T.);
#7854=EDGE_LOOP('',(#7847,#7849,#7851,#7853));
#7855=FACE_BOUND('',#7854,.F.);
#7857=ORIENTED_EDGE('',*,*,#7856,.T.);
#7859=ORIENTED_EDGE('',*,*,#7858,.T.);
#7861=ORIENTED_EDGE('',*,*,#7860,.T.);
#7863=ORIENTED_EDGE('',*,*,#7862,.T.);
#7864=EDGE_LOOP('',(#7857,#7859,#7861,#7863));
#7865=FACE_BOUND('',#7864,.F.);
#7867=ORIENTED_EDGE('',*,*,#7866,.T.);
#7869=ORIENTED_EDGE('',*,*,#7868,.T.);
#7871=ORIENTED_EDGE('',*,*,#7870,.T.);
#7873=ORIENTED_EDGE('',*,*,#7872,.T.);
#7874=EDGE_LOOP('',(#7867,#7869,#7871,#7873));
#7875=FACE_BOUND('',#7874,.F.);
#7877=ORIENTED_EDGE('',*,*,#7876,.F.);
#7879=ORIENTED_EDGE('',*,*,#7878,.F.);
#7881=ORIENTED_EDGE('',*,*,#7880,.T.);
#7883=ORIENTED_EDGE('',*,*,#7882,.F.);
#7885=ORIENTED_EDGE('',*,*,#7884,.F.);
#7887=ORIENTED_EDGE('',*,*,#7886,.F.);
#7889=ORIENTED_EDGE('',*,*,#7888,.T.);
#7891=ORIENTED_EDGE('',*,*,#7890,.F.);
#7893=ORIENTED_EDGE('',*,*,#7892,.F.);
#7895=ORIENTED_EDGE('',*,*,#7894,.F.);
#7897=ORIENTED_EDGE('',*,*,#7896,.T.);
#7899=ORIENTED_EDGE('',*,*,#7898,.F.);
#7901=ORIENTED_EDGE('',*,*,#7900,.F.);
#7903=ORIENTED_EDGE('',*,*,#7902,.F.);
#7905=ORIENTED_EDGE('',*,*,#7904,.T.);
#7907=ORIENTED_EDGE('',*,*,#7906,.F.);
#7909=ORIENTED_EDGE('',*,*,#7908,.F.);
#7911=ORIENTED_EDGE('',*,*,#7910,.F.);
#7913=ORIENTED_EDGE('',*,*,#7912,.T.);
#7915=ORIENTED_EDGE('',*,*,#7914,.F.);
#7917=ORIENTED_EDGE('',*,*,#7916,.F.);
#7919=ORIENTED_EDGE('',*,*,#7918,.F.);
#7921=ORIENTED_EDGE('',*,*,#7920,.T.);
#7923=ORIENTED_EDGE('',*,*,#7922,.F.);
#7925=ORIENTED_EDGE('',*,*,#7924,.F.);
#7927=ORIENTED_EDGE('',*,*,#7926,.F.);
#7929=ORIENTED_EDGE('',*,*,#7928,.T.);
#7931=ORIENTED_EDGE('',*,*,#7930,.F.);
#7933=ORIENTED_EDGE('',*,*,#7932,.F.);
#7935=ORIENTED_EDGE('',*,*,#7934,.F.);
#7937=ORIENTED_EDGE('',*,*,#7936,.T.);
#7939=ORIENTED_EDGE('',*,*,#7938,.F.);
#7941=ORIENTED_EDGE('',*,*,#7940,.F.);
#7943=ORIENTED_EDGE('',*,*,#7942,.F.);
#7945=ORIENTED_EDGE('',*,*,#7944,.T.);
#7947=ORIENTED_EDGE('',*,*,#7946,.F.);
#7949=ORIENTED_EDGE('',*,*,#7948,.F.);
#7951=ORIENTED_EDGE('',*,*,#7950,.F.);
#7953=ORIENTED_EDGE('',*,*,#7952,.T.);
#7955=ORIENTED_EDGE('',*,*,#7954,.F.);
#7957=ORIENTED_EDGE('',*,*,#7956,.F.);
#7959=ORIENTED_EDGE('',*,*,#7958,.F.);
#7961=ORIENTED_EDGE('',*,*,#7960,.T.);
#7963=ORIENTED_EDGE('',*,*,#7962,.T.);
#7965=ORIENTED_EDGE('',*,*,#7964,.T.);
#7967=ORIENTED_EDGE('',*,*,#7966,.T.);
#7969=ORIENTED_EDGE('',*,*,#7968,.T.);
#7971=ORIENTED_EDGE('',*,*,#7970,.T.);
#7973=ORIENTED_EDGE('',*,*,#7972,.T.);
#7975=ORIENTED_EDGE('',*,*,#7974,.T.);
#7977=ORIENTED_EDGE('',*,*,#7976,.T.);
#7979=ORIENTED_EDGE('',*,*,#7978,.T.);
#7981=ORIENTED_EDGE('',*,*,#7980,.T.);
#7983=ORIENTED_EDGE('',*,*,#7982,.T.);
#7985=ORIENTED_EDGE('',*,*,#7984,.T.);
#7987=ORIENTED_EDGE('',*,*,#7986,.T.);
#7989=ORIENTED_EDGE('',*,*,#7988,.T.);
#7991=ORIENTED_EDGE('',*,*,#7990,.T.);
#7993=ORIENTED_EDGE('',*,*,#7992,.T.);
#7995=ORIENTED_EDGE('',*,*,#7994,.T.);
#7997=ORIENTED_EDGE('',*,*,#7996,.T.);
#7999=ORIENTED_EDGE('',*,*,#7998,.T.);
#8001=ORIENTED_EDGE('',*,*,#8000,.T.);
#8003=ORIENTED_EDGE('',*,*,#8002,.T.);
#8005=ORIENTED_EDGE('',*,*,#8004,.T.);
#8007=ORIENTED_EDGE('',*,*,#8006,.T.);
#8009=ORIENTED_EDGE('',*,*,#8008,.T.);
#8011=ORIENTED_EDGE('',*,*,#8010,.T.);
#8013=ORIENTED_EDGE('',*,*,#8012,.T.);
#8015=ORIENTED_EDGE('',*,*,#8014,.T.);
#8017=ORIENTED_EDGE('',*,*,#8016,.T.);
#8019=ORIENTED_EDGE('',*,*,#8018,.T.);
#8021=ORIENTED_EDGE('',*,*,#8020,.T.);
#8023=ORIENTED_EDGE('',*,*,#8022,.T.);
#8025=ORIENTED_EDGE('',*,*,#8024,.T.);
#8027=ORIENTED_EDGE('',*,*,#8026,.F.);
#8029=ORIENTED_EDGE('',*,*,#8028,.F.);
#8031=ORIENTED_EDGE('',*,*,#8030,.F.);
#8033=ORIENTED_EDGE('',*,*,#8032,.T.);
#8035=ORIENTED_EDGE('',*,*,#8034,.F.);
#8036=EDGE_LOOP('',(#7877,#7879,#7881,#7883,#7885,#7887,#7889,#7891,#7893,#7895,
#7897,#7899,#7901,#7903,#7905,#7907,#7909,#7911,#7913,#7915,#7917,#7919,#7921,
#7923,#7925,#7927,#7929,#7931,#7933,#7935,#7937,#7939,#7941,#7943,#7945,#7947,
#7949,#7951,#7953,#7955,#7957,#7959,#7961,#7963,#7965,#7967,#7969,#7971,#7973,
#7975,#7977,#7979,#7981,#7983,#7985,#7987,#7989,#7991,#7993,#7995,#7997,#7999,
#8001,#8003,#8005,#8007,#8009,#8011,#8013,#8015,#8017,#8019,#8021,#8023,#8025,
#8027,#8029,#8031,#8033,#8035));
#8037=FACE_BOUND('',#8036,.F.);
#8039=CARTESIAN_POINT('',(-4.875E0,4.25E0,-1.725E0));
#8040=DIRECTION('',(-1.E0,0.E0,0.E0));
#8041=DIRECTION('',(0.E0,0.E0,1.E0));
#8042=AXIS2_PLACEMENT_3D('',#8039,#8040,#8041);
#8043=PLANE('',#8042);
#8044=ORIENTED_EDGE('',*,*,#7866,.F.);
#8046=ORIENTED_EDGE('',*,*,#8045,.T.);
#8048=ORIENTED_EDGE('',*,*,#8047,.T.);
#8050=ORIENTED_EDGE('',*,*,#8049,.F.);
#8051=EDGE_LOOP('',(#8044,#8046,#8048,#8050));
#8052=FACE_OUTER_BOUND('',#8051,.F.);
#8054=CARTESIAN_POINT('',(-3.875E0,4.25E0,-1.725E0));
#8055=DIRECTION('',(0.E0,0.E0,-1.E0));
#8056=DIRECTION('',(-1.E0,0.E0,0.E0));
#8057=AXIS2_PLACEMENT_3D('',#8054,#8055,#8056);
#8058=PLANE('',#8057);
#8059=ORIENTED_EDGE('',*,*,#7872,.F.);
#8061=ORIENTED_EDGE('',*,*,#8060,.T.);
#8063=ORIENTED_EDGE('',*,*,#8062,.T.);
#8064=ORIENTED_EDGE('',*,*,#8045,.F.);
#8065=EDGE_LOOP('',(#8059,#8061,#8063,#8064));
#8066=FACE_OUTER_BOUND('',#8065,.F.);
#8068=CARTESIAN_POINT('',(-3.875E0,4.25E0,-1.225E0));
#8069=DIRECTION('',(1.E0,0.E0,0.E0));
#8070=DIRECTION('',(0.E0,0.E0,-1.E0));
#8071=AXIS2_PLACEMENT_3D('',#8068,#8069,#8070);
#8072=PLANE('',#8071);
#8073=ORIENTED_EDGE('',*,*,#7870,.F.);
#8075=ORIENTED_EDGE('',*,*,#8074,.T.);
#8077=ORIENTED_EDGE('',*,*,#8076,.T.);
#8078=ORIENTED_EDGE('',*,*,#8060,.F.);
#8079=EDGE_LOOP('',(#8073,#8075,#8077,#8078));
#8080=FACE_OUTER_BOUND('',#8079,.F.);
#8082=CARTESIAN_POINT('',(-4.875E0,4.25E0,-1.225E0));
#8083=DIRECTION('',(0.E0,0.E0,1.E0));
#8084=DIRECTION('',(1.E0,0.E0,0.E0));
#8085=AXIS2_PLACEMENT_3D('',#8082,#8083,#8084);
#8086=PLANE('',#8085);
#8087=ORIENTED_EDGE('',*,*,#7868,.F.);
#8088=ORIENTED_EDGE('',*,*,#8049,.T.);
#8090=ORIENTED_EDGE('',*,*,#8089,.T.);
#8091=ORIENTED_EDGE('',*,*,#8074,.F.);
#8092=EDGE_LOOP('',(#8087,#8088,#8090,#8091));
#8093=FACE_OUTER_BOUND('',#8092,.F.);
#8095=CARTESIAN_POINT('',(0.E0,7.5E-1,0.E0));
#8096=DIRECTION('',(0.E0,1.E0,0.E0));
#8097=DIRECTION('',(1.E0,0.E0,0.E0));
#8098=AXIS2_PLACEMENT_3D('',#8095,#8096,#8097);
#8099=PLANE('',#8098);
#8100=ORIENTED_EDGE('',*,*,#8047,.F.);
#8101=ORIENTED_EDGE('',*,*,#8062,.F.);
#8102=ORIENTED_EDGE('',*,*,#8076,.F.);
#8103=ORIENTED_EDGE('',*,*,#8089,.F.);
#8104=EDGE_LOOP('',(#8100,#8101,#8102,#8103));
#8105=FACE_OUTER_BOUND('',#8104,.F.);
#8107=CARTESIAN_POINT('',(0.E0,7.5E-1,0.E0));
#8108=DIRECTION('',(0.E0,1.E0,0.E0));
#8109=DIRECTION('',(1.E0,0.E0,0.E0));
#8110=AXIS2_PLACEMENT_3D('',#8107,#8108,#8109);
#8111=PLANE('',#8110);
#8113=ORIENTED_EDGE('',*,*,#8112,.F.);
#8115=ORIENTED_EDGE('',*,*,#8114,.F.);
#8117=ORIENTED_EDGE('',*,*,#8116,.F.);
#8119=ORIENTED_EDGE('',*,*,#8118,.F.);
#8120=EDGE_LOOP('',(#8113,#8115,#8117,#8119));
#8121=FACE_OUTER_BOUND('',#8120,.F.);
#8123=CARTESIAN_POINT('',(0.E0,7.5E-1,0.E0));
#8124=DIRECTION('',(0.E0,1.E0,0.E0));
#8125=DIRECTION('',(1.E0,0.E0,0.E0));
#8126=AXIS2_PLACEMENT_3D('',#8123,#8124,#8125);
#8127=PLANE('',#8126);
#8129=ORIENTED_EDGE('',*,*,#8128,.F.);
#8131=ORIENTED_EDGE('',*,*,#8130,.F.);
#8133=ORIENTED_EDGE('',*,*,#8132,.F.);
#8135=ORIENTED_EDGE('',*,*,#8134,.F.);
#8137=ORIENTED_EDGE('',*,*,#8136,.F.);
#8139=ORIENTED_EDGE('',*,*,#8138,.F.);
#8141=ORIENTED_EDGE('',*,*,#8140,.F.);
#8143=ORIENTED_EDGE('',*,*,#8142,.F.);
#8145=ORIENTED_EDGE('',*,*,#8144,.F.);
#8147=ORIENTED_EDGE('',*,*,#8146,.F.);
#8149=ORIENTED_EDGE('',*,*,#8148,.F.);
#8151=ORIENTED_EDGE('',*,*,#8150,.F.);
#8153=ORIENTED_EDGE('',*,*,#8152,.F.);
#8155=ORIENTED_EDGE('',*,*,#8154,.F.);
#8157=ORIENTED_EDGE('',*,*,#8156,.F.);
#8159=ORIENTED_EDGE('',*,*,#8158,.F.);
#8161=ORIENTED_EDGE('',*,*,#8160,.F.);
#8163=ORIENTED_EDGE('',*,*,#8162,.F.);
#8165=ORIENTED_EDGE('',*,*,#8164,.F.);
#8167=ORIENTED_EDGE('',*,*,#8166,.F.);
#8169=ORIENTED_EDGE('',*,*,#8168,.F.);
#8171=ORIENTED_EDGE('',*,*,#8170,.F.);
#8173=ORIENTED_EDGE('',*,*,#8172,.F.);
#8175=ORIENTED_EDGE('',*,*,#8174,.F.);
#8177=ORIENTED_EDGE('',*,*,#8176,.F.);
#8179=ORIENTED_EDGE('',*,*,#8178,.F.);
#8181=ORIENTED_EDGE('',*,*,#8180,.F.);
#8183=ORIENTED_EDGE('',*,*,#8182,.F.);
#8185=ORIENTED_EDGE('',*,*,#8184,.F.);
#8187=ORIENTED_EDGE('',*,*,#8186,.T.);
#8189=ORIENTED_EDGE('',*,*,#8188,.T.);
#8191=ORIENTED_EDGE('',*,*,#8190,.T.);
#8193=ORIENTED_EDGE('',*,*,#8192,.F.);
#8195=ORIENTED_EDGE('',*,*,#8194,.T.);
#8197=ORIENTED_EDGE('',*,*,#8196,.T.);
#8199=ORIENTED_EDGE('',*,*,#8198,.T.);
#8201=ORIENTED_EDGE('',*,*,#8200,.F.);
#8203=ORIENTED_EDGE('',*,*,#8202,.T.);
#8205=ORIENTED_EDGE('',*,*,#8204,.T.);
#8207=ORIENTED_EDGE('',*,*,#8206,.T.);
#8209=ORIENTED_EDGE('',*,*,#8208,.F.);
#8211=ORIENTED_EDGE('',*,*,#8210,.T.);
#8213=ORIENTED_EDGE('',*,*,#8212,.T.);
#8215=ORIENTED_EDGE('',*,*,#8214,.T.);
#8217=ORIENTED_EDGE('',*,*,#8216,.F.);
#8219=ORIENTED_EDGE('',*,*,#8218,.T.);
#8221=ORIENTED_EDGE('',*,*,#8220,.T.);
#8223=ORIENTED_EDGE('',*,*,#8222,.T.);
#8225=ORIENTED_EDGE('',*,*,#8224,.F.);
#8227=ORIENTED_EDGE('',*,*,#8226,.T.);
#8229=ORIENTED_EDGE('',*,*,#8228,.T.);
#8231=ORIENTED_EDGE('',*,*,#8230,.T.);
#8233=ORIENTED_EDGE('',*,*,#8232,.F.);
#8235=ORIENTED_EDGE('',*,*,#8234,.T.);
#8237=ORIENTED_EDGE('',*,*,#8236,.T.);
#8239=ORIENTED_EDGE('',*,*,#8238,.T.);
#8241=ORIENTED_EDGE('',*,*,#8240,.F.);
#8243=ORIENTED_EDGE('',*,*,#8242,.T.);
#8245=ORIENTED_EDGE('',*,*,#8244,.T.);
#8247=ORIENTED_EDGE('',*,*,#8246,.T.);
#8249=ORIENTED_EDGE('',*,*,#8248,.F.);
#8251=ORIENTED_EDGE('',*,*,#8250,.T.);
#8253=ORIENTED_EDGE('',*,*,#8252,.T.);
#8255=ORIENTED_EDGE('',*,*,#8254,.T.);
#8257=ORIENTED_EDGE('',*,*,#8256,.F.);
#8259=ORIENTED_EDGE('',*,*,#8258,.T.);
#8261=ORIENTED_EDGE('',*,*,#8260,.T.);
#8263=ORIENTED_EDGE('',*,*,#8262,.T.);
#8265=ORIENTED_EDGE('',*,*,#8264,.F.);
#8267=ORIENTED_EDGE('',*,*,#8266,.T.);
#8269=ORIENTED_EDGE('',*,*,#8268,.T.);
#8271=ORIENTED_EDGE('',*,*,#8270,.T.);
#8273=ORIENTED_EDGE('',*,*,#8272,.F.);
#8275=ORIENTED_EDGE('',*,*,#8274,.T.);
#8277=ORIENTED_EDGE('',*,*,#8276,.T.);
#8279=ORIENTED_EDGE('',*,*,#8278,.T.);
#8281=ORIENTED_EDGE('',*,*,#8280,.F.);
#8283=ORIENTED_EDGE('',*,*,#8282,.F.);
#8285=ORIENTED_EDGE('',*,*,#8284,.F.);
#8287=ORIENTED_EDGE('',*,*,#8286,.F.);
#8288=EDGE_LOOP('',(#8129,#8131,#8133,#8135,#8137,#8139,#8141,#8143,#8145,#8147,
#8149,#8151,#8153,#8155,#8157,#8159,#8161,#8163,#8165,#8167,#8169,#8171,#8173,
#8175,#8177,#8179,#8181,#8183,#8185,#8187,#8189,#8191,#8193,#8195,#8197,#8199,
#8201,#8203,#8205,#8207,#8209,#8211,#8213,#8215,#8217,#8219,#8221,#8223,#8225,
#8227,#8229,#8231,#8233,#8235,#8237,#8239,#8241,#8243,#8245,#8247,#8249,#8251,
#8253,#8255,#8257,#8259,#8261,#8263,#8265,#8267,#8269,#8271,#8273,#8275,#8277,
#8279,#8281,#8283,#8285,#8287));
#8289=FACE_OUTER_BOUND('',#8288,.F.);
#8291=ORIENTED_EDGE('',*,*,#8290,.T.);
#8293=ORIENTED_EDGE('',*,*,#8292,.T.);
#8295=ORIENTED_EDGE('',*,*,#8294,.T.);
#8297=ORIENTED_EDGE('',*,*,#8296,.T.);
#8298=EDGE_LOOP('',(#8291,#8293,#8295,#8297));
#8299=FACE_BOUND('',#8298,.F.);
#8301=ORIENTED_EDGE('',*,*,#8300,.T.);
#8303=ORIENTED_EDGE('',*,*,#8302,.T.);
#8305=ORIENTED_EDGE('',*,*,#8304,.T.);
#8307=ORIENTED_EDGE('',*,*,#8306,.T.);
#8308=EDGE_LOOP('',(#8301,#8303,#8305,#8307));
#8309=FACE_BOUND('',#8308,.F.);
#8311=ORIENTED_EDGE('',*,*,#8310,.T.);
#8313=ORIENTED_EDGE('',*,*,#8312,.T.);
#8315=ORIENTED_EDGE('',*,*,#8314,.T.);
#8317=ORIENTED_EDGE('',*,*,#8316,.T.);
#8318=EDGE_LOOP('',(#8311,#8313,#8315,#8317));
#8319=FACE_BOUND('',#8318,.F.);
#8321=ORIENTED_EDGE('',*,*,#8320,.T.);
#8323=ORIENTED_EDGE('',*,*,#8322,.T.);
#8325=ORIENTED_EDGE('',*,*,#8324,.T.);
#8327=ORIENTED_EDGE('',*,*,#8326,.T.);
#8328=EDGE_LOOP('',(#8321,#8323,#8325,#8327));
#8329=FACE_BOUND('',#8328,.F.);
#8331=ORIENTED_EDGE('',*,*,#8330,.T.);
#8333=ORIENTED_EDGE('',*,*,#8332,.T.);
#8335=ORIENTED_EDGE('',*,*,#8334,.T.);
#8337=ORIENTED_EDGE('',*,*,#8336,.T.);
#8338=EDGE_LOOP('',(#8331,#8333,#8335,#8337));
#8339=FACE_BOUND('',#8338,.F.);
#8341=ORIENTED_EDGE('',*,*,#8340,.T.);
#8343=ORIENTED_EDGE('',*,*,#8342,.T.);
#8345=ORIENTED_EDGE('',*,*,#8344,.T.);
#8347=ORIENTED_EDGE('',*,*,#8346,.T.);
#8348=EDGE_LOOP('',(#8341,#8343,#8345,#8347));
#8349=FACE_BOUND('',#8348,.F.);
#8351=ORIENTED_EDGE('',*,*,#8350,.T.);
#8353=ORIENTED_EDGE('',*,*,#8352,.T.);
#8355=ORIENTED_EDGE('',*,*,#8354,.T.);
#8357=ORIENTED_EDGE('',*,*,#8356,.T.);
#8358=EDGE_LOOP('',(#8351,#8353,#8355,#8357));
#8359=FACE_BOUND('',#8358,.F.);
#8361=ORIENTED_EDGE('',*,*,#8360,.T.);
#8363=ORIENTED_EDGE('',*,*,#8362,.T.);
#8365=ORIENTED_EDGE('',*,*,#8364,.T.);
#8367=ORIENTED_EDGE('',*,*,#8366,.T.);
#8368=EDGE_LOOP('',(#8361,#8363,#8365,#8367));
#8369=FACE_BOUND('',#8368,.F.);
#8371=ORIENTED_EDGE('',*,*,#8370,.T.);
#8373=ORIENTED_EDGE('',*,*,#8372,.T.);
#8375=ORIENTED_EDGE('',*,*,#8374,.T.);
#8377=ORIENTED_EDGE('',*,*,#8376,.T.);
#8378=EDGE_LOOP('',(#8371,#8373,#8375,#8377));
#8379=FACE_BOUND('',#8378,.F.);
#8381=ORIENTED_EDGE('',*,*,#8380,.T.);
#8383=ORIENTED_EDGE('',*,*,#8382,.T.);
#8385=ORIENTED_EDGE('',*,*,#8384,.T.);
#8387=ORIENTED_EDGE('',*,*,#8386,.T.);
#8388=EDGE_LOOP('',(#8381,#8383,#8385,#8387));
#8389=FACE_BOUND('',#8388,.F.);
#8391=ORIENTED_EDGE('',*,*,#8390,.T.);
#8393=ORIENTED_EDGE('',*,*,#8392,.T.);
#8395=ORIENTED_EDGE('',*,*,#8394,.T.);
#8397=ORIENTED_EDGE('',*,*,#8396,.T.);
#8398=EDGE_LOOP('',(#8391,#8393,#8395,#8397));
#8399=FACE_BOUND('',#8398,.F.);
#8401=ORIENTED_EDGE('',*,*,#8400,.T.);
#8403=ORIENTED_EDGE('',*,*,#8402,.T.);
#8405=ORIENTED_EDGE('',*,*,#8404,.T.);
#8407=ORIENTED_EDGE('',*,*,#8406,.T.);
#8408=EDGE_LOOP('',(#8401,#8403,#8405,#8407));
#8409=FACE_BOUND('',#8408,.F.);
#8411=CARTESIAN_POINT('',(4.875E0,4.25E0,-1.725E0));
#8412=DIRECTION('',(0.E0,0.E0,-1.E0));
#8413=DIRECTION('',(-1.E0,0.E0,0.E0));
#8414=AXIS2_PLACEMENT_3D('',#8411,#8412,#8413);
#8415=PLANE('',#8414);
#8416=ORIENTED_EDGE('',*,*,#7856,.F.);
#8418=ORIENTED_EDGE('',*,*,#8417,.T.);
#8419=ORIENTED_EDGE('',*,*,#8112,.T.);
#8421=ORIENTED_EDGE('',*,*,#8420,.F.);
#8422=EDGE_LOOP('',(#8416,#8418,#8419,#8421));
#8423=FACE_OUTER_BOUND('',#8422,.F.);
#8425=CARTESIAN_POINT('',(4.875E0,4.25E0,-1.225E0));
#8426=DIRECTION('',(1.E0,0.E0,0.E0));
#8427=DIRECTION('',(0.E0,0.E0,-1.E0));
#8428=AXIS2_PLACEMENT_3D('',#8425,#8426,#8427);
#8429=PLANE('',#8428);
#8430=ORIENTED_EDGE('',*,*,#7862,.F.);
#8432=ORIENTED_EDGE('',*,*,#8431,.T.);
#8433=ORIENTED_EDGE('',*,*,#8114,.T.);
#8434=ORIENTED_EDGE('',*,*,#8417,.F.);
#8435=EDGE_LOOP('',(#8430,#8432,#8433,#8434));
#8436=FACE_OUTER_BOUND('',#8435,.F.);
#8438=CARTESIAN_POINT('',(3.875E0,4.25E0,-1.225E0));
#8439=DIRECTION('',(0.E0,0.E0,1.E0));
#8440=DIRECTION('',(1.E0,0.E0,0.E0));
#8441=AXIS2_PLACEMENT_3D('',#8438,#8439,#8440);
#8442=PLANE('',#8441);
#8443=ORIENTED_EDGE('',*,*,#7860,.F.);
#8445=ORIENTED_EDGE('',*,*,#8444,.T.);
#8446=ORIENTED_EDGE('',*,*,#8116,.T.);
#8447=ORIENTED_EDGE('',*,*,#8431,.F.);
#8448=EDGE_LOOP('',(#8443,#8445,#8446,#8447));
#8449=FACE_OUTER_BOUND('',#8448,.F.);
#8451=CARTESIAN_POINT('',(3.875E0,4.25E0,-1.725E0));
#8452=DIRECTION('',(-1.E0,0.E0,0.E0));
#8453=DIRECTION('',(0.E0,0.E0,1.E0));
#8454=AXIS2_PLACEMENT_3D('',#8451,#8452,#8453);
#8455=PLANE('',#8454);
#8456=ORIENTED_EDGE('',*,*,#7858,.F.);
#8457=ORIENTED_EDGE('',*,*,#8420,.T.);
#8458=ORIENTED_EDGE('',*,*,#8118,.T.);
#8459=ORIENTED_EDGE('',*,*,#8444,.F.);
#8460=EDGE_LOOP('',(#8456,#8457,#8458,#8459));
#8461=FACE_OUTER_BOUND('',#8460,.F.);
#8463=CARTESIAN_POINT('',(-4.375E0,4.25E0,1.725E0));
#8464=DIRECTION('',(0.E0,0.E0,1.E0));
#8465=DIRECTION('',(1.E0,0.E0,0.E0));
#8466=AXIS2_PLACEMENT_3D('',#8463,#8464,#8465);
#8467=PLANE('',#8466);
#8469=ORIENTED_EDGE('',*,*,#8468,.T.);
#8470=ORIENTED_EDGE('',*,*,#7968,.F.);
#8472=ORIENTED_EDGE('',*,*,#8471,.T.);
#8473=ORIENTED_EDGE('',*,*,#8176,.T.);
#8474=EDGE_LOOP('',(#8469,#8470,#8472,#8473));
#8475=FACE_OUTER_BOUND('',#8474,.F.);
#8477=CARTESIAN_POINT('',(-4.375E0,4.25E0,1.725E0));
#8478=DIRECTION('',(0.E0,0.E0,1.E0));
#8479=DIRECTION('',(1.E0,0.E0,0.E0));
#8480=AXIS2_PLACEMENT_3D('',#8477,#8478,#8479);
#8481=PLANE('',#8480);
#8483=ORIENTED_EDGE('',*,*,#8482,.T.);
#8484=ORIENTED_EDGE('',*,*,#7976,.F.);
#8486=ORIENTED_EDGE('',*,*,#8485,.F.);
#8487=ORIENTED_EDGE('',*,*,#8168,.T.);
#8488=EDGE_LOOP('',(#8483,#8484,#8486,#8487));
#8489=FACE_OUTER_BOUND('',#8488,.F.);
#8491=CARTESIAN_POINT('',(-4.375E0,4.25E0,1.725E0));
#8492=DIRECTION('',(0.E0,0.E0,1.E0));
#8493=DIRECTION('',(1.E0,0.E0,0.E0));
#8494=AXIS2_PLACEMENT_3D('',#8491,#8492,#8493);
#8495=PLANE('',#8494);
#8497=ORIENTED_EDGE('',*,*,#8496,.T.);
#8498=ORIENTED_EDGE('',*,*,#7984,.F.);
#8500=ORIENTED_EDGE('',*,*,#8499,.F.);
#8501=ORIENTED_EDGE('',*,*,#8160,.T.);
#8502=EDGE_LOOP('',(#8497,#8498,#8500,#8501));
#8503=FACE_OUTER_BOUND('',#8502,.F.);
#8505=CARTESIAN_POINT('',(-4.375E0,4.25E0,1.725E0));
#8506=DIRECTION('',(0.E0,0.E0,1.E0));
#8507=DIRECTION('',(1.E0,0.E0,0.E0));
#8508=AXIS2_PLACEMENT_3D('',#8505,#8506,#8507);
#8509=PLANE('',#8508);
#8511=ORIENTED_EDGE('',*,*,#8510,.T.);
#8512=ORIENTED_EDGE('',*,*,#7992,.F.);
#8514=ORIENTED_EDGE('',*,*,#8513,.F.);
#8515=ORIENTED_EDGE('',*,*,#8152,.T.);
#8516=EDGE_LOOP('',(#8511,#8512,#8514,#8515));
#8517=FACE_OUTER_BOUND('',#8516,.F.);
#8519=CARTESIAN_POINT('',(-4.375E0,4.25E0,1.725E0));
#8520=DIRECTION('',(0.E0,0.E0,1.E0));
#8521=DIRECTION('',(1.E0,0.E0,0.E0));
#8522=AXIS2_PLACEMENT_3D('',#8519,#8520,#8521);
#8523=PLANE('',#8522);
#8525=ORIENTED_EDGE('',*,*,#8524,.T.);
#8526=ORIENTED_EDGE('',*,*,#8000,.F.);
#8528=ORIENTED_EDGE('',*,*,#8527,.F.);
#8529=ORIENTED_EDGE('',*,*,#8144,.T.);
#8530=EDGE_LOOP('',(#8525,#8526,#8528,#8529));
#8531=FACE_OUTER_BOUND('',#8530,.F.);
#8533=CARTESIAN_POINT('',(-4.375E0,4.25E0,1.725E0));
#8534=DIRECTION('',(0.E0,0.E0,1.E0));
#8535=DIRECTION('',(1.E0,0.E0,0.E0));
#8536=AXIS2_PLACEMENT_3D('',#8533,#8534,#8535);
#8537=PLANE('',#8536);
#8539=ORIENTED_EDGE('',*,*,#8538,.T.);
#8540=ORIENTED_EDGE('',*,*,#8008,.F.);
#8542=ORIENTED_EDGE('',*,*,#8541,.F.);
#8543=ORIENTED_EDGE('',*,*,#8136,.T.);
#8544=EDGE_LOOP('',(#8539,#8540,#8542,#8543));
#8545=FACE_OUTER_BOUND('',#8544,.F.);
#8547=CARTESIAN_POINT('',(-4.375E0,4.25E0,1.725E0));
#8548=DIRECTION('',(0.E0,0.E0,1.E0));
#8549=DIRECTION('',(1.E0,0.E0,0.E0));
#8550=AXIS2_PLACEMENT_3D('',#8547,#8548,#8549);
#8551=PLANE('',#8550);
#8553=ORIENTED_EDGE('',*,*,#8552,.F.);
#8554=ORIENTED_EDGE('',*,*,#8128,.T.);
#8556=ORIENTED_EDGE('',*,*,#8555,.F.);
#8557=ORIENTED_EDGE('',*,*,#8016,.F.);
#8558=EDGE_LOOP('',(#8553,#8554,#8556,#8557));
#8559=FACE_OUTER_BOUND('',#8558,.F.);
#8561=CARTESIAN_POINT('',(-3.245E0,4.25E0,1.725E0));
#8562=DIRECTION('',(-1.E0,0.E0,0.E0));
#8563=DIRECTION('',(0.E0,0.E0,1.E0));
#8564=AXIS2_PLACEMENT_3D('',#8561,#8562,#8563);
#8565=PLANE('',#8564);
#8566=ORIENTED_EDGE('',*,*,#7970,.F.);
#8567=ORIENTED_EDGE('',*,*,#8468,.F.);
#8568=ORIENTED_EDGE('',*,*,#8174,.T.);
#8570=ORIENTED_EDGE('',*,*,#8569,.F.);
#8571=EDGE_LOOP('',(#8566,#8567,#8568,#8570));
#8572=FACE_OUTER_BOUND('',#8571,.F.);
#8574=CARTESIAN_POINT('',(-3.245E0,4.25E0,1.825E0));
#8575=DIRECTION('',(0.E0,0.E0,1.E0));
#8576=DIRECTION('',(1.E0,0.E0,0.E0));
#8577=AXIS2_PLACEMENT_3D('',#8574,#8575,#8576);
#8578=PLANE('',#8577);
#8579=ORIENTED_EDGE('',*,*,#7972,.F.);
#8580=ORIENTED_EDGE('',*,*,#8569,.T.);
#8581=ORIENTED_EDGE('',*,*,#8172,.T.);
#8583=ORIENTED_EDGE('',*,*,#8582,.F.);
#8584=EDGE_LOOP('',(#8579,#8580,#8581,#8583));
#8585=FACE_OUTER_BOUND('',#8584,.F.);
#8587=CARTESIAN_POINT('',(-3.005E0,4.25E0,1.825E0));
#8588=DIRECTION('',(1.E0,0.E0,0.E0));
#8589=DIRECTION('',(0.E0,0.E0,-1.E0));
#8590=AXIS2_PLACEMENT_3D('',#8587,#8588,#8589);
#8591=PLANE('',#8590);
#8592=ORIENTED_EDGE('',*,*,#7974,.F.);
#8593=ORIENTED_EDGE('',*,*,#8582,.T.);
#8594=ORIENTED_EDGE('',*,*,#8170,.T.);
#8595=ORIENTED_EDGE('',*,*,#8485,.T.);
#8596=EDGE_LOOP('',(#8592,#8593,#8594,#8595));
#8597=FACE_OUTER_BOUND('',#8596,.F.);
#8599=CARTESIAN_POINT('',(-4.375E0,4.25E0,-7.75E-1));
#8600=DIRECTION('',(-1.E0,0.E0,0.E0));
#8601=DIRECTION('',(0.E0,0.E0,1.E0));
#8602=AXIS2_PLACEMENT_3D('',#8599,#8600,#8601);
#8603=PLANE('',#8602);
#8604=ORIENTED_EDGE('',*,*,#7966,.F.);
#8606=ORIENTED_EDGE('',*,*,#8605,.T.);
#8607=ORIENTED_EDGE('',*,*,#8178,.T.);
#8608=ORIENTED_EDGE('',*,*,#8471,.F.);
#8609=EDGE_LOOP('',(#8604,#8606,#8607,#8608));
#8610=FACE_OUTER_BOUND('',#8609,.F.);
#8612=CARTESIAN_POINT('',(-3.875E0,4.25E0,-7.75E-1));
#8613=DIRECTION('',(0.E0,0.E0,-1.E0));
#8614=DIRECTION('',(-1.E0,0.E0,0.E0));
#8615=AXIS2_PLACEMENT_3D('',#8612,#8613,#8614);
#8616=PLANE('',#8615);
#8617=ORIENTED_EDGE('',*,*,#7964,.F.);
#8619=ORIENTED_EDGE('',*,*,#8618,.T.);
#8620=ORIENTED_EDGE('',*,*,#8180,.T.);
#8621=ORIENTED_EDGE('',*,*,#8605,.F.);
#8622=EDGE_LOOP('',(#8617,#8619,#8620,#8621));
#8623=FACE_OUTER_BOUND('',#8622,.F.);
#8625=CARTESIAN_POINT('',(-3.875E0,4.25E0,2.5E-2));
#8626=DIRECTION('',(1.E0,0.E0,0.E0));
#8627=DIRECTION('',(0.E0,0.E0,-1.E0));
#8628=AXIS2_PLACEMENT_3D('',#8625,#8626,#8627);
#8629=PLANE('',#8628);
#8630=ORIENTED_EDGE('',*,*,#7962,.F.);
#8632=ORIENTED_EDGE('',*,*,#8631,.T.);
#8633=ORIENTED_EDGE('',*,*,#8182,.T.);
#8634=ORIENTED_EDGE('',*,*,#8618,.F.);
#8635=EDGE_LOOP('',(#8630,#8632,#8633,#8634));
#8636=FACE_OUTER_BOUND('',#8635,.F.);
#8638=CARTESIAN_POINT('',(3.875E0,4.25E0,2.5E-2));
#8639=DIRECTION('',(0.E0,0.E0,-1.E0));
#8640=DIRECTION('',(-1.E0,0.E0,0.E0));
#8641=AXIS2_PLACEMENT_3D('',#8638,#8639,#8640);
#8642=PLANE('',#8641);
#8644=ORIENTED_EDGE('',*,*,#8643,.F.);
#8645=ORIENTED_EDGE('',*,*,#8192,.T.);
#8647=ORIENTED_EDGE('',*,*,#8646,.T.);
#8648=ORIENTED_EDGE('',*,*,#7952,.F.);
#8649=EDGE_LOOP('',(#8644,#8645,#8647,#8648));
#8650=FACE_OUTER_BOUND('',#8649,.F.);
#8652=CARTESIAN_POINT('',(3.875E0,4.25E0,2.5E-2));
#8653=DIRECTION('',(0.E0,0.E0,-1.E0));
#8654=DIRECTION('',(-1.E0,0.E0,0.E0));
#8655=AXIS2_PLACEMENT_3D('',#8652,#8653,#8654);
#8656=PLANE('',#8655);
#8658=ORIENTED_EDGE('',*,*,#8657,.F.);
#8659=ORIENTED_EDGE('',*,*,#8184,.T.);
#8660=ORIENTED_EDGE('',*,*,#8631,.F.);
#8661=ORIENTED_EDGE('',*,*,#7960,.F.);
#8662=EDGE_LOOP('',(#8658,#8659,#8660,#8661));
#8663=FACE_OUTER_BOUND('',#8662,.F.);
#8665=CARTESIAN_POINT('',(3.875E0,4.25E0,2.5E-2));
#8666=DIRECTION('',(0.E0,0.E0,-1.E0));
#8667=DIRECTION('',(-1.E0,0.E0,0.E0));
#8668=AXIS2_PLACEMENT_3D('',#8665,#8666,#8667);
#8669=PLANE('',#8668);
#8671=ORIENTED_EDGE('',*,*,#8670,.F.);
#8672=ORIENTED_EDGE('',*,*,#8208,.T.);
#8674=ORIENTED_EDGE('',*,*,#8673,.T.);
#8675=ORIENTED_EDGE('',*,*,#7936,.F.);
#8676=EDGE_LOOP('',(#8671,#8672,#8674,#8675));
#8677=FACE_OUTER_BOUND('',#8676,.F.);
#8679=CARTESIAN_POINT('',(3.875E0,4.25E0,2.5E-2));
#8680=DIRECTION('',(0.E0,0.E0,-1.E0));
#8681=DIRECTION('',(-1.E0,0.E0,0.E0));
#8682=AXIS2_PLACEMENT_3D('',#8679,#8680,#8681);
#8683=PLANE('',#8682);
#8685=ORIENTED_EDGE('',*,*,#8684,.F.);
#8686=ORIENTED_EDGE('',*,*,#8200,.T.);
#8688=ORIENTED_EDGE('',*,*,#8687,.T.);
#8689=ORIENTED_EDGE('',*,*,#7944,.F.);
#8690=EDGE_LOOP('',(#8685,#8686,#8688,#8689));
#8691=FACE_OUTER_BOUND('',#8690,.F.);
#8693=CARTESIAN_POINT('',(3.875E0,4.25E0,2.5E-2));
#8694=DIRECTION('',(0.E0,0.E0,-1.E0));
#8695=DIRECTION('',(-1.E0,0.E0,0.E0));
#8696=AXIS2_PLACEMENT_3D('',#8693,#8694,#8695);
#8697=PLANE('',#8696);
#8699=ORIENTED_EDGE('',*,*,#8698,.F.);
#8700=ORIENTED_EDGE('',*,*,#8224,.T.);
#8702=ORIENTED_EDGE('',*,*,#8701,.T.);
#8703=ORIENTED_EDGE('',*,*,#7920,.F.);
#8704=EDGE_LOOP('',(#8699,#8700,#8702,#8703));
#8705=FACE_OUTER_BOUND('',#8704,.F.);
#8707=CARTESIAN_POINT('',(3.875E0,4.25E0,2.5E-2));
#8708=DIRECTION('',(0.E0,0.E0,-1.E0));
#8709=DIRECTION('',(-1.E0,0.E0,0.E0));
#8710=AXIS2_PLACEMENT_3D('',#8707,#8708,#8709);
#8711=PLANE('',#8710);
#8713=ORIENTED_EDGE('',*,*,#8712,.F.);
#8714=ORIENTED_EDGE('',*,*,#8216,.T.);
#8716=ORIENTED_EDGE('',*,*,#8715,.T.);
#8717=ORIENTED_EDGE('',*,*,#7928,.F.);
#8718=EDGE_LOOP('',(#8713,#8714,#8716,#8717));
#8719=FACE_OUTER_BOUND('',#8718,.F.);
#8721=CARTESIAN_POINT('',(3.875E0,4.25E0,2.5E-2));
#8722=DIRECTION('',(0.E0,0.E0,-1.E0));
#8723=DIRECTION('',(-1.E0,0.E0,0.E0));
#8724=AXIS2_PLACEMENT_3D('',#8721,#8722,#8723);
#8725=PLANE('',#8724);
#8727=ORIENTED_EDGE('',*,*,#8726,.F.);
#8728=ORIENTED_EDGE('',*,*,#8240,.T.);
#8730=ORIENTED_EDGE('',*,*,#8729,.T.);
#8731=ORIENTED_EDGE('',*,*,#7904,.F.);
#8732=EDGE_LOOP('',(#8727,#8728,#8730,#8731));
#8733=FACE_OUTER_BOUND('',#8732,.F.);
#8735=CARTESIAN_POINT('',(3.875E0,4.25E0,2.5E-2));
#8736=DIRECTION('',(0.E0,0.E0,-1.E0));
#8737=DIRECTION('',(-1.E0,0.E0,0.E0));
#8738=AXIS2_PLACEMENT_3D('',#8735,#8736,#8737);
#8739=PLANE('',#8738);
#8741=ORIENTED_EDGE('',*,*,#8740,.F.);
#8742=ORIENTED_EDGE('',*,*,#8232,.T.);
#8744=ORIENTED_EDGE('',*,*,#8743,.T.);
#8745=ORIENTED_EDGE('',*,*,#7912,.F.);
#8746=EDGE_LOOP('',(#8741,#8742,#8744,#8745));
#8747=FACE_OUTER_BOUND('',#8746,.F.);
#8749=CARTESIAN_POINT('',(3.875E0,4.25E0,2.5E-2));
#8750=DIRECTION('',(0.E0,0.E0,-1.E0));
#8751=DIRECTION('',(-1.E0,0.E0,0.E0));
#8752=AXIS2_PLACEMENT_3D('',#8749,#8750,#8751);
#8753=PLANE('',#8752);
#8755=ORIENTED_EDGE('',*,*,#8754,.F.);
#8756=ORIENTED_EDGE('',*,*,#8256,.T.);
#8758=ORIENTED_EDGE('',*,*,#8757,.T.);
#8759=ORIENTED_EDGE('',*,*,#7888,.F.);
#8760=EDGE_LOOP('',(#8755,#8756,#8758,#8759));
#8761=FACE_OUTER_BOUND('',#8760,.F.);
#8763=CARTESIAN_POINT('',(3.875E0,4.25E0,2.5E-2));
#8764=DIRECTION('',(0.E0,0.E0,-1.E0));
#8765=DIRECTION('',(-1.E0,0.E0,0.E0));
#8766=AXIS2_PLACEMENT_3D('',#8763,#8764,#8765);
#8767=PLANE('',#8766);
#8769=ORIENTED_EDGE('',*,*,#8768,.F.);
#8770=ORIENTED_EDGE('',*,*,#8248,.T.);
#8772=ORIENTED_EDGE('',*,*,#8771,.T.);
#8773=ORIENTED_EDGE('',*,*,#7896,.F.);
#8774=EDGE_LOOP('',(#8769,#8770,#8772,#8773));
#8775=FACE_OUTER_BOUND('',#8774,.F.);
#8777=CARTESIAN_POINT('',(3.875E0,4.25E0,2.5E-2));
#8778=DIRECTION('',(0.E0,0.E0,-1.E0));
#8779=DIRECTION('',(-1.E0,0.E0,0.E0));
#8780=AXIS2_PLACEMENT_3D('',#8777,#8778,#8779);
#8781=PLANE('',#8780);
#8783=ORIENTED_EDGE('',*,*,#8782,.F.);
#8784=ORIENTED_EDGE('',*,*,#8272,.T.);
#8786=ORIENTED_EDGE('',*,*,#8785,.T.);
#8787=ORIENTED_EDGE('',*,*,#8032,.F.);
#8788=EDGE_LOOP('',(#8783,#8784,#8786,#8787));
#8789=FACE_OUTER_BOUND('',#8788,.F.);
#8791=CARTESIAN_POINT('',(3.875E0,4.25E0,2.5E-2));
#8792=DIRECTION('',(0.E0,0.E0,-1.E0));
#8793=DIRECTION('',(-1.E0,0.E0,0.E0));
#8794=AXIS2_PLACEMENT_3D('',#8791,#8792,#8793);
#8795=PLANE('',#8794);
#8797=ORIENTED_EDGE('',*,*,#8796,.T.);
#8798=ORIENTED_EDGE('',*,*,#8024,.F.);
#8800=ORIENTED_EDGE('',*,*,#8799,.T.);
#8801=ORIENTED_EDGE('',*,*,#8280,.T.);
#8802=EDGE_LOOP('',(#8797,#8798,#8800,#8801));
#8803=FACE_OUTER_BOUND('',#8802,.F.);
#8805=CARTESIAN_POINT('',(3.875E0,4.25E0,2.5E-2));
#8806=DIRECTION('',(0.E0,0.E0,-1.E0));
#8807=DIRECTION('',(-1.E0,0.E0,0.E0));
#8808=AXIS2_PLACEMENT_3D('',#8805,#8806,#8807);
#8809=PLANE('',#8808);
#8811=ORIENTED_EDGE('',*,*,#8810,.F.);
#8812=ORIENTED_EDGE('',*,*,#8264,.T.);
#8814=ORIENTED_EDGE('',*,*,#8813,.T.);
#8815=ORIENTED_EDGE('',*,*,#7880,.F.);
#8816=EDGE_LOOP('',(#8811,#8812,#8814,#8815));
#8817=FACE_OUTER_BOUND('',#8816,.F.);
#8819=CARTESIAN_POINT('',(-2.975E0,4.25E0,2.5E-2));
#8820=DIRECTION('',(-1.E0,0.E0,0.E0));
#8821=DIRECTION('',(0.E0,0.E0,1.E0));
#8822=AXIS2_PLACEMENT_3D('',#8819,#8820,#8821);
#8823=PLANE('',#8822);
#8825=ORIENTED_EDGE('',*,*,#8824,.F.);
#8827=ORIENTED_EDGE('',*,*,#8826,.T.);
#8828=ORIENTED_EDGE('',*,*,#8194,.F.);
#8829=ORIENTED_EDGE('',*,*,#8643,.T.);
#8830=ORIENTED_EDGE('',*,*,#7950,.T.);
#8831=EDGE_LOOP('',(#8825,#8827,#8828,#8829,#8830));
#8832=FACE_OUTER_BOUND('',#8831,.F.);
#8834=CARTESIAN_POINT('',(-2.875E0,4.1E0,2.75E-1));
#8835=DIRECTION('',(0.E0,7.071067811865E-1,7.071067811865E-1));
#8836=DIRECTION('',(0.E0,-7.071067811865E-1,7.071067811865E-1));
#8837=AXIS2_PLACEMENT_3D('',#8834,#8835,#8836);
#8838=PLANE('',#8837);
#8840=ORIENTED_EDGE('',*,*,#8839,.T.);
#8842=ORIENTED_EDGE('',*,*,#8841,.F.);
#8843=ORIENTED_EDGE('',*,*,#8824,.T.);
#8844=ORIENTED_EDGE('',*,*,#7948,.T.);
#8845=EDGE_LOOP('',(#8840,#8842,#8843,#8844));
#8846=FACE_OUTER_BOUND('',#8845,.F.);
#8848=CARTESIAN_POINT('',(-2.775E0,4.25E0,4.25E-1));
#8849=DIRECTION('',(1.E0,0.E0,0.E0));
#8850=DIRECTION('',(0.E0,0.E0,-1.E0));
#8851=AXIS2_PLACEMENT_3D('',#8848,#8849,#8850);
#8852=PLANE('',#8851);
#8853=ORIENTED_EDGE('',*,*,#8839,.F.);
#8854=ORIENTED_EDGE('',*,*,#7946,.T.);
#8855=ORIENTED_EDGE('',*,*,#8687,.F.);
#8856=ORIENTED_EDGE('',*,*,#8198,.F.);
#8858=ORIENTED_EDGE('',*,*,#8857,.F.);
#8859=EDGE_LOOP('',(#8853,#8854,#8855,#8856,#8858));
#8860=FACE_OUTER_BOUND('',#8859,.F.);
#8862=CARTESIAN_POINT('',(-2.975E0,4.25E0,4.25E-1));
#8863=DIRECTION('',(0.E0,0.E0,1.E0));
#8864=DIRECTION('',(1.E0,0.E0,0.E0));
#8865=AXIS2_PLACEMENT_3D('',#8862,#8863,#8864);
#8866=PLANE('',#8865);
#8867=ORIENTED_EDGE('',*,*,#8841,.T.);
#8868=ORIENTED_EDGE('',*,*,#8857,.T.);
#8869=ORIENTED_EDGE('',*,*,#8196,.F.);
#8870=ORIENTED_EDGE('',*,*,#8826,.F.);
#8871=EDGE_LOOP('',(#8867,#8868,#8869,#8870));
#8872=FACE_OUTER_BOUND('',#8871,.F.);
#8874=CARTESIAN_POINT('',(-3.275E0,4.25E0,4.25E-1));
#8875=DIRECTION('',(1.E0,0.E0,0.E0));
#8876=DIRECTION('',(0.E0,0.E0,-1.E0));
#8877=AXIS2_PLACEMENT_3D('',#8874,#8875,#8876);
#8878=PLANE('',#8877);
#8880=ORIENTED_EDGE('',*,*,#8879,.F.);
#8881=ORIENTED_EDGE('',*,*,#7954,.T.);
#8882=ORIENTED_EDGE('',*,*,#8646,.F.);
#8883=ORIENTED_EDGE('',*,*,#8190,.F.);
#8885=ORIENTED_EDGE('',*,*,#8884,.F.);
#8886=EDGE_LOOP('',(#8880,#8881,#8882,#8883,#8885));
#8887=FACE_OUTER_BOUND('',#8886,.F.);
#8889=CARTESIAN_POINT('',(-3.375E0,4.1E0,2.75E-1));
#8890=DIRECTION('',(0.E0,7.071067811865E-1,7.071067811865E-1));
#8891=DIRECTION('',(0.E0,-7.071067811865E-1,7.071067811865E-1));
#8892=AXIS2_PLACEMENT_3D('',#8889,#8890,#8891);
#8893=PLANE('',#8892);
#8894=ORIENTED_EDGE('',*,*,#8879,.T.);
#8896=ORIENTED_EDGE('',*,*,#8895,.F.);
#8898=ORIENTED_EDGE('',*,*,#8897,.T.);
#8899=ORIENTED_EDGE('',*,*,#7956,.T.);
#8900=EDGE_LOOP('',(#8894,#8896,#8898,#8899));
#8901=FACE_OUTER_BOUND('',#8900,.F.);
#8903=CARTESIAN_POINT('',(-3.475E0,4.25E0,4.25E-1));
#8904=DIRECTION('',(0.E0,0.E0,1.E0));
#8905=DIRECTION('',(1.E0,0.E0,0.E0));
#8906=AXIS2_PLACEMENT_3D('',#8903,#8904,#8905);
#8907=PLANE('',#8906);
#8908=ORIENTED_EDGE('',*,*,#8895,.T.);
#8909=ORIENTED_EDGE('',*,*,#8884,.T.);
#8910=ORIENTED_EDGE('',*,*,#8188,.F.);
#8912=ORIENTED_EDGE('',*,*,#8911,.F.);
#8913=EDGE_LOOP('',(#8908,#8909,#8910,#8912));
#8914=FACE_OUTER_BOUND('',#8913,.F.);
#8916=CARTESIAN_POINT('',(-3.475E0,4.25E0,2.5E-2));
#8917=DIRECTION('',(-1.E0,0.E0,0.E0));
#8918=DIRECTION('',(0.E0,0.E0,1.E0));
#8919=AXIS2_PLACEMENT_3D('',#8916,#8917,#8918);
#8920=PLANE('',#8919);
#8921=ORIENTED_EDGE('',*,*,#8897,.F.);
#8922=ORIENTED_EDGE('',*,*,#8911,.T.);
#8923=ORIENTED_EDGE('',*,*,#8186,.F.);
#8924=ORIENTED_EDGE('',*,*,#8657,.T.);
#8925=ORIENTED_EDGE('',*,*,#7958,.T.);
#8926=EDGE_LOOP('',(#8921,#8922,#8923,#8924,#8925));
#8927=FACE_OUTER_BOUND('',#8926,.F.);
#8929=CARTESIAN_POINT('',(-1.725E0,4.25E0,2.5E-2));
#8930=DIRECTION('',(-1.E0,0.E0,0.E0));
#8931=DIRECTION('',(0.E0,0.E0,1.E0));
#8932=AXIS2_PLACEMENT_3D('',#8929,#8930,#8931);
#8933=PLANE('',#8932);
#8935=ORIENTED_EDGE('',*,*,#8934,.F.);
#8937=ORIENTED_EDGE('',*,*,#8936,.T.);
#8938=ORIENTED_EDGE('',*,*,#8210,.F.);
#8939=ORIENTED_EDGE('',*,*,#8670,.T.);
#8940=ORIENTED_EDGE('',*,*,#7934,.T.);
#8941=EDGE_LOOP('',(#8935,#8937,#8938,#8939,#8940));
#8942=FACE_OUTER_BOUND('',#8941,.F.);
#8944=CARTESIAN_POINT('',(-1.625E0,4.1E0,2.75E-1));
#8945=DIRECTION('',(0.E0,7.071067811865E-1,7.071067811865E-1));
#8946=DIRECTION('',(0.E0,-7.071067811865E-1,7.071067811865E-1));
#8947=AXIS2_PLACEMENT_3D('',#8944,#8945,#8946);
#8948=PLANE('',#8947);
#8950=ORIENTED_EDGE('',*,*,#8949,.T.);
#8952=ORIENTED_EDGE('',*,*,#8951,.F.);
#8953=ORIENTED_EDGE('',*,*,#8934,.T.);
#8954=ORIENTED_EDGE('',*,*,#7932,.T.);
#8955=EDGE_LOOP('',(#8950,#8952,#8953,#8954));
#8956=FACE_OUTER_BOUND('',#8955,.F.);
#8958=CARTESIAN_POINT('',(-1.525E0,4.25E0,4.25E-1));
#8959=DIRECTION('',(1.E0,0.E0,0.E0));
#8960=DIRECTION('',(0.E0,0.E0,-1.E0));
#8961=AXIS2_PLACEMENT_3D('',#8958,#8959,#8960);
#8962=PLANE('',#8961);
#8963=ORIENTED_EDGE('',*,*,#8949,.F.);
#8964=ORIENTED_EDGE('',*,*,#7930,.T.);
#8965=ORIENTED_EDGE('',*,*,#8715,.F.);
#8966=ORIENTED_EDGE('',*,*,#8214,.F.);
#8968=ORIENTED_EDGE('',*,*,#8967,.F.);
#8969=EDGE_LOOP('',(#8963,#8964,#8965,#8966,#8968));
#8970=FACE_OUTER_BOUND('',#8969,.F.);
#8972=CARTESIAN_POINT('',(-1.725E0,4.25E0,4.25E-1));
#8973=DIRECTION('',(0.E0,0.E0,1.E0));
#8974=DIRECTION('',(1.E0,0.E0,0.E0));
#8975=AXIS2_PLACEMENT_3D('',#8972,#8973,#8974);
#8976=PLANE('',#8975);
#8977=ORIENTED_EDGE('',*,*,#8951,.T.);
#8978=ORIENTED_EDGE('',*,*,#8967,.T.);
#8979=ORIENTED_EDGE('',*,*,#8212,.F.);
#8980=ORIENTED_EDGE('',*,*,#8936,.F.);
#8981=EDGE_LOOP('',(#8977,#8978,#8979,#8980));
#8982=FACE_OUTER_BOUND('',#8981,.F.);
#8984=CARTESIAN_POINT('',(-2.025E0,4.25E0,4.25E-1));
#8985=DIRECTION('',(1.E0,0.E0,0.E0));
#8986=DIRECTION('',(0.E0,0.E0,-1.E0));
#8987=AXIS2_PLACEMENT_3D('',#8984,#8985,#8986);
#8988=PLANE('',#8987);
#8990=ORIENTED_EDGE('',*,*,#8989,.F.);
#8991=ORIENTED_EDGE('',*,*,#7938,.T.);
#8992=ORIENTED_EDGE('',*,*,#8673,.F.);
#8993=ORIENTED_EDGE('',*,*,#8206,.F.);
#8995=ORIENTED_EDGE('',*,*,#8994,.F.);
#8996=EDGE_LOOP('',(#8990,#8991,#8992,#8993,#8995));
#8997=FACE_OUTER_BOUND('',#8996,.F.);
#8999=CARTESIAN_POINT('',(-2.125E0,4.1E0,2.75E-1));
#9000=DIRECTION('',(0.E0,7.071067811865E-1,7.071067811865E-1));
#9001=DIRECTION('',(0.E0,-7.071067811865E-1,7.071067811865E-1));
#9002=AXIS2_PLACEMENT_3D('',#8999,#9000,#9001);
#9003=PLANE('',#9002);
#9004=ORIENTED_EDGE('',*,*,#8989,.T.);
#9006=ORIENTED_EDGE('',*,*,#9005,.F.);
#9008=ORIENTED_EDGE('',*,*,#9007,.T.);
#9009=ORIENTED_EDGE('',*,*,#7940,.T.);
#9010=EDGE_LOOP('',(#9004,#9006,#9008,#9009));
#9011=FACE_OUTER_BOUND('',#9010,.F.);
#9013=CARTESIAN_POINT('',(-2.225E0,4.25E0,4.25E-1));
#9014=DIRECTION('',(0.E0,0.E0,1.E0));
#9015=DIRECTION('',(1.E0,0.E0,0.E0));
#9016=AXIS2_PLACEMENT_3D('',#9013,#9014,#9015);
#9017=PLANE('',#9016);
#9018=ORIENTED_EDGE('',*,*,#9005,.T.);
#9019=ORIENTED_EDGE('',*,*,#8994,.T.);
#9020=ORIENTED_EDGE('',*,*,#8204,.F.);
#9022=ORIENTED_EDGE('',*,*,#9021,.F.);
#9023=EDGE_LOOP('',(#9018,#9019,#9020,#9022));
#9024=FACE_OUTER_BOUND('',#9023,.F.);
#9026=CARTESIAN_POINT('',(-2.225E0,4.25E0,2.5E-2));
#9027=DIRECTION('',(-1.E0,0.E0,0.E0));
#9028=DIRECTION('',(0.E0,0.E0,1.E0));
#9029=AXIS2_PLACEMENT_3D('',#9026,#9027,#9028);
#9030=PLANE('',#9029);
#9031=ORIENTED_EDGE('',*,*,#9007,.F.);
#9032=ORIENTED_EDGE('',*,*,#9021,.T.);
#9033=ORIENTED_EDGE('',*,*,#8202,.F.);
#9034=ORIENTED_EDGE('',*,*,#8684,.T.);
#9035=ORIENTED_EDGE('',*,*,#7942,.T.);
#9036=EDGE_LOOP('',(#9031,#9032,#9033,#9034,#9035));
#9037=FACE_OUTER_BOUND('',#9036,.F.);
#9039=CARTESIAN_POINT('',(-4.75E-1,4.25E0,2.5E-2));
#9040=DIRECTION('',(-1.E0,0.E0,0.E0));
#9041=DIRECTION('',(0.E0,0.E0,1.E0));
#9042=AXIS2_PLACEMENT_3D('',#9039,#9040,#9041);
#9043=PLANE('',#9042);
#9045=ORIENTED_EDGE('',*,*,#9044,.F.);
#9047=ORIENTED_EDGE('',*,*,#9046,.T.);
#9048=ORIENTED_EDGE('',*,*,#8226,.F.);
#9049=ORIENTED_EDGE('',*,*,#8698,.T.);
#9050=ORIENTED_EDGE('',*,*,#7918,.T.);
#9051=EDGE_LOOP('',(#9045,#9047,#9048,#9049,#9050));
#9052=FACE_OUTER_BOUND('',#9051,.F.);
#9054=CARTESIAN_POINT('',(-3.75E-1,4.1E0,2.75E-1));
#9055=DIRECTION('',(0.E0,7.071067811865E-1,7.071067811865E-1));
#9056=DIRECTION('',(0.E0,-7.071067811865E-1,7.071067811865E-1));
#9057=AXIS2_PLACEMENT_3D('',#9054,#9055,#9056);
#9058=PLANE('',#9057);
#9060=ORIENTED_EDGE('',*,*,#9059,.T.);
#9062=ORIENTED_EDGE('',*,*,#9061,.F.);
#9063=ORIENTED_EDGE('',*,*,#9044,.T.);
#9064=ORIENTED_EDGE('',*,*,#7916,.T.);
#9065=EDGE_LOOP('',(#9060,#9062,#9063,#9064));
#9066=FACE_OUTER_BOUND('',#9065,.F.);
#9068=CARTESIAN_POINT('',(-2.75E-1,4.25E0,4.25E-1));
#9069=DIRECTION('',(1.E0,0.E0,0.E0));
#9070=DIRECTION('',(0.E0,0.E0,-1.E0));
#9071=AXIS2_PLACEMENT_3D('',#9068,#9069,#9070);
#9072=PLANE('',#9071);
#9073=ORIENTED_EDGE('',*,*,#9059,.F.);
#9074=ORIENTED_EDGE('',*,*,#7914,.T.);
#9075=ORIENTED_EDGE('',*,*,#8743,.F.);
#9076=ORIENTED_EDGE('',*,*,#8230,.F.);
#9078=ORIENTED_EDGE('',*,*,#9077,.F.);
#9079=EDGE_LOOP('',(#9073,#9074,#9075,#9076,#9078));
#9080=FACE_OUTER_BOUND('',#9079,.F.);
#9082=CARTESIAN_POINT('',(-4.75E-1,4.25E0,4.25E-1));
#9083=DIRECTION('',(0.E0,0.E0,1.E0));
#9084=DIRECTION('',(1.E0,0.E0,0.E0));
#9085=AXIS2_PLACEMENT_3D('',#9082,#9083,#9084);
#9086=PLANE('',#9085);
#9087=ORIENTED_EDGE('',*,*,#9061,.T.);
#9088=ORIENTED_EDGE('',*,*,#9077,.T.);
#9089=ORIENTED_EDGE('',*,*,#8228,.F.);
#9090=ORIENTED_EDGE('',*,*,#9046,.F.);
#9091=EDGE_LOOP('',(#9087,#9088,#9089,#9090));
#9092=FACE_OUTER_BOUND('',#9091,.F.);
#9094=CARTESIAN_POINT('',(-7.75E-1,4.25E0,4.25E-1));
#9095=DIRECTION('',(1.E0,0.E0,0.E0));
#9096=DIRECTION('',(0.E0,0.E0,-1.E0));
#9097=AXIS2_PLACEMENT_3D('',#9094,#9095,#9096);
#9098=PLANE('',#9097);
#9100=ORIENTED_EDGE('',*,*,#9099,.F.);
#9101=ORIENTED_EDGE('',*,*,#7922,.T.);
#9102=ORIENTED_EDGE('',*,*,#8701,.F.);
#9103=ORIENTED_EDGE('',*,*,#8222,.F.);
#9105=ORIENTED_EDGE('',*,*,#9104,.F.);
#9106=EDGE_LOOP('',(#9100,#9101,#9102,#9103,#9105));
#9107=FACE_OUTER_BOUND('',#9106,.F.);
#9109=CARTESIAN_POINT('',(-8.75E-1,4.1E0,2.75E-1));
#9110=DIRECTION('',(0.E0,7.071067811865E-1,7.071067811865E-1));
#9111=DIRECTION('',(0.E0,-7.071067811865E-1,7.071067811865E-1));
#9112=AXIS2_PLACEMENT_3D('',#9109,#9110,#9111);
#9113=PLANE('',#9112);
#9114=ORIENTED_EDGE('',*,*,#9099,.T.);
#9116=ORIENTED_EDGE('',*,*,#9115,.F.);
#9118=ORIENTED_EDGE('',*,*,#9117,.T.);
#9119=ORIENTED_EDGE('',*,*,#7924,.T.);
#9120=EDGE_LOOP('',(#9114,#9116,#9118,#9119));
#9121=FACE_OUTER_BOUND('',#9120,.F.);
#9123=CARTESIAN_POINT('',(-9.75E-1,4.25E0,4.25E-1));
#9124=DIRECTION('',(0.E0,0.E0,1.E0));
#9125=DIRECTION('',(1.E0,0.E0,0.E0));
#9126=AXIS2_PLACEMENT_3D('',#9123,#9124,#9125);
#9127=PLANE('',#9126);
#9128=ORIENTED_EDGE('',*,*,#9115,.T.);
#9129=ORIENTED_EDGE('',*,*,#9104,.T.);
#9130=ORIENTED_EDGE('',*,*,#8220,.F.);
#9132=ORIENTED_EDGE('',*,*,#9131,.F.);
#9133=EDGE_LOOP('',(#9128,#9129,#9130,#9132));
#9134=FACE_OUTER_BOUND('',#9133,.F.);
#9136=CARTESIAN_POINT('',(-9.75E-1,4.25E0,2.5E-2));
#9137=DIRECTION('',(-1.E0,0.E0,0.E0));
#9138=DIRECTION('',(0.E0,0.E0,1.E0));
#9139=AXIS2_PLACEMENT_3D('',#9136,#9137,#9138);
#9140=PLANE('',#9139);
#9141=ORIENTED_EDGE('',*,*,#9117,.F.);
#9142=ORIENTED_EDGE('',*,*,#9131,.T.);
#9143=ORIENTED_EDGE('',*,*,#8218,.F.);
#9144=ORIENTED_EDGE('',*,*,#8712,.T.);
#9145=ORIENTED_EDGE('',*,*,#7926,.T.);
#9146=EDGE_LOOP('',(#9141,#9142,#9143,#9144,#9145));
#9147=FACE_OUTER_BOUND('',#9146,.F.);
#9149=CARTESIAN_POINT('',(7.75E-1,4.25E0,2.5E-2));
#9150=DIRECTION('',(-1.E0,0.E0,0.E0));
#9151=DIRECTION('',(0.E0,0.E0,1.E0));
#9152=AXIS2_PLACEMENT_3D('',#9149,#9150,#9151);
#9153=PLANE('',#9152);
#9155=ORIENTED_EDGE('',*,*,#9154,.F.);
#9157=ORIENTED_EDGE('',*,*,#9156,.T.);
#9158=ORIENTED_EDGE('',*,*,#8242,.F.);
#9159=ORIENTED_EDGE('',*,*,#8726,.T.);
#9160=ORIENTED_EDGE('',*,*,#7902,.T.);
#9161=EDGE_LOOP('',(#9155,#9157,#9158,#9159,#9160));
#9162=FACE_OUTER_BOUND('',#9161,.F.);
#9164=CARTESIAN_POINT('',(8.75E-1,4.1E0,2.75E-1));
#9165=DIRECTION('',(0.E0,7.071067811865E-1,7.071067811865E-1));
#9166=DIRECTION('',(0.E0,-7.071067811865E-1,7.071067811865E-1));
#9167=AXIS2_PLACEMENT_3D('',#9164,#9165,#9166);
#9168=PLANE('',#9167);
#9170=ORIENTED_EDGE('',*,*,#9169,.T.);
#9172=ORIENTED_EDGE('',*,*,#9171,.F.);
#9173=ORIENTED_EDGE('',*,*,#9154,.T.);
#9174=ORIENTED_EDGE('',*,*,#7900,.T.);
#9175=EDGE_LOOP('',(#9170,#9172,#9173,#9174));
#9176=FACE_OUTER_BOUND('',#9175,.F.);
#9178=CARTESIAN_POINT('',(9.75E-1,4.25E0,4.25E-1));
#9179=DIRECTION('',(1.E0,0.E0,0.E0));
#9180=DIRECTION('',(0.E0,0.E0,-1.E0));
#9181=AXIS2_PLACEMENT_3D('',#9178,#9179,#9180);
#9182=PLANE('',#9181);
#9183=ORIENTED_EDGE('',*,*,#9169,.F.);
#9184=ORIENTED_EDGE('',*,*,#7898,.T.);
#9185=ORIENTED_EDGE('',*,*,#8771,.F.);
#9186=ORIENTED_EDGE('',*,*,#8246,.F.);
#9188=ORIENTED_EDGE('',*,*,#9187,.F.);
#9189=EDGE_LOOP('',(#9183,#9184,#9185,#9186,#9188));
#9190=FACE_OUTER_BOUND('',#9189,.F.);
#9192=CARTESIAN_POINT('',(7.75E-1,4.25E0,4.25E-1));
#9193=DIRECTION('',(0.E0,0.E0,1.E0));
#9194=DIRECTION('',(1.E0,0.E0,0.E0));
#9195=AXIS2_PLACEMENT_3D('',#9192,#9193,#9194);
#9196=PLANE('',#9195);
#9197=ORIENTED_EDGE('',*,*,#9171,.T.);
#9198=ORIENTED_EDGE('',*,*,#9187,.T.);
#9199=ORIENTED_EDGE('',*,*,#8244,.F.);
#9200=ORIENTED_EDGE('',*,*,#9156,.F.);
#9201=EDGE_LOOP('',(#9197,#9198,#9199,#9200));
#9202=FACE_OUTER_BOUND('',#9201,.F.);
#9204=CARTESIAN_POINT('',(4.75E-1,4.25E0,4.25E-1));
#9205=DIRECTION('',(1.E0,0.E0,0.E0));
#9206=DIRECTION('',(0.E0,0.E0,-1.E0));
#9207=AXIS2_PLACEMENT_3D('',#9204,#9205,#9206);
#9208=PLANE('',#9207);
#9210=ORIENTED_EDGE('',*,*,#9209,.F.);
#9211=ORIENTED_EDGE('',*,*,#7906,.T.);
#9212=ORIENTED_EDGE('',*,*,#8729,.F.);
#9213=ORIENTED_EDGE('',*,*,#8238,.F.);
#9215=ORIENTED_EDGE('',*,*,#9214,.F.);
#9216=EDGE_LOOP('',(#9210,#9211,#9212,#9213,#9215));
#9217=FACE_OUTER_BOUND('',#9216,.F.);
#9219=CARTESIAN_POINT('',(3.75E-1,4.1E0,2.75E-1));
#9220=DIRECTION('',(0.E0,7.071067811865E-1,7.071067811865E-1));
#9221=DIRECTION('',(0.E0,-7.071067811865E-1,7.071067811865E-1));
#9222=AXIS2_PLACEMENT_3D('',#9219,#9220,#9221);
#9223=PLANE('',#9222);
#9224=ORIENTED_EDGE('',*,*,#9209,.T.);
#9226=ORIENTED_EDGE('',*,*,#9225,.F.);
#9228=ORIENTED_EDGE('',*,*,#9227,.T.);
#9229=ORIENTED_EDGE('',*,*,#7908,.T.);
#9230=EDGE_LOOP('',(#9224,#9226,#9228,#9229));
#9231=FACE_OUTER_BOUND('',#9230,.F.);
#9233=CARTESIAN_POINT('',(2.75E-1,4.25E0,4.25E-1));
#9234=DIRECTION('',(0.E0,0.E0,1.E0));
#9235=DIRECTION('',(1.E0,0.E0,0.E0));
#9236=AXIS2_PLACEMENT_3D('',#9233,#9234,#9235);
#9237=PLANE('',#9236);
#9238=ORIENTED_EDGE('',*,*,#9225,.T.);
#9239=ORIENTED_EDGE('',*,*,#9214,.T.);
#9240=ORIENTED_EDGE('',*,*,#8236,.F.);
#9242=ORIENTED_EDGE('',*,*,#9241,.F.);
#9243=EDGE_LOOP('',(#9238,#9239,#9240,#9242));
#9244=FACE_OUTER_BOUND('',#9243,.F.);
#9246=CARTESIAN_POINT('',(2.75E-1,4.25E0,2.5E-2));
#9247=DIRECTION('',(-1.E0,0.E0,0.E0));
#9248=DIRECTION('',(0.E0,0.E0,1.E0));
#9249=AXIS2_PLACEMENT_3D('',#9246,#9247,#9248);
#9250=PLANE('',#9249);
#9251=ORIENTED_EDGE('',*,*,#9227,.F.);
#9252=ORIENTED_EDGE('',*,*,#9241,.T.);
#9253=ORIENTED_EDGE('',*,*,#8234,.F.);
#9254=ORIENTED_EDGE('',*,*,#8740,.T.);
#9255=ORIENTED_EDGE('',*,*,#7910,.T.);
#9256=EDGE_LOOP('',(#9251,#9252,#9253,#9254,#9255));
#9257=FACE_OUTER_BOUND('',#9256,.F.);
#9259=CARTESIAN_POINT('',(2.025E0,4.25E0,2.5E-2));
#9260=DIRECTION('',(-1.E0,0.E0,0.E0));
#9261=DIRECTION('',(0.E0,0.E0,1.E0));
#9262=AXIS2_PLACEMENT_3D('',#9259,#9260,#9261);
#9263=PLANE('',#9262);
#9265=ORIENTED_EDGE('',*,*,#9264,.F.);
#9267=ORIENTED_EDGE('',*,*,#9266,.T.);
#9268=ORIENTED_EDGE('',*,*,#8258,.F.);
#9269=ORIENTED_EDGE('',*,*,#8754,.T.);
#9270=ORIENTED_EDGE('',*,*,#7886,.T.);
#9271=EDGE_LOOP('',(#9265,#9267,#9268,#9269,#9270));
#9272=FACE_OUTER_BOUND('',#9271,.F.);
#9274=CARTESIAN_POINT('',(2.125E0,4.1E0,2.75E-1));
#9275=DIRECTION('',(0.E0,7.071067811865E-1,7.071067811865E-1));
#9276=DIRECTION('',(0.E0,-7.071067811865E-1,7.071067811865E-1));
#9277=AXIS2_PLACEMENT_3D('',#9274,#9275,#9276);
#9278=PLANE('',#9277);
#9280=ORIENTED_EDGE('',*,*,#9279,.T.);
#9282=ORIENTED_EDGE('',*,*,#9281,.F.);
#9283=ORIENTED_EDGE('',*,*,#9264,.T.);
#9284=ORIENTED_EDGE('',*,*,#7884,.T.);
#9285=EDGE_LOOP('',(#9280,#9282,#9283,#9284));
#9286=FACE_OUTER_BOUND('',#9285,.F.);
#9288=CARTESIAN_POINT('',(2.225E0,4.25E0,4.25E-1));
#9289=DIRECTION('',(1.E0,0.E0,0.E0));
#9290=DIRECTION('',(0.E0,0.E0,-1.E0));
#9291=AXIS2_PLACEMENT_3D('',#9288,#9289,#9290);
#9292=PLANE('',#9291);
#9293=ORIENTED_EDGE('',*,*,#9279,.F.);
#9294=ORIENTED_EDGE('',*,*,#7882,.T.);
#9295=ORIENTED_EDGE('',*,*,#8813,.F.);
#9296=ORIENTED_EDGE('',*,*,#8262,.F.);
#9298=ORIENTED_EDGE('',*,*,#9297,.F.);
#9299=EDGE_LOOP('',(#9293,#9294,#9295,#9296,#9298));
#9300=FACE_OUTER_BOUND('',#9299,.F.);
#9302=CARTESIAN_POINT('',(2.025E0,4.25E0,4.25E-1));
#9303=DIRECTION('',(0.E0,0.E0,1.E0));
#9304=DIRECTION('',(1.E0,0.E0,0.E0));
#9305=AXIS2_PLACEMENT_3D('',#9302,#9303,#9304);
#9306=PLANE('',#9305);
#9307=ORIENTED_EDGE('',*,*,#9281,.T.);
#9308=ORIENTED_EDGE('',*,*,#9297,.T.);
#9309=ORIENTED_EDGE('',*,*,#8260,.F.);
#9310=ORIENTED_EDGE('',*,*,#9266,.F.);
#9311=EDGE_LOOP('',(#9307,#9308,#9309,#9310));
#9312=FACE_OUTER_BOUND('',#9311,.F.);
#9314=CARTESIAN_POINT('',(1.725E0,4.25E0,4.25E-1));
#9315=DIRECTION('',(1.E0,0.E0,0.E0));
#9316=DIRECTION('',(0.E0,0.E0,-1.E0));
#9317=AXIS2_PLACEMENT_3D('',#9314,#9315,#9316);
#9318=PLANE('',#9317);
#9320=ORIENTED_EDGE('',*,*,#9319,.F.);
#9321=ORIENTED_EDGE('',*,*,#7890,.T.);
#9322=ORIENTED_EDGE('',*,*,#8757,.F.);
#9323=ORIENTED_EDGE('',*,*,#8254,.F.);
#9325=ORIENTED_EDGE('',*,*,#9324,.F.);
#9326=EDGE_LOOP('',(#9320,#9321,#9322,#9323,#9325));
#9327=FACE_OUTER_BOUND('',#9326,.F.);
#9329=CARTESIAN_POINT('',(1.625E0,4.1E0,2.75E-1));
#9330=DIRECTION('',(0.E0,7.071067811865E-1,7.071067811865E-1));
#9331=DIRECTION('',(0.E0,-7.071067811865E-1,7.071067811865E-1));
#9332=AXIS2_PLACEMENT_3D('',#9329,#9330,#9331);
#9333=PLANE('',#9332);
#9334=ORIENTED_EDGE('',*,*,#9319,.T.);
#9336=ORIENTED_EDGE('',*,*,#9335,.F.);
#9338=ORIENTED_EDGE('',*,*,#9337,.T.);
#9339=ORIENTED_EDGE('',*,*,#7892,.T.);
#9340=EDGE_LOOP('',(#9334,#9336,#9338,#9339));
#9341=FACE_OUTER_BOUND('',#9340,.F.);
#9343=CARTESIAN_POINT('',(1.525E0,4.25E0,4.25E-1));
#9344=DIRECTION('',(0.E0,0.E0,1.E0));
#9345=DIRECTION('',(1.E0,0.E0,0.E0));
#9346=AXIS2_PLACEMENT_3D('',#9343,#9344,#9345);
#9347=PLANE('',#9346);
#9348=ORIENTED_EDGE('',*,*,#9335,.T.);
#9349=ORIENTED_EDGE('',*,*,#9324,.T.);
#9350=ORIENTED_EDGE('',*,*,#8252,.F.);
#9352=ORIENTED_EDGE('',*,*,#9351,.F.);
#9353=EDGE_LOOP('',(#9348,#9349,#9350,#9352));
#9354=FACE_OUTER_BOUND('',#9353,.F.);
#9356=CARTESIAN_POINT('',(1.525E0,4.25E0,2.5E-2));
#9357=DIRECTION('',(-1.E0,0.E0,0.E0));
#9358=DIRECTION('',(0.E0,0.E0,1.E0));
#9359=AXIS2_PLACEMENT_3D('',#9356,#9357,#9358);
#9360=PLANE('',#9359);
#9361=ORIENTED_EDGE('',*,*,#9337,.F.);
#9362=ORIENTED_EDGE('',*,*,#9351,.T.);
#9363=ORIENTED_EDGE('',*,*,#8250,.F.);
#9364=ORIENTED_EDGE('',*,*,#8768,.T.);
#9365=ORIENTED_EDGE('',*,*,#7894,.T.);
#9366=EDGE_LOOP('',(#9361,#9362,#9363,#9364,#9365));
#9367=FACE_OUTER_BOUND('',#9366,.F.);
#9369=CARTESIAN_POINT('',(3.275E0,4.25E0,2.5E-2));
#9370=DIRECTION('',(-1.E0,0.E0,0.E0));
#9371=DIRECTION('',(0.E0,0.E0,1.E0));
#9372=AXIS2_PLACEMENT_3D('',#9369,#9370,#9371);
#9373=PLANE('',#9372);
#9375=ORIENTED_EDGE('',*,*,#9374,.F.);
#9377=ORIENTED_EDGE('',*,*,#9376,.T.);
#9378=ORIENTED_EDGE('',*,*,#8274,.F.);
#9379=ORIENTED_EDGE('',*,*,#8782,.T.);
#9380=ORIENTED_EDGE('',*,*,#8030,.T.);
#9381=EDGE_LOOP('',(#9375,#9377,#9378,#9379,#9380));
#9382=FACE_OUTER_BOUND('',#9381,.F.);
#9384=CARTESIAN_POINT('',(3.375E0,4.1E0,2.75E-1));
#9385=DIRECTION('',(0.E0,7.071067811865E-1,7.071067811865E-1));
#9386=DIRECTION('',(0.E0,-7.071067811865E-1,7.071067811865E-1));
#9387=AXIS2_PLACEMENT_3D('',#9384,#9385,#9386);
#9388=PLANE('',#9387);
#9390=ORIENTED_EDGE('',*,*,#9389,.T.);
#9392=ORIENTED_EDGE('',*,*,#9391,.F.);
#9393=ORIENTED_EDGE('',*,*,#9374,.T.);
#9394=ORIENTED_EDGE('',*,*,#8028,.T.);
#9395=EDGE_LOOP('',(#9390,#9392,#9393,#9394));
#9396=FACE_OUTER_BOUND('',#9395,.F.);
#9398=CARTESIAN_POINT('',(3.475E0,4.25E0,4.25E-1));
#9399=DIRECTION('',(1.E0,0.E0,0.E0));
#9400=DIRECTION('',(0.E0,0.E0,-1.E0));
#9401=AXIS2_PLACEMENT_3D('',#9398,#9399,#9400);
#9402=PLANE('',#9401);
#9403=ORIENTED_EDGE('',*,*,#9389,.F.);
#9404=ORIENTED_EDGE('',*,*,#8026,.T.);
#9405=ORIENTED_EDGE('',*,*,#8796,.F.);
#9406=ORIENTED_EDGE('',*,*,#8278,.F.);
#9408=ORIENTED_EDGE('',*,*,#9407,.F.);
#9409=EDGE_LOOP('',(#9403,#9404,#9405,#9406,#9408));
#9410=FACE_OUTER_BOUND('',#9409,.F.);
#9412=CARTESIAN_POINT('',(3.275E0,4.25E0,4.25E-1));
#9413=DIRECTION('',(0.E0,0.E0,1.E0));
#9414=DIRECTION('',(1.E0,0.E0,0.E0));
#9415=AXIS2_PLACEMENT_3D('',#9412,#9413,#9414);
#9416=PLANE('',#9415);
#9417=ORIENTED_EDGE('',*,*,#9391,.T.);
#9418=ORIENTED_EDGE('',*,*,#9407,.T.);
#9419=ORIENTED_EDGE('',*,*,#8276,.F.);
#9420=ORIENTED_EDGE('',*,*,#9376,.F.);
#9421=EDGE_LOOP('',(#9417,#9418,#9419,#9420));
#9422=FACE_OUTER_BOUND('',#9421,.F.);
#9424=CARTESIAN_POINT('',(2.975E0,4.25E0,4.25E-1));
#9425=DIRECTION('',(1.E0,0.E0,0.E0));
#9426=DIRECTION('',(0.E0,0.E0,-1.E0));
#9427=AXIS2_PLACEMENT_3D('',#9424,#9425,#9426);
#9428=PLANE('',#9427);
#9430=ORIENTED_EDGE('',*,*,#9429,.F.);
#9431=ORIENTED_EDGE('',*,*,#8034,.T.);
#9432=ORIENTED_EDGE('',*,*,#8785,.F.);
#9433=ORIENTED_EDGE('',*,*,#8270,.F.);
#9435=ORIENTED_EDGE('',*,*,#9434,.F.);
#9436=EDGE_LOOP('',(#9430,#9431,#9432,#9433,#9435));
#9437=FACE_OUTER_BOUND('',#9436,.F.);
#9439=CARTESIAN_POINT('',(2.875E0,4.1E0,2.75E-1));
#9440=DIRECTION('',(0.E0,7.071067811865E-1,7.071067811865E-1));
#9441=DIRECTION('',(0.E0,-7.071067811865E-1,7.071067811865E-1));
#9442=AXIS2_PLACEMENT_3D('',#9439,#9440,#9441);
#9443=PLANE('',#9442);
#9444=ORIENTED_EDGE('',*,*,#9429,.T.);
#9446=ORIENTED_EDGE('',*,*,#9445,.F.);
#9448=ORIENTED_EDGE('',*,*,#9447,.T.);
#9449=ORIENTED_EDGE('',*,*,#7876,.T.);
#9450=EDGE_LOOP('',(#9444,#9446,#9448,#9449));
#9451=FACE_OUTER_BOUND('',#9450,.F.);
#9453=CARTESIAN_POINT('',(2.775E0,4.25E0,4.25E-1));
#9454=DIRECTION('',(0.E0,0.E0,1.E0));
#9455=DIRECTION('',(1.E0,0.E0,0.E0));
#9456=AXIS2_PLACEMENT_3D('',#9453,#9454,#9455);
#9457=PLANE('',#9456);
#9458=ORIENTED_EDGE('',*,*,#9445,.T.);
#9459=ORIENTED_EDGE('',*,*,#9434,.T.);
#9460=ORIENTED_EDGE('',*,*,#8268,.F.);
#9462=ORIENTED_EDGE('',*,*,#9461,.F.);
#9463=EDGE_LOOP('',(#9458,#9459,#9460,#9462));
#9464=FACE_OUTER_BOUND('',#9463,.F.);
#9466=CARTESIAN_POINT('',(2.775E0,4.25E0,2.5E-2));
#9467=DIRECTION('',(-1.E0,0.E0,0.E0));
#9468=DIRECTION('',(0.E0,0.E0,1.E0));
#9469=AXIS2_PLACEMENT_3D('',#9466,#9467,#9468);
#9470=PLANE('',#9469);
#9471=ORIENTED_EDGE('',*,*,#9447,.F.);
#9472=ORIENTED_EDGE('',*,*,#9461,.T.);
#9473=ORIENTED_EDGE('',*,*,#8266,.F.);
#9474=ORIENTED_EDGE('',*,*,#8810,.T.);
#9475=ORIENTED_EDGE('',*,*,#7878,.T.);
#9476=EDGE_LOOP('',(#9471,#9472,#9473,#9474,#9475));
#9477=FACE_OUTER_BOUND('',#9476,.F.);
#9479=CARTESIAN_POINT('',(3.875E0,4.25E0,-7.75E-1));
#9480=DIRECTION('',(-1.E0,0.E0,0.E0));
#9481=DIRECTION('',(0.E0,0.E0,1.E0));
#9482=AXIS2_PLACEMENT_3D('',#9479,#9480,#9481);
#9483=PLANE('',#9482);
#9484=ORIENTED_EDGE('',*,*,#8022,.F.);
#9486=ORIENTED_EDGE('',*,*,#9485,.T.);
#9487=ORIENTED_EDGE('',*,*,#8282,.T.);
#9488=ORIENTED_EDGE('',*,*,#8799,.F.);
#9489=EDGE_LOOP('',(#9484,#9486,#9487,#9488));
#9490=FACE_OUTER_BOUND('',#9489,.F.);
#9492=CARTESIAN_POINT('',(4.375E0,4.25E0,-7.75E-1));
#9493=DIRECTION('',(0.E0,0.E0,-1.E0));
#9494=DIRECTION('',(-1.E0,0.E0,0.E0));
#9495=AXIS2_PLACEMENT_3D('',#9492,#9493,#9494);
#9496=PLANE('',#9495);
#9497=ORIENTED_EDGE('',*,*,#8020,.F.);
#9499=ORIENTED_EDGE('',*,*,#9498,.T.);
#9500=ORIENTED_EDGE('',*,*,#8284,.T.);
#9501=ORIENTED_EDGE('',*,*,#9485,.F.);
#9502=EDGE_LOOP('',(#9497,#9499,#9500,#9501));
#9503=FACE_OUTER_BOUND('',#9502,.F.);
#9505=CARTESIAN_POINT('',(4.375E0,4.25E0,1.725E0));
#9506=DIRECTION('',(1.E0,0.E0,0.E0));
#9507=DIRECTION('',(0.E0,0.E0,-1.E0));
#9508=AXIS2_PLACEMENT_3D('',#9505,#9506,#9507);
#9509=PLANE('',#9508);
#9510=ORIENTED_EDGE('',*,*,#8018,.F.);
#9511=ORIENTED_EDGE('',*,*,#8555,.T.);
#9512=ORIENTED_EDGE('',*,*,#8286,.T.);
#9513=ORIENTED_EDGE('',*,*,#9498,.F.);
#9514=EDGE_LOOP('',(#9510,#9511,#9512,#9513));
#9515=FACE_OUTER_BOUND('',#9514,.F.);
#9517=CARTESIAN_POINT('',(-1.995E0,4.25E0,1.725E0));
#9518=DIRECTION('',(-1.E0,0.E0,0.E0));
#9519=DIRECTION('',(0.E0,0.E0,1.E0));
#9520=AXIS2_PLACEMENT_3D('',#9517,#9518,#9519);
#9521=PLANE('',#9520);
#9522=ORIENTED_EDGE('',*,*,#7978,.F.);
#9523=ORIENTED_EDGE('',*,*,#8482,.F.);
#9524=ORIENTED_EDGE('',*,*,#8166,.T.);
#9526=ORIENTED_EDGE('',*,*,#9525,.F.);
#9527=EDGE_LOOP('',(#9522,#9523,#9524,#9526));
#9528=FACE_OUTER_BOUND('',#9527,.F.);
#9530=CARTESIAN_POINT('',(-1.995E0,4.25E0,1.825E0));
#9531=DIRECTION('',(0.E0,0.E0,1.E0));
#9532=DIRECTION('',(1.E0,0.E0,0.E0));
#9533=AXIS2_PLACEMENT_3D('',#9530,#9531,#9532);
#9534=PLANE('',#9533);
#9535=ORIENTED_EDGE('',*,*,#7980,.F.);
#9536=ORIENTED_EDGE('',*,*,#9525,.T.);
#9537=ORIENTED_EDGE('',*,*,#8164,.T.);
#9539=ORIENTED_EDGE('',*,*,#9538,.F.);
#9540=EDGE_LOOP('',(#9535,#9536,#9537,#9539));
#9541=FACE_OUTER_BOUND('',#9540,.F.);
#9543=CARTESIAN_POINT('',(-1.755E0,4.25E0,1.825E0));
#9544=DIRECTION('',(1.E0,0.E0,0.E0));
#9545=DIRECTION('',(0.E0,0.E0,-1.E0));
#9546=AXIS2_PLACEMENT_3D('',#9543,#9544,#9545);
#9547=PLANE('',#9546);
#9548=ORIENTED_EDGE('',*,*,#7982,.F.);
#9549=ORIENTED_EDGE('',*,*,#9538,.T.);
#9550=ORIENTED_EDGE('',*,*,#8162,.T.);
#9551=ORIENTED_EDGE('',*,*,#8499,.T.);
#9552=EDGE_LOOP('',(#9548,#9549,#9550,#9551));
#9553=FACE_OUTER_BOUND('',#9552,.F.);
#9555=CARTESIAN_POINT('',(-7.45E-1,4.25E0,1.725E0));
#9556=DIRECTION('',(-1.E0,0.E0,0.E0));
#9557=DIRECTION('',(0.E0,0.E0,1.E0));
#9558=AXIS2_PLACEMENT_3D('',#9555,#9556,#9557);
#9559=PLANE('',#9558);
#9560=ORIENTED_EDGE('',*,*,#7986,.F.);
#9561=ORIENTED_EDGE('',*,*,#8496,.F.);
#9562=ORIENTED_EDGE('',*,*,#8158,.T.);
#9564=ORIENTED_EDGE('',*,*,#9563,.F.);
#9565=EDGE_LOOP('',(#9560,#9561,#9562,#9564));
#9566=FACE_OUTER_BOUND('',#9565,.F.);
#9568=CARTESIAN_POINT('',(-7.45E-1,4.25E0,1.825E0));
#9569=DIRECTION('',(0.E0,0.E0,1.E0));
#9570=DIRECTION('',(1.E0,0.E0,0.E0));
#9571=AXIS2_PLACEMENT_3D('',#9568,#9569,#9570);
#9572=PLANE('',#9571);
#9573=ORIENTED_EDGE('',*,*,#7988,.F.);
#9574=ORIENTED_EDGE('',*,*,#9563,.T.);
#9575=ORIENTED_EDGE('',*,*,#8156,.T.);
#9577=ORIENTED_EDGE('',*,*,#9576,.F.);
#9578=EDGE_LOOP('',(#9573,#9574,#9575,#9577));
#9579=FACE_OUTER_BOUND('',#9578,.F.);
#9581=CARTESIAN_POINT('',(-5.05E-1,4.25E0,1.825E0));
#9582=DIRECTION('',(1.E0,0.E0,0.E0));
#9583=DIRECTION('',(0.E0,0.E0,-1.E0));
#9584=AXIS2_PLACEMENT_3D('',#9581,#9582,#9583);
#9585=PLANE('',#9584);
#9586=ORIENTED_EDGE('',*,*,#7990,.F.);
#9587=ORIENTED_EDGE('',*,*,#9576,.T.);
#9588=ORIENTED_EDGE('',*,*,#8154,.T.);
#9589=ORIENTED_EDGE('',*,*,#8513,.T.);
#9590=EDGE_LOOP('',(#9586,#9587,#9588,#9589));
#9591=FACE_OUTER_BOUND('',#9590,.F.);
#9593=CARTESIAN_POINT('',(5.05E-1,4.25E0,1.725E0));
#9594=DIRECTION('',(-1.E0,0.E0,0.E0));
#9595=DIRECTION('',(0.E0,0.E0,1.E0));
#9596=AXIS2_PLACEMENT_3D('',#9593,#9594,#9595);
#9597=PLANE('',#9596);
#9598=ORIENTED_EDGE('',*,*,#7994,.F.);
#9599=ORIENTED_EDGE('',*,*,#8510,.F.);
#9600=ORIENTED_EDGE('',*,*,#8150,.T.);
#9602=ORIENTED_EDGE('',*,*,#9601,.F.);
#9603=EDGE_LOOP('',(#9598,#9599,#9600,#9602));
#9604=FACE_OUTER_BOUND('',#9603,.F.);
#9606=CARTESIAN_POINT('',(5.05E-1,4.25E0,1.825E0));
#9607=DIRECTION('',(0.E0,0.E0,1.E0));
#9608=DIRECTION('',(1.E0,0.E0,0.E0));
#9609=AXIS2_PLACEMENT_3D('',#9606,#9607,#9608);
#9610=PLANE('',#9609);
#9611=ORIENTED_EDGE('',*,*,#7996,.F.);
#9612=ORIENTED_EDGE('',*,*,#9601,.T.);
#9613=ORIENTED_EDGE('',*,*,#8148,.T.);
#9615=ORIENTED_EDGE('',*,*,#9614,.F.);
#9616=EDGE_LOOP('',(#9611,#9612,#9613,#9615));
#9617=FACE_OUTER_BOUND('',#9616,.F.);
#9619=CARTESIAN_POINT('',(7.45E-1,4.25E0,1.825E0));
#9620=DIRECTION('',(1.E0,0.E0,0.E0));
#9621=DIRECTION('',(0.E0,0.E0,-1.E0));
#9622=AXIS2_PLACEMENT_3D('',#9619,#9620,#9621);
#9623=PLANE('',#9622);
#9624=ORIENTED_EDGE('',*,*,#7998,.F.);
#9625=ORIENTED_EDGE('',*,*,#9614,.T.);
#9626=ORIENTED_EDGE('',*,*,#8146,.T.);
#9627=ORIENTED_EDGE('',*,*,#8527,.T.);
#9628=EDGE_LOOP('',(#9624,#9625,#9626,#9627));
#9629=FACE_OUTER_BOUND('',#9628,.F.);
#9631=CARTESIAN_POINT('',(1.755E0,4.25E0,1.725E0));
#9632=DIRECTION('',(-1.E0,0.E0,0.E0));
#9633=DIRECTION('',(0.E0,0.E0,1.E0));
#9634=AXIS2_PLACEMENT_3D('',#9631,#9632,#9633);
#9635=PLANE('',#9634);
#9636=ORIENTED_EDGE('',*,*,#8002,.F.);
#9637=ORIENTED_EDGE('',*,*,#8524,.F.);
#9638=ORIENTED_EDGE('',*,*,#8142,.T.);
#9640=ORIENTED_EDGE('',*,*,#9639,.F.);
#9641=EDGE_LOOP('',(#9636,#9637,#9638,#9640));
#9642=FACE_OUTER_BOUND('',#9641,.F.);
#9644=CARTESIAN_POINT('',(1.755E0,4.25E0,1.825E0));
#9645=DIRECTION('',(0.E0,0.E0,1.E0));
#9646=DIRECTION('',(1.E0,0.E0,0.E0));
#9647=AXIS2_PLACEMENT_3D('',#9644,#9645,#9646);
#9648=PLANE('',#9647);
#9649=ORIENTED_EDGE('',*,*,#8004,.F.);
#9650=ORIENTED_EDGE('',*,*,#9639,.T.);
#9651=ORIENTED_EDGE('',*,*,#8140,.T.);
#9653=ORIENTED_EDGE('',*,*,#9652,.F.);
#9654=EDGE_LOOP('',(#9649,#9650,#9651,#9653));
#9655=FACE_OUTER_BOUND('',#9654,.F.);
#9657=CARTESIAN_POINT('',(1.995E0,4.25E0,1.825E0));
#9658=DIRECTION('',(1.E0,0.E0,0.E0));
#9659=DIRECTION('',(0.E0,0.E0,-1.E0));
#9660=AXIS2_PLACEMENT_3D('',#9657,#9658,#9659);
#9661=PLANE('',#9660);
#9662=ORIENTED_EDGE('',*,*,#8006,.F.);
#9663=ORIENTED_EDGE('',*,*,#9652,.T.);
#9664=ORIENTED_EDGE('',*,*,#8138,.T.);
#9665=ORIENTED_EDGE('',*,*,#8541,.T.);
#9666=EDGE_LOOP('',(#9662,#9663,#9664,#9665));
#9667=FACE_OUTER_BOUND('',#9666,.F.);
#9669=CARTESIAN_POINT('',(3.005E0,4.25E0,1.725E0));
#9670=DIRECTION('',(-1.E0,0.E0,0.E0));
#9671=DIRECTION('',(0.E0,0.E0,1.E0));
#9672=AXIS2_PLACEMENT_3D('',#9669,#9670,#9671);
#9673=PLANE('',#9672);
#9674=ORIENTED_EDGE('',*,*,#8010,.F.);
#9675=ORIENTED_EDGE('',*,*,#8538,.F.);
#9676=ORIENTED_EDGE('',*,*,#8134,.T.);
#9678=ORIENTED_EDGE('',*,*,#9677,.F.);
#9679=EDGE_LOOP('',(#9674,#9675,#9676,#9678));
#9680=FACE_OUTER_BOUND('',#9679,.F.);
#9682=CARTESIAN_POINT('',(3.005E0,4.25E0,1.825E0));
#9683=DIRECTION('',(0.E0,0.E0,1.E0));
#9684=DIRECTION('',(1.E0,0.E0,0.E0));
#9685=AXIS2_PLACEMENT_3D('',#9682,#9683,#9684);
#9686=PLANE('',#9685);
#9687=ORIENTED_EDGE('',*,*,#8012,.F.);
#9688=ORIENTED_EDGE('',*,*,#9677,.T.);
#9689=ORIENTED_EDGE('',*,*,#8132,.T.);
#9691=ORIENTED_EDGE('',*,*,#9690,.F.);
#9692=EDGE_LOOP('',(#9687,#9688,#9689,#9691));
#9693=FACE_OUTER_BOUND('',#9692,.F.);
#9695=CARTESIAN_POINT('',(3.245E0,4.25E0,1.825E0));
#9696=DIRECTION('',(1.E0,0.E0,0.E0));
#9697=DIRECTION('',(0.E0,0.E0,-1.E0));
#9698=AXIS2_PLACEMENT_3D('',#9695,#9696,#9697);
#9699=PLANE('',#9698);
#9700=ORIENTED_EDGE('',*,*,#8014,.F.);
#9701=ORIENTED_EDGE('',*,*,#9690,.T.);
#9702=ORIENTED_EDGE('',*,*,#8130,.T.);
#9703=ORIENTED_EDGE('',*,*,#8552,.T.);
#9704=EDGE_LOOP('',(#9700,#9701,#9702,#9703));
#9705=FACE_OUTER_BOUND('',#9704,.F.);
#9707=CARTESIAN_POINT('',(-3.025E0,7.5E-1,1.775E0));
#9708=DIRECTION('',(1.E0,0.E0,0.E0));
#9709=DIRECTION('',(0.E0,0.E0,-1.E0));
#9710=AXIS2_PLACEMENT_3D('',#9707,#9708,#9709);
#9711=PLANE('',#9710);
#9713=ORIENTED_EDGE('',*,*,#9712,.F.);
#9715=ORIENTED_EDGE('',*,*,#9714,.F.);
#9716=ORIENTED_EDGE('',*,*,#8290,.F.);
#9718=ORIENTED_EDGE('',*,*,#9717,.T.);
#9719=EDGE_LOOP('',(#9713,#9715,#9716,#9718));
#9720=FACE_OUTER_BOUND('',#9719,.F.);
#9722=FILL_AREA_STYLE_COLOUR('',#3556);
#9723=FILL_AREA_STYLE('',(#9722));
#9724=SURFACE_STYLE_FILL_AREA(#9723);
#9725=SURFACE_SIDE_STYLE('',(#9724));
#9726=SURFACE_STYLE_USAGE(.POSITIVE.,#9725);
#9727=PRESENTATION_STYLE_ASSIGNMENT((#9726));
#9728=STYLED_ITEM('',(#9727),#9721);
#9729=CARTESIAN_POINT('',(-3.125E0,3.8E0,1.625E0));
#9730=DIRECTION('',(0.E0,7.071067811865E-1,-7.071067811865E-1));
#9731=DIRECTION('',(0.E0,-7.071067811865E-1,-7.071067811865E-1));
#9732=AXIS2_PLACEMENT_3D('',#9729,#9730,#9731);
#9733=PLANE('',#9732);
#9735=ORIENTED_EDGE('',*,*,#9734,.T.);
#9737=ORIENTED_EDGE('',*,*,#9736,.F.);
#9738=ORIENTED_EDGE('',*,*,#9712,.T.);
#9740=ORIENTED_EDGE('',*,*,#9739,.T.);
#9741=EDGE_LOOP('',(#9735,#9737,#9738,#9740));
#9742=FACE_OUTER_BOUND('',#9741,.F.);
#9744=FILL_AREA_STYLE_COLOUR('',#3556);
#9745=FILL_AREA_STYLE('',(#9744));
#9746=SURFACE_STYLE_FILL_AREA(#9745);
#9747=SURFACE_SIDE_STYLE('',(#9746));
#9748=SURFACE_STYLE_USAGE(.POSITIVE.,#9747);
#9749=PRESENTATION_STYLE_ASSIGNMENT((#9748));
#9750=STYLED_ITEM('',(#9749),#9743);
#9751=CARTESIAN_POINT('',(-3.225E0,7.5E-1,1.475E0));
#9752=DIRECTION('',(-1.E0,0.E0,0.E0));
#9753=DIRECTION('',(0.E0,0.E0,1.E0));
#9754=AXIS2_PLACEMENT_3D('',#9751,#9752,#9753);
#9755=PLANE('',#9754);
#9756=ORIENTED_EDGE('',*,*,#9734,.F.);
#9758=ORIENTED_EDGE('',*,*,#9757,.F.);
#9759=ORIENTED_EDGE('',*,*,#8294,.F.);
#9761=ORIENTED_EDGE('',*,*,#9760,.T.);
#9762=EDGE_LOOP('',(#9756,#9758,#9759,#9761));
#9763=FACE_OUTER_BOUND('',#9762,.F.);
#9765=FILL_AREA_STYLE_COLOUR('',#3556);
#9766=FILL_AREA_STYLE('',(#9765));
#9767=SURFACE_STYLE_FILL_AREA(#9766);
#9768=SURFACE_SIDE_STYLE('',(#9767));
#9769=SURFACE_STYLE_USAGE(.POSITIVE.,#9768);
#9770=PRESENTATION_STYLE_ASSIGNMENT((#9769));
#9771=STYLED_ITEM('',(#9770),#9764);
#9772=CARTESIAN_POINT('',(-3.225E0,7.5E-1,1.775E0));
#9773=DIRECTION('',(0.E0,0.E0,1.E0));
#9774=DIRECTION('',(1.E0,0.E0,0.E0));
#9775=AXIS2_PLACEMENT_3D('',#9772,#9773,#9774);
#9776=PLANE('',#9775);
#9777=ORIENTED_EDGE('',*,*,#9739,.F.);
#9778=ORIENTED_EDGE('',*,*,#9717,.F.);
#9779=ORIENTED_EDGE('',*,*,#8296,.F.);
#9780=ORIENTED_EDGE('',*,*,#9757,.T.);
#9781=EDGE_LOOP('',(#9777,#9778,#9779,#9780));
#9782=FACE_OUTER_BOUND('',#9781,.F.);
#9784=CARTESIAN_POINT('',(-3.025E0,7.5E-1,1.475E0));
#9785=DIRECTION('',(0.E0,0.E0,-1.E0));
#9786=DIRECTION('',(-1.E0,0.E0,0.E0));
#9787=AXIS2_PLACEMENT_3D('',#9784,#9785,#9786);
#9788=PLANE('',#9787);
#9789=ORIENTED_EDGE('',*,*,#9736,.T.);
#9790=ORIENTED_EDGE('',*,*,#9760,.F.);
#9791=ORIENTED_EDGE('',*,*,#8292,.F.);
#9792=ORIENTED_EDGE('',*,*,#9714,.T.);
#9793=EDGE_LOOP('',(#9789,#9790,#9791,#9792));
#9794=FACE_OUTER_BOUND('',#9793,.F.);
#9796=FILL_AREA_STYLE_COLOUR('',#3556);
#9797=FILL_AREA_STYLE('',(#9796));
#9798=SURFACE_STYLE_FILL_AREA(#9797);
#9799=SURFACE_SIDE_STYLE('',(#9798));
#9800=SURFACE_STYLE_USAGE(.POSITIVE.,#9799);
#9801=PRESENTATION_STYLE_ASSIGNMENT((#9800));
#9802=STYLED_ITEM('',(#9801),#9795);
#9803=CARTESIAN_POINT('',(-3.025E0,7.5E-1,5.E-1));
#9804=DIRECTION('',(1.E0,0.E0,0.E0));
#9805=DIRECTION('',(0.E0,0.E0,-1.E0));
#9806=AXIS2_PLACEMENT_3D('',#9803,#9804,#9805);
#9807=PLANE('',#9806);
#9809=ORIENTED_EDGE('',*,*,#9808,.F.);
#9811=ORIENTED_EDGE('',*,*,#9810,.T.);
#9813=ORIENTED_EDGE('',*,*,#9812,.F.);
#9814=ORIENTED_EDGE('',*,*,#8300,.F.);
#9816=ORIENTED_EDGE('',*,*,#9815,.T.);
#9817=EDGE_LOOP('',(#9809,#9811,#9813,#9814,#9816));
#9818=FACE_OUTER_BOUND('',#9817,.F.);
#9820=FILL_AREA_STYLE_COLOUR('',#3556);
#9821=FILL_AREA_STYLE('',(#9820));
#9822=SURFACE_STYLE_FILL_AREA(#9821);
#9823=SURFACE_SIDE_STYLE('',(#9822));
#9824=SURFACE_STYLE_USAGE(.POSITIVE.,#9823);
#9825=PRESENTATION_STYLE_ASSIGNMENT((#9824));
#9826=STYLED_ITEM('',(#9825),#9819);
#9827=CARTESIAN_POINT('',(-3.125E0,3.8E0,3.5E-1));
#9828=DIRECTION('',(0.E0,7.071067811865E-1,7.071067811865E-1));
#9829=DIRECTION('',(0.E0,-7.071067811865E-1,7.071067811865E-1));
#9830=AXIS2_PLACEMENT_3D('',#9827,#9828,#9829);
#9831=PLANE('',#9830);
#9832=ORIENTED_EDGE('',*,*,#9808,.T.);
#9834=ORIENTED_EDGE('',*,*,#9833,.F.);
#9836=ORIENTED_EDGE('',*,*,#9835,.T.);
#9838=ORIENTED_EDGE('',*,*,#9837,.T.);
#9839=EDGE_LOOP('',(#9832,#9834,#9836,#9838));
#9840=FACE_OUTER_BOUND('',#9839,.F.);
#9842=FILL_AREA_STYLE_COLOUR('',#3556);
#9843=FILL_AREA_STYLE('',(#9842));
#9844=SURFACE_STYLE_FILL_AREA(#9843);
#9845=SURFACE_SIDE_STYLE('',(#9844));
#9846=SURFACE_STYLE_USAGE(.POSITIVE.,#9845);
#9847=PRESENTATION_STYLE_ASSIGNMENT((#9846));
#9848=STYLED_ITEM('',(#9847),#9841);
#9849=CARTESIAN_POINT('',(-3.225E0,7.5E-1,5.E-1));
#9850=DIRECTION('',(0.E0,0.E0,1.E0));
#9851=DIRECTION('',(1.E0,0.E0,0.E0));
#9852=AXIS2_PLACEMENT_3D('',#9849,#9850,#9851);
#9853=PLANE('',#9852);
#9854=ORIENTED_EDGE('',*,*,#9833,.T.);
#9855=ORIENTED_EDGE('',*,*,#9815,.F.);
#9856=ORIENTED_EDGE('',*,*,#8306,.F.);
#9858=ORIENTED_EDGE('',*,*,#9857,.T.);
#9859=EDGE_LOOP('',(#9854,#9855,#9856,#9858));
#9860=FACE_OUTER_BOUND('',#9859,.F.);
#9862=FILL_AREA_STYLE_COLOUR('',#3556);
#9863=FILL_AREA_STYLE('',(#9862));
#9864=SURFACE_STYLE_FILL_AREA(#9863);
#9865=SURFACE_SIDE_STYLE('',(#9864));
#9866=SURFACE_STYLE_USAGE(.POSITIVE.,#9865);
#9867=PRESENTATION_STYLE_ASSIGNMENT((#9866));
#9868=STYLED_ITEM('',(#9867),#9861);
#9869=CARTESIAN_POINT('',(-3.225E0,7.5E-1,5.E-2));
#9870=DIRECTION('',(-1.E0,0.E0,0.E0));
#9871=DIRECTION('',(0.E0,0.E0,1.E0));
#9872=AXIS2_PLACEMENT_3D('',#9869,#9870,#9871);
#9873=PLANE('',#9872);
#9874=ORIENTED_EDGE('',*,*,#9835,.F.);
#9875=ORIENTED_EDGE('',*,*,#9857,.F.);
#9876=ORIENTED_EDGE('',*,*,#8304,.F.);
#9878=ORIENTED_EDGE('',*,*,#9877,.T.);
#9880=ORIENTED_EDGE('',*,*,#9879,.T.);
#9881=EDGE_LOOP('',(#9874,#9875,#9876,#9878,#9880));
#9882=FACE_OUTER_BOUND('',#9881,.F.);
#9884=FILL_AREA_STYLE_COLOUR('',#3556);
#9885=FILL_AREA_STYLE('',(#9884));
#9886=SURFACE_STYLE_FILL_AREA(#9885);
#9887=SURFACE_SIDE_STYLE('',(#9886));
#9888=SURFACE_STYLE_USAGE(.POSITIVE.,#9887);
#9889=PRESENTATION_STYLE_ASSIGNMENT((#9888));
#9890=STYLED_ITEM('',(#9889),#9883);
#9891=CARTESIAN_POINT('',(-3.025E0,7.5E-1,5.E-2));
#9892=DIRECTION('',(0.E0,0.E0,-1.E0));
#9893=DIRECTION('',(-1.E0,0.E0,0.E0));
#9894=AXIS2_PLACEMENT_3D('',#9891,#9892,#9893);
#9895=PLANE('',#9894);
#9896=ORIENTED_EDGE('',*,*,#8302,.F.);
#9897=ORIENTED_EDGE('',*,*,#9812,.T.);
#9899=ORIENTED_EDGE('',*,*,#9898,.T.);
#9900=ORIENTED_EDGE('',*,*,#9877,.F.);
#9901=EDGE_LOOP('',(#9896,#9897,#9899,#9900));
#9902=FACE_OUTER_BOUND('',#9901,.F.);
#9904=CARTESIAN_POINT('',(0.E0,3.95E0,0.E0));
#9905=DIRECTION('',(0.E0,1.E0,0.E0));
#9906=DIRECTION('',(-1.E0,0.E0,0.E0));
#9907=AXIS2_PLACEMENT_3D('',#9904,#9905,#9906);
#9908=PLANE('',#9907);
#9909=ORIENTED_EDGE('',*,*,#9837,.F.);
#9910=ORIENTED_EDGE('',*,*,#9879,.F.);
#9911=ORIENTED_EDGE('',*,*,#9898,.F.);
#9912=ORIENTED_EDGE('',*,*,#9810,.F.);
#9913=EDGE_LOOP('',(#9909,#9910,#9911,#9912));
#9914=FACE_OUTER_BOUND('',#9913,.F.);
#9916=FILL_AREA_STYLE_COLOUR('',#3556);
#9917=FILL_AREA_STYLE('',(#9916));
#9918=SURFACE_STYLE_FILL_AREA(#9917);
#9919=SURFACE_SIDE_STYLE('',(#9918));
#9920=SURFACE_STYLE_USAGE(.POSITIVE.,#9919);
#9921=PRESENTATION_STYLE_ASSIGNMENT((#9920));
#9922=STYLED_ITEM('',(#9921),#9915);
#9923=CARTESIAN_POINT('',(-1.775E0,7.5E-1,1.775E0));
#9924=DIRECTION('',(1.E0,0.E0,0.E0));
#9925=DIRECTION('',(0.E0,0.E0,-1.E0));
#9926=AXIS2_PLACEMENT_3D('',#9923,#9924,#9925);
#9927=PLANE('',#9926);
#9929=ORIENTED_EDGE('',*,*,#9928,.F.);
#9931=ORIENTED_EDGE('',*,*,#9930,.F.);
#9932=ORIENTED_EDGE('',*,*,#8310,.F.);
#9934=ORIENTED_EDGE('',*,*,#9933,.T.);
#9935=EDGE_LOOP('',(#9929,#9931,#9932,#9934));
#9936=FACE_OUTER_BOUND('',#9935,.F.);
#9938=FILL_AREA_STYLE_COLOUR('',#3556);
#9939=FILL_AREA_STYLE('',(#9938));
#9940=SURFACE_STYLE_FILL_AREA(#9939);
#9941=SURFACE_SIDE_STYLE('',(#9940));
#9942=SURFACE_STYLE_USAGE(.POSITIVE.,#9941);
#9943=PRESENTATION_STYLE_ASSIGNMENT((#9942));
#9944=STYLED_ITEM('',(#9943),#9937);
#9945=CARTESIAN_POINT('',(-1.875E0,3.8E0,1.625E0));
#9946=DIRECTION('',(0.E0,7.071067811865E-1,-7.071067811865E-1));
#9947=DIRECTION('',(0.E0,-7.071067811865E-1,-7.071067811865E-1));
#9948=AXIS2_PLACEMENT_3D('',#9945,#9946,#9947);
#9949=PLANE('',#9948);
#9951=ORIENTED_EDGE('',*,*,#9950,.T.);
#9953=ORIENTED_EDGE('',*,*,#9952,.F.);
#9954=ORIENTED_EDGE('',*,*,#9928,.T.);
#9956=ORIENTED_EDGE('',*,*,#9955,.T.);
#9957=EDGE_LOOP('',(#9951,#9953,#9954,#9956));
#9958=FACE_OUTER_BOUND('',#9957,.F.);
#9960=FILL_AREA_STYLE_COLOUR('',#3556);
#9961=FILL_AREA_STYLE('',(#9960));
#9962=SURFACE_STYLE_FILL_AREA(#9961);
#9963=SURFACE_SIDE_STYLE('',(#9962));
#9964=SURFACE_STYLE_USAGE(.POSITIVE.,#9963);
#9965=PRESENTATION_STYLE_ASSIGNMENT((#9964));
#9966=STYLED_ITEM('',(#9965),#9959);
#9967=CARTESIAN_POINT('',(-1.975E0,7.5E-1,1.475E0));
#9968=DIRECTION('',(-1.E0,0.E0,0.E0));
#9969=DIRECTION('',(0.E0,0.E0,1.E0));
#9970=AXIS2_PLACEMENT_3D('',#9967,#9968,#9969);
#9971=PLANE('',#9970);
#9972=ORIENTED_EDGE('',*,*,#9950,.F.);
#9974=ORIENTED_EDGE('',*,*,#9973,.F.);
#9975=ORIENTED_EDGE('',*,*,#8314,.F.);
#9977=ORIENTED_EDGE('',*,*,#9976,.T.);
#9978=EDGE_LOOP('',(#9972,#9974,#9975,#9977));
#9979=FACE_OUTER_BOUND('',#9978,.F.);
#9981=FILL_AREA_STYLE_COLOUR('',#3556);
#9982=FILL_AREA_STYLE('',(#9981));
#9983=SURFACE_STYLE_FILL_AREA(#9982);
#9984=SURFACE_SIDE_STYLE('',(#9983));
#9985=SURFACE_STYLE_USAGE(.POSITIVE.,#9984);
#9986=PRESENTATION_STYLE_ASSIGNMENT((#9985));
#9987=STYLED_ITEM('',(#9986),#9980);
#9988=CARTESIAN_POINT('',(-1.975E0,7.5E-1,1.775E0));
#9989=DIRECTION('',(0.E0,0.E0,1.E0));
#9990=DIRECTION('',(1.E0,0.E0,0.E0));
#9991=AXIS2_PLACEMENT_3D('',#9988,#9989,#9990);
#9992=PLANE('',#9991);
#9993=ORIENTED_EDGE('',*,*,#9955,.F.);
#9994=ORIENTED_EDGE('',*,*,#9933,.F.);
#9995=ORIENTED_EDGE('',*,*,#8316,.F.);
#9996=ORIENTED_EDGE('',*,*,#9973,.T.);
#9997=EDGE_LOOP('',(#9993,#9994,#9995,#9996));
#9998=FACE_OUTER_BOUND('',#9997,.F.);
#10000=CARTESIAN_POINT('',(-1.775E0,7.5E-1,1.475E0));
#10001=DIRECTION('',(0.E0,0.E0,-1.E0));
#10002=DIRECTION('',(-1.E0,0.E0,0.E0));
#10003=AXIS2_PLACEMENT_3D('',#10000,#10001,#10002);
#10004=PLANE('',#10003);
#10005=ORIENTED_EDGE('',*,*,#9952,.T.);
#10006=ORIENTED_EDGE('',*,*,#9976,.F.);
#10007=ORIENTED_EDGE('',*,*,#8312,.F.);
#10008=ORIENTED_EDGE('',*,*,#9930,.T.);
#10009=EDGE_LOOP('',(#10005,#10006,#10007,#10008));
#10010=FACE_OUTER_BOUND('',#10009,.F.);
#10012=FILL_AREA_STYLE_COLOUR('',#3556);
#10013=FILL_AREA_STYLE('',(#10012));
#10014=SURFACE_STYLE_FILL_AREA(#10013);
#10015=SURFACE_SIDE_STYLE('',(#10014));
#10016=SURFACE_STYLE_USAGE(.POSITIVE.,#10015);
#10017=PRESENTATION_STYLE_ASSIGNMENT((#10016));
#10018=STYLED_ITEM('',(#10017),#10011);
#10019=CARTESIAN_POINT('',(-1.775E0,7.5E-1,5.E-1));
#10020=DIRECTION('',(1.E0,0.E0,0.E0));
#10021=DIRECTION('',(0.E0,0.E0,-1.E0));
#10022=AXIS2_PLACEMENT_3D('',#10019,#10020,#10021);
#10023=PLANE('',#10022);
#10025=ORIENTED_EDGE('',*,*,#10024,.F.);
#10027=ORIENTED_EDGE('',*,*,#10026,.T.);
#10029=ORIENTED_EDGE('',*,*,#10028,.F.);
#10030=ORIENTED_EDGE('',*,*,#8320,.F.);
#10032=ORIENTED_EDGE('',*,*,#10031,.T.);
#10033=EDGE_LOOP('',(#10025,#10027,#10029,#10030,#10032));
#10034=FACE_OUTER_BOUND('',#10033,.F.);
#10036=FILL_AREA_STYLE_COLOUR('',#3556);
#10037=FILL_AREA_STYLE('',(#10036));
#10038=SURFACE_STYLE_FILL_AREA(#10037);
#10039=SURFACE_SIDE_STYLE('',(#10038));
#10040=SURFACE_STYLE_USAGE(.POSITIVE.,#10039);
#10041=PRESENTATION_STYLE_ASSIGNMENT((#10040));
#10042=STYLED_ITEM('',(#10041),#10035);
#10043=CARTESIAN_POINT('',(-1.875E0,3.8E0,3.5E-1));
#10044=DIRECTION('',(0.E0,7.071067811865E-1,7.071067811865E-1));
#10045=DIRECTION('',(0.E0,-7.071067811865E-1,7.071067811865E-1));
#10046=AXIS2_PLACEMENT_3D('',#10043,#10044,#10045);
#10047=PLANE('',#10046);
#10048=ORIENTED_EDGE('',*,*,#10024,.T.);
#10050=ORIENTED_EDGE('',*,*,#10049,.F.);
#10052=ORIENTED_EDGE('',*,*,#10051,.T.);
#10054=ORIENTED_EDGE('',*,*,#10053,.T.);
#10055=EDGE_LOOP('',(#10048,#10050,#10052,#10054));
#10056=FACE_OUTER_BOUND('',#10055,.F.);
#10058=FILL_AREA_STYLE_COLOUR('',#3556);
#10059=FILL_AREA_STYLE('',(#10058));
#10060=SURFACE_STYLE_FILL_AREA(#10059);
#10061=SURFACE_SIDE_STYLE('',(#10060));
#10062=SURFACE_STYLE_USAGE(.POSITIVE.,#10061);
#10063=PRESENTATION_STYLE_ASSIGNMENT((#10062));
#10064=STYLED_ITEM('',(#10063),#10057);
#10065=CARTESIAN_POINT('',(-1.975E0,7.5E-1,5.E-1));
#10066=DIRECTION('',(0.E0,0.E0,1.E0));
#10067=DIRECTION('',(1.E0,0.E0,0.E0));
#10068=AXIS2_PLACEMENT_3D('',#10065,#10066,#10067);
#10069=PLANE('',#10068);
#10070=ORIENTED_EDGE('',*,*,#10049,.T.);
#10071=ORIENTED_EDGE('',*,*,#10031,.F.);
#10072=ORIENTED_EDGE('',*,*,#8326,.F.);
#10074=ORIENTED_EDGE('',*,*,#10073,.T.);
#10075=EDGE_LOOP('',(#10070,#10071,#10072,#10074));
#10076=FACE_OUTER_BOUND('',#10075,.F.);
#10078=FILL_AREA_STYLE_COLOUR('',#3556);
#10079=FILL_AREA_STYLE('',(#10078));
#10080=SURFACE_STYLE_FILL_AREA(#10079);
#10081=SURFACE_SIDE_STYLE('',(#10080));
#10082=SURFACE_STYLE_USAGE(.POSITIVE.,#10081);
#10083=PRESENTATION_STYLE_ASSIGNMENT((#10082));
#10084=STYLED_ITEM('',(#10083),#10077);
#10085=CARTESIAN_POINT('',(-1.975E0,7.5E-1,5.E-2));
#10086=DIRECTION('',(-1.E0,0.E0,0.E0));
#10087=DIRECTION('',(0.E0,0.E0,1.E0));
#10088=AXIS2_PLACEMENT_3D('',#10085,#10086,#10087);
#10089=PLANE('',#10088);
#10090=ORIENTED_EDGE('',*,*,#10051,.F.);
#10091=ORIENTED_EDGE('',*,*,#10073,.F.);
#10092=ORIENTED_EDGE('',*,*,#8324,.F.);
#10094=ORIENTED_EDGE('',*,*,#10093,.T.);
#10096=ORIENTED_EDGE('',*,*,#10095,.T.);
#10097=EDGE_LOOP('',(#10090,#10091,#10092,#10094,#10096));
#10098=FACE_OUTER_BOUND('',#10097,.F.);
#10100=FILL_AREA_STYLE_COLOUR('',#3556);
#10101=FILL_AREA_STYLE('',(#10100));
#10102=SURFACE_STYLE_FILL_AREA(#10101);
#10103=SURFACE_SIDE_STYLE('',(#10102));
#10104=SURFACE_STYLE_USAGE(.POSITIVE.,#10103);
#10105=PRESENTATION_STYLE_ASSIGNMENT((#10104));
#10106=STYLED_ITEM('',(#10105),#10099);
#10107=CARTESIAN_POINT('',(-1.775E0,7.5E-1,5.E-2));
#10108=DIRECTION('',(0.E0,0.E0,-1.E0));
#10109=DIRECTION('',(-1.E0,0.E0,0.E0));
#10110=AXIS2_PLACEMENT_3D('',#10107,#10108,#10109);
#10111=PLANE('',#10110);
#10112=ORIENTED_EDGE('',*,*,#8322,.F.);
#10113=ORIENTED_EDGE('',*,*,#10028,.T.);
#10115=ORIENTED_EDGE('',*,*,#10114,.T.);
#10116=ORIENTED_EDGE('',*,*,#10093,.F.);
#10117=EDGE_LOOP('',(#10112,#10113,#10115,#10116));
#10118=FACE_OUTER_BOUND('',#10117,.F.);
#10120=CARTESIAN_POINT('',(0.E0,3.95E0,0.E0));
#10121=DIRECTION('',(0.E0,1.E0,0.E0));
#10122=DIRECTION('',(-1.E0,0.E0,0.E0));
#10123=AXIS2_PLACEMENT_3D('',#10120,#10121,#10122);
#10124=PLANE('',#10123);
#10125=ORIENTED_EDGE('',*,*,#10053,.F.);
#10126=ORIENTED_EDGE('',*,*,#10095,.F.);
#10127=ORIENTED_EDGE('',*,*,#10114,.F.);
#10128=ORIENTED_EDGE('',*,*,#10026,.F.);
#10129=EDGE_LOOP('',(#10125,#10126,#10127,#10128));
#10130=FACE_OUTER_BOUND('',#10129,.F.);
#10132=FILL_AREA_STYLE_COLOUR('',#3556);
#10133=FILL_AREA_STYLE('',(#10132));
#10134=SURFACE_STYLE_FILL_AREA(#10133);
#10135=SURFACE_SIDE_STYLE('',(#10134));
#10136=SURFACE_STYLE_USAGE(.POSITIVE.,#10135);
#10137=PRESENTATION_STYLE_ASSIGNMENT((#10136));
#10138=STYLED_ITEM('',(#10137),#10131);
#10139=CARTESIAN_POINT('',(-5.25E-1,7.5E-1,1.775E0));
#10140=DIRECTION('',(1.E0,0.E0,0.E0));
#10141=DIRECTION('',(0.E0,0.E0,-1.E0));
#10142=AXIS2_PLACEMENT_3D('',#10139,#10140,#10141);
#10143=PLANE('',#10142);
#10145=ORIENTED_EDGE('',*,*,#10144,.F.);
#10147=ORIENTED_EDGE('',*,*,#10146,.F.);
#10148=ORIENTED_EDGE('',*,*,#8330,.F.);
#10150=ORIENTED_EDGE('',*,*,#10149,.T.);
#10151=EDGE_LOOP('',(#10145,#10147,#10148,#10150));
#10152=FACE_OUTER_BOUND('',#10151,.F.);
#10154=FILL_AREA_STYLE_COLOUR('',#3556);
#10155=FILL_AREA_STYLE('',(#10154));
#10156=SURFACE_STYLE_FILL_AREA(#10155);
#10157=SURFACE_SIDE_STYLE('',(#10156));
#10158=SURFACE_STYLE_USAGE(.POSITIVE.,#10157);
#10159=PRESENTATION_STYLE_ASSIGNMENT((#10158));
#10160=STYLED_ITEM('',(#10159),#10153);
#10161=CARTESIAN_POINT('',(-6.25E-1,3.8E0,1.625E0));
#10162=DIRECTION('',(0.E0,7.071067811865E-1,-7.071067811865E-1));
#10163=DIRECTION('',(0.E0,-7.071067811865E-1,-7.071067811865E-1));
#10164=AXIS2_PLACEMENT_3D('',#10161,#10162,#10163);
#10165=PLANE('',#10164);
#10167=ORIENTED_EDGE('',*,*,#10166,.T.);
#10169=ORIENTED_EDGE('',*,*,#10168,.F.);
#10170=ORIENTED_EDGE('',*,*,#10144,.T.);
#10172=ORIENTED_EDGE('',*,*,#10171,.T.);
#10173=EDGE_LOOP('',(#10167,#10169,#10170,#10172));
#10174=FACE_OUTER_BOUND('',#10173,.F.);
#10176=FILL_AREA_STYLE_COLOUR('',#3556);
#10177=FILL_AREA_STYLE('',(#10176));
#10178=SURFACE_STYLE_FILL_AREA(#10177);
#10179=SURFACE_SIDE_STYLE('',(#10178));
#10180=SURFACE_STYLE_USAGE(.POSITIVE.,#10179);
#10181=PRESENTATION_STYLE_ASSIGNMENT((#10180));
#10182=STYLED_ITEM('',(#10181),#10175);
#10183=CARTESIAN_POINT('',(-7.25E-1,7.5E-1,1.475E0));
#10184=DIRECTION('',(-1.E0,0.E0,0.E0));
#10185=DIRECTION('',(0.E0,0.E0,1.E0));
#10186=AXIS2_PLACEMENT_3D('',#10183,#10184,#10185);
#10187=PLANE('',#10186);
#10188=ORIENTED_EDGE('',*,*,#10166,.F.);
#10190=ORIENTED_EDGE('',*,*,#10189,.F.);
#10191=ORIENTED_EDGE('',*,*,#8334,.F.);
#10193=ORIENTED_EDGE('',*,*,#10192,.T.);
#10194=EDGE_LOOP('',(#10188,#10190,#10191,#10193));
#10195=FACE_OUTER_BOUND('',#10194,.F.);
#10197=FILL_AREA_STYLE_COLOUR('',#3556);
#10198=FILL_AREA_STYLE('',(#10197));
#10199=SURFACE_STYLE_FILL_AREA(#10198);
#10200=SURFACE_SIDE_STYLE('',(#10199));
#10201=SURFACE_STYLE_USAGE(.POSITIVE.,#10200);
#10202=PRESENTATION_STYLE_ASSIGNMENT((#10201));
#10203=STYLED_ITEM('',(#10202),#10196);
#10204=CARTESIAN_POINT('',(-7.25E-1,7.5E-1,1.775E0));
#10205=DIRECTION('',(0.E0,0.E0,1.E0));
#10206=DIRECTION('',(1.E0,0.E0,0.E0));
#10207=AXIS2_PLACEMENT_3D('',#10204,#10205,#10206);
#10208=PLANE('',#10207);
#10209=ORIENTED_EDGE('',*,*,#10171,.F.);
#10210=ORIENTED_EDGE('',*,*,#10149,.F.);
#10211=ORIENTED_EDGE('',*,*,#8336,.F.);
#10212=ORIENTED_EDGE('',*,*,#10189,.T.);
#10213=EDGE_LOOP('',(#10209,#10210,#10211,#10212));
#10214=FACE_OUTER_BOUND('',#10213,.F.);
#10216=CARTESIAN_POINT('',(-5.25E-1,7.5E-1,1.475E0));
#10217=DIRECTION('',(0.E0,0.E0,-1.E0));
#10218=DIRECTION('',(-1.E0,0.E0,0.E0));
#10219=AXIS2_PLACEMENT_3D('',#10216,#10217,#10218);
#10220=PLANE('',#10219);
#10221=ORIENTED_EDGE('',*,*,#10168,.T.);
#10222=ORIENTED_EDGE('',*,*,#10192,.F.);
#10223=ORIENTED_EDGE('',*,*,#8332,.F.);
#10224=ORIENTED_EDGE('',*,*,#10146,.T.);
#10225=EDGE_LOOP('',(#10221,#10222,#10223,#10224));
#10226=FACE_OUTER_BOUND('',#10225,.F.);
#10228=FILL_AREA_STYLE_COLOUR('',#3556);
#10229=FILL_AREA_STYLE('',(#10228));
#10230=SURFACE_STYLE_FILL_AREA(#10229);
#10231=SURFACE_SIDE_STYLE('',(#10230));
#10232=SURFACE_STYLE_USAGE(.POSITIVE.,#10231);
#10233=PRESENTATION_STYLE_ASSIGNMENT((#10232));
#10234=STYLED_ITEM('',(#10233),#10227);
#10235=CARTESIAN_POINT('',(-5.25E-1,7.5E-1,5.E-1));
#10236=DIRECTION('',(1.E0,0.E0,0.E0));
#10237=DIRECTION('',(0.E0,0.E0,-1.E0));
#10238=AXIS2_PLACEMENT_3D('',#10235,#10236,#10237);
#10239=PLANE('',#10238);
#10241=ORIENTED_EDGE('',*,*,#10240,.F.);
#10243=ORIENTED_EDGE('',*,*,#10242,.T.);
#10245=ORIENTED_EDGE('',*,*,#10244,.F.);
#10246=ORIENTED_EDGE('',*,*,#8340,.F.);
#10248=ORIENTED_EDGE('',*,*,#10247,.T.);
#10249=EDGE_LOOP('',(#10241,#10243,#10245,#10246,#10248));
#10250=FACE_OUTER_BOUND('',#10249,.F.);
#10252=FILL_AREA_STYLE_COLOUR('',#3556);
#10253=FILL_AREA_STYLE('',(#10252));
#10254=SURFACE_STYLE_FILL_AREA(#10253);
#10255=SURFACE_SIDE_STYLE('',(#10254));
#10256=SURFACE_STYLE_USAGE(.POSITIVE.,#10255);
#10257=PRESENTATION_STYLE_ASSIGNMENT((#10256));
#10258=STYLED_ITEM('',(#10257),#10251);
#10259=CARTESIAN_POINT('',(-6.25E-1,3.8E0,3.5E-1));
#10260=DIRECTION('',(0.E0,7.071067811865E-1,7.071067811865E-1));
#10261=DIRECTION('',(0.E0,-7.071067811865E-1,7.071067811865E-1));
#10262=AXIS2_PLACEMENT_3D('',#10259,#10260,#10261);
#10263=PLANE('',#10262);
#10264=ORIENTED_EDGE('',*,*,#10240,.T.);
#10266=ORIENTED_EDGE('',*,*,#10265,.F.);
#10268=ORIENTED_EDGE('',*,*,#10267,.T.);
#10270=ORIENTED_EDGE('',*,*,#10269,.T.);
#10271=EDGE_LOOP('',(#10264,#10266,#10268,#10270));
#10272=FACE_OUTER_BOUND('',#10271,.F.);
#10274=FILL_AREA_STYLE_COLOUR('',#3556);
#10275=FILL_AREA_STYLE('',(#10274));
#10276=SURFACE_STYLE_FILL_AREA(#10275);
#10277=SURFACE_SIDE_STYLE('',(#10276));
#10278=SURFACE_STYLE_USAGE(.POSITIVE.,#10277);
#10279=PRESENTATION_STYLE_ASSIGNMENT((#10278));
#10280=STYLED_ITEM('',(#10279),#10273);
#10281=CARTESIAN_POINT('',(-7.25E-1,7.5E-1,5.E-1));
#10282=DIRECTION('',(0.E0,0.E0,1.E0));
#10283=DIRECTION('',(1.E0,0.E0,0.E0));
#10284=AXIS2_PLACEMENT_3D('',#10281,#10282,#10283);
#10285=PLANE('',#10284);
#10286=ORIENTED_EDGE('',*,*,#10265,.T.);
#10287=ORIENTED_EDGE('',*,*,#10247,.F.);
#10288=ORIENTED_EDGE('',*,*,#8346,.F.);
#10290=ORIENTED_EDGE('',*,*,#10289,.T.);
#10291=EDGE_LOOP('',(#10286,#10287,#10288,#10290));
#10292=FACE_OUTER_BOUND('',#10291,.F.);
#10294=FILL_AREA_STYLE_COLOUR('',#3556);
#10295=FILL_AREA_STYLE('',(#10294));
#10296=SURFACE_STYLE_FILL_AREA(#10295);
#10297=SURFACE_SIDE_STYLE('',(#10296));
#10298=SURFACE_STYLE_USAGE(.POSITIVE.,#10297);
#10299=PRESENTATION_STYLE_ASSIGNMENT((#10298));
#10300=STYLED_ITEM('',(#10299),#10293);
#10301=CARTESIAN_POINT('',(-7.25E-1,7.5E-1,5.E-2));
#10302=DIRECTION('',(-1.E0,0.E0,0.E0));
#10303=DIRECTION('',(0.E0,0.E0,1.E0));
#10304=AXIS2_PLACEMENT_3D('',#10301,#10302,#10303);
#10305=PLANE('',#10304);
#10306=ORIENTED_EDGE('',*,*,#10267,.F.);
#10307=ORIENTED_EDGE('',*,*,#10289,.F.);
#10308=ORIENTED_EDGE('',*,*,#8344,.F.);
#10310=ORIENTED_EDGE('',*,*,#10309,.T.);
#10312=ORIENTED_EDGE('',*,*,#10311,.T.);
#10313=EDGE_LOOP('',(#10306,#10307,#10308,#10310,#10312));
#10314=FACE_OUTER_BOUND('',#10313,.F.);
#10316=FILL_AREA_STYLE_COLOUR('',#3556);
#10317=FILL_AREA_STYLE('',(#10316));
#10318=SURFACE_STYLE_FILL_AREA(#10317);
#10319=SURFACE_SIDE_STYLE('',(#10318));
#10320=SURFACE_STYLE_USAGE(.POSITIVE.,#10319);
#10321=PRESENTATION_STYLE_ASSIGNMENT((#10320));
#10322=STYLED_ITEM('',(#10321),#10315);
#10323=CARTESIAN_POINT('',(-5.25E-1,7.5E-1,5.E-2));
#10324=DIRECTION('',(0.E0,0.E0,-1.E0));
#10325=DIRECTION('',(-1.E0,0.E0,0.E0));
#10326=AXIS2_PLACEMENT_3D('',#10323,#10324,#10325);
#10327=PLANE('',#10326);
#10328=ORIENTED_EDGE('',*,*,#8342,.F.);
#10329=ORIENTED_EDGE('',*,*,#10244,.T.);
#10331=ORIENTED_EDGE('',*,*,#10330,.T.);
#10332=ORIENTED_EDGE('',*,*,#10309,.F.);
#10333=EDGE_LOOP('',(#10328,#10329,#10331,#10332));
#10334=FACE_OUTER_BOUND('',#10333,.F.);
#10336=CARTESIAN_POINT('',(0.E0,3.95E0,0.E0));
#10337=DIRECTION('',(0.E0,1.E0,0.E0));
#10338=DIRECTION('',(-1.E0,0.E0,0.E0));
#10339=AXIS2_PLACEMENT_3D('',#10336,#10337,#10338);
#10340=PLANE('',#10339);
#10341=ORIENTED_EDGE('',*,*,#10269,.F.);
#10342=ORIENTED_EDGE('',*,*,#10311,.F.);
#10343=ORIENTED_EDGE('',*,*,#10330,.F.);
#10344=ORIENTED_EDGE('',*,*,#10242,.F.);
#10345=EDGE_LOOP('',(#10341,#10342,#10343,#10344));
#10346=FACE_OUTER_BOUND('',#10345,.F.);
#10348=FILL_AREA_STYLE_COLOUR('',#3556);
#10349=FILL_AREA_STYLE('',(#10348));
#10350=SURFACE_STYLE_FILL_AREA(#10349);
#10351=SURFACE_SIDE_STYLE('',(#10350));
#10352=SURFACE_STYLE_USAGE(.POSITIVE.,#10351);
#10353=PRESENTATION_STYLE_ASSIGNMENT((#10352));
#10354=STYLED_ITEM('',(#10353),#10347);
#10355=CARTESIAN_POINT('',(7.25E-1,7.5E-1,1.775E0));
#10356=DIRECTION('',(1.E0,0.E0,0.E0));
#10357=DIRECTION('',(0.E0,0.E0,-1.E0));
#10358=AXIS2_PLACEMENT_3D('',#10355,#10356,#10357);
#10359=PLANE('',#10358);
#10361=ORIENTED_EDGE('',*,*,#10360,.F.);
#10363=ORIENTED_EDGE('',*,*,#10362,.F.);
#10364=ORIENTED_EDGE('',*,*,#8350,.F.);
#10366=ORIENTED_EDGE('',*,*,#10365,.T.);
#10367=EDGE_LOOP('',(#10361,#10363,#10364,#10366));
#10368=FACE_OUTER_BOUND('',#10367,.F.);
#10370=FILL_AREA_STYLE_COLOUR('',#3556);
#10371=FILL_AREA_STYLE('',(#10370));
#10372=SURFACE_STYLE_FILL_AREA(#10371);
#10373=SURFACE_SIDE_STYLE('',(#10372));
#10374=SURFACE_STYLE_USAGE(.POSITIVE.,#10373);
#10375=PRESENTATION_STYLE_ASSIGNMENT((#10374));
#10376=STYLED_ITEM('',(#10375),#10369);
#10377=CARTESIAN_POINT('',(6.25E-1,3.8E0,1.625E0));
#10378=DIRECTION('',(0.E0,7.071067811865E-1,-7.071067811865E-1));
#10379=DIRECTION('',(0.E0,-7.071067811865E-1,-7.071067811865E-1));
#10380=AXIS2_PLACEMENT_3D('',#10377,#10378,#10379);
#10381=PLANE('',#10380);
#10383=ORIENTED_EDGE('',*,*,#10382,.T.);
#10385=ORIENTED_EDGE('',*,*,#10384,.F.);
#10386=ORIENTED_EDGE('',*,*,#10360,.T.);
#10388=ORIENTED_EDGE('',*,*,#10387,.T.);
#10389=EDGE_LOOP('',(#10383,#10385,#10386,#10388));
#10390=FACE_OUTER_BOUND('',#10389,.F.);
#10392=FILL_AREA_STYLE_COLOUR('',#3556);
#10393=FILL_AREA_STYLE('',(#10392));
#10394=SURFACE_STYLE_FILL_AREA(#10393);
#10395=SURFACE_SIDE_STYLE('',(#10394));
#10396=SURFACE_STYLE_USAGE(.POSITIVE.,#10395);
#10397=PRESENTATION_STYLE_ASSIGNMENT((#10396));
#10398=STYLED_ITEM('',(#10397),#10391);
#10399=CARTESIAN_POINT('',(5.25E-1,7.5E-1,1.475E0));
#10400=DIRECTION('',(-1.E0,0.E0,0.E0));
#10401=DIRECTION('',(0.E0,0.E0,1.E0));
#10402=AXIS2_PLACEMENT_3D('',#10399,#10400,#10401);
#10403=PLANE('',#10402);
#10404=ORIENTED_EDGE('',*,*,#10382,.F.);
#10406=ORIENTED_EDGE('',*,*,#10405,.F.);
#10407=ORIENTED_EDGE('',*,*,#8354,.F.);
#10409=ORIENTED_EDGE('',*,*,#10408,.T.);
#10410=EDGE_LOOP('',(#10404,#10406,#10407,#10409));
#10411=FACE_OUTER_BOUND('',#10410,.F.);
#10413=FILL_AREA_STYLE_COLOUR('',#3556);
#10414=FILL_AREA_STYLE('',(#10413));
#10415=SURFACE_STYLE_FILL_AREA(#10414);
#10416=SURFACE_SIDE_STYLE('',(#10415));
#10417=SURFACE_STYLE_USAGE(.POSITIVE.,#10416);
#10418=PRESENTATION_STYLE_ASSIGNMENT((#10417));
#10419=STYLED_ITEM('',(#10418),#10412);
#10420=CARTESIAN_POINT('',(5.25E-1,7.5E-1,1.775E0));
#10421=DIRECTION('',(0.E0,0.E0,1.E0));
#10422=DIRECTION('',(1.E0,0.E0,0.E0));
#10423=AXIS2_PLACEMENT_3D('',#10420,#10421,#10422);
#10424=PLANE('',#10423);
#10425=ORIENTED_EDGE('',*,*,#10387,.F.);
#10426=ORIENTED_EDGE('',*,*,#10365,.F.);
#10427=ORIENTED_EDGE('',*,*,#8356,.F.);
#10428=ORIENTED_EDGE('',*,*,#10405,.T.);
#10429=EDGE_LOOP('',(#10425,#10426,#10427,#10428));
#10430=FACE_OUTER_BOUND('',#10429,.F.);
#10432=CARTESIAN_POINT('',(7.25E-1,7.5E-1,1.475E0));
#10433=DIRECTION('',(0.E0,0.E0,-1.E0));
#10434=DIRECTION('',(-1.E0,0.E0,0.E0));
#10435=AXIS2_PLACEMENT_3D('',#10432,#10433,#10434);
#10436=PLANE('',#10435);
#10437=ORIENTED_EDGE('',*,*,#10384,.T.);
#10438=ORIENTED_EDGE('',*,*,#10408,.F.);
#10439=ORIENTED_EDGE('',*,*,#8352,.F.);
#10440=ORIENTED_EDGE('',*,*,#10362,.T.);
#10441=EDGE_LOOP('',(#10437,#10438,#10439,#10440));
#10442=FACE_OUTER_BOUND('',#10441,.F.);
#10444=FILL_AREA_STYLE_COLOUR('',#3556);
#10445=FILL_AREA_STYLE('',(#10444));
#10446=SURFACE_STYLE_FILL_AREA(#10445);
#10447=SURFACE_SIDE_STYLE('',(#10446));
#10448=SURFACE_STYLE_USAGE(.POSITIVE.,#10447);
#10449=PRESENTATION_STYLE_ASSIGNMENT((#10448));
#10450=STYLED_ITEM('',(#10449),#10443);
#10451=CARTESIAN_POINT('',(7.25E-1,7.5E-1,5.E-1));
#10452=DIRECTION('',(1.E0,0.E0,0.E0));
#10453=DIRECTION('',(0.E0,0.E0,-1.E0));
#10454=AXIS2_PLACEMENT_3D('',#10451,#10452,#10453);
#10455=PLANE('',#10454);
#10457=ORIENTED_EDGE('',*,*,#10456,.F.);
#10459=ORIENTED_EDGE('',*,*,#10458,.T.);
#10461=ORIENTED_EDGE('',*,*,#10460,.F.);
#10462=ORIENTED_EDGE('',*,*,#8360,.F.);
#10464=ORIENTED_EDGE('',*,*,#10463,.T.);
#10465=EDGE_LOOP('',(#10457,#10459,#10461,#10462,#10464));
#10466=FACE_OUTER_BOUND('',#10465,.F.);
#10468=FILL_AREA_STYLE_COLOUR('',#3556);
#10469=FILL_AREA_STYLE('',(#10468));
#10470=SURFACE_STYLE_FILL_AREA(#10469);
#10471=SURFACE_SIDE_STYLE('',(#10470));
#10472=SURFACE_STYLE_USAGE(.POSITIVE.,#10471);
#10473=PRESENTATION_STYLE_ASSIGNMENT((#10472));
#10474=STYLED_ITEM('',(#10473),#10467);
#10475=CARTESIAN_POINT('',(6.25E-1,3.8E0,3.5E-1));
#10476=DIRECTION('',(0.E0,7.071067811865E-1,7.071067811865E-1));
#10477=DIRECTION('',(0.E0,-7.071067811865E-1,7.071067811865E-1));
#10478=AXIS2_PLACEMENT_3D('',#10475,#10476,#10477);
#10479=PLANE('',#10478);
#10480=ORIENTED_EDGE('',*,*,#10456,.T.);
#10482=ORIENTED_EDGE('',*,*,#10481,.F.);
#10484=ORIENTED_EDGE('',*,*,#10483,.T.);
#10486=ORIENTED_EDGE('',*,*,#10485,.T.);
#10487=EDGE_LOOP('',(#10480,#10482,#10484,#10486));
#10488=FACE_OUTER_BOUND('',#10487,.F.);
#10490=FILL_AREA_STYLE_COLOUR('',#3556);
#10491=FILL_AREA_STYLE('',(#10490));
#10492=SURFACE_STYLE_FILL_AREA(#10491);
#10493=SURFACE_SIDE_STYLE('',(#10492));
#10494=SURFACE_STYLE_USAGE(.POSITIVE.,#10493);
#10495=PRESENTATION_STYLE_ASSIGNMENT((#10494));
#10496=STYLED_ITEM('',(#10495),#10489);
#10497=CARTESIAN_POINT('',(5.25E-1,7.5E-1,5.E-1));
#10498=DIRECTION('',(0.E0,0.E0,1.E0));
#10499=DIRECTION('',(1.E0,0.E0,0.E0));
#10500=AXIS2_PLACEMENT_3D('',#10497,#10498,#10499);
#10501=PLANE('',#10500);
#10502=ORIENTED_EDGE('',*,*,#10481,.T.);
#10503=ORIENTED_EDGE('',*,*,#10463,.F.);
#10504=ORIENTED_EDGE('',*,*,#8366,.F.);
#10506=ORIENTED_EDGE('',*,*,#10505,.T.);
#10507=EDGE_LOOP('',(#10502,#10503,#10504,#10506));
#10508=FACE_OUTER_BOUND('',#10507,.F.);
#10510=FILL_AREA_STYLE_COLOUR('',#3556);
#10511=FILL_AREA_STYLE('',(#10510));
#10512=SURFACE_STYLE_FILL_AREA(#10511);
#10513=SURFACE_SIDE_STYLE('',(#10512));
#10514=SURFACE_STYLE_USAGE(.POSITIVE.,#10513);
#10515=PRESENTATION_STYLE_ASSIGNMENT((#10514));
#10516=STYLED_ITEM('',(#10515),#10509);
#10517=CARTESIAN_POINT('',(5.25E-1,7.5E-1,5.E-2));
#10518=DIRECTION('',(-1.E0,0.E0,0.E0));
#10519=DIRECTION('',(0.E0,0.E0,1.E0));
#10520=AXIS2_PLACEMENT_3D('',#10517,#10518,#10519);
#10521=PLANE('',#10520);
#10522=ORIENTED_EDGE('',*,*,#10483,.F.);
#10523=ORIENTED_EDGE('',*,*,#10505,.F.);
#10524=ORIENTED_EDGE('',*,*,#8364,.F.);
#10526=ORIENTED_EDGE('',*,*,#10525,.T.);
#10528=ORIENTED_EDGE('',*,*,#10527,.T.);
#10529=EDGE_LOOP('',(#10522,#10523,#10524,#10526,#10528));
#10530=FACE_OUTER_BOUND('',#10529,.F.);
#10532=FILL_AREA_STYLE_COLOUR('',#3556);
#10533=FILL_AREA_STYLE('',(#10532));
#10534=SURFACE_STYLE_FILL_AREA(#10533);
#10535=SURFACE_SIDE_STYLE('',(#10534));
#10536=SURFACE_STYLE_USAGE(.POSITIVE.,#10535);
#10537=PRESENTATION_STYLE_ASSIGNMENT((#10536));
#10538=STYLED_ITEM('',(#10537),#10531);
#10539=CARTESIAN_POINT('',(7.25E-1,7.5E-1,5.E-2));
#10540=DIRECTION('',(0.E0,0.E0,-1.E0));
#10541=DIRECTION('',(-1.E0,0.E0,0.E0));
#10542=AXIS2_PLACEMENT_3D('',#10539,#10540,#10541);
#10543=PLANE('',#10542);
#10544=ORIENTED_EDGE('',*,*,#8362,.F.);
#10545=ORIENTED_EDGE('',*,*,#10460,.T.);
#10547=ORIENTED_EDGE('',*,*,#10546,.T.);
#10548=ORIENTED_EDGE('',*,*,#10525,.F.);
#10549=EDGE_LOOP('',(#10544,#10545,#10547,#10548));
#10550=FACE_OUTER_BOUND('',#10549,.F.);
#10552=CARTESIAN_POINT('',(0.E0,3.95E0,0.E0));
#10553=DIRECTION('',(0.E0,1.E0,0.E0));
#10554=DIRECTION('',(-1.E0,0.E0,0.E0));
#10555=AXIS2_PLACEMENT_3D('',#10552,#10553,#10554);
#10556=PLANE('',#10555);
#10557=ORIENTED_EDGE('',*,*,#10485,.F.);
#10558=ORIENTED_EDGE('',*,*,#10527,.F.);
#10559=ORIENTED_EDGE('',*,*,#10546,.F.);
#10560=ORIENTED_EDGE('',*,*,#10458,.F.);
#10561=EDGE_LOOP('',(#10557,#10558,#10559,#10560));
#10562=FACE_OUTER_BOUND('',#10561,.F.);
#10564=FILL_AREA_STYLE_COLOUR('',#3556);
#10565=FILL_AREA_STYLE('',(#10564));
#10566=SURFACE_STYLE_FILL_AREA(#10565);
#10567=SURFACE_SIDE_STYLE('',(#10566));
#10568=SURFACE_STYLE_USAGE(.POSITIVE.,#10567);
#10569=PRESENTATION_STYLE_ASSIGNMENT((#10568));
#10570=STYLED_ITEM('',(#10569),#10563);
#10571=CARTESIAN_POINT('',(1.975E0,7.5E-1,1.775E0));
#10572=DIRECTION('',(1.E0,0.E0,0.E0));
#10573=DIRECTION('',(0.E0,0.E0,-1.E0));
#10574=AXIS2_PLACEMENT_3D('',#10571,#10572,#10573);
#10575=PLANE('',#10574);
#10577=ORIENTED_EDGE('',*,*,#10576,.F.);
#10579=ORIENTED_EDGE('',*,*,#10578,.F.);
#10580=ORIENTED_EDGE('',*,*,#8370,.F.);
#10582=ORIENTED_EDGE('',*,*,#10581,.T.);
#10583=EDGE_LOOP('',(#10577,#10579,#10580,#10582));
#10584=FACE_OUTER_BOUND('',#10583,.F.);
#10586=FILL_AREA_STYLE_COLOUR('',#3556);
#10587=FILL_AREA_STYLE('',(#10586));
#10588=SURFACE_STYLE_FILL_AREA(#10587);
#10589=SURFACE_SIDE_STYLE('',(#10588));
#10590=SURFACE_STYLE_USAGE(.POSITIVE.,#10589);
#10591=PRESENTATION_STYLE_ASSIGNMENT((#10590));
#10592=STYLED_ITEM('',(#10591),#10585);
#10593=CARTESIAN_POINT('',(1.875E0,3.8E0,1.625E0));
#10594=DIRECTION('',(0.E0,7.071067811865E-1,-7.071067811865E-1));
#10595=DIRECTION('',(0.E0,-7.071067811865E-1,-7.071067811865E-1));
#10596=AXIS2_PLACEMENT_3D('',#10593,#10594,#10595);
#10597=PLANE('',#10596);
#10599=ORIENTED_EDGE('',*,*,#10598,.T.);
#10601=ORIENTED_EDGE('',*,*,#10600,.F.);
#10602=ORIENTED_EDGE('',*,*,#10576,.T.);
#10604=ORIENTED_EDGE('',*,*,#10603,.T.);
#10605=EDGE_LOOP('',(#10599,#10601,#10602,#10604));
#10606=FACE_OUTER_BOUND('',#10605,.F.);
#10608=FILL_AREA_STYLE_COLOUR('',#3556);
#10609=FILL_AREA_STYLE('',(#10608));
#10610=SURFACE_STYLE_FILL_AREA(#10609);
#10611=SURFACE_SIDE_STYLE('',(#10610));
#10612=SURFACE_STYLE_USAGE(.POSITIVE.,#10611);
#10613=PRESENTATION_STYLE_ASSIGNMENT((#10612));
#10614=STYLED_ITEM('',(#10613),#10607);
#10615=CARTESIAN_POINT('',(1.775E0,7.5E-1,1.475E0));
#10616=DIRECTION('',(-1.E0,0.E0,0.E0));
#10617=DIRECTION('',(0.E0,0.E0,1.E0));
#10618=AXIS2_PLACEMENT_3D('',#10615,#10616,#10617);
#10619=PLANE('',#10618);
#10620=ORIENTED_EDGE('',*,*,#10598,.F.);
#10622=ORIENTED_EDGE('',*,*,#10621,.F.);
#10623=ORIENTED_EDGE('',*,*,#8374,.F.);
#10625=ORIENTED_EDGE('',*,*,#10624,.T.);
#10626=EDGE_LOOP('',(#10620,#10622,#10623,#10625));
#10627=FACE_OUTER_BOUND('',#10626,.F.);
#10629=FILL_AREA_STYLE_COLOUR('',#3556);
#10630=FILL_AREA_STYLE('',(#10629));
#10631=SURFACE_STYLE_FILL_AREA(#10630);
#10632=SURFACE_SIDE_STYLE('',(#10631));
#10633=SURFACE_STYLE_USAGE(.POSITIVE.,#10632);
#10634=PRESENTATION_STYLE_ASSIGNMENT((#10633));
#10635=STYLED_ITEM('',(#10634),#10628);
#10636=CARTESIAN_POINT('',(1.775E0,7.5E-1,1.775E0));
#10637=DIRECTION('',(0.E0,0.E0,1.E0));
#10638=DIRECTION('',(1.E0,0.E0,0.E0));
#10639=AXIS2_PLACEMENT_3D('',#10636,#10637,#10638);
#10640=PLANE('',#10639);
#10641=ORIENTED_EDGE('',*,*,#10603,.F.);
#10642=ORIENTED_EDGE('',*,*,#10581,.F.);
#10643=ORIENTED_EDGE('',*,*,#8376,.F.);
#10644=ORIENTED_EDGE('',*,*,#10621,.T.);
#10645=EDGE_LOOP('',(#10641,#10642,#10643,#10644));
#10646=FACE_OUTER_BOUND('',#10645,.F.);
#10648=CARTESIAN_POINT('',(1.975E0,7.5E-1,1.475E0));
#10649=DIRECTION('',(0.E0,0.E0,-1.E0));
#10650=DIRECTION('',(-1.E0,0.E0,0.E0));
#10651=AXIS2_PLACEMENT_3D('',#10648,#10649,#10650);
#10652=PLANE('',#10651);
#10653=ORIENTED_EDGE('',*,*,#10600,.T.);
#10654=ORIENTED_EDGE('',*,*,#10624,.F.);
#10655=ORIENTED_EDGE('',*,*,#8372,.F.);
#10656=ORIENTED_EDGE('',*,*,#10578,.T.);
#10657=EDGE_LOOP('',(#10653,#10654,#10655,#10656));
#10658=FACE_OUTER_BOUND('',#10657,.F.);
#10660=FILL_AREA_STYLE_COLOUR('',#3556);
#10661=FILL_AREA_STYLE('',(#10660));
#10662=SURFACE_STYLE_FILL_AREA(#10661);
#10663=SURFACE_SIDE_STYLE('',(#10662));
#10664=SURFACE_STYLE_USAGE(.POSITIVE.,#10663);
#10665=PRESENTATION_STYLE_ASSIGNMENT((#10664));
#10666=STYLED_ITEM('',(#10665),#10659);
#10667=CARTESIAN_POINT('',(1.975E0,7.5E-1,5.E-1));
#10668=DIRECTION('',(1.E0,0.E0,0.E0));
#10669=DIRECTION('',(0.E0,0.E0,-1.E0));
#10670=AXIS2_PLACEMENT_3D('',#10667,#10668,#10669);
#10671=PLANE('',#10670);
#10673=ORIENTED_EDGE('',*,*,#10672,.F.);
#10675=ORIENTED_EDGE('',*,*,#10674,.T.);
#10677=ORIENTED_EDGE('',*,*,#10676,.F.);
#10678=ORIENTED_EDGE('',*,*,#8380,.F.);
#10680=ORIENTED_EDGE('',*,*,#10679,.T.);
#10681=EDGE_LOOP('',(#10673,#10675,#10677,#10678,#10680));
#10682=FACE_OUTER_BOUND('',#10681,.F.);
#10684=FILL_AREA_STYLE_COLOUR('',#3556);
#10685=FILL_AREA_STYLE('',(#10684));
#10686=SURFACE_STYLE_FILL_AREA(#10685);
#10687=SURFACE_SIDE_STYLE('',(#10686));
#10688=SURFACE_STYLE_USAGE(.POSITIVE.,#10687);
#10689=PRESENTATION_STYLE_ASSIGNMENT((#10688));
#10690=STYLED_ITEM('',(#10689),#10683);
#10691=CARTESIAN_POINT('',(1.875E0,3.8E0,3.5E-1));
#10692=DIRECTION('',(0.E0,7.071067811865E-1,7.071067811865E-1));
#10693=DIRECTION('',(0.E0,-7.071067811865E-1,7.071067811865E-1));
#10694=AXIS2_PLACEMENT_3D('',#10691,#10692,#10693);
#10695=PLANE('',#10694);
#10696=ORIENTED_EDGE('',*,*,#10672,.T.);
#10698=ORIENTED_EDGE('',*,*,#10697,.F.);
#10700=ORIENTED_EDGE('',*,*,#10699,.T.);
#10702=ORIENTED_EDGE('',*,*,#10701,.T.);
#10703=EDGE_LOOP('',(#10696,#10698,#10700,#10702));
#10704=FACE_OUTER_BOUND('',#10703,.F.);
#10706=FILL_AREA_STYLE_COLOUR('',#3556);
#10707=FILL_AREA_STYLE('',(#10706));
#10708=SURFACE_STYLE_FILL_AREA(#10707);
#10709=SURFACE_SIDE_STYLE('',(#10708));
#10710=SURFACE_STYLE_USAGE(.POSITIVE.,#10709);
#10711=PRESENTATION_STYLE_ASSIGNMENT((#10710));
#10712=STYLED_ITEM('',(#10711),#10705);
#10713=CARTESIAN_POINT('',(1.775E0,7.5E-1,5.E-1));
#10714=DIRECTION('',(0.E0,0.E0,1.E0));
#10715=DIRECTION('',(1.E0,0.E0,0.E0));
#10716=AXIS2_PLACEMENT_3D('',#10713,#10714,#10715);
#10717=PLANE('',#10716);
#10718=ORIENTED_EDGE('',*,*,#10697,.T.);
#10719=ORIENTED_EDGE('',*,*,#10679,.F.);
#10720=ORIENTED_EDGE('',*,*,#8386,.F.);
#10722=ORIENTED_EDGE('',*,*,#10721,.T.);
#10723=EDGE_LOOP('',(#10718,#10719,#10720,#10722));
#10724=FACE_OUTER_BOUND('',#10723,.F.);
#10726=FILL_AREA_STYLE_COLOUR('',#3556);
#10727=FILL_AREA_STYLE('',(#10726));
#10728=SURFACE_STYLE_FILL_AREA(#10727);
#10729=SURFACE_SIDE_STYLE('',(#10728));
#10730=SURFACE_STYLE_USAGE(.POSITIVE.,#10729);
#10731=PRESENTATION_STYLE_ASSIGNMENT((#10730));
#10732=STYLED_ITEM('',(#10731),#10725);
#10733=CARTESIAN_POINT('',(1.775E0,7.5E-1,5.E-2));
#10734=DIRECTION('',(-1.E0,0.E0,0.E0));
#10735=DIRECTION('',(0.E0,0.E0,1.E0));
#10736=AXIS2_PLACEMENT_3D('',#10733,#10734,#10735);
#10737=PLANE('',#10736);
#10738=ORIENTED_EDGE('',*,*,#10699,.F.);
#10739=ORIENTED_EDGE('',*,*,#10721,.F.);
#10740=ORIENTED_EDGE('',*,*,#8384,.F.);
#10742=ORIENTED_EDGE('',*,*,#10741,.T.);
#10744=ORIENTED_EDGE('',*,*,#10743,.T.);
#10745=EDGE_LOOP('',(#10738,#10739,#10740,#10742,#10744));
#10746=FACE_OUTER_BOUND('',#10745,.F.);
#10748=FILL_AREA_STYLE_COLOUR('',#3556);
#10749=FILL_AREA_STYLE('',(#10748));
#10750=SURFACE_STYLE_FILL_AREA(#10749);
#10751=SURFACE_SIDE_STYLE('',(#10750));
#10752=SURFACE_STYLE_USAGE(.POSITIVE.,#10751);
#10753=PRESENTATION_STYLE_ASSIGNMENT((#10752));
#10754=STYLED_ITEM('',(#10753),#10747);
#10755=CARTESIAN_POINT('',(1.975E0,7.5E-1,5.E-2));
#10756=DIRECTION('',(0.E0,0.E0,-1.E0));
#10757=DIRECTION('',(-1.E0,0.E0,0.E0));
#10758=AXIS2_PLACEMENT_3D('',#10755,#10756,#10757);
#10759=PLANE('',#10758);
#10760=ORIENTED_EDGE('',*,*,#8382,.F.);
#10761=ORIENTED_EDGE('',*,*,#10676,.T.);
#10763=ORIENTED_EDGE('',*,*,#10762,.T.);
#10764=ORIENTED_EDGE('',*,*,#10741,.F.);
#10765=EDGE_LOOP('',(#10760,#10761,#10763,#10764));
#10766=FACE_OUTER_BOUND('',#10765,.F.);
#10768=CARTESIAN_POINT('',(0.E0,3.95E0,0.E0));
#10769=DIRECTION('',(0.E0,1.E0,0.E0));
#10770=DIRECTION('',(-1.E0,0.E0,0.E0));
#10771=AXIS2_PLACEMENT_3D('',#10768,#10769,#10770);
#10772=PLANE('',#10771);
#10773=ORIENTED_EDGE('',*,*,#10701,.F.);
#10774=ORIENTED_EDGE('',*,*,#10743,.F.);
#10775=ORIENTED_EDGE('',*,*,#10762,.F.);
#10776=ORIENTED_EDGE('',*,*,#10674,.F.);
#10777=EDGE_LOOP('',(#10773,#10774,#10775,#10776));
#10778=FACE_OUTER_BOUND('',#10777,.F.);
#10780=FILL_AREA_STYLE_COLOUR('',#3556);
#10781=FILL_AREA_STYLE('',(#10780));
#10782=SURFACE_STYLE_FILL_AREA(#10781);
#10783=SURFACE_SIDE_STYLE('',(#10782));
#10784=SURFACE_STYLE_USAGE(.POSITIVE.,#10783);
#10785=PRESENTATION_STYLE_ASSIGNMENT((#10784));
#10786=STYLED_ITEM('',(#10785),#10779);
#10787=CARTESIAN_POINT('',(3.225E0,7.5E-1,1.775E0));
#10788=DIRECTION('',(1.E0,0.E0,0.E0));
#10789=DIRECTION('',(0.E0,0.E0,-1.E0));
#10790=AXIS2_PLACEMENT_3D('',#10787,#10788,#10789);
#10791=PLANE('',#10790);
#10793=ORIENTED_EDGE('',*,*,#10792,.F.);
#10795=ORIENTED_EDGE('',*,*,#10794,.F.);
#10796=ORIENTED_EDGE('',*,*,#8390,.F.);
#10798=ORIENTED_EDGE('',*,*,#10797,.T.);
#10799=EDGE_LOOP('',(#10793,#10795,#10796,#10798));
#10800=FACE_OUTER_BOUND('',#10799,.F.);
#10802=FILL_AREA_STYLE_COLOUR('',#3556);
#10803=FILL_AREA_STYLE('',(#10802));
#10804=SURFACE_STYLE_FILL_AREA(#10803);
#10805=SURFACE_SIDE_STYLE('',(#10804));
#10806=SURFACE_STYLE_USAGE(.POSITIVE.,#10805);
#10807=PRESENTATION_STYLE_ASSIGNMENT((#10806));
#10808=STYLED_ITEM('',(#10807),#10801);
#10809=CARTESIAN_POINT('',(3.125E0,3.8E0,1.625E0));
#10810=DIRECTION('',(0.E0,7.071067811865E-1,-7.071067811865E-1));
#10811=DIRECTION('',(0.E0,-7.071067811865E-1,-7.071067811865E-1));
#10812=AXIS2_PLACEMENT_3D('',#10809,#10810,#10811);
#10813=PLANE('',#10812);
#10815=ORIENTED_EDGE('',*,*,#10814,.T.);
#10817=ORIENTED_EDGE('',*,*,#10816,.F.);
#10818=ORIENTED_EDGE('',*,*,#10792,.T.);
#10820=ORIENTED_EDGE('',*,*,#10819,.T.);
#10821=EDGE_LOOP('',(#10815,#10817,#10818,#10820));
#10822=FACE_OUTER_BOUND('',#10821,.F.);
#10824=FILL_AREA_STYLE_COLOUR('',#3556);
#10825=FILL_AREA_STYLE('',(#10824));
#10826=SURFACE_STYLE_FILL_AREA(#10825);
#10827=SURFACE_SIDE_STYLE('',(#10826));
#10828=SURFACE_STYLE_USAGE(.POSITIVE.,#10827);
#10829=PRESENTATION_STYLE_ASSIGNMENT((#10828));
#10830=STYLED_ITEM('',(#10829),#10823);
#10831=CARTESIAN_POINT('',(3.025E0,7.5E-1,1.475E0));
#10832=DIRECTION('',(-1.E0,0.E0,0.E0));
#10833=DIRECTION('',(0.E0,0.E0,1.E0));
#10834=AXIS2_PLACEMENT_3D('',#10831,#10832,#10833);
#10835=PLANE('',#10834);
#10836=ORIENTED_EDGE('',*,*,#10814,.F.);
#10838=ORIENTED_EDGE('',*,*,#10837,.F.);
#10839=ORIENTED_EDGE('',*,*,#8394,.F.);
#10841=ORIENTED_EDGE('',*,*,#10840,.T.);
#10842=EDGE_LOOP('',(#10836,#10838,#10839,#10841));
#10843=FACE_OUTER_BOUND('',#10842,.F.);
#10845=FILL_AREA_STYLE_COLOUR('',#3556);
#10846=FILL_AREA_STYLE('',(#10845));
#10847=SURFACE_STYLE_FILL_AREA(#10846);
#10848=SURFACE_SIDE_STYLE('',(#10847));
#10849=SURFACE_STYLE_USAGE(.POSITIVE.,#10848);
#10850=PRESENTATION_STYLE_ASSIGNMENT((#10849));
#10851=STYLED_ITEM('',(#10850),#10844);
#10852=CARTESIAN_POINT('',(3.025E0,7.5E-1,1.775E0));
#10853=DIRECTION('',(0.E0,0.E0,1.E0));
#10854=DIRECTION('',(1.E0,0.E0,0.E0));
#10855=AXIS2_PLACEMENT_3D('',#10852,#10853,#10854);
#10856=PLANE('',#10855);
#10857=ORIENTED_EDGE('',*,*,#10819,.F.);
#10858=ORIENTED_EDGE('',*,*,#10797,.F.);
#10859=ORIENTED_EDGE('',*,*,#8396,.F.);
#10860=ORIENTED_EDGE('',*,*,#10837,.T.);
#10861=EDGE_LOOP('',(#10857,#10858,#10859,#10860));
#10862=FACE_OUTER_BOUND('',#10861,.F.);
#10864=CARTESIAN_POINT('',(3.225E0,7.5E-1,1.475E0));
#10865=DIRECTION('',(0.E0,0.E0,-1.E0));
#10866=DIRECTION('',(-1.E0,0.E0,0.E0));
#10867=AXIS2_PLACEMENT_3D('',#10864,#10865,#10866);
#10868=PLANE('',#10867);
#10869=ORIENTED_EDGE('',*,*,#10816,.T.);
#10870=ORIENTED_EDGE('',*,*,#10840,.F.);
#10871=ORIENTED_EDGE('',*,*,#8392,.F.);
#10872=ORIENTED_EDGE('',*,*,#10794,.T.);
#10873=EDGE_LOOP('',(#10869,#10870,#10871,#10872));
#10874=FACE_OUTER_BOUND('',#10873,.F.);
#10876=FILL_AREA_STYLE_COLOUR('',#3556);
#10877=FILL_AREA_STYLE('',(#10876));
#10878=SURFACE_STYLE_FILL_AREA(#10877);
#10879=SURFACE_SIDE_STYLE('',(#10878));
#10880=SURFACE_STYLE_USAGE(.POSITIVE.,#10879);
#10881=PRESENTATION_STYLE_ASSIGNMENT((#10880));
#10882=STYLED_ITEM('',(#10881),#10875);
#10883=CARTESIAN_POINT('',(3.225E0,7.5E-1,5.E-1));
#10884=DIRECTION('',(1.E0,0.E0,0.E0));
#10885=DIRECTION('',(0.E0,0.E0,-1.E0));
#10886=AXIS2_PLACEMENT_3D('',#10883,#10884,#10885);
#10887=PLANE('',#10886);
#10889=ORIENTED_EDGE('',*,*,#10888,.F.);
#10891=ORIENTED_EDGE('',*,*,#10890,.T.);
#10893=ORIENTED_EDGE('',*,*,#10892,.F.);
#10894=ORIENTED_EDGE('',*,*,#8400,.F.);
#10896=ORIENTED_EDGE('',*,*,#10895,.T.);
#10897=EDGE_LOOP('',(#10889,#10891,#10893,#10894,#10896));
#10898=FACE_OUTER_BOUND('',#10897,.F.);
#10900=FILL_AREA_STYLE_COLOUR('',#3556);
#10901=FILL_AREA_STYLE('',(#10900));
#10902=SURFACE_STYLE_FILL_AREA(#10901);
#10903=SURFACE_SIDE_STYLE('',(#10902));
#10904=SURFACE_STYLE_USAGE(.POSITIVE.,#10903);
#10905=PRESENTATION_STYLE_ASSIGNMENT((#10904));
#10906=STYLED_ITEM('',(#10905),#10899);
#10907=CARTESIAN_POINT('',(3.125E0,3.8E0,3.5E-1));
#10908=DIRECTION('',(0.E0,7.071067811865E-1,7.071067811865E-1));
#10909=DIRECTION('',(0.E0,-7.071067811865E-1,7.071067811865E-1));
#10910=AXIS2_PLACEMENT_3D('',#10907,#10908,#10909);
#10911=PLANE('',#10910);
#10912=ORIENTED_EDGE('',*,*,#10888,.T.);
#10914=ORIENTED_EDGE('',*,*,#10913,.F.);
#10916=ORIENTED_EDGE('',*,*,#10915,.T.);
#10918=ORIENTED_EDGE('',*,*,#10917,.T.);
#10919=EDGE_LOOP('',(#10912,#10914,#10916,#10918));
#10920=FACE_OUTER_BOUND('',#10919,.F.);
#10922=FILL_AREA_STYLE_COLOUR('',#3556);
#10923=FILL_AREA_STYLE('',(#10922));
#10924=SURFACE_STYLE_FILL_AREA(#10923);
#10925=SURFACE_SIDE_STYLE('',(#10924));
#10926=SURFACE_STYLE_USAGE(.POSITIVE.,#10925);
#10927=PRESENTATION_STYLE_ASSIGNMENT((#10926));
#10928=STYLED_ITEM('',(#10927),#10921);
#10929=CARTESIAN_POINT('',(3.025E0,7.5E-1,5.E-1));
#10930=DIRECTION('',(0.E0,0.E0,1.E0));
#10931=DIRECTION('',(1.E0,0.E0,0.E0));
#10932=AXIS2_PLACEMENT_3D('',#10929,#10930,#10931);
#10933=PLANE('',#10932);
#10934=ORIENTED_EDGE('',*,*,#10913,.T.);
#10935=ORIENTED_EDGE('',*,*,#10895,.F.);
#10936=ORIENTED_EDGE('',*,*,#8406,.F.);
#10938=ORIENTED_EDGE('',*,*,#10937,.T.);
#10939=EDGE_LOOP('',(#10934,#10935,#10936,#10938));
#10940=FACE_OUTER_BOUND('',#10939,.F.);
#10942=FILL_AREA_STYLE_COLOUR('',#3556);
#10943=FILL_AREA_STYLE('',(#10942));
#10944=SURFACE_STYLE_FILL_AREA(#10943);
#10945=SURFACE_SIDE_STYLE('',(#10944));
#10946=SURFACE_STYLE_USAGE(.POSITIVE.,#10945);
#10947=PRESENTATION_STYLE_ASSIGNMENT((#10946));
#10948=STYLED_ITEM('',(#10947),#10941);
#10949=CARTESIAN_POINT('',(3.025E0,7.5E-1,5.E-2));
#10950=DIRECTION('',(-1.E0,0.E0,0.E0));
#10951=DIRECTION('',(0.E0,0.E0,1.E0));
#10952=AXIS2_PLACEMENT_3D('',#10949,#10950,#10951);
#10953=PLANE('',#10952);
#10954=ORIENTED_EDGE('',*,*,#10915,.F.);
#10955=ORIENTED_EDGE('',*,*,#10937,.F.);
#10956=ORIENTED_EDGE('',*,*,#8404,.F.);
#10958=ORIENTED_EDGE('',*,*,#10957,.T.);
#10960=ORIENTED_EDGE('',*,*,#10959,.T.);
#10961=EDGE_LOOP('',(#10954,#10955,#10956,#10958,#10960));
#10962=FACE_OUTER_BOUND('',#10961,.F.);
#10964=FILL_AREA_STYLE_COLOUR('',#3556);
#10965=FILL_AREA_STYLE('',(#10964));
#10966=SURFACE_STYLE_FILL_AREA(#10965);
#10967=SURFACE_SIDE_STYLE('',(#10966));
#10968=SURFACE_STYLE_USAGE(.POSITIVE.,#10967);
#10969=PRESENTATION_STYLE_ASSIGNMENT((#10968));
#10970=STYLED_ITEM('',(#10969),#10963);
#10971=CARTESIAN_POINT('',(3.225E0,7.5E-1,5.E-2));
#10972=DIRECTION('',(0.E0,0.E0,-1.E0));
#10973=DIRECTION('',(-1.E0,0.E0,0.E0));
#10974=AXIS2_PLACEMENT_3D('',#10971,#10972,#10973);
#10975=PLANE('',#10974);
#10976=ORIENTED_EDGE('',*,*,#8402,.F.);
#10977=ORIENTED_EDGE('',*,*,#10892,.T.);
#10979=ORIENTED_EDGE('',*,*,#10978,.T.);
#10980=ORIENTED_EDGE('',*,*,#10957,.F.);
#10981=EDGE_LOOP('',(#10976,#10977,#10979,#10980));
#10982=FACE_OUTER_BOUND('',#10981,.F.);
#10984=CARTESIAN_POINT('',(0.E0,3.95E0,0.E0));
#10985=DIRECTION('',(0.E0,1.E0,0.E0));
#10986=DIRECTION('',(-1.E0,0.E0,0.E0));
#10987=AXIS2_PLACEMENT_3D('',#10984,#10985,#10986);
#10988=PLANE('',#10987);
#10989=ORIENTED_EDGE('',*,*,#10917,.F.);
#10990=ORIENTED_EDGE('',*,*,#10959,.F.);
#10991=ORIENTED_EDGE('',*,*,#10978,.F.);
#10992=ORIENTED_EDGE('',*,*,#10890,.F.);
#10993=EDGE_LOOP('',(#10989,#10990,#10991,#10992));
#10994=FACE_OUTER_BOUND('',#10993,.F.);
#10996=FILL_AREA_STYLE_COLOUR('',#3556);
#10997=FILL_AREA_STYLE('',(#10996));
#10998=SURFACE_STYLE_FILL_AREA(#10997);
#10999=SURFACE_SIDE_STYLE('',(#10998));
#11000=SURFACE_STYLE_USAGE(.POSITIVE.,#10999);
#11001=PRESENTATION_STYLE_ASSIGNMENT((#11000));
#11002=STYLED_ITEM('',(#11001),#10995);
#11003=CARTESIAN_POINT('',(-3.525E0,4.25E0,-1.725E0));
#11004=DIRECTION('',(-1.E0,0.E0,0.E0));
#11005=DIRECTION('',(0.E0,0.E0,1.E0));
#11006=AXIS2_PLACEMENT_3D('',#11003,#11004,#11005);
#11007=PLANE('',#11006);
#11009=ORIENTED_EDGE('',*,*,#11008,.T.);
#11010=ORIENTED_EDGE('',*,*,#7208,.T.);
#11012=ORIENTED_EDGE('',*,*,#11011,.F.);
#11013=ORIENTED_EDGE('',*,*,#7846,.F.);
#11014=EDGE_LOOP('',(#11009,#11010,#11012,#11013));
#11015=FACE_OUTER_BOUND('',#11014,.F.);
#11017=CARTESIAN_POINT('',(3.525E0,4.25E0,-1.725E0));
#11018=DIRECTION('',(0.E0,0.E0,-1.E0));
#11019=DIRECTION('',(-1.E0,0.E0,0.E0));
#11020=AXIS2_PLACEMENT_3D('',#11017,#11018,#11019);
#11021=PLANE('',#11020);
#11023=ORIENTED_EDGE('',*,*,#11022,.T.);
#11024=ORIENTED_EDGE('',*,*,#7210,.T.);
#11025=ORIENTED_EDGE('',*,*,#11008,.F.);
#11026=ORIENTED_EDGE('',*,*,#7852,.F.);
#11027=EDGE_LOOP('',(#11023,#11024,#11025,#11026));
#11028=FACE_OUTER_BOUND('',#11027,.F.);
#11030=CARTESIAN_POINT('',(3.525E0,4.25E0,-3.75E-1));
#11031=DIRECTION('',(1.E0,0.E0,0.E0));
#11032=DIRECTION('',(0.E0,0.E0,-1.E0));
#11033=AXIS2_PLACEMENT_3D('',#11030,#11031,#11032);
#11034=PLANE('',#11033);
#11036=ORIENTED_EDGE('',*,*,#11035,.F.);
#11037=ORIENTED_EDGE('',*,*,#7204,.T.);
#11038=ORIENTED_EDGE('',*,*,#11022,.F.);
#11039=ORIENTED_EDGE('',*,*,#7850,.F.);
#11040=EDGE_LOOP('',(#11036,#11037,#11038,#11039));
#11041=FACE_OUTER_BOUND('',#11040,.F.);
#11043=CARTESIAN_POINT('',(-3.525E0,4.25E0,-3.75E-1));
#11044=DIRECTION('',(0.E0,0.E0,1.E0));
#11045=DIRECTION('',(1.E0,0.E0,0.E0));
#11046=AXIS2_PLACEMENT_3D('',#11043,#11044,#11045);
#11047=PLANE('',#11046);
#11048=ORIENTED_EDGE('',*,*,#11011,.T.);
#11049=ORIENTED_EDGE('',*,*,#7206,.T.);
#11050=ORIENTED_EDGE('',*,*,#11035,.T.);
#11051=ORIENTED_EDGE('',*,*,#7848,.F.);
#11052=EDGE_LOOP('',(#11048,#11049,#11050,#11051));
#11053=FACE_OUTER_BOUND('',#11052,.F.);
#11055=ORIENTED_EDGE('',*,*,#11054,.T.);
#11057=ORIENTED_EDGE('',*,*,#11056,.T.);
#11059=ORIENTED_EDGE('',*,*,#11058,.T.);
#11061=ORIENTED_EDGE('',*,*,#11060,.T.);
#11062=EDGE_LOOP('',(#11055,#11057,#11059,#11061));
#11063=FACE_BOUND('',#11062,.F.);
#11065=CARTESIAN_POINT('',(0.E0,3.35E0,-6.25E-1));
#11066=DIRECTION('',(0.E0,5.299989400032E-1,-8.479983040051E-1));
#11067=DIRECTION('',(0.E0,8.479983040051E-1,5.299989400032E-1));
#11068=AXIS2_PLACEMENT_3D('',#11065,#11066,#11067);
#11069=PLANE('',#11068);
#11071=ORIENTED_EDGE('',*,*,#11070,.T.);
#11072=ORIENTED_EDGE('',*,*,#11054,.F.);
#11074=ORIENTED_EDGE('',*,*,#11073,.T.);
#11076=ORIENTED_EDGE('',*,*,#11075,.T.);
#11077=EDGE_LOOP('',(#11071,#11072,#11074,#11076));
#11078=FACE_OUTER_BOUND('',#11077,.F.);
#11080=CARTESIAN_POINT('',(2.225E0,3.75E0,-3.75E-1));
#11081=DIRECTION('',(1.E0,0.E0,0.E0));
#11082=DIRECTION('',(0.E0,-1.E0,0.E0));
#11083=AXIS2_PLACEMENT_3D('',#11080,#11081,#11082);
#11084=PLANE('',#11083);
#11085=ORIENTED_EDGE('',*,*,#11070,.F.);
#11087=ORIENTED_EDGE('',*,*,#11086,.T.);
#11089=ORIENTED_EDGE('',*,*,#11088,.F.);
#11090=ORIENTED_EDGE('',*,*,#11056,.F.);
#11091=EDGE_LOOP('',(#11085,#11087,#11089,#11090));
#11092=FACE_OUTER_BOUND('',#11091,.F.);
#11094=CARTESIAN_POINT('',(0.E0,7.5E-1,-8.75E-1));
#11095=DIRECTION('',(0.E0,0.E0,-1.E0));
#11096=DIRECTION('',(-1.E0,0.E0,0.E0));
#11097=AXIS2_PLACEMENT_3D('',#11094,#11095,#11096);
#11098=PLANE('',#11097);
#11099=ORIENTED_EDGE('',*,*,#11075,.F.);
#11101=ORIENTED_EDGE('',*,*,#11100,.F.);
#11103=ORIENTED_EDGE('',*,*,#11102,.F.);
#11104=ORIENTED_EDGE('',*,*,#11086,.F.);
#11105=EDGE_LOOP('',(#11099,#11101,#11103,#11104));
#11106=FACE_OUTER_BOUND('',#11105,.F.);
#11108=CARTESIAN_POINT('',(-2.225E0,2.55E0,-3.75E-1));
#11109=DIRECTION('',(-1.E0,0.E0,0.E0));
#11110=DIRECTION('',(0.E0,1.E0,0.E0));
#11111=AXIS2_PLACEMENT_3D('',#11108,#11109,#11110);
#11112=PLANE('',#11111);
#11113=ORIENTED_EDGE('',*,*,#11073,.F.);
#11114=ORIENTED_EDGE('',*,*,#11060,.F.);
#11116=ORIENTED_EDGE('',*,*,#11115,.T.);
#11117=ORIENTED_EDGE('',*,*,#11100,.T.);
#11118=EDGE_LOOP('',(#11113,#11114,#11116,#11117));
#11119=FACE_OUTER_BOUND('',#11118,.F.);
#11121=CARTESIAN_POINT('',(2.225E0,2.55E0,-3.75E-1));
#11122=DIRECTION('',(0.E0,-1.E0,0.E0));
#11123=DIRECTION('',(-1.E0,0.E0,0.E0));
#11124=AXIS2_PLACEMENT_3D('',#11121,#11122,#11123);
#11125=PLANE('',#11124);
#11126=ORIENTED_EDGE('',*,*,#11058,.F.);
#11127=ORIENTED_EDGE('',*,*,#11088,.T.);
#11128=ORIENTED_EDGE('',*,*,#11102,.T.);
#11129=ORIENTED_EDGE('',*,*,#11115,.F.);
#11130=EDGE_LOOP('',(#11126,#11127,#11128,#11129));
#11131=FACE_OUTER_BOUND('',#11130,.F.);
#11133=CARTESIAN_POINT('',(5.375E0,4.25E0,-9.75E-1));
#11134=DIRECTION('',(0.E0,0.E0,-1.E0));
#11135=DIRECTION('',(-1.E0,0.E0,0.E0));
#11136=AXIS2_PLACEMENT_3D('',#11133,#11134,#11135);
#11137=PLANE('',#11136);
#11138=ORIENTED_EDGE('',*,*,#7456,.T.);
#11140=ORIENTED_EDGE('',*,*,#11139,.T.);
#11141=ORIENTED_EDGE('',*,*,#7564,.T.);
#11142=ORIENTED_EDGE('',*,*,#7807,.F.);
#11143=ORIENTED_EDGE('',*,*,#7839,.F.);
#11144=ORIENTED_EDGE('',*,*,#7726,.T.);
#11145=EDGE_LOOP('',(#11138,#11140,#11141,#11142,#11143,#11144));
#11146=FACE_OUTER_BOUND('',#11145,.F.);
#11148=CARTESIAN_POINT('',(5.125E0,4.25E0,4.25E-1));
#11149=DIRECTION('',(1.E0,0.E0,0.E0));
#11150=DIRECTION('',(0.E0,0.E0,-1.E0));
#11151=AXIS2_PLACEMENT_3D('',#11148,#11149,#11150);
#11152=PLANE('',#11151);
#11153=ORIENTED_EDGE('',*,*,#7454,.T.);
#11155=ORIENTED_EDGE('',*,*,#11154,.T.);
#11156=ORIENTED_EDGE('',*,*,#7566,.T.);
#11157=ORIENTED_EDGE('',*,*,#11139,.F.);
#11158=EDGE_LOOP('',(#11153,#11155,#11156,#11157));
#11159=FACE_OUTER_BOUND('',#11158,.F.);
#11161=CARTESIAN_POINT('',(4.775E0,4.25E0,4.25E-1));
#11162=DIRECTION('',(0.E0,0.E0,1.E0));
#11163=DIRECTION('',(1.E0,0.E0,0.E0));
#11164=AXIS2_PLACEMENT_3D('',#11161,#11162,#11163);
#11165=PLANE('',#11164);
#11166=ORIENTED_EDGE('',*,*,#7452,.F.);
#11167=ORIENTED_EDGE('',*,*,#7810,.T.);
#11168=ORIENTED_EDGE('',*,*,#7568,.T.);
#11169=ORIENTED_EDGE('',*,*,#11154,.F.);
#11170=EDGE_LOOP('',(#11166,#11167,#11168,#11169));
#11171=FACE_OUTER_BOUND('',#11170,.F.);
#11173=CARTESIAN_POINT('',(-4.875E0,4.25E0,2.125E0));
#11174=DIRECTION('',(1.E0,0.E0,0.E0));
#11175=DIRECTION('',(0.E0,0.E0,-1.E0));
#11176=AXIS2_PLACEMENT_3D('',#11173,#11174,#11175);
#11177=PLANE('',#11176);
#11178=ORIENTED_EDGE('',*,*,#7615,.T.);
#11179=ORIENTED_EDGE('',*,*,#7475,.F.);
#11180=ORIENTED_EDGE('',*,*,#7379,.T.);
#11181=ORIENTED_EDGE('',*,*,#7628,.T.);
#11182=EDGE_LOOP('',(#11178,#11179,#11180,#11181));
#11183=FACE_OUTER_BOUND('',#11182,.F.);
#11185=CARTESIAN_POINT('',(3.275E0,0.E0,2.125E0));
#11186=DIRECTION('',(1.E0,0.E0,0.E0));
#11187=DIRECTION('',(0.E0,-1.E0,0.E0));
#11188=AXIS2_PLACEMENT_3D('',#11185,#11186,#11187);
#11189=PLANE('',#11188);
#11190=ORIENTED_EDGE('',*,*,#7188,.T.);
#11192=ORIENTED_EDGE('',*,*,#11191,.F.);
#11194=ORIENTED_EDGE('',*,*,#11193,.F.);
#11196=ORIENTED_EDGE('',*,*,#11195,.T.);
#11197=ORIENTED_EDGE('',*,*,#7336,.T.);
#11198=EDGE_LOOP('',(#11190,#11192,#11194,#11196,#11197));
#11199=FACE_OUTER_BOUND('',#11198,.F.);
#11201=FILL_AREA_STYLE_COLOUR('',#3556);
#11202=FILL_AREA_STYLE('',(#11201));
#11203=SURFACE_STYLE_FILL_AREA(#11202);
#11204=SURFACE_SIDE_STYLE('',(#11203));
#11205=SURFACE_STYLE_USAGE(.POSITIVE.,#11204);
#11206=PRESENTATION_STYLE_ASSIGNMENT((#11205));
#11207=STYLED_ITEM('',(#11206),#11200);
#11208=CARTESIAN_POINT('',(3.125E0,-1.5E-1,1.675E0));
#11209=DIRECTION('',(0.E0,-7.071067811865E-1,-7.071067811865E-1));
#11210=DIRECTION('',(-1.E0,0.E0,0.E0));
#11211=AXIS2_PLACEMENT_3D('',#11208,#11209,#11210);
#11212=PLANE('',#11211);
#11214=ORIENTED_EDGE('',*,*,#11213,.T.);
#11216=ORIENTED_EDGE('',*,*,#11215,.T.);
#11217=ORIENTED_EDGE('',*,*,#11191,.T.);
#11218=ORIENTED_EDGE('',*,*,#7186,.F.);
#11219=EDGE_LOOP('',(#11214,#11216,#11217,#11218));
#11220=FACE_OUTER_BOUND('',#11219,.F.);
#11222=CARTESIAN_POINT('',(2.975E0,-7.E-1,2.125E0));
#11223=DIRECTION('',(-1.E0,0.E0,0.E0));
#11224=DIRECTION('',(0.E0,1.E0,0.E0));
#11225=AXIS2_PLACEMENT_3D('',#11222,#11223,#11224);
#11226=PLANE('',#11225);
#11228=ORIENTED_EDGE('',*,*,#11227,.F.);
#11229=ORIENTED_EDGE('',*,*,#11213,.F.);
#11230=ORIENTED_EDGE('',*,*,#7184,.T.);
#11231=ORIENTED_EDGE('',*,*,#7340,.T.);
#11233=ORIENTED_EDGE('',*,*,#11232,.F.);
#11234=EDGE_LOOP('',(#11228,#11229,#11230,#11231,#11233));
#11235=FACE_OUTER_BOUND('',#11234,.F.);
#11237=FILL_AREA_STYLE_COLOUR('',#3556);
#11238=FILL_AREA_STYLE('',(#11237));
#11239=SURFACE_STYLE_FILL_AREA(#11238);
#11240=SURFACE_SIDE_STYLE('',(#11239));
#11241=SURFACE_STYLE_USAGE(.POSITIVE.,#11240);
#11242=PRESENTATION_STYLE_ASSIGNMENT((#11241));
#11243=STYLED_ITEM('',(#11242),#11236);
#11244=CARTESIAN_POINT('',(0.E0,0.E0,1.825E0));
#11245=DIRECTION('',(0.E0,0.E0,-1.E0));
#11246=DIRECTION('',(1.E0,0.E0,0.E0));
#11247=AXIS2_PLACEMENT_3D('',#11244,#11245,#11246);
#11248=PLANE('',#11247);
#11249=ORIENTED_EDGE('',*,*,#11193,.T.);
#11250=ORIENTED_EDGE('',*,*,#11215,.F.);
#11251=ORIENTED_EDGE('',*,*,#11227,.T.);
#11253=ORIENTED_EDGE('',*,*,#11252,.T.);
#11254=EDGE_LOOP('',(#11249,#11250,#11251,#11253));
#11255=FACE_OUTER_BOUND('',#11254,.F.);
#11257=FILL_AREA_STYLE_COLOUR('',#3556);
#11258=FILL_AREA_STYLE('',(#11257));
#11259=SURFACE_STYLE_FILL_AREA(#11258);
#11260=SURFACE_SIDE_STYLE('',(#11259));
#11261=SURFACE_STYLE_USAGE(.POSITIVE.,#11260);
#11262=PRESENTATION_STYLE_ASSIGNMENT((#11261));
#11263=STYLED_ITEM('',(#11262),#11256);
#11264=CARTESIAN_POINT('',(3.275E0,-7.E-1,2.125E0));
#11265=DIRECTION('',(0.E0,-1.E0,0.E0));
#11266=DIRECTION('',(-1.E0,0.E0,0.E0));
#11267=AXIS2_PLACEMENT_3D('',#11264,#11265,#11266);
#11268=PLANE('',#11267);
#11269=ORIENTED_EDGE('',*,*,#7338,.T.);
#11270=ORIENTED_EDGE('',*,*,#11195,.F.);
#11271=ORIENTED_EDGE('',*,*,#11252,.F.);
#11272=ORIENTED_EDGE('',*,*,#11232,.T.);
#11273=EDGE_LOOP('',(#11269,#11270,#11271,#11272));
#11274=FACE_OUTER_BOUND('',#11273,.F.);
#11276=FILL_AREA_STYLE_COLOUR('',#3556);
#11277=FILL_AREA_STYLE('',(#11276));
#11278=SURFACE_STYLE_FILL_AREA(#11277);
#11279=SURFACE_SIDE_STYLE('',(#11278));
#11280=SURFACE_STYLE_USAGE(.POSITIVE.,#11279);
#11281=PRESENTATION_STYLE_ASSIGNMENT((#11280));
#11282=STYLED_ITEM('',(#11281),#11275);
#11283=CARTESIAN_POINT('',(2.025E0,0.E0,2.125E0));
#11284=DIRECTION('',(1.E0,0.E0,0.E0));
#11285=DIRECTION('',(0.E0,-1.E0,0.E0));
#11286=AXIS2_PLACEMENT_3D('',#11283,#11284,#11285);
#11287=PLANE('',#11286);
#11288=ORIENTED_EDGE('',*,*,#7180,.T.);
#11290=ORIENTED_EDGE('',*,*,#11289,.F.);
#11292=ORIENTED_EDGE('',*,*,#11291,.F.);
#11294=ORIENTED_EDGE('',*,*,#11293,.T.);
#11295=ORIENTED_EDGE('',*,*,#7343,.T.);
#11296=EDGE_LOOP('',(#11288,#11290,#11292,#11294,#11295));
#11297=FACE_OUTER_BOUND('',#11296,.F.);
#11299=FILL_AREA_STYLE_COLOUR('',#3556);
#11300=FILL_AREA_STYLE('',(#11299));
#11301=SURFACE_STYLE_FILL_AREA(#11300);
#11302=SURFACE_SIDE_STYLE('',(#11301));
#11303=SURFACE_STYLE_USAGE(.POSITIVE.,#11302);
#11304=PRESENTATION_STYLE_ASSIGNMENT((#11303));
#11305=STYLED_ITEM('',(#11304),#11298);
#11306=CARTESIAN_POINT('',(1.875E0,-1.5E-1,1.675E0));
#11307=DIRECTION('',(0.E0,-7.071067811865E-1,-7.071067811865E-1));
#11308=DIRECTION('',(-1.E0,0.E0,0.E0));
#11309=AXIS2_PLACEMENT_3D('',#11306,#11307,#11308);
#11310=PLANE('',#11309);
#11312=ORIENTED_EDGE('',*,*,#11311,.T.);
#11314=ORIENTED_EDGE('',*,*,#11313,.T.);
#11315=ORIENTED_EDGE('',*,*,#11289,.T.);
#11316=ORIENTED_EDGE('',*,*,#7178,.F.);
#11317=EDGE_LOOP('',(#11312,#11314,#11315,#11316));
#11318=FACE_OUTER_BOUND('',#11317,.F.);
#11320=CARTESIAN_POINT('',(1.725E0,-7.E-1,2.125E0));
#11321=DIRECTION('',(-1.E0,0.E0,0.E0));
#11322=DIRECTION('',(0.E0,1.E0,0.E0));
#11323=AXIS2_PLACEMENT_3D('',#11320,#11321,#11322);
#11324=PLANE('',#11323);
#11326=ORIENTED_EDGE('',*,*,#11325,.F.);
#11327=ORIENTED_EDGE('',*,*,#11311,.F.);
#11328=ORIENTED_EDGE('',*,*,#7176,.T.);
#11329=ORIENTED_EDGE('',*,*,#7347,.T.);
#11331=ORIENTED_EDGE('',*,*,#11330,.F.);
#11332=EDGE_LOOP('',(#11326,#11327,#11328,#11329,#11331));
#11333=FACE_OUTER_BOUND('',#11332,.F.);
#11335=FILL_AREA_STYLE_COLOUR('',#3556);
#11336=FILL_AREA_STYLE('',(#11335));
#11337=SURFACE_STYLE_FILL_AREA(#11336);
#11338=SURFACE_SIDE_STYLE('',(#11337));
#11339=SURFACE_STYLE_USAGE(.POSITIVE.,#11338);
#11340=PRESENTATION_STYLE_ASSIGNMENT((#11339));
#11341=STYLED_ITEM('',(#11340),#11334);
#11342=CARTESIAN_POINT('',(0.E0,0.E0,1.825E0));
#11343=DIRECTION('',(0.E0,0.E0,-1.E0));
#11344=DIRECTION('',(1.E0,0.E0,0.E0));
#11345=AXIS2_PLACEMENT_3D('',#11342,#11343,#11344);
#11346=PLANE('',#11345);
#11347=ORIENTED_EDGE('',*,*,#11291,.T.);
#11348=ORIENTED_EDGE('',*,*,#11313,.F.);
#11349=ORIENTED_EDGE('',*,*,#11325,.T.);
#11351=ORIENTED_EDGE('',*,*,#11350,.T.);
#11352=EDGE_LOOP('',(#11347,#11348,#11349,#11351));
#11353=FACE_OUTER_BOUND('',#11352,.F.);
#11355=FILL_AREA_STYLE_COLOUR('',#3556);
#11356=FILL_AREA_STYLE('',(#11355));
#11357=SURFACE_STYLE_FILL_AREA(#11356);
#11358=SURFACE_SIDE_STYLE('',(#11357));
#11359=SURFACE_STYLE_USAGE(.POSITIVE.,#11358);
#11360=PRESENTATION_STYLE_ASSIGNMENT((#11359));
#11361=STYLED_ITEM('',(#11360),#11354);
#11362=CARTESIAN_POINT('',(2.025E0,-7.E-1,2.125E0));
#11363=DIRECTION('',(0.E0,-1.E0,0.E0));
#11364=DIRECTION('',(-1.E0,0.E0,0.E0));
#11365=AXIS2_PLACEMENT_3D('',#11362,#11363,#11364);
#11366=PLANE('',#11365);
#11367=ORIENTED_EDGE('',*,*,#7345,.T.);
#11368=ORIENTED_EDGE('',*,*,#11293,.F.);
#11369=ORIENTED_EDGE('',*,*,#11350,.F.);
#11370=ORIENTED_EDGE('',*,*,#11330,.T.);
#11371=EDGE_LOOP('',(#11367,#11368,#11369,#11370));
#11372=FACE_OUTER_BOUND('',#11371,.F.);
#11374=FILL_AREA_STYLE_COLOUR('',#3556);
#11375=FILL_AREA_STYLE('',(#11374));
#11376=SURFACE_STYLE_FILL_AREA(#11375);
#11377=SURFACE_SIDE_STYLE('',(#11376));
#11378=SURFACE_STYLE_USAGE(.POSITIVE.,#11377);
#11379=PRESENTATION_STYLE_ASSIGNMENT((#11378));
#11380=STYLED_ITEM('',(#11379),#11373);
#11381=CARTESIAN_POINT('',(7.75E-1,0.E0,2.125E0));
#11382=DIRECTION('',(1.E0,0.E0,0.E0));
#11383=DIRECTION('',(0.E0,-1.E0,0.E0));
#11384=AXIS2_PLACEMENT_3D('',#11381,#11382,#11383);
#11385=PLANE('',#11384);
#11386=ORIENTED_EDGE('',*,*,#7172,.T.);
#11388=ORIENTED_EDGE('',*,*,#11387,.F.);
#11390=ORIENTED_EDGE('',*,*,#11389,.F.);
#11392=ORIENTED_EDGE('',*,*,#11391,.T.);
#11393=ORIENTED_EDGE('',*,*,#7350,.T.);
#11394=EDGE_LOOP('',(#11386,#11388,#11390,#11392,#11393));
#11395=FACE_OUTER_BOUND('',#11394,.F.);
#11397=FILL_AREA_STYLE_COLOUR('',#3556);
#11398=FILL_AREA_STYLE('',(#11397));
#11399=SURFACE_STYLE_FILL_AREA(#11398);
#11400=SURFACE_SIDE_STYLE('',(#11399));
#11401=SURFACE_STYLE_USAGE(.POSITIVE.,#11400);
#11402=PRESENTATION_STYLE_ASSIGNMENT((#11401));
#11403=STYLED_ITEM('',(#11402),#11396);
#11404=CARTESIAN_POINT('',(6.25E-1,-1.5E-1,1.675E0));
#11405=DIRECTION('',(0.E0,-7.071067811865E-1,-7.071067811865E-1));
#11406=DIRECTION('',(-1.E0,0.E0,0.E0));
#11407=AXIS2_PLACEMENT_3D('',#11404,#11405,#11406);
#11408=PLANE('',#11407);
#11410=ORIENTED_EDGE('',*,*,#11409,.T.);
#11412=ORIENTED_EDGE('',*,*,#11411,.T.);
#11413=ORIENTED_EDGE('',*,*,#11387,.T.);
#11414=ORIENTED_EDGE('',*,*,#7170,.F.);
#11415=EDGE_LOOP('',(#11410,#11412,#11413,#11414));
#11416=FACE_OUTER_BOUND('',#11415,.F.);
#11418=CARTESIAN_POINT('',(4.75E-1,-7.E-1,2.125E0));
#11419=DIRECTION('',(-1.E0,0.E0,0.E0));
#11420=DIRECTION('',(0.E0,1.E0,0.E0));
#11421=AXIS2_PLACEMENT_3D('',#11418,#11419,#11420);
#11422=PLANE('',#11421);
#11424=ORIENTED_EDGE('',*,*,#11423,.F.);
#11425=ORIENTED_EDGE('',*,*,#11409,.F.);
#11426=ORIENTED_EDGE('',*,*,#7168,.T.);
#11427=ORIENTED_EDGE('',*,*,#7354,.T.);
#11429=ORIENTED_EDGE('',*,*,#11428,.F.);
#11430=EDGE_LOOP('',(#11424,#11425,#11426,#11427,#11429));
#11431=FACE_OUTER_BOUND('',#11430,.F.);
#11433=FILL_AREA_STYLE_COLOUR('',#3556);
#11434=FILL_AREA_STYLE('',(#11433));
#11435=SURFACE_STYLE_FILL_AREA(#11434);
#11436=SURFACE_SIDE_STYLE('',(#11435));
#11437=SURFACE_STYLE_USAGE(.POSITIVE.,#11436);
#11438=PRESENTATION_STYLE_ASSIGNMENT((#11437));
#11439=STYLED_ITEM('',(#11438),#11432);
#11440=CARTESIAN_POINT('',(0.E0,0.E0,1.825E0));
#11441=DIRECTION('',(0.E0,0.E0,-1.E0));
#11442=DIRECTION('',(1.E0,0.E0,0.E0));
#11443=AXIS2_PLACEMENT_3D('',#11440,#11441,#11442);
#11444=PLANE('',#11443);
#11445=ORIENTED_EDGE('',*,*,#11389,.T.);
#11446=ORIENTED_EDGE('',*,*,#11411,.F.);
#11447=ORIENTED_EDGE('',*,*,#11423,.T.);
#11449=ORIENTED_EDGE('',*,*,#11448,.T.);
#11450=EDGE_LOOP('',(#11445,#11446,#11447,#11449));
#11451=FACE_OUTER_BOUND('',#11450,.F.);
#11453=FILL_AREA_STYLE_COLOUR('',#3556);
#11454=FILL_AREA_STYLE('',(#11453));
#11455=SURFACE_STYLE_FILL_AREA(#11454);
#11456=SURFACE_SIDE_STYLE('',(#11455));
#11457=SURFACE_STYLE_USAGE(.POSITIVE.,#11456);
#11458=PRESENTATION_STYLE_ASSIGNMENT((#11457));
#11459=STYLED_ITEM('',(#11458),#11452);
#11460=CARTESIAN_POINT('',(7.75E-1,-7.E-1,2.125E0));
#11461=DIRECTION('',(0.E0,-1.E0,0.E0));
#11462=DIRECTION('',(-1.E0,0.E0,0.E0));
#11463=AXIS2_PLACEMENT_3D('',#11460,#11461,#11462);
#11464=PLANE('',#11463);
#11465=ORIENTED_EDGE('',*,*,#7352,.T.);
#11466=ORIENTED_EDGE('',*,*,#11391,.F.);
#11467=ORIENTED_EDGE('',*,*,#11448,.F.);
#11468=ORIENTED_EDGE('',*,*,#11428,.T.);
#11469=EDGE_LOOP('',(#11465,#11466,#11467,#11468));
#11470=FACE_OUTER_BOUND('',#11469,.F.);
#11472=FILL_AREA_STYLE_COLOUR('',#3556);
#11473=FILL_AREA_STYLE('',(#11472));
#11474=SURFACE_STYLE_FILL_AREA(#11473);
#11475=SURFACE_SIDE_STYLE('',(#11474));
#11476=SURFACE_STYLE_USAGE(.POSITIVE.,#11475);
#11477=PRESENTATION_STYLE_ASSIGNMENT((#11476));
#11478=STYLED_ITEM('',(#11477),#11471);
#11479=CARTESIAN_POINT('',(-4.75E-1,0.E0,2.125E0));
#11480=DIRECTION('',(1.E0,0.E0,0.E0));
#11481=DIRECTION('',(0.E0,-1.E0,0.E0));
#11482=AXIS2_PLACEMENT_3D('',#11479,#11480,#11481);
#11483=PLANE('',#11482);
#11484=ORIENTED_EDGE('',*,*,#7164,.T.);
#11486=ORIENTED_EDGE('',*,*,#11485,.F.);
#11488=ORIENTED_EDGE('',*,*,#11487,.F.);
#11490=ORIENTED_EDGE('',*,*,#11489,.T.);
#11491=ORIENTED_EDGE('',*,*,#7357,.T.);
#11492=EDGE_LOOP('',(#11484,#11486,#11488,#11490,#11491));
#11493=FACE_OUTER_BOUND('',#11492,.F.);
#11495=FILL_AREA_STYLE_COLOUR('',#3556);
#11496=FILL_AREA_STYLE('',(#11495));
#11497=SURFACE_STYLE_FILL_AREA(#11496);
#11498=SURFACE_SIDE_STYLE('',(#11497));
#11499=SURFACE_STYLE_USAGE(.POSITIVE.,#11498);
#11500=PRESENTATION_STYLE_ASSIGNMENT((#11499));
#11501=STYLED_ITEM('',(#11500),#11494);
#11502=CARTESIAN_POINT('',(-6.25E-1,-1.5E-1,1.675E0));
#11503=DIRECTION('',(0.E0,-7.071067811865E-1,-7.071067811865E-1));
#11504=DIRECTION('',(-1.E0,0.E0,0.E0));
#11505=AXIS2_PLACEMENT_3D('',#11502,#11503,#11504);
#11506=PLANE('',#11505);
#11508=ORIENTED_EDGE('',*,*,#11507,.T.);
#11510=ORIENTED_EDGE('',*,*,#11509,.T.);
#11511=ORIENTED_EDGE('',*,*,#11485,.T.);
#11512=ORIENTED_EDGE('',*,*,#7162,.F.);
#11513=EDGE_LOOP('',(#11508,#11510,#11511,#11512));
#11514=FACE_OUTER_BOUND('',#11513,.F.);
#11516=CARTESIAN_POINT('',(-7.75E-1,-7.E-1,2.125E0));
#11517=DIRECTION('',(-1.E0,0.E0,0.E0));
#11518=DIRECTION('',(0.E0,1.E0,0.E0));
#11519=AXIS2_PLACEMENT_3D('',#11516,#11517,#11518);
#11520=PLANE('',#11519);
#11522=ORIENTED_EDGE('',*,*,#11521,.F.);
#11523=ORIENTED_EDGE('',*,*,#11507,.F.);
#11524=ORIENTED_EDGE('',*,*,#7160,.T.);
#11525=ORIENTED_EDGE('',*,*,#7361,.T.);
#11527=ORIENTED_EDGE('',*,*,#11526,.F.);
#11528=EDGE_LOOP('',(#11522,#11523,#11524,#11525,#11527));
#11529=FACE_OUTER_BOUND('',#11528,.F.);
#11531=FILL_AREA_STYLE_COLOUR('',#3556);
#11532=FILL_AREA_STYLE('',(#11531));
#11533=SURFACE_STYLE_FILL_AREA(#11532);
#11534=SURFACE_SIDE_STYLE('',(#11533));
#11535=SURFACE_STYLE_USAGE(.POSITIVE.,#11534);
#11536=PRESENTATION_STYLE_ASSIGNMENT((#11535));
#11537=STYLED_ITEM('',(#11536),#11530);
#11538=CARTESIAN_POINT('',(0.E0,0.E0,1.825E0));
#11539=DIRECTION('',(0.E0,0.E0,-1.E0));
#11540=DIRECTION('',(1.E0,0.E0,0.E0));
#11541=AXIS2_PLACEMENT_3D('',#11538,#11539,#11540);
#11542=PLANE('',#11541);
#11543=ORIENTED_EDGE('',*,*,#11487,.T.);
#11544=ORIENTED_EDGE('',*,*,#11509,.F.);
#11545=ORIENTED_EDGE('',*,*,#11521,.T.);
#11547=ORIENTED_EDGE('',*,*,#11546,.T.);
#11548=EDGE_LOOP('',(#11543,#11544,#11545,#11547));
#11549=FACE_OUTER_BOUND('',#11548,.F.);
#11551=FILL_AREA_STYLE_COLOUR('',#3556);
#11552=FILL_AREA_STYLE('',(#11551));
#11553=SURFACE_STYLE_FILL_AREA(#11552);
#11554=SURFACE_SIDE_STYLE('',(#11553));
#11555=SURFACE_STYLE_USAGE(.POSITIVE.,#11554);
#11556=PRESENTATION_STYLE_ASSIGNMENT((#11555));
#11557=STYLED_ITEM('',(#11556),#11550);
#11558=CARTESIAN_POINT('',(-4.75E-1,-7.E-1,2.125E0));
#11559=DIRECTION('',(0.E0,-1.E0,0.E0));
#11560=DIRECTION('',(-1.E0,0.E0,0.E0));
#11561=AXIS2_PLACEMENT_3D('',#11558,#11559,#11560);
#11562=PLANE('',#11561);
#11563=ORIENTED_EDGE('',*,*,#7359,.T.);
#11564=ORIENTED_EDGE('',*,*,#11489,.F.);
#11565=ORIENTED_EDGE('',*,*,#11546,.F.);
#11566=ORIENTED_EDGE('',*,*,#11526,.T.);
#11567=EDGE_LOOP('',(#11563,#11564,#11565,#11566));
#11568=FACE_OUTER_BOUND('',#11567,.F.);
#11570=FILL_AREA_STYLE_COLOUR('',#3556);
#11571=FILL_AREA_STYLE('',(#11570));
#11572=SURFACE_STYLE_FILL_AREA(#11571);
#11573=SURFACE_SIDE_STYLE('',(#11572));
#11574=SURFACE_STYLE_USAGE(.POSITIVE.,#11573);
#11575=PRESENTATION_STYLE_ASSIGNMENT((#11574));
#11576=STYLED_ITEM('',(#11575),#11569);
#11577=CARTESIAN_POINT('',(-1.725E0,0.E0,2.125E0));
#11578=DIRECTION('',(1.E0,0.E0,0.E0));
#11579=DIRECTION('',(0.E0,-1.E0,0.E0));
#11580=AXIS2_PLACEMENT_3D('',#11577,#11578,#11579);
#11581=PLANE('',#11580);
#11582=ORIENTED_EDGE('',*,*,#7156,.T.);
#11584=ORIENTED_EDGE('',*,*,#11583,.F.);
#11586=ORIENTED_EDGE('',*,*,#11585,.F.);
#11588=ORIENTED_EDGE('',*,*,#11587,.T.);
#11589=ORIENTED_EDGE('',*,*,#7364,.T.);
#11590=EDGE_LOOP('',(#11582,#11584,#11586,#11588,#11589));
#11591=FACE_OUTER_BOUND('',#11590,.F.);
#11593=FILL_AREA_STYLE_COLOUR('',#3556);
#11594=FILL_AREA_STYLE('',(#11593));
#11595=SURFACE_STYLE_FILL_AREA(#11594);
#11596=SURFACE_SIDE_STYLE('',(#11595));
#11597=SURFACE_STYLE_USAGE(.POSITIVE.,#11596);
#11598=PRESENTATION_STYLE_ASSIGNMENT((#11597));
#11599=STYLED_ITEM('',(#11598),#11592);
#11600=CARTESIAN_POINT('',(-1.875E0,-1.5E-1,1.675E0));
#11601=DIRECTION('',(0.E0,-7.071067811865E-1,-7.071067811865E-1));
#11602=DIRECTION('',(-1.E0,0.E0,0.E0));
#11603=AXIS2_PLACEMENT_3D('',#11600,#11601,#11602);
#11604=PLANE('',#11603);
#11606=ORIENTED_EDGE('',*,*,#11605,.T.);
#11608=ORIENTED_EDGE('',*,*,#11607,.T.);
#11609=ORIENTED_EDGE('',*,*,#11583,.T.);
#11610=ORIENTED_EDGE('',*,*,#7154,.F.);
#11611=EDGE_LOOP('',(#11606,#11608,#11609,#11610));
#11612=FACE_OUTER_BOUND('',#11611,.F.);
#11614=CARTESIAN_POINT('',(-2.025E0,-7.E-1,2.125E0));
#11615=DIRECTION('',(-1.E0,0.E0,0.E0));
#11616=DIRECTION('',(0.E0,1.E0,0.E0));
#11617=AXIS2_PLACEMENT_3D('',#11614,#11615,#11616);
#11618=PLANE('',#11617);
#11620=ORIENTED_EDGE('',*,*,#11619,.F.);
#11621=ORIENTED_EDGE('',*,*,#11605,.F.);
#11622=ORIENTED_EDGE('',*,*,#7152,.T.);
#11623=ORIENTED_EDGE('',*,*,#7368,.T.);
#11625=ORIENTED_EDGE('',*,*,#11624,.F.);
#11626=EDGE_LOOP('',(#11620,#11621,#11622,#11623,#11625));
#11627=FACE_OUTER_BOUND('',#11626,.F.);
#11629=FILL_AREA_STYLE_COLOUR('',#3556);
#11630=FILL_AREA_STYLE('',(#11629));
#11631=SURFACE_STYLE_FILL_AREA(#11630);
#11632=SURFACE_SIDE_STYLE('',(#11631));
#11633=SURFACE_STYLE_USAGE(.POSITIVE.,#11632);
#11634=PRESENTATION_STYLE_ASSIGNMENT((#11633));
#11635=STYLED_ITEM('',(#11634),#11628);
#11636=CARTESIAN_POINT('',(0.E0,0.E0,1.825E0));
#11637=DIRECTION('',(0.E0,0.E0,-1.E0));
#11638=DIRECTION('',(1.E0,0.E0,0.E0));
#11639=AXIS2_PLACEMENT_3D('',#11636,#11637,#11638);
#11640=PLANE('',#11639);
#11641=ORIENTED_EDGE('',*,*,#11585,.T.);
#11642=ORIENTED_EDGE('',*,*,#11607,.F.);
#11643=ORIENTED_EDGE('',*,*,#11619,.T.);
#11645=ORIENTED_EDGE('',*,*,#11644,.T.);
#11646=EDGE_LOOP('',(#11641,#11642,#11643,#11645));
#11647=FACE_OUTER_BOUND('',#11646,.F.);
#11649=FILL_AREA_STYLE_COLOUR('',#3556);
#11650=FILL_AREA_STYLE('',(#11649));
#11651=SURFACE_STYLE_FILL_AREA(#11650);
#11652=SURFACE_SIDE_STYLE('',(#11651));
#11653=SURFACE_STYLE_USAGE(.POSITIVE.,#11652);
#11654=PRESENTATION_STYLE_ASSIGNMENT((#11653));
#11655=STYLED_ITEM('',(#11654),#11648);
#11656=CARTESIAN_POINT('',(-1.725E0,-7.E-1,2.125E0));
#11657=DIRECTION('',(0.E0,-1.E0,0.E0));
#11658=DIRECTION('',(-1.E0,0.E0,0.E0));
#11659=AXIS2_PLACEMENT_3D('',#11656,#11657,#11658);
#11660=PLANE('',#11659);
#11661=ORIENTED_EDGE('',*,*,#7366,.T.);
#11662=ORIENTED_EDGE('',*,*,#11587,.F.);
#11663=ORIENTED_EDGE('',*,*,#11644,.F.);
#11664=ORIENTED_EDGE('',*,*,#11624,.T.);
#11665=EDGE_LOOP('',(#11661,#11662,#11663,#11664));
#11666=FACE_OUTER_BOUND('',#11665,.F.);
#11668=FILL_AREA_STYLE_COLOUR('',#3556);
#11669=FILL_AREA_STYLE('',(#11668));
#11670=SURFACE_STYLE_FILL_AREA(#11669);
#11671=SURFACE_SIDE_STYLE('',(#11670));
#11672=SURFACE_STYLE_USAGE(.POSITIVE.,#11671);
#11673=PRESENTATION_STYLE_ASSIGNMENT((#11672));
#11674=STYLED_ITEM('',(#11673),#11667);
#11675=CLOSED_SHELL('',(#7214,#7229,#7245,#7266,#7288,#7308,#7385,#7400,#7427,
#7446,#7466,#7481,#7498,#7513,#7530,#7543,#7558,#7574,#7590,#7602,#7619,#7637,
#7656,#7669,#7684,#7702,#7716,#7735,#7751,#7764,#7780,#7792,#7814,#7827,#8038,
#8053,#8067,#8081,#8094,#8106,#8122,#8410,#8424,#8437,#8450,#8462,#8476,#8490,
#8504,#8518,#8532,#8546,#8560,#8573,#8586,#8598,#8611,#8624,#8637,#8651,#8664,
#8678,#8692,#8706,#8720,#8734,#8748,#8762,#8776,#8790,#8804,#8818,#8833,#8847,
#8861,#8873,#8888,#8902,#8915,#8928,#8943,#8957,#8971,#8983,#8998,#9012,#9025,
#9038,#9053,#9067,#9081,#9093,#9108,#9122,#9135,#9148,#9163,#9177,#9191,#9203,
#9218,#9232,#9245,#9258,#9273,#9287,#9301,#9313,#9328,#9342,#9355,#9368,#9383,
#9397,#9411,#9423,#9438,#9452,#9465,#9478,#9491,#9504,#9516,#9529,#9542,#9554,
#9567,#9580,#9592,#9605,#9618,#9630,#9643,#9656,#9668,#9681,#9694,#9706,#9721,
#9743,#9764,#9783,#9795,#9819,#9841,#9861,#9883,#9903,#9915,#9937,#9959,#9980,
#9999,#10011,#10035,#10057,#10077,#10099,#10119,#10131,#10153,#10175,#10196,
#10215,#10227,#10251,#10273,#10293,#10315,#10335,#10347,#10369,#10391,#10412,
#10431,#10443,#10467,#10489,#10509,#10531,#10551,#10563,#10585,#10607,#10628,
#10647,#10659,#10683,#10705,#10725,#10747,#10767,#10779,#10801,#10823,#10844,
#10863,#10875,#10899,#10921,#10941,#10963,#10983,#10995,#11016,#11029,#11042,
#11064,#11079,#11093,#11107,#11120,#11132,#11147,#11160,#11172,#11184,#11200,
#11221,#11236,#11256,#11275,#11298,#11319,#11334,#11354,#11373,#11396,#11417,
#11432,#11452,#11471,#11494,#11515,#11530,#11550,#11569,#11592,#11613,#11628,
#11648,#11667));
#11676=MANIFOLD_SOLID_BREP('',#11675);
#11679=PLANE_ANGLE_MEASURE_WITH_UNIT(PLANE_ANGLE_MEASURE(1.745329251994E-2),
#11678);
#11680=(CONVERSION_BASED_UNIT('DEGREE',#11679)NAMED_UNIT(*)PLANE_ANGLE_UNIT());
#11682=UNCERTAINTY_MEASURE_WITH_UNIT(LENGTH_MEASURE(1.271508220023E-3),#11677,
'distance_accuracy_value',
'Maximum model space distance between geometric entities at asserted connectivities');
#11684=CARTESIAN_POINT('',(0.E0,0.E0,0.E0));
#11685=DIRECTION('',(0.E0,0.E0,1.E0));
#11686=DIRECTION('',(1.E0,0.E0,0.E0));
#11689=PRODUCT_CONTEXT('',#3411,'mechanical');
#11690=PRODUCT('BM06B-WO-NEW','BM06B-WO-NEW','NOT SPECIFIED',(#11689));
#11691=PRODUCT_DEFINITION_FORMATION('1','LAST_VERSION',#11690);
#11699=DERIVED_UNIT_ELEMENT(#11698,2.E0);
#11700=DERIVED_UNIT((#11699));
#11701=MEASURE_REPRESENTATION_ITEM('surface area measure',AREA_MEASURE(
4.925217925947E2),#11700);
#11706=DERIVED_UNIT_ELEMENT(#11705,3.E0);
#11707=DERIVED_UNIT((#11706));
#11708=MEASURE_REPRESENTATION_ITEM('volume measure',VOLUME_MEASURE(9.3559E1),
#11707);
#11712=CARTESIAN_POINT('centre point',(0.E0,1.844215904759E0,
-9.906070857249E-3));
#11717=DERIVED_UNIT_ELEMENT(#11716,2.E0);
#11718=DERIVED_UNIT((#11717));
#11719=MEASURE_REPRESENTATION_ITEM('surface area measure',AREA_MEASURE(
4.925217925947E2),#11718);
#11724=DERIVED_UNIT_ELEMENT(#11723,3.E0);
#11725=DERIVED_UNIT((#11724));
#11726=MEASURE_REPRESENTATION_ITEM('volume measure',VOLUME_MEASURE(9.3559E1),
#11725);
#11730=CARTESIAN_POINT('centre point',(0.E0,1.844215904759E0,
-9.906070857249E-3));
#11735=DRAUGHTING_MODEL('Default',(#11747,#11748,#11764),#3460);
#11736=PRESENTATION_VIEW('Default',(#11755,#11768),#3460);
#11737=CARTESIAN_POINT('',(0.E0,0.E0,0.E0));
#11738=CARTESIAN_POINT('',(-8.308177489336E0,-6.465957927118E0,
2.554934939848E1));
#11739=DIRECTION('',(0.E0,0.E0,1.E0));
#11740=DIRECTION('',(1.E0,0.E0,0.E0));
#11741=AXIS2_PLACEMENT_3D('',#11738,#11739,#11740);
#11743=VIEW_VOLUME(.PARALLEL.,#11737,2.554934939848E1,2.554934939848E1,.T.,0.E0,
.F.,.T.,#11742);
#11744=CARTESIAN_POINT('',(5.027814185077E0,1.583927843425E1,2.198160057842E1));
#11745=DIRECTION('',(4.694715627859E-1,6.763770970749E-1,5.675477726923E-1));
#11746=DIRECTION('',(8.829475928589E-1,-3.596360818745E-1,-3.017705036589E-1));
#11747=AXIS2_PLACEMENT_3D('',#11744,#11745,#11746);
#11748=CAMERA_MODEL_D3_WITH_HLHSR('DEFAULT',#11747,#11743,.F.);
#11750=CARTESIAN_POINT('',(-5.264685607700E2,-4.097316852292E2,
1.618998778456E3));
#11751=DIRECTION('',(0.E0,0.E0,1.E0));
#11752=DIRECTION('',(1.E0,0.E0,0.E0));
#11753=AXIS2_PLACEMENT_3D('',#11750,#11751,#11752);
#11755=(CAMERA_IMAGE()CAMERA_IMAGE_3D_WITH_SCALE()GEOMETRIC_REPRESENTATION_ITEM(
)MAPPED_ITEM(#11749,#11754)REPRESENTATION_ITEM(''));
#11756=CARTESIAN_POINT('',(-8.308177489336E0,-6.465957927118E0,
2.554934939848E1));
#11757=DIRECTION('',(0.E0,0.E0,1.E0));
#11758=DIRECTION('',(1.E0,0.E0,0.E0));
#11759=AXIS2_PLACEMENT_3D('',#11756,#11757,#11758);
#11760=REPRESENTATION_MAP(#11759,#11688);
#11761=CARTESIAN_POINT('',(0.E0,0.E0));
#11762=DIRECTION('',(1.E0,0.E0));
#11763=AXIS2_PLACEMENT_2D('',#11761,#11762);
#11764=MAPPED_ITEM('',#11760,#11763);
#11765=CARTESIAN_POINT('',(-8.308177489336E0,-6.465957927118E0,
2.554934939848E1));
#11766=DIRECTION('',(0.E0,0.E0,1.E0));
#11767=DIRECTION('',(1.E0,0.E0,0.E0));
#11768=AXIS2_PLACEMENT_3D('',#11765,#11766,#11767);
#11769=REPRESENTATION_MAP(#11768,#11736);
#11770=CARTESIAN_POINT('',(0.E0,0.E0));
#11771=DIRECTION('',(1.E0,0.E0));
#11772=AXIS2_PLACEMENT_2D('',#11770,#11771);
#11773=MAPPED_ITEM('',#11769,#11772);
#11775=CARTESIAN_POINT('',(0.E0,0.E0));
#11776=DIRECTION('',(1.E0,0.E0));
#11777=AXIS2_PLACEMENT_2D('',#11775,#11776);
#11778=PLANAR_BOX('',1.E3,8.4375E2,#11777);
#11779=PRESENTATION_SIZE(#11774,#11778);
#11780=PRESENTATION_SET();
#11781=AREA_IN_SET(#11774,#11780);
#11783=GENERAL_PROPERTY('','DRAW','user defined attribute');
#11784=GENERAL_PROPERTY_ASSOCIATION('user defined attribute','',#11783,#11782);
#11785=DESCRIPTIVE_REPRESENTATION_ITEM('DRAW','');
#11789=GENERAL_PROPERTY('','MANAGER','user defined attribute');
#11790=GENERAL_PROPERTY_ASSOCIATION('user defined attribute','',#11789,#11788);
#11791=DESCRIPTIVE_REPRESENTATION_ITEM('MANAGER','');
#11795=GENERAL_PROPERTY('','PART_NO','user defined attribute');
#11796=GENERAL_PROPERTY_ASSOCIATION('user defined attribute','',#11795,#11794);
#11797=DESCRIPTIVE_REPRESENTATION_ITEM('PART_NO','');
#11801=GENERAL_PROPERTY('','PROJECT','user defined attribute');
#11802=GENERAL_PROPERTY_ASSOCIATION('user defined attribute','',#11801,#11800);
#11803=DESCRIPTIVE_REPRESENTATION_ITEM('PROJECT','');
#11807=GENERAL_PROPERTY('','PTC_COMMON_NAME','user defined attribute');
#11808=GENERAL_PROPERTY_ASSOCIATION('user defined attribute','',#11807,#11806);
#11809=DESCRIPTIVE_REPRESENTATION_ITEM('PTC_COMMON_NAME','bm06b-wo-new.prt');
#11812=APPLIED_PRESENTED_ITEM((#11692));
#11813=PRESENTED_ITEM_REPRESENTATION(#11780,#11812);
#11816=CARTESIAN_POINT('centre point',(0.E0,3.334906070857E0,1.259421590476E1));
#11820=CARTESIAN_POINT('',(0.E0,3.325E0,1.075E1));
#11821=DIRECTION('',(0.E0,-1.E0,0.E0));
#11822=DIRECTION('',(1.E0,0.E0,0.E0));
#11823=AXIS2_PLACEMENT_3D('',#11820,#11821,#11822);
#11824=ITEM_DEFINED_TRANSFORMATION('','',#11687,#11823);
#11825=(REPRESENTATION_RELATIONSHIP('','',#11688,#3542)REPRESENTATION_RELATIONSHIP_WITH_TRANSFORMATION(#11824)SHAPE_REPRESENTATION_RELATIONSHIP());
#11826=CONTEXT_DEPENDENT_SHAPE_REPRESENTATION(#11825,#11815);
#11827=CARTESIAN_POINT('',(-1.05E1,1.4E1,0.E0));
#11828=DIRECTION('',(0.E0,0.E0,-1.E0));
#11829=DIRECTION('',(-1.E0,0.E0,0.E0));
#11830=AXIS2_PLACEMENT_3D('',#11827,#11828,#11829);
#11832=DIRECTION('',(1.E0,0.E0,0.E0));
#11833=VECTOR('',#11832,2.1E1);
#11834=CARTESIAN_POINT('',(-1.05E1,1.705E1,0.E0));
#11835=LINE('',#11834,#11833);
#11836=CARTESIAN_POINT('',(1.05E1,1.4E1,0.E0));
#11837=DIRECTION('',(0.E0,0.E0,-1.E0));
#11838=DIRECTION('',(0.E0,1.E0,0.E0));
#11839=AXIS2_PLACEMENT_3D('',#11836,#11837,#11838);
#11841=DIRECTION('',(0.E0,-1.E0,0.E0));
#11842=VECTOR('',#11841,2.75E1);
#11843=CARTESIAN_POINT('',(1.355E1,1.4E1,0.E0));
#11844=LINE('',#11843,#11842);
#11845=CARTESIAN_POINT('',(1.05E1,-1.35E1,0.E0));
#11846=DIRECTION('',(0.E0,0.E0,-1.E0));
#11847=DIRECTION('',(1.E0,0.E0,0.E0));
#11848=AXIS2_PLACEMENT_3D('',#11845,#11846,#11847);
#11850=DIRECTION('',(-1.E0,0.E0,0.E0));
#11851=VECTOR('',#11850,5.425E0);
#11852=CARTESIAN_POINT('',(1.05E1,-1.655E1,0.E0));
#11853=LINE('',#11852,#11851);
#11854=DIRECTION('',(0.E0,1.E0,0.E0));
#11855=VECTOR('',#11854,4.5E-1);
#11856=CARTESIAN_POINT('',(5.075E0,-1.7E1,0.E0));
#11857=LINE('',#11856,#11855);
#11858=DIRECTION('',(1.E0,0.E0,0.E0));
#11859=VECTOR('',#11858,5.425E0);
#11860=CARTESIAN_POINT('',(5.075E0,-1.7E1,0.E0));
#11861=LINE('',#11860,#11859);
#11862=CARTESIAN_POINT('',(1.05E1,-1.35E1,0.E0));
#11863=DIRECTION('',(0.E0,0.E0,-1.E0));
#11864=DIRECTION('',(1.E0,0.E0,0.E0));
#11865=AXIS2_PLACEMENT_3D('',#11862,#11863,#11864);
#11867=DIRECTION('',(0.E0,1.E0,0.E0));
#11868=VECTOR('',#11867,2.75E1);
#11869=CARTESIAN_POINT('',(1.4E1,-1.35E1,0.E0));
#11870=LINE('',#11869,#11868);
#11871=CARTESIAN_POINT('',(1.05E1,1.4E1,0.E0));
#11872=DIRECTION('',(0.E0,0.E0,-1.E0));
#11873=DIRECTION('',(0.E0,1.E0,0.E0));
#11874=AXIS2_PLACEMENT_3D('',#11871,#11872,#11873);
#11876=DIRECTION('',(-1.E0,0.E0,0.E0));
#11877=VECTOR('',#11876,2.1E1);
#11878=CARTESIAN_POINT('',(1.05E1,1.75E1,0.E0));
#11879=LINE('',#11878,#11877);
#11880=CARTESIAN_POINT('',(-1.05E1,1.4E1,0.E0));
#11881=DIRECTION('',(0.E0,0.E0,-1.E0));
#11882=DIRECTION('',(-1.E0,0.E0,0.E0));
#11883=AXIS2_PLACEMENT_3D('',#11880,#11881,#11882);
#11885=DIRECTION('',(0.E0,-1.E0,0.E0));
#11886=VECTOR('',#11885,2.75E1);
#11887=CARTESIAN_POINT('',(-1.4E1,1.4E1,0.E0));
#11888=LINE('',#11887,#11886);
#11889=CARTESIAN_POINT('',(-1.05E1,-1.35E1,0.E0));
#11890=DIRECTION('',(0.E0,0.E0,-1.E0));
#11891=DIRECTION('',(0.E0,-1.E0,0.E0));
#11892=AXIS2_PLACEMENT_3D('',#11889,#11890,#11891);
#11894=DIRECTION('',(1.E0,0.E0,0.E0));
#11895=VECTOR('',#11894,5.425E0);
#11896=CARTESIAN_POINT('',(-1.05E1,-1.7E1,0.E0));
#11897=LINE('',#11896,#11895);
#11898=DIRECTION('',(0.E0,1.E0,0.E0));
#11899=VECTOR('',#11898,4.5E-1);
#11900=CARTESIAN_POINT('',(-5.075E0,-1.7E1,0.E0));
#11901=LINE('',#11900,#11899);
#11902=DIRECTION('',(-1.E0,0.E0,0.E0));
#11903=VECTOR('',#11902,5.425E0);
#11904=CARTESIAN_POINT('',(-5.075E0,-1.655E1,0.E0));
#11905=LINE('',#11904,#11903);
#11906=CARTESIAN_POINT('',(-1.05E1,-1.35E1,0.E0));
#11907=DIRECTION('',(0.E0,0.E0,-1.E0));
#11908=DIRECTION('',(0.E0,-1.E0,0.E0));
#11909=AXIS2_PLACEMENT_3D('',#11906,#11907,#11908);
#11911=DIRECTION('',(0.E0,1.E0,0.E0));
#11912=VECTOR('',#11911,2.75E1);
#11913=CARTESIAN_POINT('',(-1.355E1,-1.35E1,0.E0));
#11914=LINE('',#11913,#11912);
#11915=DIRECTION('',(0.E0,0.E0,1.E0));
#11916=VECTOR('',#11915,9.E-1);
#11917=CARTESIAN_POINT('',(-1.355E1,1.4E1,0.E0));
#11918=LINE('',#11917,#11916);
#11919=DIRECTION('',(0.E0,0.E0,1.E0));
#11920=VECTOR('',#11919,9.E-1);
#11921=CARTESIAN_POINT('',(-1.355E1,-1.35E1,0.E0));
#11922=LINE('',#11921,#11920);
#11923=DIRECTION('',(0.E0,0.E0,1.E0));
#11924=VECTOR('',#11923,9.E-1);
#11925=CARTESIAN_POINT('',(-1.05E1,-1.655E1,0.E0));
#11926=LINE('',#11925,#11924);
#11927=DIRECTION('',(0.E0,0.E0,1.E0));
#11928=VECTOR('',#11927,9.E-1);
#11929=CARTESIAN_POINT('',(1.05E1,-1.655E1,0.E0));
#11930=LINE('',#11929,#11928);
#11931=DIRECTION('',(0.E0,0.E0,1.E0));
#11932=VECTOR('',#11931,9.E-1);
#11933=CARTESIAN_POINT('',(1.355E1,-1.35E1,0.E0));
#11934=LINE('',#11933,#11932);
#11935=DIRECTION('',(0.E0,0.E0,1.E0));
#11936=VECTOR('',#11935,9.E-1);
#11937=CARTESIAN_POINT('',(1.355E1,1.4E1,0.E0));
#11938=LINE('',#11937,#11936);
#11939=DIRECTION('',(0.E0,0.E0,1.E0));
#11940=VECTOR('',#11939,9.E-1);
#11941=CARTESIAN_POINT('',(1.05E1,1.705E1,0.E0));
#11942=LINE('',#11941,#11940);
#11943=DIRECTION('',(0.E0,0.E0,1.E0));
#11944=VECTOR('',#11943,9.E-1);
#11945=CARTESIAN_POINT('',(-1.05E1,1.705E1,0.E0));
#11946=LINE('',#11945,#11944);
#11947=DIRECTION('',(-1.E0,0.E0,0.E0));
#11948=VECTOR('',#11947,7.E-1);
#11949=CARTESIAN_POINT('',(6.375E0,-1.57E1,9.E-1));
#11950=LINE('',#11949,#11948);
#11951=DIRECTION('',(0.E0,1.E0,0.E0));
#11952=VECTOR('',#11951,1.E-1);
#11953=CARTESIAN_POINT('',(5.675E0,-1.58E1,9.E-1));
#11954=LINE('',#11953,#11952);
#11955=DIRECTION('',(-1.E0,0.E0,0.E0));
#11956=VECTOR('',#11955,5.425E0);
#11957=CARTESIAN_POINT('',(1.05E1,-1.655E1,9.E-1));
#11958=LINE('',#11957,#11956);
#11959=CARTESIAN_POINT('',(1.05E1,-1.35E1,9.E-1));
#11960=DIRECTION('',(0.E0,0.E0,-1.E0));
#11961=DIRECTION('',(1.E0,0.E0,0.E0));
#11962=AXIS2_PLACEMENT_3D('',#11959,#11960,#11961);
#11964=DIRECTION('',(0.E0,-1.E0,0.E0));
#11965=VECTOR('',#11964,2.75E1);
#11966=CARTESIAN_POINT('',(1.355E1,1.4E1,9.E-1));
#11967=LINE('',#11966,#11965);
#11968=CARTESIAN_POINT('',(1.05E1,1.4E1,9.E-1));
#11969=DIRECTION('',(0.E0,0.E0,-1.E0));
#11970=DIRECTION('',(0.E0,1.E0,0.E0));
#11971=AXIS2_PLACEMENT_3D('',#11968,#11969,#11970);
#11973=DIRECTION('',(1.E0,0.E0,0.E0));
#11974=VECTOR('',#11973,2.1E1);
#11975=CARTESIAN_POINT('',(-1.05E1,1.705E1,9.E-1));
#11976=LINE('',#11975,#11974);
#11977=CARTESIAN_POINT('',(-1.05E1,1.4E1,9.E-1));
#11978=DIRECTION('',(0.E0,0.E0,-1.E0));
#11979=DIRECTION('',(-1.E0,0.E0,0.E0));
#11980=AXIS2_PLACEMENT_3D('',#11977,#11978,#11979);
#11982=DIRECTION('',(0.E0,1.E0,0.E0));
#11983=VECTOR('',#11982,2.75E1);
#11984=CARTESIAN_POINT('',(-1.355E1,-1.35E1,9.E-1));
#11985=LINE('',#11984,#11983);
#11986=CARTESIAN_POINT('',(-1.05E1,-1.35E1,9.E-1));
#11987=DIRECTION('',(0.E0,0.E0,-1.E0));
#11988=DIRECTION('',(0.E0,-1.E0,0.E0));
#11989=AXIS2_PLACEMENT_3D('',#11986,#11987,#11988);
#11991=DIRECTION('',(-1.E0,0.E0,0.E0));
#11992=VECTOR('',#11991,5.425E0);
#11993=CARTESIAN_POINT('',(-5.075E0,-1.655E1,9.E-1));
#11994=LINE('',#11993,#11992);
#11995=DIRECTION('',(0.E0,-1.E0,0.E0));
#11996=VECTOR('',#11995,1.E-1);
#11997=CARTESIAN_POINT('',(-5.675E0,-1.57E1,9.E-1));
#11998=LINE('',#11997,#11996);
#11999=DIRECTION('',(-1.E0,0.E0,0.E0));
#12000=VECTOR('',#11999,7.E-1);
#12001=CARTESIAN_POINT('',(-5.675E0,-1.57E1,9.E-1));
#12002=LINE('',#12001,#12000);
#12003=DIRECTION('',(0.E0,1.E0,0.E0));
#12004=VECTOR('',#12003,1.E-1);
#12005=CARTESIAN_POINT('',(-6.375E0,-1.58E1,9.E-1));
#12006=LINE('',#12005,#12004);
#12007=CARTESIAN_POINT('',(-1.05E1,-1.35E1,9.E-1));
#12008=DIRECTION('',(0.E0,0.E0,-1.E0));
#12009=DIRECTION('',(3.919183588453E-1,-9.2E-1,0.E0));
#12010=AXIS2_PLACEMENT_3D('',#12007,#12008,#12009);
#12012=CARTESIAN_POINT('',(1.05E1,-1.35E1,9.E-1));
#12013=DIRECTION('',(0.E0,0.E0,-1.E0));
#12014=DIRECTION('',(9.2E-1,3.919183588453E-1,0.E0));
#12015=AXIS2_PLACEMENT_3D('',#12012,#12013,#12014);
#12017=DIRECTION('',(0.E0,-1.E0,0.E0));
#12018=VECTOR('',#12017,1.E-1);
#12019=CARTESIAN_POINT('',(6.375E0,-1.57E1,9.E-1));
#12020=LINE('',#12019,#12018);
#12021=DIRECTION('',(0.E0,-2.169304578187E-1,9.761870601840E-1));
#12022=VECTOR('',#12021,9.219544457293E-1);
#12023=CARTESIAN_POINT('',(5.675E0,-1.55E1,0.E0));
#12024=LINE('',#12023,#12022);
#12025=DIRECTION('',(-1.E0,0.E0,0.E0));
#12026=VECTOR('',#12025,7.E-1);
#12027=CARTESIAN_POINT('',(6.375E0,-1.55E1,0.E0));
#12028=LINE('',#12027,#12026);
#12029=DIRECTION('',(0.E0,-1.E0,0.E0));
#12030=VECTOR('',#12029,1.7E0);
#12031=CARTESIAN_POINT('',(6.375E0,-1.38E1,0.E0));
#12032=LINE('',#12031,#12030);
#12033=DIRECTION('',(1.E0,0.E0,0.E0));
#12034=VECTOR('',#12033,7.E-1);
#12035=CARTESIAN_POINT('',(5.675E0,-1.38E1,0.E0));
#12036=LINE('',#12035,#12034);
#12037=DIRECTION('',(0.E0,1.E0,0.E0));
#12038=VECTOR('',#12037,1.7E0);
#12039=CARTESIAN_POINT('',(5.675E0,-1.55E1,0.E0));
#12040=LINE('',#12039,#12038);
#12041=DIRECTION('',(-1.E0,0.E0,0.E0));
#12042=VECTOR('',#12041,7.E-1);
#12043=CARTESIAN_POINT('',(-5.675E0,-1.55E1,0.E0));
#12044=LINE('',#12043,#12042);
#12045=DIRECTION('',(0.E0,-1.E0,0.E0));
#12046=VECTOR('',#12045,1.7E0);
#12047=CARTESIAN_POINT('',(-5.675E0,-1.38E1,0.E0));
#12048=LINE('',#12047,#12046);
#12049=DIRECTION('',(1.E0,0.E0,0.E0));
#12050=VECTOR('',#12049,7.E-1);
#12051=CARTESIAN_POINT('',(-6.375E0,-1.38E1,0.E0));
#12052=LINE('',#12051,#12050);
#12053=DIRECTION('',(0.E0,1.E0,0.E0));
#12054=VECTOR('',#12053,1.7E0);
#12055=CARTESIAN_POINT('',(-6.375E0,-1.55E1,0.E0));
#12056=LINE('',#12055,#12054);
#12057=DIRECTION('',(0.E0,2.169304578187E-1,-9.761870601840E-1));
#12058=VECTOR('',#12057,9.219544457293E-1);
#12059=CARTESIAN_POINT('',(6.375E0,-1.57E1,9.E-1));
#12060=LINE('',#12059,#12058);
#12061=DIRECTION('',(0.E0,0.E0,1.E0));
#12062=VECTOR('',#12061,3.6E0);
#12063=CARTESIAN_POINT('',(5.675E0,-1.58E1,9.E-1));
#12064=LINE('',#12063,#12062);
#12065=DIRECTION('',(0.E0,0.E0,1.E0));
#12066=VECTOR('',#12065,3.6E0);
#12067=CARTESIAN_POINT('',(-5.675E0,-1.58E1,9.E-1));
#12068=LINE('',#12067,#12066);
#12069=DIRECTION('',(1.E0,0.E0,0.E0));
#12070=VECTOR('',#12069,6.E-1);
#12071=CARTESIAN_POINT('',(-5.675E0,-1.58E1,9.E-1));
#12072=LINE('',#12071,#12070);
#12073=DIRECTION('',(0.E0,0.E0,1.E0));
#12074=VECTOR('',#12073,2.85E0);
#12075=CARTESIAN_POINT('',(-5.075E0,-1.58E1,9.E-1));
#12076=LINE('',#12075,#12074);
#12077=DIRECTION('',(-1.E0,0.E0,0.E0));
#12078=VECTOR('',#12077,1.015E1);
#12079=CARTESIAN_POINT('',(5.075E0,-1.58E1,3.75E0));
#12080=LINE('',#12079,#12078);
#12081=DIRECTION('',(0.E0,0.E0,1.E0));
#12082=VECTOR('',#12081,2.85E0);
#12083=CARTESIAN_POINT('',(5.075E0,-1.58E1,9.E-1));
#12084=LINE('',#12083,#12082);
#12085=DIRECTION('',(1.E0,0.E0,0.E0));
#12086=VECTOR('',#12085,6.E-1);
#12087=CARTESIAN_POINT('',(5.075E0,-1.58E1,9.E-1));
#12088=LINE('',#12087,#12086);
#12089=DIRECTION('',(0.E0,0.E0,1.E0));
#12090=VECTOR('',#12089,3.6E0);
#12091=CARTESIAN_POINT('',(6.375E0,-1.58E1,9.E-1));
#12092=LINE('',#12091,#12090);
#12093=DIRECTION('',(1.E0,0.E0,0.E0));
#12094=VECTOR('',#12093,3.145204102887E0);
#12095=CARTESIAN_POINT('',(6.375E0,-1.58E1,9.E-1));
#12096=LINE('',#12095,#12094);
#12097=CARTESIAN_POINT('',(9.910737450208E0,-1.58E1,4.5E0));
#12098=CARTESIAN_POINT('',(9.858281954314E0,-1.58E1,4.127193786635E0));
#12099=CARTESIAN_POINT('',(9.763331711773E0,-1.58E1,3.362903364121E0));
#12100=CARTESIAN_POINT('',(9.636323206832E0,-1.58E1,2.161795848804E0));
#12101=CARTESIAN_POINT('',(9.558199051031E0,-1.58E1,1.326420091474E0));
#12102=CARTESIAN_POINT('',(9.520204102887E0,-1.58E1,9.E-1));
#12104=DIRECTION('',(0.E0,0.E0,1.E0));
#12105=VECTOR('',#12104,3.6E0);
#12106=CARTESIAN_POINT('',(-6.375E0,-1.58E1,9.E-1));
#12107=LINE('',#12106,#12105);
#12108=CARTESIAN_POINT('',(-9.910737450208E0,-1.58E1,4.5E0));
#12109=CARTESIAN_POINT('',(-9.858281954314E0,-1.58E1,4.127193786635E0));
#12110=CARTESIAN_POINT('',(-9.763331711773E0,-1.58E1,3.362903364121E0));
#12111=CARTESIAN_POINT('',(-9.636323206832E0,-1.58E1,2.161795848804E0));
#12112=CARTESIAN_POINT('',(-9.558199051031E0,-1.58E1,1.326420091474E0));
#12113=CARTESIAN_POINT('',(-9.520204102887E0,-1.58E1,9.E-1));
#12115=DIRECTION('',(1.E0,0.E0,0.E0));
#12116=VECTOR('',#12115,3.145204102887E0);
#12117=CARTESIAN_POINT('',(-9.520204102887E0,-1.58E1,9.E-1));
#12118=LINE('',#12117,#12116);
#12119=CARTESIAN_POINT('',(1.1E1,-1.35E1,4.5E0));
#12120=DIRECTION('',(0.E0,0.E0,-1.E0));
#12121=DIRECTION('',(-1.E0,0.E0,0.E0));
#12122=AXIS2_PLACEMENT_3D('',#12119,#12120,#12121);
#12124=CARTESIAN_POINT('',(1.1E1,-1.35E1,4.5E0));
#12125=DIRECTION('',(0.E0,0.E0,-1.E0));
#12126=DIRECTION('',(1.E0,0.E0,0.E0));
#12127=AXIS2_PLACEMENT_3D('',#12124,#12125,#12126);
#12129=CARTESIAN_POINT('',(-1.1E1,-1.35E1,4.5E0));
#12130=DIRECTION('',(0.E0,0.E0,-1.E0));
#12131=DIRECTION('',(-1.E0,0.E0,0.E0));
#12132=AXIS2_PLACEMENT_3D('',#12129,#12130,#12131);
#12134=CARTESIAN_POINT('',(-1.1E1,-1.35E1,4.5E0));
#12135=DIRECTION('',(0.E0,0.E0,-1.E0));
#12136=DIRECTION('',(1.E0,0.E0,0.E0));
#12137=AXIS2_PLACEMENT_3D('',#12134,#12135,#12136);
#12139=DIRECTION('',(0.E0,1.E0,0.E0));
#12140=VECTOR('',#12139,1.849345790501E0);
#12141=CARTESIAN_POINT('',(-1.21E1,-1.418745078664E1,4.5E0));
#12142=LINE('',#12141,#12140);
#12143=DIRECTION('',(-8.412426627143E-1,-5.406577313138E-1,0.E0));
#12144=VECTOR('',#12143,5.943588243453E-1);
#12145=CARTESIAN_POINT('',(-1.16E1,-1.201676030258E1,4.5E0));
#12146=LINE('',#12145,#12144);
#12147=DIRECTION('',(7.470114964755E-1,-6.648111191410E-1,0.E0));
#12148=VECTOR('',#12147,6.693337416614E-1);
#12149=CARTESIAN_POINT('',(-1.21E1,-1.157177978871E1,4.5E0));
#12150=LINE('',#12149,#12148);
#12151=DIRECTION('',(0.E0,1.E0,0.E0));
#12152=VECTOR('',#12151,1.743559577416E0);
#12153=CARTESIAN_POINT('',(-1.21E1,-1.157177978871E1,4.5E0));
#12154=LINE('',#12153,#12152);
#12155=CARTESIAN_POINT('',(-1.03E1,-1.07E1,4.5E0));
#12156=DIRECTION('',(0.E0,0.E0,-1.E0));
#12157=DIRECTION('',(-9.E-1,4.358898943541E-1,0.E0));
#12158=AXIS2_PLACEMENT_3D('',#12155,#12156,#12157);
#12160=CARTESIAN_POINT('',(-8.45E0,-5.E0,4.5E0));
#12161=DIRECTION('',(0.E0,0.E0,-1.E0));
#12162=DIRECTION('',(-1.034148272216E-1,-9.946383129111E-1,0.E0));
#12163=AXIS2_PLACEMENT_3D('',#12160,#12161,#12162);
#12165=CARTESIAN_POINT('',(-1.03E1,-1.07E1,4.5E0));
#12166=DIRECTION('',(0.E0,0.E0,-1.E0));
#12167=DIRECTION('',(7.026581214735E-1,7.115276272410E-1,0.E0));
#12168=AXIS2_PLACEMENT_3D('',#12165,#12166,#12167);
#12170=CARTESIAN_POINT('',(-1.1E1,-1.35E1,4.5E0));
#12171=DIRECTION('',(0.E0,0.E0,-1.E0));
#12172=DIRECTION('',(8.269825601228E-1,5.622275742550E-1,0.E0));
#12173=AXIS2_PLACEMENT_3D('',#12170,#12171,#12172);
#12175=DIRECTION('',(7.071067811865E-1,-7.071067811865E-1,0.E0));
#12176=VECTOR('',#12175,1.272792206136E0);
#12177=CARTESIAN_POINT('',(-1.21E1,-1.418745078664E1,4.5E0));
#12178=LINE('',#12177,#12176);
#12179=DIRECTION('',(0.E0,-1.E0,0.E0));
#12180=VECTOR('',#12179,1.743559577416E0);
#12181=CARTESIAN_POINT('',(1.21E1,-9.828220211292E0,4.5E0));
#12182=LINE('',#12181,#12180);
#12183=DIRECTION('',(7.470114964755E-1,6.648111191410E-1,0.E0));
#12184=VECTOR('',#12183,6.693337416614E-1);
#12185=CARTESIAN_POINT('',(1.16E1,-1.201676030258E1,4.5E0));
#12186=LINE('',#12185,#12184);
#12187=DIRECTION('',(-8.412426627143E-1,5.406577313138E-1,0.E0));
#12188=VECTOR('',#12187,5.943588243453E-1);
#12189=CARTESIAN_POINT('',(1.21E1,-1.233810499614E1,4.5E0));
#12190=LINE('',#12189,#12188);
#12191=DIRECTION('',(0.E0,-1.E0,0.E0));
#12192=VECTOR('',#12191,1.849345790501E0);
#12193=CARTESIAN_POINT('',(1.21E1,-1.233810499614E1,4.5E0));
#12194=LINE('',#12193,#12192);
#12195=DIRECTION('',(7.071067811865E-1,7.071067811865E-1,0.E0));
#12196=VECTOR('',#12195,1.272792206136E0);
#12197=CARTESIAN_POINT('',(1.12E1,-1.508745078664E1,4.5E0));
#12198=LINE('',#12197,#12196);
#12199=CARTESIAN_POINT('',(1.1E1,-1.35E1,4.5E0));
#12200=DIRECTION('',(0.E0,0.E0,-1.E0));
#12201=DIRECTION('',(1.25E-1,-9.921567416492E-1,0.E0));
#12202=AXIS2_PLACEMENT_3D('',#12199,#12200,#12201);
#12204=CARTESIAN_POINT('',(1.03E1,-1.07E1,4.5E0));
#12205=DIRECTION('',(0.E0,0.E0,-1.E0));
#12206=DIRECTION('',(-3.115860480983E-1,-9.502179405960E-1,0.E0));
#12207=AXIS2_PLACEMENT_3D('',#12204,#12205,#12206);
#12209=CARTESIAN_POINT('',(8.45E0,-5.E0,4.5E0));
#12210=DIRECTION('',(0.E0,0.E0,-1.E0));
#12211=DIRECTION('',(5.004082569866E-1,-8.657895681628E-1,0.E0));
#12212=AXIS2_PLACEMENT_3D('',#12209,#12210,#12211);
#12214=CARTESIAN_POINT('',(1.03E1,-1.07E1,4.5E0));
#12215=DIRECTION('',(0.E0,0.E0,-1.E0));
#12216=DIRECTION('',(1.508777525212E-1,9.885524284499E-1,0.E0));
#12217=AXIS2_PLACEMENT_3D('',#12214,#12215,#12216);
#12219=DIRECTION('',(-1.E0,0.E0,0.E0));
#12220=VECTOR('',#12219,1.574285229830E0);
#12221=CARTESIAN_POINT('',(1.267428522983E1,1.037428522983E1,4.5E0));
#12222=LINE('',#12221,#12220);
#12223=DIRECTION('',(0.E0,1.E0,0.E0));
#12224=VECTOR('',#12223,8.E-1);
#12225=CARTESIAN_POINT('',(1.11E1,1.037428522983E1,4.5E0));
#12226=LINE('',#12225,#12224);
#12227=DIRECTION('',(-1.E0,0.E0,0.E0));
#12228=VECTOR('',#12227,1.574285229830E0);
#12229=CARTESIAN_POINT('',(1.267428522983E1,1.117428522983E1,4.5E0));
#12230=LINE('',#12229,#12228);
#12231=DIRECTION('',(0.E0,1.E0,0.E0));
#12232=VECTOR('',#12231,2.825714770170E0);
#12233=CARTESIAN_POINT('',(1.267428522983E1,1.117428522983E1,4.5E0));
#12234=LINE('',#12233,#12232);
#12235=CARTESIAN_POINT('',(1.05E1,1.4E1,4.5E0));
#12236=DIRECTION('',(0.E0,0.E0,1.E0));
#12237=DIRECTION('',(1.E0,0.E0,0.E0));
#12238=AXIS2_PLACEMENT_3D('',#12235,#12236,#12237);
#12240=DIRECTION('',(-1.E0,0.E0,0.E0));
#12241=VECTOR('',#12240,2.1E1);
#12242=CARTESIAN_POINT('',(1.05E1,1.617428522983E1,4.5E0));
#12243=LINE('',#12242,#12241);
#12244=CARTESIAN_POINT('',(-1.05E1,1.4E1,4.5E0));
#12245=DIRECTION('',(0.E0,0.E0,1.E0));
#12246=DIRECTION('',(0.E0,1.E0,0.E0));
#12247=AXIS2_PLACEMENT_3D('',#12244,#12245,#12246);
#12249=DIRECTION('',(0.E0,-1.E0,0.E0));
#12250=VECTOR('',#12249,2.825714770170E0);
#12251=CARTESIAN_POINT('',(-1.267428522983E1,1.4E1,4.5E0));
#12252=LINE('',#12251,#12250);
#12253=DIRECTION('',(1.E0,0.E0,0.E0));
#12254=VECTOR('',#12253,1.574285229830E0);
#12255=CARTESIAN_POINT('',(-1.267428522983E1,1.117428522983E1,4.5E0));
#12256=LINE('',#12255,#12254);
#12257=DIRECTION('',(0.E0,-1.E0,0.E0));
#12258=VECTOR('',#12257,8.E-1);
#12259=CARTESIAN_POINT('',(-1.11E1,1.117428522983E1,4.5E0));
#12260=LINE('',#12259,#12258);
#12261=DIRECTION('',(1.E0,0.E0,0.E0));
#12262=VECTOR('',#12261,1.574285229830E0);
#12263=CARTESIAN_POINT('',(-1.267428522983E1,1.037428522983E1,4.5E0));
#12264=LINE('',#12263,#12262);
#12265=DIRECTION('',(0.E0,-1.E0,0.E0));
#12266=VECTOR('',#12265,2.292049589673E1);
#12267=CARTESIAN_POINT('',(-1.267428522983E1,1.037428522983E1,4.5E0));
#12268=LINE('',#12267,#12266);
#12269=CARTESIAN_POINT('',(-1.05E1,-1.35E1,4.5E0));
#12270=DIRECTION('',(0.E0,0.E0,-1.E0));
#12271=DIRECTION('',(2.481852400836E-1,-9.687125923640E-1,0.E0));
#12272=AXIS2_PLACEMENT_3D('',#12269,#12270,#12271);
#12274=DIRECTION('',(1.E0,0.E0,0.E0));
#12275=VECTOR('',#12274,3.535737450208E0);
#12276=CARTESIAN_POINT('',(-9.910737450208E0,-1.58E1,4.5E0));
#12277=LINE('',#12276,#12275);
#12278=DIRECTION('',(0.E0,1.E0,0.E0));
#12279=VECTOR('',#12278,2.E0);
#12280=CARTESIAN_POINT('',(-6.375E0,-1.58E1,4.5E0));
#12281=LINE('',#12280,#12279);
#12282=DIRECTION('',(1.E0,0.E0,0.E0));
#12283=VECTOR('',#12282,7.E-1);
#12284=CARTESIAN_POINT('',(-6.375E0,-1.38E1,4.5E0));
#12285=LINE('',#12284,#12283);
#12286=DIRECTION('',(0.E0,1.E0,0.E0));
#12287=VECTOR('',#12286,2.E0);
#12288=CARTESIAN_POINT('',(-5.675E0,-1.58E1,4.5E0));
#12289=LINE('',#12288,#12287);
#12290=DIRECTION('',(1.E0,0.E0,0.E0));
#12291=VECTOR('',#12290,1.135E1);
#12292=CARTESIAN_POINT('',(-5.675E0,-1.58E1,4.5E0));
#12293=LINE('',#12292,#12291);
#12294=DIRECTION('',(0.E0,1.E0,0.E0));
#12295=VECTOR('',#12294,2.E0);
#12296=CARTESIAN_POINT('',(5.675E0,-1.58E1,4.5E0));
#12297=LINE('',#12296,#12295);
#12298=DIRECTION('',(1.E0,0.E0,0.E0));
#12299=VECTOR('',#12298,7.E-1);
#12300=CARTESIAN_POINT('',(5.675E0,-1.38E1,4.5E0));
#12301=LINE('',#12300,#12299);
#12302=DIRECTION('',(0.E0,1.E0,0.E0));
#12303=VECTOR('',#12302,2.E0);
#12304=CARTESIAN_POINT('',(6.375E0,-1.58E1,4.5E0));
#12305=LINE('',#12304,#12303);
#12306=DIRECTION('',(1.E0,0.E0,0.E0));
#12307=VECTOR('',#12306,3.535737450208E0);
#12308=CARTESIAN_POINT('',(6.375E0,-1.58E1,4.5E0));
#12309=LINE('',#12308,#12307);
#12310=CARTESIAN_POINT('',(1.05E1,-1.35E1,4.5E0));
#12311=DIRECTION('',(0.E0,0.E0,-1.E0));
#12312=DIRECTION('',(9.157641224031E-1,4.017164075803E-1,0.E0));
#12313=AXIS2_PLACEMENT_3D('',#12310,#12311,#12312);
#12315=DIRECTION('',(0.E0,1.E0,0.E0));
#12316=VECTOR('',#12315,2.292049589673E1);
#12317=CARTESIAN_POINT('',(1.267428522983E1,-1.254621066690E1,4.5E0));
#12318=LINE('',#12317,#12316);
#12319=DIRECTION('',(0.E0,0.E0,-1.E0));
#12320=VECTOR('',#12319,4.7E0);
#12321=CARTESIAN_POINT('',(1.17E1,-1.35E1,4.5E0));
#12322=LINE('',#12321,#12320);
#12323=DIRECTION('',(0.E0,0.E0,-1.E0));
#12324=VECTOR('',#12323,4.7E0);
#12325=CARTESIAN_POINT('',(1.03E1,-1.35E1,4.5E0));
#12326=LINE('',#12325,#12324);
#12327=CARTESIAN_POINT('',(-1.1E1,-1.35E1,-2.E-1));
#12328=DIRECTION('',(0.E0,0.E0,1.E0));
#12329=DIRECTION('',(1.E0,0.E0,0.E0));
#12330=AXIS2_PLACEMENT_3D('',#12327,#12328,#12329);
#12332=CARTESIAN_POINT('',(-1.1E1,-1.35E1,-2.E-1));
#12333=DIRECTION('',(0.E0,0.E0,1.E0));
#12334=DIRECTION('',(-1.E0,0.E0,0.E0));
#12335=AXIS2_PLACEMENT_3D('',#12332,#12333,#12334);
#12337=CARTESIAN_POINT('',(1.1E1,-1.35E1,-2.E-1));
#12338=DIRECTION('',(0.E0,0.E0,1.E0));
#12339=DIRECTION('',(1.E0,0.E0,0.E0));
#12340=AXIS2_PLACEMENT_3D('',#12337,#12338,#12339);
#12342=CARTESIAN_POINT('',(1.1E1,-1.35E1,-2.E-1));
#12343=DIRECTION('',(0.E0,0.E0,1.E0));
#12344=DIRECTION('',(-1.E0,0.E0,0.E0));
#12345=AXIS2_PLACEMENT_3D('',#12342,#12343,#12344);
#12347=DIRECTION('',(-8.412426627143E-1,-5.406577313138E-1,0.E0));
#12348=VECTOR('',#12347,5.943588243453E-1);
#12349=CARTESIAN_POINT('',(-1.16E1,-1.201676030258E1,-2.E-1));
#12350=LINE('',#12349,#12348);
#12351=DIRECTION('',(0.E0,1.E0,0.E0));
#12352=VECTOR('',#12351,1.849345790501E0);
#12353=CARTESIAN_POINT('',(-1.21E1,-1.418745078664E1,-2.E-1));
#12354=LINE('',#12353,#12352);
#12355=DIRECTION('',(7.071067811865E-1,-7.071067811865E-1,0.E0));
#12356=VECTOR('',#12355,1.272792206136E0);
#12357=CARTESIAN_POINT('',(-1.21E1,-1.418745078664E1,-2.E-1));
#12358=LINE('',#12357,#12356);
#12359=CARTESIAN_POINT('',(-1.1E1,-1.35E1,-2.E-1));
#12360=DIRECTION('',(0.E0,0.E0,-1.E0));
#12361=DIRECTION('',(-3.75E-1,9.270248108870E-1,0.E0));
#12362=AXIS2_PLACEMENT_3D('',#12359,#12360,#12361);
#12364=DIRECTION('',(-8.412426627143E-1,5.406577313138E-1,0.E0));
#12365=VECTOR('',#12364,5.943588243454E-1);
#12366=CARTESIAN_POINT('',(1.21E1,-1.233810499614E1,-2.E-1));
#12367=LINE('',#12366,#12365);
#12368=CARTESIAN_POINT('',(1.1E1,-1.35E1,-2.E-1));
#12369=DIRECTION('',(0.E0,0.E0,-1.E0));
#12370=DIRECTION('',(1.25E-1,-9.921567416492E-1,0.E0));
#12371=AXIS2_PLACEMENT_3D('',#12368,#12369,#12370);
#12373=DIRECTION('',(7.071067811865E-1,7.071067811865E-1,0.E0));
#12374=VECTOR('',#12373,1.272792206136E0);
#12375=CARTESIAN_POINT('',(1.12E1,-1.508745078664E1,-2.E-1));
#12376=LINE('',#12375,#12374);
#12377=DIRECTION('',(0.E0,-1.E0,0.E0));
#12378=VECTOR('',#12377,1.849345790501E0);
#12379=CARTESIAN_POINT('',(1.21E1,-1.233810499614E1,-2.E-1));
#12380=LINE('',#12379,#12378);
#12381=DIRECTION('',(0.E0,0.E0,-1.E0));
#12382=VECTOR('',#12381,4.7E0);
#12383=CARTESIAN_POINT('',(-1.03E1,-1.35E1,4.5E0));
#12384=LINE('',#12383,#12382);
#12385=DIRECTION('',(0.E0,0.E0,-1.E0));
#12386=VECTOR('',#12385,4.7E0);
#12387=CARTESIAN_POINT('',(-1.17E1,-1.35E1,4.5E0));
#12388=LINE('',#12387,#12386);
#12389=DIRECTION('',(0.E0,0.E0,1.E0));
#12390=VECTOR('',#12389,4.E0);
#12391=CARTESIAN_POINT('',(-1.16E1,-1.201676030258E1,5.E-1));
#12392=LINE('',#12391,#12390);
#12393=DIRECTION('',(0.E0,0.E0,-1.E0));
#12394=VECTOR('',#12393,7.E-1);
#12395=CARTESIAN_POINT('',(-1.16E1,-1.201676030258E1,5.E-1));
#12396=LINE('',#12395,#12394);
#12397=DIRECTION('',(0.E0,0.E0,-1.E0));
#12398=VECTOR('',#12397,4.7E0);
#12399=CARTESIAN_POINT('',(-1.12E1,-1.508745078664E1,4.5E0));
#12400=LINE('',#12399,#12398);
#12401=DIRECTION('',(0.E0,0.E0,-1.E0));
#12402=VECTOR('',#12401,4.E0);
#12403=CARTESIAN_POINT('',(-9.676827903803E0,-1.260043588119E1,4.5E0));
#12404=LINE('',#12403,#12402);
#12405=CARTESIAN_POINT('',(-1.1E1,-1.35E1,5.E-1));
#12406=DIRECTION('',(0.E0,0.E0,-1.E0));
#12407=DIRECTION('',(-3.75E-1,9.270248108870E-1,0.E0));
#12408=AXIS2_PLACEMENT_3D('',#12405,#12406,#12407);
#12410=DIRECTION('',(0.E0,0.E0,-1.E0));
#12411=VECTOR('',#12410,4.7E0);
#12412=CARTESIAN_POINT('',(-1.21E1,-1.233810499614E1,4.5E0));
#12413=LINE('',#12412,#12411);
#12414=DIRECTION('',(0.E0,0.E0,-1.E0));
#12415=VECTOR('',#12414,4.7E0);
#12416=CARTESIAN_POINT('',(-1.21E1,-1.418745078664E1,4.5E0));
#12417=LINE('',#12416,#12415);
#12418=DIRECTION('',(0.E0,0.E0,-1.E0));
#12419=VECTOR('',#12418,4.E0);
#12420=CARTESIAN_POINT('',(-1.060175550504E1,-8.722895143100E0,4.5E0));
#12421=LINE('',#12420,#12419);
#12422=DIRECTION('',(0.E0,0.E0,-1.E0));
#12423=VECTOR('',#12422,4.E0);
#12424=CARTESIAN_POINT('',(-1.21E1,-9.828220211292E0,4.5E0));
#12425=LINE('',#12424,#12423);
#12426=DIRECTION('',(0.E0,0.E0,-1.E0));
#12427=VECTOR('',#12426,4.E0);
#12428=CARTESIAN_POINT('',(-8.894683757053E0,-9.276944745518E0,4.5E0));
#12429=LINE('',#12428,#12427);
#12430=CARTESIAN_POINT('',(1.03E1,-1.07E1,5.E-1));
#12431=DIRECTION('',(0.E0,0.E0,1.E0));
#12432=DIRECTION('',(0.E0,-1.E0,0.E0));
#12433=AXIS2_PLACEMENT_3D('',#12430,#12431,#12432);
#12435=CARTESIAN_POINT('',(1.03E1,-1.07E1,5.E-1));
#12436=DIRECTION('',(0.E0,0.E0,1.E0));
#12437=DIRECTION('',(0.E0,1.E0,0.E0));
#12438=AXIS2_PLACEMENT_3D('',#12435,#12436,#12437);
#12440=CARTESIAN_POINT('',(-1.03E1,-1.07E1,5.E-1));
#12441=DIRECTION('',(0.E0,0.E0,1.E0));
#12442=DIRECTION('',(0.E0,-1.E0,0.E0));
#12443=AXIS2_PLACEMENT_3D('',#12440,#12441,#12442);
#12445=CARTESIAN_POINT('',(-1.03E1,-1.07E1,5.E-1));
#12446=DIRECTION('',(0.E0,0.E0,1.E0));
#12447=DIRECTION('',(0.E0,1.E0,0.E0));
#12448=AXIS2_PLACEMENT_3D('',#12445,#12446,#12447);
#12450=DIRECTION('',(7.470114964755E-1,-6.648111191410E-1,0.E0));
#12451=VECTOR('',#12450,6.693337416614E-1);
#12452=CARTESIAN_POINT('',(-1.21E1,-1.157177978871E1,5.E-1));
#12453=LINE('',#12452,#12451);
#12454=CARTESIAN_POINT('',(-1.03E1,-1.07E1,5.E-1));
#12455=DIRECTION('',(0.E0,0.E0,-1.E0));
#12456=DIRECTION('',(7.026581214735E-1,7.115276272410E-1,0.E0));
#12457=AXIS2_PLACEMENT_3D('',#12454,#12455,#12456);
#12459=CARTESIAN_POINT('',(-8.45E0,-5.E0,5.E-1));
#12460=DIRECTION('',(0.E0,0.E0,-1.E0));
#12461=DIRECTION('',(-1.034148272216E-1,-9.946383129111E-1,0.E0));
#12462=AXIS2_PLACEMENT_3D('',#12459,#12460,#12461);
#12464=CARTESIAN_POINT('',(-1.03E1,-1.07E1,5.E-1));
#12465=DIRECTION('',(0.E0,0.E0,-1.E0));
#12466=DIRECTION('',(-9.E-1,4.358898943541E-1,0.E0));
#12467=AXIS2_PLACEMENT_3D('',#12464,#12465,#12466);
#12469=DIRECTION('',(0.E0,1.E0,0.E0));
#12470=VECTOR('',#12469,1.743559577416E0);
#12471=CARTESIAN_POINT('',(-1.21E1,-1.157177978871E1,5.E-1));
#12472=LINE('',#12471,#12470);
#12473=DIRECTION('',(7.470114964755E-1,6.648111191410E-1,0.E0));
#12474=VECTOR('',#12473,6.693337416614E-1);
#12475=CARTESIAN_POINT('',(1.16E1,-1.201676030258E1,5.E-1));
#12476=LINE('',#12475,#12474);
#12477=DIRECTION('',(0.E0,-1.E0,0.E0));
#12478=VECTOR('',#12477,1.743559577416E0);
#12479=CARTESIAN_POINT('',(1.21E1,-9.828220211292E0,5.E-1));
#12480=LINE('',#12479,#12478);
#12481=CARTESIAN_POINT('',(1.03E1,-1.07E1,5.E-1));
#12482=DIRECTION('',(0.E0,0.E0,-1.E0));
#12483=DIRECTION('',(1.508777525212E-1,9.885524284499E-1,0.E0));
#12484=AXIS2_PLACEMENT_3D('',#12481,#12482,#12483);
#12486=CARTESIAN_POINT('',(8.45E0,-5.E0,5.E-1));
#12487=DIRECTION('',(0.E0,0.E0,-1.E0));
#12488=DIRECTION('',(5.004082569866E-1,-8.657895681628E-1,0.E0));
#12489=AXIS2_PLACEMENT_3D('',#12486,#12487,#12488);
#12491=CARTESIAN_POINT('',(1.03E1,-1.07E1,5.E-1));
#12492=DIRECTION('',(0.E0,0.E0,-1.E0));
#12493=DIRECTION('',(-3.115860480983E-1,-9.502179405960E-1,0.E0));
#12494=AXIS2_PLACEMENT_3D('',#12491,#12492,#12493);
#12496=CARTESIAN_POINT('',(1.03E1,-1.07E1,3.5E0));
#12497=DIRECTION('',(0.E0,0.E0,-1.E0));
#12498=DIRECTION('',(0.E0,1.E0,0.E0));
#12499=AXIS2_PLACEMENT_3D('',#12496,#12497,#12498);
#12501=DIRECTION('',(0.E0,0.E0,-1.E0));
#12502=VECTOR('',#12501,3.E0);
#12503=CARTESIAN_POINT('',(1.03E1,-1.19E1,3.5E0));
#12504=LINE('',#12503,#12502);
#12505=CARTESIAN_POINT('',(1.03E1,-1.07E1,3.5E0));
#12506=DIRECTION('',(0.E0,0.E0,-1.E0));
#12507=DIRECTION('',(0.E0,-1.E0,0.E0));
#12508=AXIS2_PLACEMENT_3D('',#12505,#12506,#12507);
#12510=DIRECTION('',(0.E0,0.E0,-1.E0));
#12511=VECTOR('',#12510,3.E0);
#12512=CARTESIAN_POINT('',(1.03E1,-9.5E0,3.5E0));
#12513=LINE('',#12512,#12511);
#12514=CARTESIAN_POINT('',(-1.03E1,-1.07E1,3.5E0));
#12515=DIRECTION('',(0.E0,0.E0,-1.E0));
#12516=DIRECTION('',(0.E0,1.E0,0.E0));
#12517=AXIS2_PLACEMENT_3D('',#12514,#12515,#12516);
#12519=DIRECTION('',(0.E0,0.E0,-1.E0));
#12520=VECTOR('',#12519,3.E0);
#12521=CARTESIAN_POINT('',(-1.03E1,-1.19E1,3.5E0));
#12522=LINE('',#12521,#12520);
#12523=CARTESIAN_POINT('',(-1.03E1,-1.07E1,3.5E0));
#12524=DIRECTION('',(0.E0,0.E0,-1.E0));
#12525=DIRECTION('',(0.E0,-1.E0,0.E0));
#12526=AXIS2_PLACEMENT_3D('',#12523,#12524,#12525);
#12528=DIRECTION('',(0.E0,0.E0,-1.E0));
#12529=VECTOR('',#12528,3.E0);
#12530=CARTESIAN_POINT('',(-1.03E1,-9.5E0,3.5E0));
#12531=LINE('',#12530,#12529);
#12532=DIRECTION('',(0.E0,0.E0,-1.E0));
#12533=VECTOR('',#12532,4.E0);
#12534=CARTESIAN_POINT('',(-1.21E1,-1.157177978871E1,4.5E0));
#12535=LINE('',#12534,#12533);
#12536=DIRECTION('',(0.E0,0.E0,1.E0));
#12537=VECTOR('',#12536,4.E0);
#12538=CARTESIAN_POINT('',(1.16E1,-1.201676030258E1,5.E-1));
#12539=LINE('',#12538,#12537);
#12540=DIRECTION('',(0.E0,0.E0,-1.E0));
#12541=VECTOR('',#12540,4.7E0);
#12542=CARTESIAN_POINT('',(1.21E1,-1.233810499614E1,4.5E0));
#12543=LINE('',#12542,#12541);
#12544=DIRECTION('',(0.E0,0.E0,-1.E0));
#12545=VECTOR('',#12544,4.7E0);
#12546=CARTESIAN_POINT('',(1.21E1,-1.418745078664E1,4.5E0));
#12547=LINE('',#12546,#12545);
#12548=DIRECTION('',(0.E0,0.E0,-1.E0));
#12549=VECTOR('',#12548,7.E-1);
#12550=CARTESIAN_POINT('',(1.16E1,-1.201676030258E1,5.E-1));
#12551=LINE('',#12550,#12549);
#12552=CARTESIAN_POINT('',(1.1E1,-1.35E1,5.E-1));
#12553=DIRECTION('',(0.E0,0.E0,-1.E0));
#12554=DIRECTION('',(-8.269825601228E-1,5.622275742550E-1,0.E0));
#12555=AXIS2_PLACEMENT_3D('',#12552,#12553,#12554);
#12557=DIRECTION('',(0.E0,0.E0,-1.E0));
#12558=VECTOR('',#12557,4.E0);
#12559=CARTESIAN_POINT('',(9.676827903803E0,-1.260043588119E1,4.5E0));
#12560=LINE('',#12559,#12558);
#12561=DIRECTION('',(0.E0,0.E0,-1.E0));
#12562=VECTOR('',#12561,4.7E0);
#12563=CARTESIAN_POINT('',(1.12E1,-1.508745078664E1,4.5E0));
#12564=LINE('',#12563,#12562);
#12565=DIRECTION('',(0.E0,0.E0,-1.E0));
#12566=VECTOR('',#12565,4.E0);
#12567=CARTESIAN_POINT('',(8.894683757053E0,-9.276944745518E0,4.5E0));
#12568=LINE('',#12567,#12566);
#12569=DIRECTION('',(0.E0,0.E0,-1.E0));
#12570=VECTOR('',#12569,4.E0);
#12571=CARTESIAN_POINT('',(1.060175550504E1,-8.722895143100E0,4.5E0));
#12572=LINE('',#12571,#12570);
#12573=DIRECTION('',(0.E0,0.E0,-1.E0));
#12574=VECTOR('',#12573,4.E0);
#12575=CARTESIAN_POINT('',(1.21E1,-1.157177978871E1,4.5E0));
#12576=LINE('',#12575,#12574);
#12577=DIRECTION('',(0.E0,0.E0,-1.E0));
#12578=VECTOR('',#12577,4.E0);
#12579=CARTESIAN_POINT('',(1.21E1,-9.828220211292E0,4.5E0));
#12580=LINE('',#12579,#12578);
#12581=DIRECTION('',(0.E0,1.E0,0.E0));
#12582=VECTOR('',#12581,8.E-1);
#12583=CARTESIAN_POINT('',(1.268999957610E1,1.037428522983E1,4.05E0));
#12584=LINE('',#12583,#12582);
#12585=DIRECTION('',(3.489949670250E-2,0.E0,-9.993908270191E-1));
#12586=VECTOR('',#12585,4.502742949345E-1);
#12587=CARTESIAN_POINT('',(1.267428522983E1,1.037428522983E1,4.5E0));
#12588=LINE('',#12587,#12586);
#12589=CARTESIAN_POINT('',(1.267428522983E1,-1.254621066690E1,4.5E0));
#12590=CARTESIAN_POINT('',(1.271619012324E1,-1.253742363355E1,
3.300000858501E0));
#12591=CARTESIAN_POINT('',(1.275809504782E1,-1.252875791543E1,
2.100000824549E0));
#12592=CARTESIAN_POINT('',(1.28E1,-1.252020410289E1,9.E-1));
#12594=DIRECTION('',(0.E0,1.E0,0.E0));
#12595=VECTOR('',#12594,2.652020410289E1);
#12596=CARTESIAN_POINT('',(1.28E1,-1.252020410289E1,9.E-1));
#12597=LINE('',#12596,#12595);
#12598=DIRECTION('',(3.489949670250E-2,0.E0,-9.993908270191E-1));
#12599=VECTOR('',#12598,3.602194359476E0);
#12600=CARTESIAN_POINT('',(1.267428522983E1,1.4E1,4.5E0));
#12601=LINE('',#12600,#12599);
#12602=DIRECTION('',(3.489949670250E-2,0.E0,-9.993908270191E-1));
#12603=VECTOR('',#12602,4.502742949345E-1);
#12604=CARTESIAN_POINT('',(1.267428522983E1,1.117428522983E1,4.5E0));
#12605=LINE('',#12604,#12603);
#12606=DIRECTION('',(1.E0,0.E0,0.E0));
#12607=VECTOR('',#12606,1.589999576101E0);
#12608=CARTESIAN_POINT('',(1.11E1,1.117428522983E1,4.05E0));
#12609=LINE('',#12608,#12607);
#12610=DIRECTION('',(0.E0,1.E0,0.E0));
#12611=VECTOR('',#12610,8.E-1);
#12612=CARTESIAN_POINT('',(1.11E1,1.037428522983E1,4.05E0));
#12613=LINE('',#12612,#12611);
#12614=DIRECTION('',(-1.E0,0.E0,0.E0));
#12615=VECTOR('',#12614,1.589999576101E0);
#12616=CARTESIAN_POINT('',(1.268999957610E1,1.037428522983E1,4.05E0));
#12617=LINE('',#12616,#12615);
#12618=DIRECTION('',(-1.E0,0.E0,0.E0));
#12619=VECTOR('',#12618,1.589999576101E0);
#12620=CARTESIAN_POINT('',(-1.11E1,1.037428522983E1,4.05E0));
#12621=LINE('',#12620,#12619);
#12622=DIRECTION('',(0.E0,-1.E0,0.E0));
#12623=VECTOR('',#12622,8.E-1);
#12624=CARTESIAN_POINT('',(-1.11E1,1.117428522983E1,4.05E0));
#12625=LINE('',#12624,#12623);
#12626=DIRECTION('',(1.E0,0.E0,0.E0));
#12627=VECTOR('',#12626,1.589999576101E0);
#12628=CARTESIAN_POINT('',(-1.268999957610E1,1.117428522983E1,4.05E0));
#12629=LINE('',#12628,#12627);
#12630=DIRECTION('',(0.E0,0.E0,-1.E0));
#12631=VECTOR('',#12630,4.5E-1);
#12632=CARTESIAN_POINT('',(1.11E1,1.117428522983E1,4.5E0));
#12633=LINE('',#12632,#12631);
#12634=DIRECTION('',(0.E0,0.E0,-1.E0));
#12635=VECTOR('',#12634,4.5E-1);
#12636=CARTESIAN_POINT('',(1.11E1,1.037428522983E1,4.5E0));
#12637=LINE('',#12636,#12635);
#12638=DIRECTION('',(0.E0,1.E0,0.E0));
#12639=VECTOR('',#12638,8.E-1);
#12640=CARTESIAN_POINT('',(-1.268999957610E1,1.037428522983E1,4.05E0));
#12641=LINE('',#12640,#12639);
#12642=DIRECTION('',(-3.489949670250E-2,0.E0,-9.993908270191E-1));
#12643=VECTOR('',#12642,4.502742949345E-1);
#12644=CARTESIAN_POINT('',(-1.267428522983E1,1.117428522983E1,4.5E0));
#12645=LINE('',#12644,#12643);
#12646=DIRECTION('',(-3.489949670250E-2,0.E0,-9.993908270191E-1));
#12647=VECTOR('',#12646,3.602194359476E0);
#12648=CARTESIAN_POINT('',(-1.267428522983E1,1.4E1,4.5E0));
#12649=LINE('',#12648,#12647);
#12650=DIRECTION('',(0.E0,-1.E0,0.E0));
#12651=VECTOR('',#12650,2.652020410289E1);
#12652=CARTESIAN_POINT('',(-1.28E1,1.4E1,9.E-1));
#12653=LINE('',#12652,#12651);
#12654=CARTESIAN_POINT('',(-1.267428522983E1,-1.254621066690E1,4.5E0));
#12655=CARTESIAN_POINT('',(-1.271619012324E1,-1.253742363355E1,
3.300000858501E0));
#12656=CARTESIAN_POINT('',(-1.275809504782E1,-1.252875791543E1,
2.100000824549E0));
#12657=CARTESIAN_POINT('',(-1.28E1,-1.252020410289E1,9.E-1));
#12659=DIRECTION('',(-3.489949670250E-2,0.E0,-9.993908270191E-1));
#12660=VECTOR('',#12659,4.502742949345E-1);
#12661=CARTESIAN_POINT('',(-1.267428522983E1,1.037428522983E1,4.5E0));
#12662=LINE('',#12661,#12660);
#12663=DIRECTION('',(0.E0,0.E0,-1.E0));
#12664=VECTOR('',#12663,4.5E-1);
#12665=CARTESIAN_POINT('',(-1.11E1,1.117428522983E1,4.5E0));
#12666=LINE('',#12665,#12664);
#12667=DIRECTION('',(0.E0,0.E0,-1.E0));
#12668=VECTOR('',#12667,4.5E-1);
#12669=CARTESIAN_POINT('',(-1.11E1,1.037428522983E1,4.5E0));
#12670=LINE('',#12669,#12668);
#12671=CARTESIAN_POINT('',(-1.05E1,1.4E1,9.E-1));
#12672=DIRECTION('',(0.E0,0.E0,-1.E0));
#12673=DIRECTION('',(-1.E0,0.E0,0.E0));
#12674=AXIS2_PLACEMENT_3D('',#12671,#12672,#12673);
#12676=DIRECTION('',(-1.E0,0.E0,0.E0));
#12677=VECTOR('',#12676,2.1E1);
#12678=CARTESIAN_POINT('',(1.05E1,1.63E1,9.E-1));
#12679=LINE('',#12678,#12677);
#12680=DIRECTION('',(0.E0,3.489949670250E-2,-9.993908270191E-1));
#12681=VECTOR('',#12680,3.602194359476E0);
#12682=CARTESIAN_POINT('',(-1.05E1,1.617428522983E1,4.5E0));
#12683=LINE('',#12682,#12681);
#12684=DIRECTION('',(0.E0,3.489949670250E-2,-9.993908270191E-1));
#12685=VECTOR('',#12684,3.602194359476E0);
#12686=CARTESIAN_POINT('',(1.05E1,1.617428522983E1,4.5E0));
#12687=LINE('',#12686,#12685);
#12688=CARTESIAN_POINT('',(1.05E1,1.4E1,9.E-1));
#12689=DIRECTION('',(0.E0,0.E0,-1.E0));
#12690=DIRECTION('',(0.E0,1.E0,0.E0));
#12691=AXIS2_PLACEMENT_3D('',#12688,#12689,#12690);
#12693=DIRECTION('',(0.E0,-2.169304578187E-1,9.761870601840E-1));
#12694=VECTOR('',#12693,9.219544457293E-1);
#12695=CARTESIAN_POINT('',(-6.375E0,-1.55E1,0.E0));
#12696=LINE('',#12695,#12694);
#12697=DIRECTION('',(0.E0,2.169304578187E-1,-9.761870601840E-1));
#12698=VECTOR('',#12697,9.219544457293E-1);
#12699=CARTESIAN_POINT('',(-5.675E0,-1.57E1,9.E-1));
#12700=LINE('',#12699,#12698);
#12701=DIRECTION('',(0.E0,0.E0,-1.E0));
#12702=VECTOR('',#12701,4.5E0);
#12703=CARTESIAN_POINT('',(-6.375E0,-1.38E1,4.5E0));
#12704=LINE('',#12703,#12702);
#12705=DIRECTION('',(0.E0,0.E0,1.E0));
#12706=VECTOR('',#12705,4.5E0);
#12707=CARTESIAN_POINT('',(-5.675E0,-1.38E1,0.E0));
#12708=LINE('',#12707,#12706);
#12709=DIRECTION('',(0.E0,0.E0,-1.E0));
#12710=VECTOR('',#12709,4.5E0);
#12711=CARTESIAN_POINT('',(5.675E0,-1.38E1,4.5E0));
#12712=LINE('',#12711,#12710);
#12713=DIRECTION('',(0.E0,0.E0,1.E0));
#12714=VECTOR('',#12713,4.5E0);
#12715=CARTESIAN_POINT('',(6.375E0,-1.38E1,0.E0));
#12716=LINE('',#12715,#12714);
#12717=DIRECTION('',(0.E0,-1.E0,0.E0));
#12718=VECTOR('',#12717,7.5E-1);
#12719=CARTESIAN_POINT('',(-5.075E0,-1.58E1,9.E-1));
#12720=LINE('',#12719,#12718);
#12721=DIRECTION('',(0.E0,0.E0,1.E0));
#12722=VECTOR('',#12721,9.E-1);
#12723=CARTESIAN_POINT('',(-5.075E0,-1.655E1,0.E0));
#12724=LINE('',#12723,#12722);
#12725=DIRECTION('',(0.E0,1.E0,0.E0));
#12726=VECTOR('',#12725,1.101802794116E0);
#12727=CARTESIAN_POINT('',(-5.075E0,-1.690180279412E1,3.75E0));
#12728=LINE('',#12727,#12726);
#12729=DIRECTION('',(0.E0,-2.617694830787E-2,-9.996573249756E-1));
#12730=VECTOR('',#12729,3.751285471841E0);
#12731=CARTESIAN_POINT('',(-5.075E0,-1.690180279412E1,3.75E0));
#12732=LINE('',#12731,#12730);
#12733=DIRECTION('',(0.E0,-2.617694830787E-2,-9.996573249756E-1));
#12734=VECTOR('',#12733,5.238934571499E0);
#12735=CARTESIAN_POINT('',(-1.05E1,-1.686286068053E1,5.237139319466E0));
#12736=LINE('',#12735,#12734);
#12737=DIRECTION('',(1.E0,0.E0,0.E0));
#12738=VECTOR('',#12737,2.1E1);
#12739=CARTESIAN_POINT('',(-1.05E1,-1.686286068053E1,5.237139319466E0));
#12740=LINE('',#12739,#12738);
#12741=DIRECTION('',(0.E0,-2.617694830787E-2,-9.996573249756E-1));
#12742=VECTOR('',#12741,5.238934571499E0);
#12743=CARTESIAN_POINT('',(1.05E1,-1.686286068053E1,5.237139319466E0));
#12744=LINE('',#12743,#12742);
#12745=DIRECTION('',(0.E0,2.617694830787E-2,9.996573249756E-1));
#12746=VECTOR('',#12745,3.751285471841E0);
#12747=CARTESIAN_POINT('',(5.075E0,-1.7E1,0.E0));
#12748=LINE('',#12747,#12746);
#12749=DIRECTION('',(-1.E0,0.E0,0.E0));
#12750=VECTOR('',#12749,1.015E1);
#12751=CARTESIAN_POINT('',(5.075E0,-1.690180279412E1,3.75E0));
#12752=LINE('',#12751,#12750);
#12753=CARTESIAN_POINT('',(-1.05E1,-1.35E1,5.237139319466E0));
#12754=DIRECTION('',(0.E0,0.E0,1.E0));
#12755=DIRECTION('',(-1.E0,0.E0,0.E0));
#12756=AXIS2_PLACEMENT_3D('',#12753,#12754,#12755);
#12758=DIRECTION('',(-7.071067811866E-1,-2.828481446445E-8,-7.071067811865E-1));
#12759=VECTOR('',#12758,3.717411397752E-1);
#12760=CARTESIAN_POINT('',(-1.359999999975E1,-1.349999998949E1,
5.500000000248E0));
#12761=LINE('',#12760,#12759);
#12762=CARTESIAN_POINT('',(-1.05E1,-1.35E1,5.5E0));
#12763=DIRECTION('',(0.E0,0.E0,1.E0));
#12764=DIRECTION('',(-1.E0,0.E0,0.E0));
#12765=AXIS2_PLACEMENT_3D('',#12762,#12763,#12764);
#12767=DIRECTION('',(3.457694739295E-12,-1.E0,3.457759334089E-12));
#12768=VECTOR('',#12767,2.749999997849E1);
#12769=CARTESIAN_POINT('',(-1.359999999985E1,1.399999998901E1,
5.500000000152E0));
#12770=LINE('',#12769,#12768);
#12771=CARTESIAN_POINT('',(-1.05E1,1.4E1,5.5E0));
#12772=DIRECTION('',(0.E0,0.E0,1.E0));
#12773=DIRECTION('',(0.E0,1.E0,0.E0));
#12774=AXIS2_PLACEMENT_3D('',#12771,#12772,#12773);
#12776=DIRECTION('',(-1.E0,-4.528018176689E-12,4.527975882479E-12));
#12777=VECTOR('',#12776,2.099999997849E1);
#12778=CARTESIAN_POINT('',(1.049999998901E1,1.709999999985E1,5.500000000152E0));
#12779=LINE('',#12778,#12777);
#12780=CARTESIAN_POINT('',(1.05E1,1.4E1,5.5E0));
#12781=DIRECTION('',(0.E0,0.E0,1.E0));
#12782=DIRECTION('',(1.E0,0.E0,0.E0));
#12783=AXIS2_PLACEMENT_3D('',#12780,#12781,#12782);
#12785=DIRECTION('',(-3.457694739295E-12,1.E0,3.457694739295E-12));
#12786=VECTOR('',#12785,2.749999997849E1);
#12787=CARTESIAN_POINT('',(1.359999999985E1,-1.349999998901E1,
5.500000000152E0));
#12788=LINE('',#12787,#12786);
#12789=CARTESIAN_POINT('',(1.05E1,-1.35E1,5.5E0));
#12790=DIRECTION('',(0.E0,0.E0,1.E0));
#12791=DIRECTION('',(0.E0,-1.E0,0.E0));
#12792=AXIS2_PLACEMENT_3D('',#12789,#12790,#12791);
#12794=DIRECTION('',(1.E0,4.528018176689E-12,4.527933588268E-12));
#12795=VECTOR('',#12794,2.099999997849E1);
#12796=CARTESIAN_POINT('',(-1.049999998901E1,-1.659999999985E1,
5.500000000152E0));
#12797=LINE('',#12796,#12795);
#12798=CARTESIAN_POINT('',(-1.03E1,-1.07E1,5.5E0));
#12799=DIRECTION('',(0.E0,0.E0,1.E0));
#12800=DIRECTION('',(1.E0,0.E0,0.E0));
#12801=AXIS2_PLACEMENT_3D('',#12798,#12799,#12800);
#12803=CARTESIAN_POINT('',(-1.03E1,-1.07E1,5.5E0));
#12804=DIRECTION('',(0.E0,0.E0,1.E0));
#12805=DIRECTION('',(-1.E0,0.E0,0.E0));
#12806=AXIS2_PLACEMENT_3D('',#12803,#12804,#12805);
#12808=CARTESIAN_POINT('',(1.03E1,-1.07E1,5.5E0));
#12809=DIRECTION('',(0.E0,0.E0,1.E0));
#12810=DIRECTION('',(1.E0,0.E0,0.E0));
#12811=AXIS2_PLACEMENT_3D('',#12808,#12809,#12810);
#12813=CARTESIAN_POINT('',(1.03E1,-1.07E1,5.5E0));
#12814=DIRECTION('',(0.E0,0.E0,1.E0));
#12815=DIRECTION('',(-1.E0,0.E0,0.E0));
#12816=AXIS2_PLACEMENT_3D('',#12813,#12814,#12815);
#12818=DIRECTION('',(-7.071067811865E-1,2.956508817981E-8,-7.071067811866E-1));
#12819=VECTOR('',#12818,3.717411396407E-1);
#12820=CARTESIAN_POINT('',(-1.359999999985E1,1.399999998901E1,
5.500000000152E0));
#12821=LINE('',#12820,#12819);
#12822=DIRECTION('',(0.E0,-1.E0,0.E0));
#12823=VECTOR('',#12822,2.75E1);
#12824=CARTESIAN_POINT('',(-1.386286068053E1,1.4E1,5.237139319466E0));
#12825=LINE('',#12824,#12823);
#12826=DIRECTION('',(-2.617694830787E-2,0.E0,-9.996573249756E-1));
#12827=VECTOR('',#12826,5.238934571499E0);
#12828=CARTESIAN_POINT('',(-1.386286068053E1,-1.35E1,5.237139319466E0));
#12829=LINE('',#12828,#12827);
#12830=DIRECTION('',(-2.617694830787E-2,0.E0,-9.996573249756E-1));
#12831=VECTOR('',#12830,5.238934571499E0);
#12832=CARTESIAN_POINT('',(-1.386286068053E1,1.4E1,5.237139319466E0));
#12833=LINE('',#12832,#12831);
#12834=CARTESIAN_POINT('',(-1.05E1,1.4E1,5.237139319466E0));
#12835=DIRECTION('',(0.E0,0.E0,1.E0));
#12836=DIRECTION('',(0.E0,1.E0,0.E0));
#12837=AXIS2_PLACEMENT_3D('',#12834,#12835,#12836);
#12839=DIRECTION('',(-2.828481446445E-8,7.071067811865E-1,-7.071067811865E-1));
#12840=VECTOR('',#12839,3.717411397752E-1);
#12841=CARTESIAN_POINT('',(-1.049999998949E1,1.709999999975E1,
5.500000000248E0));
#12842=LINE('',#12841,#12840);
#12843=DIRECTION('',(2.956507384438E-8,7.071067811865E-1,-7.071067811865E-1));
#12844=VECTOR('',#12843,3.717411396407E-1);
#12845=CARTESIAN_POINT('',(1.049999998901E1,1.709999999985E1,5.500000000152E0));
#12846=LINE('',#12845,#12844);
#12847=DIRECTION('',(-1.E0,0.E0,0.E0));
#12848=VECTOR('',#12847,2.1E1);
#12849=CARTESIAN_POINT('',(1.05E1,1.736286068053E1,5.237139319466E0));
#12850=LINE('',#12849,#12848);
#12851=DIRECTION('',(0.E0,2.617694830787E-2,-9.996573249756E-1));
#12852=VECTOR('',#12851,5.238934571499E0);
#12853=CARTESIAN_POINT('',(-1.05E1,1.736286068053E1,5.237139319466E0));
#12854=LINE('',#12853,#12852);
#12855=DIRECTION('',(0.E0,2.617694830787E-2,-9.996573249756E-1));
#12856=VECTOR('',#12855,5.238934571499E0);
#12857=CARTESIAN_POINT('',(1.05E1,1.736286068053E1,5.237139319466E0));
#12858=LINE('',#12857,#12856);
#12859=CARTESIAN_POINT('',(1.05E1,1.4E1,5.237139319466E0));
#12860=DIRECTION('',(0.E0,0.E0,1.E0));
#12861=DIRECTION('',(1.E0,0.E0,0.E0));
#12862=AXIS2_PLACEMENT_3D('',#12859,#12860,#12861);
#12864=DIRECTION('',(7.071067811866E-1,2.828481924293E-8,-7.071067811865E-1));
#12865=VECTOR('',#12864,3.717411397752E-1);
#12866=CARTESIAN_POINT('',(1.359999999975E1,1.399999998949E1,5.500000000248E0));
#12867=LINE('',#12866,#12865);
#12868=DIRECTION('',(7.071067811865E-1,-2.956509295829E-8,-7.071067811865E-1));
#12869=VECTOR('',#12868,3.717411396407E-1);
#12870=CARTESIAN_POINT('',(1.359999999985E1,-1.349999998901E1,
5.500000000152E0));
#12871=LINE('',#12870,#12869);
#12872=DIRECTION('',(0.E0,1.E0,0.E0));
#12873=VECTOR('',#12872,2.75E1);
#12874=CARTESIAN_POINT('',(1.386286068053E1,-1.35E1,5.237139319466E0));
#12875=LINE('',#12874,#12873);
#12876=DIRECTION('',(2.617694830787E-2,0.E0,-9.996573249756E-1));
#12877=VECTOR('',#12876,5.238934571499E0);
#12878=CARTESIAN_POINT('',(1.386286068053E1,1.4E1,5.237139319466E0));
#12879=LINE('',#12878,#12877);
#12880=DIRECTION('',(2.617694830787E-2,0.E0,-9.996573249756E-1));
#12881=VECTOR('',#12880,5.238934571499E0);
#12882=CARTESIAN_POINT('',(1.386286068053E1,-1.35E1,5.237139319466E0));
#12883=LINE('',#12882,#12881);
#12884=CARTESIAN_POINT('',(1.05E1,-1.35E1,5.237139319466E0));
#12885=DIRECTION('',(0.E0,0.E0,1.E0));
#12886=DIRECTION('',(0.E0,-1.E0,0.E0));
#12887=AXIS2_PLACEMENT_3D('',#12884,#12885,#12886);
#12889=DIRECTION('',(2.828481446445E-8,-7.071067811865E-1,-7.071067811865E-1));
#12890=VECTOR('',#12889,3.717411397752E-1);
#12891=CARTESIAN_POINT('',(1.049999998949E1,-1.659999999975E1,
5.500000000248E0));
#12892=LINE('',#12891,#12890);
#12893=DIRECTION('',(-2.956507384438E-8,-7.071067811865E-1,-7.071067811865E-1));
#12894=VECTOR('',#12893,3.717411396407E-1);
#12895=CARTESIAN_POINT('',(-1.049999998901E1,-1.659999999985E1,
5.500000000152E0));
#12896=LINE('',#12895,#12894);
#12897=CARTESIAN_POINT('',(-1.03E1,-1.07E1,5.45E0));
#12898=DIRECTION('',(0.E0,0.E0,1.E0));
#12899=DIRECTION('',(1.E0,0.E0,0.E0));
#12900=AXIS2_PLACEMENT_3D('',#12897,#12898,#12899);
#12902=DIRECTION('',(0.E0,0.E0,-1.E0));
#12903=VECTOR('',#12902,5.E-2);
#12904=CARTESIAN_POINT('',(-9.7E0,-1.07E1,5.5E0));
#12905=LINE('',#12904,#12903);
#12906=CARTESIAN_POINT('',(-1.03E1,-1.07E1,5.45E0));
#12907=DIRECTION('',(0.E0,0.E0,1.E0));
#12908=DIRECTION('',(-1.E0,0.E0,0.E0));
#12909=AXIS2_PLACEMENT_3D('',#12906,#12907,#12908);
#12911=DIRECTION('',(0.E0,0.E0,-1.E0));
#12912=VECTOR('',#12911,5.E-2);
#12913=CARTESIAN_POINT('',(-1.09E1,-1.07E1,5.5E0));
#12914=LINE('',#12913,#12912);
#12915=CARTESIAN_POINT('',(1.03E1,-1.07E1,5.45E0));
#12916=DIRECTION('',(0.E0,0.E0,1.E0));
#12917=DIRECTION('',(1.E0,0.E0,0.E0));
#12918=AXIS2_PLACEMENT_3D('',#12915,#12916,#12917);
#12920=DIRECTION('',(0.E0,0.E0,-1.E0));
#12921=VECTOR('',#12920,5.E-2);
#12922=CARTESIAN_POINT('',(1.09E1,-1.07E1,5.5E0));
#12923=LINE('',#12922,#12921);
#12924=CARTESIAN_POINT('',(1.03E1,-1.07E1,5.45E0));
#12925=DIRECTION('',(0.E0,0.E0,1.E0));
#12926=DIRECTION('',(-1.E0,0.E0,0.E0));
#12927=AXIS2_PLACEMENT_3D('',#12924,#12925,#12926);
#12929=DIRECTION('',(0.E0,0.E0,-1.E0));
#12930=VECTOR('',#12929,5.E-2);
#12931=CARTESIAN_POINT('',(9.7E0,-1.07E1,5.5E0));
#12932=LINE('',#12931,#12930);
#12933=DIRECTION('',(0.E0,-1.E0,0.E0));
#12934=VECTOR('',#12933,7.5E-1);
#12935=CARTESIAN_POINT('',(5.075E0,-1.58E1,9.E-1));
#12936=LINE('',#12935,#12934);
#12937=DIRECTION('',(0.E0,0.E0,1.E0));
#12938=VECTOR('',#12937,9.E-1);
#12939=CARTESIAN_POINT('',(5.075E0,-1.655E1,0.E0));
#12940=LINE('',#12939,#12938);
#12941=DIRECTION('',(0.E0,1.E0,0.E0));
#12942=VECTOR('',#12941,1.101802794116E0);
#12943=CARTESIAN_POINT('',(5.075E0,-1.690180279412E1,3.75E0));
#12944=LINE('',#12943,#12942);
#12945=CARTESIAN_POINT('',(-1.36E1,-1.35E1,5.5E0));
#12946=CARTESIAN_POINT('',(-1.05E1,-1.66E1,5.5E0));
#12947=VERTEX_POINT('',#12945);
#12948=VERTEX_POINT('',#12946);
#12949=CARTESIAN_POINT('',(1.049999998949E1,-1.659999999975E1,
5.500000000248E0));
#12950=VERTEX_POINT('',#12949);
#12951=CARTESIAN_POINT('',(1.36E1,-1.35E1,5.5E0));
#12952=VERTEX_POINT('',#12951);
#12953=CARTESIAN_POINT('',(1.359999999975E1,1.399999998949E1,5.500000000248E0));
#12954=VERTEX_POINT('',#12953);
#12955=CARTESIAN_POINT('',(1.05E1,1.71E1,5.5E0));
#12956=VERTEX_POINT('',#12955);
#12957=CARTESIAN_POINT('',(-1.049999998949E1,1.709999999975E1,
5.500000000248E0));
#12958=VERTEX_POINT('',#12957);
#12959=CARTESIAN_POINT('',(-1.36E1,1.4E1,5.5E0));
#12960=VERTEX_POINT('',#12959);
#12961=CARTESIAN_POINT('',(5.075E0,-1.58E1,3.75E0));
#12962=CARTESIAN_POINT('',(-5.075E0,-1.58E1,3.75E0));
#12963=VERTEX_POINT('',#12961);
#12964=VERTEX_POINT('',#12962);
#12965=CARTESIAN_POINT('',(-1.355E1,1.4E1,9.E-1));
#12966=CARTESIAN_POINT('',(-1.05E1,1.705E1,9.E-1));
#12967=VERTEX_POINT('',#12965);
#12968=VERTEX_POINT('',#12966);
#12969=CARTESIAN_POINT('',(1.05E1,1.705E1,9.E-1));
#12970=VERTEX_POINT('',#12969);
#12971=CARTESIAN_POINT('',(1.355E1,1.4E1,9.E-1));
#12972=VERTEX_POINT('',#12971);
#12973=CARTESIAN_POINT('',(1.355E1,-1.35E1,9.E-1));
#12974=VERTEX_POINT('',#12973);
#12975=CARTESIAN_POINT('',(1.05E1,-1.655E1,9.E-1));
#12976=VERTEX_POINT('',#12975);
#12977=CARTESIAN_POINT('',(-1.05E1,-1.655E1,9.E-1));
#12978=CARTESIAN_POINT('',(-1.355E1,-1.35E1,9.E-1));
#12979=VERTEX_POINT('',#12977);
#12980=VERTEX_POINT('',#12978);
#12981=CARTESIAN_POINT('',(-1.355E1,1.4E1,0.E0));
#12982=CARTESIAN_POINT('',(-1.05E1,1.705E1,0.E0));
#12983=VERTEX_POINT('',#12981);
#12984=VERTEX_POINT('',#12982);
#12985=CARTESIAN_POINT('',(1.05E1,1.705E1,0.E0));
#12986=VERTEX_POINT('',#12985);
#12987=CARTESIAN_POINT('',(1.355E1,1.4E1,0.E0));
#12988=VERTEX_POINT('',#12987);
#12989=CARTESIAN_POINT('',(1.355E1,-1.35E1,0.E0));
#12990=VERTEX_POINT('',#12989);
#12991=CARTESIAN_POINT('',(1.05E1,-1.655E1,0.E0));
#12992=VERTEX_POINT('',#12991);
#12993=CARTESIAN_POINT('',(5.075E0,-1.655E1,0.E0));
#12994=VERTEX_POINT('',#12993);
#12995=CARTESIAN_POINT('',(-5.075E0,-1.655E1,0.E0));
#12996=CARTESIAN_POINT('',(-1.05E1,-1.655E1,0.E0));
#12997=VERTEX_POINT('',#12995);
#12998=VERTEX_POINT('',#12996);
#12999=CARTESIAN_POINT('',(-1.355E1,-1.35E1,0.E0));
#13000=VERTEX_POINT('',#12999);
#13001=CARTESIAN_POINT('',(-5.075E0,-1.58E1,9.E-1));
#13002=CARTESIAN_POINT('',(-5.075E0,-1.655E1,9.E-1));
#13003=VERTEX_POINT('',#13001);
#13004=VERTEX_POINT('',#13002);
#13005=CARTESIAN_POINT('',(5.075E0,-1.58E1,9.E-1));
#13006=CARTESIAN_POINT('',(5.075E0,-1.655E1,9.E-1));
#13007=VERTEX_POINT('',#13005);
#13008=VERTEX_POINT('',#13006);
#13009=CARTESIAN_POINT('',(-1.03E1,-1.35E1,-2.E-1));
#13010=CARTESIAN_POINT('',(-1.17E1,-1.35E1,-2.E-1));
#13011=VERTEX_POINT('',#13009);
#13012=VERTEX_POINT('',#13010);
#13013=CARTESIAN_POINT('',(1.17E1,-1.35E1,-2.E-1));
#13014=CARTESIAN_POINT('',(1.03E1,-1.35E1,-2.E-1));
#13015=VERTEX_POINT('',#13013);
#13016=VERTEX_POINT('',#13014);
#13017=CARTESIAN_POINT('',(-9.7E0,-1.07E1,5.5E0));
#13018=CARTESIAN_POINT('',(-1.09E1,-1.07E1,5.5E0));
#13019=VERTEX_POINT('',#13017);
#13020=VERTEX_POINT('',#13018);
#13021=CARTESIAN_POINT('',(1.09E1,-1.07E1,5.5E0));
#13022=CARTESIAN_POINT('',(9.7E0,-1.07E1,5.5E0));
#13023=VERTEX_POINT('',#13021);
#13024=VERTEX_POINT('',#13022);
#13025=CARTESIAN_POINT('',(1.03E1,-1.19E1,5.E-1));
#13026=CARTESIAN_POINT('',(1.03E1,-9.5E0,5.E-1));
#13027=VERTEX_POINT('',#13025);
#13028=VERTEX_POINT('',#13026);
#13029=CARTESIAN_POINT('',(-1.03E1,-1.19E1,5.E-1));
#13030=CARTESIAN_POINT('',(-1.03E1,-9.5E0,5.E-1));
#13031=VERTEX_POINT('',#13029);
#13032=VERTEX_POINT('',#13030);
#13033=CARTESIAN_POINT('',(-8.894683757053E0,-9.276944745518E0,5.E-1));
#13034=CARTESIAN_POINT('',(-1.060175550504E1,-8.722895143100E0,5.E-1));
#13035=VERTEX_POINT('',#13033);
#13036=VERTEX_POINT('',#13034);
#13037=CARTESIAN_POINT('',(1.060175550504E1,-8.722895143100E0,5.E-1));
#13038=CARTESIAN_POINT('',(8.894683757053E0,-9.276944745518E0,5.E-1));
#13039=VERTEX_POINT('',#13037);
#13040=VERTEX_POINT('',#13038);
#13041=CARTESIAN_POINT('',(-8.894683757053E0,-9.276944745518E0,4.5E0));
#13042=CARTESIAN_POINT('',(-1.060175550504E1,-8.722895143100E0,4.5E0));
#13043=VERTEX_POINT('',#13041);
#13044=VERTEX_POINT('',#13042);
#13045=CARTESIAN_POINT('',(1.060175550504E1,-8.722895143100E0,4.5E0));
#13046=CARTESIAN_POINT('',(8.894683757053E0,-9.276944745518E0,4.5E0));
#13047=VERTEX_POINT('',#13045);
#13048=VERTEX_POINT('',#13046);
#13049=CARTESIAN_POINT('',(-1.17E1,-1.35E1,4.5E0));
#13050=CARTESIAN_POINT('',(-1.03E1,-1.35E1,4.5E0));
#13051=VERTEX_POINT('',#13049);
#13052=VERTEX_POINT('',#13050);
#13053=CARTESIAN_POINT('',(1.03E1,-1.35E1,4.5E0));
#13054=CARTESIAN_POINT('',(1.17E1,-1.35E1,4.5E0));
#13055=VERTEX_POINT('',#13053);
#13056=VERTEX_POINT('',#13054);
#13057=CARTESIAN_POINT('',(5.675E0,-1.58E1,9.E-1));
#13058=CARTESIAN_POINT('',(5.675E0,-1.58E1,4.5E0));
#13059=VERTEX_POINT('',#13057);
#13060=VERTEX_POINT('',#13058);
#13061=CARTESIAN_POINT('',(6.375E0,-1.58E1,9.E-1));
#13062=CARTESIAN_POINT('',(6.375E0,-1.58E1,4.5E0));
#13063=VERTEX_POINT('',#13061);
#13064=VERTEX_POINT('',#13062);
#13065=CARTESIAN_POINT('',(-6.375E0,-1.58E1,9.E-1));
#13066=CARTESIAN_POINT('',(-6.375E0,-1.58E1,4.5E0));
#13067=VERTEX_POINT('',#13065);
#13068=VERTEX_POINT('',#13066);
#13069=CARTESIAN_POINT('',(-5.675E0,-1.58E1,9.E-1));
#13070=CARTESIAN_POINT('',(-5.675E0,-1.58E1,4.5E0));
#13071=VERTEX_POINT('',#13069);
#13072=VERTEX_POINT('',#13070);
#13073=CARTESIAN_POINT('',(5.675E0,-1.38E1,4.5E0));
#13074=VERTEX_POINT('',#13073);
#13075=CARTESIAN_POINT('',(6.375E0,-1.38E1,4.5E0));
#13076=VERTEX_POINT('',#13075);
#13077=CARTESIAN_POINT('',(-6.375E0,-1.38E1,4.5E0));
#13078=VERTEX_POINT('',#13077);
#13079=CARTESIAN_POINT('',(-5.675E0,-1.38E1,4.5E0));
#13080=VERTEX_POINT('',#13079);
#13081=CARTESIAN_POINT('',(5.675E0,-1.38E1,0.E0));
#13082=CARTESIAN_POINT('',(6.375E0,-1.38E1,0.E0));
#13083=VERTEX_POINT('',#13081);
#13084=VERTEX_POINT('',#13082);
#13085=CARTESIAN_POINT('',(-6.375E0,-1.38E1,0.E0));
#13086=CARTESIAN_POINT('',(-5.675E0,-1.38E1,0.E0));
#13087=VERTEX_POINT('',#13085);
#13088=VERTEX_POINT('',#13086);
#13089=CARTESIAN_POINT('',(1.03E1,-9.5E0,3.5E0));
#13090=CARTESIAN_POINT('',(1.03E1,-1.19E1,3.5E0));
#13091=VERTEX_POINT('',#13089);
#13092=VERTEX_POINT('',#13090);
#13093=CARTESIAN_POINT('',(-1.03E1,-9.5E0,3.5E0));
#13094=CARTESIAN_POINT('',(-1.03E1,-1.19E1,3.5E0));
#13095=VERTEX_POINT('',#13093);
#13096=VERTEX_POINT('',#13094);
#13097=CARTESIAN_POINT('',(5.675E0,-1.55E1,0.E0));
#13098=CARTESIAN_POINT('',(5.675E0,-1.57E1,9.E-1));
#13099=VERTEX_POINT('',#13097);
#13100=VERTEX_POINT('',#13098);
#13101=CARTESIAN_POINT('',(6.375E0,-1.57E1,9.E-1));
#13102=VERTEX_POINT('',#13101);
#13103=CARTESIAN_POINT('',(6.375E0,-1.55E1,0.E0));
#13104=VERTEX_POINT('',#13103);
#13105=CARTESIAN_POINT('',(-6.375E0,-1.55E1,0.E0));
#13106=CARTESIAN_POINT('',(-6.375E0,-1.57E1,9.E-1));
#13107=VERTEX_POINT('',#13105);
#13108=VERTEX_POINT('',#13106);
#13109=CARTESIAN_POINT('',(-5.675E0,-1.57E1,9.E-1));
#13110=VERTEX_POINT('',#13109);
#13111=CARTESIAN_POINT('',(-5.675E0,-1.55E1,0.E0));
#13112=VERTEX_POINT('',#13111);
#13113=CARTESIAN_POINT('',(1.05E1,1.63E1,9.E-1));
#13114=CARTESIAN_POINT('',(-1.05E1,1.63E1,9.E-1));
#13115=VERTEX_POINT('',#13113);
#13116=VERTEX_POINT('',#13114);
#13117=CARTESIAN_POINT('',(-1.28E1,1.4E1,9.E-1));
#13118=VERTEX_POINT('',#13117);
#13119=CARTESIAN_POINT('',(1.28E1,1.4E1,9.E-1));
#13120=VERTEX_POINT('',#13119);
#13121=CARTESIAN_POINT('',(1.267428522983E1,1.4E1,4.5E0));
#13122=CARTESIAN_POINT('',(1.05E1,1.617428522983E1,4.5E0));
#13123=VERTEX_POINT('',#13121);
#13124=VERTEX_POINT('',#13122);
#13125=CARTESIAN_POINT('',(-1.05E1,1.617428522983E1,4.5E0));
#13126=VERTEX_POINT('',#13125);
#13127=CARTESIAN_POINT('',(-1.267428522983E1,1.4E1,4.5E0));
#13128=VERTEX_POINT('',#13127);
#13129=CARTESIAN_POINT('',(-5.075E0,-1.690180279412E1,3.75E0));
#13130=CARTESIAN_POINT('',(-5.075E0,-1.7E1,0.E0));
#13131=VERTEX_POINT('',#13129);
#13132=VERTEX_POINT('',#13130);
#13133=CARTESIAN_POINT('',(5.075E0,-1.7E1,0.E0));
#13134=CARTESIAN_POINT('',(5.075E0,-1.690180279412E1,3.75E0));
#13135=VERTEX_POINT('',#13133);
#13136=VERTEX_POINT('',#13134);
#13137=CARTESIAN_POINT('',(-1.4E1,1.4E1,0.E0));
#13138=CARTESIAN_POINT('',(-1.05E1,1.75E1,0.E0));
#13139=VERTEX_POINT('',#13137);
#13140=VERTEX_POINT('',#13138);
#13141=CARTESIAN_POINT('',(1.05E1,1.75E1,0.E0));
#13142=CARTESIAN_POINT('',(1.4E1,1.4E1,0.E0));
#13143=VERTEX_POINT('',#13141);
#13144=VERTEX_POINT('',#13142);
#13145=CARTESIAN_POINT('',(-1.05E1,-1.7E1,0.E0));
#13146=CARTESIAN_POINT('',(-1.4E1,-1.35E1,0.E0));
#13147=VERTEX_POINT('',#13145);
#13148=VERTEX_POINT('',#13146);
#13149=CARTESIAN_POINT('',(1.4E1,-1.35E1,0.E0));
#13150=CARTESIAN_POINT('',(1.05E1,-1.7E1,0.E0));
#13151=VERTEX_POINT('',#13149);
#13152=VERTEX_POINT('',#13150);
#13153=CARTESIAN_POINT('',(-1.386286068053E1,-1.35E1,5.237139319466E0));
#13154=CARTESIAN_POINT('',(-1.05E1,-1.686286068053E1,5.237139319466E0));
#13155=VERTEX_POINT('',#13153);
#13156=VERTEX_POINT('',#13154);
#13157=CARTESIAN_POINT('',(1.05E1,-1.686286068053E1,5.237139319466E0));
#13158=VERTEX_POINT('',#13157);
#13159=CARTESIAN_POINT('',(1.386286068053E1,-1.35E1,5.237139319466E0));
#13160=VERTEX_POINT('',#13159);
#13161=CARTESIAN_POINT('',(1.386286068053E1,1.4E1,5.237139319466E0));
#13162=VERTEX_POINT('',#13161);
#13163=CARTESIAN_POINT('',(1.05E1,1.736286068053E1,5.237139319466E0));
#13164=VERTEX_POINT('',#13163);
#13165=CARTESIAN_POINT('',(-1.05E1,1.736286068053E1,5.237139319466E0));
#13166=VERTEX_POINT('',#13165);
#13167=CARTESIAN_POINT('',(-1.386286068053E1,1.4E1,5.237139319466E0));
#13168=VERTEX_POINT('',#13167);
#13169=CARTESIAN_POINT('',(-9.676827903803E0,-1.260043588119E1,4.5E0));
#13170=CARTESIAN_POINT('',(-9.676827903803E0,-1.260043588119E1,5.E-1));
#13171=VERTEX_POINT('',#13169);
#13172=VERTEX_POINT('',#13170);
#13173=CARTESIAN_POINT('',(9.676827903803E0,-1.260043588119E1,4.5E0));
#13174=CARTESIAN_POINT('',(9.676827903803E0,-1.260043588119E1,5.E-1));
#13175=VERTEX_POINT('',#13173);
#13176=VERTEX_POINT('',#13174);
#13177=CARTESIAN_POINT('',(-1.21E1,-9.828220211292E0,4.5E0));
#13178=CARTESIAN_POINT('',(-1.21E1,-9.828220211292E0,5.E-1));
#13179=VERTEX_POINT('',#13177);
#13180=VERTEX_POINT('',#13178);
#13181=CARTESIAN_POINT('',(1.21E1,-9.828220211292E0,4.5E0));
#13182=CARTESIAN_POINT('',(1.21E1,-9.828220211292E0,5.E-1));
#13183=VERTEX_POINT('',#13181);
#13184=VERTEX_POINT('',#13182);
#13185=CARTESIAN_POINT('',(-1.28E1,-1.252020410289E1,9.E-1));
#13186=VERTEX_POINT('',#13185);
#13187=CARTESIAN_POINT('',(1.28E1,-1.252020410289E1,9.E-1));
#13188=VERTEX_POINT('',#13187);
#13189=CARTESIAN_POINT('',(-9.520204102887E0,-1.58E1,9.E-1));
#13190=VERTEX_POINT('',#13189);
#13191=CARTESIAN_POINT('',(9.520204102887E0,-1.58E1,9.E-1));
#13192=VERTEX_POINT('',#13191);
#13193=VERTEX_POINT('',#12654);
#13194=VERTEX_POINT('',#12589);
#13195=VERTEX_POINT('',#12108);
#13196=VERTEX_POINT('',#12097);
#13197=CARTESIAN_POINT('',(-1.16E1,-1.201676030258E1,-2.E-1));
#13198=CARTESIAN_POINT('',(-1.21E1,-1.233810499614E1,-2.E-1));
#13199=VERTEX_POINT('',#13197);
#13200=VERTEX_POINT('',#13198);
#13201=CARTESIAN_POINT('',(-1.21E1,-1.418745078664E1,-2.E-1));
#13202=CARTESIAN_POINT('',(-1.12E1,-1.508745078664E1,-2.E-1));
#13203=VERTEX_POINT('',#13201);
#13204=VERTEX_POINT('',#13202);
#13205=CARTESIAN_POINT('',(1.21E1,-1.233810499614E1,-2.E-1));
#13206=CARTESIAN_POINT('',(1.16E1,-1.201676030258E1,-2.E-1));
#13207=VERTEX_POINT('',#13205);
#13208=VERTEX_POINT('',#13206);
#13209=CARTESIAN_POINT('',(1.12E1,-1.508745078664E1,-2.E-1));
#13210=CARTESIAN_POINT('',(1.21E1,-1.418745078664E1,-2.E-1));
#13211=VERTEX_POINT('',#13209);
#13212=VERTEX_POINT('',#13210);
#13213=CARTESIAN_POINT('',(-1.21E1,-1.157177978871E1,5.E-1));
#13214=CARTESIAN_POINT('',(-1.16E1,-1.201676030258E1,5.E-1));
#13215=VERTEX_POINT('',#13213);
#13216=VERTEX_POINT('',#13214);
#13217=CARTESIAN_POINT('',(1.16E1,-1.201676030258E1,5.E-1));
#13218=CARTESIAN_POINT('',(1.21E1,-1.157177978871E1,5.E-1));
#13219=VERTEX_POINT('',#13217);
#13220=VERTEX_POINT('',#13218);
#13221=CARTESIAN_POINT('',(-1.21E1,-1.233810499614E1,4.5E0));
#13222=VERTEX_POINT('',#13221);
#13223=CARTESIAN_POINT('',(-1.12E1,-1.508745078664E1,4.5E0));
#13224=VERTEX_POINT('',#13223);
#13225=CARTESIAN_POINT('',(-1.21E1,-1.418745078664E1,4.5E0));
#13226=VERTEX_POINT('',#13225);
#13227=CARTESIAN_POINT('',(1.21E1,-1.233810499614E1,4.5E0));
#13228=VERTEX_POINT('',#13227);
#13229=CARTESIAN_POINT('',(1.21E1,-1.418745078664E1,4.5E0));
#13230=VERTEX_POINT('',#13229);
#13231=CARTESIAN_POINT('',(1.12E1,-1.508745078664E1,4.5E0));
#13232=VERTEX_POINT('',#13231);
#13233=CARTESIAN_POINT('',(-1.21E1,-1.157177978871E1,4.5E0));
#13234=VERTEX_POINT('',#13233);
#13235=CARTESIAN_POINT('',(1.21E1,-1.157177978871E1,4.5E0));
#13236=VERTEX_POINT('',#13235);
#13237=CARTESIAN_POINT('',(-1.16E1,-1.201676030258E1,4.5E0));
#13238=VERTEX_POINT('',#13237);
#13239=CARTESIAN_POINT('',(1.16E1,-1.201676030258E1,4.5E0));
#13240=VERTEX_POINT('',#13239);
#13241=CARTESIAN_POINT('',(-9.7E0,-1.07E1,5.45E0));
#13242=CARTESIAN_POINT('',(-1.09E1,-1.07E1,5.45E0));
#13243=VERTEX_POINT('',#13241);
#13244=VERTEX_POINT('',#13242);
#13245=CARTESIAN_POINT('',(1.09E1,-1.07E1,5.45E0));
#13246=CARTESIAN_POINT('',(9.7E0,-1.07E1,5.45E0));
#13247=VERTEX_POINT('',#13245);
#13248=VERTEX_POINT('',#13246);
#13249=CARTESIAN_POINT('',(1.11E1,1.037428522983E1,4.05E0));
#13250=CARTESIAN_POINT('',(1.11E1,1.117428522983E1,4.05E0));
#13251=VERTEX_POINT('',#13249);
#13252=VERTEX_POINT('',#13250);
#13253=CARTESIAN_POINT('',(-1.11E1,1.117428522983E1,4.05E0));
#13254=CARTESIAN_POINT('',(-1.11E1,1.037428522983E1,4.05E0));
#13255=VERTEX_POINT('',#13253);
#13256=VERTEX_POINT('',#13254);
#13257=CARTESIAN_POINT('',(1.267428522983E1,1.037428522983E1,4.5E0));
#13258=CARTESIAN_POINT('',(1.11E1,1.037428522983E1,4.5E0));
#13259=VERTEX_POINT('',#13257);
#13260=VERTEX_POINT('',#13258);
#13261=CARTESIAN_POINT('',(1.11E1,1.117428522983E1,4.5E0));
#13262=VERTEX_POINT('',#13261);
#13263=CARTESIAN_POINT('',(1.267428522983E1,1.117428522983E1,4.5E0));
#13264=VERTEX_POINT('',#13263);
#13265=CARTESIAN_POINT('',(-1.267428522983E1,1.117428522983E1,4.5E0));
#13266=CARTESIAN_POINT('',(-1.11E1,1.117428522983E1,4.5E0));
#13267=VERTEX_POINT('',#13265);
#13268=VERTEX_POINT('',#13266);
#13269=CARTESIAN_POINT('',(-1.11E1,1.037428522983E1,4.5E0));
#13270=VERTEX_POINT('',#13269);
#13271=CARTESIAN_POINT('',(-1.267428522983E1,1.037428522983E1,4.5E0));
#13272=VERTEX_POINT('',#13271);
#13273=CARTESIAN_POINT('',(1.268999957610E1,1.037428522983E1,4.05E0));
#13274=CARTESIAN_POINT('',(1.268999957610E1,1.117428522983E1,4.05E0));
#13275=VERTEX_POINT('',#13273);
#13276=VERTEX_POINT('',#13274);
#13277=CARTESIAN_POINT('',(-1.268999957610E1,1.037428522983E1,4.05E0));
#13278=CARTESIAN_POINT('',(-1.268999957610E1,1.117428522983E1,4.05E0));
#13279=VERTEX_POINT('',#13277);
#13280=VERTEX_POINT('',#13278);
#13281=CARTESIAN_POINT('',(0.E0,0.E0,0.E0));
#13282=DIRECTION('',(0.E0,0.E0,1.E0));
#13283=DIRECTION('',(1.E0,0.E0,0.E0));
#13284=AXIS2_PLACEMENT_3D('',#13281,#13282,#13283);
#13285=PLANE('',#13284);
#13287=ORIENTED_EDGE('',*,*,#13286,.T.);
#13289=ORIENTED_EDGE('',*,*,#13288,.T.);
#13291=ORIENTED_EDGE('',*,*,#13290,.T.);
#13293=ORIENTED_EDGE('',*,*,#13292,.T.);
#13295=ORIENTED_EDGE('',*,*,#13294,.T.);
#13297=ORIENTED_EDGE('',*,*,#13296,.T.);
#13299=ORIENTED_EDGE('',*,*,#13298,.F.);
#13301=ORIENTED_EDGE('',*,*,#13300,.T.);
#13303=ORIENTED_EDGE('',*,*,#13302,.F.);
#13305=ORIENTED_EDGE('',*,*,#13304,.T.);
#13307=ORIENTED_EDGE('',*,*,#13306,.F.);
#13309=ORIENTED_EDGE('',*,*,#13308,.T.);
#13311=ORIENTED_EDGE('',*,*,#13310,.F.);
#13313=ORIENTED_EDGE('',*,*,#13312,.T.);
#13315=ORIENTED_EDGE('',*,*,#13314,.F.);
#13317=ORIENTED_EDGE('',*,*,#13316,.T.);
#13319=ORIENTED_EDGE('',*,*,#13318,.T.);
#13321=ORIENTED_EDGE('',*,*,#13320,.T.);
#13323=ORIENTED_EDGE('',*,*,#13322,.T.);
#13325=ORIENTED_EDGE('',*,*,#13324,.T.);
#13326=EDGE_LOOP('',(#13287,#13289,#13291,#13293,#13295,#13297,#13299,#13301,
#13303,#13305,#13307,#13309,#13311,#13313,#13315,#13317,#13319,#13321,#13323,
#13325));
#13327=FACE_OUTER_BOUND('',#13326,.F.);
#13329=CARTESIAN_POINT('',(-1.05E1,1.4E1,0.E0));
#13330=DIRECTION('',(0.E0,0.E0,-1.E0));
#13331=DIRECTION('',(0.E0,-1.E0,0.E0));
#13332=AXIS2_PLACEMENT_3D('',#13329,#13330,#13331);
#13333=CYLINDRICAL_SURFACE('',#13332,3.05E0);
#13334=ORIENTED_EDGE('',*,*,#13286,.F.);
#13336=ORIENTED_EDGE('',*,*,#13335,.T.);
#13338=ORIENTED_EDGE('',*,*,#13337,.T.);
#13340=ORIENTED_EDGE('',*,*,#13339,.F.);
#13341=EDGE_LOOP('',(#13334,#13336,#13338,#13340));
#13342=FACE_OUTER_BOUND('',#13341,.F.);
#13344=CARTESIAN_POINT('',(-1.355E1,-1.35E1,0.E0));
#13345=DIRECTION('',(-1.E0,0.E0,0.E0));
#13346=DIRECTION('',(0.E0,1.E0,0.E0));
#13347=AXIS2_PLACEMENT_3D('',#13344,#13345,#13346);
#13348=PLANE('',#13347);
#13349=ORIENTED_EDGE('',*,*,#13324,.F.);
#13351=ORIENTED_EDGE('',*,*,#13350,.T.);
#13353=ORIENTED_EDGE('',*,*,#13352,.T.);
#13354=ORIENTED_EDGE('',*,*,#13335,.F.);
#13355=EDGE_LOOP('',(#13349,#13351,#13353,#13354));
#13356=FACE_OUTER_BOUND('',#13355,.F.);
#13358=CARTESIAN_POINT('',(-1.05E1,-1.35E1,0.E0));
#13359=DIRECTION('',(0.E0,0.E0,-1.E0));
#13360=DIRECTION('',(0.E0,-1.E0,0.E0));
#13361=AXIS2_PLACEMENT_3D('',#13358,#13359,#13360);
#13362=CYLINDRICAL_SURFACE('',#13361,3.05E0);
#13363=ORIENTED_EDGE('',*,*,#13322,.F.);
#13365=ORIENTED_EDGE('',*,*,#13364,.T.);
#13367=ORIENTED_EDGE('',*,*,#13366,.T.);
#13368=ORIENTED_EDGE('',*,*,#13350,.F.);
#13369=EDGE_LOOP('',(#13363,#13365,#13367,#13368));
#13370=FACE_OUTER_BOUND('',#13369,.F.);
#13372=CARTESIAN_POINT('',(1.05E1,-1.655E1,0.E0));
#13373=DIRECTION('',(0.E0,-1.E0,0.E0));
#13374=DIRECTION('',(-1.E0,0.E0,0.E0));
#13375=AXIS2_PLACEMENT_3D('',#13372,#13373,#13374);
#13376=PLANE('',#13375);
#13377=ORIENTED_EDGE('',*,*,#13296,.F.);
#13379=ORIENTED_EDGE('',*,*,#13378,.T.);
#13381=ORIENTED_EDGE('',*,*,#13380,.T.);
#13383=ORIENTED_EDGE('',*,*,#13382,.F.);
#13384=EDGE_LOOP('',(#13377,#13379,#13381,#13383));
#13385=FACE_OUTER_BOUND('',#13384,.F.);
#13387=CARTESIAN_POINT('',(1.05E1,-1.655E1,0.E0));
#13388=DIRECTION('',(0.E0,-1.E0,0.E0));
#13389=DIRECTION('',(-1.E0,0.E0,0.E0));
#13390=AXIS2_PLACEMENT_3D('',#13387,#13388,#13389);
#13391=PLANE('',#13390);
#13392=ORIENTED_EDGE('',*,*,#13320,.F.);
#13394=ORIENTED_EDGE('',*,*,#13393,.T.);
#13396=ORIENTED_EDGE('',*,*,#13395,.T.);
#13397=ORIENTED_EDGE('',*,*,#13364,.F.);
#13398=EDGE_LOOP('',(#13392,#13394,#13396,#13397));
#13399=FACE_OUTER_BOUND('',#13398,.F.);
#13401=CARTESIAN_POINT('',(1.05E1,-1.35E1,0.E0));
#13402=DIRECTION('',(0.E0,0.E0,-1.E0));
#13403=DIRECTION('',(0.E0,-1.E0,0.E0));
#13404=AXIS2_PLACEMENT_3D('',#13401,#13402,#13403);
#13405=CYLINDRICAL_SURFACE('',#13404,3.05E0);
#13406=ORIENTED_EDGE('',*,*,#13294,.F.);
#13408=ORIENTED_EDGE('',*,*,#13407,.T.);
#13410=ORIENTED_EDGE('',*,*,#13409,.T.);
#13411=ORIENTED_EDGE('',*,*,#13378,.F.);
#13412=EDGE_LOOP('',(#13406,#13408,#13410,#13411));
#13413=FACE_OUTER_BOUND('',#13412,.F.);
#13415=CARTESIAN_POINT('',(1.355E1,1.4E1,0.E0));
#13416=DIRECTION('',(1.E0,0.E0,0.E0));
#13417=DIRECTION('',(0.E0,-1.E0,0.E0));
#13418=AXIS2_PLACEMENT_3D('',#13415,#13416,#13417);
#13419=PLANE('',#13418);
#13420=ORIENTED_EDGE('',*,*,#13292,.F.);
#13422=ORIENTED_EDGE('',*,*,#13421,.T.);
#13424=ORIENTED_EDGE('',*,*,#13423,.T.);
#13425=ORIENTED_EDGE('',*,*,#13407,.F.);
#13426=EDGE_LOOP('',(#13420,#13422,#13424,#13425));
#13427=FACE_OUTER_BOUND('',#13426,.F.);
#13429=CARTESIAN_POINT('',(1.05E1,1.4E1,0.E0));
#13430=DIRECTION('',(0.E0,0.E0,-1.E0));
#13431=DIRECTION('',(0.E0,-1.E0,0.E0));
#13432=AXIS2_PLACEMENT_3D('',#13429,#13430,#13431);
#13433=CYLINDRICAL_SURFACE('',#13432,3.05E0);
#13434=ORIENTED_EDGE('',*,*,#13290,.F.);
#13436=ORIENTED_EDGE('',*,*,#13435,.T.);
#13438=ORIENTED_EDGE('',*,*,#13437,.T.);
#13439=ORIENTED_EDGE('',*,*,#13421,.F.);
#13440=EDGE_LOOP('',(#13434,#13436,#13438,#13439));
#13441=FACE_OUTER_BOUND('',#13440,.F.);
#13443=CARTESIAN_POINT('',(-1.05E1,1.705E1,0.E0));
#13444=DIRECTION('',(0.E0,1.E0,0.E0));
#13445=DIRECTION('',(1.E0,0.E0,0.E0));
#13446=AXIS2_PLACEMENT_3D('',#13443,#13444,#13445);
#13447=PLANE('',#13446);
#13448=ORIENTED_EDGE('',*,*,#13288,.F.);
#13449=ORIENTED_EDGE('',*,*,#13339,.T.);
#13451=ORIENTED_EDGE('',*,*,#13450,.T.);
#13452=ORIENTED_EDGE('',*,*,#13435,.F.);
#13453=EDGE_LOOP('',(#13448,#13449,#13451,#13452));
#13454=FACE_OUTER_BOUND('',#13453,.F.);
#13456=CARTESIAN_POINT('',(0.E0,0.E0,9.E-1));
#13457=DIRECTION('',(0.E0,0.E0,-1.E0));
#13458=DIRECTION('',(0.E0,-1.E0,0.E0));
#13459=AXIS2_PLACEMENT_3D('',#13456,#13457,#13458);
#13460=PLANE('',#13459);
#13462=ORIENTED_EDGE('',*,*,#13461,.T.);
#13464=ORIENTED_EDGE('',*,*,#13463,.F.);
#13466=ORIENTED_EDGE('',*,*,#13465,.F.);
#13468=ORIENTED_EDGE('',*,*,#13467,.T.);
#13469=ORIENTED_EDGE('',*,*,#13380,.F.);
#13470=ORIENTED_EDGE('',*,*,#13409,.F.);
#13471=ORIENTED_EDGE('',*,*,#13423,.F.);
#13472=ORIENTED_EDGE('',*,*,#13437,.F.);
#13473=ORIENTED_EDGE('',*,*,#13450,.F.);
#13474=ORIENTED_EDGE('',*,*,#13337,.F.);
#13475=ORIENTED_EDGE('',*,*,#13352,.F.);
#13476=ORIENTED_EDGE('',*,*,#13366,.F.);
#13477=ORIENTED_EDGE('',*,*,#13395,.F.);
#13479=ORIENTED_EDGE('',*,*,#13478,.F.);
#13481=ORIENTED_EDGE('',*,*,#13480,.F.);
#13483=ORIENTED_EDGE('',*,*,#13482,.F.);
#13485=ORIENTED_EDGE('',*,*,#13484,.T.);
#13487=ORIENTED_EDGE('',*,*,#13486,.F.);
#13489=ORIENTED_EDGE('',*,*,#13488,.F.);
#13491=ORIENTED_EDGE('',*,*,#13490,.T.);
#13493=ORIENTED_EDGE('',*,*,#13492,.F.);
#13495=ORIENTED_EDGE('',*,*,#13494,.T.);
#13497=ORIENTED_EDGE('',*,*,#13496,.F.);
#13499=ORIENTED_EDGE('',*,*,#13498,.T.);
#13501=ORIENTED_EDGE('',*,*,#13500,.F.);
#13503=ORIENTED_EDGE('',*,*,#13502,.T.);
#13505=ORIENTED_EDGE('',*,*,#13504,.F.);
#13507=ORIENTED_EDGE('',*,*,#13506,.F.);
#13508=EDGE_LOOP('',(#13462,#13464,#13466,#13468,#13469,#13470,#13471,#13472,
#13473,#13474,#13475,#13476,#13477,#13479,#13481,#13483,#13485,#13487,#13489,
#13491,#13493,#13495,#13497,#13499,#13501,#13503,#13505,#13507));
#13509=FACE_OUTER_BOUND('',#13508,.F.);
#13511=CARTESIAN_POINT('',(6.025E0,-1.56E1,4.5E-1));
#13512=DIRECTION('',(0.E0,-9.761870601840E-1,-2.169304578187E-1));
#13513=DIRECTION('',(0.E0,-2.169304578187E-1,9.761870601840E-1));
#13514=AXIS2_PLACEMENT_3D('',#13511,#13512,#13513);
#13515=PLANE('',#13514);
#13517=ORIENTED_EDGE('',*,*,#13516,.T.);
#13518=ORIENTED_EDGE('',*,*,#13461,.F.);
#13520=ORIENTED_EDGE('',*,*,#13519,.T.);
#13522=ORIENTED_EDGE('',*,*,#13521,.T.);
#13523=EDGE_LOOP('',(#13517,#13518,#13520,#13522));
#13524=FACE_OUTER_BOUND('',#13523,.F.);
#13526=CARTESIAN_POINT('',(5.675E0,-1.58E1,9.E-1));
#13527=DIRECTION('',(-1.E0,0.E0,0.E0));
#13528=DIRECTION('',(0.E0,1.E0,0.E0));
#13529=AXIS2_PLACEMENT_3D('',#13526,#13527,#13528);
#13530=PLANE('',#13529);
#13531=ORIENTED_EDGE('',*,*,#13516,.F.);
#13533=ORIENTED_EDGE('',*,*,#13532,.T.);
#13535=ORIENTED_EDGE('',*,*,#13534,.F.);
#13537=ORIENTED_EDGE('',*,*,#13536,.F.);
#13539=ORIENTED_EDGE('',*,*,#13538,.F.);
#13540=ORIENTED_EDGE('',*,*,#13463,.T.);
#13541=EDGE_LOOP('',(#13531,#13533,#13535,#13537,#13539,#13540));
#13542=FACE_OUTER_BOUND('',#13541,.F.);
#13544=CARTESIAN_POINT('',(0.E0,0.E0,0.E0));
#13545=DIRECTION('',(0.E0,0.E0,-1.E0));
#13546=DIRECTION('',(-1.E0,0.E0,0.E0));
#13547=AXIS2_PLACEMENT_3D('',#13544,#13545,#13546);
#13548=PLANE('',#13547);
#13549=ORIENTED_EDGE('',*,*,#13521,.F.);
#13551=ORIENTED_EDGE('',*,*,#13550,.F.);
#13553=ORIENTED_EDGE('',*,*,#13552,.F.);
#13554=ORIENTED_EDGE('',*,*,#13532,.F.);
#13555=EDGE_LOOP('',(#13549,#13551,#13553,#13554));
#13556=FACE_OUTER_BOUND('',#13555,.F.);
#13558=CARTESIAN_POINT('',(0.E0,0.E0,0.E0));
#13559=DIRECTION('',(0.E0,0.E0,-1.E0));
#13560=DIRECTION('',(-1.E0,0.E0,0.E0));
#13561=AXIS2_PLACEMENT_3D('',#13558,#13559,#13560);
#13562=PLANE('',#13561);
#13564=ORIENTED_EDGE('',*,*,#13563,.F.);
#13566=ORIENTED_EDGE('',*,*,#13565,.F.);
#13568=ORIENTED_EDGE('',*,*,#13567,.F.);
#13570=ORIENTED_EDGE('',*,*,#13569,.F.);
#13571=EDGE_LOOP('',(#13564,#13566,#13568,#13570));
#13572=FACE_OUTER_BOUND('',#13571,.F.);
#13574=CARTESIAN_POINT('',(6.375E0,-1.38E1,9.E-1));
#13575=DIRECTION('',(1.E0,0.E0,0.E0));
#13576=DIRECTION('',(0.E0,-1.E0,0.E0));
#13577=AXIS2_PLACEMENT_3D('',#13574,#13575,#13576);
#13578=PLANE('',#13577);
#13579=ORIENTED_EDGE('',*,*,#13519,.F.);
#13580=ORIENTED_EDGE('',*,*,#13506,.T.);
#13582=ORIENTED_EDGE('',*,*,#13581,.T.);
#13584=ORIENTED_EDGE('',*,*,#13583,.T.);
#13586=ORIENTED_EDGE('',*,*,#13585,.F.);
#13587=ORIENTED_EDGE('',*,*,#13550,.T.);
#13588=EDGE_LOOP('',(#13579,#13580,#13582,#13584,#13586,#13587));
#13589=FACE_OUTER_BOUND('',#13588,.F.);
#13591=CARTESIAN_POINT('',(-1.4E1,-1.58E1,0.E0));
#13592=DIRECTION('',(0.E0,-1.E0,0.E0));
#13593=DIRECTION('',(1.E0,0.E0,0.E0));
#13594=AXIS2_PLACEMENT_3D('',#13591,#13592,#13593);
#13595=PLANE('',#13594);
#13596=ORIENTED_EDGE('',*,*,#13538,.T.);
#13598=ORIENTED_EDGE('',*,*,#13597,.F.);
#13600=ORIENTED_EDGE('',*,*,#13599,.F.);
#13601=ORIENTED_EDGE('',*,*,#13480,.T.);
#13603=ORIENTED_EDGE('',*,*,#13602,.T.);
#13605=ORIENTED_EDGE('',*,*,#13604,.F.);
#13607=ORIENTED_EDGE('',*,*,#13606,.F.);
#13608=ORIENTED_EDGE('',*,*,#13465,.T.);
#13609=EDGE_LOOP('',(#13596,#13598,#13600,#13601,#13603,#13605,#13607,#13608));
#13610=FACE_OUTER_BOUND('',#13609,.F.);
#13612=CARTESIAN_POINT('',(-1.4E1,-1.58E1,0.E0));
#13613=DIRECTION('',(0.E0,-1.E0,0.E0));
#13614=DIRECTION('',(1.E0,0.E0,0.E0));
#13615=AXIS2_PLACEMENT_3D('',#13612,#13613,#13614);
#13616=PLANE('',#13615);
#13617=ORIENTED_EDGE('',*,*,#13581,.F.);
#13618=ORIENTED_EDGE('',*,*,#13504,.T.);
#13620=ORIENTED_EDGE('',*,*,#13619,.F.);
#13622=ORIENTED_EDGE('',*,*,#13621,.F.);
#13623=EDGE_LOOP('',(#13617,#13618,#13620,#13622));
#13624=FACE_OUTER_BOUND('',#13623,.F.);
#13626=CARTESIAN_POINT('',(-1.4E1,-1.58E1,0.E0));
#13627=DIRECTION('',(0.E0,-1.E0,0.E0));
#13628=DIRECTION('',(1.E0,0.E0,0.E0));
#13629=AXIS2_PLACEMENT_3D('',#13626,#13627,#13628);
#13630=PLANE('',#13629);
#13632=ORIENTED_EDGE('',*,*,#13631,.T.);
#13634=ORIENTED_EDGE('',*,*,#13633,.F.);
#13636=ORIENTED_EDGE('',*,*,#13635,.T.);
#13637=ORIENTED_EDGE('',*,*,#13488,.T.);
#13638=EDGE_LOOP('',(#13632,#13634,#13636,#13637));
#13639=FACE_OUTER_BOUND('',#13638,.F.);
#13641=CARTESIAN_POINT('',(0.E0,0.E0,4.5E0));
#13642=DIRECTION('',(0.E0,0.E0,1.E0));
#13643=DIRECTION('',(1.E0,0.E0,0.E0));
#13644=AXIS2_PLACEMENT_3D('',#13641,#13642,#13643);
#13645=PLANE('',#13644);
#13647=ORIENTED_EDGE('',*,*,#13646,.F.);
#13649=ORIENTED_EDGE('',*,*,#13648,.F.);
#13650=EDGE_LOOP('',(#13647,#13649));
#13651=FACE_OUTER_BOUND('',#13650,.F.);
#13653=CARTESIAN_POINT('',(0.E0,0.E0,4.5E0));
#13654=DIRECTION('',(0.E0,0.E0,1.E0));
#13655=DIRECTION('',(1.E0,0.E0,0.E0));
#13656=AXIS2_PLACEMENT_3D('',#13653,#13654,#13655);
#13657=PLANE('',#13656);
#13659=ORIENTED_EDGE('',*,*,#13658,.F.);
#13661=ORIENTED_EDGE('',*,*,#13660,.F.);
#13662=EDGE_LOOP('',(#13659,#13661));
#13663=FACE_OUTER_BOUND('',#13662,.F.);
#13665=CARTESIAN_POINT('',(0.E0,0.E0,4.5E0));
#13666=DIRECTION('',(0.E0,0.E0,1.E0));
#13667=DIRECTION('',(1.E0,0.E0,0.E0));
#13668=AXIS2_PLACEMENT_3D('',#13665,#13666,#13667);
#13669=PLANE('',#13668);
#13671=ORIENTED_EDGE('',*,*,#13670,.T.);
#13673=ORIENTED_EDGE('',*,*,#13672,.T.);
#13675=ORIENTED_EDGE('',*,*,#13674,.F.);
#13677=ORIENTED_EDGE('',*,*,#13676,.T.);
#13679=ORIENTED_EDGE('',*,*,#13678,.T.);
#13681=ORIENTED_EDGE('',*,*,#13680,.T.);
#13683=ORIENTED_EDGE('',*,*,#13682,.T.);
#13685=ORIENTED_EDGE('',*,*,#13684,.T.);
#13687=ORIENTED_EDGE('',*,*,#13686,.T.);
#13689=ORIENTED_EDGE('',*,*,#13688,.T.);
#13691=ORIENTED_EDGE('',*,*,#13690,.F.);
#13693=ORIENTED_EDGE('',*,*,#13692,.T.);
#13695=ORIENTED_EDGE('',*,*,#13694,.F.);
#13696=ORIENTED_EDGE('',*,*,#13633,.T.);
#13698=ORIENTED_EDGE('',*,*,#13697,.T.);
#13700=ORIENTED_EDGE('',*,*,#13699,.T.);
#13702=ORIENTED_EDGE('',*,*,#13701,.F.);
#13703=ORIENTED_EDGE('',*,*,#13597,.T.);
#13704=ORIENTED_EDGE('',*,*,#13536,.T.);
#13706=ORIENTED_EDGE('',*,*,#13705,.T.);
#13707=ORIENTED_EDGE('',*,*,#13583,.F.);
#13708=ORIENTED_EDGE('',*,*,#13621,.T.);
#13710=ORIENTED_EDGE('',*,*,#13709,.F.);
#13712=ORIENTED_EDGE('',*,*,#13711,.T.);
#13713=EDGE_LOOP('',(#13671,#13673,#13675,#13677,#13679,#13681,#13683,#13685,
#13687,#13689,#13691,#13693,#13695,#13696,#13698,#13700,#13702,#13703,#13704,
#13706,#13707,#13708,#13710,#13712));
#13714=FACE_OUTER_BOUND('',#13713,.F.);
#13716=ORIENTED_EDGE('',*,*,#13715,.T.);
#13718=ORIENTED_EDGE('',*,*,#13717,.F.);
#13720=ORIENTED_EDGE('',*,*,#13719,.F.);
#13722=ORIENTED_EDGE('',*,*,#13721,.T.);
#13724=ORIENTED_EDGE('',*,*,#13723,.T.);
#13726=ORIENTED_EDGE('',*,*,#13725,.F.);
#13728=ORIENTED_EDGE('',*,*,#13727,.T.);
#13730=ORIENTED_EDGE('',*,*,#13729,.T.);
#13732=ORIENTED_EDGE('',*,*,#13731,.F.);
#13733=EDGE_LOOP('',(#13716,#13718,#13720,#13722,#13724,#13726,#13728,#13730,
#13732));
#13734=FACE_BOUND('',#13733,.F.);
#13736=ORIENTED_EDGE('',*,*,#13735,.T.);
#13738=ORIENTED_EDGE('',*,*,#13737,.F.);
#13740=ORIENTED_EDGE('',*,*,#13739,.F.);
#13742=ORIENTED_EDGE('',*,*,#13741,.T.);
#13744=ORIENTED_EDGE('',*,*,#13743,.F.);
#13746=ORIENTED_EDGE('',*,*,#13745,.T.);
#13748=ORIENTED_EDGE('',*,*,#13747,.T.);
#13750=ORIENTED_EDGE('',*,*,#13749,.F.);
#13752=ORIENTED_EDGE('',*,*,#13751,.T.);
#13753=EDGE_LOOP('',(#13736,#13738,#13740,#13742,#13744,#13746,#13748,#13750,
#13752));
#13754=FACE_BOUND('',#13753,.F.);
#13756=CARTESIAN_POINT('',(1.1E1,-1.35E1,4.3E0));
#13757=DIRECTION('',(0.E0,0.E0,-1.E0));
#13758=DIRECTION('',(1.E0,0.E0,0.E0));
#13759=AXIS2_PLACEMENT_3D('',#13756,#13757,#13758);
#13760=CYLINDRICAL_SURFACE('',#13759,7.E-1);
#13761=ORIENTED_EDGE('',*,*,#13646,.T.);
#13763=ORIENTED_EDGE('',*,*,#13762,.T.);
#13765=ORIENTED_EDGE('',*,*,#13764,.T.);
#13767=ORIENTED_EDGE('',*,*,#13766,.F.);
#13768=EDGE_LOOP('',(#13761,#13763,#13765,#13767));
#13769=FACE_OUTER_BOUND('',#13768,.F.);
#13771=CARTESIAN_POINT('',(1.1E1,-1.35E1,4.3E0));
#13772=DIRECTION('',(0.E0,0.E0,-1.E0));
#13773=DIRECTION('',(1.E0,0.E0,0.E0));
#13774=AXIS2_PLACEMENT_3D('',#13771,#13772,#13773);
#13775=CYLINDRICAL_SURFACE('',#13774,7.E-1);
#13776=ORIENTED_EDGE('',*,*,#13648,.T.);
#13777=ORIENTED_EDGE('',*,*,#13766,.T.);
#13779=ORIENTED_EDGE('',*,*,#13778,.T.);
#13780=ORIENTED_EDGE('',*,*,#13762,.F.);
#13781=EDGE_LOOP('',(#13776,#13777,#13779,#13780));
#13782=FACE_OUTER_BOUND('',#13781,.F.);
#13784=CARTESIAN_POINT('',(0.E0,0.E0,-2.E-1));
#13785=DIRECTION('',(0.E0,0.E0,-1.E0));
#13786=DIRECTION('',(1.E0,0.E0,0.E0));
#13787=AXIS2_PLACEMENT_3D('',#13784,#13785,#13786);
#13788=PLANE('',#13787);
#13790=ORIENTED_EDGE('',*,*,#13789,.T.);
#13792=ORIENTED_EDGE('',*,*,#13791,.F.);
#13794=ORIENTED_EDGE('',*,*,#13793,.T.);
#13796=ORIENTED_EDGE('',*,*,#13795,.F.);
#13797=EDGE_LOOP('',(#13790,#13792,#13794,#13796));
#13798=FACE_OUTER_BOUND('',#13797,.F.);
#13800=ORIENTED_EDGE('',*,*,#13799,.F.);
#13802=ORIENTED_EDGE('',*,*,#13801,.F.);
#13803=EDGE_LOOP('',(#13800,#13802));
#13804=FACE_BOUND('',#13803,.F.);
#13806=CARTESIAN_POINT('',(0.E0,0.E0,-2.E-1));
#13807=DIRECTION('',(0.E0,0.E0,-1.E0));
#13808=DIRECTION('',(1.E0,0.E0,0.E0));
#13809=AXIS2_PLACEMENT_3D('',#13806,#13807,#13808);
#13810=PLANE('',#13809);
#13812=ORIENTED_EDGE('',*,*,#13811,.T.);
#13814=ORIENTED_EDGE('',*,*,#13813,.F.);
#13816=ORIENTED_EDGE('',*,*,#13815,.T.);
#13818=ORIENTED_EDGE('',*,*,#13817,.F.);
#13819=EDGE_LOOP('',(#13812,#13814,#13816,#13818));
#13820=FACE_OUTER_BOUND('',#13819,.F.);
#13821=ORIENTED_EDGE('',*,*,#13764,.F.);
#13822=ORIENTED_EDGE('',*,*,#13778,.F.);
#13823=EDGE_LOOP('',(#13821,#13822));
#13824=FACE_BOUND('',#13823,.F.);
#13826=CARTESIAN_POINT('',(-1.1E1,-1.35E1,4.3E0));
#13827=DIRECTION('',(0.E0,0.E0,-1.E0));
#13828=DIRECTION('',(1.E0,0.E0,0.E0));
#13829=AXIS2_PLACEMENT_3D('',#13826,#13827,#13828);
#13830=CYLINDRICAL_SURFACE('',#13829,7.E-1);
#13831=ORIENTED_EDGE('',*,*,#13658,.T.);
#13833=ORIENTED_EDGE('',*,*,#13832,.T.);
#13834=ORIENTED_EDGE('',*,*,#13799,.T.);
#13836=ORIENTED_EDGE('',*,*,#13835,.F.);
#13837=EDGE_LOOP('',(#13831,#13833,#13834,#13836));
#13838=FACE_OUTER_BOUND('',#13837,.F.);
#13840=CARTESIAN_POINT('',(-1.1E1,-1.35E1,4.3E0));
#13841=DIRECTION('',(0.E0,0.E0,-1.E0));
#13842=DIRECTION('',(1.E0,0.E0,0.E0));
#13843=AXIS2_PLACEMENT_3D('',#13840,#13841,#13842);
#13844=CYLINDRICAL_SURFACE('',#13843,7.E-1);
#13845=ORIENTED_EDGE('',*,*,#13660,.T.);
#13846=ORIENTED_EDGE('',*,*,#13835,.T.);
#13847=ORIENTED_EDGE('',*,*,#13801,.T.);
#13848=ORIENTED_EDGE('',*,*,#13832,.F.);
#13849=EDGE_LOOP('',(#13845,#13846,#13847,#13848));
#13850=FACE_OUTER_BOUND('',#13849,.F.);
#13852=CARTESIAN_POINT('',(-1.16E1,-1.201676030258E1,-2.E-1));
#13853=DIRECTION('',(5.406577313138E-1,-8.412426627143E-1,0.E0));
#13854=DIRECTION('',(-8.412426627143E-1,-5.406577313138E-1,0.E0));
#13855=AXIS2_PLACEMENT_3D('',#13852,#13853,#13854);
#13856=PLANE('',#13855);
#13857=ORIENTED_EDGE('',*,*,#13789,.F.);
#13859=ORIENTED_EDGE('',*,*,#13858,.F.);
#13861=ORIENTED_EDGE('',*,*,#13860,.T.);
#13862=ORIENTED_EDGE('',*,*,#13717,.T.);
#13864=ORIENTED_EDGE('',*,*,#13863,.T.);
#13865=EDGE_LOOP('',(#13857,#13859,#13861,#13862,#13864));
#13866=FACE_OUTER_BOUND('',#13865,.F.);
#13868=CARTESIAN_POINT('',(-1.1E1,-1.35E1,4.3E0));
#13869=DIRECTION('',(0.E0,0.E0,-1.E0));
#13870=DIRECTION('',(1.E0,0.E0,0.E0));
#13871=AXIS2_PLACEMENT_3D('',#13868,#13869,#13870);
#13872=CYLINDRICAL_SURFACE('',#13871,1.6E0);
#13873=ORIENTED_EDGE('',*,*,#13858,.T.);
#13874=ORIENTED_EDGE('',*,*,#13795,.T.);
#13876=ORIENTED_EDGE('',*,*,#13875,.F.);
#13877=ORIENTED_EDGE('',*,*,#13729,.F.);
#13879=ORIENTED_EDGE('',*,*,#13878,.T.);
#13881=ORIENTED_EDGE('',*,*,#13880,.F.);
#13882=EDGE_LOOP('',(#13873,#13874,#13876,#13877,#13879,#13881));
#13883=FACE_OUTER_BOUND('',#13882,.F.);
#13885=CARTESIAN_POINT('',(-1.21E1,-1.418745078664E1,-2.E-1));
#13886=DIRECTION('',(7.071067811865E-1,7.071067811865E-1,0.E0));
#13887=DIRECTION('',(7.071067811865E-1,-7.071067811865E-1,0.E0));
#13888=AXIS2_PLACEMENT_3D('',#13885,#13886,#13887);
#13889=PLANE('',#13888);
#13890=ORIENTED_EDGE('',*,*,#13793,.F.);
#13892=ORIENTED_EDGE('',*,*,#13891,.F.);
#13893=ORIENTED_EDGE('',*,*,#13731,.T.);
#13894=ORIENTED_EDGE('',*,*,#13875,.T.);
#13895=EDGE_LOOP('',(#13890,#13892,#13893,#13894));
#13896=FACE_OUTER_BOUND('',#13895,.F.);
#13898=CARTESIAN_POINT('',(-1.21E1,-1.466189500386E1,4.3E0));
#13899=DIRECTION('',(-1.E0,0.E0,0.E0));
#13900=DIRECTION('',(0.E0,1.E0,0.E0));
#13901=AXIS2_PLACEMENT_3D('',#13898,#13899,#13900);
#13902=PLANE('',#13901);
#13903=ORIENTED_EDGE('',*,*,#13863,.F.);
#13904=ORIENTED_EDGE('',*,*,#13715,.F.);
#13905=ORIENTED_EDGE('',*,*,#13891,.T.);
#13906=ORIENTED_EDGE('',*,*,#13791,.T.);
#13907=EDGE_LOOP('',(#13903,#13904,#13905,#13906));
#13908=FACE_OUTER_BOUND('',#13907,.F.);
#13910=CARTESIAN_POINT('',(-1.03E1,-1.07E1,4.5E0));
#13911=DIRECTION('',(0.E0,0.E0,-1.E0));
#13912=DIRECTION('',(0.E0,-1.E0,0.E0));
#13913=AXIS2_PLACEMENT_3D('',#13910,#13911,#13912);
#13914=CYLINDRICAL_SURFACE('',#13913,2.E0);
#13916=ORIENTED_EDGE('',*,*,#13915,.F.);
#13917=ORIENTED_EDGE('',*,*,#13723,.F.);
#13919=ORIENTED_EDGE('',*,*,#13918,.T.);
#13921=ORIENTED_EDGE('',*,*,#13920,.T.);
#13922=EDGE_LOOP('',(#13916,#13917,#13919,#13921));
#13923=FACE_OUTER_BOUND('',#13922,.F.);
#13925=CARTESIAN_POINT('',(-1.03E1,-1.07E1,4.5E0));
#13926=DIRECTION('',(0.E0,0.E0,-1.E0));
#13927=DIRECTION('',(0.E0,-1.E0,0.E0));
#13928=AXIS2_PLACEMENT_3D('',#13925,#13926,#13927);
#13929=CYLINDRICAL_SURFACE('',#13928,2.E0);
#13931=ORIENTED_EDGE('',*,*,#13930,.T.);
#13933=ORIENTED_EDGE('',*,*,#13932,.T.);
#13934=ORIENTED_EDGE('',*,*,#13878,.F.);
#13935=ORIENTED_EDGE('',*,*,#13727,.F.);
#13936=EDGE_LOOP('',(#13931,#13933,#13934,#13935));
#13937=FACE_OUTER_BOUND('',#13936,.F.);
#13939=CARTESIAN_POINT('',(-8.45E0,-5.E0,5.E-1));
#13940=DIRECTION('',(0.E0,0.E0,-1.E0));
#13941=DIRECTION('',(1.E0,0.E0,0.E0));
#13942=AXIS2_PLACEMENT_3D('',#13939,#13940,#13941);
#13943=CYLINDRICAL_SURFACE('',#13942,4.3E0);
#13945=ORIENTED_EDGE('',*,*,#13944,.F.);
#13946=ORIENTED_EDGE('',*,*,#13930,.F.);
#13947=ORIENTED_EDGE('',*,*,#13725,.T.);
#13948=ORIENTED_EDGE('',*,*,#13915,.T.);
#13949=EDGE_LOOP('',(#13945,#13946,#13947,#13948));
#13950=FACE_OUTER_BOUND('',#13949,.F.);
#13952=CARTESIAN_POINT('',(0.E0,0.E0,5.E-1));
#13953=DIRECTION('',(0.E0,0.E0,-1.E0));
#13954=DIRECTION('',(0.E0,-1.E0,0.E0));
#13955=AXIS2_PLACEMENT_3D('',#13952,#13953,#13954);
#13956=PLANE('',#13955);
#13958=ORIENTED_EDGE('',*,*,#13957,.T.);
#13959=ORIENTED_EDGE('',*,*,#13880,.T.);
#13960=ORIENTED_EDGE('',*,*,#13932,.F.);
#13961=ORIENTED_EDGE('',*,*,#13944,.T.);
#13962=ORIENTED_EDGE('',*,*,#13920,.F.);
#13964=ORIENTED_EDGE('',*,*,#13963,.F.);
#13965=EDGE_LOOP('',(#13958,#13959,#13960,#13961,#13962,#13964));
#13966=FACE_OUTER_BOUND('',#13965,.F.);
#13968=ORIENTED_EDGE('',*,*,#13967,.F.);
#13970=ORIENTED_EDGE('',*,*,#13969,.F.);
#13971=EDGE_LOOP('',(#13968,#13970));
#13972=FACE_BOUND('',#13971,.F.);
#13974=CARTESIAN_POINT('',(0.E0,0.E0,5.E-1));
#13975=DIRECTION('',(0.E0,0.E0,-1.E0));
#13976=DIRECTION('',(0.E0,-1.E0,0.E0));
#13977=AXIS2_PLACEMENT_3D('',#13974,#13975,#13976);
#13978=PLANE('',#13977);
#13980=ORIENTED_EDGE('',*,*,#13979,.T.);
#13982=ORIENTED_EDGE('',*,*,#13981,.F.);
#13984=ORIENTED_EDGE('',*,*,#13983,.F.);
#13986=ORIENTED_EDGE('',*,*,#13985,.T.);
#13988=ORIENTED_EDGE('',*,*,#13987,.F.);
#13990=ORIENTED_EDGE('',*,*,#13989,.T.);
#13991=EDGE_LOOP('',(#13980,#13982,#13984,#13986,#13988,#13990));
#13992=FACE_OUTER_BOUND('',#13991,.F.);
#13994=ORIENTED_EDGE('',*,*,#13993,.F.);
#13996=ORIENTED_EDGE('',*,*,#13995,.F.);
#13997=EDGE_LOOP('',(#13994,#13996));
#13998=FACE_BOUND('',#13997,.F.);
#14000=CARTESIAN_POINT('',(1.03E1,-1.07E1,4.5E0));
#14001=DIRECTION('',(0.E0,0.E0,-1.E0));
#14002=DIRECTION('',(0.E0,-1.E0,0.E0));
#14003=AXIS2_PLACEMENT_3D('',#14000,#14001,#14002);
#14004=CYLINDRICAL_SURFACE('',#14003,1.2E0);
#14006=ORIENTED_EDGE('',*,*,#14005,.T.);
#14008=ORIENTED_EDGE('',*,*,#14007,.T.);
#14009=ORIENTED_EDGE('',*,*,#13993,.T.);
#14011=ORIENTED_EDGE('',*,*,#14010,.F.);
#14012=EDGE_LOOP('',(#14006,#14008,#14009,#14011));
#14013=FACE_OUTER_BOUND('',#14012,.F.);
#14015=CARTESIAN_POINT('',(0.E0,0.E0,3.5E0));
#14016=DIRECTION('',(0.E0,0.E0,-1.E0));
#14017=DIRECTION('',(0.E0,1.E0,0.E0));
#14018=AXIS2_PLACEMENT_3D('',#14015,#14016,#14017);
#14019=PLANE('',#14018);
#14020=ORIENTED_EDGE('',*,*,#14005,.F.);
#14022=ORIENTED_EDGE('',*,*,#14021,.F.);
#14023=EDGE_LOOP('',(#14020,#14022));
#14024=FACE_OUTER_BOUND('',#14023,.F.);
#14026=CARTESIAN_POINT('',(0.E0,0.E0,3.5E0));
#14027=DIRECTION('',(0.E0,0.E0,-1.E0));
#14028=DIRECTION('',(0.E0,1.E0,0.E0));
#14029=AXIS2_PLACEMENT_3D('',#14026,#14027,#14028);
#14030=PLANE('',#14029);
#14032=ORIENTED_EDGE('',*,*,#14031,.F.);
#14034=ORIENTED_EDGE('',*,*,#14033,.F.);
#14035=EDGE_LOOP('',(#14032,#14034));
#14036=FACE_OUTER_BOUND('',#14035,.F.);
#14038=CARTESIAN_POINT('',(1.03E1,-1.07E1,4.5E0));
#14039=DIRECTION('',(0.E0,0.E0,-1.E0));
#14040=DIRECTION('',(0.E0,-1.E0,0.E0));
#14041=AXIS2_PLACEMENT_3D('',#14038,#14039,#14040);
#14042=CYLINDRICAL_SURFACE('',#14041,1.2E0);
#14043=ORIENTED_EDGE('',*,*,#14021,.T.);
#14044=ORIENTED_EDGE('',*,*,#14010,.T.);
#14045=ORIENTED_EDGE('',*,*,#13995,.T.);
#14046=ORIENTED_EDGE('',*,*,#14007,.F.);
#14047=EDGE_LOOP('',(#14043,#14044,#14045,#14046));
#14048=FACE_OUTER_BOUND('',#14047,.F.);
#14050=CARTESIAN_POINT('',(-1.03E1,-1.07E1,4.5E0));
#14051=DIRECTION('',(0.E0,0.E0,-1.E0));
#14052=DIRECTION('',(0.E0,-1.E0,0.E0));
#14053=AXIS2_PLACEMENT_3D('',#14050,#14051,#14052);
#14054=CYLINDRICAL_SURFACE('',#14053,1.2E0);
#14055=ORIENTED_EDGE('',*,*,#14031,.T.);
#14057=ORIENTED_EDGE('',*,*,#14056,.T.);
#14058=ORIENTED_EDGE('',*,*,#13967,.T.);
#14060=ORIENTED_EDGE('',*,*,#14059,.F.);
#14061=EDGE_LOOP('',(#14055,#14057,#14058,#14060));
#14062=FACE_OUTER_BOUND('',#14061,.F.);
#14064=CARTESIAN_POINT('',(-1.03E1,-1.07E1,4.5E0));
#14065=DIRECTION('',(0.E0,0.E0,-1.E0));
#14066=DIRECTION('',(0.E0,-1.E0,0.E0));
#14067=AXIS2_PLACEMENT_3D('',#14064,#14065,#14066);
#14068=CYLINDRICAL_SURFACE('',#14067,1.2E0);
#14069=ORIENTED_EDGE('',*,*,#14033,.T.);
#14070=ORIENTED_EDGE('',*,*,#14059,.T.);
#14071=ORIENTED_EDGE('',*,*,#13969,.T.);
#14072=ORIENTED_EDGE('',*,*,#14056,.F.);
#14073=EDGE_LOOP('',(#14069,#14070,#14071,#14072));
#14074=FACE_OUTER_BOUND('',#14073,.F.);
#14076=CARTESIAN_POINT('',(-1.21E1,-1.157177978871E1,-2.E-1));
#14077=DIRECTION('',(6.648111191410E-1,7.470114964755E-1,0.E0));
#14078=DIRECTION('',(7.470114964755E-1,-6.648111191410E-1,0.E0));
#14079=AXIS2_PLACEMENT_3D('',#14076,#14077,#14078);
#14080=PLANE('',#14079);
#14081=ORIENTED_EDGE('',*,*,#13957,.F.);
#14083=ORIENTED_EDGE('',*,*,#14082,.F.);
#14084=ORIENTED_EDGE('',*,*,#13719,.T.);
#14085=ORIENTED_EDGE('',*,*,#13860,.F.);
#14086=EDGE_LOOP('',(#14081,#14083,#14084,#14085));
#14087=FACE_OUTER_BOUND('',#14086,.F.);
#14089=CARTESIAN_POINT('',(-1.21E1,-1.157177978871E1,4.5E0));
#14090=DIRECTION('',(-1.E0,0.E0,0.E0));
#14091=DIRECTION('',(0.E0,1.E0,0.E0));
#14092=AXIS2_PLACEMENT_3D('',#14089,#14090,#14091);
#14093=PLANE('',#14092);
#14094=ORIENTED_EDGE('',*,*,#14082,.T.);
#14095=ORIENTED_EDGE('',*,*,#13963,.T.);
#14096=ORIENTED_EDGE('',*,*,#13918,.F.);
#14097=ORIENTED_EDGE('',*,*,#13721,.F.);
#14098=EDGE_LOOP('',(#14094,#14095,#14096,#14097));
#14099=FACE_OUTER_BOUND('',#14098,.F.);
#14101=CARTESIAN_POINT('',(1.16E1,-1.201676030258E1,-2.E-1));
#14102=DIRECTION('',(-6.648111191410E-1,7.470114964755E-1,0.E0));
#14103=DIRECTION('',(7.470114964755E-1,6.648111191410E-1,0.E0));
#14104=AXIS2_PLACEMENT_3D('',#14101,#14102,#14103);
#14105=PLANE('',#14104);
#14106=ORIENTED_EDGE('',*,*,#13979,.F.);
#14108=ORIENTED_EDGE('',*,*,#14107,.T.);
#14109=ORIENTED_EDGE('',*,*,#13737,.T.);
#14111=ORIENTED_EDGE('',*,*,#14110,.T.);
#14112=EDGE_LOOP('',(#14106,#14108,#14109,#14111));
#14113=FACE_OUTER_BOUND('',#14112,.F.);
#14115=CARTESIAN_POINT('',(1.21E1,-1.233810499614E1,-2.E-1));
#14116=DIRECTION('',(-5.406577313138E-1,-8.412426627143E-1,0.E0));
#14117=DIRECTION('',(-8.412426627143E-1,5.406577313138E-1,0.E0));
#14118=AXIS2_PLACEMENT_3D('',#14115,#14116,#14117);
#14119=PLANE('',#14118);
#14120=ORIENTED_EDGE('',*,*,#13811,.F.);
#14122=ORIENTED_EDGE('',*,*,#14121,.F.);
#14123=ORIENTED_EDGE('',*,*,#13739,.T.);
#14124=ORIENTED_EDGE('',*,*,#14107,.F.);
#14126=ORIENTED_EDGE('',*,*,#14125,.T.);
#14127=EDGE_LOOP('',(#14120,#14122,#14123,#14124,#14126));
#14128=FACE_OUTER_BOUND('',#14127,.F.);
#14130=CARTESIAN_POINT('',(1.21E1,-1.233810499614E1,4.3E0));
#14131=DIRECTION('',(1.E0,0.E0,0.E0));
#14132=DIRECTION('',(0.E0,-1.E0,0.E0));
#14133=AXIS2_PLACEMENT_3D('',#14130,#14131,#14132);
#14134=PLANE('',#14133);
#14135=ORIENTED_EDGE('',*,*,#14121,.T.);
#14136=ORIENTED_EDGE('',*,*,#13817,.T.);
#14138=ORIENTED_EDGE('',*,*,#14137,.F.);
#14139=ORIENTED_EDGE('',*,*,#13741,.F.);
#14140=EDGE_LOOP('',(#14135,#14136,#14138,#14139));
#14141=FACE_OUTER_BOUND('',#14140,.F.);
#14143=CARTESIAN_POINT('',(1.12E1,-1.508745078664E1,-2.E-1));
#14144=DIRECTION('',(-7.071067811865E-1,7.071067811865E-1,0.E0));
#14145=DIRECTION('',(7.071067811865E-1,7.071067811865E-1,0.E0));
#14146=AXIS2_PLACEMENT_3D('',#14143,#14144,#14145);
#14147=PLANE('',#14146);
#14148=ORIENTED_EDGE('',*,*,#13815,.F.);
#14150=ORIENTED_EDGE('',*,*,#14149,.F.);
#14151=ORIENTED_EDGE('',*,*,#13743,.T.);
#14152=ORIENTED_EDGE('',*,*,#14137,.T.);
#14153=EDGE_LOOP('',(#14148,#14150,#14151,#14152));
#14154=FACE_OUTER_BOUND('',#14153,.F.);
#14156=CARTESIAN_POINT('',(1.1E1,-1.35E1,4.3E0));
#14157=DIRECTION('',(0.E0,0.E0,-1.E0));
#14158=DIRECTION('',(1.E0,0.E0,0.E0));
#14159=AXIS2_PLACEMENT_3D('',#14156,#14157,#14158);
#14160=CYLINDRICAL_SURFACE('',#14159,1.6E0);
#14161=ORIENTED_EDGE('',*,*,#14125,.F.);
#14162=ORIENTED_EDGE('',*,*,#13989,.F.);
#14164=ORIENTED_EDGE('',*,*,#14163,.F.);
#14165=ORIENTED_EDGE('',*,*,#13745,.F.);
#14166=ORIENTED_EDGE('',*,*,#14149,.T.);
#14167=ORIENTED_EDGE('',*,*,#13813,.T.);
#14168=EDGE_LOOP('',(#14161,#14162,#14164,#14165,#14166,#14167));
#14169=FACE_OUTER_BOUND('',#14168,.F.);
#14171=CARTESIAN_POINT('',(1.03E1,-1.07E1,4.5E0));
#14172=DIRECTION('',(0.E0,0.E0,-1.E0));
#14173=DIRECTION('',(0.E0,-1.E0,0.E0));
#14174=AXIS2_PLACEMENT_3D('',#14171,#14172,#14173);
#14175=CYLINDRICAL_SURFACE('',#14174,2.E0);
#14177=ORIENTED_EDGE('',*,*,#14176,.F.);
#14178=ORIENTED_EDGE('',*,*,#13747,.F.);
#14179=ORIENTED_EDGE('',*,*,#14163,.T.);
#14180=ORIENTED_EDGE('',*,*,#13987,.T.);
#14181=EDGE_LOOP('',(#14177,#14178,#14179,#14180));
#14182=FACE_OUTER_BOUND('',#14181,.F.);
#14184=CARTESIAN_POINT('',(1.03E1,-1.07E1,4.5E0));
#14185=DIRECTION('',(0.E0,0.E0,-1.E0));
#14186=DIRECTION('',(0.E0,-1.E0,0.E0));
#14187=AXIS2_PLACEMENT_3D('',#14184,#14185,#14186);
#14188=CYLINDRICAL_SURFACE('',#14187,2.E0);
#14190=ORIENTED_EDGE('',*,*,#14189,.T.);
#14191=ORIENTED_EDGE('',*,*,#13983,.T.);
#14193=ORIENTED_EDGE('',*,*,#14192,.F.);
#14194=ORIENTED_EDGE('',*,*,#13751,.F.);
#14195=EDGE_LOOP('',(#14190,#14191,#14193,#14194));
#14196=FACE_OUTER_BOUND('',#14195,.F.);
#14198=CARTESIAN_POINT('',(8.45E0,-5.E0,5.E-1));
#14199=DIRECTION('',(0.E0,0.E0,-1.E0));
#14200=DIRECTION('',(1.E0,0.E0,0.E0));
#14201=AXIS2_PLACEMENT_3D('',#14198,#14199,#14200);
#14202=CYLINDRICAL_SURFACE('',#14201,4.3E0);
#14203=ORIENTED_EDGE('',*,*,#13985,.F.);
#14204=ORIENTED_EDGE('',*,*,#14189,.F.);
#14205=ORIENTED_EDGE('',*,*,#13749,.T.);
#14206=ORIENTED_EDGE('',*,*,#14176,.T.);
#14207=EDGE_LOOP('',(#14203,#14204,#14205,#14206));
#14208=FACE_OUTER_BOUND('',#14207,.F.);
#14210=CARTESIAN_POINT('',(1.21E1,-9.828220211292E0,4.5E0));
#14211=DIRECTION('',(1.E0,0.E0,0.E0));
#14212=DIRECTION('',(0.E0,-1.E0,0.E0));
#14213=AXIS2_PLACEMENT_3D('',#14210,#14211,#14212);
#14214=PLANE('',#14213);
#14215=ORIENTED_EDGE('',*,*,#14110,.F.);
#14216=ORIENTED_EDGE('',*,*,#13735,.F.);
#14217=ORIENTED_EDGE('',*,*,#14192,.T.);
#14218=ORIENTED_EDGE('',*,*,#13981,.T.);
#14219=EDGE_LOOP('',(#14215,#14216,#14217,#14218));
#14220=FACE_OUTER_BOUND('',#14219,.F.);
#14222=CARTESIAN_POINT('',(1.29E1,1.037428522983E1,4.5E0));
#14223=DIRECTION('',(0.E0,-1.E0,0.E0));
#14224=DIRECTION('',(-1.E0,0.E0,0.E0));
#14225=AXIS2_PLACEMENT_3D('',#14222,#14223,#14224);
#14226=PLANE('',#14225);
#14227=ORIENTED_EDGE('',*,*,#13670,.F.);
#14229=ORIENTED_EDGE('',*,*,#14228,.T.);
#14231=ORIENTED_EDGE('',*,*,#14230,.T.);
#14233=ORIENTED_EDGE('',*,*,#14232,.F.);
#14234=EDGE_LOOP('',(#14227,#14229,#14231,#14233));
#14235=FACE_OUTER_BOUND('',#14234,.F.);
#14237=CARTESIAN_POINT('',(1.28E1,-1.756593741703E1,9.E-1));
#14238=DIRECTION('',(9.993908270191E-1,0.E0,3.489949670250E-2));
#14239=DIRECTION('',(0.E0,-1.E0,0.E0));
#14240=AXIS2_PLACEMENT_3D('',#14237,#14238,#14239);
#14241=PLANE('',#14240);
#14243=ORIENTED_EDGE('',*,*,#14242,.F.);
#14244=ORIENTED_EDGE('',*,*,#14228,.F.);
#14245=ORIENTED_EDGE('',*,*,#13711,.F.);
#14247=ORIENTED_EDGE('',*,*,#14246,.T.);
#14248=ORIENTED_EDGE('',*,*,#13500,.T.);
#14250=ORIENTED_EDGE('',*,*,#14249,.F.);
#14251=ORIENTED_EDGE('',*,*,#13676,.F.);
#14253=ORIENTED_EDGE('',*,*,#14252,.T.);
#14254=EDGE_LOOP('',(#14243,#14244,#14245,#14247,#14248,#14250,#14251,#14253));
#14255=FACE_OUTER_BOUND('',#14254,.F.);
#14257=CARTESIAN_POINT('',(0.E0,0.E0,4.05E0));
#14258=DIRECTION('',(0.E0,0.E0,-1.E0));
#14259=DIRECTION('',(-1.E0,0.E0,0.E0));
#14260=AXIS2_PLACEMENT_3D('',#14257,#14258,#14259);
#14261=PLANE('',#14260);
#14262=ORIENTED_EDGE('',*,*,#14242,.T.);
#14264=ORIENTED_EDGE('',*,*,#14263,.F.);
#14266=ORIENTED_EDGE('',*,*,#14265,.F.);
#14267=ORIENTED_EDGE('',*,*,#14230,.F.);
#14268=EDGE_LOOP('',(#14262,#14264,#14266,#14267));
#14269=FACE_OUTER_BOUND('',#14268,.F.);
#14271=CARTESIAN_POINT('',(0.E0,0.E0,4.05E0));
#14272=DIRECTION('',(0.E0,0.E0,-1.E0));
#14273=DIRECTION('',(-1.E0,0.E0,0.E0));
#14274=AXIS2_PLACEMENT_3D('',#14271,#14272,#14273);
#14275=PLANE('',#14274);
#14277=ORIENTED_EDGE('',*,*,#14276,.F.);
#14279=ORIENTED_EDGE('',*,*,#14278,.F.);
#14281=ORIENTED_EDGE('',*,*,#14280,.F.);
#14283=ORIENTED_EDGE('',*,*,#14282,.F.);
#14284=EDGE_LOOP('',(#14277,#14279,#14281,#14283));
#14285=FACE_OUTER_BOUND('',#14284,.F.);
#14287=CARTESIAN_POINT('',(1.11E1,1.117428522983E1,4.5E0));
#14288=DIRECTION('',(0.E0,1.E0,0.E0));
#14289=DIRECTION('',(1.E0,0.E0,0.E0));
#14290=AXIS2_PLACEMENT_3D('',#14287,#14288,#14289);
#14291=PLANE('',#14290);
#14292=ORIENTED_EDGE('',*,*,#13674,.T.);
#14294=ORIENTED_EDGE('',*,*,#14293,.T.);
#14295=ORIENTED_EDGE('',*,*,#14263,.T.);
#14296=ORIENTED_EDGE('',*,*,#14252,.F.);
#14297=EDGE_LOOP('',(#14292,#14294,#14295,#14296));
#14298=FACE_OUTER_BOUND('',#14297,.F.);
#14300=CARTESIAN_POINT('',(1.11E1,1.037428522983E1,4.5E0));
#14301=DIRECTION('',(-1.E0,0.E0,0.E0));
#14302=DIRECTION('',(0.E0,1.E0,0.E0));
#14303=AXIS2_PLACEMENT_3D('',#14300,#14301,#14302);
#14304=PLANE('',#14303);
#14305=ORIENTED_EDGE('',*,*,#13672,.F.);
#14306=ORIENTED_EDGE('',*,*,#14232,.T.);
#14307=ORIENTED_EDGE('',*,*,#14265,.T.);
#14308=ORIENTED_EDGE('',*,*,#14293,.F.);
#14309=EDGE_LOOP('',(#14305,#14306,#14307,#14308));
#14310=FACE_OUTER_BOUND('',#14309,.F.);
#14312=CARTESIAN_POINT('',(-1.28E1,1.806593741703E1,9.E-1));
#14313=DIRECTION('',(-9.993908270191E-1,0.E0,3.489949670250E-2));
#14314=DIRECTION('',(0.E0,1.E0,0.E0));
#14315=AXIS2_PLACEMENT_3D('',#14312,#14313,#14314);
#14316=PLANE('',#14315);
#14317=ORIENTED_EDGE('',*,*,#14276,.T.);
#14319=ORIENTED_EDGE('',*,*,#14318,.F.);
#14320=ORIENTED_EDGE('',*,*,#13684,.F.);
#14322=ORIENTED_EDGE('',*,*,#14321,.T.);
#14323=ORIENTED_EDGE('',*,*,#13492,.T.);
#14325=ORIENTED_EDGE('',*,*,#14324,.F.);
#14326=ORIENTED_EDGE('',*,*,#13692,.F.);
#14328=ORIENTED_EDGE('',*,*,#14327,.T.);
#14329=EDGE_LOOP('',(#14317,#14319,#14320,#14322,#14323,#14325,#14326,#14328));
#14330=FACE_OUTER_BOUND('',#14329,.F.);
#14332=CARTESIAN_POINT('',(-1.29E1,1.117428522983E1,4.5E0));
#14333=DIRECTION('',(0.E0,1.E0,0.E0));
#14334=DIRECTION('',(1.E0,0.E0,0.E0));
#14335=AXIS2_PLACEMENT_3D('',#14332,#14333,#14334);
#14336=PLANE('',#14335);
#14337=ORIENTED_EDGE('',*,*,#13686,.F.);
#14338=ORIENTED_EDGE('',*,*,#14318,.T.);
#14339=ORIENTED_EDGE('',*,*,#14282,.T.);
#14341=ORIENTED_EDGE('',*,*,#14340,.F.);
#14342=EDGE_LOOP('',(#14337,#14338,#14339,#14341));
#14343=FACE_OUTER_BOUND('',#14342,.F.);
#14345=CARTESIAN_POINT('',(-1.11E1,1.117428522983E1,4.5E0));
#14346=DIRECTION('',(1.E0,0.E0,0.E0));
#14347=DIRECTION('',(0.E0,-1.E0,0.E0));
#14348=AXIS2_PLACEMENT_3D('',#14345,#14346,#14347);
#14349=PLANE('',#14348);
#14350=ORIENTED_EDGE('',*,*,#13688,.F.);
#14351=ORIENTED_EDGE('',*,*,#14340,.T.);
#14352=ORIENTED_EDGE('',*,*,#14280,.T.);
#14354=ORIENTED_EDGE('',*,*,#14353,.F.);
#14355=EDGE_LOOP('',(#14350,#14351,#14352,#14354));
#14356=FACE_OUTER_BOUND('',#14355,.F.);
#14358=CARTESIAN_POINT('',(-1.11E1,1.037428522983E1,4.5E0));
#14359=DIRECTION('',(0.E0,-1.E0,0.E0));
#14360=DIRECTION('',(-1.E0,0.E0,0.E0));
#14361=AXIS2_PLACEMENT_3D('',#14358,#14359,#14360);
#14362=PLANE('',#14361);
#14363=ORIENTED_EDGE('',*,*,#13690,.T.);
#14364=ORIENTED_EDGE('',*,*,#14353,.T.);
#14365=ORIENTED_EDGE('',*,*,#14278,.T.);
#14366=ORIENTED_EDGE('',*,*,#14327,.F.);
#14367=EDGE_LOOP('',(#14363,#14364,#14365,#14366));
#14368=FACE_OUTER_BOUND('',#14367,.F.);
#14370=CARTESIAN_POINT('',(-1.05E1,1.4E1,2.7E0));
#14371=DIRECTION('',(0.E0,0.E0,-1.E0));
#14372=DIRECTION('',(-1.E0,0.E0,0.E0));
#14373=AXIS2_PLACEMENT_3D('',#14370,#14371,#14372);
#14374=CONICAL_SURFACE('',#14373,2.237142614915E0,2.E0);
#14375=ORIENTED_EDGE('',*,*,#13494,.F.);
#14376=ORIENTED_EDGE('',*,*,#14321,.F.);
#14377=ORIENTED_EDGE('',*,*,#13682,.F.);
#14379=ORIENTED_EDGE('',*,*,#14378,.T.);
#14380=EDGE_LOOP('',(#14375,#14376,#14377,#14379));
#14381=FACE_OUTER_BOUND('',#14380,.F.);
#14383=CARTESIAN_POINT('',(1.456593741703E1,1.63E1,9.E-1));
#14384=DIRECTION('',(0.E0,9.993908270191E-1,3.489949670250E-2));
#14385=DIRECTION('',(1.E0,0.E0,0.E0));
#14386=AXIS2_PLACEMENT_3D('',#14383,#14384,#14385);
#14387=PLANE('',#14386);
#14388=ORIENTED_EDGE('',*,*,#13496,.T.);
#14389=ORIENTED_EDGE('',*,*,#14378,.F.);
#14390=ORIENTED_EDGE('',*,*,#13680,.F.);
#14392=ORIENTED_EDGE('',*,*,#14391,.T.);
#14393=EDGE_LOOP('',(#14388,#14389,#14390,#14392));
#14394=FACE_OUTER_BOUND('',#14393,.F.);
#14396=CARTESIAN_POINT('',(1.05E1,1.4E1,2.7E0));
#14397=DIRECTION('',(0.E0,0.E0,-1.E0));
#14398=DIRECTION('',(0.E0,1.E0,0.E0));
#14399=AXIS2_PLACEMENT_3D('',#14396,#14397,#14398);
#14400=CONICAL_SURFACE('',#14399,2.237142614915E0,2.E0);
#14401=ORIENTED_EDGE('',*,*,#13498,.F.);
#14402=ORIENTED_EDGE('',*,*,#14391,.F.);
#14403=ORIENTED_EDGE('',*,*,#13678,.F.);
#14404=ORIENTED_EDGE('',*,*,#14249,.T.);
#14405=EDGE_LOOP('',(#14401,#14402,#14403,#14404));
#14406=FACE_OUTER_BOUND('',#14405,.F.);
#14408=CARTESIAN_POINT('',(-1.05E1,-1.35E1,2.7E0));
#14409=DIRECTION('',(0.E0,0.E0,-1.E0));
#14410=DIRECTION('',(0.E0,-1.E0,0.E0));
#14411=AXIS2_PLACEMENT_3D('',#14408,#14409,#14410);
#14412=CONICAL_SURFACE('',#14411,2.437142614915E0,2.E0);
#14413=ORIENTED_EDGE('',*,*,#14324,.T.);
#14414=ORIENTED_EDGE('',*,*,#13490,.F.);
#14415=ORIENTED_EDGE('',*,*,#13635,.F.);
#14416=ORIENTED_EDGE('',*,*,#13694,.T.);
#14417=EDGE_LOOP('',(#14413,#14414,#14415,#14416));
#14418=FACE_OUTER_BOUND('',#14417,.F.);
#14420=CARTESIAN_POINT('',(1.05E1,-1.35E1,2.7E0));
#14421=DIRECTION('',(0.E0,0.E0,-1.E0));
#14422=DIRECTION('',(0.E0,-1.E0,0.E0));
#14423=AXIS2_PLACEMENT_3D('',#14420,#14421,#14422);
#14424=CONICAL_SURFACE('',#14423,2.437142614915E0,2.E0);
#14425=ORIENTED_EDGE('',*,*,#13619,.T.);
#14426=ORIENTED_EDGE('',*,*,#13502,.F.);
#14427=ORIENTED_EDGE('',*,*,#14246,.F.);
#14428=ORIENTED_EDGE('',*,*,#13709,.T.);
#14429=EDGE_LOOP('',(#14425,#14426,#14427,#14428));
#14430=FACE_OUTER_BOUND('',#14429,.F.);
#14432=CARTESIAN_POINT('',(-6.375E0,-1.58E1,9.E-1));
#14433=DIRECTION('',(-1.E0,0.E0,0.E0));
#14434=DIRECTION('',(0.E0,1.E0,0.E0));
#14435=AXIS2_PLACEMENT_3D('',#14432,#14433,#14434);
#14436=PLANE('',#14435);
#14438=ORIENTED_EDGE('',*,*,#14437,.F.);
#14439=ORIENTED_EDGE('',*,*,#13569,.T.);
#14441=ORIENTED_EDGE('',*,*,#14440,.F.);
#14442=ORIENTED_EDGE('',*,*,#13697,.F.);
#14443=ORIENTED_EDGE('',*,*,#13631,.F.);
#14444=ORIENTED_EDGE('',*,*,#13486,.T.);
#14445=EDGE_LOOP('',(#14438,#14439,#14441,#14442,#14443,#14444));
#14446=FACE_OUTER_BOUND('',#14445,.F.);
#14448=CARTESIAN_POINT('',(-6.025E0,-1.56E1,4.5E-1));
#14449=DIRECTION('',(0.E0,-9.761870601840E-1,-2.169304578187E-1));
#14450=DIRECTION('',(0.E0,-2.169304578187E-1,9.761870601840E-1));
#14451=AXIS2_PLACEMENT_3D('',#14448,#14449,#14450);
#14452=PLANE('',#14451);
#14453=ORIENTED_EDGE('',*,*,#14437,.T.);
#14454=ORIENTED_EDGE('',*,*,#13484,.F.);
#14456=ORIENTED_EDGE('',*,*,#14455,.T.);
#14457=ORIENTED_EDGE('',*,*,#13563,.T.);
#14458=EDGE_LOOP('',(#14453,#14454,#14456,#14457));
#14459=FACE_OUTER_BOUND('',#14458,.F.);
#14461=CARTESIAN_POINT('',(-5.675E0,-1.38E1,9.E-1));
#14462=DIRECTION('',(1.E0,0.E0,0.E0));
#14463=DIRECTION('',(0.E0,-1.E0,0.E0));
#14464=AXIS2_PLACEMENT_3D('',#14461,#14462,#14463);
#14465=PLANE('',#14464);
#14466=ORIENTED_EDGE('',*,*,#14455,.F.);
#14467=ORIENTED_EDGE('',*,*,#13482,.T.);
#14468=ORIENTED_EDGE('',*,*,#13599,.T.);
#14469=ORIENTED_EDGE('',*,*,#13701,.T.);
#14471=ORIENTED_EDGE('',*,*,#14470,.F.);
#14472=ORIENTED_EDGE('',*,*,#13565,.T.);
#14473=EDGE_LOOP('',(#14466,#14467,#14468,#14469,#14471,#14472));
#14474=FACE_OUTER_BOUND('',#14473,.F.);
#14476=CARTESIAN_POINT('',(-6.375E0,-1.38E1,9.E-1));
#14477=DIRECTION('',(0.E0,1.E0,0.E0));
#14478=DIRECTION('',(1.E0,0.E0,0.E0));
#14479=AXIS2_PLACEMENT_3D('',#14476,#14477,#14478);
#14480=PLANE('',#14479);
#14481=ORIENTED_EDGE('',*,*,#14440,.T.);
#14482=ORIENTED_EDGE('',*,*,#13567,.T.);
#14483=ORIENTED_EDGE('',*,*,#14470,.T.);
#14484=ORIENTED_EDGE('',*,*,#13699,.F.);
#14485=EDGE_LOOP('',(#14481,#14482,#14483,#14484));
#14486=FACE_OUTER_BOUND('',#14485,.F.);
#14488=CARTESIAN_POINT('',(5.675E0,-1.38E1,9.E-1));
#14489=DIRECTION('',(0.E0,1.E0,0.E0));
#14490=DIRECTION('',(1.E0,0.E0,0.E0));
#14491=AXIS2_PLACEMENT_3D('',#14488,#14489,#14490);
#14492=PLANE('',#14491);
#14493=ORIENTED_EDGE('',*,*,#13534,.T.);
#14494=ORIENTED_EDGE('',*,*,#13552,.T.);
#14495=ORIENTED_EDGE('',*,*,#13585,.T.);
#14496=ORIENTED_EDGE('',*,*,#13705,.F.);
#14497=EDGE_LOOP('',(#14493,#14494,#14495,#14496));
#14498=FACE_OUTER_BOUND('',#14497,.F.);
#14500=CARTESIAN_POINT('',(-5.075E0,-1.7E1,3.75E0));
#14501=DIRECTION('',(-1.E0,0.E0,0.E0));
#14502=DIRECTION('',(0.E0,0.E0,-1.E0));
#14503=AXIS2_PLACEMENT_3D('',#14500,#14501,#14502);
#14504=PLANE('',#14503);
#14505=ORIENTED_EDGE('',*,*,#13478,.T.);
#14506=ORIENTED_EDGE('',*,*,#13393,.F.);
#14507=ORIENTED_EDGE('',*,*,#13318,.F.);
#14509=ORIENTED_EDGE('',*,*,#14508,.F.);
#14511=ORIENTED_EDGE('',*,*,#14510,.T.);
#14512=ORIENTED_EDGE('',*,*,#13602,.F.);
#14513=EDGE_LOOP('',(#14505,#14506,#14507,#14509,#14511,#14512));
#14514=FACE_OUTER_BOUND('',#14513,.F.);
#14516=CARTESIAN_POINT('',(-1.556593741703E1,-1.7E1,0.E0));
#14517=DIRECTION('',(0.E0,-9.996573249756E-1,2.617694830787E-2));
#14518=DIRECTION('',(-1.E0,0.E0,0.E0));
#14519=AXIS2_PLACEMENT_3D('',#14516,#14517,#14518);
#14520=PLANE('',#14519);
#14521=ORIENTED_EDGE('',*,*,#14508,.T.);
#14522=ORIENTED_EDGE('',*,*,#13316,.F.);
#14524=ORIENTED_EDGE('',*,*,#14523,.F.);
#14526=ORIENTED_EDGE('',*,*,#14525,.T.);
#14528=ORIENTED_EDGE('',*,*,#14527,.T.);
#14529=ORIENTED_EDGE('',*,*,#13300,.F.);
#14531=ORIENTED_EDGE('',*,*,#14530,.T.);
#14533=ORIENTED_EDGE('',*,*,#14532,.T.);
#14534=EDGE_LOOP('',(#14521,#14522,#14524,#14526,#14528,#14529,#14531,#14533));
#14535=FACE_OUTER_BOUND('',#14534,.F.);
#14537=CARTESIAN_POINT('',(-1.05E1,-1.35E1,2.618569659733E0));
#14538=DIRECTION('',(0.E0,0.E0,-1.E0));
#14539=DIRECTION('',(0.E0,-1.E0,0.E0));
#14540=AXIS2_PLACEMENT_3D('',#14537,#14538,#14539);
#14541=CONICAL_SURFACE('',#14540,3.431430340267E0,1.5E0);
#14543=ORIENTED_EDGE('',*,*,#14542,.T.);
#14544=ORIENTED_EDGE('',*,*,#14523,.T.);
#14545=ORIENTED_EDGE('',*,*,#13314,.T.);
#14547=ORIENTED_EDGE('',*,*,#14546,.F.);
#14548=EDGE_LOOP('',(#14543,#14544,#14545,#14547));
#14549=FACE_OUTER_BOUND('',#14548,.F.);
#14551=CARTESIAN_POINT('',(-1.05E1,-1.35E1,5.368569660104E0));
#14552=DIRECTION('',(0.E0,0.E0,-1.E0));
#14553=DIRECTION('',(0.E0,-1.E0,0.E0));
#14554=AXIS2_PLACEMENT_3D('',#14551,#14552,#14553);
#14555=CONICAL_SURFACE('',#14554,3.231430339896E0,4.5E1);
#14557=ORIENTED_EDGE('',*,*,#14556,.T.);
#14559=ORIENTED_EDGE('',*,*,#14558,.T.);
#14560=ORIENTED_EDGE('',*,*,#14542,.F.);
#14562=ORIENTED_EDGE('',*,*,#14561,.F.);
#14563=EDGE_LOOP('',(#14557,#14559,#14560,#14562));
#14564=FACE_OUTER_BOUND('',#14563,.F.);
#14566=CARTESIAN_POINT('',(0.E0,0.E0,5.5E0));
#14567=DIRECTION('',(0.E0,0.E0,1.E0));
#14568=DIRECTION('',(1.E0,0.E0,0.E0));
#14569=AXIS2_PLACEMENT_3D('',#14566,#14567,#14568);
#14570=PLANE('',#14569);
#14571=ORIENTED_EDGE('',*,*,#14556,.F.);
#14573=ORIENTED_EDGE('',*,*,#14572,.F.);
#14575=ORIENTED_EDGE('',*,*,#14574,.F.);
#14577=ORIENTED_EDGE('',*,*,#14576,.F.);
#14579=ORIENTED_EDGE('',*,*,#14578,.F.);
#14581=ORIENTED_EDGE('',*,*,#14580,.F.);
#14583=ORIENTED_EDGE('',*,*,#14582,.F.);
#14585=ORIENTED_EDGE('',*,*,#14584,.F.);
#14586=EDGE_LOOP('',(#14571,#14573,#14575,#14577,#14579,#14581,#14583,#14585));
#14587=FACE_OUTER_BOUND('',#14586,.F.);
#14589=ORIENTED_EDGE('',*,*,#14588,.T.);
#14591=ORIENTED_EDGE('',*,*,#14590,.T.);
#14592=EDGE_LOOP('',(#14589,#14591));
#14593=FACE_BOUND('',#14592,.F.);
#14595=ORIENTED_EDGE('',*,*,#14594,.T.);
#14597=ORIENTED_EDGE('',*,*,#14596,.T.);
#14598=EDGE_LOOP('',(#14595,#14597));
#14599=FACE_BOUND('',#14598,.F.);
#14601=CARTESIAN_POINT('',(-1.38E1,2.5E-1,5.3E0));
#14602=DIRECTION('',(-7.071067811865E-1,0.E0,7.071067811865E-1));
#14603=DIRECTION('',(-7.071067811865E-1,0.E0,-7.071067811865E-1));
#14604=AXIS2_PLACEMENT_3D('',#14601,#14602,#14603);
#14605=PLANE('',#14604);
#14606=ORIENTED_EDGE('',*,*,#14572,.T.);
#14607=ORIENTED_EDGE('',*,*,#14561,.T.);
#14609=ORIENTED_EDGE('',*,*,#14608,.F.);
#14611=ORIENTED_EDGE('',*,*,#14610,.F.);
#14612=EDGE_LOOP('',(#14606,#14607,#14609,#14611));
#14613=FACE_OUTER_BOUND('',#14612,.F.);
#14615=CARTESIAN_POINT('',(-1.4E1,1.906593741703E1,0.E0));
#14616=DIRECTION('',(-9.996573249756E-1,0.E0,2.617694830787E-2));
#14617=DIRECTION('',(0.E0,1.E0,0.E0));
#14618=AXIS2_PLACEMENT_3D('',#14615,#14616,#14617);
#14619=PLANE('',#14618);
#14620=ORIENTED_EDGE('',*,*,#14608,.T.);
#14621=ORIENTED_EDGE('',*,*,#14546,.T.);
#14622=ORIENTED_EDGE('',*,*,#13312,.F.);
#14624=ORIENTED_EDGE('',*,*,#14623,.F.);
#14625=EDGE_LOOP('',(#14620,#14621,#14622,#14624));
#14626=FACE_OUTER_BOUND('',#14625,.F.);
#14628=CARTESIAN_POINT('',(-1.05E1,1.4E1,2.618569659733E0));
#14629=DIRECTION('',(0.E0,0.E0,-1.E0));
#14630=DIRECTION('',(-1.E0,0.E0,0.E0));
#14631=AXIS2_PLACEMENT_3D('',#14628,#14629,#14630);
#14632=CONICAL_SURFACE('',#14631,3.431430340267E0,1.5E0);
#14634=ORIENTED_EDGE('',*,*,#14633,.T.);
#14635=ORIENTED_EDGE('',*,*,#14623,.T.);
#14636=ORIENTED_EDGE('',*,*,#13310,.T.);
#14638=ORIENTED_EDGE('',*,*,#14637,.F.);
#14639=EDGE_LOOP('',(#14634,#14635,#14636,#14638));
#14640=FACE_OUTER_BOUND('',#14639,.F.);
#14642=CARTESIAN_POINT('',(-1.05E1,1.4E1,5.368569660104E0));
#14643=DIRECTION('',(0.E0,0.E0,-1.E0));
#14644=DIRECTION('',(0.E0,-1.E0,0.E0));
#14645=AXIS2_PLACEMENT_3D('',#14642,#14643,#14644);
#14646=CONICAL_SURFACE('',#14645,3.231430339896E0,4.5E1);
#14647=ORIENTED_EDGE('',*,*,#14574,.T.);
#14648=ORIENTED_EDGE('',*,*,#14610,.T.);
#14649=ORIENTED_EDGE('',*,*,#14633,.F.);
#14651=ORIENTED_EDGE('',*,*,#14650,.F.);
#14652=EDGE_LOOP('',(#14647,#14648,#14649,#14651));
#14653=FACE_OUTER_BOUND('',#14652,.F.);
#14655=CARTESIAN_POINT('',(0.E0,1.73E1,5.3E0));
#14656=DIRECTION('',(0.E0,7.071067811865E-1,7.071067811865E-1));
#14657=DIRECTION('',(0.E0,7.071067811865E-1,-7.071067811865E-1));
#14658=AXIS2_PLACEMENT_3D('',#14655,#14656,#14657);
#14659=PLANE('',#14658);
#14660=ORIENTED_EDGE('',*,*,#14576,.T.);
#14661=ORIENTED_EDGE('',*,*,#14650,.T.);
#14663=ORIENTED_EDGE('',*,*,#14662,.F.);
#14665=ORIENTED_EDGE('',*,*,#14664,.F.);
#14666=EDGE_LOOP('',(#14660,#14661,#14663,#14665));
#14667=FACE_OUTER_BOUND('',#14666,.F.);
#14669=CARTESIAN_POINT('',(1.556593741703E1,1.75E1,0.E0));
#14670=DIRECTION('',(0.E0,9.996573249756E-1,2.617694830787E-2));
#14671=DIRECTION('',(1.E0,0.E0,0.E0));
#14672=AXIS2_PLACEMENT_3D('',#14669,#14670,#14671);
#14673=PLANE('',#14672);
#14674=ORIENTED_EDGE('',*,*,#14662,.T.);
#14675=ORIENTED_EDGE('',*,*,#14637,.T.);
#14676=ORIENTED_EDGE('',*,*,#13308,.F.);
#14678=ORIENTED_EDGE('',*,*,#14677,.F.);
#14679=EDGE_LOOP('',(#14674,#14675,#14676,#14678));
#14680=FACE_OUTER_BOUND('',#14679,.F.);
#14682=CARTESIAN_POINT('',(1.05E1,1.4E1,2.618569659733E0));
#14683=DIRECTION('',(0.E0,0.E0,-1.E0));
#14684=DIRECTION('',(0.E0,1.E0,0.E0));
#14685=AXIS2_PLACEMENT_3D('',#14682,#14683,#14684);
#14686=CONICAL_SURFACE('',#14685,3.431430340267E0,1.5E0);
#14688=ORIENTED_EDGE('',*,*,#14687,.T.);
#14689=ORIENTED_EDGE('',*,*,#14677,.T.);
#14690=ORIENTED_EDGE('',*,*,#13306,.T.);
#14692=ORIENTED_EDGE('',*,*,#14691,.F.);
#14693=EDGE_LOOP('',(#14688,#14689,#14690,#14692));
#14694=FACE_OUTER_BOUND('',#14693,.F.);
#14696=CARTESIAN_POINT('',(1.05E1,1.4E1,5.368569660104E0));
#14697=DIRECTION('',(0.E0,0.E0,-1.E0));
#14698=DIRECTION('',(0.E0,-1.E0,0.E0));
#14699=AXIS2_PLACEMENT_3D('',#14696,#14697,#14698);
#14700=CONICAL_SURFACE('',#14699,3.231430339896E0,4.5E1);
#14701=ORIENTED_EDGE('',*,*,#14578,.T.);
#14702=ORIENTED_EDGE('',*,*,#14664,.T.);
#14703=ORIENTED_EDGE('',*,*,#14687,.F.);
#14705=ORIENTED_EDGE('',*,*,#14704,.F.);
#14706=EDGE_LOOP('',(#14701,#14702,#14703,#14705));
#14707=FACE_OUTER_BOUND('',#14706,.F.);
#14709=CARTESIAN_POINT('',(1.38E1,2.5E-1,5.3E0));
#14710=DIRECTION('',(7.071067811865E-1,0.E0,7.071067811865E-1));
#14711=DIRECTION('',(7.071067811865E-1,0.E0,-7.071067811865E-1));
#14712=AXIS2_PLACEMENT_3D('',#14709,#14710,#14711);
#14713=PLANE('',#14712);
#14714=ORIENTED_EDGE('',*,*,#14580,.T.);
#14715=ORIENTED_EDGE('',*,*,#14704,.T.);
#14717=ORIENTED_EDGE('',*,*,#14716,.F.);
#14719=ORIENTED_EDGE('',*,*,#14718,.F.);
#14720=EDGE_LOOP('',(#14714,#14715,#14717,#14719));
#14721=FACE_OUTER_BOUND('',#14720,.F.);
#14723=CARTESIAN_POINT('',(1.4E1,-1.856593741703E1,0.E0));
#14724=DIRECTION('',(9.996573249756E-1,0.E0,2.617694830787E-2));
#14725=DIRECTION('',(0.E0,-1.E0,0.E0));
#14726=AXIS2_PLACEMENT_3D('',#14723,#14724,#14725);
#14727=PLANE('',#14726);
#14728=ORIENTED_EDGE('',*,*,#14716,.T.);
#14729=ORIENTED_EDGE('',*,*,#14691,.T.);
#14730=ORIENTED_EDGE('',*,*,#13304,.F.);
#14732=ORIENTED_EDGE('',*,*,#14731,.F.);
#14733=EDGE_LOOP('',(#14728,#14729,#14730,#14732));
#14734=FACE_OUTER_BOUND('',#14733,.F.);
#14736=CARTESIAN_POINT('',(1.05E1,-1.35E1,2.618569659733E0));
#14737=DIRECTION('',(0.E0,0.E0,-1.E0));
#14738=DIRECTION('',(1.E0,0.E0,0.E0));
#14739=AXIS2_PLACEMENT_3D('',#14736,#14737,#14738);
#14740=CONICAL_SURFACE('',#14739,3.431430340267E0,1.5E0);
#14742=ORIENTED_EDGE('',*,*,#14741,.T.);
#14743=ORIENTED_EDGE('',*,*,#14731,.T.);
#14744=ORIENTED_EDGE('',*,*,#13302,.T.);
#14745=ORIENTED_EDGE('',*,*,#14527,.F.);
#14746=EDGE_LOOP('',(#14742,#14743,#14744,#14745));
#14747=FACE_OUTER_BOUND('',#14746,.F.);
#14749=CARTESIAN_POINT('',(1.05E1,-1.35E1,5.368569660104E0));
#14750=DIRECTION('',(0.E0,0.E0,-1.E0));
#14751=DIRECTION('',(0.E0,-1.E0,0.E0));
#14752=AXIS2_PLACEMENT_3D('',#14749,#14750,#14751);
#14753=CONICAL_SURFACE('',#14752,3.231430339896E0,4.5E1);
#14754=ORIENTED_EDGE('',*,*,#14582,.T.);
#14755=ORIENTED_EDGE('',*,*,#14718,.T.);
#14756=ORIENTED_EDGE('',*,*,#14741,.F.);
#14758=ORIENTED_EDGE('',*,*,#14757,.F.);
#14759=EDGE_LOOP('',(#14754,#14755,#14756,#14758));
#14760=FACE_OUTER_BOUND('',#14759,.F.);
#14762=CARTESIAN_POINT('',(0.E0,-1.68E1,5.3E0));
#14763=DIRECTION('',(0.E0,-7.071067811865E-1,7.071067811865E-1));
#14764=DIRECTION('',(0.E0,-7.071067811865E-1,-7.071067811865E-1));
#14765=AXIS2_PLACEMENT_3D('',#14762,#14763,#14764);
#14766=PLANE('',#14765);
#14767=ORIENTED_EDGE('',*,*,#14584,.T.);
#14768=ORIENTED_EDGE('',*,*,#14757,.T.);
#14769=ORIENTED_EDGE('',*,*,#14525,.F.);
#14770=ORIENTED_EDGE('',*,*,#14558,.F.);
#14771=EDGE_LOOP('',(#14767,#14768,#14769,#14770));
#14772=FACE_OUTER_BOUND('',#14771,.F.);
#14774=CARTESIAN_POINT('',(-1.03E1,-1.07E1,5.5E0));
#14775=DIRECTION('',(0.E0,0.E0,1.E0));
#14776=DIRECTION('',(1.E0,0.E0,0.E0));
#14777=AXIS2_PLACEMENT_3D('',#14774,#14775,#14776);
#14778=CYLINDRICAL_SURFACE('',#14777,6.E-1);
#14780=ORIENTED_EDGE('',*,*,#14779,.T.);
#14782=ORIENTED_EDGE('',*,*,#14781,.F.);
#14783=ORIENTED_EDGE('',*,*,#14588,.F.);
#14785=ORIENTED_EDGE('',*,*,#14784,.T.);
#14786=EDGE_LOOP('',(#14780,#14782,#14783,#14785));
#14787=FACE_OUTER_BOUND('',#14786,.F.);
#14789=CARTESIAN_POINT('',(0.E0,0.E0,5.45E0));
#14790=DIRECTION('',(0.E0,0.E0,-1.E0));
#14791=DIRECTION('',(0.E0,-1.E0,0.E0));
#14792=AXIS2_PLACEMENT_3D('',#14789,#14790,#14791);
#14793=PLANE('',#14792);
#14794=ORIENTED_EDGE('',*,*,#14779,.F.);
#14796=ORIENTED_EDGE('',*,*,#14795,.F.);
#14797=EDGE_LOOP('',(#14794,#14796));
#14798=FACE_OUTER_BOUND('',#14797,.F.);
#14800=CARTESIAN_POINT('',(0.E0,0.E0,5.45E0));
#14801=DIRECTION('',(0.E0,0.E0,-1.E0));
#14802=DIRECTION('',(0.E0,-1.E0,0.E0));
#14803=AXIS2_PLACEMENT_3D('',#14800,#14801,#14802);
#14804=PLANE('',#14803);
#14806=ORIENTED_EDGE('',*,*,#14805,.F.);
#14808=ORIENTED_EDGE('',*,*,#14807,.F.);
#14809=EDGE_LOOP('',(#14806,#14808));
#14810=FACE_OUTER_BOUND('',#14809,.F.);
#14812=CARTESIAN_POINT('',(-1.03E1,-1.07E1,5.5E0));
#14813=DIRECTION('',(0.E0,0.E0,1.E0));
#14814=DIRECTION('',(1.E0,0.E0,0.E0));
#14815=AXIS2_PLACEMENT_3D('',#14812,#14813,#14814);
#14816=CYLINDRICAL_SURFACE('',#14815,6.E-1);
#14817=ORIENTED_EDGE('',*,*,#14795,.T.);
#14818=ORIENTED_EDGE('',*,*,#14784,.F.);
#14819=ORIENTED_EDGE('',*,*,#14590,.F.);
#14820=ORIENTED_EDGE('',*,*,#14781,.T.);
#14821=EDGE_LOOP('',(#14817,#14818,#14819,#14820));
#14822=FACE_OUTER_BOUND('',#14821,.F.);
#14824=CARTESIAN_POINT('',(1.03E1,-1.07E1,5.5E0));
#14825=DIRECTION('',(0.E0,0.E0,1.E0));
#14826=DIRECTION('',(1.E0,0.E0,0.E0));
#14827=AXIS2_PLACEMENT_3D('',#14824,#14825,#14826);
#14828=CYLINDRICAL_SURFACE('',#14827,6.E-1);
#14829=ORIENTED_EDGE('',*,*,#14805,.T.);
#14831=ORIENTED_EDGE('',*,*,#14830,.F.);
#14832=ORIENTED_EDGE('',*,*,#14594,.F.);
#14834=ORIENTED_EDGE('',*,*,#14833,.T.);
#14835=EDGE_LOOP('',(#14829,#14831,#14832,#14834));
#14836=FACE_OUTER_BOUND('',#14835,.F.);
#14838=CARTESIAN_POINT('',(1.03E1,-1.07E1,5.5E0));
#14839=DIRECTION('',(0.E0,0.E0,1.E0));
#14840=DIRECTION('',(1.E0,0.E0,0.E0));
#14841=AXIS2_PLACEMENT_3D('',#14838,#14839,#14840);
#14842=CYLINDRICAL_SURFACE('',#14841,6.E-1);
#14843=ORIENTED_EDGE('',*,*,#14807,.T.);
#14844=ORIENTED_EDGE('',*,*,#14833,.F.);
#14845=ORIENTED_EDGE('',*,*,#14596,.F.);
#14846=ORIENTED_EDGE('',*,*,#14830,.T.);
#14847=EDGE_LOOP('',(#14843,#14844,#14845,#14846));
#14848=FACE_OUTER_BOUND('',#14847,.F.);
#14850=CARTESIAN_POINT('',(5.075E0,-1.7E1,-2.5E-1));
#14851=DIRECTION('',(1.E0,0.E0,0.E0));
#14852=DIRECTION('',(0.E0,0.E0,1.E0));
#14853=AXIS2_PLACEMENT_3D('',#14850,#14851,#14852);
#14854=PLANE('',#14853);
#14855=ORIENTED_EDGE('',*,*,#13467,.F.);
#14856=ORIENTED_EDGE('',*,*,#13606,.T.);
#14858=ORIENTED_EDGE('',*,*,#14857,.F.);
#14859=ORIENTED_EDGE('',*,*,#14530,.F.);
#14860=ORIENTED_EDGE('',*,*,#13298,.T.);
#14861=ORIENTED_EDGE('',*,*,#13382,.T.);
#14862=EDGE_LOOP('',(#14855,#14856,#14858,#14859,#14860,#14861));
#14863=FACE_OUTER_BOUND('',#14862,.F.);
#14865=CARTESIAN_POINT('',(5.075E0,-1.7E1,3.75E0));
#14866=DIRECTION('',(0.E0,0.E0,1.E0));
#14867=DIRECTION('',(-1.E0,0.E0,0.E0));
#14868=AXIS2_PLACEMENT_3D('',#14865,#14866,#14867);
#14869=PLANE('',#14868);
#14870=ORIENTED_EDGE('',*,*,#14532,.F.);
#14871=ORIENTED_EDGE('',*,*,#14857,.T.);
#14872=ORIENTED_EDGE('',*,*,#13604,.T.);
#14873=ORIENTED_EDGE('',*,*,#14510,.F.);
#14874=EDGE_LOOP('',(#14870,#14871,#14872,#14873));
#14875=FACE_OUTER_BOUND('',#14874,.F.);
#14877=CLOSED_SHELL('',(#13328,#13343,#13357,#13371,#13386,#13400,#13414,#13428,
#13442,#13455,#13510,#13525,#13543,#13557,#13573,#13590,#13611,#13625,#13640,
#13652,#13664,#13755,#13770,#13783,#13805,#13825,#13839,#13851,#13867,#13884,
#13897,#13909,#13924,#13938,#13951,#13973,#13999,#14014,#14025,#14037,#14049,
#14063,#14075,#14088,#14100,#14114,#14129,#14142,#14155,#14170,#14183,#14197,
#14209,#14221,#14236,#14256,#14270,#14286,#14299,#14311,#14331,#14344,#14357,
#14369,#14382,#14395,#14407,#14419,#14431,#14447,#14460,#14475,#14487,#14499,
#14515,#14536,#14550,#14565,#14600,#14614,#14627,#14641,#14654,#14668,#14681,
#14695,#14708,#14722,#14735,#14748,#14761,#14773,#14788,#14799,#14811,#14823,
#14837,#14849,#14864,#14876));
#14878=MANIFOLD_SOLID_BREP('',#14877);
#14881=PLANE_ANGLE_MEASURE_WITH_UNIT(PLANE_ANGLE_MEASURE(1.745329251994E-2),
#14880);
#14882=(CONVERSION_BASED_UNIT('DEGREE',#14881)NAMED_UNIT(*)PLANE_ANGLE_UNIT());
#14884=UNCERTAINTY_MEASURE_WITH_UNIT(LENGTH_MEASURE(4.715956496151E-3),#14879,
'distance_accuracy_value',
'Maximum model space distance between geometric entities at asserted connectivities');
#14886=CARTESIAN_POINT('',(0.E0,0.E0,0.E0));
#14887=DIRECTION('',(0.E0,0.E0,1.E0));
#14888=DIRECTION('',(1.E0,0.E0,0.E0));
#14891=PRODUCT_DEFINITION_CONTEXT('part definition',#3411,'design');
#14892=PRODUCT_CONTEXT('',#3411,'mechanical');
#14893=PRODUCT('MIANKE-M10GPS-MUJ','MIANKE-M10GPS-MUJ','NOT SPECIFIED',
(#14892));
#14894=PRODUCT_DEFINITION_FORMATION('77','LAST_VERSION',#14893);
#14902=DERIVED_UNIT_ELEMENT(#14901,2.E0);
#14903=DERIVED_UNIT((#14902));
#14904=MEASURE_REPRESENTATION_ITEM('surface area measure',AREA_MEASURE(
3.236113567861E3),#14903);
#14909=DERIVED_UNIT_ELEMENT(#14908,3.E0);
#14910=DERIVED_UNIT((#14909));
#14911=MEASURE_REPRESENTATION_ITEM('volume measure',VOLUME_MEASURE(
1.550693440684E3),#14910);
#14915=CARTESIAN_POINT('centre point',(-1.129768421323E-7,-2.158730430805E-1,
4.014745611485E0));
#14920=DERIVED_UNIT_ELEMENT(#14919,2.E0);
#14921=DERIVED_UNIT((#14920));
#14922=MEASURE_REPRESENTATION_ITEM('surface area measure',AREA_MEASURE(
3.236113567861E3),#14921);
#14927=DERIVED_UNIT_ELEMENT(#14926,3.E0);
#14928=DERIVED_UNIT((#14927));
#14929=MEASURE_REPRESENTATION_ITEM('volume measure',VOLUME_MEASURE(
1.550693440684E3),#14928);
#14933=CARTESIAN_POINT('centre point',(-1.129768421323E-7,-2.158730430805E-1,
4.014745611485E0));
#14938=DRAUGHTING_MODEL('Default',(#14950,#14951,#14967),#3460);
#14939=PRESENTATION_VIEW('Default',(#14958,#14971),#3460);
#14940=CARTESIAN_POINT('',(0.E0,0.E0,0.E0));
#14941=CARTESIAN_POINT('',(-2.468718679232E1,-2.214463773595E1,
9.265791923932E1));
#14942=DIRECTION('',(0.E0,0.E0,1.E0));
#14943=DIRECTION('',(1.E0,0.E0,0.E0));
#14944=AXIS2_PLACEMENT_3D('',#14941,#14942,#14943);
#14946=VIEW_VOLUME(.PARALLEL.,#14940,9.265791923932E1,9.265791923932E1,.T.,0.E0,
.F.,.T.,#14945);
#14947=CARTESIAN_POINT('',(1.334428850587E1,6.061723266265E1,7.637285668698E1));
#14948=DIRECTION('',(3.894183423087E-1,7.214918620107E-1,5.725406952575E-1));
#14949=DIRECTION('',(9.210609940029E-1,-3.050418666329E-1,-2.420663234065E-1));
#14950=AXIS2_PLACEMENT_3D('',#14947,#14948,#14949);
#14951=CAMERA_MODEL_D3_WITH_HLHSR('DEFAULT',#14950,#14946,.F.);
#14953=CARTESIAN_POINT('',(-5.149718956161E2,-4.619346128235E2,
1.932833607811E3));
#14954=DIRECTION('',(0.E0,0.E0,1.E0));
#14955=DIRECTION('',(1.E0,0.E0,0.E0));
#14956=AXIS2_PLACEMENT_3D('',#14953,#14954,#14955);
#14958=(CAMERA_IMAGE()CAMERA_IMAGE_3D_WITH_SCALE()GEOMETRIC_REPRESENTATION_ITEM(
)MAPPED_ITEM(#14952,#14957)REPRESENTATION_ITEM(''));
#14959=CARTESIAN_POINT('',(-2.468718679232E1,-2.214463773595E1,
9.265791923932E1));
#14960=DIRECTION('',(0.E0,0.E0,1.E0));
#14961=DIRECTION('',(1.E0,0.E0,0.E0));
#14962=AXIS2_PLACEMENT_3D('',#14959,#14960,#14961);
#14963=REPRESENTATION_MAP(#14962,#14890);
#14964=CARTESIAN_POINT('',(0.E0,0.E0));
#14965=DIRECTION('',(1.E0,0.E0));
#14966=AXIS2_PLACEMENT_2D('',#14964,#14965);
#14967=MAPPED_ITEM('',#14963,#14966);
#14968=CARTESIAN_POINT('',(-2.468718679232E1,-2.214463773595E1,
9.265791923932E1));
#14969=DIRECTION('',(0.E0,0.E0,1.E0));
#14970=DIRECTION('',(1.E0,0.E0,0.E0));
#14971=AXIS2_PLACEMENT_3D('',#14968,#14969,#14970);
#14972=REPRESENTATION_MAP(#14971,#14939);
#14973=CARTESIAN_POINT('',(0.E0,0.E0));
#14974=DIRECTION('',(1.E0,0.E0));
#14975=AXIS2_PLACEMENT_2D('',#14973,#14974);
#14976=MAPPED_ITEM('',#14972,#14975);
#14978=CARTESIAN_POINT('',(0.E0,0.E0));
#14979=DIRECTION('',(1.E0,0.E0));
#14980=AXIS2_PLACEMENT_2D('',#14978,#14979);
#14981=PLANAR_BOX('',1.E3,8.4375E2,#14980);
#14982=PRESENTATION_SIZE(#14977,#14981);
#14983=PRESENTATION_SET();
#14984=AREA_IN_SET(#14977,#14983);
#14985=APPLIED_PRESENTED_ITEM((#14895));
#14986=PRESENTED_ITEM_REPRESENTATION(#14983,#14985);
#14989=CARTESIAN_POINT('centre point',(-1.129768421323E-7,5.414745611485E0,
2.158730430805E-1));
#14993=CARTESIAN_POINT('',(0.E0,1.4E0,0.E0));
#14994=DIRECTION('',(0.E0,1.E0,0.E0));
#14995=DIRECTION('',(1.E0,0.E0,0.E0));
#14996=AXIS2_PLACEMENT_3D('',#14993,#14994,#14995);
#14997=ITEM_DEFINED_TRANSFORMATION('','',#14889,#14996);
#14998=(REPRESENTATION_RELATIONSHIP('','',#14890,#3542)REPRESENTATION_RELATIONSHIP_WITH_TRANSFORMATION(#14997)SHAPE_REPRESENTATION_RELATIONSHIP());
#14999=CONTEXT_DEPENDENT_SHAPE_REPRESENTATION(#14998,#14988);
#15001=CARTESIAN_POINT('',(-1.05E1,1.4E1,-2.842170943040E-14));
#15002=DIRECTION('',(0.E0,0.E0,1.E0));
#15003=DIRECTION('',(0.E0,1.E0,0.E0));
#15004=AXIS2_PLACEMENT_3D('',#15001,#15002,#15003);
#15006=CURVE_STYLE('',#24,POSITIVE_LENGTH_MEASURE(2.E-2),#6);
#15007=PRESENTATION_STYLE_ASSIGNMENT((#15006));
#15008=STYLED_ITEM('',(#15007),#15005);
#15009=DIRECTION('',(1.E0,0.E0,0.E0));
#15010=VECTOR('',#15009,2.1E1);
#15011=CARTESIAN_POINT('',(-1.05E1,1.75E1,0.E0));
#15012=LINE('',#15011,#15010);
#15013=CURVE_STYLE('',#24,POSITIVE_LENGTH_MEASURE(2.E-2),#6);
#15014=PRESENTATION_STYLE_ASSIGNMENT((#15013));
#15015=STYLED_ITEM('',(#15014),#15012);
#15016=CARTESIAN_POINT('',(1.05E1,1.4E1,-2.842170943040E-14));
#15017=DIRECTION('',(0.E0,0.E0,1.E0));
#15018=DIRECTION('',(1.E0,0.E0,0.E0));
#15019=AXIS2_PLACEMENT_3D('',#15016,#15017,#15018);
#15021=CURVE_STYLE('',#24,POSITIVE_LENGTH_MEASURE(2.E-2),#6);
#15022=PRESENTATION_STYLE_ASSIGNMENT((#15021));
#15023=STYLED_ITEM('',(#15022),#15020);
#15024=DIRECTION('',(0.E0,-1.E0,0.E0));
#15025=VECTOR('',#15024,2.75E1);
#15026=CARTESIAN_POINT('',(1.4E1,1.4E1,0.E0));
#15027=LINE('',#15026,#15025);
#15028=CURVE_STYLE('',#24,POSITIVE_LENGTH_MEASURE(2.E-2),#6);
#15029=PRESENTATION_STYLE_ASSIGNMENT((#15028));
#15030=STYLED_ITEM('',(#15029),#15027);
#15031=CARTESIAN_POINT('',(1.05E1,-1.35E1,-2.842170943040E-14));
#15032=DIRECTION('',(0.E0,0.E0,1.E0));
#15033=DIRECTION('',(0.E0,-1.E0,0.E0));
#15034=AXIS2_PLACEMENT_3D('',#15031,#15032,#15033);
#15036=CURVE_STYLE('',#24,POSITIVE_LENGTH_MEASURE(2.E-2),#6);
#15037=PRESENTATION_STYLE_ASSIGNMENT((#15036));
#15038=STYLED_ITEM('',(#15037),#15035);
#15039=DIRECTION('',(-1.E0,0.E0,0.E0));
#15040=VECTOR('',#15039,2.1E1);
#15041=CARTESIAN_POINT('',(1.05E1,-1.7E1,0.E0));
#15042=LINE('',#15041,#15040);
#15043=CURVE_STYLE('',#24,POSITIVE_LENGTH_MEASURE(2.E-2),#6);
#15044=PRESENTATION_STYLE_ASSIGNMENT((#15043));
#15045=STYLED_ITEM('',(#15044),#15042);
#15046=CARTESIAN_POINT('',(-1.05E1,-1.35E1,-2.842170943040E-14));
#15047=DIRECTION('',(0.E0,0.E0,1.E0));
#15048=DIRECTION('',(-1.E0,0.E0,0.E0));
#15049=AXIS2_PLACEMENT_3D('',#15046,#15047,#15048);
#15051=CURVE_STYLE('',#24,POSITIVE_LENGTH_MEASURE(2.E-2),#6);
#15052=PRESENTATION_STYLE_ASSIGNMENT((#15051));
#15053=STYLED_ITEM('',(#15052),#15050);
#15054=DIRECTION('',(0.E0,1.E0,0.E0));
#15055=VECTOR('',#15054,2.75E1);
#15056=CARTESIAN_POINT('',(-1.4E1,-1.35E1,0.E0));
#15057=LINE('',#15056,#15055);
#15058=CURVE_STYLE('',#24,POSITIVE_LENGTH_MEASURE(2.E-2),#6);
#15059=PRESENTATION_STYLE_ASSIGNMENT((#15058));
#15060=STYLED_ITEM('',(#15059),#15057);
#15061=CARTESIAN_POINT('',(-1.05E1,1.4E1,0.E0));
#15062=DIRECTION('',(0.E0,0.E0,1.E0));
#15063=DIRECTION('',(-1.125025998287E-14,1.E0,0.E0));
#15064=AXIS2_PLACEMENT_3D('',#15061,#15062,#15063);
#15066=CURVE_STYLE('',#24,POSITIVE_LENGTH_MEASURE(2.E-2),#6);
#15067=PRESENTATION_STYLE_ASSIGNMENT((#15066));
#15068=STYLED_ITEM('',(#15067),#15065);
#15069=DIRECTION('',(0.E0,-1.E0,0.E0));
#15070=VECTOR('',#15069,2.75E1);
#15071=CARTESIAN_POINT('',(-1.35E1,1.4E1,0.E0));
#15072=LINE('',#15071,#15070);
#15073=CURVE_STYLE('',#24,POSITIVE_LENGTH_MEASURE(2.E-2),#6);
#15074=PRESENTATION_STYLE_ASSIGNMENT((#15073));
#15075=STYLED_ITEM('',(#15074),#15072);
#15076=CARTESIAN_POINT('',(-1.05E1,-1.35E1,0.E0));
#15077=DIRECTION('',(0.E0,0.E0,1.E0));
#15078=DIRECTION('',(-1.E0,0.E0,0.E0));
#15079=AXIS2_PLACEMENT_3D('',#15076,#15077,#15078);
#15081=CURVE_STYLE('',#24,POSITIVE_LENGTH_MEASURE(2.E-2),#6);
#15082=PRESENTATION_STYLE_ASSIGNMENT((#15081));
#15083=STYLED_ITEM('',(#15082),#15080);
#15084=DIRECTION('',(1.E0,0.E0,0.E0));
#15085=VECTOR('',#15084,5.425E0);
#15086=CARTESIAN_POINT('',(-1.05E1,-1.65E1,0.E0));
#15087=LINE('',#15086,#15085);
#15088=CURVE_STYLE('',#24,POSITIVE_LENGTH_MEASURE(2.E-2),#6);
#15089=PRESENTATION_STYLE_ASSIGNMENT((#15088));
#15090=STYLED_ITEM('',(#15089),#15087);
#15091=DIRECTION('',(0.E0,1.E0,0.E0));
#15092=VECTOR('',#15091,7.279366155934E-1);
#15093=CARTESIAN_POINT('',(-5.075E0,-1.65E1,0.E0));
#15094=LINE('',#15093,#15092);
#15095=CURVE_STYLE('',#24,POSITIVE_LENGTH_MEASURE(2.E-2),#6);
#15096=PRESENTATION_STYLE_ASSIGNMENT((#15095));
#15097=STYLED_ITEM('',(#15096),#15094);
#15098=DIRECTION('',(1.E0,0.E0,0.E0));
#15099=VECTOR('',#15098,1.015E1);
#15100=CARTESIAN_POINT('',(-5.075E0,-1.577206338441E1,0.E0));
#15101=LINE('',#15100,#15099);
#15102=CURVE_STYLE('',#24,POSITIVE_LENGTH_MEASURE(2.E-2),#6);
#15103=PRESENTATION_STYLE_ASSIGNMENT((#15102));
#15104=STYLED_ITEM('',(#15103),#15101);
#15105=DIRECTION('',(0.E0,-1.E0,0.E0));
#15106=VECTOR('',#15105,7.279366155934E-1);
#15107=CARTESIAN_POINT('',(5.075E0,-1.577206338441E1,0.E0));
#15108=LINE('',#15107,#15106);
#15109=CURVE_STYLE('',#24,POSITIVE_LENGTH_MEASURE(2.E-2),#6);
#15110=PRESENTATION_STYLE_ASSIGNMENT((#15109));
#15111=STYLED_ITEM('',(#15110),#15108);
#15112=DIRECTION('',(1.E0,0.E0,0.E0));
#15113=VECTOR('',#15112,5.425E0);
#15114=CARTESIAN_POINT('',(5.075E0,-1.65E1,0.E0));
#15115=LINE('',#15114,#15113);
#15116=CURVE_STYLE('',#24,POSITIVE_LENGTH_MEASURE(2.E-2),#6);
#15117=PRESENTATION_STYLE_ASSIGNMENT((#15116));
#15118=STYLED_ITEM('',(#15117),#15115);
#15119=CARTESIAN_POINT('',(1.05E1,-1.35E1,0.E0));
#15120=DIRECTION('',(0.E0,0.E0,1.E0));
#15121=DIRECTION('',(0.E0,-1.E0,0.E0));
#15122=AXIS2_PLACEMENT_3D('',#15119,#15120,#15121);
#15124=CURVE_STYLE('',#24,POSITIVE_LENGTH_MEASURE(2.E-2),#6);
#15125=PRESENTATION_STYLE_ASSIGNMENT((#15124));
#15126=STYLED_ITEM('',(#15125),#15123);
#15127=DIRECTION('',(0.E0,1.E0,0.E0));
#15128=VECTOR('',#15127,2.75E1);
#15129=CARTESIAN_POINT('',(1.35E1,-1.35E1,0.E0));
#15130=LINE('',#15129,#15128);
#15131=CURVE_STYLE('',#24,POSITIVE_LENGTH_MEASURE(2.E-2),#6);
#15132=PRESENTATION_STYLE_ASSIGNMENT((#15131));
#15133=STYLED_ITEM('',(#15132),#15130);
#15134=CARTESIAN_POINT('',(1.05E1,1.4E1,0.E0));
#15135=DIRECTION('',(0.E0,0.E0,1.E0));
#15136=DIRECTION('',(1.E0,0.E0,0.E0));
#15137=AXIS2_PLACEMENT_3D('',#15134,#15135,#15136);
#15139=CURVE_STYLE('',#24,POSITIVE_LENGTH_MEASURE(2.E-2),#6);
#15140=PRESENTATION_STYLE_ASSIGNMENT((#15139));
#15141=STYLED_ITEM('',(#15140),#15138);
#15142=DIRECTION('',(-1.E0,0.E0,0.E0));
#15143=VECTOR('',#15142,2.1E1);
#15144=CARTESIAN_POINT('',(1.05E1,1.7E1,0.E0));
#15145=LINE('',#15144,#15143);
#15146=CURVE_STYLE('',#24,POSITIVE_LENGTH_MEASURE(2.E-2),#6);
#15147=PRESENTATION_STYLE_ASSIGNMENT((#15146));
#15148=STYLED_ITEM('',(#15147),#15145);
#15149=CARTESIAN_POINT('',(-1.05E1,1.4E1,-5.190602300166E0));
#15150=DIRECTION('',(0.E0,0.E0,-1.E0));
#15151=DIRECTION('',(-1.E0,0.E0,0.E0));
#15152=AXIS2_PLACEMENT_3D('',#15149,#15150,#15151);
#15154=CURVE_STYLE('',#24,POSITIVE_LENGTH_MEASURE(2.E-2),#6);
#15155=PRESENTATION_STYLE_ASSIGNMENT((#15154));
#15156=STYLED_ITEM('',(#15155),#15153);
#15157=DIRECTION('',(-7.071067811865E-1,1.224506693762E-7,7.071067811865E-1));
#15158=VECTOR('',#15157,1.547117111718E-1);
#15159=CARTESIAN_POINT('',(-1.379999999974E1,1.399999998106E1,
-5.300000000264E0));
#15160=LINE('',#15159,#15158);
#15161=CURVE_STYLE('',#24,POSITIVE_LENGTH_MEASURE(2.E-2),#6);
#15162=PRESENTATION_STYLE_ASSIGNMENT((#15161));
#15163=STYLED_ITEM('',(#15162),#15160);
#15164=CARTESIAN_POINT('',(-1.05E1,1.4E1,-5.3E0));
#15165=DIRECTION('',(0.E0,0.E0,-1.E0));
#15166=DIRECTION('',(-1.E0,0.E0,0.E0));
#15167=AXIS2_PLACEMENT_3D('',#15164,#15165,#15166);
#15169=CURVE_STYLE('',#24,POSITIVE_LENGTH_MEASURE(2.E-2),#6);
#15170=PRESENTATION_STYLE_ASSIGNMENT((#15169));
#15171=STYLED_ITEM('',(#15170),#15168);
#15172=DIRECTION('',(-5.934194557855E-12,1.E0,5.934259152649E-12));
#15173=VECTOR('',#15172,2.749999996310E1);
#15174=CARTESIAN_POINT('',(-1.379999999957E1,-1.349999998204E1,
-5.300000000428E0));
#15175=LINE('',#15174,#15173);
#15176=CURVE_STYLE('',#24,POSITIVE_LENGTH_MEASURE(2.E-2),#6);
#15177=PRESENTATION_STYLE_ASSIGNMENT((#15176));
#15178=STYLED_ITEM('',(#15177),#15175);
#15179=CARTESIAN_POINT('',(-1.05E1,-1.35E1,-5.3E0));
#15180=DIRECTION('',(0.E0,0.E0,-1.E0));
#15181=DIRECTION('',(0.E0,-1.E0,0.E0));
#15182=AXIS2_PLACEMENT_3D('',#15179,#15180,#15181);
#15184=CURVE_STYLE('',#24,POSITIVE_LENGTH_MEASURE(2.E-2),#6);
#15185=PRESENTATION_STYLE_ASSIGNMENT((#15184));
#15186=STYLED_ITEM('',(#15185),#15183);
#15187=DIRECTION('',(-1.E0,-7.770799890243E-12,7.770969067086E-12));
#15188=VECTOR('',#15187,2.099999996310E1);
#15189=CARTESIAN_POINT('',(1.049999998204E1,-1.679999999957E1,
-5.300000000428E0));
#15190=LINE('',#15189,#15188);
#15191=CURVE_STYLE('',#24,POSITIVE_LENGTH_MEASURE(2.E-2),#6);
#15192=PRESENTATION_STYLE_ASSIGNMENT((#15191));
#15193=STYLED_ITEM('',(#15192),#15190);
#15194=CARTESIAN_POINT('',(1.05E1,-1.35E1,-5.3E0));
#15195=DIRECTION('',(0.E0,0.E0,-1.E0));
#15196=DIRECTION('',(1.E0,0.E0,0.E0));
#15197=AXIS2_PLACEMENT_3D('',#15194,#15195,#15196);
#15199=CURVE_STYLE('',#24,POSITIVE_LENGTH_MEASURE(2.E-2),#6);
#15200=PRESENTATION_STYLE_ASSIGNMENT((#15199));
#15201=STYLED_ITEM('',(#15200),#15198);
#15202=DIRECTION('',(5.934194557855E-12,-1.E0,5.934194557855E-12));
#15203=VECTOR('',#15202,2.749999996310E1);
#15204=CARTESIAN_POINT('',(1.379999999957E1,1.399999998204E1,
-5.300000000428E0));
#15205=LINE('',#15204,#15203);
#15206=CURVE_STYLE('',#24,POSITIVE_LENGTH_MEASURE(2.E-2),#6);
#15207=PRESENTATION_STYLE_ASSIGNMENT((#15206));
#15208=STYLED_ITEM('',(#15207),#15205);
#15209=CARTESIAN_POINT('',(1.05E1,1.4E1,-5.3E0));
#15210=DIRECTION('',(0.E0,0.E0,-1.E0));
#15211=DIRECTION('',(0.E0,1.E0,0.E0));
#15212=AXIS2_PLACEMENT_3D('',#15209,#15210,#15211);
#15214=CURVE_STYLE('',#24,POSITIVE_LENGTH_MEASURE(2.E-2),#6);
#15215=PRESENTATION_STYLE_ASSIGNMENT((#15214));
#15216=STYLED_ITEM('',(#15215),#15213);
#15217=DIRECTION('',(1.E0,7.770969067086E-12,7.771053655507E-12));
#15218=VECTOR('',#15217,2.099999996310E1);
#15219=CARTESIAN_POINT('',(-1.049999998204E1,1.729999999957E1,
-5.300000000428E0));
#15220=LINE('',#15219,#15218);
#15221=CURVE_STYLE('',#24,POSITIVE_LENGTH_MEASURE(2.E-2),#6);
#15222=PRESENTATION_STYLE_ASSIGNMENT((#15221));
#15223=STYLED_ITEM('',(#15222),#15220);
#15224=DIRECTION('',(-7.071067811865E-1,-1.160781183699E-7,7.071067811866E-1));
#15225=VECTOR('',#15224,1.547117114026E-1);
#15226=CARTESIAN_POINT('',(-1.379999999957E1,-1.349999998204E1,
-5.300000000428E0));
#15227=LINE('',#15226,#15225);
#15228=CURVE_STYLE('',#24,POSITIVE_LENGTH_MEASURE(2.E-2),#6);
#15229=PRESENTATION_STYLE_ASSIGNMENT((#15228));
#15230=STYLED_ITEM('',(#15229),#15227);
#15231=DIRECTION('',(0.E0,1.E0,0.E0));
#15232=VECTOR('',#15231,2.75E1);
#15233=CARTESIAN_POINT('',(-1.390939769983E1,-1.35E1,-5.190602300166E0));
#15234=LINE('',#15233,#15232);
#15235=CURVE_STYLE('',#24,POSITIVE_LENGTH_MEASURE(2.E-2),#6);
#15236=PRESENTATION_STYLE_ASSIGNMENT((#15235));
#15237=STYLED_ITEM('',(#15236),#15234);
#15238=DIRECTION('',(1.745240643728E-2,0.E0,-9.998476951564E-1));
#15239=VECTOR('',#15238,5.191392974461E0);
#15240=CARTESIAN_POINT('',(-1.4E1,1.4E1,0.E0));
#15241=LINE('',#15240,#15239);
#15242=CURVE_STYLE('',#24,POSITIVE_LENGTH_MEASURE(2.E-2),#6);
#15243=PRESENTATION_STYLE_ASSIGNMENT((#15242));
#15244=STYLED_ITEM('',(#15243),#15241);
#15245=DIRECTION('',(1.745240643728E-2,0.E0,-9.998476951564E-1));
#15246=VECTOR('',#15245,5.191392974461E0);
#15247=CARTESIAN_POINT('',(-1.4E1,-1.35E1,0.E0));
#15248=LINE('',#15247,#15246);
#15249=CURVE_STYLE('',#24,POSITIVE_LENGTH_MEASURE(2.E-2),#6);
#15250=PRESENTATION_STYLE_ASSIGNMENT((#15249));
#15251=STYLED_ITEM('',(#15250),#15248);
#15252=CARTESIAN_POINT('',(-1.05E1,-1.35E1,-5.190602300166E0));
#15253=DIRECTION('',(0.E0,0.E0,-1.E0));
#15254=DIRECTION('',(0.E0,-1.E0,0.E0));
#15255=AXIS2_PLACEMENT_3D('',#15252,#15253,#15254);
#15257=CURVE_STYLE('',#24,POSITIVE_LENGTH_MEASURE(2.E-2),#6);
#15258=PRESENTATION_STYLE_ASSIGNMENT((#15257));
#15259=STYLED_ITEM('',(#15258),#15256);
#15260=DIRECTION('',(-1.224506693762E-7,-7.071067811866E-1,7.071067811865E-1));
#15261=VECTOR('',#15260,1.547117111718E-1);
#15262=CARTESIAN_POINT('',(-1.049999998106E1,-1.679999999974E1,
-5.300000000264E0));
#15263=LINE('',#15262,#15261);
#15264=CURVE_STYLE('',#24,POSITIVE_LENGTH_MEASURE(2.E-2),#6);
#15265=PRESENTATION_STYLE_ASSIGNMENT((#15264));
#15266=STYLED_ITEM('',(#15265),#15263);
#15267=DIRECTION('',(1.160780839247E-7,-7.071067811865E-1,7.071067811865E-1));
#15268=VECTOR('',#15267,1.547117114026E-1);
#15269=CARTESIAN_POINT('',(1.049999998204E1,-1.679999999957E1,
-5.300000000428E0));
#15270=LINE('',#15269,#15268);
#15271=CURVE_STYLE('',#24,POSITIVE_LENGTH_MEASURE(2.E-2),#6);
#15272=PRESENTATION_STYLE_ASSIGNMENT((#15271));
#15273=STYLED_ITEM('',(#15272),#15270);
#15274=DIRECTION('',(-1.E0,0.E0,0.E0));
#15275=VECTOR('',#15274,2.1E1);
#15276=CARTESIAN_POINT('',(1.05E1,-1.690939769983E1,-5.190602300166E0));
#15277=LINE('',#15276,#15275);
#15278=CURVE_STYLE('',#24,POSITIVE_LENGTH_MEASURE(2.E-2),#6);
#15279=PRESENTATION_STYLE_ASSIGNMENT((#15278));
#15280=STYLED_ITEM('',(#15279),#15277);
#15281=DIRECTION('',(0.E0,1.745240643728E-2,-9.998476951564E-1));
#15282=VECTOR('',#15281,5.191392974461E0);
#15283=CARTESIAN_POINT('',(-1.05E1,-1.7E1,0.E0));
#15284=LINE('',#15283,#15282);
#15285=CURVE_STYLE('',#24,POSITIVE_LENGTH_MEASURE(2.E-2),#6);
#15286=PRESENTATION_STYLE_ASSIGNMENT((#15285));
#15287=STYLED_ITEM('',(#15286),#15284);
#15288=DIRECTION('',(0.E0,1.745240643728E-2,-9.998476951564E-1));
#15289=VECTOR('',#15288,5.191392974461E0);
#15290=CARTESIAN_POINT('',(1.05E1,-1.7E1,0.E0));
#15291=LINE('',#15290,#15289);
#15292=CURVE_STYLE('',#24,POSITIVE_LENGTH_MEASURE(2.E-2),#6);
#15293=PRESENTATION_STYLE_ASSIGNMENT((#15292));
#15294=STYLED_ITEM('',(#15293),#15291);
#15295=CARTESIAN_POINT('',(1.05E1,-1.35E1,-5.190602300166E0));
#15296=DIRECTION('',(0.E0,0.E0,-1.E0));
#15297=DIRECTION('',(1.E0,0.E0,0.E0));
#15298=AXIS2_PLACEMENT_3D('',#15295,#15296,#15297);
#15300=CURVE_STYLE('',#24,POSITIVE_LENGTH_MEASURE(2.E-2),#6);
#15301=PRESENTATION_STYLE_ASSIGNMENT((#15300));
#15302=STYLED_ITEM('',(#15301),#15299);
#15303=DIRECTION('',(7.071067811865E-1,-1.224506693762E-7,7.071067811865E-1));
#15304=VECTOR('',#15303,1.547117111718E-1);
#15305=CARTESIAN_POINT('',(1.379999999974E1,-1.349999998106E1,
-5.300000000264E0));
#15306=LINE('',#15305,#15304);
#15307=CURVE_STYLE('',#24,POSITIVE_LENGTH_MEASURE(2.E-2),#6);
#15308=PRESENTATION_STYLE_ASSIGNMENT((#15307));
#15309=STYLED_ITEM('',(#15308),#15306);
#15310=DIRECTION('',(7.071067811865E-1,1.160781183699E-7,7.071067811865E-1));
#15311=VECTOR('',#15310,1.547117114026E-1);
#15312=CARTESIAN_POINT('',(1.379999999957E1,1.399999998204E1,
-5.300000000428E0));
#15313=LINE('',#15312,#15311);
#15314=CURVE_STYLE('',#24,POSITIVE_LENGTH_MEASURE(2.E-2),#6);
#15315=PRESENTATION_STYLE_ASSIGNMENT((#15314));
#15316=STYLED_ITEM('',(#15315),#15313);
#15317=DIRECTION('',(0.E0,-1.E0,0.E0));
#15318=VECTOR('',#15317,2.75E1);
#15319=CARTESIAN_POINT('',(1.390939769983E1,1.4E1,-5.190602300166E0));
#15320=LINE('',#15319,#15318);
#15321=CURVE_STYLE('',#24,POSITIVE_LENGTH_MEASURE(2.E-2),#6);
#15322=PRESENTATION_STYLE_ASSIGNMENT((#15321));
#15323=STYLED_ITEM('',(#15322),#15320);
#15324=DIRECTION('',(-1.745240643728E-2,0.E0,-9.998476951564E-1));
#15325=VECTOR('',#15324,5.191392974461E0);
#15326=CARTESIAN_POINT('',(1.4E1,-1.35E1,0.E0));
#15327=LINE('',#15326,#15325);
#15328=CURVE_STYLE('',#24,POSITIVE_LENGTH_MEASURE(2.E-2),#6);
#15329=PRESENTATION_STYLE_ASSIGNMENT((#15328));
#15330=STYLED_ITEM('',(#15329),#15327);
#15331=DIRECTION('',(-1.745240643728E-2,0.E0,-9.998476951564E-1));
#15332=VECTOR('',#15331,5.191392974461E0);
#15333=CARTESIAN_POINT('',(1.4E1,1.4E1,0.E0));
#15334=LINE('',#15333,#15332);
#15335=CURVE_STYLE('',#24,POSITIVE_LENGTH_MEASURE(2.E-2),#6);
#15336=PRESENTATION_STYLE_ASSIGNMENT((#15335));
#15337=STYLED_ITEM('',(#15336),#15334);
#15338=CARTESIAN_POINT('',(1.05E1,1.4E1,-5.190602300166E0));
#15339=DIRECTION('',(0.E0,0.E0,-1.E0));
#15340=DIRECTION('',(0.E0,1.E0,0.E0));
#15341=AXIS2_PLACEMENT_3D('',#15338,#15339,#15340);
#15343=CURVE_STYLE('',#24,POSITIVE_LENGTH_MEASURE(2.E-2),#6);
#15344=PRESENTATION_STYLE_ASSIGNMENT((#15343));
#15345=STYLED_ITEM('',(#15344),#15342);
#15346=DIRECTION('',(1.224506578945E-7,7.071067811865E-1,7.071067811865E-1));
#15347=VECTOR('',#15346,1.547117111718E-1);
#15348=CARTESIAN_POINT('',(1.049999998106E1,1.729999999974E1,
-5.300000000264E0));
#15349=LINE('',#15348,#15347);
#15350=CURVE_STYLE('',#24,POSITIVE_LENGTH_MEASURE(2.E-2),#6);
#15351=PRESENTATION_STYLE_ASSIGNMENT((#15350));
#15352=STYLED_ITEM('',(#15351),#15349);
#15353=DIRECTION('',(-1.160780839247E-7,7.071067811865E-1,7.071067811865E-1));
#15354=VECTOR('',#15353,1.547117114026E-1);
#15355=CARTESIAN_POINT('',(-1.049999998204E1,1.729999999957E1,
-5.300000000428E0));
#15356=LINE('',#15355,#15354);
#15357=CURVE_STYLE('',#24,POSITIVE_LENGTH_MEASURE(2.E-2),#6);
#15358=PRESENTATION_STYLE_ASSIGNMENT((#15357));
#15359=STYLED_ITEM('',(#15358),#15356);
#15360=DIRECTION('',(1.E0,0.E0,0.E0));
#15361=VECTOR('',#15360,2.1E1);
#15362=CARTESIAN_POINT('',(-1.05E1,1.740939769983E1,-5.190602300166E0));
#15363=LINE('',#15362,#15361);
#15364=CURVE_STYLE('',#24,POSITIVE_LENGTH_MEASURE(2.E-2),#6);
#15365=PRESENTATION_STYLE_ASSIGNMENT((#15364));
#15366=STYLED_ITEM('',(#15365),#15363);
#15367=DIRECTION('',(0.E0,-1.745240643728E-2,-9.998476951564E-1));
#15368=VECTOR('',#15367,5.191392974461E0);
#15369=CARTESIAN_POINT('',(1.05E1,1.75E1,0.E0));
#15370=LINE('',#15369,#15368);
#15371=CURVE_STYLE('',#24,POSITIVE_LENGTH_MEASURE(2.E-2),#6);
#15372=PRESENTATION_STYLE_ASSIGNMENT((#15371));
#15373=STYLED_ITEM('',(#15372),#15370);
#15374=DIRECTION('',(0.E0,-1.745240643728E-2,-9.998476951564E-1));
#15375=VECTOR('',#15374,5.191392974461E0);
#15376=CARTESIAN_POINT('',(-1.05E1,1.75E1,0.E0));
#15377=LINE('',#15376,#15375);
#15378=CURVE_STYLE('',#24,POSITIVE_LENGTH_MEASURE(2.E-2),#6);
#15379=PRESENTATION_STYLE_ASSIGNMENT((#15378));
#15380=STYLED_ITEM('',(#15379),#15377);
#15381=DIRECTION('',(0.E0,0.E0,1.E0));
#15382=VECTOR('',#15381,8.E-1);
#15383=CARTESIAN_POINT('',(-1.05E1,1.7E1,0.E0));
#15384=LINE('',#15383,#15382);
#15385=CURVE_STYLE('',#24,POSITIVE_LENGTH_MEASURE(2.E-2),#6);
#15386=PRESENTATION_STYLE_ASSIGNMENT((#15385));
#15387=STYLED_ITEM('',(#15386),#15384);
#15388=DIRECTION('',(0.E0,0.E0,1.E0));
#15389=VECTOR('',#15388,8.E-1);
#15390=CARTESIAN_POINT('',(1.05E1,1.7E1,0.E0));
#15391=LINE('',#15390,#15389);
#15392=CURVE_STYLE('',#24,POSITIVE_LENGTH_MEASURE(2.E-2),#6);
#15393=PRESENTATION_STYLE_ASSIGNMENT((#15392));
#15394=STYLED_ITEM('',(#15393),#15391);
#15395=DIRECTION('',(0.E0,0.E0,1.E0));
#15396=VECTOR('',#15395,8.E-1);
#15397=CARTESIAN_POINT('',(1.35E1,1.4E1,0.E0));
#15398=LINE('',#15397,#15396);
#15399=CURVE_STYLE('',#24,POSITIVE_LENGTH_MEASURE(2.E-2),#6);
#15400=PRESENTATION_STYLE_ASSIGNMENT((#15399));
#15401=STYLED_ITEM('',(#15400),#15398);
#15402=DIRECTION('',(0.E0,0.E0,1.E0));
#15403=VECTOR('',#15402,8.E-1);
#15404=CARTESIAN_POINT('',(1.35E1,-1.35E1,0.E0));
#15405=LINE('',#15404,#15403);
#15406=CURVE_STYLE('',#24,POSITIVE_LENGTH_MEASURE(2.E-2),#6);
#15407=PRESENTATION_STYLE_ASSIGNMENT((#15406));
#15408=STYLED_ITEM('',(#15407),#15405);
#15409=DIRECTION('',(0.E0,0.E0,1.E0));
#15410=VECTOR('',#15409,8.E-1);
#15411=CARTESIAN_POINT('',(1.05E1,-1.65E1,0.E0));
#15412=LINE('',#15411,#15410);
#15413=CURVE_STYLE('',#24,POSITIVE_LENGTH_MEASURE(2.E-2),#6);
#15414=PRESENTATION_STYLE_ASSIGNMENT((#15413));
#15415=STYLED_ITEM('',(#15414),#15412);
#15416=DIRECTION('',(0.E0,0.E0,1.E0));
#15417=VECTOR('',#15416,8.E-1);
#15418=CARTESIAN_POINT('',(5.075E0,-1.65E1,0.E0));
#15419=LINE('',#15418,#15417);
#15420=CURVE_STYLE('',#24,POSITIVE_LENGTH_MEASURE(2.E-2),#6);
#15421=PRESENTATION_STYLE_ASSIGNMENT((#15420));
#15422=STYLED_ITEM('',(#15421),#15419);
#15423=DIRECTION('',(0.E0,-3.489949670250E-2,9.993908270191E-1));
#15424=VECTOR('',#15423,8.004876354391E-1);
#15425=CARTESIAN_POINT('',(5.075E0,-1.577206338441E1,0.E0));
#15426=LINE('',#15425,#15424);
#15427=CURVE_STYLE('',#24,POSITIVE_LENGTH_MEASURE(2.E-2),#6);
#15428=PRESENTATION_STYLE_ASSIGNMENT((#15427));
#15429=STYLED_ITEM('',(#15428),#15426);
#15430=DIRECTION('',(0.E0,-3.489949670250E-2,9.993908270191E-1));
#15431=VECTOR('',#15430,4.902986767064E0);
#15432=CARTESIAN_POINT('',(1.05E1,-1.562888822949E1,-4.1E0));
#15433=LINE('',#15432,#15431);
#15434=CURVE_STYLE('',#24,POSITIVE_LENGTH_MEASURE(2.E-2),#6);
#15435=PRESENTATION_STYLE_ASSIGNMENT((#15434));
#15436=STYLED_ITEM('',(#15435),#15433);
#15437=DIRECTION('',(0.E0,-3.489949670250E-2,9.993908270191E-1));
#15438=VECTOR('',#15437,8.004876354391E-1);
#15439=CARTESIAN_POINT('',(-5.075E0,-1.577206338441E1,0.E0));
#15440=LINE('',#15439,#15438);
#15441=CURVE_STYLE('',#24,POSITIVE_LENGTH_MEASURE(2.E-2),#6);
#15442=PRESENTATION_STYLE_ASSIGNMENT((#15441));
#15443=STYLED_ITEM('',(#15442),#15440);
#15444=CARTESIAN_POINT('',(1.05E1,-1.35E1,-1.4E0));
#15445=DIRECTION('',(0.E0,0.E0,-1.E0));
#15446=DIRECTION('',(8.837327051244E-1,-4.679919934075E-1,0.E0));
#15447=AXIS2_PLACEMENT_3D('',#15444,#15445,#15446);
#15449=CURVE_STYLE('',#24,POSITIVE_LENGTH_MEASURE(2.E-2),#6);
#15450=PRESENTATION_STYLE_ASSIGNMENT((#15449));
#15451=STYLED_ITEM('',(#15450),#15448);
#15452=CARTESIAN_POINT('',(1.246469184439E1,-1.454042777568E1,-1.4E0));
#15453=CARTESIAN_POINT('',(1.245689107345E1,-1.453262700474E1,
-1.701954822444E0));
#15454=CARTESIAN_POINT('',(1.244131269703E1,-1.451704862832E1,
-2.304561408939E0));
#15455=CARTESIAN_POINT('',(1.241801324830E1,-1.449374917959E1,
-3.204573186876E0));
#15456=CARTESIAN_POINT('',(1.240252550115E1,-1.447826143244E1,
-3.801960004980E0));
#15457=CARTESIAN_POINT('',(1.239479268142E1,-1.447052861271E1,-4.1E0));
#15459=CURVE_STYLE('',#24,POSITIVE_LENGTH_MEASURE(2.E-2),#6);
#15460=PRESENTATION_STYLE_ASSIGNMENT((#15459));
#15461=STYLED_ITEM('',(#15460),#15458);
#15462=DIRECTION('',(3.489949670250E-2,0.E0,9.993908270191E-1));
#15463=VECTOR('',#15462,4.902986767064E0);
#15464=CARTESIAN_POINT('',(1.262888822949E1,-1.35E1,-4.1E0));
#15465=LINE('',#15464,#15463);
#15466=CURVE_STYLE('',#24,POSITIVE_LENGTH_MEASURE(2.E-2),#6);
#15467=PRESENTATION_STYLE_ASSIGNMENT((#15466));
#15468=STYLED_ITEM('',(#15467),#15465);
#15469=DIRECTION('',(-2.468514196816E-2,2.468514196816E-2,-9.993904579953E-1));
#15470=VECTOR('',#15469,2.701646767187E0);
#15471=CARTESIAN_POINT('',(1.210943343265E1,-1.503369750136E1,-1.4E0));
#15472=LINE('',#15471,#15470);
#15473=CURVE_STYLE('',#24,POSITIVE_LENGTH_MEASURE(2.E-2),#6);
#15474=PRESENTATION_STYLE_ASSIGNMENT((#15473));
#15475=STYLED_ITEM('',(#15474),#15472);
#15476=DIRECTION('',(-7.071067811865E-1,-7.071067811865E-1,0.E0));
#15477=VECTOR('',#15476,8.174478696203E-1);
#15478=CARTESIAN_POINT('',(-1.188666891252E1,-1.396240484381E1,-1.4E0));
#15479=LINE('',#15478,#15477);
#15480=CURVE_STYLE('',#24,POSITIVE_LENGTH_MEASURE(2.E-2),#6);
#15481=PRESENTATION_STYLE_ASSIGNMENT((#15480));
#15482=STYLED_ITEM('',(#15481),#15479);
#15483=CARTESIAN_POINT('',(-1.1E1,-1.35E1,-1.4E0));
#15484=DIRECTION('',(0.E0,0.E0,1.E0));
#15485=DIRECTION('',(-3.E-1,9.539392014169E-1,0.E0));
#15486=AXIS2_PLACEMENT_3D('',#15483,#15484,#15485);
#15488=CURVE_STYLE('',#24,POSITIVE_LENGTH_MEASURE(2.E-2),#6);
#15489=PRESENTATION_STYLE_ASSIGNMENT((#15488));
#15490=STYLED_ITEM('',(#15489),#15487);
#15491=DIRECTION('',(0.E0,-1.E0,0.E0));
#15492=VECTOR('',#15491,2.E0);
#15493=CARTESIAN_POINT('',(-1.13E1,-1.054606079858E1,-1.4E0));
#15494=LINE('',#15493,#15492);
#15495=CURVE_STYLE('',#24,POSITIVE_LENGTH_MEASURE(2.E-2),#6);
#15496=PRESENTATION_STYLE_ASSIGNMENT((#15495));
#15497=STYLED_ITEM('',(#15496),#15494);
#15498=DIRECTION('',(-1.E0,0.E0,0.E0));
#15499=VECTOR('',#15498,6.E-1);
#15500=CARTESIAN_POINT('',(-1.07E1,-1.054606079858E1,-1.4E0));
#15501=LINE('',#15500,#15499);
#15502=CURVE_STYLE('',#24,POSITIVE_LENGTH_MEASURE(2.E-2),#6);
#15503=PRESENTATION_STYLE_ASSIGNMENT((#15502));
#15504=STYLED_ITEM('',(#15503),#15501);
#15505=DIRECTION('',(0.E0,1.E0,0.E0));
#15506=VECTOR('',#15505,2.E0);
#15507=CARTESIAN_POINT('',(-1.07E1,-1.254606079858E1,-1.4E0));
#15508=LINE('',#15507,#15506);
#15509=CURVE_STYLE('',#24,POSITIVE_LENGTH_MEASURE(2.E-2),#6);
#15510=PRESENTATION_STYLE_ASSIGNMENT((#15509));
#15511=STYLED_ITEM('',(#15510),#15508);
#15512=CARTESIAN_POINT('',(-1.1E1,-1.35E1,-1.4E0));
#15513=DIRECTION('',(0.E0,0.E0,1.E0));
#15514=DIRECTION('',(9.539392014169E-1,3.E-1,0.E0));
#15515=AXIS2_PLACEMENT_3D('',#15512,#15513,#15514);
#15517=CURVE_STYLE('',#24,POSITIVE_LENGTH_MEASURE(2.E-2),#6);
#15518=PRESENTATION_STYLE_ASSIGNMENT((#15517));
#15519=STYLED_ITEM('',(#15518),#15516);
#15520=DIRECTION('',(-1.E0,0.E0,0.E0));
#15521=VECTOR('',#15520,2.E0);
#15522=CARTESIAN_POINT('',(-8.046060798583E0,-1.32E1,-1.4E0));
#15523=LINE('',#15522,#15521);
#15524=CURVE_STYLE('',#24,POSITIVE_LENGTH_MEASURE(2.E-2),#6);
#15525=PRESENTATION_STYLE_ASSIGNMENT((#15524));
#15526=STYLED_ITEM('',(#15525),#15523);
#15527=DIRECTION('',(0.E0,1.E0,0.E0));
#15528=VECTOR('',#15527,6.E-1);
#15529=CARTESIAN_POINT('',(-8.046060798583E0,-1.38E1,-1.4E0));
#15530=LINE('',#15529,#15528);
#15531=CURVE_STYLE('',#24,POSITIVE_LENGTH_MEASURE(2.E-2),#6);
#15532=PRESENTATION_STYLE_ASSIGNMENT((#15531));
#15533=STYLED_ITEM('',(#15532),#15530);
#15534=DIRECTION('',(1.E0,0.E0,0.E0));
#15535=VECTOR('',#15534,2.E0);
#15536=CARTESIAN_POINT('',(-1.004606079858E1,-1.38E1,-1.4E0));
#15537=LINE('',#15536,#15535);
#15538=CURVE_STYLE('',#24,POSITIVE_LENGTH_MEASURE(2.E-2),#6);
#15539=PRESENTATION_STYLE_ASSIGNMENT((#15538));
#15540=STYLED_ITEM('',(#15539),#15537);
#15541=CARTESIAN_POINT('',(-1.1E1,-1.35E1,-1.4E0));
#15542=DIRECTION('',(0.E0,0.E0,1.E0));
#15543=DIRECTION('',(-4.624048438056E-1,-8.866689125176E-1,0.E0));
#15544=AXIS2_PLACEMENT_3D('',#15541,#15542,#15543);
#15546=CURVE_STYLE('',#24,POSITIVE_LENGTH_MEASURE(2.E-2),#6);
#15547=PRESENTATION_STYLE_ASSIGNMENT((#15546));
#15548=STYLED_ITEM('',(#15547),#15545);
#15549=DIRECTION('',(7.071067811865E-1,7.071067811866E-1,0.E0));
#15550=VECTOR('',#15549,9.150366055902E-1);
#15551=CARTESIAN_POINT('',(-1.210943343265E1,-1.503369750136E1,-1.4E0));
#15552=LINE('',#15551,#15550);
#15553=CURVE_STYLE('',#24,POSITIVE_LENGTH_MEASURE(2.E-2),#6);
#15554=PRESENTATION_STYLE_ASSIGNMENT((#15553));
#15555=STYLED_ITEM('',(#15554),#15552);
#15556=DIRECTION('',(7.071067811865E-1,-7.071067811866E-1,0.E0));
#15557=VECTOR('',#15556,9.150366055902E-1);
#15558=CARTESIAN_POINT('',(1.146240484381E1,-1.438666891252E1,-1.4E0));
#15559=LINE('',#15558,#15557);
#15560=CURVE_STYLE('',#24,POSITIVE_LENGTH_MEASURE(2.E-2),#6);
#15561=PRESENTATION_STYLE_ASSIGNMENT((#15560));
#15562=STYLED_ITEM('',(#15561),#15559);
#15563=CARTESIAN_POINT('',(1.1E1,-1.35E1,-1.4E0));
#15564=DIRECTION('',(0.E0,0.E0,1.E0));
#15565=DIRECTION('',(-9.539392014169E-1,-3.E-1,0.E0));
#15566=AXIS2_PLACEMENT_3D('',#15563,#15564,#15565);
#15568=CURVE_STYLE('',#24,POSITIVE_LENGTH_MEASURE(2.E-2),#6);
#15569=PRESENTATION_STYLE_ASSIGNMENT((#15568));
#15570=STYLED_ITEM('',(#15569),#15567);
#15571=DIRECTION('',(1.E0,0.E0,0.E0));
#15572=VECTOR('',#15571,2.E0);
#15573=CARTESIAN_POINT('',(8.046060798583E0,-1.38E1,-1.4E0));
#15574=LINE('',#15573,#15572);
#15575=CURVE_STYLE('',#24,POSITIVE_LENGTH_MEASURE(2.E-2),#6);
#15576=PRESENTATION_STYLE_ASSIGNMENT((#15575));
#15577=STYLED_ITEM('',(#15576),#15574);
#15578=DIRECTION('',(0.E0,-1.E0,0.E0));
#15579=VECTOR('',#15578,6.E-1);
#15580=CARTESIAN_POINT('',(8.046060798583E0,-1.32E1,-1.4E0));
#15581=LINE('',#15580,#15579);
#15582=CURVE_STYLE('',#24,POSITIVE_LENGTH_MEASURE(2.E-2),#6);
#15583=PRESENTATION_STYLE_ASSIGNMENT((#15582));
#15584=STYLED_ITEM('',(#15583),#15581);
#15585=DIRECTION('',(-1.E0,0.E0,0.E0));
#15586=VECTOR('',#15585,2.E0);
#15587=CARTESIAN_POINT('',(1.004606079858E1,-1.32E1,-1.4E0));
#15588=LINE('',#15587,#15586);
#15589=CURVE_STYLE('',#24,POSITIVE_LENGTH_MEASURE(2.E-2),#6);
#15590=PRESENTATION_STYLE_ASSIGNMENT((#15589));
#15591=STYLED_ITEM('',(#15590),#15588);
#15592=CARTESIAN_POINT('',(1.1E1,-1.35E1,-1.4E0));
#15593=DIRECTION('',(0.E0,0.E0,1.E0));
#15594=DIRECTION('',(-3.E-1,9.539392014169E-1,0.E0));
#15595=AXIS2_PLACEMENT_3D('',#15592,#15593,#15594);
#15597=CURVE_STYLE('',#24,POSITIVE_LENGTH_MEASURE(2.E-2),#6);
#15598=PRESENTATION_STYLE_ASSIGNMENT((#15597));
#15599=STYLED_ITEM('',(#15598),#15596);
#15600=DIRECTION('',(0.E0,-1.E0,0.E0));
#15601=VECTOR('',#15600,2.E0);
#15602=CARTESIAN_POINT('',(1.07E1,-1.054606079858E1,-1.4E0));
#15603=LINE('',#15602,#15601);
#15604=CURVE_STYLE('',#24,POSITIVE_LENGTH_MEASURE(2.E-2),#6);
#15605=PRESENTATION_STYLE_ASSIGNMENT((#15604));
#15606=STYLED_ITEM('',(#15605),#15603);
#15607=DIRECTION('',(-1.E0,0.E0,0.E0));
#15608=VECTOR('',#15607,6.E-1);
#15609=CARTESIAN_POINT('',(1.13E1,-1.054606079858E1,-1.4E0));
#15610=LINE('',#15609,#15608);
#15611=CURVE_STYLE('',#24,POSITIVE_LENGTH_MEASURE(2.E-2),#6);
#15612=PRESENTATION_STYLE_ASSIGNMENT((#15611));
#15613=STYLED_ITEM('',(#15612),#15610);
#15614=DIRECTION('',(0.E0,1.E0,0.E0));
#15615=VECTOR('',#15614,2.E0);
#15616=CARTESIAN_POINT('',(1.13E1,-1.254606079858E1,-1.4E0));
#15617=LINE('',#15616,#15615);
#15618=CURVE_STYLE('',#24,POSITIVE_LENGTH_MEASURE(2.E-2),#6);
#15619=PRESENTATION_STYLE_ASSIGNMENT((#15618));
#15620=STYLED_ITEM('',(#15619),#15617);
#15621=CARTESIAN_POINT('',(1.1E1,-1.35E1,-1.4E0));
#15622=DIRECTION('',(0.E0,0.E0,1.E0));
#15623=DIRECTION('',(8.866689125176E-1,-4.624048438056E-1,0.E0));
#15624=AXIS2_PLACEMENT_3D('',#15621,#15622,#15623);
#15626=CURVE_STYLE('',#24,POSITIVE_LENGTH_MEASURE(2.E-2),#6);
#15627=PRESENTATION_STYLE_ASSIGNMENT((#15626));
#15628=STYLED_ITEM('',(#15627),#15625);
#15629=DIRECTION('',(-7.071067811865E-1,7.071067811865E-1,0.E0));
#15630=VECTOR('',#15629,8.174478696203E-1);
#15631=CARTESIAN_POINT('',(1.246469184439E1,-1.454042777568E1,-1.4E0));
#15632=LINE('',#15631,#15630);
#15633=CURVE_STYLE('',#24,POSITIVE_LENGTH_MEASURE(2.E-2),#6);
#15634=PRESENTATION_STYLE_ASSIGNMENT((#15633));
#15635=STYLED_ITEM('',(#15634),#15632);
#15636=CARTESIAN_POINT('',(-1.1E1,-1.35E1,-1.4E0));
#15637=DIRECTION('',(0.E0,0.E0,1.E0));
#15638=DIRECTION('',(1.E0,0.E0,0.E0));
#15639=AXIS2_PLACEMENT_3D('',#15636,#15637,#15638);
#15641=CURVE_STYLE('',#24,POSITIVE_LENGTH_MEASURE(2.E-2),#6);
#15642=PRESENTATION_STYLE_ASSIGNMENT((#15641));
#15643=STYLED_ITEM('',(#15642),#15640);
#15644=CARTESIAN_POINT('',(-1.1E1,-1.35E1,-1.4E0));
#15645=DIRECTION('',(0.E0,0.E0,1.E0));
#15646=DIRECTION('',(-1.E0,0.E0,0.E0));
#15647=AXIS2_PLACEMENT_3D('',#15644,#15645,#15646);
#15649=CURVE_STYLE('',#24,POSITIVE_LENGTH_MEASURE(2.E-2),#6);
#15650=PRESENTATION_STYLE_ASSIGNMENT((#15649));
#15651=STYLED_ITEM('',(#15650),#15648);
#15652=CARTESIAN_POINT('',(1.1E1,-1.35E1,-1.4E0));
#15653=DIRECTION('',(0.E0,0.E0,1.E0));
#15654=DIRECTION('',(1.E0,0.E0,0.E0));
#15655=AXIS2_PLACEMENT_3D('',#15652,#15653,#15654);
#15657=CURVE_STYLE('',#24,POSITIVE_LENGTH_MEASURE(2.E-2),#6);
#15658=PRESENTATION_STYLE_ASSIGNMENT((#15657));
#15659=STYLED_ITEM('',(#15658),#15656);
#15660=CARTESIAN_POINT('',(1.1E1,-1.35E1,-1.4E0));
#15661=DIRECTION('',(0.E0,0.E0,1.E0));
#15662=DIRECTION('',(-1.E0,0.E0,0.E0));
#15663=AXIS2_PLACEMENT_3D('',#15660,#15661,#15662);
#15665=CURVE_STYLE('',#24,POSITIVE_LENGTH_MEASURE(2.E-2),#6);
#15666=PRESENTATION_STYLE_ASSIGNMENT((#15665));
#15667=STYLED_ITEM('',(#15666),#15664);
#15668=CARTESIAN_POINT('',(-1.05E1,-1.35E1,-1.4E0));
#15669=DIRECTION('',(0.E0,0.E0,-1.E0));
#15670=DIRECTION('',(-7.239348833329E-1,-6.898683096749E-1,0.E0));
#15671=AXIS2_PLACEMENT_3D('',#15668,#15669,#15670);
#15673=CURVE_STYLE('',#24,POSITIVE_LENGTH_MEASURE(2.E-2),#6);
#15674=PRESENTATION_STYLE_ASSIGNMENT((#15673));
#15675=STYLED_ITEM('',(#15674),#15672);
#15676=DIRECTION('',(2.468514196816E-2,2.468514196816E-2,-9.993904579953E-1));
#15677=VECTOR('',#15676,2.701646767187E0);
#15678=CARTESIAN_POINT('',(-1.210943343265E1,-1.503369750136E1,-1.4E0));
#15679=LINE('',#15678,#15677);
#15680=CURVE_STYLE('',#24,POSITIVE_LENGTH_MEASURE(2.E-2),#6);
#15681=PRESENTATION_STYLE_ASSIGNMENT((#15680));
#15682=STYLED_ITEM('',(#15681),#15679);
#15683=DIRECTION('',(0.E0,-3.489949670250E-2,9.993908270191E-1));
#15684=VECTOR('',#15683,4.902986767064E0);
#15685=CARTESIAN_POINT('',(-1.05E1,-1.562888822949E1,-4.1E0));
#15686=LINE('',#15685,#15684);
#15687=CURVE_STYLE('',#24,POSITIVE_LENGTH_MEASURE(2.E-2),#6);
#15688=PRESENTATION_STYLE_ASSIGNMENT((#15687));
#15689=STYLED_ITEM('',(#15688),#15686);
#15690=CARTESIAN_POINT('',(-1.246469184439E1,-1.454042777568E1,-1.4E0));
#15691=CARTESIAN_POINT('',(-1.245689107345E1,-1.453262700474E1,
-1.701954822444E0));
#15692=CARTESIAN_POINT('',(-1.244131269703E1,-1.451704862832E1,
-2.304561408939E0));
#15693=CARTESIAN_POINT('',(-1.241801324830E1,-1.449374917959E1,
-3.204573186876E0));
#15694=CARTESIAN_POINT('',(-1.240252550115E1,-1.447826143244E1,
-3.801960004980E0));
#15695=CARTESIAN_POINT('',(-1.239479268142E1,-1.447052861271E1,-4.1E0));
#15697=CURVE_STYLE('',#24,POSITIVE_LENGTH_MEASURE(2.E-2),#6);
#15698=PRESENTATION_STYLE_ASSIGNMENT((#15697));
#15699=STYLED_ITEM('',(#15698),#15696);
#15700=DIRECTION('',(1.E0,0.E0,0.E0));
#15701=VECTOR('',#15700,1.828888229490E0);
#15702=CARTESIAN_POINT('',(-1.262888822949E1,2.8E0,-4.1E0));
#15703=LINE('',#15702,#15701);
#15704=CURVE_STYLE('',#24,POSITIVE_LENGTH_MEASURE(2.E-2),#6);
#15705=PRESENTATION_STYLE_ASSIGNMENT((#15704));
#15706=STYLED_ITEM('',(#15705),#15703);
#15707=DIRECTION('',(0.E0,1.E0,0.E0));
#15708=VECTOR('',#15707,8.E-1);
#15709=CARTESIAN_POINT('',(-1.08E1,2.8E0,-4.1E0));
#15710=LINE('',#15709,#15708);
#15711=CURVE_STYLE('',#24,POSITIVE_LENGTH_MEASURE(2.E-2),#6);
#15712=PRESENTATION_STYLE_ASSIGNMENT((#15711));
#15713=STYLED_ITEM('',(#15712),#15710);
#15714=DIRECTION('',(1.E0,0.E0,0.E0));
#15715=VECTOR('',#15714,1.828888229490E0);
#15716=CARTESIAN_POINT('',(-1.262888822949E1,3.6E0,-4.1E0));
#15717=LINE('',#15716,#15715);
#15718=CURVE_STYLE('',#24,POSITIVE_LENGTH_MEASURE(2.E-2),#6);
#15719=PRESENTATION_STYLE_ASSIGNMENT((#15718));
#15720=STYLED_ITEM('',(#15719),#15717);
#15721=DIRECTION('',(0.E0,1.E0,0.E0));
#15722=VECTOR('',#15721,1.04E1);
#15723=CARTESIAN_POINT('',(-1.262888822949E1,3.6E0,-4.1E0));
#15724=LINE('',#15723,#15722);
#15725=CURVE_STYLE('',#24,POSITIVE_LENGTH_MEASURE(2.E-2),#6);
#15726=PRESENTATION_STYLE_ASSIGNMENT((#15725));
#15727=STYLED_ITEM('',(#15726),#15724);
#15728=CARTESIAN_POINT('',(-1.05E1,1.4E1,-4.1E0));
#15729=DIRECTION('',(0.E0,0.E0,-1.E0));
#15730=DIRECTION('',(-1.E0,0.E0,0.E0));
#15731=AXIS2_PLACEMENT_3D('',#15728,#15729,#15730);
#15733=CURVE_STYLE('',#24,POSITIVE_LENGTH_MEASURE(2.E-2),#6);
#15734=PRESENTATION_STYLE_ASSIGNMENT((#15733));
#15735=STYLED_ITEM('',(#15734),#15732);
#15736=DIRECTION('',(1.E0,0.E0,0.E0));
#15737=VECTOR('',#15736,5.6E0);
#15738=CARTESIAN_POINT('',(-1.05E1,1.612888822949E1,-4.1E0));
#15739=LINE('',#15738,#15737);
#15740=CURVE_STYLE('',#24,POSITIVE_LENGTH_MEASURE(2.E-2),#6);
#15741=PRESENTATION_STYLE_ASSIGNMENT((#15740));
#15742=STYLED_ITEM('',(#15741),#15739);
#15743=DIRECTION('',(0.E0,-1.E0,0.E0));
#15744=VECTOR('',#15743,1.828888229490E0);
#15745=CARTESIAN_POINT('',(-4.9E0,1.612888822949E1,-4.1E0));
#15746=LINE('',#15745,#15744);
#15747=CURVE_STYLE('',#24,POSITIVE_LENGTH_MEASURE(2.E-2),#6);
#15748=PRESENTATION_STYLE_ASSIGNMENT((#15747));
#15749=STYLED_ITEM('',(#15748),#15746);
#15750=DIRECTION('',(1.E0,0.E0,0.E0));
#15751=VECTOR('',#15750,8.E-1);
#15752=CARTESIAN_POINT('',(-4.9E0,1.43E1,-4.1E0));
#15753=LINE('',#15752,#15751);
#15754=CURVE_STYLE('',#24,POSITIVE_LENGTH_MEASURE(2.E-2),#6);
#15755=PRESENTATION_STYLE_ASSIGNMENT((#15754));
#15756=STYLED_ITEM('',(#15755),#15753);
#15757=DIRECTION('',(0.E0,-1.E0,0.E0));
#15758=VECTOR('',#15757,1.828888229490E0);
#15759=CARTESIAN_POINT('',(-4.1E0,1.612888822949E1,-4.1E0));
#15760=LINE('',#15759,#15758);
#15761=CURVE_STYLE('',#24,POSITIVE_LENGTH_MEASURE(2.E-2),#6);
#15762=PRESENTATION_STYLE_ASSIGNMENT((#15761));
#15763=STYLED_ITEM('',(#15762),#15760);
#15764=DIRECTION('',(1.E0,0.E0,0.E0));
#15765=VECTOR('',#15764,8.2E0);
#15766=CARTESIAN_POINT('',(-4.1E0,1.612888822949E1,-4.1E0));
#15767=LINE('',#15766,#15765);
#15768=CURVE_STYLE('',#24,POSITIVE_LENGTH_MEASURE(2.E-2),#6);
#15769=PRESENTATION_STYLE_ASSIGNMENT((#15768));
#15770=STYLED_ITEM('',(#15769),#15767);
#15771=DIRECTION('',(0.E0,-1.E0,0.E0));
#15772=VECTOR('',#15771,1.828888229490E0);
#15773=CARTESIAN_POINT('',(4.1E0,1.612888822949E1,-4.1E0));
#15774=LINE('',#15773,#15772);
#15775=CURVE_STYLE('',#24,POSITIVE_LENGTH_MEASURE(2.E-2),#6);
#15776=PRESENTATION_STYLE_ASSIGNMENT((#15775));
#15777=STYLED_ITEM('',(#15776),#15774);
#15778=DIRECTION('',(1.E0,0.E0,0.E0));
#15779=VECTOR('',#15778,8.E-1);
#15780=CARTESIAN_POINT('',(4.1E0,1.43E1,-4.1E0));
#15781=LINE('',#15780,#15779);
#15782=CURVE_STYLE('',#24,POSITIVE_LENGTH_MEASURE(2.E-2),#6);
#15783=PRESENTATION_STYLE_ASSIGNMENT((#15782));
#15784=STYLED_ITEM('',(#15783),#15781);
#15785=DIRECTION('',(0.E0,-1.E0,0.E0));
#15786=VECTOR('',#15785,1.828888229490E0);
#15787=CARTESIAN_POINT('',(4.9E0,1.612888822949E1,-4.1E0));
#15788=LINE('',#15787,#15786);
#15789=CURVE_STYLE('',#24,POSITIVE_LENGTH_MEASURE(2.E-2),#6);
#15790=PRESENTATION_STYLE_ASSIGNMENT((#15789));
#15791=STYLED_ITEM('',(#15790),#15788);
#15792=DIRECTION('',(1.E0,0.E0,0.E0));
#15793=VECTOR('',#15792,5.6E0);
#15794=CARTESIAN_POINT('',(4.9E0,1.612888822949E1,-4.1E0));
#15795=LINE('',#15794,#15793);
#15796=CURVE_STYLE('',#24,POSITIVE_LENGTH_MEASURE(2.E-2),#6);
#15797=PRESENTATION_STYLE_ASSIGNMENT((#15796));
#15798=STYLED_ITEM('',(#15797),#15795);
#15799=CARTESIAN_POINT('',(1.05E1,1.4E1,-4.1E0));
#15800=DIRECTION('',(0.E0,0.E0,-1.E0));
#15801=DIRECTION('',(0.E0,1.E0,0.E0));
#15802=AXIS2_PLACEMENT_3D('',#15799,#15800,#15801);
#15804=CURVE_STYLE('',#24,POSITIVE_LENGTH_MEASURE(2.E-2),#6);
#15805=PRESENTATION_STYLE_ASSIGNMENT((#15804));
#15806=STYLED_ITEM('',(#15805),#15803);
#15807=DIRECTION('',(0.E0,-1.E0,0.E0));
#15808=VECTOR('',#15807,5.8E0);
#15809=CARTESIAN_POINT('',(1.262888822949E1,1.4E1,-4.1E0));
#15810=LINE('',#15809,#15808);
#15811=CURVE_STYLE('',#24,POSITIVE_LENGTH_MEASURE(2.E-2),#6);
#15812=PRESENTATION_STYLE_ASSIGNMENT((#15811));
#15813=STYLED_ITEM('',(#15812),#15810);
#15814=DIRECTION('',(-1.E0,0.E0,0.E0));
#15815=VECTOR('',#15814,1.828888229490E0);
#15816=CARTESIAN_POINT('',(1.262888822949E1,8.2E0,-4.1E0));
#15817=LINE('',#15816,#15815);
#15818=CURVE_STYLE('',#24,POSITIVE_LENGTH_MEASURE(2.E-2),#6);
#15819=PRESENTATION_STYLE_ASSIGNMENT((#15818));
#15820=STYLED_ITEM('',(#15819),#15817);
#15821=DIRECTION('',(0.E0,-1.E0,0.E0));
#15822=VECTOR('',#15821,8.E-1);
#15823=CARTESIAN_POINT('',(1.08E1,8.2E0,-4.1E0));
#15824=LINE('',#15823,#15822);
#15825=CURVE_STYLE('',#24,POSITIVE_LENGTH_MEASURE(2.E-2),#6);
#15826=PRESENTATION_STYLE_ASSIGNMENT((#15825));
#15827=STYLED_ITEM('',(#15826),#15824);
#15828=DIRECTION('',(-1.E0,0.E0,0.E0));
#15829=VECTOR('',#15828,1.828888229490E0);
#15830=CARTESIAN_POINT('',(1.262888822949E1,7.4E0,-4.1E0));
#15831=LINE('',#15830,#15829);
#15832=CURVE_STYLE('',#24,POSITIVE_LENGTH_MEASURE(2.E-2),#6);
#15833=PRESENTATION_STYLE_ASSIGNMENT((#15832));
#15834=STYLED_ITEM('',(#15833),#15831);
#15835=DIRECTION('',(0.E0,-1.E0,0.E0));
#15836=VECTOR('',#15835,1.38E1);
#15837=CARTESIAN_POINT('',(1.262888822949E1,7.4E0,-4.1E0));
#15838=LINE('',#15837,#15836);
#15839=CURVE_STYLE('',#24,POSITIVE_LENGTH_MEASURE(2.E-2),#6);
#15840=PRESENTATION_STYLE_ASSIGNMENT((#15839));
#15841=STYLED_ITEM('',(#15840),#15838);
#15842=DIRECTION('',(1.E0,0.E0,0.E0));
#15843=VECTOR('',#15842,1.828888229490E0);
#15844=CARTESIAN_POINT('',(1.08E1,-6.4E0,-4.1E0));
#15845=LINE('',#15844,#15843);
#15846=CURVE_STYLE('',#24,POSITIVE_LENGTH_MEASURE(2.E-2),#6);
#15847=PRESENTATION_STYLE_ASSIGNMENT((#15846));
#15848=STYLED_ITEM('',(#15847),#15845);
#15849=DIRECTION('',(0.E0,-1.E0,0.E0));
#15850=VECTOR('',#15849,8.E-1);
#15851=CARTESIAN_POINT('',(1.08E1,-6.4E0,-4.1E0));
#15852=LINE('',#15851,#15850);
#15853=CURVE_STYLE('',#24,POSITIVE_LENGTH_MEASURE(2.E-2),#6);
#15854=PRESENTATION_STYLE_ASSIGNMENT((#15853));
#15855=STYLED_ITEM('',(#15854),#15852);
#15856=DIRECTION('',(1.E0,0.E0,0.E0));
#15857=VECTOR('',#15856,1.828888229490E0);
#15858=CARTESIAN_POINT('',(1.08E1,-7.2E0,-4.1E0));
#15859=LINE('',#15858,#15857);
#15860=CURVE_STYLE('',#24,POSITIVE_LENGTH_MEASURE(2.E-2),#6);
#15861=PRESENTATION_STYLE_ASSIGNMENT((#15860));
#15862=STYLED_ITEM('',(#15861),#15859);
#15863=DIRECTION('',(0.E0,-1.E0,0.E0));
#15864=VECTOR('',#15863,6.3E0);
#15865=CARTESIAN_POINT('',(1.262888822949E1,-7.2E0,-4.1E0));
#15866=LINE('',#15865,#15864);
#15867=CURVE_STYLE('',#24,POSITIVE_LENGTH_MEASURE(2.E-2),#6);
#15868=PRESENTATION_STYLE_ASSIGNMENT((#15867));
#15869=STYLED_ITEM('',(#15868),#15866);
#15870=CARTESIAN_POINT('',(1.05E1,-1.35E1,-4.1E0));
#15871=DIRECTION('',(0.E0,0.E0,-1.E0));
#15872=DIRECTION('',(1.E0,0.E0,0.E0));
#15873=AXIS2_PLACEMENT_3D('',#15870,#15871,#15872);
#15875=CURVE_STYLE('',#24,POSITIVE_LENGTH_MEASURE(2.E-2),#6);
#15876=PRESENTATION_STYLE_ASSIGNMENT((#15875));
#15877=STYLED_ITEM('',(#15876),#15874);
#15878=DIRECTION('',(-7.071067811865E-1,7.071067811865E-1,0.E0));
#15879=VECTOR('',#15878,7.185955253497E-1);
#15880=CARTESIAN_POINT('',(1.239479268142E1,-1.447052861271E1,-4.1E0));
#15881=LINE('',#15880,#15879);
#15882=CURVE_STYLE('',#24,POSITIVE_LENGTH_MEASURE(2.E-2),#6);
#15883=PRESENTATION_STYLE_ASSIGNMENT((#15882));
#15884=STYLED_ITEM('',(#15883),#15881);
#15885=CARTESIAN_POINT('',(1.1E1,-1.35E1,-4.1E0));
#15886=DIRECTION('',(0.E0,0.E0,1.E0));
#15887=DIRECTION('',(8.866689125176E-1,-4.624048438056E-1,0.E0));
#15888=AXIS2_PLACEMENT_3D('',#15885,#15886,#15887);
#15890=CURVE_STYLE('',#24,POSITIVE_LENGTH_MEASURE(2.E-2),#6);
#15891=PRESENTATION_STYLE_ASSIGNMENT((#15890));
#15892=STYLED_ITEM('',(#15891),#15889);
#15893=DIRECTION('',(0.E0,1.E0,0.E0));
#15894=VECTOR('',#15893,2.E0);
#15895=CARTESIAN_POINT('',(1.13E1,-1.254606079858E1,-4.1E0));
#15896=LINE('',#15895,#15894);
#15897=CURVE_STYLE('',#24,POSITIVE_LENGTH_MEASURE(2.E-2),#6);
#15898=PRESENTATION_STYLE_ASSIGNMENT((#15897));
#15899=STYLED_ITEM('',(#15898),#15896);
#15900=DIRECTION('',(-1.E0,0.E0,0.E0));
#15901=VECTOR('',#15900,6.E-1);
#15902=CARTESIAN_POINT('',(1.13E1,-1.054606079858E1,-4.1E0));
#15903=LINE('',#15902,#15901);
#15904=CURVE_STYLE('',#24,POSITIVE_LENGTH_MEASURE(2.E-2),#6);
#15905=PRESENTATION_STYLE_ASSIGNMENT((#15904));
#15906=STYLED_ITEM('',(#15905),#15903);
#15907=DIRECTION('',(0.E0,-1.E0,0.E0));
#15908=VECTOR('',#15907,2.E0);
#15909=CARTESIAN_POINT('',(1.07E1,-1.054606079858E1,-4.1E0));
#15910=LINE('',#15909,#15908);
#15911=CURVE_STYLE('',#24,POSITIVE_LENGTH_MEASURE(2.E-2),#6);
#15912=PRESENTATION_STYLE_ASSIGNMENT((#15911));
#15913=STYLED_ITEM('',(#15912),#15910);
#15914=CARTESIAN_POINT('',(1.1E1,-1.35E1,-4.1E0));
#15915=DIRECTION('',(0.E0,0.E0,1.E0));
#15916=DIRECTION('',(-3.E-1,9.539392014169E-1,0.E0));
#15917=AXIS2_PLACEMENT_3D('',#15914,#15915,#15916);
#15919=CURVE_STYLE('',#24,POSITIVE_LENGTH_MEASURE(2.E-2),#6);
#15920=PRESENTATION_STYLE_ASSIGNMENT((#15919));
#15921=STYLED_ITEM('',(#15920),#15918);
#15922=DIRECTION('',(-1.E0,0.E0,0.E0));
#15923=VECTOR('',#15922,2.E0);
#15924=CARTESIAN_POINT('',(1.004606079858E1,-1.32E1,-4.1E0));
#15925=LINE('',#15924,#15923);
#15926=CURVE_STYLE('',#24,POSITIVE_LENGTH_MEASURE(2.E-2),#6);
#15927=PRESENTATION_STYLE_ASSIGNMENT((#15926));
#15928=STYLED_ITEM('',(#15927),#15925);
#15929=DIRECTION('',(0.E0,-1.E0,0.E0));
#15930=VECTOR('',#15929,6.E-1);
#15931=CARTESIAN_POINT('',(8.046060798583E0,-1.32E1,-4.1E0));
#15932=LINE('',#15931,#15930);
#15933=CURVE_STYLE('',#24,POSITIVE_LENGTH_MEASURE(2.E-2),#6);
#15934=PRESENTATION_STYLE_ASSIGNMENT((#15933));
#15935=STYLED_ITEM('',(#15934),#15932);
#15936=DIRECTION('',(1.E0,0.E0,0.E0));
#15937=VECTOR('',#15936,2.E0);
#15938=CARTESIAN_POINT('',(8.046060798583E0,-1.38E1,-4.1E0));
#15939=LINE('',#15938,#15937);
#15940=CURVE_STYLE('',#24,POSITIVE_LENGTH_MEASURE(2.E-2),#6);
#15941=PRESENTATION_STYLE_ASSIGNMENT((#15940));
#15942=STYLED_ITEM('',(#15941),#15939);
#15943=CARTESIAN_POINT('',(1.1E1,-1.35E1,-4.1E0));
#15944=DIRECTION('',(0.E0,0.E0,1.E0));
#15945=DIRECTION('',(-9.539392014169E-1,-3.E-1,0.E0));
#15946=AXIS2_PLACEMENT_3D('',#15943,#15944,#15945);
#15948=CURVE_STYLE('',#24,POSITIVE_LENGTH_MEASURE(2.E-2),#6);
#15949=PRESENTATION_STYLE_ASSIGNMENT((#15948));
#15950=STYLED_ITEM('',(#15949),#15947);
#15951=DIRECTION('',(7.071067811865E-1,-7.071067811865E-1,0.E0));
#15952=VECTOR('',#15951,8.207219479314E-1);
#15953=CARTESIAN_POINT('',(1.146240484381E1,-1.438666891252E1,-4.1E0));
#15954=LINE('',#15953,#15952);
#15955=CURVE_STYLE('',#24,POSITIVE_LENGTH_MEASURE(2.E-2),#6);
#15956=PRESENTATION_STYLE_ASSIGNMENT((#15955));
#15957=STYLED_ITEM('',(#15956),#15954);
#15958=CARTESIAN_POINT('',(1.05E1,-1.35E1,-4.1E0));
#15959=DIRECTION('',(0.E0,0.E0,-1.E0));
#15960=DIRECTION('',(7.246706883366E-1,-6.890953442491E-1,0.E0));
#15961=AXIS2_PLACEMENT_3D('',#15958,#15959,#15960);
#15963=CURVE_STYLE('',#24,POSITIVE_LENGTH_MEASURE(2.E-2),#6);
#15964=PRESENTATION_STYLE_ASSIGNMENT((#15963));
#15965=STYLED_ITEM('',(#15964),#15962);
#15966=DIRECTION('',(-1.E0,0.E0,0.E0));
#15967=VECTOR('',#15966,2.1E1);
#15968=CARTESIAN_POINT('',(1.05E1,-1.562888822949E1,-4.1E0));
#15969=LINE('',#15968,#15967);
#15970=CURVE_STYLE('',#24,POSITIVE_LENGTH_MEASURE(2.E-2),#6);
#15971=PRESENTATION_STYLE_ASSIGNMENT((#15970));
#15972=STYLED_ITEM('',(#15971),#15969);
#15973=CARTESIAN_POINT('',(-1.05E1,-1.35E1,-4.1E0));
#15974=DIRECTION('',(0.E0,0.E0,-1.E0));
#15975=DIRECTION('',(0.E0,-1.E0,0.E0));
#15976=AXIS2_PLACEMENT_3D('',#15973,#15974,#15975);
#15978=CURVE_STYLE('',#24,POSITIVE_LENGTH_MEASURE(2.E-2),#6);
#15979=PRESENTATION_STYLE_ASSIGNMENT((#15978));
#15980=STYLED_ITEM('',(#15979),#15977);
#15981=DIRECTION('',(7.071067811865E-1,7.071067811865E-1,0.E0));
#15982=VECTOR('',#15981,8.207219479314E-1);
#15983=CARTESIAN_POINT('',(-1.204274289866E1,-1.496700696737E1,-4.1E0));
#15984=LINE('',#15983,#15982);
#15985=CURVE_STYLE('',#24,POSITIVE_LENGTH_MEASURE(2.E-2),#6);
#15986=PRESENTATION_STYLE_ASSIGNMENT((#15985));
#15987=STYLED_ITEM('',(#15986),#15984);
#15988=CARTESIAN_POINT('',(-1.1E1,-1.35E1,-4.1E0));
#15989=DIRECTION('',(0.E0,0.E0,1.E0));
#15990=DIRECTION('',(-4.624048438056E-1,-8.866689125176E-1,0.E0));
#15991=AXIS2_PLACEMENT_3D('',#15988,#15989,#15990);
#15993=CURVE_STYLE('',#24,POSITIVE_LENGTH_MEASURE(2.E-2),#6);
#15994=PRESENTATION_STYLE_ASSIGNMENT((#15993));
#15995=STYLED_ITEM('',(#15994),#15992);
#15996=DIRECTION('',(1.E0,0.E0,0.E0));
#15997=VECTOR('',#15996,2.E0);
#15998=CARTESIAN_POINT('',(-1.004606079858E1,-1.38E1,-4.1E0));
#15999=LINE('',#15998,#15997);
#16000=CURVE_STYLE('',#24,POSITIVE_LENGTH_MEASURE(2.E-2),#6);
#16001=PRESENTATION_STYLE_ASSIGNMENT((#16000));
#16002=STYLED_ITEM('',(#16001),#15999);
#16003=DIRECTION('',(0.E0,1.E0,0.E0));
#16004=VECTOR('',#16003,6.E-1);
#16005=CARTESIAN_POINT('',(-8.046060798583E0,-1.38E1,-4.1E0));
#16006=LINE('',#16005,#16004);
#16007=CURVE_STYLE('',#24,POSITIVE_LENGTH_MEASURE(2.E-2),#6);
#16008=PRESENTATION_STYLE_ASSIGNMENT((#16007));
#16009=STYLED_ITEM('',(#16008),#16006);
#16010=DIRECTION('',(-1.E0,0.E0,0.E0));
#16011=VECTOR('',#16010,2.E0);
#16012=CARTESIAN_POINT('',(-8.046060798583E0,-1.32E1,-4.1E0));
#16013=LINE('',#16012,#16011);
#16014=CURVE_STYLE('',#24,POSITIVE_LENGTH_MEASURE(2.E-2),#6);
#16015=PRESENTATION_STYLE_ASSIGNMENT((#16014));
#16016=STYLED_ITEM('',(#16015),#16013);
#16017=CARTESIAN_POINT('',(-1.1E1,-1.35E1,-4.1E0));
#16018=DIRECTION('',(0.E0,0.E0,1.E0));
#16019=DIRECTION('',(9.539392014169E-1,3.E-1,0.E0));
#16020=AXIS2_PLACEMENT_3D('',#16017,#16018,#16019);
#16022=CURVE_STYLE('',#24,POSITIVE_LENGTH_MEASURE(2.E-2),#6);
#16023=PRESENTATION_STYLE_ASSIGNMENT((#16022));
#16024=STYLED_ITEM('',(#16023),#16021);
#16025=DIRECTION('',(0.E0,1.E0,0.E0));
#16026=VECTOR('',#16025,2.E0);
#16027=CARTESIAN_POINT('',(-1.07E1,-1.254606079858E1,-4.1E0));
#16028=LINE('',#16027,#16026);
#16029=CURVE_STYLE('',#24,POSITIVE_LENGTH_MEASURE(2.E-2),#6);
#16030=PRESENTATION_STYLE_ASSIGNMENT((#16029));
#16031=STYLED_ITEM('',(#16030),#16028);
#16032=DIRECTION('',(-1.E0,0.E0,0.E0));
#16033=VECTOR('',#16032,6.E-1);
#16034=CARTESIAN_POINT('',(-1.07E1,-1.054606079858E1,-4.1E0));
#16035=LINE('',#16034,#16033);
#16036=CURVE_STYLE('',#24,POSITIVE_LENGTH_MEASURE(2.E-2),#6);
#16037=PRESENTATION_STYLE_ASSIGNMENT((#16036));
#16038=STYLED_ITEM('',(#16037),#16035);
#16039=DIRECTION('',(0.E0,-1.E0,0.E0));
#16040=VECTOR('',#16039,2.E0);
#16041=CARTESIAN_POINT('',(-1.13E1,-1.054606079858E1,-4.1E0));
#16042=LINE('',#16041,#16040);
#16043=CURVE_STYLE('',#24,POSITIVE_LENGTH_MEASURE(2.E-2),#6);
#16044=PRESENTATION_STYLE_ASSIGNMENT((#16043));
#16045=STYLED_ITEM('',(#16044),#16042);
#16046=CARTESIAN_POINT('',(-1.1E1,-1.35E1,-4.1E0));
#16047=DIRECTION('',(0.E0,0.E0,1.E0));
#16048=DIRECTION('',(-3.E-1,9.539392014169E-1,0.E0));
#16049=AXIS2_PLACEMENT_3D('',#16046,#16047,#16048);
#16051=CURVE_STYLE('',#24,POSITIVE_LENGTH_MEASURE(2.E-2),#6);
#16052=PRESENTATION_STYLE_ASSIGNMENT((#16051));
#16053=STYLED_ITEM('',(#16052),#16050);
#16054=DIRECTION('',(-7.071067811865E-1,-7.071067811865E-1,0.E0));
#16055=VECTOR('',#16054,7.185955253497E-1);
#16056=CARTESIAN_POINT('',(-1.188666891252E1,-1.396240484381E1,-4.1E0));
#16057=LINE('',#16056,#16055);
#16058=CURVE_STYLE('',#24,POSITIVE_LENGTH_MEASURE(2.E-2),#6);
#16059=PRESENTATION_STYLE_ASSIGNMENT((#16058));
#16060=STYLED_ITEM('',(#16059),#16057);
#16061=CARTESIAN_POINT('',(-1.05E1,-1.35E1,-4.1E0));
#16062=DIRECTION('',(0.E0,0.E0,-1.E0));
#16063=DIRECTION('',(-8.900385915874E-1,-4.558851889293E-1,0.E0));
#16064=AXIS2_PLACEMENT_3D('',#16061,#16062,#16063);
#16066=CURVE_STYLE('',#24,POSITIVE_LENGTH_MEASURE(2.E-2),#6);
#16067=PRESENTATION_STYLE_ASSIGNMENT((#16066));
#16068=STYLED_ITEM('',(#16067),#16065);
#16069=DIRECTION('',(0.E0,1.E0,0.E0));
#16070=VECTOR('',#16069,1.63E1);
#16071=CARTESIAN_POINT('',(-1.262888822949E1,-1.35E1,-4.1E0));
#16072=LINE('',#16071,#16070);
#16073=CURVE_STYLE('',#24,POSITIVE_LENGTH_MEASURE(2.E-2),#6);
#16074=PRESENTATION_STYLE_ASSIGNMENT((#16073));
#16075=STYLED_ITEM('',(#16074),#16072);
#16076=DIRECTION('',(-3.489949670250E-2,0.E0,9.993908270191E-1));
#16077=VECTOR('',#16076,2.701645769607E0);
#16078=CARTESIAN_POINT('',(-1.262888822949E1,2.8E0,-4.1E0));
#16079=LINE('',#16078,#16077);
#16080=CURVE_STYLE('',#24,POSITIVE_LENGTH_MEASURE(2.E-2),#6);
#16081=PRESENTATION_STYLE_ASSIGNMENT((#16080));
#16082=STYLED_ITEM('',(#16081),#16079);
#16083=DIRECTION('',(-3.489949670250E-2,0.E0,9.993908270191E-1));
#16084=VECTOR('',#16083,4.902986767064E0);
#16085=CARTESIAN_POINT('',(-1.262888822949E1,-1.35E1,-4.1E0));
#16086=LINE('',#16085,#16084);
#16087=CURVE_STYLE('',#24,POSITIVE_LENGTH_MEASURE(2.E-2),#6);
#16088=PRESENTATION_STYLE_ASSIGNMENT((#16087));
#16089=STYLED_ITEM('',(#16088),#16086);
#16090=DIRECTION('',(3.489949670250E-2,0.E0,-9.993908270191E-1));
#16091=VECTOR('',#16090,4.902986767064E0);
#16092=CARTESIAN_POINT('',(-1.28E1,1.4E1,8.E-1));
#16093=LINE('',#16092,#16091);
#16094=CURVE_STYLE('',#24,POSITIVE_LENGTH_MEASURE(2.E-2),#6);
#16095=PRESENTATION_STYLE_ASSIGNMENT((#16094));
#16096=STYLED_ITEM('',(#16095),#16093);
#16097=DIRECTION('',(-3.489949670250E-2,0.E0,9.993908270191E-1));
#16098=VECTOR('',#16097,2.701645769607E0);
#16099=CARTESIAN_POINT('',(-1.262888822949E1,3.6E0,-4.1E0));
#16100=LINE('',#16099,#16098);
#16101=CURVE_STYLE('',#24,POSITIVE_LENGTH_MEASURE(2.E-2),#6);
#16102=PRESENTATION_STYLE_ASSIGNMENT((#16101));
#16103=STYLED_ITEM('',(#16102),#16100);
#16104=DIRECTION('',(0.E0,-1.E0,0.E0));
#16105=VECTOR('',#16104,8.E-1);
#16106=CARTESIAN_POINT('',(-1.272317430712E1,3.6E0,-1.4E0));
#16107=LINE('',#16106,#16105);
#16108=CURVE_STYLE('',#24,POSITIVE_LENGTH_MEASURE(2.E-2),#6);
#16109=PRESENTATION_STYLE_ASSIGNMENT((#16108));
#16110=STYLED_ITEM('',(#16109),#16107);
#16111=CARTESIAN_POINT('',(-1.05E1,1.4E1,8.E-1));
#16112=DIRECTION('',(0.E0,0.E0,-1.E0));
#16113=DIRECTION('',(-1.E0,0.E0,0.E0));
#16114=AXIS2_PLACEMENT_3D('',#16111,#16112,#16113);
#16116=CURVE_STYLE('',#24,POSITIVE_LENGTH_MEASURE(2.E-2),#6);
#16117=PRESENTATION_STYLE_ASSIGNMENT((#16116));
#16118=STYLED_ITEM('',(#16117),#16115);
#16119=DIRECTION('',(0.E0,1.E0,0.E0));
#16120=VECTOR('',#16119,2.75E1);
#16121=CARTESIAN_POINT('',(-1.28E1,-1.35E1,8.E-1));
#16122=LINE('',#16121,#16120);
#16123=CURVE_STYLE('',#24,POSITIVE_LENGTH_MEASURE(2.E-2),#6);
#16124=PRESENTATION_STYLE_ASSIGNMENT((#16123));
#16125=STYLED_ITEM('',(#16124),#16122);
#16126=CARTESIAN_POINT('',(-1.05E1,-1.35E1,8.E-1));
#16127=DIRECTION('',(0.E0,0.E0,-1.E0));
#16128=DIRECTION('',(0.E0,-1.E0,0.E0));
#16129=AXIS2_PLACEMENT_3D('',#16126,#16127,#16128);
#16131=CURVE_STYLE('',#24,POSITIVE_LENGTH_MEASURE(2.E-2),#6);
#16132=PRESENTATION_STYLE_ASSIGNMENT((#16131));
#16133=STYLED_ITEM('',(#16132),#16130);
#16134=DIRECTION('',(-1.E0,0.E0,0.E0));
#16135=VECTOR('',#16134,5.425E0);
#16136=CARTESIAN_POINT('',(-5.075E0,-1.58E1,8.E-1));
#16137=LINE('',#16136,#16135);
#16138=CURVE_STYLE('',#24,POSITIVE_LENGTH_MEASURE(2.E-2),#6);
#16139=PRESENTATION_STYLE_ASSIGNMENT((#16138));
#16140=STYLED_ITEM('',(#16139),#16137);
#16141=DIRECTION('',(0.E0,1.E0,0.E0));
#16142=VECTOR('',#16141,7.E-1);
#16143=CARTESIAN_POINT('',(-5.075E0,-1.65E1,8.E-1));
#16144=LINE('',#16143,#16142);
#16145=CURVE_STYLE('',#24,POSITIVE_LENGTH_MEASURE(2.E-2),#6);
#16146=PRESENTATION_STYLE_ASSIGNMENT((#16145));
#16147=STYLED_ITEM('',(#16146),#16144);
#16148=DIRECTION('',(1.E0,0.E0,0.E0));
#16149=VECTOR('',#16148,5.425E0);
#16150=CARTESIAN_POINT('',(-1.05E1,-1.65E1,8.E-1));
#16151=LINE('',#16150,#16149);
#16152=CURVE_STYLE('',#24,POSITIVE_LENGTH_MEASURE(2.E-2),#6);
#16153=PRESENTATION_STYLE_ASSIGNMENT((#16152));
#16154=STYLED_ITEM('',(#16153),#16151);
#16155=CARTESIAN_POINT('',(-1.05E1,-1.35E1,8.E-1));
#16156=DIRECTION('',(0.E0,0.E0,1.E0));
#16157=DIRECTION('',(-1.E0,0.E0,0.E0));
#16158=AXIS2_PLACEMENT_3D('',#16155,#16156,#16157);
#16160=CURVE_STYLE('',#24,POSITIVE_LENGTH_MEASURE(2.E-2),#6);
#16161=PRESENTATION_STYLE_ASSIGNMENT((#16160));
#16162=STYLED_ITEM('',(#16161),#16159);
#16163=DIRECTION('',(0.E0,-1.E0,0.E0));
#16164=VECTOR('',#16163,2.75E1);
#16165=CARTESIAN_POINT('',(-1.35E1,1.4E1,8.E-1));
#16166=LINE('',#16165,#16164);
#16167=CURVE_STYLE('',#24,POSITIVE_LENGTH_MEASURE(2.E-2),#6);
#16168=PRESENTATION_STYLE_ASSIGNMENT((#16167));
#16169=STYLED_ITEM('',(#16168),#16166);
#16170=CARTESIAN_POINT('',(-1.05E1,1.4E1,8.E-1));
#16171=DIRECTION('',(0.E0,0.E0,1.E0));
#16172=DIRECTION('',(-1.006602208993E-14,1.E0,0.E0));
#16173=AXIS2_PLACEMENT_3D('',#16170,#16171,#16172);
#16175=CURVE_STYLE('',#24,POSITIVE_LENGTH_MEASURE(2.E-2),#6);
#16176=PRESENTATION_STYLE_ASSIGNMENT((#16175));
#16177=STYLED_ITEM('',(#16176),#16174);
#16178=DIRECTION('',(-1.E0,0.E0,0.E0));
#16179=VECTOR('',#16178,2.1E1);
#16180=CARTESIAN_POINT('',(1.05E1,1.7E1,8.E-1));
#16181=LINE('',#16180,#16179);
#16182=CURVE_STYLE('',#24,POSITIVE_LENGTH_MEASURE(2.E-2),#6);
#16183=PRESENTATION_STYLE_ASSIGNMENT((#16182));
#16184=STYLED_ITEM('',(#16183),#16181);
#16185=CARTESIAN_POINT('',(1.05E1,1.4E1,8.E-1));
#16186=DIRECTION('',(0.E0,0.E0,1.E0));
#16187=DIRECTION('',(1.E0,0.E0,0.E0));
#16188=AXIS2_PLACEMENT_3D('',#16185,#16186,#16187);
#16190=CURVE_STYLE('',#24,POSITIVE_LENGTH_MEASURE(2.E-2),#6);
#16191=PRESENTATION_STYLE_ASSIGNMENT((#16190));
#16192=STYLED_ITEM('',(#16191),#16189);
#16193=DIRECTION('',(0.E0,1.E0,0.E0));
#16194=VECTOR('',#16193,2.75E1);
#16195=CARTESIAN_POINT('',(1.35E1,-1.35E1,8.E-1));
#16196=LINE('',#16195,#16194);
#16197=CURVE_STYLE('',#24,POSITIVE_LENGTH_MEASURE(2.E-2),#6);
#16198=PRESENTATION_STYLE_ASSIGNMENT((#16197));
#16199=STYLED_ITEM('',(#16198),#16196);
#16200=CARTESIAN_POINT('',(1.05E1,-1.35E1,8.E-1));
#16201=DIRECTION('',(0.E0,0.E0,1.E0));
#16202=DIRECTION('',(0.E0,-1.E0,0.E0));
#16203=AXIS2_PLACEMENT_3D('',#16200,#16201,#16202);
#16205=CURVE_STYLE('',#24,POSITIVE_LENGTH_MEASURE(2.E-2),#6);
#16206=PRESENTATION_STYLE_ASSIGNMENT((#16205));
#16207=STYLED_ITEM('',(#16206),#16204);
#16208=DIRECTION('',(1.E0,0.E0,0.E0));
#16209=VECTOR('',#16208,5.425E0);
#16210=CARTESIAN_POINT('',(5.075E0,-1.65E1,8.E-1));
#16211=LINE('',#16210,#16209);
#16212=CURVE_STYLE('',#24,POSITIVE_LENGTH_MEASURE(2.E-2),#6);
#16213=PRESENTATION_STYLE_ASSIGNMENT((#16212));
#16214=STYLED_ITEM('',(#16213),#16211);
#16215=DIRECTION('',(0.E0,-1.E0,0.E0));
#16216=VECTOR('',#16215,7.E-1);
#16217=CARTESIAN_POINT('',(5.075E0,-1.58E1,8.E-1));
#16218=LINE('',#16217,#16216);
#16219=CURVE_STYLE('',#24,POSITIVE_LENGTH_MEASURE(2.E-2),#6);
#16220=PRESENTATION_STYLE_ASSIGNMENT((#16219));
#16221=STYLED_ITEM('',(#16220),#16218);
#16222=DIRECTION('',(-1.E0,0.E0,0.E0));
#16223=VECTOR('',#16222,5.425E0);
#16224=CARTESIAN_POINT('',(1.05E1,-1.58E1,8.E-1));
#16225=LINE('',#16224,#16223);
#16226=CURVE_STYLE('',#24,POSITIVE_LENGTH_MEASURE(2.E-2),#6);
#16227=PRESENTATION_STYLE_ASSIGNMENT((#16226));
#16228=STYLED_ITEM('',(#16227),#16225);
#16229=CARTESIAN_POINT('',(1.05E1,-1.35E1,8.E-1));
#16230=DIRECTION('',(0.E0,0.E0,-1.E0));
#16231=DIRECTION('',(1.E0,0.E0,0.E0));
#16232=AXIS2_PLACEMENT_3D('',#16229,#16230,#16231);
#16234=CURVE_STYLE('',#24,POSITIVE_LENGTH_MEASURE(2.E-2),#6);
#16235=PRESENTATION_STYLE_ASSIGNMENT((#16234));
#16236=STYLED_ITEM('',(#16235),#16233);
#16237=DIRECTION('',(0.E0,-1.E0,0.E0));
#16238=VECTOR('',#16237,2.75E1);
#16239=CARTESIAN_POINT('',(1.28E1,1.4E1,8.E-1));
#16240=LINE('',#16239,#16238);
#16241=CURVE_STYLE('',#24,POSITIVE_LENGTH_MEASURE(2.E-2),#6);
#16242=PRESENTATION_STYLE_ASSIGNMENT((#16241));
#16243=STYLED_ITEM('',(#16242),#16240);
#16244=CARTESIAN_POINT('',(1.05E1,1.4E1,8.E-1));
#16245=DIRECTION('',(0.E0,0.E0,-1.E0));
#16246=DIRECTION('',(0.E0,1.E0,0.E0));
#16247=AXIS2_PLACEMENT_3D('',#16244,#16245,#16246);
#16249=CURVE_STYLE('',#24,POSITIVE_LENGTH_MEASURE(2.E-2),#6);
#16250=PRESENTATION_STYLE_ASSIGNMENT((#16249));
#16251=STYLED_ITEM('',(#16250),#16248);
#16252=DIRECTION('',(1.E0,0.E0,0.E0));
#16253=VECTOR('',#16252,2.1E1);
#16254=CARTESIAN_POINT('',(-1.05E1,1.63E1,8.E-1));
#16255=LINE('',#16254,#16253);
#16256=CURVE_STYLE('',#24,POSITIVE_LENGTH_MEASURE(2.E-2),#6);
#16257=PRESENTATION_STYLE_ASSIGNMENT((#16256));
#16258=STYLED_ITEM('',(#16257),#16255);
#16259=DIRECTION('',(0.E0,-1.E0,0.E0));
#16260=VECTOR('',#16259,4.E0);
#16261=CARTESIAN_POINT('',(-1.332E1,1.375E1,8.E-1));
#16262=LINE('',#16261,#16260);
#16263=CURVE_STYLE('',#24,POSITIVE_LENGTH_MEASURE(2.E-2),#6);
#16264=PRESENTATION_STYLE_ASSIGNMENT((#16263));
#16265=STYLED_ITEM('',(#16264),#16262);
#16266=DIRECTION('',(1.E0,0.E0,0.E0));
#16267=VECTOR('',#16266,3.5E-1);
#16268=CARTESIAN_POINT('',(-1.332E1,9.75E0,8.E-1));
#16269=LINE('',#16268,#16267);
#16270=CURVE_STYLE('',#24,POSITIVE_LENGTH_MEASURE(2.E-2),#6);
#16271=PRESENTATION_STYLE_ASSIGNMENT((#16270));
#16272=STYLED_ITEM('',(#16271),#16269);
#16273=DIRECTION('',(0.E0,1.E0,0.E0));
#16274=VECTOR('',#16273,4.E0);
#16275=CARTESIAN_POINT('',(-1.297E1,9.75E0,8.E-1));
#16276=LINE('',#16275,#16274);
#16277=CURVE_STYLE('',#24,POSITIVE_LENGTH_MEASURE(2.E-2),#6);
#16278=PRESENTATION_STYLE_ASSIGNMENT((#16277));
#16279=STYLED_ITEM('',(#16278),#16276);
#16280=DIRECTION('',(-1.E0,0.E0,0.E0));
#16281=VECTOR('',#16280,3.5E-1);
#16282=CARTESIAN_POINT('',(-1.297E1,1.375E1,8.E-1));
#16283=LINE('',#16282,#16281);
#16284=CURVE_STYLE('',#24,POSITIVE_LENGTH_MEASURE(2.E-2),#6);
#16285=PRESENTATION_STYLE_ASSIGNMENT((#16284));
#16286=STYLED_ITEM('',(#16285),#16283);
#16287=DIRECTION('',(0.E0,-1.E0,0.E0));
#16288=VECTOR('',#16287,4.E0);
#16289=CARTESIAN_POINT('',(-1.332E1,5.75E0,8.E-1));
#16290=LINE('',#16289,#16288);
#16291=CURVE_STYLE('',#24,POSITIVE_LENGTH_MEASURE(2.E-2),#6);
#16292=PRESENTATION_STYLE_ASSIGNMENT((#16291));
#16293=STYLED_ITEM('',(#16292),#16290);
#16294=DIRECTION('',(1.E0,0.E0,0.E0));
#16295=VECTOR('',#16294,3.5E-1);
#16296=CARTESIAN_POINT('',(-1.332E1,1.75E0,8.E-1));
#16297=LINE('',#16296,#16295);
#16298=CURVE_STYLE('',#24,POSITIVE_LENGTH_MEASURE(2.E-2),#6);
#16299=PRESENTATION_STYLE_ASSIGNMENT((#16298));
#16300=STYLED_ITEM('',(#16299),#16297);
#16301=DIRECTION('',(0.E0,1.E0,0.E0));
#16302=VECTOR('',#16301,4.E0);
#16303=CARTESIAN_POINT('',(-1.297E1,1.75E0,8.E-1));
#16304=LINE('',#16303,#16302);
#16305=CURVE_STYLE('',#24,POSITIVE_LENGTH_MEASURE(2.E-2),#6);
#16306=PRESENTATION_STYLE_ASSIGNMENT((#16305));
#16307=STYLED_ITEM('',(#16306),#16304);
#16308=DIRECTION('',(-1.E0,0.E0,0.E0));
#16309=VECTOR('',#16308,3.5E-1);
#16310=CARTESIAN_POINT('',(-1.297E1,5.75E0,8.E-1));
#16311=LINE('',#16310,#16309);
#16312=CURVE_STYLE('',#24,POSITIVE_LENGTH_MEASURE(2.E-2),#6);
#16313=PRESENTATION_STYLE_ASSIGNMENT((#16312));
#16314=STYLED_ITEM('',(#16313),#16311);
#16315=DIRECTION('',(-1.E0,0.E0,0.E0));
#16316=VECTOR('',#16315,3.5E-1);
#16317=CARTESIAN_POINT('',(1.332E1,1.375E1,8.E-1));
#16318=LINE('',#16317,#16316);
#16319=CURVE_STYLE('',#24,POSITIVE_LENGTH_MEASURE(2.E-2),#6);
#16320=PRESENTATION_STYLE_ASSIGNMENT((#16319));
#16321=STYLED_ITEM('',(#16320),#16318);
#16322=DIRECTION('',(0.E0,-1.E0,0.E0));
#16323=VECTOR('',#16322,4.E0);
#16324=CARTESIAN_POINT('',(1.297E1,1.375E1,8.E-1));
#16325=LINE('',#16324,#16323);
#16326=CURVE_STYLE('',#24,POSITIVE_LENGTH_MEASURE(2.E-2),#6);
#16327=PRESENTATION_STYLE_ASSIGNMENT((#16326));
#16328=STYLED_ITEM('',(#16327),#16325);
#16329=DIRECTION('',(1.E0,0.E0,0.E0));
#16330=VECTOR('',#16329,3.5E-1);
#16331=CARTESIAN_POINT('',(1.297E1,9.75E0,8.E-1));
#16332=LINE('',#16331,#16330);
#16333=CURVE_STYLE('',#24,POSITIVE_LENGTH_MEASURE(2.E-2),#6);
#16334=PRESENTATION_STYLE_ASSIGNMENT((#16333));
#16335=STYLED_ITEM('',(#16334),#16332);
#16336=DIRECTION('',(0.E0,1.E0,0.E0));
#16337=VECTOR('',#16336,4.E0);
#16338=CARTESIAN_POINT('',(1.332E1,9.75E0,8.E-1));
#16339=LINE('',#16338,#16337);
#16340=CURVE_STYLE('',#24,POSITIVE_LENGTH_MEASURE(2.E-2),#6);
#16341=PRESENTATION_STYLE_ASSIGNMENT((#16340));
#16342=STYLED_ITEM('',(#16341),#16339);
#16343=DIRECTION('',(-1.E0,0.E0,0.E0));
#16344=VECTOR('',#16343,3.5E-1);
#16345=CARTESIAN_POINT('',(1.332E1,5.75E0,8.E-1));
#16346=LINE('',#16345,#16344);
#16347=CURVE_STYLE('',#24,POSITIVE_LENGTH_MEASURE(2.E-2),#6);
#16348=PRESENTATION_STYLE_ASSIGNMENT((#16347));
#16349=STYLED_ITEM('',(#16348),#16346);
#16350=DIRECTION('',(0.E0,-1.E0,0.E0));
#16351=VECTOR('',#16350,4.E0);
#16352=CARTESIAN_POINT('',(1.297E1,5.75E0,8.E-1));
#16353=LINE('',#16352,#16351);
#16354=CURVE_STYLE('',#24,POSITIVE_LENGTH_MEASURE(2.E-2),#6);
#16355=PRESENTATION_STYLE_ASSIGNMENT((#16354));
#16356=STYLED_ITEM('',(#16355),#16353);
#16357=DIRECTION('',(1.E0,0.E0,0.E0));
#16358=VECTOR('',#16357,3.5E-1);
#16359=CARTESIAN_POINT('',(1.297E1,1.75E0,8.E-1));
#16360=LINE('',#16359,#16358);
#16361=CURVE_STYLE('',#24,POSITIVE_LENGTH_MEASURE(2.E-2),#6);
#16362=PRESENTATION_STYLE_ASSIGNMENT((#16361));
#16363=STYLED_ITEM('',(#16362),#16360);
#16364=DIRECTION('',(0.E0,1.E0,0.E0));
#16365=VECTOR('',#16364,4.E0);
#16366=CARTESIAN_POINT('',(1.332E1,1.75E0,8.E-1));
#16367=LINE('',#16366,#16365);
#16368=CURVE_STYLE('',#24,POSITIVE_LENGTH_MEASURE(2.E-2),#6);
#16369=PRESENTATION_STYLE_ASSIGNMENT((#16368));
#16370=STYLED_ITEM('',(#16369),#16367);
#16371=DIRECTION('',(1.E0,0.E0,0.E0));
#16372=VECTOR('',#16371,3.5E-1);
#16373=CARTESIAN_POINT('',(-1.332E1,-1.325E1,8.E-1));
#16374=LINE('',#16373,#16372);
#16375=CURVE_STYLE('',#24,POSITIVE_LENGTH_MEASURE(2.E-2),#6);
#16376=PRESENTATION_STYLE_ASSIGNMENT((#16375));
#16377=STYLED_ITEM('',(#16376),#16374);
#16378=DIRECTION('',(0.E0,1.E0,0.E0));
#16379=VECTOR('',#16378,4.E0);
#16380=CARTESIAN_POINT('',(-1.297E1,-1.325E1,8.E-1));
#16381=LINE('',#16380,#16379);
#16382=CURVE_STYLE('',#24,POSITIVE_LENGTH_MEASURE(2.E-2),#6);
#16383=PRESENTATION_STYLE_ASSIGNMENT((#16382));
#16384=STYLED_ITEM('',(#16383),#16381);
#16385=DIRECTION('',(-1.E0,0.E0,0.E0));
#16386=VECTOR('',#16385,3.5E-1);
#16387=CARTESIAN_POINT('',(-1.297E1,-9.25E0,8.E-1));
#16388=LINE('',#16387,#16386);
#16389=CURVE_STYLE('',#24,POSITIVE_LENGTH_MEASURE(2.E-2),#6);
#16390=PRESENTATION_STYLE_ASSIGNMENT((#16389));
#16391=STYLED_ITEM('',(#16390),#16388);
#16392=DIRECTION('',(0.E0,-1.E0,0.E0));
#16393=VECTOR('',#16392,4.E0);
#16394=CARTESIAN_POINT('',(-1.332E1,-9.25E0,8.E-1));
#16395=LINE('',#16394,#16393);
#16396=CURVE_STYLE('',#24,POSITIVE_LENGTH_MEASURE(2.E-2),#6);
#16397=PRESENTATION_STYLE_ASSIGNMENT((#16396));
#16398=STYLED_ITEM('',(#16397),#16395);
#16399=DIRECTION('',(1.E0,0.E0,0.E0));
#16400=VECTOR('',#16399,3.5E-1);
#16401=CARTESIAN_POINT('',(-1.332E1,-5.25E0,8.E-1));
#16402=LINE('',#16401,#16400);
#16403=CURVE_STYLE('',#24,POSITIVE_LENGTH_MEASURE(2.E-2),#6);
#16404=PRESENTATION_STYLE_ASSIGNMENT((#16403));
#16405=STYLED_ITEM('',(#16404),#16402);
#16406=DIRECTION('',(0.E0,1.E0,0.E0));
#16407=VECTOR('',#16406,4.E0);
#16408=CARTESIAN_POINT('',(-1.297E1,-5.25E0,8.E-1));
#16409=LINE('',#16408,#16407);
#16410=CURVE_STYLE('',#24,POSITIVE_LENGTH_MEASURE(2.E-2),#6);
#16411=PRESENTATION_STYLE_ASSIGNMENT((#16410));
#16412=STYLED_ITEM('',(#16411),#16409);
#16413=DIRECTION('',(-1.E0,0.E0,0.E0));
#16414=VECTOR('',#16413,3.5E-1);
#16415=CARTESIAN_POINT('',(-1.297E1,-1.25E0,8.E-1));
#16416=LINE('',#16415,#16414);
#16417=CURVE_STYLE('',#24,POSITIVE_LENGTH_MEASURE(2.E-2),#6);
#16418=PRESENTATION_STYLE_ASSIGNMENT((#16417));
#16419=STYLED_ITEM('',(#16418),#16416);
#16420=DIRECTION('',(0.E0,-1.E0,0.E0));
#16421=VECTOR('',#16420,4.E0);
#16422=CARTESIAN_POINT('',(-1.332E1,-1.25E0,8.E-1));
#16423=LINE('',#16422,#16421);
#16424=CURVE_STYLE('',#24,POSITIVE_LENGTH_MEASURE(2.E-2),#6);
#16425=PRESENTATION_STYLE_ASSIGNMENT((#16424));
#16426=STYLED_ITEM('',(#16425),#16423);
#16427=DIRECTION('',(0.E0,1.E0,0.E0));
#16428=VECTOR('',#16427,4.E0);
#16429=CARTESIAN_POINT('',(1.332E1,-1.325E1,8.E-1));
#16430=LINE('',#16429,#16428);
#16431=CURVE_STYLE('',#24,POSITIVE_LENGTH_MEASURE(2.E-2),#6);
#16432=PRESENTATION_STYLE_ASSIGNMENT((#16431));
#16433=STYLED_ITEM('',(#16432),#16430);
#16434=DIRECTION('',(-1.E0,0.E0,0.E0));
#16435=VECTOR('',#16434,3.5E-1);
#16436=CARTESIAN_POINT('',(1.332E1,-9.25E0,8.E-1));
#16437=LINE('',#16436,#16435);
#16438=CURVE_STYLE('',#24,POSITIVE_LENGTH_MEASURE(2.E-2),#6);
#16439=PRESENTATION_STYLE_ASSIGNMENT((#16438));
#16440=STYLED_ITEM('',(#16439),#16437);
#16441=DIRECTION('',(0.E0,-1.E0,0.E0));
#16442=VECTOR('',#16441,4.E0);
#16443=CARTESIAN_POINT('',(1.297E1,-9.25E0,8.E-1));
#16444=LINE('',#16443,#16442);
#16445=CURVE_STYLE('',#24,POSITIVE_LENGTH_MEASURE(2.E-2),#6);
#16446=PRESENTATION_STYLE_ASSIGNMENT((#16445));
#16447=STYLED_ITEM('',(#16446),#16444);
#16448=DIRECTION('',(1.E0,-1.015061051086E-14,0.E0));
#16449=VECTOR('',#16448,3.5E-1);
#16450=CARTESIAN_POINT('',(1.297E1,-1.325E1,8.E-1));
#16451=LINE('',#16450,#16449);
#16452=CURVE_STYLE('',#24,POSITIVE_LENGTH_MEASURE(2.E-2),#6);
#16453=PRESENTATION_STYLE_ASSIGNMENT((#16452));
#16454=STYLED_ITEM('',(#16453),#16451);
#16455=DIRECTION('',(0.E0,1.E0,0.E0));
#16456=VECTOR('',#16455,4.E0);
#16457=CARTESIAN_POINT('',(1.332E1,-5.25E0,8.E-1));
#16458=LINE('',#16457,#16456);
#16459=CURVE_STYLE('',#24,POSITIVE_LENGTH_MEASURE(2.E-2),#6);
#16460=PRESENTATION_STYLE_ASSIGNMENT((#16459));
#16461=STYLED_ITEM('',(#16460),#16458);
#16462=DIRECTION('',(-1.E0,0.E0,0.E0));
#16463=VECTOR('',#16462,3.5E-1);
#16464=CARTESIAN_POINT('',(1.332E1,-1.25E0,8.E-1));
#16465=LINE('',#16464,#16463);
#16466=CURVE_STYLE('',#24,POSITIVE_LENGTH_MEASURE(2.E-2),#6);
#16467=PRESENTATION_STYLE_ASSIGNMENT((#16466));
#16468=STYLED_ITEM('',(#16467),#16465);
#16469=DIRECTION('',(0.E0,-1.E0,0.E0));
#16470=VECTOR('',#16469,4.E0);
#16471=CARTESIAN_POINT('',(1.297E1,-1.25E0,8.E-1));
#16472=LINE('',#16471,#16470);
#16473=CURVE_STYLE('',#24,POSITIVE_LENGTH_MEASURE(2.E-2),#6);
#16474=PRESENTATION_STYLE_ASSIGNMENT((#16473));
#16475=STYLED_ITEM('',(#16474),#16472);
#16476=DIRECTION('',(1.E0,0.E0,0.E0));
#16477=VECTOR('',#16476,3.5E-1);
#16478=CARTESIAN_POINT('',(1.297E1,-5.25E0,8.E-1));
#16479=LINE('',#16478,#16477);
#16480=CURVE_STYLE('',#24,POSITIVE_LENGTH_MEASURE(2.E-2),#6);
#16481=PRESENTATION_STYLE_ASSIGNMENT((#16480));
#16482=STYLED_ITEM('',(#16481),#16479);
#16483=DIRECTION('',(0.E0,-1.E0,0.E0));
#16484=VECTOR('',#16483,3.5E-1);
#16485=CARTESIAN_POINT('',(-9.6E0,1.682E1,8.E-1));
#16486=LINE('',#16485,#16484);
#16487=CURVE_STYLE('',#24,POSITIVE_LENGTH_MEASURE(2.E-2),#6);
#16488=PRESENTATION_STYLE_ASSIGNMENT((#16487));
#16489=STYLED_ITEM('',(#16488),#16486);
#16490=DIRECTION('',(1.E0,0.E0,0.E0));
#16491=VECTOR('',#16490,4.E0);
#16492=CARTESIAN_POINT('',(-9.6E0,1.647E1,8.E-1));
#16493=LINE('',#16492,#16491);
#16494=CURVE_STYLE('',#24,POSITIVE_LENGTH_MEASURE(2.E-2),#6);
#16495=PRESENTATION_STYLE_ASSIGNMENT((#16494));
#16496=STYLED_ITEM('',(#16495),#16493);
#16497=DIRECTION('',(0.E0,1.E0,0.E0));
#16498=VECTOR('',#16497,3.5E-1);
#16499=CARTESIAN_POINT('',(-5.6E0,1.647E1,8.E-1));
#16500=LINE('',#16499,#16498);
#16501=CURVE_STYLE('',#24,POSITIVE_LENGTH_MEASURE(2.E-2),#6);
#16502=PRESENTATION_STYLE_ASSIGNMENT((#16501));
#16503=STYLED_ITEM('',(#16502),#16500);
#16504=DIRECTION('',(-1.E0,0.E0,0.E0));
#16505=VECTOR('',#16504,4.E0);
#16506=CARTESIAN_POINT('',(-5.6E0,1.682E1,8.E-1));
#16507=LINE('',#16506,#16505);
#16508=CURVE_STYLE('',#24,POSITIVE_LENGTH_MEASURE(2.E-2),#6);
#16509=PRESENTATION_STYLE_ASSIGNMENT((#16508));
#16510=STYLED_ITEM('',(#16509),#16507);
#16511=DIRECTION('',(-1.E0,0.E0,0.E0));
#16512=VECTOR('',#16511,4.E0);
#16513=CARTESIAN_POINT('',(9.6E0,1.682E1,8.E-1));
#16514=LINE('',#16513,#16512);
#16515=CURVE_STYLE('',#24,POSITIVE_LENGTH_MEASURE(2.E-2),#6);
#16516=PRESENTATION_STYLE_ASSIGNMENT((#16515));
#16517=STYLED_ITEM('',(#16516),#16514);
#16518=DIRECTION('',(0.E0,-1.E0,0.E0));
#16519=VECTOR('',#16518,3.5E-1);
#16520=CARTESIAN_POINT('',(5.6E0,1.682E1,8.E-1));
#16521=LINE('',#16520,#16519);
#16522=CURVE_STYLE('',#24,POSITIVE_LENGTH_MEASURE(2.E-2),#6);
#16523=PRESENTATION_STYLE_ASSIGNMENT((#16522));
#16524=STYLED_ITEM('',(#16523),#16521);
#16525=DIRECTION('',(1.E0,0.E0,0.E0));
#16526=VECTOR('',#16525,4.E0);
#16527=CARTESIAN_POINT('',(5.6E0,1.647E1,8.E-1));
#16528=LINE('',#16527,#16526);
#16529=CURVE_STYLE('',#24,POSITIVE_LENGTH_MEASURE(2.E-2),#6);
#16530=PRESENTATION_STYLE_ASSIGNMENT((#16529));
#16531=STYLED_ITEM('',(#16530),#16528);
#16532=DIRECTION('',(0.E0,1.E0,0.E0));
#16533=VECTOR('',#16532,3.5E-1);
#16534=CARTESIAN_POINT('',(9.6E0,1.647E1,8.E-1));
#16535=LINE('',#16534,#16533);
#16536=CURVE_STYLE('',#24,POSITIVE_LENGTH_MEASURE(2.E-2),#6);
#16537=PRESENTATION_STYLE_ASSIGNMENT((#16536));
#16538=STYLED_ITEM('',(#16537),#16535);
#16539=DIRECTION('',(1.E0,0.E0,0.E0));
#16540=VECTOR('',#16539,4.E0);
#16541=CARTESIAN_POINT('',(-9.6E0,-1.632E1,8.E-1));
#16542=LINE('',#16541,#16540);
#16543=CURVE_STYLE('',#24,POSITIVE_LENGTH_MEASURE(2.E-2),#6);
#16544=PRESENTATION_STYLE_ASSIGNMENT((#16543));
#16545=STYLED_ITEM('',(#16544),#16542);
#16546=DIRECTION('',(0.E0,1.E0,0.E0));
#16547=VECTOR('',#16546,3.5E-1);
#16548=CARTESIAN_POINT('',(-5.6E0,-1.632E1,8.E-1));
#16549=LINE('',#16548,#16547);
#16550=CURVE_STYLE('',#24,POSITIVE_LENGTH_MEASURE(2.E-2),#6);
#16551=PRESENTATION_STYLE_ASSIGNMENT((#16550));
#16552=STYLED_ITEM('',(#16551),#16549);
#16553=DIRECTION('',(-1.E0,0.E0,0.E0));
#16554=VECTOR('',#16553,4.E0);
#16555=CARTESIAN_POINT('',(-5.6E0,-1.597E1,8.E-1));
#16556=LINE('',#16555,#16554);
#16557=CURVE_STYLE('',#24,POSITIVE_LENGTH_MEASURE(2.E-2),#6);
#16558=PRESENTATION_STYLE_ASSIGNMENT((#16557));
#16559=STYLED_ITEM('',(#16558),#16556);
#16560=DIRECTION('',(0.E0,-1.E0,0.E0));
#16561=VECTOR('',#16560,3.5E-1);
#16562=CARTESIAN_POINT('',(-9.6E0,-1.597E1,8.E-1));
#16563=LINE('',#16562,#16561);
#16564=CURVE_STYLE('',#24,POSITIVE_LENGTH_MEASURE(2.E-2),#6);
#16565=PRESENTATION_STYLE_ASSIGNMENT((#16564));
#16566=STYLED_ITEM('',(#16565),#16563);
#16567=DIRECTION('',(0.E0,1.E0,0.E0));
#16568=VECTOR('',#16567,3.5E-1);
#16569=CARTESIAN_POINT('',(9.6E0,-1.632E1,8.E-1));
#16570=LINE('',#16569,#16568);
#16571=CURVE_STYLE('',#24,POSITIVE_LENGTH_MEASURE(2.E-2),#6);
#16572=PRESENTATION_STYLE_ASSIGNMENT((#16571));
#16573=STYLED_ITEM('',(#16572),#16570);
#16574=DIRECTION('',(-1.E0,0.E0,0.E0));
#16575=VECTOR('',#16574,4.E0);
#16576=CARTESIAN_POINT('',(9.6E0,-1.597E1,8.E-1));
#16577=LINE('',#16576,#16575);
#16578=CURVE_STYLE('',#24,POSITIVE_LENGTH_MEASURE(2.E-2),#6);
#16579=PRESENTATION_STYLE_ASSIGNMENT((#16578));
#16580=STYLED_ITEM('',(#16579),#16577);
#16581=DIRECTION('',(0.E0,-1.E0,0.E0));
#16582=VECTOR('',#16581,3.5E-1);
#16583=CARTESIAN_POINT('',(5.6E0,-1.597E1,8.E-1));
#16584=LINE('',#16583,#16582);
#16585=CURVE_STYLE('',#24,POSITIVE_LENGTH_MEASURE(2.E-2),#6);
#16586=PRESENTATION_STYLE_ASSIGNMENT((#16585));
#16587=STYLED_ITEM('',(#16586),#16584);
#16588=DIRECTION('',(1.E0,0.E0,0.E0));
#16589=VECTOR('',#16588,4.E0);
#16590=CARTESIAN_POINT('',(5.6E0,-1.632E1,8.E-1));
#16591=LINE('',#16590,#16589);
#16592=CURVE_STYLE('',#24,POSITIVE_LENGTH_MEASURE(2.E-2),#6);
#16593=PRESENTATION_STYLE_ASSIGNMENT((#16592));
#16594=STYLED_ITEM('',(#16593),#16591);
#16595=DIRECTION('',(0.E0,3.489949670250E-2,9.993908270191E-1));
#16596=VECTOR('',#16595,2.701645769607E0);
#16597=CARTESIAN_POINT('',(4.1E0,1.612888822949E1,-4.1E0));
#16598=LINE('',#16597,#16596);
#16599=CURVE_STYLE('',#24,POSITIVE_LENGTH_MEASURE(2.E-2),#6);
#16600=PRESENTATION_STYLE_ASSIGNMENT((#16599));
#16601=STYLED_ITEM('',(#16600),#16598);
#16602=DIRECTION('',(0.E0,3.489949670250E-2,9.993908270191E-1));
#16603=VECTOR('',#16602,2.701645769607E0);
#16604=CARTESIAN_POINT('',(-4.1E0,1.612888822949E1,-4.1E0));
#16605=LINE('',#16604,#16603);
#16606=CURVE_STYLE('',#24,POSITIVE_LENGTH_MEASURE(2.E-2),#6);
#16607=PRESENTATION_STYLE_ASSIGNMENT((#16606));
#16608=STYLED_ITEM('',(#16607),#16605);
#16609=DIRECTION('',(-1.E0,0.E0,0.E0));
#16610=VECTOR('',#16609,8.E-1);
#16611=CARTESIAN_POINT('',(-4.1E0,1.622317430712E1,-1.4E0));
#16612=LINE('',#16611,#16610);
#16613=CURVE_STYLE('',#24,POSITIVE_LENGTH_MEASURE(2.E-2),#6);
#16614=PRESENTATION_STYLE_ASSIGNMENT((#16613));
#16615=STYLED_ITEM('',(#16614),#16612);
#16616=DIRECTION('',(0.E0,3.489949670250E-2,9.993908270191E-1));
#16617=VECTOR('',#16616,2.701645769607E0);
#16618=CARTESIAN_POINT('',(-4.9E0,1.612888822949E1,-4.1E0));
#16619=LINE('',#16618,#16617);
#16620=CURVE_STYLE('',#24,POSITIVE_LENGTH_MEASURE(2.E-2),#6);
#16621=PRESENTATION_STYLE_ASSIGNMENT((#16620));
#16622=STYLED_ITEM('',(#16621),#16619);
#16623=DIRECTION('',(0.E0,3.489949670250E-2,9.993908270191E-1));
#16624=VECTOR('',#16623,4.902986767064E0);
#16625=CARTESIAN_POINT('',(-1.05E1,1.612888822949E1,-4.1E0));
#16626=LINE('',#16625,#16624);
#16627=CURVE_STYLE('',#24,POSITIVE_LENGTH_MEASURE(2.E-2),#6);
#16628=PRESENTATION_STYLE_ASSIGNMENT((#16627));
#16629=STYLED_ITEM('',(#16628),#16626);
#16630=DIRECTION('',(0.E0,3.489949670250E-2,9.993908270191E-1));
#16631=VECTOR('',#16630,2.701645769607E0);
#16632=CARTESIAN_POINT('',(4.9E0,1.612888822949E1,-4.1E0));
#16633=LINE('',#16632,#16631);
#16634=CURVE_STYLE('',#24,POSITIVE_LENGTH_MEASURE(2.E-2),#6);
#16635=PRESENTATION_STYLE_ASSIGNMENT((#16634));
#16636=STYLED_ITEM('',(#16635),#16633);
#16637=DIRECTION('',(-1.E0,0.E0,0.E0));
#16638=VECTOR('',#16637,8.E-1);
#16639=CARTESIAN_POINT('',(4.9E0,1.622317430712E1,-1.4E0));
#16640=LINE('',#16639,#16638);
#16641=CURVE_STYLE('',#24,POSITIVE_LENGTH_MEASURE(2.E-2),#6);
#16642=PRESENTATION_STYLE_ASSIGNMENT((#16641));
#16643=STYLED_ITEM('',(#16642),#16640);
#16644=DIRECTION('',(-1.E0,0.E0,0.E0));
#16645=VECTOR('',#16644,1.923174307118E0);
#16646=CARTESIAN_POINT('',(-1.08E1,3.6E0,-1.4E0));
#16647=LINE('',#16646,#16645);
#16648=CURVE_STYLE('',#24,POSITIVE_LENGTH_MEASURE(2.E-2),#6);
#16649=PRESENTATION_STYLE_ASSIGNMENT((#16648));
#16650=STYLED_ITEM('',(#16649),#16647);
#16651=DIRECTION('',(0.E0,-1.E0,0.E0));
#16652=VECTOR('',#16651,8.E-1);
#16653=CARTESIAN_POINT('',(-1.08E1,3.6E0,-1.4E0));
#16654=LINE('',#16653,#16652);
#16655=CURVE_STYLE('',#24,POSITIVE_LENGTH_MEASURE(2.E-2),#6);
#16656=PRESENTATION_STYLE_ASSIGNMENT((#16655));
#16657=STYLED_ITEM('',(#16656),#16654);
#16658=DIRECTION('',(1.E0,0.E0,0.E0));
#16659=VECTOR('',#16658,1.923174307118E0);
#16660=CARTESIAN_POINT('',(-1.272317430712E1,2.8E0,-1.4E0));
#16661=LINE('',#16660,#16659);
#16662=CURVE_STYLE('',#24,POSITIVE_LENGTH_MEASURE(2.E-2),#6);
#16663=PRESENTATION_STYLE_ASSIGNMENT((#16662));
#16664=STYLED_ITEM('',(#16663),#16661);
#16665=DIRECTION('',(1.E0,0.E0,0.E0));
#16666=VECTOR('',#16665,1.923174307118E0);
#16667=CARTESIAN_POINT('',(1.08E1,7.4E0,-1.4E0));
#16668=LINE('',#16667,#16666);
#16669=CURVE_STYLE('',#24,POSITIVE_LENGTH_MEASURE(2.E-2),#6);
#16670=PRESENTATION_STYLE_ASSIGNMENT((#16669));
#16671=STYLED_ITEM('',(#16670),#16668);
#16672=DIRECTION('',(0.E0,1.E0,0.E0));
#16673=VECTOR('',#16672,8.E-1);
#16674=CARTESIAN_POINT('',(1.08E1,7.4E0,-1.4E0));
#16675=LINE('',#16674,#16673);
#16676=CURVE_STYLE('',#24,POSITIVE_LENGTH_MEASURE(2.E-2),#6);
#16677=PRESENTATION_STYLE_ASSIGNMENT((#16676));
#16678=STYLED_ITEM('',(#16677),#16675);
#16679=DIRECTION('',(-1.E0,0.E0,0.E0));
#16680=VECTOR('',#16679,1.923174307118E0);
#16681=CARTESIAN_POINT('',(1.272317430712E1,8.2E0,-1.4E0));
#16682=LINE('',#16681,#16680);
#16683=CURVE_STYLE('',#24,POSITIVE_LENGTH_MEASURE(2.E-2),#6);
#16684=PRESENTATION_STYLE_ASSIGNMENT((#16683));
#16685=STYLED_ITEM('',(#16684),#16682);
#16686=DIRECTION('',(1.E0,0.E0,0.E0));
#16687=VECTOR('',#16686,1.923174307118E0);
#16688=CARTESIAN_POINT('',(1.08E1,-7.2E0,-1.4E0));
#16689=LINE('',#16688,#16687);
#16690=CURVE_STYLE('',#24,POSITIVE_LENGTH_MEASURE(2.E-2),#6);
#16691=PRESENTATION_STYLE_ASSIGNMENT((#16690));
#16692=STYLED_ITEM('',(#16691),#16689);
#16693=DIRECTION('',(0.E0,1.E0,0.E0));
#16694=VECTOR('',#16693,8.E-1);
#16695=CARTESIAN_POINT('',(1.08E1,-7.2E0,-1.4E0));
#16696=LINE('',#16695,#16694);
#16697=CURVE_STYLE('',#24,POSITIVE_LENGTH_MEASURE(2.E-2),#6);
#16698=PRESENTATION_STYLE_ASSIGNMENT((#16697));
#16699=STYLED_ITEM('',(#16698),#16696);
#16700=DIRECTION('',(-1.E0,0.E0,0.E0));
#16701=VECTOR('',#16700,1.923174307118E0);
#16702=CARTESIAN_POINT('',(1.272317430712E1,-6.4E0,-1.4E0));
#16703=LINE('',#16702,#16701);
#16704=CURVE_STYLE('',#24,POSITIVE_LENGTH_MEASURE(2.E-2),#6);
#16705=PRESENTATION_STYLE_ASSIGNMENT((#16704));
#16706=STYLED_ITEM('',(#16705),#16703);
#16707=DIRECTION('',(0.E0,1.E0,0.E0));
#16708=VECTOR('',#16707,1.923174307118E0);
#16709=CARTESIAN_POINT('',(4.9E0,1.43E1,-1.4E0));
#16710=LINE('',#16709,#16708);
#16711=CURVE_STYLE('',#24,POSITIVE_LENGTH_MEASURE(2.E-2),#6);
#16712=PRESENTATION_STYLE_ASSIGNMENT((#16711));
#16713=STYLED_ITEM('',(#16712),#16710);
#16714=DIRECTION('',(-1.E0,0.E0,0.E0));
#16715=VECTOR('',#16714,8.E-1);
#16716=CARTESIAN_POINT('',(4.9E0,1.43E1,-1.4E0));
#16717=LINE('',#16716,#16715);
#16718=CURVE_STYLE('',#24,POSITIVE_LENGTH_MEASURE(2.E-2),#6);
#16719=PRESENTATION_STYLE_ASSIGNMENT((#16718));
#16720=STYLED_ITEM('',(#16719),#16717);
#16721=DIRECTION('',(0.E0,-1.E0,0.E0));
#16722=VECTOR('',#16721,1.923174307118E0);
#16723=CARTESIAN_POINT('',(4.1E0,1.622317430712E1,-1.4E0));
#16724=LINE('',#16723,#16722);
#16725=CURVE_STYLE('',#24,POSITIVE_LENGTH_MEASURE(2.E-2),#6);
#16726=PRESENTATION_STYLE_ASSIGNMENT((#16725));
#16727=STYLED_ITEM('',(#16726),#16724);
#16728=DIRECTION('',(0.E0,1.E0,0.E0));
#16729=VECTOR('',#16728,1.923174307118E0);
#16730=CARTESIAN_POINT('',(-4.1E0,1.43E1,-1.4E0));
#16731=LINE('',#16730,#16729);
#16732=CURVE_STYLE('',#24,POSITIVE_LENGTH_MEASURE(2.E-2),#6);
#16733=PRESENTATION_STYLE_ASSIGNMENT((#16732));
#16734=STYLED_ITEM('',(#16733),#16731);
#16735=DIRECTION('',(-1.E0,0.E0,0.E0));
#16736=VECTOR('',#16735,8.E-1);
#16737=CARTESIAN_POINT('',(-4.1E0,1.43E1,-1.4E0));
#16738=LINE('',#16737,#16736);
#16739=CURVE_STYLE('',#24,POSITIVE_LENGTH_MEASURE(2.E-2),#6);
#16740=PRESENTATION_STYLE_ASSIGNMENT((#16739));
#16741=STYLED_ITEM('',(#16740),#16738);
#16742=DIRECTION('',(0.E0,-1.E0,0.E0));
#16743=VECTOR('',#16742,1.923174307118E0);
#16744=CARTESIAN_POINT('',(-4.9E0,1.622317430712E1,-1.4E0));
#16745=LINE('',#16744,#16743);
#16746=CURVE_STYLE('',#24,POSITIVE_LENGTH_MEASURE(2.E-2),#6);
#16747=PRESENTATION_STYLE_ASSIGNMENT((#16746));
#16748=STYLED_ITEM('',(#16747),#16745);
#16749=DIRECTION('',(0.E0,0.E0,-1.E0));
#16750=VECTOR('',#16749,2.7E0);
#16751=CARTESIAN_POINT('',(-1.08E1,3.6E0,-1.4E0));
#16752=LINE('',#16751,#16750);
#16753=CURVE_STYLE('',#24,POSITIVE_LENGTH_MEASURE(2.E-2),#6);
#16754=PRESENTATION_STYLE_ASSIGNMENT((#16753));
#16755=STYLED_ITEM('',(#16754),#16752);
#16756=DIRECTION('',(0.E0,0.E0,-1.E0));
#16757=VECTOR('',#16756,2.7E0);
#16758=CARTESIAN_POINT('',(-1.08E1,2.8E0,-1.4E0));
#16759=LINE('',#16758,#16757);
#16760=CURVE_STYLE('',#24,POSITIVE_LENGTH_MEASURE(2.E-2),#6);
#16761=PRESENTATION_STYLE_ASSIGNMENT((#16760));
#16762=STYLED_ITEM('',(#16761),#16759);
#16763=DIRECTION('',(3.489949670250E-2,0.E0,9.993908270191E-1));
#16764=VECTOR('',#16763,2.701645769607E0);
#16765=CARTESIAN_POINT('',(1.262888822949E1,8.2E0,-4.1E0));
#16766=LINE('',#16765,#16764);
#16767=CURVE_STYLE('',#24,POSITIVE_LENGTH_MEASURE(2.E-2),#6);
#16768=PRESENTATION_STYLE_ASSIGNMENT((#16767));
#16769=STYLED_ITEM('',(#16768),#16766);
#16770=DIRECTION('',(3.489949670250E-2,0.E0,9.993908270191E-1));
#16771=VECTOR('',#16770,4.902986767064E0);
#16772=CARTESIAN_POINT('',(1.262888822949E1,1.4E1,-4.1E0));
#16773=LINE('',#16772,#16771);
#16774=CURVE_STYLE('',#24,POSITIVE_LENGTH_MEASURE(2.E-2),#6);
#16775=PRESENTATION_STYLE_ASSIGNMENT((#16774));
#16776=STYLED_ITEM('',(#16775),#16773);
#16777=DIRECTION('',(-3.489949670250E-2,0.E0,-9.993908270191E-1));
#16778=VECTOR('',#16777,2.701645769607E0);
#16779=CARTESIAN_POINT('',(1.272317430712E1,-7.2E0,-1.4E0));
#16780=LINE('',#16779,#16778);
#16781=CURVE_STYLE('',#24,POSITIVE_LENGTH_MEASURE(2.E-2),#6);
#16782=PRESENTATION_STYLE_ASSIGNMENT((#16781));
#16783=STYLED_ITEM('',(#16782),#16780);
#16784=DIRECTION('',(0.E0,-1.E0,0.E0));
#16785=VECTOR('',#16784,8.E-1);
#16786=CARTESIAN_POINT('',(1.272317430712E1,-6.4E0,-1.4E0));
#16787=LINE('',#16786,#16785);
#16788=CURVE_STYLE('',#24,POSITIVE_LENGTH_MEASURE(2.E-2),#6);
#16789=PRESENTATION_STYLE_ASSIGNMENT((#16788));
#16790=STYLED_ITEM('',(#16789),#16787);
#16791=DIRECTION('',(-3.489949670250E-2,0.E0,-9.993908270191E-1));
#16792=VECTOR('',#16791,2.701645769607E0);
#16793=CARTESIAN_POINT('',(1.272317430712E1,-6.4E0,-1.4E0));
#16794=LINE('',#16793,#16792);
#16795=CURVE_STYLE('',#24,POSITIVE_LENGTH_MEASURE(2.E-2),#6);
#16796=PRESENTATION_STYLE_ASSIGNMENT((#16795));
#16797=STYLED_ITEM('',(#16796),#16794);
#16798=DIRECTION('',(3.489949670250E-2,0.E0,9.993908270191E-1));
#16799=VECTOR('',#16798,2.701645769607E0);
#16800=CARTESIAN_POINT('',(1.262888822949E1,7.4E0,-4.1E0));
#16801=LINE('',#16800,#16799);
#16802=CURVE_STYLE('',#24,POSITIVE_LENGTH_MEASURE(2.E-2),#6);
#16803=PRESENTATION_STYLE_ASSIGNMENT((#16802));
#16804=STYLED_ITEM('',(#16803),#16801);
#16805=DIRECTION('',(0.E0,-1.E0,0.E0));
#16806=VECTOR('',#16805,8.E-1);
#16807=CARTESIAN_POINT('',(1.272317430712E1,8.2E0,-1.4E0));
#16808=LINE('',#16807,#16806);
#16809=CURVE_STYLE('',#24,POSITIVE_LENGTH_MEASURE(2.E-2),#6);
#16810=PRESENTATION_STYLE_ASSIGNMENT((#16809));
#16811=STYLED_ITEM('',(#16810),#16808);
#16812=DIRECTION('',(0.E0,0.E0,-1.E0));
#16813=VECTOR('',#16812,2.7E0);
#16814=CARTESIAN_POINT('',(1.08E1,8.2E0,-1.4E0));
#16815=LINE('',#16814,#16813);
#16816=CURVE_STYLE('',#24,POSITIVE_LENGTH_MEASURE(2.E-2),#6);
#16817=PRESENTATION_STYLE_ASSIGNMENT((#16816));
#16818=STYLED_ITEM('',(#16817),#16815);
#16819=DIRECTION('',(0.E0,0.E0,-1.E0));
#16820=VECTOR('',#16819,2.7E0);
#16821=CARTESIAN_POINT('',(1.08E1,7.4E0,-1.4E0));
#16822=LINE('',#16821,#16820);
#16823=CURVE_STYLE('',#24,POSITIVE_LENGTH_MEASURE(2.E-2),#6);
#16824=PRESENTATION_STYLE_ASSIGNMENT((#16823));
#16825=STYLED_ITEM('',(#16824),#16822);
#16826=DIRECTION('',(0.E0,3.489949670250E-2,9.993908270191E-1));
#16827=VECTOR('',#16826,4.902986767064E0);
#16828=CARTESIAN_POINT('',(1.05E1,1.612888822949E1,-4.1E0));
#16829=LINE('',#16828,#16827);
#16830=CURVE_STYLE('',#24,POSITIVE_LENGTH_MEASURE(2.E-2),#6);
#16831=PRESENTATION_STYLE_ASSIGNMENT((#16830));
#16832=STYLED_ITEM('',(#16831),#16829);
#16833=DIRECTION('',(0.E0,0.E0,-1.E0));
#16834=VECTOR('',#16833,2.7E0);
#16835=CARTESIAN_POINT('',(1.08E1,-7.2E0,-1.4E0));
#16836=LINE('',#16835,#16834);
#16837=CURVE_STYLE('',#24,POSITIVE_LENGTH_MEASURE(2.E-2),#6);
#16838=PRESENTATION_STYLE_ASSIGNMENT((#16837));
#16839=STYLED_ITEM('',(#16838),#16836);
#16840=DIRECTION('',(0.E0,0.E0,-1.E0));
#16841=VECTOR('',#16840,2.7E0);
#16842=CARTESIAN_POINT('',(1.08E1,-6.4E0,-1.4E0));
#16843=LINE('',#16842,#16841);
#16844=CURVE_STYLE('',#24,POSITIVE_LENGTH_MEASURE(2.E-2),#6);
#16845=PRESENTATION_STYLE_ASSIGNMENT((#16844));
#16846=STYLED_ITEM('',(#16845),#16843);
#16847=DIRECTION('',(0.E0,0.E0,-1.E0));
#16848=VECTOR('',#16847,2.7E0);
#16849=CARTESIAN_POINT('',(4.9E0,1.43E1,-1.4E0));
#16850=LINE('',#16849,#16848);
#16851=CURVE_STYLE('',#24,POSITIVE_LENGTH_MEASURE(2.E-2),#6);
#16852=PRESENTATION_STYLE_ASSIGNMENT((#16851));
#16853=STYLED_ITEM('',(#16852),#16850);
#16854=DIRECTION('',(0.E0,0.E0,-1.E0));
#16855=VECTOR('',#16854,2.7E0);
#16856=CARTESIAN_POINT('',(4.1E0,1.43E1,-1.4E0));
#16857=LINE('',#16856,#16855);
#16858=CURVE_STYLE('',#24,POSITIVE_LENGTH_MEASURE(2.E-2),#6);
#16859=PRESENTATION_STYLE_ASSIGNMENT((#16858));
#16860=STYLED_ITEM('',(#16859),#16857);
#16861=DIRECTION('',(0.E0,0.E0,-1.E0));
#16862=VECTOR('',#16861,2.7E0);
#16863=CARTESIAN_POINT('',(-4.1E0,1.43E1,-1.4E0));
#16864=LINE('',#16863,#16862);
#16865=CURVE_STYLE('',#24,POSITIVE_LENGTH_MEASURE(2.E-2),#6);
#16866=PRESENTATION_STYLE_ASSIGNMENT((#16865));
#16867=STYLED_ITEM('',(#16866),#16864);
#16868=DIRECTION('',(0.E0,0.E0,-1.E0));
#16869=VECTOR('',#16868,2.7E0);
#16870=CARTESIAN_POINT('',(-4.9E0,1.43E1,-1.4E0));
#16871=LINE('',#16870,#16869);
#16872=CURVE_STYLE('',#24,POSITIVE_LENGTH_MEASURE(2.E-2),#6);
#16873=PRESENTATION_STYLE_ASSIGNMENT((#16872));
#16874=STYLED_ITEM('',(#16873),#16871);
#16875=DIRECTION('',(0.E0,0.E0,1.E0));
#16876=VECTOR('',#16875,8.E-1);
#16877=CARTESIAN_POINT('',(-5.075E0,-1.65E1,0.E0));
#16878=LINE('',#16877,#16876);
#16879=CURVE_STYLE('',#24,POSITIVE_LENGTH_MEASURE(2.E-2),#6);
#16880=PRESENTATION_STYLE_ASSIGNMENT((#16879));
#16881=STYLED_ITEM('',(#16880),#16878);
#16882=DIRECTION('',(0.E0,0.E0,1.E0));
#16883=VECTOR('',#16882,8.E-1);
#16884=CARTESIAN_POINT('',(-1.05E1,-1.65E1,0.E0));
#16885=LINE('',#16884,#16883);
#16886=CURVE_STYLE('',#24,POSITIVE_LENGTH_MEASURE(2.E-2),#6);
#16887=PRESENTATION_STYLE_ASSIGNMENT((#16886));
#16888=STYLED_ITEM('',(#16887),#16885);
#16889=DIRECTION('',(0.E0,0.E0,1.E0));
#16890=VECTOR('',#16889,8.E-1);
#16891=CARTESIAN_POINT('',(-1.35E1,-1.35E1,0.E0));
#16892=LINE('',#16891,#16890);
#16893=CURVE_STYLE('',#24,POSITIVE_LENGTH_MEASURE(2.E-2),#6);
#16894=PRESENTATION_STYLE_ASSIGNMENT((#16893));
#16895=STYLED_ITEM('',(#16894),#16892);
#16896=DIRECTION('',(0.E0,0.E0,1.E0));
#16897=VECTOR('',#16896,8.E-1);
#16898=CARTESIAN_POINT('',(-1.35E1,1.4E1,0.E0));
#16899=LINE('',#16898,#16897);
#16900=CURVE_STYLE('',#24,POSITIVE_LENGTH_MEASURE(2.E-2),#6);
#16901=PRESENTATION_STYLE_ASSIGNMENT((#16900));
#16902=STYLED_ITEM('',(#16901),#16899);
#16903=DIRECTION('',(0.E0,-1.E0,0.E0));
#16904=VECTOR('',#16903,4.E0);
#16905=CARTESIAN_POINT('',(-1.332E1,1.375E1,8.8E-1));
#16906=LINE('',#16905,#16904);
#16907=CURVE_STYLE('',#24,POSITIVE_LENGTH_MEASURE(2.E-2),#6);
#16908=PRESENTATION_STYLE_ASSIGNMENT((#16907));
#16909=STYLED_ITEM('',(#16908),#16906);
#16910=DIRECTION('',(0.E0,0.E0,1.E0));
#16911=VECTOR('',#16910,8.E-2);
#16912=CARTESIAN_POINT('',(-1.332E1,1.375E1,8.E-1));
#16913=LINE('',#16912,#16911);
#16914=CURVE_STYLE('',#24,POSITIVE_LENGTH_MEASURE(2.E-2),#6);
#16915=PRESENTATION_STYLE_ASSIGNMENT((#16914));
#16916=STYLED_ITEM('',(#16915),#16913);
#16917=DIRECTION('',(-7.071067811865E-1,0.E0,-7.071067811866E-1));
#16918=VECTOR('',#16917,2.404163056034E-1);
#16919=CARTESIAN_POINT('',(-1.315E1,9.75E0,1.05E0));
#16920=LINE('',#16919,#16918);
#16921=CURVE_STYLE('',#24,POSITIVE_LENGTH_MEASURE(2.E-2),#6);
#16922=PRESENTATION_STYLE_ASSIGNMENT((#16921));
#16923=STYLED_ITEM('',(#16922),#16920);
#16924=DIRECTION('',(-7.071067811865E-1,0.E0,7.071067811865E-1));
#16925=VECTOR('',#16924,2.404163056034E-1);
#16926=CARTESIAN_POINT('',(-1.297E1,9.75E0,8.8E-1));
#16927=LINE('',#16926,#16925);
#16928=CURVE_STYLE('',#24,POSITIVE_LENGTH_MEASURE(2.E-2),#6);
#16929=PRESENTATION_STYLE_ASSIGNMENT((#16928));
#16930=STYLED_ITEM('',(#16929),#16927);
#16931=DIRECTION('',(0.E0,0.E0,1.E0));
#16932=VECTOR('',#16931,8.E-2);
#16933=CARTESIAN_POINT('',(-1.332E1,9.75E0,8.E-1));
#16934=LINE('',#16933,#16932);
#16935=CURVE_STYLE('',#24,POSITIVE_LENGTH_MEASURE(2.E-2),#6);
#16936=PRESENTATION_STYLE_ASSIGNMENT((#16935));
#16937=STYLED_ITEM('',(#16936),#16934);
#16938=DIRECTION('',(1.E0,0.E0,0.E0));
#16939=VECTOR('',#16938,4.E0);
#16940=CARTESIAN_POINT('',(-9.6E0,1.664E1,1.05E0));
#16941=LINE('',#16940,#16939);
#16942=CURVE_STYLE('',#24,POSITIVE_LENGTH_MEASURE(2.E-2),#6);
#16943=PRESENTATION_STYLE_ASSIGNMENT((#16942));
#16944=STYLED_ITEM('',(#16943),#16941);
#16945=DIRECTION('',(0.E0,-1.E0,0.E0));
#16946=VECTOR('',#16945,1.E-2);
#16947=CARTESIAN_POINT('',(-9.6E0,1.665E1,1.05E0));
#16948=LINE('',#16947,#16946);
#16949=CURVE_STYLE('',#24,POSITIVE_LENGTH_MEASURE(2.E-2),#6);
#16950=PRESENTATION_STYLE_ASSIGNMENT((#16949));
#16951=STYLED_ITEM('',(#16950),#16948);
#16952=DIRECTION('',(-1.E0,0.E0,0.E0));
#16953=VECTOR('',#16952,4.E0);
#16954=CARTESIAN_POINT('',(-5.6E0,1.665E1,1.05E0));
#16955=LINE('',#16954,#16953);
#16956=CURVE_STYLE('',#24,POSITIVE_LENGTH_MEASURE(2.E-2),#6);
#16957=PRESENTATION_STYLE_ASSIGNMENT((#16956));
#16958=STYLED_ITEM('',(#16957),#16955);
#16959=DIRECTION('',(-1.776356839400E-13,1.E0,0.E0));
#16960=VECTOR('',#16959,1.E-2);
#16961=CARTESIAN_POINT('',(-5.6E0,1.664E1,1.05E0));
#16962=LINE('',#16961,#16960);
#16963=CURVE_STYLE('',#24,POSITIVE_LENGTH_MEASURE(2.E-2),#6);
#16964=PRESENTATION_STYLE_ASSIGNMENT((#16963));
#16965=STYLED_ITEM('',(#16964),#16962);
#16966=DIRECTION('',(0.E0,-1.E0,0.E0));
#16967=VECTOR('',#16966,4.E0);
#16968=CARTESIAN_POINT('',(-1.315E1,1.375E1,1.05E0));
#16969=LINE('',#16968,#16967);
#16970=CURVE_STYLE('',#24,POSITIVE_LENGTH_MEASURE(2.E-2),#6);
#16971=PRESENTATION_STYLE_ASSIGNMENT((#16970));
#16972=STYLED_ITEM('',(#16971),#16969);
#16973=DIRECTION('',(-1.E0,0.E0,0.E0));
#16974=VECTOR('',#16973,1.E-2);
#16975=CARTESIAN_POINT('',(-1.314E1,1.375E1,1.05E0));
#16976=LINE('',#16975,#16974);
#16977=CURVE_STYLE('',#24,POSITIVE_LENGTH_MEASURE(2.E-2),#6);
#16978=PRESENTATION_STYLE_ASSIGNMENT((#16977));
#16979=STYLED_ITEM('',(#16978),#16976);
#16980=DIRECTION('',(0.E0,1.E0,0.E0));
#16981=VECTOR('',#16980,4.E0);
#16982=CARTESIAN_POINT('',(-1.314E1,9.75E0,1.05E0));
#16983=LINE('',#16982,#16981);
#16984=CURVE_STYLE('',#24,POSITIVE_LENGTH_MEASURE(2.E-2),#6);
#16985=PRESENTATION_STYLE_ASSIGNMENT((#16984));
#16986=STYLED_ITEM('',(#16985),#16983);
#16987=DIRECTION('',(1.E0,0.E0,-4.440892098501E-14));
#16988=VECTOR('',#16987,1.E-2);
#16989=CARTESIAN_POINT('',(-1.315E1,9.75E0,1.05E0));
#16990=LINE('',#16989,#16988);
#16991=CURVE_STYLE('',#24,POSITIVE_LENGTH_MEASURE(2.E-2),#6);
#16992=PRESENTATION_STYLE_ASSIGNMENT((#16991));
#16993=STYLED_ITEM('',(#16992),#16990);
#16994=DIRECTION('',(0.E0,-1.E0,0.E0));
#16995=VECTOR('',#16994,4.E0);
#16996=CARTESIAN_POINT('',(-1.315E1,5.75E0,1.05E0));
#16997=LINE('',#16996,#16995);
#16998=CURVE_STYLE('',#24,POSITIVE_LENGTH_MEASURE(2.E-2),#6);
#16999=PRESENTATION_STYLE_ASSIGNMENT((#16998));
#17000=STYLED_ITEM('',(#16999),#16997);
#17001=DIRECTION('',(-1.E0,0.E0,0.E0));
#17002=VECTOR('',#17001,1.E-2);
#17003=CARTESIAN_POINT('',(-1.314E1,5.75E0,1.05E0));
#17004=LINE('',#17003,#17002);
#17005=CURVE_STYLE('',#24,POSITIVE_LENGTH_MEASURE(2.E-2),#6);
#17006=PRESENTATION_STYLE_ASSIGNMENT((#17005));
#17007=STYLED_ITEM('',(#17006),#17004);
#17008=DIRECTION('',(0.E0,1.E0,0.E0));
#17009=VECTOR('',#17008,4.E0);
#17010=CARTESIAN_POINT('',(-1.314E1,1.75E0,1.05E0));
#17011=LINE('',#17010,#17009);
#17012=CURVE_STYLE('',#24,POSITIVE_LENGTH_MEASURE(2.E-2),#6);
#17013=PRESENTATION_STYLE_ASSIGNMENT((#17012));
#17014=STYLED_ITEM('',(#17013),#17011);
#17015=DIRECTION('',(1.E0,0.E0,0.E0));
#17016=VECTOR('',#17015,1.E-2);
#17017=CARTESIAN_POINT('',(-1.315E1,1.75E0,1.05E0));
#17018=LINE('',#17017,#17016);
#17019=CURVE_STYLE('',#24,POSITIVE_LENGTH_MEASURE(2.E-2),#6);
#17020=PRESENTATION_STYLE_ASSIGNMENT((#17019));
#17021=STYLED_ITEM('',(#17020),#17018);
#17022=DIRECTION('',(1.E0,0.E0,0.E0));
#17023=VECTOR('',#17022,4.E0);
#17024=CARTESIAN_POINT('',(5.6E0,-1.615E1,1.05E0));
#17025=LINE('',#17024,#17023);
#17026=CURVE_STYLE('',#24,POSITIVE_LENGTH_MEASURE(2.E-2),#6);
#17027=PRESENTATION_STYLE_ASSIGNMENT((#17026));
#17028=STYLED_ITEM('',(#17027),#17025);
#17029=DIRECTION('',(0.E0,-1.E0,-4.440892098502E-14));
#17030=VECTOR('',#17029,9.999999999998E-3);
#17031=CARTESIAN_POINT('',(5.6E0,-1.614E1,1.05E0));
#17032=LINE('',#17031,#17030);
#17033=CURVE_STYLE('',#24,POSITIVE_LENGTH_MEASURE(2.E-2),#6);
#17034=PRESENTATION_STYLE_ASSIGNMENT((#17033));
#17035=STYLED_ITEM('',(#17034),#17032);
#17036=DIRECTION('',(-1.E0,0.E0,0.E0));
#17037=VECTOR('',#17036,4.E0);
#17038=CARTESIAN_POINT('',(9.6E0,-1.614E1,1.05E0));
#17039=LINE('',#17038,#17037);
#17040=CURVE_STYLE('',#24,POSITIVE_LENGTH_MEASURE(2.E-2),#6);
#17041=PRESENTATION_STYLE_ASSIGNMENT((#17040));
#17042=STYLED_ITEM('',(#17041),#17039);
#17043=DIRECTION('',(0.E0,1.E0,8.881784197003E-14));
#17044=VECTOR('',#17043,9.999999999998E-3);
#17045=CARTESIAN_POINT('',(9.6E0,-1.615E1,1.05E0));
#17046=LINE('',#17045,#17044);
#17047=CURVE_STYLE('',#24,POSITIVE_LENGTH_MEASURE(2.E-2),#6);
#17048=PRESENTATION_STYLE_ASSIGNMENT((#17047));
#17049=STYLED_ITEM('',(#17048),#17046);
#17050=DIRECTION('',(0.E0,-1.E0,0.E0));
#17051=VECTOR('',#17050,4.E0);
#17052=CARTESIAN_POINT('',(1.314E1,-9.25E0,1.05E0));
#17053=LINE('',#17052,#17051);
#17054=CURVE_STYLE('',#24,POSITIVE_LENGTH_MEASURE(2.E-2),#6);
#17055=PRESENTATION_STYLE_ASSIGNMENT((#17054));
#17056=STYLED_ITEM('',(#17055),#17053);
#17057=DIRECTION('',(-1.E0,0.E0,-4.440892098499E-14));
#17058=VECTOR('',#17057,1.E-2);
#17059=CARTESIAN_POINT('',(1.315E1,-9.25E0,1.05E0));
#17060=LINE('',#17059,#17058);
#17061=CURVE_STYLE('',#24,POSITIVE_LENGTH_MEASURE(2.E-2),#6);
#17062=PRESENTATION_STYLE_ASSIGNMENT((#17061));
#17063=STYLED_ITEM('',(#17062),#17060);
#17064=DIRECTION('',(0.E0,1.E0,0.E0));
#17065=VECTOR('',#17064,4.E0);
#17066=CARTESIAN_POINT('',(1.315E1,-1.325E1,1.05E0));
#17067=LINE('',#17066,#17065);
#17068=CURVE_STYLE('',#24,POSITIVE_LENGTH_MEASURE(2.E-2),#6);
#17069=PRESENTATION_STYLE_ASSIGNMENT((#17068));
#17070=STYLED_ITEM('',(#17069),#17067);
#17071=DIRECTION('',(1.E0,-3.552713678801E-13,-4.440892098501E-14));
#17072=VECTOR('',#17071,1.E-2);
#17073=CARTESIAN_POINT('',(1.314E1,-1.325E1,1.05E0));
#17074=LINE('',#17073,#17072);
#17075=CURVE_STYLE('',#24,POSITIVE_LENGTH_MEASURE(2.E-2),#6);
#17076=PRESENTATION_STYLE_ASSIGNMENT((#17075));
#17077=STYLED_ITEM('',(#17076),#17074);
#17078=DIRECTION('',(0.E0,-1.E0,0.E0));
#17079=VECTOR('',#17078,4.E0);
#17080=CARTESIAN_POINT('',(1.314E1,-1.25E0,1.05E0));
#17081=LINE('',#17080,#17079);
#17082=CURVE_STYLE('',#24,POSITIVE_LENGTH_MEASURE(2.E-2),#6);
#17083=PRESENTATION_STYLE_ASSIGNMENT((#17082));
#17084=STYLED_ITEM('',(#17083),#17081);
#17085=DIRECTION('',(-1.E0,0.E0,-4.440892098501E-14));
#17086=VECTOR('',#17085,1.E-2);
#17087=CARTESIAN_POINT('',(1.315E1,-1.25E0,1.05E0));
#17088=LINE('',#17087,#17086);
#17089=CURVE_STYLE('',#24,POSITIVE_LENGTH_MEASURE(2.E-2),#6);
#17090=PRESENTATION_STYLE_ASSIGNMENT((#17089));
#17091=STYLED_ITEM('',(#17090),#17088);
#17092=DIRECTION('',(0.E0,1.E0,0.E0));
#17093=VECTOR('',#17092,4.E0);
#17094=CARTESIAN_POINT('',(1.315E1,-5.25E0,1.05E0));
#17095=LINE('',#17094,#17093);
#17096=CURVE_STYLE('',#24,POSITIVE_LENGTH_MEASURE(2.E-2),#6);
#17097=PRESENTATION_STYLE_ASSIGNMENT((#17096));
#17098=STYLED_ITEM('',(#17097),#17095);
#17099=DIRECTION('',(1.E0,0.E0,0.E0));
#17100=VECTOR('',#17099,1.E-2);
#17101=CARTESIAN_POINT('',(1.314E1,-5.25E0,1.05E0));
#17102=LINE('',#17101,#17100);
#17103=CURVE_STYLE('',#24,POSITIVE_LENGTH_MEASURE(2.E-2),#6);
#17104=PRESENTATION_STYLE_ASSIGNMENT((#17103));
#17105=STYLED_ITEM('',(#17104),#17102);
#17106=DIRECTION('',(0.E0,-1.E0,0.E0));
#17107=VECTOR('',#17106,4.E0);
#17108=CARTESIAN_POINT('',(1.314E1,5.75E0,1.05E0));
#17109=LINE('',#17108,#17107);
#17110=CURVE_STYLE('',#24,POSITIVE_LENGTH_MEASURE(2.E-2),#6);
#17111=PRESENTATION_STYLE_ASSIGNMENT((#17110));
#17112=STYLED_ITEM('',(#17111),#17109);
#17113=DIRECTION('',(-1.E0,0.E0,0.E0));
#17114=VECTOR('',#17113,1.E-2);
#17115=CARTESIAN_POINT('',(1.315E1,5.75E0,1.05E0));
#17116=LINE('',#17115,#17114);
#17117=CURVE_STYLE('',#24,POSITIVE_LENGTH_MEASURE(2.E-2),#6);
#17118=PRESENTATION_STYLE_ASSIGNMENT((#17117));
#17119=STYLED_ITEM('',(#17118),#17116);
#17120=DIRECTION('',(0.E0,1.E0,0.E0));
#17121=VECTOR('',#17120,4.E0);
#17122=CARTESIAN_POINT('',(1.315E1,1.75E0,1.05E0));
#17123=LINE('',#17122,#17121);
#17124=CURVE_STYLE('',#24,POSITIVE_LENGTH_MEASURE(2.E-2),#6);
#17125=PRESENTATION_STYLE_ASSIGNMENT((#17124));
#17126=STYLED_ITEM('',(#17125),#17123);
#17127=DIRECTION('',(1.E0,0.E0,-4.440892098501E-14));
#17128=VECTOR('',#17127,1.E-2);
#17129=CARTESIAN_POINT('',(1.314E1,1.75E0,1.05E0));
#17130=LINE('',#17129,#17128);
#17131=CURVE_STYLE('',#24,POSITIVE_LENGTH_MEASURE(2.E-2),#6);
#17132=PRESENTATION_STYLE_ASSIGNMENT((#17131));
#17133=STYLED_ITEM('',(#17132),#17130);
#17134=DIRECTION('',(0.E0,-1.E0,0.E0));
#17135=VECTOR('',#17134,4.E0);
#17136=CARTESIAN_POINT('',(1.314E1,1.375E1,1.05E0));
#17137=LINE('',#17136,#17135);
#17138=CURVE_STYLE('',#24,POSITIVE_LENGTH_MEASURE(2.E-2),#6);
#17139=PRESENTATION_STYLE_ASSIGNMENT((#17138));
#17140=STYLED_ITEM('',(#17139),#17137);
#17141=DIRECTION('',(-1.E0,5.329070518201E-13,-2.220446049250E-14));
#17142=VECTOR('',#17141,1.E-2);
#17143=CARTESIAN_POINT('',(1.315E1,1.375E1,1.05E0));
#17144=LINE('',#17143,#17142);
#17145=CURVE_STYLE('',#24,POSITIVE_LENGTH_MEASURE(2.E-2),#6);
#17146=PRESENTATION_STYLE_ASSIGNMENT((#17145));
#17147=STYLED_ITEM('',(#17146),#17144);
#17148=DIRECTION('',(0.E0,1.E0,0.E0));
#17149=VECTOR('',#17148,4.E0);
#17150=CARTESIAN_POINT('',(1.315E1,9.75E0,1.05E0));
#17151=LINE('',#17150,#17149);
#17152=CURVE_STYLE('',#24,POSITIVE_LENGTH_MEASURE(2.E-2),#6);
#17153=PRESENTATION_STYLE_ASSIGNMENT((#17152));
#17154=STYLED_ITEM('',(#17153),#17151);
#17155=DIRECTION('',(1.E0,-5.329070518199E-13,2.220446049250E-14));
#17156=VECTOR('',#17155,1.E-2);
#17157=CARTESIAN_POINT('',(1.314E1,9.75E0,1.05E0));
#17158=LINE('',#17157,#17156);
#17159=CURVE_STYLE('',#24,POSITIVE_LENGTH_MEASURE(2.E-2),#6);
#17160=PRESENTATION_STYLE_ASSIGNMENT((#17159));
#17161=STYLED_ITEM('',(#17160),#17158);
#17162=DIRECTION('',(1.E0,0.E0,0.E0));
#17163=VECTOR('',#17162,4.E0);
#17164=CARTESIAN_POINT('',(5.6E0,1.664E1,1.05E0));
#17165=LINE('',#17164,#17163);
#17166=CURVE_STYLE('',#24,POSITIVE_LENGTH_MEASURE(2.E-2),#6);
#17167=PRESENTATION_STYLE_ASSIGNMENT((#17166));
#17168=STYLED_ITEM('',(#17167),#17165);
#17169=DIRECTION('',(0.E0,-1.E0,0.E0));
#17170=VECTOR('',#17169,1.E-2);
#17171=CARTESIAN_POINT('',(5.6E0,1.665E1,1.05E0));
#17172=LINE('',#17171,#17170);
#17173=CURVE_STYLE('',#24,POSITIVE_LENGTH_MEASURE(2.E-2),#6);
#17174=PRESENTATION_STYLE_ASSIGNMENT((#17173));
#17175=STYLED_ITEM('',(#17174),#17172);
#17176=DIRECTION('',(-1.E0,0.E0,0.E0));
#17177=VECTOR('',#17176,4.E0);
#17178=CARTESIAN_POINT('',(9.6E0,1.665E1,1.05E0));
#17179=LINE('',#17178,#17177);
#17180=CURVE_STYLE('',#24,POSITIVE_LENGTH_MEASURE(2.E-2),#6);
#17181=PRESENTATION_STYLE_ASSIGNMENT((#17180));
#17182=STYLED_ITEM('',(#17181),#17179);
#17183=DIRECTION('',(0.E0,1.E0,0.E0));
#17184=VECTOR('',#17183,1.E-2);
#17185=CARTESIAN_POINT('',(9.6E0,1.664E1,1.05E0));
#17186=LINE('',#17185,#17184);
#17187=CURVE_STYLE('',#24,POSITIVE_LENGTH_MEASURE(2.E-2),#6);
#17188=PRESENTATION_STYLE_ASSIGNMENT((#17187));
#17189=STYLED_ITEM('',(#17188),#17186);
#17190=DIRECTION('',(0.E0,-1.E0,0.E0));
#17191=VECTOR('',#17190,4.E0);
#17192=CARTESIAN_POINT('',(-1.315E1,-1.25E0,1.05E0));
#17193=LINE('',#17192,#17191);
#17194=CURVE_STYLE('',#24,POSITIVE_LENGTH_MEASURE(2.E-2),#6);
#17195=PRESENTATION_STYLE_ASSIGNMENT((#17194));
#17196=STYLED_ITEM('',(#17195),#17193);
#17197=DIRECTION('',(-1.E0,0.E0,4.440892098501E-14));
#17198=VECTOR('',#17197,1.E-2);
#17199=CARTESIAN_POINT('',(-1.314E1,-1.25E0,1.05E0));
#17200=LINE('',#17199,#17198);
#17201=CURVE_STYLE('',#24,POSITIVE_LENGTH_MEASURE(2.E-2),#6);
#17202=PRESENTATION_STYLE_ASSIGNMENT((#17201));
#17203=STYLED_ITEM('',(#17202),#17200);
#17204=DIRECTION('',(0.E0,1.E0,0.E0));
#17205=VECTOR('',#17204,4.E0);
#17206=CARTESIAN_POINT('',(-1.314E1,-5.25E0,1.05E0));
#17207=LINE('',#17206,#17205);
#17208=CURVE_STYLE('',#24,POSITIVE_LENGTH_MEASURE(2.E-2),#6);
#17209=PRESENTATION_STYLE_ASSIGNMENT((#17208));
#17210=STYLED_ITEM('',(#17209),#17207);
#17211=DIRECTION('',(1.E0,0.E0,0.E0));
#17212=VECTOR('',#17211,1.E-2);
#17213=CARTESIAN_POINT('',(-1.315E1,-5.25E0,1.05E0));
#17214=LINE('',#17213,#17212);
#17215=CURVE_STYLE('',#24,POSITIVE_LENGTH_MEASURE(2.E-2),#6);
#17216=PRESENTATION_STYLE_ASSIGNMENT((#17215));
#17217=STYLED_ITEM('',(#17216),#17214);
#17218=DIRECTION('',(0.E0,-1.E0,0.E0));
#17219=VECTOR('',#17218,4.E0);
#17220=CARTESIAN_POINT('',(-1.315E1,-9.25E0,1.05E0));
#17221=LINE('',#17220,#17219);
#17222=CURVE_STYLE('',#24,POSITIVE_LENGTH_MEASURE(2.E-2),#6);
#17223=PRESENTATION_STYLE_ASSIGNMENT((#17222));
#17224=STYLED_ITEM('',(#17223),#17221);
#17225=DIRECTION('',(-1.E0,5.329070518199E-13,0.E0));
#17226=VECTOR('',#17225,1.E-2);
#17227=CARTESIAN_POINT('',(-1.314E1,-9.25E0,1.05E0));
#17228=LINE('',#17227,#17226);
#17229=CURVE_STYLE('',#24,POSITIVE_LENGTH_MEASURE(2.E-2),#6);
#17230=PRESENTATION_STYLE_ASSIGNMENT((#17229));
#17231=STYLED_ITEM('',(#17230),#17228);
#17232=DIRECTION('',(0.E0,1.E0,0.E0));
#17233=VECTOR('',#17232,4.E0);
#17234=CARTESIAN_POINT('',(-1.314E1,-1.325E1,1.05E0));
#17235=LINE('',#17234,#17233);
#17236=CURVE_STYLE('',#24,POSITIVE_LENGTH_MEASURE(2.E-2),#6);
#17237=PRESENTATION_STYLE_ASSIGNMENT((#17236));
#17238=STYLED_ITEM('',(#17237),#17235);
#17239=DIRECTION('',(1.E0,-5.329070518199E-13,0.E0));
#17240=VECTOR('',#17239,1.E-2);
#17241=CARTESIAN_POINT('',(-1.315E1,-1.325E1,1.05E0));
#17242=LINE('',#17241,#17240);
#17243=CURVE_STYLE('',#24,POSITIVE_LENGTH_MEASURE(2.E-2),#6);
#17244=PRESENTATION_STYLE_ASSIGNMENT((#17243));
#17245=STYLED_ITEM('',(#17244),#17242);
#17246=DIRECTION('',(1.E0,0.E0,0.E0));
#17247=VECTOR('',#17246,4.E0);
#17248=CARTESIAN_POINT('',(-9.6E0,-1.615E1,1.05E0));
#17249=LINE('',#17248,#17247);
#17250=CURVE_STYLE('',#24,POSITIVE_LENGTH_MEASURE(2.E-2),#6);
#17251=PRESENTATION_STYLE_ASSIGNMENT((#17250));
#17252=STYLED_ITEM('',(#17251),#17249);
#17253=DIRECTION('',(1.776356839400E-13,-1.E0,0.E0));
#17254=VECTOR('',#17253,1.E-2);
#17255=CARTESIAN_POINT('',(-9.6E0,-1.614E1,1.05E0));
#17256=LINE('',#17255,#17254);
#17257=CURVE_STYLE('',#24,POSITIVE_LENGTH_MEASURE(2.E-2),#6);
#17258=PRESENTATION_STYLE_ASSIGNMENT((#17257));
#17259=STYLED_ITEM('',(#17258),#17256);
#17260=DIRECTION('',(-1.E0,0.E0,0.E0));
#17261=VECTOR('',#17260,4.E0);
#17262=CARTESIAN_POINT('',(-5.6E0,-1.614E1,1.05E0));
#17263=LINE('',#17262,#17261);
#17264=CURVE_STYLE('',#24,POSITIVE_LENGTH_MEASURE(2.E-2),#6);
#17265=PRESENTATION_STYLE_ASSIGNMENT((#17264));
#17266=STYLED_ITEM('',(#17265),#17263);
#17267=DIRECTION('',(0.E0,1.E0,0.E0));
#17268=VECTOR('',#17267,1.E-2);
#17269=CARTESIAN_POINT('',(-5.6E0,-1.615E1,1.05E0));
#17270=LINE('',#17269,#17268);
#17271=CURVE_STYLE('',#24,POSITIVE_LENGTH_MEASURE(2.E-2),#6);
#17272=PRESENTATION_STYLE_ASSIGNMENT((#17271));
#17273=STYLED_ITEM('',(#17272),#17270);
#17274=DIRECTION('',(0.E0,-7.071067811866E-1,-7.071067811865E-1));
#17275=VECTOR('',#17274,2.404163056034E-1);
#17276=CARTESIAN_POINT('',(-5.6E0,1.664E1,1.05E0));
#17277=LINE('',#17276,#17275);
#17278=CURVE_STYLE('',#24,POSITIVE_LENGTH_MEASURE(2.E-2),#6);
#17279=PRESENTATION_STYLE_ASSIGNMENT((#17278));
#17280=STYLED_ITEM('',(#17279),#17277);
#17281=DIRECTION('',(0.E0,-7.071067811866E-1,7.071067811865E-1));
#17282=VECTOR('',#17281,2.404163056034E-1);
#17283=CARTESIAN_POINT('',(-5.6E0,1.682E1,8.8E-1));
#17284=LINE('',#17283,#17282);
#17285=CURVE_STYLE('',#24,POSITIVE_LENGTH_MEASURE(2.E-2),#6);
#17286=PRESENTATION_STYLE_ASSIGNMENT((#17285));
#17287=STYLED_ITEM('',(#17286),#17284);
#17288=DIRECTION('',(0.E0,0.E0,1.E0));
#17289=VECTOR('',#17288,8.E-2);
#17290=CARTESIAN_POINT('',(-5.6E0,1.647E1,8.E-1));
#17291=LINE('',#17290,#17289);
#17292=CURVE_STYLE('',#24,POSITIVE_LENGTH_MEASURE(2.E-2),#6);
#17293=PRESENTATION_STYLE_ASSIGNMENT((#17292));
#17294=STYLED_ITEM('',(#17293),#17291);
#17295=DIRECTION('',(0.E0,7.071067811866E-1,7.071067811865E-1));
#17296=VECTOR('',#17295,2.404163056034E-1);
#17297=CARTESIAN_POINT('',(-9.6E0,1.647E1,8.8E-1));
#17298=LINE('',#17297,#17296);
#17299=CURVE_STYLE('',#24,POSITIVE_LENGTH_MEASURE(2.E-2),#6);
#17300=PRESENTATION_STYLE_ASSIGNMENT((#17299));
#17301=STYLED_ITEM('',(#17300),#17298);
#17302=DIRECTION('',(0.E0,0.E0,1.E0));
#17303=VECTOR('',#17302,8.E-2);
#17304=CARTESIAN_POINT('',(-9.6E0,1.682E1,8.E-1));
#17305=LINE('',#17304,#17303);
#17306=CURVE_STYLE('',#24,POSITIVE_LENGTH_MEASURE(2.E-2),#6);
#17307=PRESENTATION_STYLE_ASSIGNMENT((#17306));
#17308=STYLED_ITEM('',(#17307),#17305);
#17309=DIRECTION('',(0.E0,7.071067811866E-1,-7.071067811865E-1));
#17310=VECTOR('',#17309,2.404163056034E-1);
#17311=CARTESIAN_POINT('',(-9.6E0,1.665E1,1.05E0));
#17312=LINE('',#17311,#17310);
#17313=CURVE_STYLE('',#24,POSITIVE_LENGTH_MEASURE(2.E-2),#6);
#17314=PRESENTATION_STYLE_ASSIGNMENT((#17313));
#17315=STYLED_ITEM('',(#17314),#17312);
#17316=DIRECTION('',(1.E0,0.E0,0.E0));
#17317=VECTOR('',#17316,4.E0);
#17318=CARTESIAN_POINT('',(-9.6E0,1.647E1,8.8E-1));
#17319=LINE('',#17318,#17317);
#17320=CURVE_STYLE('',#24,POSITIVE_LENGTH_MEASURE(2.E-2),#6);
#17321=PRESENTATION_STYLE_ASSIGNMENT((#17320));
#17322=STYLED_ITEM('',(#17321),#17319);
#17323=DIRECTION('',(0.E0,0.E0,1.E0));
#17324=VECTOR('',#17323,8.E-2);
#17325=CARTESIAN_POINT('',(-9.6E0,1.647E1,8.E-1));
#17326=LINE('',#17325,#17324);
#17327=CURVE_STYLE('',#24,POSITIVE_LENGTH_MEASURE(2.E-2),#6);
#17328=PRESENTATION_STYLE_ASSIGNMENT((#17327));
#17329=STYLED_ITEM('',(#17328),#17326);
#17330=DIRECTION('',(-1.E0,0.E0,0.E0));
#17331=VECTOR('',#17330,4.E0);
#17332=CARTESIAN_POINT('',(-5.6E0,1.682E1,8.8E-1));
#17333=LINE('',#17332,#17331);
#17334=CURVE_STYLE('',#24,POSITIVE_LENGTH_MEASURE(2.E-2),#6);
#17335=PRESENTATION_STYLE_ASSIGNMENT((#17334));
#17336=STYLED_ITEM('',(#17335),#17333);
#17337=DIRECTION('',(-2.220446049250E-14,0.E0,1.E0));
#17338=VECTOR('',#17337,8.E-2);
#17339=CARTESIAN_POINT('',(-5.6E0,1.682E1,8.E-1));
#17340=LINE('',#17339,#17338);
#17341=CURVE_STYLE('',#24,POSITIVE_LENGTH_MEASURE(2.E-2),#6);
#17342=PRESENTATION_STYLE_ASSIGNMENT((#17341));
#17343=STYLED_ITEM('',(#17342),#17340);
#17344=DIRECTION('',(7.071067811865E-1,0.E0,7.071067811866E-1));
#17345=VECTOR('',#17344,2.404163056034E-1);
#17346=CARTESIAN_POINT('',(-1.332E1,1.375E1,8.8E-1));
#17347=LINE('',#17346,#17345);
#17348=CURVE_STYLE('',#24,POSITIVE_LENGTH_MEASURE(2.E-2),#6);
#17349=PRESENTATION_STYLE_ASSIGNMENT((#17348));
#17350=STYLED_ITEM('',(#17349),#17347);
#17351=DIRECTION('',(0.E0,0.E0,1.E0));
#17352=VECTOR('',#17351,8.E-2);
#17353=CARTESIAN_POINT('',(-1.297E1,1.375E1,8.E-1));
#17354=LINE('',#17353,#17352);
#17355=CURVE_STYLE('',#24,POSITIVE_LENGTH_MEASURE(2.E-2),#6);
#17356=PRESENTATION_STYLE_ASSIGNMENT((#17355));
#17357=STYLED_ITEM('',(#17356),#17354);
#17358=DIRECTION('',(7.071067811865E-1,0.E0,-7.071067811865E-1));
#17359=VECTOR('',#17358,2.404163056034E-1);
#17360=CARTESIAN_POINT('',(-1.314E1,1.375E1,1.05E0));
#17361=LINE('',#17360,#17359);
#17362=CURVE_STYLE('',#24,POSITIVE_LENGTH_MEASURE(2.E-2),#6);
#17363=PRESENTATION_STYLE_ASSIGNMENT((#17362));
#17364=STYLED_ITEM('',(#17363),#17361);
#17365=DIRECTION('',(0.E0,1.E0,0.E0));
#17366=VECTOR('',#17365,4.E0);
#17367=CARTESIAN_POINT('',(-1.297E1,9.75E0,8.8E-1));
#17368=LINE('',#17367,#17366);
#17369=CURVE_STYLE('',#24,POSITIVE_LENGTH_MEASURE(2.E-2),#6);
#17370=PRESENTATION_STYLE_ASSIGNMENT((#17369));
#17371=STYLED_ITEM('',(#17370),#17368);
#17372=DIRECTION('',(0.E0,0.E0,1.E0));
#17373=VECTOR('',#17372,8.E-2);
#17374=CARTESIAN_POINT('',(-1.297E1,9.75E0,8.E-1));
#17375=LINE('',#17374,#17373);
#17376=CURVE_STYLE('',#24,POSITIVE_LENGTH_MEASURE(2.E-2),#6);
#17377=PRESENTATION_STYLE_ASSIGNMENT((#17376));
#17378=STYLED_ITEM('',(#17377),#17375);
#17379=DIRECTION('',(-7.071067811865E-1,0.E0,-7.071067811866E-1));
#17380=VECTOR('',#17379,2.404163056034E-1);
#17381=CARTESIAN_POINT('',(-1.315E1,1.75E0,1.05E0));
#17382=LINE('',#17381,#17380);
#17383=CURVE_STYLE('',#24,POSITIVE_LENGTH_MEASURE(2.E-2),#6);
#17384=PRESENTATION_STYLE_ASSIGNMENT((#17383));
#17385=STYLED_ITEM('',(#17384),#17382);
#17386=DIRECTION('',(-7.071067811865E-1,0.E0,7.071067811865E-1));
#17387=VECTOR('',#17386,2.404163056034E-1);
#17388=CARTESIAN_POINT('',(-1.297E1,1.75E0,8.8E-1));
#17389=LINE('',#17388,#17387);
#17390=CURVE_STYLE('',#24,POSITIVE_LENGTH_MEASURE(2.E-2),#6);
#17391=PRESENTATION_STYLE_ASSIGNMENT((#17390));
#17392=STYLED_ITEM('',(#17391),#17389);
#17393=DIRECTION('',(0.E0,0.E0,1.E0));
#17394=VECTOR('',#17393,8.E-2);
#17395=CARTESIAN_POINT('',(-1.332E1,1.75E0,8.E-1));
#17396=LINE('',#17395,#17394);
#17397=CURVE_STYLE('',#24,POSITIVE_LENGTH_MEASURE(2.E-2),#6);
#17398=PRESENTATION_STYLE_ASSIGNMENT((#17397));
#17399=STYLED_ITEM('',(#17398),#17396);
#17400=DIRECTION('',(7.071067811865E-1,0.E0,7.071067811866E-1));
#17401=VECTOR('',#17400,2.404163056034E-1);
#17402=CARTESIAN_POINT('',(-1.332E1,5.75E0,8.8E-1));
#17403=LINE('',#17402,#17401);
#17404=CURVE_STYLE('',#24,POSITIVE_LENGTH_MEASURE(2.E-2),#6);
#17405=PRESENTATION_STYLE_ASSIGNMENT((#17404));
#17406=STYLED_ITEM('',(#17405),#17403);
#17407=DIRECTION('',(0.E0,0.E0,1.E0));
#17408=VECTOR('',#17407,8.E-2);
#17409=CARTESIAN_POINT('',(-1.297E1,5.75E0,8.E-1));
#17410=LINE('',#17409,#17408);
#17411=CURVE_STYLE('',#24,POSITIVE_LENGTH_MEASURE(2.E-2),#6);
#17412=PRESENTATION_STYLE_ASSIGNMENT((#17411));
#17413=STYLED_ITEM('',(#17412),#17410);
#17414=DIRECTION('',(7.071067811865E-1,0.E0,-7.071067811865E-1));
#17415=VECTOR('',#17414,2.404163056034E-1);
#17416=CARTESIAN_POINT('',(-1.314E1,5.75E0,1.05E0));
#17417=LINE('',#17416,#17415);
#17418=CURVE_STYLE('',#24,POSITIVE_LENGTH_MEASURE(2.E-2),#6);
#17419=PRESENTATION_STYLE_ASSIGNMENT((#17418));
#17420=STYLED_ITEM('',(#17419),#17417);
#17421=DIRECTION('',(0.E0,-1.E0,0.E0));
#17422=VECTOR('',#17421,4.E0);
#17423=CARTESIAN_POINT('',(-1.332E1,5.75E0,8.8E-1));
#17424=LINE('',#17423,#17422);
#17425=CURVE_STYLE('',#24,POSITIVE_LENGTH_MEASURE(2.E-2),#6);
#17426=PRESENTATION_STYLE_ASSIGNMENT((#17425));
#17427=STYLED_ITEM('',(#17426),#17424);
#17428=DIRECTION('',(0.E0,0.E0,1.E0));
#17429=VECTOR('',#17428,8.E-2);
#17430=CARTESIAN_POINT('',(-1.332E1,5.75E0,8.E-1));
#17431=LINE('',#17430,#17429);
#17432=CURVE_STYLE('',#24,POSITIVE_LENGTH_MEASURE(2.E-2),#6);
#17433=PRESENTATION_STYLE_ASSIGNMENT((#17432));
#17434=STYLED_ITEM('',(#17433),#17431);
#17435=DIRECTION('',(0.E0,1.E0,0.E0));
#17436=VECTOR('',#17435,4.E0);
#17437=CARTESIAN_POINT('',(-1.297E1,1.75E0,8.8E-1));
#17438=LINE('',#17437,#17436);
#17439=CURVE_STYLE('',#24,POSITIVE_LENGTH_MEASURE(2.E-2),#6);
#17440=PRESENTATION_STYLE_ASSIGNMENT((#17439));
#17441=STYLED_ITEM('',(#17440),#17438);
#17442=DIRECTION('',(0.E0,0.E0,1.E0));
#17443=VECTOR('',#17442,8.E-2);
#17444=CARTESIAN_POINT('',(-1.297E1,1.75E0,8.E-1));
#17445=LINE('',#17444,#17443);
#17446=CURVE_STYLE('',#24,POSITIVE_LENGTH_MEASURE(2.E-2),#6);
#17447=PRESENTATION_STYLE_ASSIGNMENT((#17446));
#17448=STYLED_ITEM('',(#17447),#17445);
#17449=DIRECTION('',(0.E0,-7.071067811865E-1,-7.071067811866E-1));
#17450=VECTOR('',#17449,2.404163056034E-1);
#17451=CARTESIAN_POINT('',(9.6E0,-1.615E1,1.05E0));
#17452=LINE('',#17451,#17450);
#17453=CURVE_STYLE('',#24,POSITIVE_LENGTH_MEASURE(2.E-2),#6);
#17454=PRESENTATION_STYLE_ASSIGNMENT((#17453));
#17455=STYLED_ITEM('',(#17454),#17452);
#17456=DIRECTION('',(0.E0,-7.071067811866E-1,7.071067811865E-1));
#17457=VECTOR('',#17456,2.404163056034E-1);
#17458=CARTESIAN_POINT('',(9.6E0,-1.597E1,8.8E-1));
#17459=LINE('',#17458,#17457);
#17460=CURVE_STYLE('',#24,POSITIVE_LENGTH_MEASURE(2.E-2),#6);
#17461=PRESENTATION_STYLE_ASSIGNMENT((#17460));
#17462=STYLED_ITEM('',(#17461),#17459);
#17463=DIRECTION('',(0.E0,0.E0,1.E0));
#17464=VECTOR('',#17463,8.E-2);
#17465=CARTESIAN_POINT('',(9.6E0,-1.632E1,8.E-1));
#17466=LINE('',#17465,#17464);
#17467=CURVE_STYLE('',#24,POSITIVE_LENGTH_MEASURE(2.E-2),#6);
#17468=PRESENTATION_STYLE_ASSIGNMENT((#17467));
#17469=STYLED_ITEM('',(#17468),#17466);
#17470=DIRECTION('',(0.E0,7.071067811866E-1,7.071067811865E-1));
#17471=VECTOR('',#17470,2.404163056034E-1);
#17472=CARTESIAN_POINT('',(5.6E0,-1.632E1,8.8E-1));
#17473=LINE('',#17472,#17471);
#17474=CURVE_STYLE('',#24,POSITIVE_LENGTH_MEASURE(2.E-2),#6);
#17475=PRESENTATION_STYLE_ASSIGNMENT((#17474));
#17476=STYLED_ITEM('',(#17475),#17473);
#17477=DIRECTION('',(0.E0,0.E0,1.E0));
#17478=VECTOR('',#17477,8.E-2);
#17479=CARTESIAN_POINT('',(5.6E0,-1.597E1,8.E-1));
#17480=LINE('',#17479,#17478);
#17481=CURVE_STYLE('',#24,POSITIVE_LENGTH_MEASURE(2.E-2),#6);
#17482=PRESENTATION_STYLE_ASSIGNMENT((#17481));
#17483=STYLED_ITEM('',(#17482),#17480);
#17484=DIRECTION('',(0.E0,7.071067811866E-1,-7.071067811865E-1));
#17485=VECTOR('',#17484,2.404163056034E-1);
#17486=CARTESIAN_POINT('',(5.6E0,-1.614E1,1.05E0));
#17487=LINE('',#17486,#17485);
#17488=CURVE_STYLE('',#24,POSITIVE_LENGTH_MEASURE(2.E-2),#6);
#17489=PRESENTATION_STYLE_ASSIGNMENT((#17488));
#17490=STYLED_ITEM('',(#17489),#17487);
#17491=DIRECTION('',(1.E0,0.E0,0.E0));
#17492=VECTOR('',#17491,4.E0);
#17493=CARTESIAN_POINT('',(5.6E0,-1.632E1,8.8E-1));
#17494=LINE('',#17493,#17492);
#17495=CURVE_STYLE('',#24,POSITIVE_LENGTH_MEASURE(2.E-2),#6);
#17496=PRESENTATION_STYLE_ASSIGNMENT((#17495));
#17497=STYLED_ITEM('',(#17496),#17494);
#17498=DIRECTION('',(0.E0,4.440892098501E-14,1.E0));
#17499=VECTOR('',#17498,8.E-2);
#17500=CARTESIAN_POINT('',(5.6E0,-1.632E1,8.E-1));
#17501=LINE('',#17500,#17499);
#17502=CURVE_STYLE('',#24,POSITIVE_LENGTH_MEASURE(2.E-2),#6);
#17503=PRESENTATION_STYLE_ASSIGNMENT((#17502));
#17504=STYLED_ITEM('',(#17503),#17501);
#17505=DIRECTION('',(-1.E0,0.E0,0.E0));
#17506=VECTOR('',#17505,4.E0);
#17507=CARTESIAN_POINT('',(9.6E0,-1.597E1,8.8E-1));
#17508=LINE('',#17507,#17506);
#17509=CURVE_STYLE('',#24,POSITIVE_LENGTH_MEASURE(2.E-2),#6);
#17510=PRESENTATION_STYLE_ASSIGNMENT((#17509));
#17511=STYLED_ITEM('',(#17510),#17508);
#17512=DIRECTION('',(0.E0,0.E0,1.E0));
#17513=VECTOR('',#17512,8.E-2);
#17514=CARTESIAN_POINT('',(9.6E0,-1.597E1,8.E-1));
#17515=LINE('',#17514,#17513);
#17516=CURVE_STYLE('',#24,POSITIVE_LENGTH_MEASURE(2.E-2),#6);
#17517=PRESENTATION_STYLE_ASSIGNMENT((#17516));
#17518=STYLED_ITEM('',(#17517),#17515);
#17519=DIRECTION('',(-7.071067811865E-1,1.477734078761E-14,-7.071067811865E-1));
#17520=VECTOR('',#17519,2.404163056034E-1);
#17521=CARTESIAN_POINT('',(1.314E1,-1.325E1,1.05E0));
#17522=LINE('',#17521,#17520);
#17523=CURVE_STYLE('',#24,POSITIVE_LENGTH_MEASURE(2.E-2),#6);
#17524=PRESENTATION_STYLE_ASSIGNMENT((#17523));
#17525=STYLED_ITEM('',(#17524),#17522);
#17526=DIRECTION('',(-7.071067811865E-1,0.E0,7.071067811866E-1));
#17527=VECTOR('',#17526,2.404163056034E-1);
#17528=CARTESIAN_POINT('',(1.332E1,-1.325E1,8.8E-1));
#17529=LINE('',#17528,#17527);
#17530=CURVE_STYLE('',#24,POSITIVE_LENGTH_MEASURE(2.E-2),#6);
#17531=PRESENTATION_STYLE_ASSIGNMENT((#17530));
#17532=STYLED_ITEM('',(#17531),#17529);
#17533=DIRECTION('',(0.E0,0.E0,1.E0));
#17534=VECTOR('',#17533,8.E-2);
#17535=CARTESIAN_POINT('',(1.297E1,-1.325E1,8.E-1));
#17536=LINE('',#17535,#17534);
#17537=CURVE_STYLE('',#24,POSITIVE_LENGTH_MEASURE(2.E-2),#6);
#17538=PRESENTATION_STYLE_ASSIGNMENT((#17537));
#17539=STYLED_ITEM('',(#17538),#17536);
#17540=DIRECTION('',(7.071067811865E-1,0.E0,7.071067811866E-1));
#17541=VECTOR('',#17540,2.404163056034E-1);
#17542=CARTESIAN_POINT('',(1.297E1,-9.25E0,8.8E-1));
#17543=LINE('',#17542,#17541);
#17544=CURVE_STYLE('',#24,POSITIVE_LENGTH_MEASURE(2.E-2),#6);
#17545=PRESENTATION_STYLE_ASSIGNMENT((#17544));
#17546=STYLED_ITEM('',(#17545),#17543);
#17547=DIRECTION('',(0.E0,0.E0,1.E0));
#17548=VECTOR('',#17547,8.E-2);
#17549=CARTESIAN_POINT('',(1.332E1,-9.25E0,8.E-1));
#17550=LINE('',#17549,#17548);
#17551=CURVE_STYLE('',#24,POSITIVE_LENGTH_MEASURE(2.E-2),#6);
#17552=PRESENTATION_STYLE_ASSIGNMENT((#17551));
#17553=STYLED_ITEM('',(#17552),#17550);
#17554=DIRECTION('',(7.071067811865E-1,0.E0,-7.071067811866E-1));
#17555=VECTOR('',#17554,2.404163056034E-1);
#17556=CARTESIAN_POINT('',(1.315E1,-9.25E0,1.05E0));
#17557=LINE('',#17556,#17555);
#17558=CURVE_STYLE('',#24,POSITIVE_LENGTH_MEASURE(2.E-2),#6);
#17559=PRESENTATION_STYLE_ASSIGNMENT((#17558));
#17560=STYLED_ITEM('',(#17559),#17557);
#17561=DIRECTION('',(0.E0,-1.E0,0.E0));
#17562=VECTOR('',#17561,4.E0);
#17563=CARTESIAN_POINT('',(1.297E1,-9.25E0,8.8E-1));
#17564=LINE('',#17563,#17562);
#17565=CURVE_STYLE('',#24,POSITIVE_LENGTH_MEASURE(2.E-2),#6);
#17566=PRESENTATION_STYLE_ASSIGNMENT((#17565));
#17567=STYLED_ITEM('',(#17566),#17564);
#17568=DIRECTION('',(0.E0,0.E0,1.E0));
#17569=VECTOR('',#17568,8.E-2);
#17570=CARTESIAN_POINT('',(1.297E1,-9.25E0,8.E-1));
#17571=LINE('',#17570,#17569);
#17572=CURVE_STYLE('',#24,POSITIVE_LENGTH_MEASURE(2.E-2),#6);
#17573=PRESENTATION_STYLE_ASSIGNMENT((#17572));
#17574=STYLED_ITEM('',(#17573),#17571);
#17575=DIRECTION('',(0.E0,1.E0,0.E0));
#17576=VECTOR('',#17575,4.E0);
#17577=CARTESIAN_POINT('',(1.332E1,-1.325E1,8.8E-1));
#17578=LINE('',#17577,#17576);
#17579=CURVE_STYLE('',#24,POSITIVE_LENGTH_MEASURE(2.E-2),#6);
#17580=PRESENTATION_STYLE_ASSIGNMENT((#17579));
#17581=STYLED_ITEM('',(#17580),#17578);
#17582=DIRECTION('',(0.E0,0.E0,1.E0));
#17583=VECTOR('',#17582,8.E-2);
#17584=CARTESIAN_POINT('',(1.332E1,-1.325E1,8.E-1));
#17585=LINE('',#17584,#17583);
#17586=CURVE_STYLE('',#24,POSITIVE_LENGTH_MEASURE(2.E-2),#6);
#17587=PRESENTATION_STYLE_ASSIGNMENT((#17586));
#17588=STYLED_ITEM('',(#17587),#17585);
#17589=DIRECTION('',(-7.071067811865E-1,0.E0,-7.071067811865E-1));
#17590=VECTOR('',#17589,2.404163056034E-1);
#17591=CARTESIAN_POINT('',(1.314E1,-5.25E0,1.05E0));
#17592=LINE('',#17591,#17590);
#17593=CURVE_STYLE('',#24,POSITIVE_LENGTH_MEASURE(2.E-2),#6);
#17594=PRESENTATION_STYLE_ASSIGNMENT((#17593));
#17595=STYLED_ITEM('',(#17594),#17592);
#17596=DIRECTION('',(-7.071067811865E-1,0.E0,7.071067811866E-1));
#17597=VECTOR('',#17596,2.404163056034E-1);
#17598=CARTESIAN_POINT('',(1.332E1,-5.25E0,8.8E-1));
#17599=LINE('',#17598,#17597);
#17600=CURVE_STYLE('',#24,POSITIVE_LENGTH_MEASURE(2.E-2),#6);
#17601=PRESENTATION_STYLE_ASSIGNMENT((#17600));
#17602=STYLED_ITEM('',(#17601),#17599);
#17603=DIRECTION('',(0.E0,0.E0,1.E0));
#17604=VECTOR('',#17603,8.E-2);
#17605=CARTESIAN_POINT('',(1.297E1,-5.25E0,8.E-1));
#17606=LINE('',#17605,#17604);
#17607=CURVE_STYLE('',#24,POSITIVE_LENGTH_MEASURE(2.E-2),#6);
#17608=PRESENTATION_STYLE_ASSIGNMENT((#17607));
#17609=STYLED_ITEM('',(#17608),#17606);
#17610=DIRECTION('',(7.071067811865E-1,0.E0,7.071067811865E-1));
#17611=VECTOR('',#17610,2.404163056034E-1);
#17612=CARTESIAN_POINT('',(1.297E1,-1.25E0,8.8E-1));
#17613=LINE('',#17612,#17611);
#17614=CURVE_STYLE('',#24,POSITIVE_LENGTH_MEASURE(2.E-2),#6);
#17615=PRESENTATION_STYLE_ASSIGNMENT((#17614));
#17616=STYLED_ITEM('',(#17615),#17613);
#17617=DIRECTION('',(0.E0,0.E0,1.E0));
#17618=VECTOR('',#17617,8.E-2);
#17619=CARTESIAN_POINT('',(1.332E1,-1.25E0,8.E-1));
#17620=LINE('',#17619,#17618);
#17621=CURVE_STYLE('',#24,POSITIVE_LENGTH_MEASURE(2.E-2),#6);
#17622=PRESENTATION_STYLE_ASSIGNMENT((#17621));
#17623=STYLED_ITEM('',(#17622),#17620);
#17624=DIRECTION('',(7.071067811865E-1,0.E0,-7.071067811866E-1));
#17625=VECTOR('',#17624,2.404163056034E-1);
#17626=CARTESIAN_POINT('',(1.315E1,-1.25E0,1.05E0));
#17627=LINE('',#17626,#17625);
#17628=CURVE_STYLE('',#24,POSITIVE_LENGTH_MEASURE(2.E-2),#6);
#17629=PRESENTATION_STYLE_ASSIGNMENT((#17628));
#17630=STYLED_ITEM('',(#17629),#17627);
#17631=DIRECTION('',(0.E0,-1.E0,0.E0));
#17632=VECTOR('',#17631,4.E0);
#17633=CARTESIAN_POINT('',(1.297E1,-1.25E0,8.8E-1));
#17634=LINE('',#17633,#17632);
#17635=CURVE_STYLE('',#24,POSITIVE_LENGTH_MEASURE(2.E-2),#6);
#17636=PRESENTATION_STYLE_ASSIGNMENT((#17635));
#17637=STYLED_ITEM('',(#17636),#17634);
#17638=DIRECTION('',(0.E0,0.E0,1.E0));
#17639=VECTOR('',#17638,8.E-2);
#17640=CARTESIAN_POINT('',(1.297E1,-1.25E0,8.E-1));
#17641=LINE('',#17640,#17639);
#17642=CURVE_STYLE('',#24,POSITIVE_LENGTH_MEASURE(2.E-2),#6);
#17643=PRESENTATION_STYLE_ASSIGNMENT((#17642));
#17644=STYLED_ITEM('',(#17643),#17641);
#17645=DIRECTION('',(0.E0,1.E0,0.E0));
#17646=VECTOR('',#17645,4.E0);
#17647=CARTESIAN_POINT('',(1.332E1,-5.25E0,8.8E-1));
#17648=LINE('',#17647,#17646);
#17649=CURVE_STYLE('',#24,POSITIVE_LENGTH_MEASURE(2.E-2),#6);
#17650=PRESENTATION_STYLE_ASSIGNMENT((#17649));
#17651=STYLED_ITEM('',(#17650),#17648);
#17652=DIRECTION('',(0.E0,0.E0,1.E0));
#17653=VECTOR('',#17652,8.E-2);
#17654=CARTESIAN_POINT('',(1.332E1,-5.25E0,8.E-1));
#17655=LINE('',#17654,#17653);
#17656=CURVE_STYLE('',#24,POSITIVE_LENGTH_MEASURE(2.E-2),#6);
#17657=PRESENTATION_STYLE_ASSIGNMENT((#17656));
#17658=STYLED_ITEM('',(#17657),#17655);
#17659=DIRECTION('',(-7.071067811865E-1,0.E0,-7.071067811865E-1));
#17660=VECTOR('',#17659,2.404163056034E-1);
#17661=CARTESIAN_POINT('',(1.314E1,1.75E0,1.05E0));
#17662=LINE('',#17661,#17660);
#17663=CURVE_STYLE('',#24,POSITIVE_LENGTH_MEASURE(2.E-2),#6);
#17664=PRESENTATION_STYLE_ASSIGNMENT((#17663));
#17665=STYLED_ITEM('',(#17664),#17662);
#17666=DIRECTION('',(-7.071067811865E-1,0.E0,7.071067811866E-1));
#17667=VECTOR('',#17666,2.404163056034E-1);
#17668=CARTESIAN_POINT('',(1.332E1,1.75E0,8.8E-1));
#17669=LINE('',#17668,#17667);
#17670=CURVE_STYLE('',#24,POSITIVE_LENGTH_MEASURE(2.E-2),#6);
#17671=PRESENTATION_STYLE_ASSIGNMENT((#17670));
#17672=STYLED_ITEM('',(#17671),#17669);
#17673=DIRECTION('',(0.E0,0.E0,1.E0));
#17674=VECTOR('',#17673,8.E-2);
#17675=CARTESIAN_POINT('',(1.297E1,1.75E0,8.E-1));
#17676=LINE('',#17675,#17674);
#17677=CURVE_STYLE('',#24,POSITIVE_LENGTH_MEASURE(2.E-2),#6);
#17678=PRESENTATION_STYLE_ASSIGNMENT((#17677));
#17679=STYLED_ITEM('',(#17678),#17676);
#17680=DIRECTION('',(7.071067811865E-1,0.E0,7.071067811865E-1));
#17681=VECTOR('',#17680,2.404163056034E-1);
#17682=CARTESIAN_POINT('',(1.297E1,5.75E0,8.8E-1));
#17683=LINE('',#17682,#17681);
#17684=CURVE_STYLE('',#24,POSITIVE_LENGTH_MEASURE(2.E-2),#6);
#17685=PRESENTATION_STYLE_ASSIGNMENT((#17684));
#17686=STYLED_ITEM('',(#17685),#17683);
#17687=DIRECTION('',(0.E0,0.E0,1.E0));
#17688=VECTOR('',#17687,8.E-2);
#17689=CARTESIAN_POINT('',(1.332E1,5.75E0,8.E-1));
#17690=LINE('',#17689,#17688);
#17691=CURVE_STYLE('',#24,POSITIVE_LENGTH_MEASURE(2.E-2),#6);
#17692=PRESENTATION_STYLE_ASSIGNMENT((#17691));
#17693=STYLED_ITEM('',(#17692),#17690);
#17694=DIRECTION('',(7.071067811865E-1,0.E0,-7.071067811866E-1));
#17695=VECTOR('',#17694,2.404163056034E-1);
#17696=CARTESIAN_POINT('',(1.315E1,5.75E0,1.05E0));
#17697=LINE('',#17696,#17695);
#17698=CURVE_STYLE('',#24,POSITIVE_LENGTH_MEASURE(2.E-2),#6);
#17699=PRESENTATION_STYLE_ASSIGNMENT((#17698));
#17700=STYLED_ITEM('',(#17699),#17697);
#17701=DIRECTION('',(0.E0,-1.E0,0.E0));
#17702=VECTOR('',#17701,4.E0);
#17703=CARTESIAN_POINT('',(1.297E1,5.75E0,8.8E-1));
#17704=LINE('',#17703,#17702);
#17705=CURVE_STYLE('',#24,POSITIVE_LENGTH_MEASURE(2.E-2),#6);
#17706=PRESENTATION_STYLE_ASSIGNMENT((#17705));
#17707=STYLED_ITEM('',(#17706),#17704);
#17708=DIRECTION('',(0.E0,0.E0,1.E0));
#17709=VECTOR('',#17708,8.E-2);
#17710=CARTESIAN_POINT('',(1.297E1,5.75E0,8.E-1));
#17711=LINE('',#17710,#17709);
#17712=CURVE_STYLE('',#24,POSITIVE_LENGTH_MEASURE(2.E-2),#6);
#17713=PRESENTATION_STYLE_ASSIGNMENT((#17712));
#17714=STYLED_ITEM('',(#17713),#17711);
#17715=DIRECTION('',(0.E0,1.E0,0.E0));
#17716=VECTOR('',#17715,4.E0);
#17717=CARTESIAN_POINT('',(1.332E1,1.75E0,8.8E-1));
#17718=LINE('',#17717,#17716);
#17719=CURVE_STYLE('',#24,POSITIVE_LENGTH_MEASURE(2.E-2),#6);
#17720=PRESENTATION_STYLE_ASSIGNMENT((#17719));
#17721=STYLED_ITEM('',(#17720),#17718);
#17722=DIRECTION('',(0.E0,0.E0,1.E0));
#17723=VECTOR('',#17722,8.E-2);
#17724=CARTESIAN_POINT('',(1.332E1,1.75E0,8.E-1));
#17725=LINE('',#17724,#17723);
#17726=CURVE_STYLE('',#24,POSITIVE_LENGTH_MEASURE(2.E-2),#6);
#17727=PRESENTATION_STYLE_ASSIGNMENT((#17726));
#17728=STYLED_ITEM('',(#17727),#17725);
#17729=DIRECTION('',(-7.071067811865E-1,0.E0,-7.071067811865E-1));
#17730=VECTOR('',#17729,2.404163056034E-1);
#17731=CARTESIAN_POINT('',(1.314E1,9.75E0,1.05E0));
#17732=LINE('',#17731,#17730);
#17733=CURVE_STYLE('',#24,POSITIVE_LENGTH_MEASURE(2.E-2),#6);
#17734=PRESENTATION_STYLE_ASSIGNMENT((#17733));
#17735=STYLED_ITEM('',(#17734),#17732);
#17736=DIRECTION('',(-7.071067811865E-1,0.E0,7.071067811866E-1));
#17737=VECTOR('',#17736,2.404163056034E-1);
#17738=CARTESIAN_POINT('',(1.332E1,9.75E0,8.8E-1));
#17739=LINE('',#17738,#17737);
#17740=CURVE_STYLE('',#24,POSITIVE_LENGTH_MEASURE(2.E-2),#6);
#17741=PRESENTATION_STYLE_ASSIGNMENT((#17740));
#17742=STYLED_ITEM('',(#17741),#17739);
#17743=DIRECTION('',(0.E0,-6.661338147751E-14,1.E0));
#17744=VECTOR('',#17743,8.E-2);
#17745=CARTESIAN_POINT('',(1.297E1,9.75E0,8.E-1));
#17746=LINE('',#17745,#17744);
#17747=CURVE_STYLE('',#24,POSITIVE_LENGTH_MEASURE(2.E-2),#6);
#17748=PRESENTATION_STYLE_ASSIGNMENT((#17747));
#17749=STYLED_ITEM('',(#17748),#17746);
#17750=DIRECTION('',(7.071067811865E-1,0.E0,7.071067811865E-1));
#17751=VECTOR('',#17750,2.404163056034E-1);
#17752=CARTESIAN_POINT('',(1.297E1,1.375E1,8.8E-1));
#17753=LINE('',#17752,#17751);
#17754=CURVE_STYLE('',#24,POSITIVE_LENGTH_MEASURE(2.E-2),#6);
#17755=PRESENTATION_STYLE_ASSIGNMENT((#17754));
#17756=STYLED_ITEM('',(#17755),#17753);
#17757=DIRECTION('',(0.E0,-1.332267629550E-13,1.E0));
#17758=VECTOR('',#17757,8.E-2);
#17759=CARTESIAN_POINT('',(1.332E1,1.375E1,8.E-1));
#17760=LINE('',#17759,#17758);
#17761=CURVE_STYLE('',#24,POSITIVE_LENGTH_MEASURE(2.E-2),#6);
#17762=PRESENTATION_STYLE_ASSIGNMENT((#17761));
#17763=STYLED_ITEM('',(#17762),#17760);
#17764=DIRECTION('',(7.071067811865E-1,0.E0,-7.071067811866E-1));
#17765=VECTOR('',#17764,2.404163056034E-1);
#17766=CARTESIAN_POINT('',(1.315E1,1.375E1,1.05E0));
#17767=LINE('',#17766,#17765);
#17768=CURVE_STYLE('',#24,POSITIVE_LENGTH_MEASURE(2.E-2),#6);
#17769=PRESENTATION_STYLE_ASSIGNMENT((#17768));
#17770=STYLED_ITEM('',(#17769),#17767);
#17771=DIRECTION('',(0.E0,-1.E0,0.E0));
#17772=VECTOR('',#17771,4.E0);
#17773=CARTESIAN_POINT('',(1.297E1,1.375E1,8.8E-1));
#17774=LINE('',#17773,#17772);
#17775=CURVE_STYLE('',#24,POSITIVE_LENGTH_MEASURE(2.E-2),#6);
#17776=PRESENTATION_STYLE_ASSIGNMENT((#17775));
#17777=STYLED_ITEM('',(#17776),#17774);
#17778=DIRECTION('',(0.E0,-6.661338147751E-14,1.E0));
#17779=VECTOR('',#17778,8.E-2);
#17780=CARTESIAN_POINT('',(1.297E1,1.375E1,8.E-1));
#17781=LINE('',#17780,#17779);
#17782=CURVE_STYLE('',#24,POSITIVE_LENGTH_MEASURE(2.E-2),#6);
#17783=PRESENTATION_STYLE_ASSIGNMENT((#17782));
#17784=STYLED_ITEM('',(#17783),#17781);
#17785=DIRECTION('',(0.E0,1.E0,0.E0));
#17786=VECTOR('',#17785,4.E0);
#17787=CARTESIAN_POINT('',(1.332E1,9.75E0,8.8E-1));
#17788=LINE('',#17787,#17786);
#17789=CURVE_STYLE('',#24,POSITIVE_LENGTH_MEASURE(2.E-2),#6);
#17790=PRESENTATION_STYLE_ASSIGNMENT((#17789));
#17791=STYLED_ITEM('',(#17790),#17788);
#17792=DIRECTION('',(0.E0,-1.332267629550E-13,1.E0));
#17793=VECTOR('',#17792,8.E-2);
#17794=CARTESIAN_POINT('',(1.332E1,9.75E0,8.E-1));
#17795=LINE('',#17794,#17793);
#17796=CURVE_STYLE('',#24,POSITIVE_LENGTH_MEASURE(2.E-2),#6);
#17797=PRESENTATION_STYLE_ASSIGNMENT((#17796));
#17798=STYLED_ITEM('',(#17797),#17795);
#17799=DIRECTION('',(0.E0,-7.071067811866E-1,-7.071067811865E-1));
#17800=VECTOR('',#17799,2.404163056034E-1);
#17801=CARTESIAN_POINT('',(9.6E0,1.664E1,1.05E0));
#17802=LINE('',#17801,#17800);
#17803=CURVE_STYLE('',#24,POSITIVE_LENGTH_MEASURE(2.E-2),#6);
#17804=PRESENTATION_STYLE_ASSIGNMENT((#17803));
#17805=STYLED_ITEM('',(#17804),#17802);
#17806=DIRECTION('',(0.E0,-7.071067811866E-1,7.071067811865E-1));
#17807=VECTOR('',#17806,2.404163056034E-1);
#17808=CARTESIAN_POINT('',(9.6E0,1.682E1,8.8E-1));
#17809=LINE('',#17808,#17807);
#17810=CURVE_STYLE('',#24,POSITIVE_LENGTH_MEASURE(2.E-2),#6);
#17811=PRESENTATION_STYLE_ASSIGNMENT((#17810));
#17812=STYLED_ITEM('',(#17811),#17809);
#17813=DIRECTION('',(0.E0,0.E0,1.E0));
#17814=VECTOR('',#17813,8.E-2);
#17815=CARTESIAN_POINT('',(9.6E0,1.647E1,8.E-1));
#17816=LINE('',#17815,#17814);
#17817=CURVE_STYLE('',#24,POSITIVE_LENGTH_MEASURE(2.E-2),#6);
#17818=PRESENTATION_STYLE_ASSIGNMENT((#17817));
#17819=STYLED_ITEM('',(#17818),#17816);
#17820=DIRECTION('',(0.E0,7.071067811866E-1,7.071067811865E-1));
#17821=VECTOR('',#17820,2.404163056034E-1);
#17822=CARTESIAN_POINT('',(5.6E0,1.647E1,8.8E-1));
#17823=LINE('',#17822,#17821);
#17824=CURVE_STYLE('',#24,POSITIVE_LENGTH_MEASURE(2.E-2),#6);
#17825=PRESENTATION_STYLE_ASSIGNMENT((#17824));
#17826=STYLED_ITEM('',(#17825),#17823);
#17827=DIRECTION('',(0.E0,0.E0,1.E0));
#17828=VECTOR('',#17827,8.E-2);
#17829=CARTESIAN_POINT('',(5.6E0,1.682E1,8.E-1));
#17830=LINE('',#17829,#17828);
#17831=CURVE_STYLE('',#24,POSITIVE_LENGTH_MEASURE(2.E-2),#6);
#17832=PRESENTATION_STYLE_ASSIGNMENT((#17831));
#17833=STYLED_ITEM('',(#17832),#17830);
#17834=DIRECTION('',(0.E0,7.071067811866E-1,-7.071067811865E-1));
#17835=VECTOR('',#17834,2.404163056034E-1);
#17836=CARTESIAN_POINT('',(5.6E0,1.665E1,1.05E0));
#17837=LINE('',#17836,#17835);
#17838=CURVE_STYLE('',#24,POSITIVE_LENGTH_MEASURE(2.E-2),#6);
#17839=PRESENTATION_STYLE_ASSIGNMENT((#17838));
#17840=STYLED_ITEM('',(#17839),#17837);
#17841=DIRECTION('',(1.E0,0.E0,0.E0));
#17842=VECTOR('',#17841,4.E0);
#17843=CARTESIAN_POINT('',(5.6E0,1.647E1,8.8E-1));
#17844=LINE('',#17843,#17842);
#17845=CURVE_STYLE('',#24,POSITIVE_LENGTH_MEASURE(2.E-2),#6);
#17846=PRESENTATION_STYLE_ASSIGNMENT((#17845));
#17847=STYLED_ITEM('',(#17846),#17844);
#17848=DIRECTION('',(0.E0,0.E0,1.E0));
#17849=VECTOR('',#17848,8.E-2);
#17850=CARTESIAN_POINT('',(5.6E0,1.647E1,8.E-1));
#17851=LINE('',#17850,#17849);
#17852=CURVE_STYLE('',#24,POSITIVE_LENGTH_MEASURE(2.E-2),#6);
#17853=PRESENTATION_STYLE_ASSIGNMENT((#17852));
#17854=STYLED_ITEM('',(#17853),#17851);
#17855=DIRECTION('',(-1.E0,0.E0,0.E0));
#17856=VECTOR('',#17855,4.E0);
#17857=CARTESIAN_POINT('',(9.6E0,1.682E1,8.8E-1));
#17858=LINE('',#17857,#17856);
#17859=CURVE_STYLE('',#24,POSITIVE_LENGTH_MEASURE(2.E-2),#6);
#17860=PRESENTATION_STYLE_ASSIGNMENT((#17859));
#17861=STYLED_ITEM('',(#17860),#17858);
#17862=DIRECTION('',(0.E0,0.E0,1.E0));
#17863=VECTOR('',#17862,8.E-2);
#17864=CARTESIAN_POINT('',(9.6E0,1.682E1,8.E-1));
#17865=LINE('',#17864,#17863);
#17866=CURVE_STYLE('',#24,POSITIVE_LENGTH_MEASURE(2.E-2),#6);
#17867=PRESENTATION_STYLE_ASSIGNMENT((#17866));
#17868=STYLED_ITEM('',(#17867),#17865);
#17869=DIRECTION('',(-7.071067811865E-1,0.E0,-7.071067811866E-1));
#17870=VECTOR('',#17869,2.404163056034E-1);
#17871=CARTESIAN_POINT('',(-1.315E1,-5.25E0,1.05E0));
#17872=LINE('',#17871,#17870);
#17873=CURVE_STYLE('',#24,POSITIVE_LENGTH_MEASURE(2.E-2),#6);
#17874=PRESENTATION_STYLE_ASSIGNMENT((#17873));
#17875=STYLED_ITEM('',(#17874),#17872);
#17876=DIRECTION('',(-7.071067811866E-1,0.E0,7.071067811865E-1));
#17877=VECTOR('',#17876,2.404163056034E-1);
#17878=CARTESIAN_POINT('',(-1.297E1,-5.25E0,8.8E-1));
#17879=LINE('',#17878,#17877);
#17880=CURVE_STYLE('',#24,POSITIVE_LENGTH_MEASURE(2.E-2),#6);
#17881=PRESENTATION_STYLE_ASSIGNMENT((#17880));
#17882=STYLED_ITEM('',(#17881),#17879);
#17883=DIRECTION('',(0.E0,0.E0,1.E0));
#17884=VECTOR('',#17883,8.E-2);
#17885=CARTESIAN_POINT('',(-1.332E1,-5.25E0,8.E-1));
#17886=LINE('',#17885,#17884);
#17887=CURVE_STYLE('',#24,POSITIVE_LENGTH_MEASURE(2.E-2),#6);
#17888=PRESENTATION_STYLE_ASSIGNMENT((#17887));
#17889=STYLED_ITEM('',(#17888),#17886);
#17890=DIRECTION('',(7.071067811865E-1,0.E0,7.071067811866E-1));
#17891=VECTOR('',#17890,2.404163056034E-1);
#17892=CARTESIAN_POINT('',(-1.332E1,-1.25E0,8.8E-1));
#17893=LINE('',#17892,#17891);
#17894=CURVE_STYLE('',#24,POSITIVE_LENGTH_MEASURE(2.E-2),#6);
#17895=PRESENTATION_STYLE_ASSIGNMENT((#17894));
#17896=STYLED_ITEM('',(#17895),#17893);
#17897=DIRECTION('',(0.E0,0.E0,1.E0));
#17898=VECTOR('',#17897,8.E-2);
#17899=CARTESIAN_POINT('',(-1.297E1,-1.25E0,8.E-1));
#17900=LINE('',#17899,#17898);
#17901=CURVE_STYLE('',#24,POSITIVE_LENGTH_MEASURE(2.E-2),#6);
#17902=PRESENTATION_STYLE_ASSIGNMENT((#17901));
#17903=STYLED_ITEM('',(#17902),#17900);
#17904=DIRECTION('',(7.071067811866E-1,0.E0,-7.071067811865E-1));
#17905=VECTOR('',#17904,2.404163056034E-1);
#17906=CARTESIAN_POINT('',(-1.314E1,-1.25E0,1.05E0));
#17907=LINE('',#17906,#17905);
#17908=CURVE_STYLE('',#24,POSITIVE_LENGTH_MEASURE(2.E-2),#6);
#17909=PRESENTATION_STYLE_ASSIGNMENT((#17908));
#17910=STYLED_ITEM('',(#17909),#17907);
#17911=DIRECTION('',(0.E0,-1.E0,0.E0));
#17912=VECTOR('',#17911,4.E0);
#17913=CARTESIAN_POINT('',(-1.332E1,-1.25E0,8.8E-1));
#17914=LINE('',#17913,#17912);
#17915=CURVE_STYLE('',#24,POSITIVE_LENGTH_MEASURE(2.E-2),#6);
#17916=PRESENTATION_STYLE_ASSIGNMENT((#17915));
#17917=STYLED_ITEM('',(#17916),#17914);
#17918=DIRECTION('',(0.E0,0.E0,1.E0));
#17919=VECTOR('',#17918,8.E-2);
#17920=CARTESIAN_POINT('',(-1.332E1,-1.25E0,8.E-1));
#17921=LINE('',#17920,#17919);
#17922=CURVE_STYLE('',#24,POSITIVE_LENGTH_MEASURE(2.E-2),#6);
#17923=PRESENTATION_STYLE_ASSIGNMENT((#17922));
#17924=STYLED_ITEM('',(#17923),#17921);
#17925=DIRECTION('',(0.E0,1.E0,0.E0));
#17926=VECTOR('',#17925,4.E0);
#17927=CARTESIAN_POINT('',(-1.297E1,-5.25E0,8.8E-1));
#17928=LINE('',#17927,#17926);
#17929=CURVE_STYLE('',#24,POSITIVE_LENGTH_MEASURE(2.E-2),#6);
#17930=PRESENTATION_STYLE_ASSIGNMENT((#17929));
#17931=STYLED_ITEM('',(#17930),#17928);
#17932=DIRECTION('',(0.E0,0.E0,1.E0));
#17933=VECTOR('',#17932,8.E-2);
#17934=CARTESIAN_POINT('',(-1.297E1,-5.25E0,8.E-1));
#17935=LINE('',#17934,#17933);
#17936=CURVE_STYLE('',#24,POSITIVE_LENGTH_MEASURE(2.E-2),#6);
#17937=PRESENTATION_STYLE_ASSIGNMENT((#17936));
#17938=STYLED_ITEM('',(#17937),#17935);
#17939=DIRECTION('',(-7.071067811865E-1,0.E0,-7.071067811866E-1));
#17940=VECTOR('',#17939,2.404163056034E-1);
#17941=CARTESIAN_POINT('',(-1.315E1,-1.325E1,1.05E0));
#17942=LINE('',#17941,#17940);
#17943=CURVE_STYLE('',#24,POSITIVE_LENGTH_MEASURE(2.E-2),#6);
#17944=PRESENTATION_STYLE_ASSIGNMENT((#17943));
#17945=STYLED_ITEM('',(#17944),#17942);
#17946=DIRECTION('',(-7.071067811865E-1,0.E0,7.071067811866E-1));
#17947=VECTOR('',#17946,2.404163056034E-1);
#17948=CARTESIAN_POINT('',(-1.297E1,-1.325E1,8.8E-1));
#17949=LINE('',#17948,#17947);
#17950=CURVE_STYLE('',#24,POSITIVE_LENGTH_MEASURE(2.E-2),#6);
#17951=PRESENTATION_STYLE_ASSIGNMENT((#17950));
#17952=STYLED_ITEM('',(#17951),#17949);
#17953=DIRECTION('',(0.E0,6.661338147751E-14,1.E0));
#17954=VECTOR('',#17953,8.E-2);
#17955=CARTESIAN_POINT('',(-1.332E1,-1.325E1,8.E-1));
#17956=LINE('',#17955,#17954);
#17957=CURVE_STYLE('',#24,POSITIVE_LENGTH_MEASURE(2.E-2),#6);
#17958=PRESENTATION_STYLE_ASSIGNMENT((#17957));
#17959=STYLED_ITEM('',(#17958),#17956);
#17960=DIRECTION('',(7.071067811865E-1,0.E0,7.071067811866E-1));
#17961=VECTOR('',#17960,2.404163056034E-1);
#17962=CARTESIAN_POINT('',(-1.332E1,-9.25E0,8.8E-1));
#17963=LINE('',#17962,#17961);
#17964=CURVE_STYLE('',#24,POSITIVE_LENGTH_MEASURE(2.E-2),#6);
#17965=PRESENTATION_STYLE_ASSIGNMENT((#17964));
#17966=STYLED_ITEM('',(#17965),#17963);
#17967=DIRECTION('',(0.E0,0.E0,1.E0));
#17968=VECTOR('',#17967,8.E-2);
#17969=CARTESIAN_POINT('',(-1.297E1,-9.25E0,8.E-1));
#17970=LINE('',#17969,#17968);
#17971=CURVE_STYLE('',#24,POSITIVE_LENGTH_MEASURE(2.E-2),#6);
#17972=PRESENTATION_STYLE_ASSIGNMENT((#17971));
#17973=STYLED_ITEM('',(#17972),#17970);
#17974=DIRECTION('',(7.071067811865E-1,0.E0,-7.071067811866E-1));
#17975=VECTOR('',#17974,2.404163056034E-1);
#17976=CARTESIAN_POINT('',(-1.314E1,-9.25E0,1.05E0));
#17977=LINE('',#17976,#17975);
#17978=CURVE_STYLE('',#24,POSITIVE_LENGTH_MEASURE(2.E-2),#6);
#17979=PRESENTATION_STYLE_ASSIGNMENT((#17978));
#17980=STYLED_ITEM('',(#17979),#17977);
#17981=DIRECTION('',(0.E0,-1.E0,0.E0));
#17982=VECTOR('',#17981,4.E0);
#17983=CARTESIAN_POINT('',(-1.332E1,-9.25E0,8.8E-1));
#17984=LINE('',#17983,#17982);
#17985=CURVE_STYLE('',#24,POSITIVE_LENGTH_MEASURE(2.E-2),#6);
#17986=PRESENTATION_STYLE_ASSIGNMENT((#17985));
#17987=STYLED_ITEM('',(#17986),#17984);
#17988=DIRECTION('',(0.E0,6.661338147751E-14,1.E0));
#17989=VECTOR('',#17988,8.E-2);
#17990=CARTESIAN_POINT('',(-1.332E1,-9.25E0,8.E-1));
#17991=LINE('',#17990,#17989);
#17992=CURVE_STYLE('',#24,POSITIVE_LENGTH_MEASURE(2.E-2),#6);
#17993=PRESENTATION_STYLE_ASSIGNMENT((#17992));
#17994=STYLED_ITEM('',(#17993),#17991);
#17995=DIRECTION('',(0.E0,1.E0,0.E0));
#17996=VECTOR('',#17995,4.E0);
#17997=CARTESIAN_POINT('',(-1.297E1,-1.325E1,8.8E-1));
#17998=LINE('',#17997,#17996);
#17999=CURVE_STYLE('',#24,POSITIVE_LENGTH_MEASURE(2.E-2),#6);
#18000=PRESENTATION_STYLE_ASSIGNMENT((#17999));
#18001=STYLED_ITEM('',(#18000),#17998);
#18002=DIRECTION('',(0.E0,0.E0,1.E0));
#18003=VECTOR('',#18002,8.E-2);
#18004=CARTESIAN_POINT('',(-1.297E1,-1.325E1,8.E-1));
#18005=LINE('',#18004,#18003);
#18006=CURVE_STYLE('',#24,POSITIVE_LENGTH_MEASURE(2.E-2),#6);
#18007=PRESENTATION_STYLE_ASSIGNMENT((#18006));
#18008=STYLED_ITEM('',(#18007),#18005);
#18009=DIRECTION('',(0.E0,-7.071067811866E-1,-7.071067811865E-1));
#18010=VECTOR('',#18009,2.404163056034E-1);
#18011=CARTESIAN_POINT('',(-5.6E0,-1.615E1,1.05E0));
#18012=LINE('',#18011,#18010);
#18013=CURVE_STYLE('',#24,POSITIVE_LENGTH_MEASURE(2.E-2),#6);
#18014=PRESENTATION_STYLE_ASSIGNMENT((#18013));
#18015=STYLED_ITEM('',(#18014),#18012);
#18016=DIRECTION('',(0.E0,-7.071067811865E-1,7.071067811865E-1));
#18017=VECTOR('',#18016,2.404163056034E-1);
#18018=CARTESIAN_POINT('',(-5.6E0,-1.597E1,8.8E-1));
#18019=LINE('',#18018,#18017);
#18020=CURVE_STYLE('',#24,POSITIVE_LENGTH_MEASURE(2.E-2),#6);
#18021=PRESENTATION_STYLE_ASSIGNMENT((#18020));
#18022=STYLED_ITEM('',(#18021),#18019);
#18023=DIRECTION('',(0.E0,0.E0,1.E0));
#18024=VECTOR('',#18023,8.E-2);
#18025=CARTESIAN_POINT('',(-5.6E0,-1.632E1,8.E-1));
#18026=LINE('',#18025,#18024);
#18027=CURVE_STYLE('',#24,POSITIVE_LENGTH_MEASURE(2.E-2),#6);
#18028=PRESENTATION_STYLE_ASSIGNMENT((#18027));
#18029=STYLED_ITEM('',(#18028),#18026);
#18030=DIRECTION('',(0.E0,7.071067811866E-1,7.071067811865E-1));
#18031=VECTOR('',#18030,2.404163056034E-1);
#18032=CARTESIAN_POINT('',(-9.6E0,-1.632E1,8.8E-1));
#18033=LINE('',#18032,#18031);
#18034=CURVE_STYLE('',#24,POSITIVE_LENGTH_MEASURE(2.E-2),#6);
#18035=PRESENTATION_STYLE_ASSIGNMENT((#18034));
#18036=STYLED_ITEM('',(#18035),#18033);
#18037=DIRECTION('',(0.E0,0.E0,1.E0));
#18038=VECTOR('',#18037,8.E-2);
#18039=CARTESIAN_POINT('',(-9.6E0,-1.597E1,8.E-1));
#18040=LINE('',#18039,#18038);
#18041=CURVE_STYLE('',#24,POSITIVE_LENGTH_MEASURE(2.E-2),#6);
#18042=PRESENTATION_STYLE_ASSIGNMENT((#18041));
#18043=STYLED_ITEM('',(#18042),#18040);
#18044=DIRECTION('',(0.E0,7.071067811865E-1,-7.071067811865E-1));
#18045=VECTOR('',#18044,2.404163056034E-1);
#18046=CARTESIAN_POINT('',(-9.6E0,-1.614E1,1.05E0));
#18047=LINE('',#18046,#18045);
#18048=CURVE_STYLE('',#24,POSITIVE_LENGTH_MEASURE(2.E-2),#6);
#18049=PRESENTATION_STYLE_ASSIGNMENT((#18048));
#18050=STYLED_ITEM('',(#18049),#18047);
#18051=DIRECTION('',(1.E0,0.E0,0.E0));
#18052=VECTOR('',#18051,4.E0);
#18053=CARTESIAN_POINT('',(-9.6E0,-1.632E1,8.8E-1));
#18054=LINE('',#18053,#18052);
#18055=CURVE_STYLE('',#24,POSITIVE_LENGTH_MEASURE(2.E-2),#6);
#18056=PRESENTATION_STYLE_ASSIGNMENT((#18055));
#18057=STYLED_ITEM('',(#18056),#18054);
#18058=DIRECTION('',(2.220446049250E-14,0.E0,1.E0));
#18059=VECTOR('',#18058,8.E-2);
#18060=CARTESIAN_POINT('',(-9.6E0,-1.632E1,8.E-1));
#18061=LINE('',#18060,#18059);
#18062=CURVE_STYLE('',#24,POSITIVE_LENGTH_MEASURE(2.E-2),#6);
#18063=PRESENTATION_STYLE_ASSIGNMENT((#18062));
#18064=STYLED_ITEM('',(#18063),#18061);
#18065=DIRECTION('',(-1.E0,0.E0,0.E0));
#18066=VECTOR('',#18065,4.E0);
#18067=CARTESIAN_POINT('',(-5.6E0,-1.597E1,8.8E-1));
#18068=LINE('',#18067,#18066);
#18069=CURVE_STYLE('',#24,POSITIVE_LENGTH_MEASURE(2.E-2),#6);
#18070=PRESENTATION_STYLE_ASSIGNMENT((#18069));
#18071=STYLED_ITEM('',(#18070),#18068);
#18072=DIRECTION('',(0.E0,0.E0,1.E0));
#18073=VECTOR('',#18072,8.E-2);
#18074=CARTESIAN_POINT('',(-5.6E0,-1.597E1,8.E-1));
#18075=LINE('',#18074,#18073);
#18076=CURVE_STYLE('',#24,POSITIVE_LENGTH_MEASURE(2.E-2),#6);
#18077=PRESENTATION_STYLE_ASSIGNMENT((#18076));
#18078=STYLED_ITEM('',(#18077),#18075);
#18079=DIRECTION('',(0.E0,0.E0,1.E0));
#18080=VECTOR('',#18079,2.7E0);
#18081=CARTESIAN_POINT('',(1.188666891252E1,-1.396240484381E1,-4.1E0));
#18082=LINE('',#18081,#18080);
#18083=CURVE_STYLE('',#24,POSITIVE_LENGTH_MEASURE(2.E-2),#6);
#18084=PRESENTATION_STYLE_ASSIGNMENT((#18083));
#18085=STYLED_ITEM('',(#18084),#18082);
#18086=DIRECTION('',(0.E0,0.E0,1.E0));
#18087=VECTOR('',#18086,2.7E0);
#18088=CARTESIAN_POINT('',(1.13E1,-1.254606079858E1,-4.1E0));
#18089=LINE('',#18088,#18087);
#18090=CURVE_STYLE('',#24,POSITIVE_LENGTH_MEASURE(2.E-2),#6);
#18091=PRESENTATION_STYLE_ASSIGNMENT((#18090));
#18092=STYLED_ITEM('',(#18091),#18089);
#18093=DIRECTION('',(0.E0,0.E0,1.E0));
#18094=VECTOR('',#18093,2.7E0);
#18095=CARTESIAN_POINT('',(1.13E1,-1.054606079858E1,-4.1E0));
#18096=LINE('',#18095,#18094);
#18097=CURVE_STYLE('',#24,POSITIVE_LENGTH_MEASURE(2.E-2),#6);
#18098=PRESENTATION_STYLE_ASSIGNMENT((#18097));
#18099=STYLED_ITEM('',(#18098),#18096);
#18100=DIRECTION('',(0.E0,0.E0,1.E0));
#18101=VECTOR('',#18100,2.7E0);
#18102=CARTESIAN_POINT('',(1.07E1,-1.054606079858E1,-4.1E0));
#18103=LINE('',#18102,#18101);
#18104=CURVE_STYLE('',#24,POSITIVE_LENGTH_MEASURE(2.E-2),#6);
#18105=PRESENTATION_STYLE_ASSIGNMENT((#18104));
#18106=STYLED_ITEM('',(#18105),#18103);
#18107=DIRECTION('',(0.E0,0.E0,1.E0));
#18108=VECTOR('',#18107,2.7E0);
#18109=CARTESIAN_POINT('',(1.07E1,-1.254606079858E1,-4.1E0));
#18110=LINE('',#18109,#18108);
#18111=CURVE_STYLE('',#24,POSITIVE_LENGTH_MEASURE(2.E-2),#6);
#18112=PRESENTATION_STYLE_ASSIGNMENT((#18111));
#18113=STYLED_ITEM('',(#18112),#18110);
#18114=DIRECTION('',(0.E0,0.E0,1.E0));
#18115=VECTOR('',#18114,2.7E0);
#18116=CARTESIAN_POINT('',(1.004606079858E1,-1.32E1,-4.1E0));
#18117=LINE('',#18116,#18115);
#18118=CURVE_STYLE('',#24,POSITIVE_LENGTH_MEASURE(2.E-2),#6);
#18119=PRESENTATION_STYLE_ASSIGNMENT((#18118));
#18120=STYLED_ITEM('',(#18119),#18117);
#18121=DIRECTION('',(0.E0,0.E0,1.E0));
#18122=VECTOR('',#18121,2.7E0);
#18123=CARTESIAN_POINT('',(8.046060798583E0,-1.32E1,-4.1E0));
#18124=LINE('',#18123,#18122);
#18125=CURVE_STYLE('',#24,POSITIVE_LENGTH_MEASURE(2.E-2),#6);
#18126=PRESENTATION_STYLE_ASSIGNMENT((#18125));
#18127=STYLED_ITEM('',(#18126),#18124);
#18128=DIRECTION('',(0.E0,0.E0,1.E0));
#18129=VECTOR('',#18128,2.7E0);
#18130=CARTESIAN_POINT('',(8.046060798583E0,-1.38E1,-4.1E0));
#18131=LINE('',#18130,#18129);
#18132=CURVE_STYLE('',#24,POSITIVE_LENGTH_MEASURE(2.E-2),#6);
#18133=PRESENTATION_STYLE_ASSIGNMENT((#18132));
#18134=STYLED_ITEM('',(#18133),#18131);
#18135=DIRECTION('',(0.E0,0.E0,1.E0));
#18136=VECTOR('',#18135,2.7E0);
#18137=CARTESIAN_POINT('',(1.004606079858E1,-1.38E1,-4.1E0));
#18138=LINE('',#18137,#18136);
#18139=CURVE_STYLE('',#24,POSITIVE_LENGTH_MEASURE(2.E-2),#6);
#18140=PRESENTATION_STYLE_ASSIGNMENT((#18139));
#18141=STYLED_ITEM('',(#18140),#18138);
#18142=DIRECTION('',(0.E0,0.E0,1.E0));
#18143=VECTOR('',#18142,2.7E0);
#18144=CARTESIAN_POINT('',(1.146240484381E1,-1.438666891252E1,-4.1E0));
#18145=LINE('',#18144,#18143);
#18146=CURVE_STYLE('',#24,POSITIVE_LENGTH_MEASURE(2.E-2),#6);
#18147=PRESENTATION_STYLE_ASSIGNMENT((#18146));
#18148=STYLED_ITEM('',(#18147),#18145);
#18149=DIRECTION('',(0.E0,0.E0,1.E0));
#18150=VECTOR('',#18149,2.7E0);
#18151=CARTESIAN_POINT('',(-1.146240484381E1,-1.438666891252E1,-4.1E0));
#18152=LINE('',#18151,#18150);
#18153=CURVE_STYLE('',#24,POSITIVE_LENGTH_MEASURE(2.E-2),#6);
#18154=PRESENTATION_STYLE_ASSIGNMENT((#18153));
#18155=STYLED_ITEM('',(#18154),#18152);
#18156=DIRECTION('',(0.E0,0.E0,1.E0));
#18157=VECTOR('',#18156,2.7E0);
#18158=CARTESIAN_POINT('',(-1.004606079858E1,-1.38E1,-4.1E0));
#18159=LINE('',#18158,#18157);
#18160=CURVE_STYLE('',#24,POSITIVE_LENGTH_MEASURE(2.E-2),#6);
#18161=PRESENTATION_STYLE_ASSIGNMENT((#18160));
#18162=STYLED_ITEM('',(#18161),#18159);
#18163=DIRECTION('',(0.E0,0.E0,1.E0));
#18164=VECTOR('',#18163,2.7E0);
#18165=CARTESIAN_POINT('',(-8.046060798583E0,-1.38E1,-4.1E0));
#18166=LINE('',#18165,#18164);
#18167=CURVE_STYLE('',#24,POSITIVE_LENGTH_MEASURE(2.E-2),#6);
#18168=PRESENTATION_STYLE_ASSIGNMENT((#18167));
#18169=STYLED_ITEM('',(#18168),#18166);
#18170=DIRECTION('',(0.E0,0.E0,1.E0));
#18171=VECTOR('',#18170,2.7E0);
#18172=CARTESIAN_POINT('',(-8.046060798583E0,-1.32E1,-4.1E0));
#18173=LINE('',#18172,#18171);
#18174=CURVE_STYLE('',#24,POSITIVE_LENGTH_MEASURE(2.E-2),#6);
#18175=PRESENTATION_STYLE_ASSIGNMENT((#18174));
#18176=STYLED_ITEM('',(#18175),#18173);
#18177=DIRECTION('',(0.E0,0.E0,1.E0));
#18178=VECTOR('',#18177,2.7E0);
#18179=CARTESIAN_POINT('',(-1.004606079858E1,-1.32E1,-4.1E0));
#18180=LINE('',#18179,#18178);
#18181=CURVE_STYLE('',#24,POSITIVE_LENGTH_MEASURE(2.E-2),#6);
#18182=PRESENTATION_STYLE_ASSIGNMENT((#18181));
#18183=STYLED_ITEM('',(#18182),#18180);
#18184=DIRECTION('',(0.E0,0.E0,1.E0));
#18185=VECTOR('',#18184,2.7E0);
#18186=CARTESIAN_POINT('',(-1.07E1,-1.254606079858E1,-4.1E0));
#18187=LINE('',#18186,#18185);
#18188=CURVE_STYLE('',#24,POSITIVE_LENGTH_MEASURE(2.E-2),#6);
#18189=PRESENTATION_STYLE_ASSIGNMENT((#18188));
#18190=STYLED_ITEM('',(#18189),#18187);
#18191=DIRECTION('',(0.E0,0.E0,1.E0));
#18192=VECTOR('',#18191,2.7E0);
#18193=CARTESIAN_POINT('',(-1.07E1,-1.054606079858E1,-4.1E0));
#18194=LINE('',#18193,#18192);
#18195=CURVE_STYLE('',#24,POSITIVE_LENGTH_MEASURE(2.E-2),#6);
#18196=PRESENTATION_STYLE_ASSIGNMENT((#18195));
#18197=STYLED_ITEM('',(#18196),#18194);
#18198=DIRECTION('',(0.E0,0.E0,1.E0));
#18199=VECTOR('',#18198,2.7E0);
#18200=CARTESIAN_POINT('',(-1.13E1,-1.054606079858E1,-4.1E0));
#18201=LINE('',#18200,#18199);
#18202=CURVE_STYLE('',#24,POSITIVE_LENGTH_MEASURE(2.E-2),#6);
#18203=PRESENTATION_STYLE_ASSIGNMENT((#18202));
#18204=STYLED_ITEM('',(#18203),#18201);
#18205=DIRECTION('',(0.E0,0.E0,1.E0));
#18206=VECTOR('',#18205,2.7E0);
#18207=CARTESIAN_POINT('',(-1.13E1,-1.254606079858E1,-4.1E0));
#18208=LINE('',#18207,#18206);
#18209=CURVE_STYLE('',#24,POSITIVE_LENGTH_MEASURE(2.E-2),#6);
#18210=PRESENTATION_STYLE_ASSIGNMENT((#18209));
#18211=STYLED_ITEM('',(#18210),#18208);
#18212=DIRECTION('',(0.E0,0.E0,1.E0));
#18213=VECTOR('',#18212,2.7E0);
#18214=CARTESIAN_POINT('',(-1.188666891252E1,-1.396240484381E1,-4.1E0));
#18215=LINE('',#18214,#18213);
#18216=CURVE_STYLE('',#24,POSITIVE_LENGTH_MEASURE(2.E-2),#6);
#18217=PRESENTATION_STYLE_ASSIGNMENT((#18216));
#18218=STYLED_ITEM('',(#18217),#18215);
#18219=DIRECTION('',(0.E0,0.E0,1.E0));
#18220=VECTOR('',#18219,3.3E0);
#18221=CARTESIAN_POINT('',(-1.035E1,-1.35E1,-1.4E0));
#18222=LINE('',#18221,#18220);
#18223=CURVE_STYLE('',#24,POSITIVE_LENGTH_MEASURE(2.E-2),#6);
#18224=PRESENTATION_STYLE_ASSIGNMENT((#18223));
#18225=STYLED_ITEM('',(#18224),#18222);
#18226=DIRECTION('',(0.E0,0.E0,1.E0));
#18227=VECTOR('',#18226,3.3E0);
#18228=CARTESIAN_POINT('',(-1.165E1,-1.35E1,-1.4E0));
#18229=LINE('',#18228,#18227);
#18230=CURVE_STYLE('',#24,POSITIVE_LENGTH_MEASURE(2.E-2),#6);
#18231=PRESENTATION_STYLE_ASSIGNMENT((#18230));
#18232=STYLED_ITEM('',(#18231),#18229);
#18233=CARTESIAN_POINT('',(-1.1E1,-1.35E1,1.9E0));
#18234=DIRECTION('',(0.E0,0.E0,1.E0));
#18235=DIRECTION('',(1.E0,0.E0,0.E0));
#18236=AXIS2_PLACEMENT_3D('',#18233,#18234,#18235);
#18238=CURVE_STYLE('',#24,POSITIVE_LENGTH_MEASURE(2.E-2),#6);
#18239=PRESENTATION_STYLE_ASSIGNMENT((#18238));
#18240=STYLED_ITEM('',(#18239),#18237);
#18241=CARTESIAN_POINT('',(-1.1E1,-1.35E1,1.9E0));
#18242=DIRECTION('',(0.E0,0.E0,1.E0));
#18243=DIRECTION('',(-1.E0,0.E0,0.E0));
#18244=AXIS2_PLACEMENT_3D('',#18241,#18242,#18243);
#18246=CURVE_STYLE('',#24,POSITIVE_LENGTH_MEASURE(2.E-2),#6);
#18247=PRESENTATION_STYLE_ASSIGNMENT((#18246));
#18248=STYLED_ITEM('',(#18247),#18245);
#18249=CARTESIAN_POINT('',(1.1E1,-1.35E1,1.9E0));
#18250=DIRECTION('',(0.E0,0.E0,1.E0));
#18251=DIRECTION('',(1.E0,0.E0,0.E0));
#18252=AXIS2_PLACEMENT_3D('',#18249,#18250,#18251);
#18254=CURVE_STYLE('',#24,POSITIVE_LENGTH_MEASURE(2.E-2),#6);
#18255=PRESENTATION_STYLE_ASSIGNMENT((#18254));
#18256=STYLED_ITEM('',(#18255),#18253);
#18257=CARTESIAN_POINT('',(1.1E1,-1.35E1,1.9E0));
#18258=DIRECTION('',(0.E0,0.E0,1.E0));
#18259=DIRECTION('',(-1.E0,0.E0,0.E0));
#18260=AXIS2_PLACEMENT_3D('',#18257,#18258,#18259);
#18262=CURVE_STYLE('',#24,POSITIVE_LENGTH_MEASURE(2.E-2),#6);
#18263=PRESENTATION_STYLE_ASSIGNMENT((#18262));
#18264=STYLED_ITEM('',(#18263),#18261);
#18265=DIRECTION('',(0.E0,0.E0,1.E0));
#18266=VECTOR('',#18265,3.3E0);
#18267=CARTESIAN_POINT('',(1.165E1,-1.35E1,-1.4E0));
#18268=LINE('',#18267,#18266);
#18269=CURVE_STYLE('',#24,POSITIVE_LENGTH_MEASURE(2.E-2),#6);
#18270=PRESENTATION_STYLE_ASSIGNMENT((#18269));
#18271=STYLED_ITEM('',(#18270),#18268);
#18272=DIRECTION('',(0.E0,0.E0,1.E0));
#18273=VECTOR('',#18272,3.3E0);
#18274=CARTESIAN_POINT('',(1.035E1,-1.35E1,-1.4E0));
#18275=LINE('',#18274,#18273);
#18276=CURVE_STYLE('',#24,POSITIVE_LENGTH_MEASURE(2.E-2),#6);
#18277=PRESENTATION_STYLE_ASSIGNMENT((#18276));
#18278=STYLED_ITEM('',(#18277),#18275);
#18279=CARTESIAN_POINT('',(-1.05E1,1.7E1,8.E-1));
#18280=CARTESIAN_POINT('',(-1.35E1,1.4E1,8.E-1));
#18281=VERTEX_POINT('',#18279);
#18282=VERTEX_POINT('',#18280);
#18283=CARTESIAN_POINT('',(-1.35E1,-1.35E1,8.E-1));
#18284=VERTEX_POINT('',#18283);
#18285=CARTESIAN_POINT('',(-1.05E1,-1.65E1,8.E-1));
#18286=VERTEX_POINT('',#18285);
#18287=CARTESIAN_POINT('',(-5.075E0,-1.65E1,8.E-1));
#18288=VERTEX_POINT('',#18287);
#18289=CARTESIAN_POINT('',(1.05E1,-1.65E1,8.E-1));
#18290=CARTESIAN_POINT('',(1.35E1,-1.35E1,8.E-1));
#18291=VERTEX_POINT('',#18289);
#18292=VERTEX_POINT('',#18290);
#18293=CARTESIAN_POINT('',(1.35E1,1.4E1,8.E-1));
#18294=VERTEX_POINT('',#18293);
#18295=CARTESIAN_POINT('',(1.05E1,1.7E1,8.E-1));
#18296=VERTEX_POINT('',#18295);
#18297=CARTESIAN_POINT('',(-1.05E1,1.7E1,0.E0));
#18298=CARTESIAN_POINT('',(-1.35E1,1.4E1,0.E0));
#18299=VERTEX_POINT('',#18297);
#18300=VERTEX_POINT('',#18298);
#18301=CARTESIAN_POINT('',(-1.35E1,-1.35E1,0.E0));
#18302=VERTEX_POINT('',#18301);
#18303=CARTESIAN_POINT('',(-1.05E1,-1.65E1,0.E0));
#18304=VERTEX_POINT('',#18303);
#18305=CARTESIAN_POINT('',(-5.075E0,-1.65E1,0.E0));
#18306=VERTEX_POINT('',#18305);
#18307=CARTESIAN_POINT('',(1.05E1,-1.65E1,0.E0));
#18308=CARTESIAN_POINT('',(1.35E1,-1.35E1,0.E0));
#18309=VERTEX_POINT('',#18307);
#18310=VERTEX_POINT('',#18308);
#18311=CARTESIAN_POINT('',(1.35E1,1.4E1,0.E0));
#18312=VERTEX_POINT('',#18311);
#18313=CARTESIAN_POINT('',(1.05E1,1.7E1,0.E0));
#18314=VERTEX_POINT('',#18313);
#18315=CARTESIAN_POINT('',(5.075E0,-1.65E1,8.E-1));
#18316=VERTEX_POINT('',#18315);
#18317=CARTESIAN_POINT('',(5.075E0,-1.65E1,0.E0));
#18318=VERTEX_POINT('',#18317);
#18319=CARTESIAN_POINT('',(-1.08E1,3.6E0,-1.4E0));
#18320=CARTESIAN_POINT('',(-1.08E1,2.8E0,-1.4E0));
#18321=VERTEX_POINT('',#18319);
#18322=VERTEX_POINT('',#18320);
#18323=CARTESIAN_POINT('',(4.9E0,1.43E1,-1.4E0));
#18324=CARTESIAN_POINT('',(4.1E0,1.43E1,-1.4E0));
#18325=VERTEX_POINT('',#18323);
#18326=VERTEX_POINT('',#18324);
#18327=CARTESIAN_POINT('',(1.08E1,7.4E0,-1.4E0));
#18328=CARTESIAN_POINT('',(1.08E1,8.2E0,-1.4E0));
#18329=VERTEX_POINT('',#18327);
#18330=VERTEX_POINT('',#18328);
#18331=CARTESIAN_POINT('',(1.08E1,-7.2E0,-1.4E0));
#18332=CARTESIAN_POINT('',(1.08E1,-6.4E0,-1.4E0));
#18333=VERTEX_POINT('',#18331);
#18334=VERTEX_POINT('',#18332);
#18335=CARTESIAN_POINT('',(-1.08E1,2.8E0,-4.1E0));
#18336=CARTESIAN_POINT('',(-1.08E1,3.6E0,-4.1E0));
#18337=VERTEX_POINT('',#18335);
#18338=VERTEX_POINT('',#18336);
#18339=CARTESIAN_POINT('',(4.1E0,1.43E1,-4.1E0));
#18340=CARTESIAN_POINT('',(4.9E0,1.43E1,-4.1E0));
#18341=VERTEX_POINT('',#18339);
#18342=VERTEX_POINT('',#18340);
#18343=CARTESIAN_POINT('',(1.08E1,8.2E0,-4.1E0));
#18344=CARTESIAN_POINT('',(1.08E1,7.4E0,-4.1E0));
#18345=VERTEX_POINT('',#18343);
#18346=VERTEX_POINT('',#18344);
#18347=CARTESIAN_POINT('',(1.08E1,-6.4E0,-4.1E0));
#18348=CARTESIAN_POINT('',(1.08E1,-7.2E0,-4.1E0));
#18349=VERTEX_POINT('',#18347);
#18350=VERTEX_POINT('',#18348);
#18351=CARTESIAN_POINT('',(-4.1E0,1.43E1,-1.4E0));
#18352=CARTESIAN_POINT('',(-4.9E0,1.43E1,-1.4E0));
#18353=VERTEX_POINT('',#18351);
#18354=VERTEX_POINT('',#18352);
#18355=CARTESIAN_POINT('',(-4.9E0,1.43E1,-4.1E0));
#18356=CARTESIAN_POINT('',(-4.1E0,1.43E1,-4.1E0));
#18357=VERTEX_POINT('',#18355);
#18358=VERTEX_POINT('',#18356);
#18359=CARTESIAN_POINT('',(-1.035E1,-1.35E1,1.9E0));
#18360=CARTESIAN_POINT('',(-1.165E1,-1.35E1,1.9E0));
#18361=VERTEX_POINT('',#18359);
#18362=VERTEX_POINT('',#18360);
#18363=CARTESIAN_POINT('',(1.165E1,-1.35E1,1.9E0));
#18364=CARTESIAN_POINT('',(1.035E1,-1.35E1,1.9E0));
#18365=VERTEX_POINT('',#18363);
#18366=VERTEX_POINT('',#18364);
#18367=CARTESIAN_POINT('',(-1.035E1,-1.35E1,-1.4E0));
#18368=CARTESIAN_POINT('',(-1.165E1,-1.35E1,-1.4E0));
#18369=VERTEX_POINT('',#18367);
#18370=VERTEX_POINT('',#18368);
#18371=CARTESIAN_POINT('',(1.165E1,-1.35E1,-1.4E0));
#18372=CARTESIAN_POINT('',(1.035E1,-1.35E1,-1.4E0));
#18373=VERTEX_POINT('',#18371);
#18374=VERTEX_POINT('',#18372);
#18375=CARTESIAN_POINT('',(-1.332E1,1.375E1,8.E-1));
#18376=CARTESIAN_POINT('',(-1.332E1,9.75E0,8.E-1));
#18377=VERTEX_POINT('',#18375);
#18378=VERTEX_POINT('',#18376);
#18379=CARTESIAN_POINT('',(-1.297E1,9.75E0,8.E-1));
#18380=VERTEX_POINT('',#18379);
#18381=CARTESIAN_POINT('',(-1.297E1,1.375E1,8.E-1));
#18382=VERTEX_POINT('',#18381);
#18383=CARTESIAN_POINT('',(-1.332E1,5.75E0,8.E-1));
#18384=CARTESIAN_POINT('',(-1.332E1,1.75E0,8.E-1));
#18385=VERTEX_POINT('',#18383);
#18386=VERTEX_POINT('',#18384);
#18387=CARTESIAN_POINT('',(-1.297E1,1.75E0,8.E-1));
#18388=VERTEX_POINT('',#18387);
#18389=CARTESIAN_POINT('',(-1.297E1,5.75E0,8.E-1));
#18390=VERTEX_POINT('',#18389);
#18391=CARTESIAN_POINT('',(1.332E1,1.375E1,8.E-1));
#18392=CARTESIAN_POINT('',(1.297E1,1.375E1,8.E-1));
#18393=VERTEX_POINT('',#18391);
#18394=VERTEX_POINT('',#18392);
#18395=CARTESIAN_POINT('',(1.297E1,9.75E0,8.E-1));
#18396=VERTEX_POINT('',#18395);
#18397=CARTESIAN_POINT('',(1.332E1,9.75E0,8.E-1));
#18398=VERTEX_POINT('',#18397);
#18399=CARTESIAN_POINT('',(1.332E1,5.75E0,8.E-1));
#18400=CARTESIAN_POINT('',(1.297E1,5.75E0,8.E-1));
#18401=VERTEX_POINT('',#18399);
#18402=VERTEX_POINT('',#18400);
#18403=CARTESIAN_POINT('',(1.297E1,1.75E0,8.E-1));
#18404=VERTEX_POINT('',#18403);
#18405=CARTESIAN_POINT('',(1.332E1,1.75E0,8.E-1));
#18406=VERTEX_POINT('',#18405);
#18407=CARTESIAN_POINT('',(-1.332E1,-1.325E1,8.E-1));
#18408=CARTESIAN_POINT('',(-1.297E1,-1.325E1,8.E-1));
#18409=VERTEX_POINT('',#18407);
#18410=VERTEX_POINT('',#18408);
#18411=CARTESIAN_POINT('',(-1.297E1,-9.25E0,8.E-1));
#18412=VERTEX_POINT('',#18411);
#18413=CARTESIAN_POINT('',(-1.332E1,-9.25E0,8.E-1));
#18414=VERTEX_POINT('',#18413);
#18415=CARTESIAN_POINT('',(-1.332E1,-5.25E0,8.E-1));
#18416=CARTESIAN_POINT('',(-1.297E1,-5.25E0,8.E-1));
#18417=VERTEX_POINT('',#18415);
#18418=VERTEX_POINT('',#18416);
#18419=CARTESIAN_POINT('',(-1.297E1,-1.25E0,8.E-1));
#18420=VERTEX_POINT('',#18419);
#18421=CARTESIAN_POINT('',(-1.332E1,-1.25E0,8.E-1));
#18422=VERTEX_POINT('',#18421);
#18423=CARTESIAN_POINT('',(1.332E1,-1.325E1,8.E-1));
#18424=CARTESIAN_POINT('',(1.332E1,-9.25E0,8.E-1));
#18425=VERTEX_POINT('',#18423);
#18426=VERTEX_POINT('',#18424);
#18427=CARTESIAN_POINT('',(1.297E1,-9.25E0,8.E-1));
#18428=VERTEX_POINT('',#18427);
#18429=CARTESIAN_POINT('',(1.297E1,-1.325E1,8.E-1));
#18430=VERTEX_POINT('',#18429);
#18431=CARTESIAN_POINT('',(1.332E1,-5.25E0,8.E-1));
#18432=CARTESIAN_POINT('',(1.332E1,-1.25E0,8.E-1));
#18433=VERTEX_POINT('',#18431);
#18434=VERTEX_POINT('',#18432);
#18435=CARTESIAN_POINT('',(1.297E1,-1.25E0,8.E-1));
#18436=VERTEX_POINT('',#18435);
#18437=CARTESIAN_POINT('',(1.297E1,-5.25E0,8.E-1));
#18438=VERTEX_POINT('',#18437);
#18439=CARTESIAN_POINT('',(-9.6E0,1.682E1,8.E-1));
#18440=CARTESIAN_POINT('',(-9.6E0,1.647E1,8.E-1));
#18441=VERTEX_POINT('',#18439);
#18442=VERTEX_POINT('',#18440);
#18443=CARTESIAN_POINT('',(-5.6E0,1.647E1,8.E-1));
#18444=VERTEX_POINT('',#18443);
#18445=CARTESIAN_POINT('',(-5.6E0,1.682E1,8.E-1));
#18446=VERTEX_POINT('',#18445);
#18447=CARTESIAN_POINT('',(9.6E0,1.682E1,8.E-1));
#18448=CARTESIAN_POINT('',(5.6E0,1.682E1,8.E-1));
#18449=VERTEX_POINT('',#18447);
#18450=VERTEX_POINT('',#18448);
#18451=CARTESIAN_POINT('',(5.6E0,1.647E1,8.E-1));
#18452=VERTEX_POINT('',#18451);
#18453=CARTESIAN_POINT('',(9.6E0,1.647E1,8.E-1));
#18454=VERTEX_POINT('',#18453);
#18455=CARTESIAN_POINT('',(-9.6E0,-1.632E1,8.E-1));
#18456=CARTESIAN_POINT('',(-5.6E0,-1.632E1,8.E-1));
#18457=VERTEX_POINT('',#18455);
#18458=VERTEX_POINT('',#18456);
#18459=CARTESIAN_POINT('',(-5.6E0,-1.597E1,8.E-1));
#18460=VERTEX_POINT('',#18459);
#18461=CARTESIAN_POINT('',(-9.6E0,-1.597E1,8.E-1));
#18462=VERTEX_POINT('',#18461);
#18463=CARTESIAN_POINT('',(9.6E0,-1.632E1,8.E-1));
#18464=CARTESIAN_POINT('',(9.6E0,-1.597E1,8.E-1));
#18465=VERTEX_POINT('',#18463);
#18466=VERTEX_POINT('',#18464);
#18467=CARTESIAN_POINT('',(5.6E0,-1.597E1,8.E-1));
#18468=VERTEX_POINT('',#18467);
#18469=CARTESIAN_POINT('',(5.6E0,-1.632E1,8.E-1));
#18470=VERTEX_POINT('',#18469);
#18471=CARTESIAN_POINT('',(-5.6E0,1.664E1,1.05E0));
#18472=CARTESIAN_POINT('',(-5.6E0,1.647E1,8.8E-1));
#18473=VERTEX_POINT('',#18471);
#18474=VERTEX_POINT('',#18472);
#18475=CARTESIAN_POINT('',(-9.6E0,1.647E1,8.8E-1));
#18476=VERTEX_POINT('',#18475);
#18477=CARTESIAN_POINT('',(-9.6E0,1.664E1,1.05E0));
#18478=VERTEX_POINT('',#18477);
#18479=CARTESIAN_POINT('',(-9.6E0,1.665E1,1.05E0));
#18480=CARTESIAN_POINT('',(-9.6E0,1.682E1,8.8E-1));
#18481=VERTEX_POINT('',#18479);
#18482=VERTEX_POINT('',#18480);
#18483=CARTESIAN_POINT('',(-5.6E0,1.682E1,8.8E-1));
#18484=VERTEX_POINT('',#18483);
#18485=CARTESIAN_POINT('',(-5.6E0,1.665E1,1.05E0));
#18486=VERTEX_POINT('',#18485);
#18487=CARTESIAN_POINT('',(-1.315E1,9.75E0,1.05E0));
#18488=CARTESIAN_POINT('',(-1.332E1,9.75E0,8.8E-1));
#18489=VERTEX_POINT('',#18487);
#18490=VERTEX_POINT('',#18488);
#18491=CARTESIAN_POINT('',(-1.332E1,1.375E1,8.8E-1));
#18492=VERTEX_POINT('',#18491);
#18493=CARTESIAN_POINT('',(-1.315E1,1.375E1,1.05E0));
#18494=VERTEX_POINT('',#18493);
#18495=CARTESIAN_POINT('',(-1.314E1,1.375E1,1.05E0));
#18496=CARTESIAN_POINT('',(-1.297E1,1.375E1,8.8E-1));
#18497=VERTEX_POINT('',#18495);
#18498=VERTEX_POINT('',#18496);
#18499=CARTESIAN_POINT('',(-1.297E1,9.75E0,8.8E-1));
#18500=VERTEX_POINT('',#18499);
#18501=CARTESIAN_POINT('',(-1.314E1,9.75E0,1.05E0));
#18502=VERTEX_POINT('',#18501);
#18503=CARTESIAN_POINT('',(-1.315E1,1.75E0,1.05E0));
#18504=CARTESIAN_POINT('',(-1.332E1,1.75E0,8.8E-1));
#18505=VERTEX_POINT('',#18503);
#18506=VERTEX_POINT('',#18504);
#18507=CARTESIAN_POINT('',(-1.332E1,5.75E0,8.8E-1));
#18508=VERTEX_POINT('',#18507);
#18509=CARTESIAN_POINT('',(-1.315E1,5.75E0,1.05E0));
#18510=VERTEX_POINT('',#18509);
#18511=CARTESIAN_POINT('',(-1.314E1,5.75E0,1.05E0));
#18512=CARTESIAN_POINT('',(-1.297E1,5.75E0,8.8E-1));
#18513=VERTEX_POINT('',#18511);
#18514=VERTEX_POINT('',#18512);
#18515=CARTESIAN_POINT('',(-1.297E1,1.75E0,8.8E-1));
#18516=VERTEX_POINT('',#18515);
#18517=CARTESIAN_POINT('',(-1.314E1,1.75E0,1.05E0));
#18518=VERTEX_POINT('',#18517);
#18519=CARTESIAN_POINT('',(9.6E0,-1.615E1,1.05E0));
#18520=CARTESIAN_POINT('',(9.6E0,-1.632E1,8.8E-1));
#18521=VERTEX_POINT('',#18519);
#18522=VERTEX_POINT('',#18520);
#18523=CARTESIAN_POINT('',(5.6E0,-1.632E1,8.8E-1));
#18524=VERTEX_POINT('',#18523);
#18525=CARTESIAN_POINT('',(5.6E0,-1.615E1,1.05E0));
#18526=VERTEX_POINT('',#18525);
#18527=CARTESIAN_POINT('',(5.6E0,-1.614E1,1.05E0));
#18528=CARTESIAN_POINT('',(5.6E0,-1.597E1,8.8E-1));
#18529=VERTEX_POINT('',#18527);
#18530=VERTEX_POINT('',#18528);
#18531=CARTESIAN_POINT('',(9.6E0,-1.597E1,8.8E-1));
#18532=VERTEX_POINT('',#18531);
#18533=CARTESIAN_POINT('',(9.6E0,-1.614E1,1.05E0));
#18534=VERTEX_POINT('',#18533);
#18535=CARTESIAN_POINT('',(1.314E1,-1.325E1,1.05E0));
#18536=CARTESIAN_POINT('',(1.297E1,-1.325E1,8.8E-1));
#18537=VERTEX_POINT('',#18535);
#18538=VERTEX_POINT('',#18536);
#18539=CARTESIAN_POINT('',(1.297E1,-9.25E0,8.8E-1));
#18540=VERTEX_POINT('',#18539);
#18541=CARTESIAN_POINT('',(1.314E1,-9.25E0,1.05E0));
#18542=VERTEX_POINT('',#18541);
#18543=CARTESIAN_POINT('',(1.315E1,-9.25E0,1.05E0));
#18544=CARTESIAN_POINT('',(1.332E1,-9.25E0,8.8E-1));
#18545=VERTEX_POINT('',#18543);
#18546=VERTEX_POINT('',#18544);
#18547=CARTESIAN_POINT('',(1.332E1,-1.325E1,8.8E-1));
#18548=VERTEX_POINT('',#18547);
#18549=CARTESIAN_POINT('',(1.315E1,-1.325E1,1.05E0));
#18550=VERTEX_POINT('',#18549);
#18551=CARTESIAN_POINT('',(1.314E1,-5.25E0,1.05E0));
#18552=CARTESIAN_POINT('',(1.297E1,-5.25E0,8.8E-1));
#18553=VERTEX_POINT('',#18551);
#18554=VERTEX_POINT('',#18552);
#18555=CARTESIAN_POINT('',(1.297E1,-1.25E0,8.8E-1));
#18556=VERTEX_POINT('',#18555);
#18557=CARTESIAN_POINT('',(1.314E1,-1.25E0,1.05E0));
#18558=VERTEX_POINT('',#18557);
#18559=CARTESIAN_POINT('',(1.315E1,-1.25E0,1.05E0));
#18560=CARTESIAN_POINT('',(1.332E1,-1.25E0,8.8E-1));
#18561=VERTEX_POINT('',#18559);
#18562=VERTEX_POINT('',#18560);
#18563=CARTESIAN_POINT('',(1.332E1,-5.25E0,8.8E-1));
#18564=VERTEX_POINT('',#18563);
#18565=CARTESIAN_POINT('',(1.315E1,-5.25E0,1.05E0));
#18566=VERTEX_POINT('',#18565);
#18567=CARTESIAN_POINT('',(1.314E1,1.75E0,1.05E0));
#18568=CARTESIAN_POINT('',(1.297E1,1.75E0,8.8E-1));
#18569=VERTEX_POINT('',#18567);
#18570=VERTEX_POINT('',#18568);
#18571=CARTESIAN_POINT('',(1.297E1,5.75E0,8.8E-1));
#18572=VERTEX_POINT('',#18571);
#18573=CARTESIAN_POINT('',(1.314E1,5.75E0,1.05E0));
#18574=VERTEX_POINT('',#18573);
#18575=CARTESIAN_POINT('',(1.315E1,5.75E0,1.05E0));
#18576=CARTESIAN_POINT('',(1.332E1,5.75E0,8.8E-1));
#18577=VERTEX_POINT('',#18575);
#18578=VERTEX_POINT('',#18576);
#18579=CARTESIAN_POINT('',(1.332E1,1.75E0,8.8E-1));
#18580=VERTEX_POINT('',#18579);
#18581=CARTESIAN_POINT('',(1.315E1,1.75E0,1.05E0));
#18582=VERTEX_POINT('',#18581);
#18583=CARTESIAN_POINT('',(1.314E1,9.75E0,1.05E0));
#18584=CARTESIAN_POINT('',(1.297E1,9.75E0,8.8E-1));
#18585=VERTEX_POINT('',#18583);
#18586=VERTEX_POINT('',#18584);
#18587=CARTESIAN_POINT('',(1.297E1,1.375E1,8.8E-1));
#18588=VERTEX_POINT('',#18587);
#18589=CARTESIAN_POINT('',(1.314E1,1.375E1,1.05E0));
#18590=VERTEX_POINT('',#18589);
#18591=CARTESIAN_POINT('',(1.315E1,1.375E1,1.05E0));
#18592=CARTESIAN_POINT('',(1.332E1,1.375E1,8.8E-1));
#18593=VERTEX_POINT('',#18591);
#18594=VERTEX_POINT('',#18592);
#18595=CARTESIAN_POINT('',(1.332E1,9.75E0,8.8E-1));
#18596=VERTEX_POINT('',#18595);
#18597=CARTESIAN_POINT('',(1.315E1,9.75E0,1.05E0));
#18598=VERTEX_POINT('',#18597);
#18599=CARTESIAN_POINT('',(9.6E0,1.664E1,1.05E0));
#18600=CARTESIAN_POINT('',(9.6E0,1.647E1,8.8E-1));
#18601=VERTEX_POINT('',#18599);
#18602=VERTEX_POINT('',#18600);
#18603=CARTESIAN_POINT('',(5.6E0,1.647E1,8.8E-1));
#18604=VERTEX_POINT('',#18603);
#18605=CARTESIAN_POINT('',(5.6E0,1.664E1,1.05E0));
#18606=VERTEX_POINT('',#18605);
#18607=CARTESIAN_POINT('',(5.6E0,1.665E1,1.05E0));
#18608=CARTESIAN_POINT('',(5.6E0,1.682E1,8.8E-1));
#18609=VERTEX_POINT('',#18607);
#18610=VERTEX_POINT('',#18608);
#18611=CARTESIAN_POINT('',(9.6E0,1.682E1,8.8E-1));
#18612=VERTEX_POINT('',#18611);
#18613=CARTESIAN_POINT('',(9.6E0,1.665E1,1.05E0));
#18614=VERTEX_POINT('',#18613);
#18615=CARTESIAN_POINT('',(-1.315E1,-5.25E0,1.05E0));
#18616=CARTESIAN_POINT('',(-1.332E1,-5.25E0,8.8E-1));
#18617=VERTEX_POINT('',#18615);
#18618=VERTEX_POINT('',#18616);
#18619=CARTESIAN_POINT('',(-1.332E1,-1.25E0,8.8E-1));
#18620=VERTEX_POINT('',#18619);
#18621=CARTESIAN_POINT('',(-1.315E1,-1.25E0,1.05E0));
#18622=VERTEX_POINT('',#18621);
#18623=CARTESIAN_POINT('',(-1.314E1,-1.25E0,1.05E0));
#18624=CARTESIAN_POINT('',(-1.297E1,-1.25E0,8.8E-1));
#18625=VERTEX_POINT('',#18623);
#18626=VERTEX_POINT('',#18624);
#18627=CARTESIAN_POINT('',(-1.297E1,-5.25E0,8.8E-1));
#18628=VERTEX_POINT('',#18627);
#18629=CARTESIAN_POINT('',(-1.314E1,-5.25E0,1.05E0));
#18630=VERTEX_POINT('',#18629);
#18631=CARTESIAN_POINT('',(-1.315E1,-1.325E1,1.05E0));
#18632=CARTESIAN_POINT('',(-1.332E1,-1.325E1,8.8E-1));
#18633=VERTEX_POINT('',#18631);
#18634=VERTEX_POINT('',#18632);
#18635=CARTESIAN_POINT('',(-1.332E1,-9.25E0,8.8E-1));
#18636=VERTEX_POINT('',#18635);
#18637=CARTESIAN_POINT('',(-1.315E1,-9.25E0,1.05E0));
#18638=VERTEX_POINT('',#18637);
#18639=CARTESIAN_POINT('',(-1.314E1,-9.25E0,1.05E0));
#18640=CARTESIAN_POINT('',(-1.297E1,-9.25E0,8.8E-1));
#18641=VERTEX_POINT('',#18639);
#18642=VERTEX_POINT('',#18640);
#18643=CARTESIAN_POINT('',(-1.297E1,-1.325E1,8.8E-1));
#18644=VERTEX_POINT('',#18643);
#18645=CARTESIAN_POINT('',(-1.314E1,-1.325E1,1.05E0));
#18646=VERTEX_POINT('',#18645);
#18647=CARTESIAN_POINT('',(-5.6E0,-1.615E1,1.05E0));
#18648=CARTESIAN_POINT('',(-5.6E0,-1.632E1,8.8E-1));
#18649=VERTEX_POINT('',#18647);
#18650=VERTEX_POINT('',#18648);
#18651=CARTESIAN_POINT('',(-9.6E0,-1.632E1,8.8E-1));
#18652=VERTEX_POINT('',#18651);
#18653=CARTESIAN_POINT('',(-9.6E0,-1.615E1,1.05E0));
#18654=VERTEX_POINT('',#18653);
#18655=CARTESIAN_POINT('',(-9.6E0,-1.614E1,1.05E0));
#18656=CARTESIAN_POINT('',(-9.6E0,-1.597E1,8.8E-1));
#18657=VERTEX_POINT('',#18655);
#18658=VERTEX_POINT('',#18656);
#18659=CARTESIAN_POINT('',(-5.6E0,-1.597E1,8.8E-1));
#18660=VERTEX_POINT('',#18659);
#18661=CARTESIAN_POINT('',(-5.6E0,-1.614E1,1.05E0));
#18662=VERTEX_POINT('',#18661);
#18663=CARTESIAN_POINT('',(-1.146240484381E1,-1.438666891252E1,-1.4E0));
#18664=CARTESIAN_POINT('',(-1.004606079858E1,-1.38E1,-1.4E0));
#18665=VERTEX_POINT('',#18663);
#18666=VERTEX_POINT('',#18664);
#18667=CARTESIAN_POINT('',(-8.046060798583E0,-1.38E1,-1.4E0));
#18668=VERTEX_POINT('',#18667);
#18669=CARTESIAN_POINT('',(-8.046060798583E0,-1.32E1,-1.4E0));
#18670=VERTEX_POINT('',#18669);
#18671=CARTESIAN_POINT('',(-1.004606079858E1,-1.32E1,-1.4E0));
#18672=VERTEX_POINT('',#18671);
#18673=CARTESIAN_POINT('',(-1.07E1,-1.254606079858E1,-1.4E0));
#18674=VERTEX_POINT('',#18673);
#18675=CARTESIAN_POINT('',(-1.07E1,-1.054606079858E1,-1.4E0));
#18676=VERTEX_POINT('',#18675);
#18677=CARTESIAN_POINT('',(-1.13E1,-1.054606079858E1,-1.4E0));
#18678=VERTEX_POINT('',#18677);
#18679=CARTESIAN_POINT('',(-1.13E1,-1.254606079858E1,-1.4E0));
#18680=VERTEX_POINT('',#18679);
#18681=CARTESIAN_POINT('',(-1.188666891252E1,-1.396240484381E1,-1.4E0));
#18682=VERTEX_POINT('',#18681);
#18683=CARTESIAN_POINT('',(1.188666891252E1,-1.396240484381E1,-1.4E0));
#18684=CARTESIAN_POINT('',(1.13E1,-1.254606079858E1,-1.4E0));
#18685=VERTEX_POINT('',#18683);
#18686=VERTEX_POINT('',#18684);
#18687=CARTESIAN_POINT('',(1.13E1,-1.054606079858E1,-1.4E0));
#18688=VERTEX_POINT('',#18687);
#18689=CARTESIAN_POINT('',(1.07E1,-1.054606079858E1,-1.4E0));
#18690=VERTEX_POINT('',#18689);
#18691=CARTESIAN_POINT('',(1.07E1,-1.254606079858E1,-1.4E0));
#18692=VERTEX_POINT('',#18691);
#18693=CARTESIAN_POINT('',(1.004606079858E1,-1.32E1,-1.4E0));
#18694=VERTEX_POINT('',#18693);
#18695=CARTESIAN_POINT('',(8.046060798583E0,-1.32E1,-1.4E0));
#18696=VERTEX_POINT('',#18695);
#18697=CARTESIAN_POINT('',(8.046060798583E0,-1.38E1,-1.4E0));
#18698=VERTEX_POINT('',#18697);
#18699=CARTESIAN_POINT('',(1.004606079858E1,-1.38E1,-1.4E0));
#18700=VERTEX_POINT('',#18699);
#18701=CARTESIAN_POINT('',(1.146240484381E1,-1.438666891252E1,-1.4E0));
#18702=VERTEX_POINT('',#18701);
#18703=CARTESIAN_POINT('',(-1.146240484381E1,-1.438666891252E1,-4.1E0));
#18704=CARTESIAN_POINT('',(-1.004606079858E1,-1.38E1,-4.1E0));
#18705=VERTEX_POINT('',#18703);
#18706=VERTEX_POINT('',#18704);
#18707=CARTESIAN_POINT('',(-8.046060798583E0,-1.38E1,-4.1E0));
#18708=VERTEX_POINT('',#18707);
#18709=CARTESIAN_POINT('',(-8.046060798583E0,-1.32E1,-4.1E0));
#18710=VERTEX_POINT('',#18709);
#18711=CARTESIAN_POINT('',(-1.004606079858E1,-1.32E1,-4.1E0));
#18712=VERTEX_POINT('',#18711);
#18713=CARTESIAN_POINT('',(-1.07E1,-1.254606079858E1,-4.1E0));
#18714=VERTEX_POINT('',#18713);
#18715=CARTESIAN_POINT('',(-1.07E1,-1.054606079858E1,-4.1E0));
#18716=VERTEX_POINT('',#18715);
#18717=CARTESIAN_POINT('',(-1.13E1,-1.054606079858E1,-4.1E0));
#18718=VERTEX_POINT('',#18717);
#18719=CARTESIAN_POINT('',(-1.13E1,-1.254606079858E1,-4.1E0));
#18720=VERTEX_POINT('',#18719);
#18721=CARTESIAN_POINT('',(-1.188666891252E1,-1.396240484381E1,-4.1E0));
#18722=VERTEX_POINT('',#18721);
#18723=CARTESIAN_POINT('',(1.188666891252E1,-1.396240484381E1,-4.1E0));
#18724=CARTESIAN_POINT('',(1.13E1,-1.254606079858E1,-4.1E0));
#18725=VERTEX_POINT('',#18723);
#18726=VERTEX_POINT('',#18724);
#18727=CARTESIAN_POINT('',(1.13E1,-1.054606079858E1,-4.1E0));
#18728=VERTEX_POINT('',#18727);
#18729=CARTESIAN_POINT('',(1.07E1,-1.054606079858E1,-4.1E0));
#18730=VERTEX_POINT('',#18729);
#18731=CARTESIAN_POINT('',(1.07E1,-1.254606079858E1,-4.1E0));
#18732=VERTEX_POINT('',#18731);
#18733=CARTESIAN_POINT('',(1.004606079858E1,-1.32E1,-4.1E0));
#18734=VERTEX_POINT('',#18733);
#18735=CARTESIAN_POINT('',(8.046060798583E0,-1.32E1,-4.1E0));
#18736=VERTEX_POINT('',#18735);
#18737=CARTESIAN_POINT('',(8.046060798583E0,-1.38E1,-4.1E0));
#18738=VERTEX_POINT('',#18737);
#18739=CARTESIAN_POINT('',(1.004606079858E1,-1.38E1,-4.1E0));
#18740=VERTEX_POINT('',#18739);
#18741=CARTESIAN_POINT('',(1.146240484381E1,-1.438666891252E1,-4.1E0));
#18742=VERTEX_POINT('',#18741);
#18743=CARTESIAN_POINT('',(-1.38E1,1.4E1,-5.3E0));
#18744=CARTESIAN_POINT('',(-1.05E1,1.73E1,-5.3E0));
#18745=VERTEX_POINT('',#18743);
#18746=VERTEX_POINT('',#18744);
#18747=CARTESIAN_POINT('',(1.049999998106E1,1.729999999974E1,
-5.300000000264E0));
#18748=VERTEX_POINT('',#18747);
#18749=CARTESIAN_POINT('',(1.38E1,1.4E1,-5.3E0));
#18750=VERTEX_POINT('',#18749);
#18751=CARTESIAN_POINT('',(1.379999999974E1,-1.349999998106E1,
-5.300000000264E0));
#18752=VERTEX_POINT('',#18751);
#18753=CARTESIAN_POINT('',(1.05E1,-1.68E1,-5.3E0));
#18754=VERTEX_POINT('',#18753);
#18755=CARTESIAN_POINT('',(-1.049999998106E1,-1.679999999974E1,
-5.300000000264E0));
#18756=VERTEX_POINT('',#18755);
#18757=CARTESIAN_POINT('',(-1.38E1,-1.35E1,-5.3E0));
#18758=VERTEX_POINT('',#18757);
#18759=CARTESIAN_POINT('',(-1.262888822949E1,1.4E1,-4.1E0));
#18760=CARTESIAN_POINT('',(-1.05E1,1.612888822949E1,-4.1E0));
#18761=VERTEX_POINT('',#18759);
#18762=VERTEX_POINT('',#18760);
#18763=CARTESIAN_POINT('',(1.05E1,1.612888822949E1,-4.1E0));
#18764=CARTESIAN_POINT('',(1.262888822949E1,1.4E1,-4.1E0));
#18765=VERTEX_POINT('',#18763);
#18766=VERTEX_POINT('',#18764);
#18767=CARTESIAN_POINT('',(1.05E1,-1.562888822949E1,-4.1E0));
#18768=CARTESIAN_POINT('',(-1.05E1,-1.562888822949E1,-4.1E0));
#18769=VERTEX_POINT('',#18767);
#18770=VERTEX_POINT('',#18768);
#18771=CARTESIAN_POINT('',(-1.28E1,1.4E1,8.E-1));
#18772=CARTESIAN_POINT('',(-1.05E1,1.63E1,8.E-1));
#18773=VERTEX_POINT('',#18771);
#18774=VERTEX_POINT('',#18772);
#18775=CARTESIAN_POINT('',(1.05E1,1.63E1,8.E-1));
#18776=VERTEX_POINT('',#18775);
#18777=CARTESIAN_POINT('',(1.28E1,1.4E1,8.E-1));
#18778=VERTEX_POINT('',#18777);
#18779=CARTESIAN_POINT('',(1.28E1,-1.35E1,8.E-1));
#18780=VERTEX_POINT('',#18779);
#18781=CARTESIAN_POINT('',(1.05E1,-1.58E1,8.E-1));
#18782=VERTEX_POINT('',#18781);
#18783=CARTESIAN_POINT('',(-5.075E0,-1.58E1,8.E-1));
#18784=CARTESIAN_POINT('',(-1.05E1,-1.58E1,8.E-1));
#18785=VERTEX_POINT('',#18783);
#18786=VERTEX_POINT('',#18784);
#18787=CARTESIAN_POINT('',(-1.28E1,-1.35E1,8.E-1));
#18788=VERTEX_POINT('',#18787);
#18789=CARTESIAN_POINT('',(1.262888822949E1,-1.35E1,-4.1E0));
#18790=VERTEX_POINT('',#18789);
#18791=CARTESIAN_POINT('',(-1.262888822949E1,-1.35E1,-4.1E0));
#18792=VERTEX_POINT('',#18791);
#18793=CARTESIAN_POINT('',(5.075E0,-1.58E1,8.E-1));
#18794=VERTEX_POINT('',#18793);
#18795=CARTESIAN_POINT('',(5.075E0,-1.577206338441E1,0.E0));
#18796=VERTEX_POINT('',#18795);
#18797=CARTESIAN_POINT('',(-5.075E0,-1.577206338441E1,0.E0));
#18798=VERTEX_POINT('',#18797);
#18799=CARTESIAN_POINT('',(-1.210943343265E1,-1.503369750136E1,-1.4E0));
#18800=CARTESIAN_POINT('',(-1.246469184439E1,-1.454042777568E1,-1.4E0));
#18801=VERTEX_POINT('',#18799);
#18802=VERTEX_POINT('',#18800);
#18803=CARTESIAN_POINT('',(1.246469184439E1,-1.454042777568E1,-1.4E0));
#18804=CARTESIAN_POINT('',(1.210943343265E1,-1.503369750136E1,-1.4E0));
#18805=VERTEX_POINT('',#18803);
#18806=VERTEX_POINT('',#18804);
#18807=CARTESIAN_POINT('',(-1.262888822949E1,2.8E0,-4.1E0));
#18808=VERTEX_POINT('',#18807);
#18809=CARTESIAN_POINT('',(-1.262888822949E1,3.6E0,-4.1E0));
#18810=VERTEX_POINT('',#18809);
#18811=CARTESIAN_POINT('',(4.1E0,1.612888822949E1,-4.1E0));
#18812=VERTEX_POINT('',#18811);
#18813=CARTESIAN_POINT('',(4.9E0,1.612888822949E1,-4.1E0));
#18814=VERTEX_POINT('',#18813);
#18815=CARTESIAN_POINT('',(1.262888822949E1,8.2E0,-4.1E0));
#18816=VERTEX_POINT('',#18815);
#18817=CARTESIAN_POINT('',(1.262888822949E1,7.4E0,-4.1E0));
#18818=VERTEX_POINT('',#18817);
#18819=CARTESIAN_POINT('',(1.262888822949E1,-7.2E0,-4.1E0));
#18820=VERTEX_POINT('',#18819);
#18821=CARTESIAN_POINT('',(1.262888822949E1,-6.4E0,-4.1E0));
#18822=VERTEX_POINT('',#18821);
#18823=CARTESIAN_POINT('',(-1.272317430712E1,2.8E0,-1.4E0));
#18824=VERTEX_POINT('',#18823);
#18825=CARTESIAN_POINT('',(-1.272317430712E1,3.6E0,-1.4E0));
#18826=VERTEX_POINT('',#18825);
#18827=CARTESIAN_POINT('',(1.272317430712E1,8.2E0,-1.4E0));
#18828=VERTEX_POINT('',#18827);
#18829=CARTESIAN_POINT('',(1.272317430712E1,7.4E0,-1.4E0));
#18830=VERTEX_POINT('',#18829);
#18831=CARTESIAN_POINT('',(1.272317430712E1,-7.2E0,-1.4E0));
#18832=VERTEX_POINT('',#18831);
#18833=CARTESIAN_POINT('',(1.272317430712E1,-6.4E0,-1.4E0));
#18834=VERTEX_POINT('',#18833);
#18835=CARTESIAN_POINT('',(-4.9E0,1.612888822949E1,-4.1E0));
#18836=VERTEX_POINT('',#18835);
#18837=CARTESIAN_POINT('',(-4.1E0,1.612888822949E1,-4.1E0));
#18838=VERTEX_POINT('',#18837);
#18839=CARTESIAN_POINT('',(-1.239479268142E1,-1.447052861271E1,-4.1E0));
#18840=VERTEX_POINT('',#18839);
#18841=CARTESIAN_POINT('',(-1.204274289866E1,-1.496700696737E1,-4.1E0));
#18842=VERTEX_POINT('',#18841);
#18843=CARTESIAN_POINT('',(1.204274289866E1,-1.496700696737E1,-4.1E0));
#18844=VERTEX_POINT('',#18843);
#18845=CARTESIAN_POINT('',(1.239479268142E1,-1.447052861271E1,-4.1E0));
#18846=VERTEX_POINT('',#18845);
#18847=CARTESIAN_POINT('',(-1.05E1,1.75E1,-2.842170943040E-14));
#18848=CARTESIAN_POINT('',(-1.4E1,1.4E1,-2.842170943040E-14));
#18849=VERTEX_POINT('',#18847);
#18850=VERTEX_POINT('',#18848);
#18851=CARTESIAN_POINT('',(1.4E1,1.4E1,-2.842170943040E-14));
#18852=CARTESIAN_POINT('',(1.05E1,1.75E1,-2.842170943040E-14));
#18853=VERTEX_POINT('',#18851);
#18854=VERTEX_POINT('',#18852);
#18855=CARTESIAN_POINT('',(-1.4E1,-1.35E1,-2.842170943040E-14));
#18856=CARTESIAN_POINT('',(-1.05E1,-1.7E1,-2.842170943040E-14));
#18857=VERTEX_POINT('',#18855);
#18858=VERTEX_POINT('',#18856);
#18859=CARTESIAN_POINT('',(1.05E1,-1.7E1,-2.842170943040E-14));
#18860=CARTESIAN_POINT('',(1.4E1,-1.35E1,-2.842170943040E-14));
#18861=VERTEX_POINT('',#18859);
#18862=VERTEX_POINT('',#18860);
#18863=CARTESIAN_POINT('',(-1.390939769983E1,1.4E1,-5.190602300166E0));
#18864=CARTESIAN_POINT('',(-1.05E1,1.740939769983E1,-5.190602300166E0));
#18865=VERTEX_POINT('',#18863);
#18866=VERTEX_POINT('',#18864);
#18867=CARTESIAN_POINT('',(1.05E1,1.740939769983E1,-5.190602300166E0));
#18868=VERTEX_POINT('',#18867);
#18869=CARTESIAN_POINT('',(1.390939769983E1,1.4E1,-5.190602300166E0));
#18870=VERTEX_POINT('',#18869);
#18871=CARTESIAN_POINT('',(1.390939769983E1,-1.35E1,-5.190602300166E0));
#18872=VERTEX_POINT('',#18871);
#18873=CARTESIAN_POINT('',(1.05E1,-1.690939769983E1,-5.190602300166E0));
#18874=VERTEX_POINT('',#18873);
#18875=CARTESIAN_POINT('',(-1.05E1,-1.690939769983E1,-5.190602300166E0));
#18876=VERTEX_POINT('',#18875);
#18877=CARTESIAN_POINT('',(-1.390939769983E1,-1.35E1,-5.190602300166E0));
#18878=VERTEX_POINT('',#18877);
#18879=CARTESIAN_POINT('',(4.1E0,1.622317430712E1,-1.4E0));
#18880=VERTEX_POINT('',#18879);
#18881=CARTESIAN_POINT('',(4.9E0,1.622317430712E1,-1.4E0));
#18882=VERTEX_POINT('',#18881);
#18883=CARTESIAN_POINT('',(-4.9E0,1.622317430712E1,-1.4E0));
#18884=VERTEX_POINT('',#18883);
#18885=CARTESIAN_POINT('',(-4.1E0,1.622317430712E1,-1.4E0));
#18886=VERTEX_POINT('',#18885);
#18887=CARTESIAN_POINT('',(0.E0,0.E0,0.E0));
#18888=DIRECTION('',(0.E0,0.E0,1.E0));
#18889=DIRECTION('',(1.E0,0.E0,0.E0));
#18890=AXIS2_PLACEMENT_3D('',#18887,#18888,#18889);
#18891=PLANE('',#18890);
#18893=ORIENTED_EDGE('',*,*,#18892,.F.);
#18895=ORIENTED_EDGE('',*,*,#18894,.T.);
#18897=ORIENTED_EDGE('',*,*,#18896,.F.);
#18899=ORIENTED_EDGE('',*,*,#18898,.T.);
#18901=ORIENTED_EDGE('',*,*,#18900,.F.);
#18903=ORIENTED_EDGE('',*,*,#18902,.T.);
#18905=ORIENTED_EDGE('',*,*,#18904,.F.);
#18907=ORIENTED_EDGE('',*,*,#18906,.T.);
#18908=EDGE_LOOP('',(#18893,#18895,#18897,#18899,#18901,#18903,#18905,#18907));
#18909=FACE_OUTER_BOUND('',#18908,.F.);
#18911=ORIENTED_EDGE('',*,*,#18910,.T.);
#18913=ORIENTED_EDGE('',*,*,#18912,.T.);
#18915=ORIENTED_EDGE('',*,*,#18914,.T.);
#18917=ORIENTED_EDGE('',*,*,#18916,.T.);
#18919=ORIENTED_EDGE('',*,*,#18918,.T.);
#18921=ORIENTED_EDGE('',*,*,#18920,.T.);
#18923=ORIENTED_EDGE('',*,*,#18922,.T.);
#18925=ORIENTED_EDGE('',*,*,#18924,.T.);
#18927=ORIENTED_EDGE('',*,*,#18926,.T.);
#18929=ORIENTED_EDGE('',*,*,#18928,.T.);
#18931=ORIENTED_EDGE('',*,*,#18930,.T.);
#18933=ORIENTED_EDGE('',*,*,#18932,.T.);
#18934=EDGE_LOOP('',(#18911,#18913,#18915,#18917,#18919,#18921,#18923,#18925,
#18927,#18929,#18931,#18933));
#18935=FACE_BOUND('',#18934,.F.);
#18937=CARTESIAN_POINT('',(-1.05E1,1.4E1,-2.595301150083E0));
#18938=DIRECTION('',(0.E0,0.E0,1.E0));
#18939=DIRECTION('',(1.E0,0.E0,0.E0));
#18940=AXIS2_PLACEMENT_3D('',#18937,#18938,#18939);
#18941=CONICAL_SURFACE('',#18940,3.454698849917E0,1.E0);
#18943=ORIENTED_EDGE('',*,*,#18942,.T.);
#18945=ORIENTED_EDGE('',*,*,#18944,.F.);
#18946=ORIENTED_EDGE('',*,*,#18892,.T.);
#18948=ORIENTED_EDGE('',*,*,#18947,.T.);
#18949=EDGE_LOOP('',(#18943,#18945,#18946,#18948));
#18950=FACE_OUTER_BOUND('',#18949,.F.);
#18952=CARTESIAN_POINT('',(-1.05E1,1.4E1,-5.245301150724E0));
#18953=DIRECTION('',(0.E0,0.E0,1.E0));
#18954=DIRECTION('',(0.E0,-1.E0,0.E0));
#18955=AXIS2_PLACEMENT_3D('',#18952,#18953,#18954);
#18956=CONICAL_SURFACE('',#18955,3.354698849276E0,4.5E1);
#18958=ORIENTED_EDGE('',*,*,#18957,.T.);
#18960=ORIENTED_EDGE('',*,*,#18959,.T.);
#18961=ORIENTED_EDGE('',*,*,#18942,.F.);
#18963=ORIENTED_EDGE('',*,*,#18962,.F.);
#18964=EDGE_LOOP('',(#18958,#18960,#18961,#18963));
#18965=FACE_OUTER_BOUND('',#18964,.F.);
#18967=CARTESIAN_POINT('',(0.E0,0.E0,-5.3E0));
#18968=DIRECTION('',(0.E0,0.E0,1.E0));
#18969=DIRECTION('',(1.E0,0.E0,0.E0));
#18970=AXIS2_PLACEMENT_3D('',#18967,#18968,#18969);
#18971=PLANE('',#18970);
#18972=ORIENTED_EDGE('',*,*,#18957,.F.);
#18974=ORIENTED_EDGE('',*,*,#18973,.F.);
#18976=ORIENTED_EDGE('',*,*,#18975,.F.);
#18978=ORIENTED_EDGE('',*,*,#18977,.F.);
#18980=ORIENTED_EDGE('',*,*,#18979,.F.);
#18982=ORIENTED_EDGE('',*,*,#18981,.F.);
#18984=ORIENTED_EDGE('',*,*,#18983,.F.);
#18986=ORIENTED_EDGE('',*,*,#18985,.F.);
#18987=EDGE_LOOP('',(#18972,#18974,#18976,#18978,#18980,#18982,#18984,#18986));
#18988=FACE_OUTER_BOUND('',#18987,.F.);
#18990=CARTESIAN_POINT('',(-1.39E1,2.5E-1,-5.2E0));
#18991=DIRECTION('',(-7.071067811865E-1,0.E0,-7.071067811865E-1));
#18992=DIRECTION('',(-7.071067811865E-1,0.E0,7.071067811865E-1));
#18993=AXIS2_PLACEMENT_3D('',#18990,#18991,#18992);
#18994=PLANE('',#18993);
#18995=ORIENTED_EDGE('',*,*,#18973,.T.);
#18996=ORIENTED_EDGE('',*,*,#18962,.T.);
#18998=ORIENTED_EDGE('',*,*,#18997,.F.);
#19000=ORIENTED_EDGE('',*,*,#18999,.F.);
#19001=EDGE_LOOP('',(#18995,#18996,#18998,#19000));
#19002=FACE_OUTER_BOUND('',#19001,.F.);
#19004=CARTESIAN_POINT('',(-1.4E1,1.906593741703E1,0.E0));
#19005=DIRECTION('',(-9.998476951564E-1,0.E0,-1.745240643728E-2));
#19006=DIRECTION('',(0.E0,-1.E0,0.E0));
#19007=AXIS2_PLACEMENT_3D('',#19004,#19005,#19006);
#19008=PLANE('',#19007);
#19009=ORIENTED_EDGE('',*,*,#18997,.T.);
#19010=ORIENTED_EDGE('',*,*,#18947,.F.);
#19011=ORIENTED_EDGE('',*,*,#18906,.F.);
#19013=ORIENTED_EDGE('',*,*,#19012,.T.);
#19014=EDGE_LOOP('',(#19009,#19010,#19011,#19013));
#19015=FACE_OUTER_BOUND('',#19014,.F.);
#19017=CARTESIAN_POINT('',(-1.05E1,-1.35E1,-2.595301150083E0));
#19018=DIRECTION('',(0.E0,0.E0,1.E0));
#19019=DIRECTION('',(0.E0,1.E0,0.E0));
#19020=AXIS2_PLACEMENT_3D('',#19017,#19018,#19019);
#19021=CONICAL_SURFACE('',#19020,3.454698849917E0,1.E0);
#19023=ORIENTED_EDGE('',*,*,#19022,.T.);
#19024=ORIENTED_EDGE('',*,*,#19012,.F.);
#19025=ORIENTED_EDGE('',*,*,#18904,.T.);
#19027=ORIENTED_EDGE('',*,*,#19026,.T.);
#19028=EDGE_LOOP('',(#19023,#19024,#19025,#19027));
#19029=FACE_OUTER_BOUND('',#19028,.F.);
#19031=CARTESIAN_POINT('',(-1.05E1,-1.35E1,-5.245301150724E0));
#19032=DIRECTION('',(0.E0,0.E0,1.E0));
#19033=DIRECTION('',(0.E0,-1.E0,0.E0));
#19034=AXIS2_PLACEMENT_3D('',#19031,#19032,#19033);
#19035=CONICAL_SURFACE('',#19034,3.354698849276E0,4.5E1);
#19036=ORIENTED_EDGE('',*,*,#18975,.T.);
#19037=ORIENTED_EDGE('',*,*,#18999,.T.);
#19038=ORIENTED_EDGE('',*,*,#19022,.F.);
#19040=ORIENTED_EDGE('',*,*,#19039,.F.);
#19041=EDGE_LOOP('',(#19036,#19037,#19038,#19040));
#19042=FACE_OUTER_BOUND('',#19041,.F.);
#19044=CARTESIAN_POINT('',(0.E0,-1.69E1,-5.2E0));
#19045=DIRECTION('',(0.E0,-7.071067811865E-1,-7.071067811866E-1));
#19046=DIRECTION('',(0.E0,-7.071067811866E-1,7.071067811865E-1));
#19047=AXIS2_PLACEMENT_3D('',#19044,#19045,#19046);
#19048=PLANE('',#19047);
#19049=ORIENTED_EDGE('',*,*,#18977,.T.);
#19050=ORIENTED_EDGE('',*,*,#19039,.T.);
#19052=ORIENTED_EDGE('',*,*,#19051,.F.);
#19054=ORIENTED_EDGE('',*,*,#19053,.F.);
#19055=EDGE_LOOP('',(#19049,#19050,#19052,#19054));
#19056=FACE_OUTER_BOUND('',#19055,.F.);
#19058=CARTESIAN_POINT('',(-1.556593741703E1,-1.7E1,0.E0));
#19059=DIRECTION('',(0.E0,-9.998476951564E-1,-1.745240643728E-2));
#19060=DIRECTION('',(1.E0,0.E0,0.E0));
#19061=AXIS2_PLACEMENT_3D('',#19058,#19059,#19060);
#19062=PLANE('',#19061);
#19063=ORIENTED_EDGE('',*,*,#19051,.T.);
#19064=ORIENTED_EDGE('',*,*,#19026,.F.);
#19065=ORIENTED_EDGE('',*,*,#18902,.F.);
#19067=ORIENTED_EDGE('',*,*,#19066,.T.);
#19068=EDGE_LOOP('',(#19063,#19064,#19065,#19067));
#19069=FACE_OUTER_BOUND('',#19068,.F.);
#19071=CARTESIAN_POINT('',(1.05E1,-1.35E1,-2.595301150083E0));
#19072=DIRECTION('',(0.E0,0.E0,1.E0));
#19073=DIRECTION('',(-1.E0,0.E0,0.E0));
#19074=AXIS2_PLACEMENT_3D('',#19071,#19072,#19073);
#19075=CONICAL_SURFACE('',#19074,3.454698849917E0,1.E0);
#19077=ORIENTED_EDGE('',*,*,#19076,.T.);
#19078=ORIENTED_EDGE('',*,*,#19066,.F.);
#19079=ORIENTED_EDGE('',*,*,#18900,.T.);
#19081=ORIENTED_EDGE('',*,*,#19080,.T.);
#19082=EDGE_LOOP('',(#19077,#19078,#19079,#19081));
#19083=FACE_OUTER_BOUND('',#19082,.F.);
#19085=CARTESIAN_POINT('',(1.05E1,-1.35E1,-5.245301150724E0));
#19086=DIRECTION('',(0.E0,0.E0,1.E0));
#19087=DIRECTION('',(0.E0,-1.E0,0.E0));
#19088=AXIS2_PLACEMENT_3D('',#19085,#19086,#19087);
#19089=CONICAL_SURFACE('',#19088,3.354698849276E0,4.5E1);
#19090=ORIENTED_EDGE('',*,*,#18979,.T.);
#19091=ORIENTED_EDGE('',*,*,#19053,.T.);
#19092=ORIENTED_EDGE('',*,*,#19076,.F.);
#19094=ORIENTED_EDGE('',*,*,#19093,.F.);
#19095=EDGE_LOOP('',(#19090,#19091,#19092,#19094));
#19096=FACE_OUTER_BOUND('',#19095,.F.);
#19098=CARTESIAN_POINT('',(1.39E1,2.5E-1,-5.2E0));
#19099=DIRECTION('',(7.071067811865E-1,0.E0,-7.071067811865E-1));
#19100=DIRECTION('',(7.071067811865E-1,0.E0,7.071067811865E-1));
#19101=AXIS2_PLACEMENT_3D('',#19098,#19099,#19100);
#19102=PLANE('',#19101);
#19103=ORIENTED_EDGE('',*,*,#18981,.T.);
#19104=ORIENTED_EDGE('',*,*,#19093,.T.);
#19106=ORIENTED_EDGE('',*,*,#19105,.F.);
#19108=ORIENTED_EDGE('',*,*,#19107,.F.);
#19109=EDGE_LOOP('',(#19103,#19104,#19106,#19108));
#19110=FACE_OUTER_BOUND('',#19109,.F.);
#19112=CARTESIAN_POINT('',(1.4E1,-1.856593741703E1,0.E0));
#19113=DIRECTION('',(9.998476951564E-1,0.E0,-1.745240643728E-2));
#19114=DIRECTION('',(0.E0,1.E0,0.E0));
#19115=AXIS2_PLACEMENT_3D('',#19112,#19113,#19114);
#19116=PLANE('',#19115);
#19117=ORIENTED_EDGE('',*,*,#19105,.T.);
#19118=ORIENTED_EDGE('',*,*,#19080,.F.);
#19119=ORIENTED_EDGE('',*,*,#18898,.F.);
#19121=ORIENTED_EDGE('',*,*,#19120,.T.);
#19122=EDGE_LOOP('',(#19117,#19118,#19119,#19121));
#19123=FACE_OUTER_BOUND('',#19122,.F.);
#19125=CARTESIAN_POINT('',(1.05E1,1.4E1,-2.595301150083E0));
#19126=DIRECTION('',(0.E0,0.E0,1.E0));
#19127=DIRECTION('',(0.E0,-1.E0,0.E0));
#19128=AXIS2_PLACEMENT_3D('',#19125,#19126,#19127);
#19129=CONICAL_SURFACE('',#19128,3.454698849917E0,1.E0);
#19131=ORIENTED_EDGE('',*,*,#19130,.T.);
#19132=ORIENTED_EDGE('',*,*,#19120,.F.);
#19133=ORIENTED_EDGE('',*,*,#18896,.T.);
#19135=ORIENTED_EDGE('',*,*,#19134,.T.);
#19136=EDGE_LOOP('',(#19131,#19132,#19133,#19135));
#19137=FACE_OUTER_BOUND('',#19136,.F.);
#19139=CARTESIAN_POINT('',(1.05E1,1.4E1,-5.245301150724E0));
#19140=DIRECTION('',(0.E0,0.E0,1.E0));
#19141=DIRECTION('',(0.E0,-1.E0,0.E0));
#19142=AXIS2_PLACEMENT_3D('',#19139,#19140,#19141);
#19143=CONICAL_SURFACE('',#19142,3.354698849276E0,4.5E1);
#19144=ORIENTED_EDGE('',*,*,#18983,.T.);
#19145=ORIENTED_EDGE('',*,*,#19107,.T.);
#19146=ORIENTED_EDGE('',*,*,#19130,.F.);
#19148=ORIENTED_EDGE('',*,*,#19147,.F.);
#19149=EDGE_LOOP('',(#19144,#19145,#19146,#19148));
#19150=FACE_OUTER_BOUND('',#19149,.F.);
#19152=CARTESIAN_POINT('',(0.E0,1.74E1,-5.2E0));
#19153=DIRECTION('',(0.E0,7.071067811865E-1,-7.071067811866E-1));
#19154=DIRECTION('',(0.E0,7.071067811866E-1,7.071067811865E-1));
#19155=AXIS2_PLACEMENT_3D('',#19152,#19153,#19154);
#19156=PLANE('',#19155);
#19157=ORIENTED_EDGE('',*,*,#18985,.T.);
#19158=ORIENTED_EDGE('',*,*,#19147,.T.);
#19160=ORIENTED_EDGE('',*,*,#19159,.F.);
#19161=ORIENTED_EDGE('',*,*,#18959,.F.);
#19162=EDGE_LOOP('',(#19157,#19158,#19160,#19161));
#19163=FACE_OUTER_BOUND('',#19162,.F.);
#19165=CARTESIAN_POINT('',(1.556593741703E1,1.75E1,0.E0));
#19166=DIRECTION('',(0.E0,9.998476951564E-1,-1.745240643728E-2));
#19167=DIRECTION('',(-1.E0,0.E0,0.E0));
#19168=AXIS2_PLACEMENT_3D('',#19165,#19166,#19167);
#19169=PLANE('',#19168);
#19170=ORIENTED_EDGE('',*,*,#19159,.T.);
#19171=ORIENTED_EDGE('',*,*,#19134,.F.);
#19172=ORIENTED_EDGE('',*,*,#18894,.F.);
#19173=ORIENTED_EDGE('',*,*,#18944,.T.);
#19174=EDGE_LOOP('',(#19170,#19171,#19172,#19173));
#19175=FACE_OUTER_BOUND('',#19174,.F.);
#19177=CARTESIAN_POINT('',(-1.05E1,1.4E1,0.E0));
#19178=DIRECTION('',(0.E0,0.E0,1.E0));
#19179=DIRECTION('',(1.E0,0.E0,0.E0));
#19180=AXIS2_PLACEMENT_3D('',#19177,#19178,#19179);
#19181=CYLINDRICAL_SURFACE('',#19180,3.E0);
#19182=ORIENTED_EDGE('',*,*,#18910,.F.);
#19184=ORIENTED_EDGE('',*,*,#19183,.T.);
#19186=ORIENTED_EDGE('',*,*,#19185,.T.);
#19188=ORIENTED_EDGE('',*,*,#19187,.F.);
#19189=EDGE_LOOP('',(#19182,#19184,#19186,#19188));
#19190=FACE_OUTER_BOUND('',#19189,.F.);
#19192=CARTESIAN_POINT('',(1.05E1,1.7E1,0.E0));
#19193=DIRECTION('',(0.E0,1.E0,0.E0));
#19194=DIRECTION('',(-1.E0,0.E0,0.E0));
#19195=AXIS2_PLACEMENT_3D('',#19192,#19193,#19194);
#19196=PLANE('',#19195);
#19197=ORIENTED_EDGE('',*,*,#18932,.F.);
#19199=ORIENTED_EDGE('',*,*,#19198,.T.);
#19201=ORIENTED_EDGE('',*,*,#19200,.T.);
#19202=ORIENTED_EDGE('',*,*,#19183,.F.);
#19203=EDGE_LOOP('',(#19197,#19199,#19201,#19202));
#19204=FACE_OUTER_BOUND('',#19203,.F.);
#19206=CARTESIAN_POINT('',(1.05E1,1.4E1,0.E0));
#19207=DIRECTION('',(0.E0,0.E0,1.E0));
#19208=DIRECTION('',(1.E0,0.E0,0.E0));
#19209=AXIS2_PLACEMENT_3D('',#19206,#19207,#19208);
#19210=CYLINDRICAL_SURFACE('',#19209,3.E0);
#19211=ORIENTED_EDGE('',*,*,#18930,.F.);
#19213=ORIENTED_EDGE('',*,*,#19212,.T.);
#19215=ORIENTED_EDGE('',*,*,#19214,.T.);
#19216=ORIENTED_EDGE('',*,*,#19198,.F.);
#19217=EDGE_LOOP('',(#19211,#19213,#19215,#19216));
#19218=FACE_OUTER_BOUND('',#19217,.F.);
#19220=CARTESIAN_POINT('',(1.35E1,-1.35E1,0.E0));
#19221=DIRECTION('',(1.E0,0.E0,0.E0));
#19222=DIRECTION('',(0.E0,1.E0,0.E0));
#19223=AXIS2_PLACEMENT_3D('',#19220,#19221,#19222);
#19224=PLANE('',#19223);
#19225=ORIENTED_EDGE('',*,*,#18928,.F.);
#19227=ORIENTED_EDGE('',*,*,#19226,.T.);
#19229=ORIENTED_EDGE('',*,*,#19228,.T.);
#19230=ORIENTED_EDGE('',*,*,#19212,.F.);
#19231=EDGE_LOOP('',(#19225,#19227,#19229,#19230));
#19232=FACE_OUTER_BOUND('',#19231,.F.);
#19234=CARTESIAN_POINT('',(1.05E1,-1.35E1,0.E0));
#19235=DIRECTION('',(0.E0,0.E0,1.E0));
#19236=DIRECTION('',(1.E0,0.E0,0.E0));
#19237=AXIS2_PLACEMENT_3D('',#19234,#19235,#19236);
#19238=CYLINDRICAL_SURFACE('',#19237,3.E0);
#19239=ORIENTED_EDGE('',*,*,#18926,.F.);
#19241=ORIENTED_EDGE('',*,*,#19240,.T.);
#19243=ORIENTED_EDGE('',*,*,#19242,.T.);
#19244=ORIENTED_EDGE('',*,*,#19226,.F.);
#19245=EDGE_LOOP('',(#19239,#19241,#19243,#19244));
#19246=FACE_OUTER_BOUND('',#19245,.F.);
#19248=CARTESIAN_POINT('',(5.075E0,-1.65E1,0.E0));
#19249=DIRECTION('',(0.E0,-1.E0,0.E0));
#19250=DIRECTION('',(1.E0,0.E0,0.E0));
#19251=AXIS2_PLACEMENT_3D('',#19248,#19249,#19250);
#19252=PLANE('',#19251);
#19253=ORIENTED_EDGE('',*,*,#18924,.F.);
#19255=ORIENTED_EDGE('',*,*,#19254,.T.);
#19257=ORIENTED_EDGE('',*,*,#19256,.T.);
#19258=ORIENTED_EDGE('',*,*,#19240,.F.);
#19259=EDGE_LOOP('',(#19253,#19255,#19257,#19258));
#19260=FACE_OUTER_BOUND('',#19259,.F.);
#19262=CARTESIAN_POINT('',(5.075E0,-1.58E1,0.E0));
#19263=DIRECTION('',(-1.E0,0.E0,0.E0));
#19264=DIRECTION('',(0.E0,-1.E0,0.E0));
#19265=AXIS2_PLACEMENT_3D('',#19262,#19263,#19264);
#19266=PLANE('',#19265);
#19267=ORIENTED_EDGE('',*,*,#18922,.F.);
#19269=ORIENTED_EDGE('',*,*,#19268,.T.);
#19271=ORIENTED_EDGE('',*,*,#19270,.T.);
#19272=ORIENTED_EDGE('',*,*,#19254,.F.);
#19273=EDGE_LOOP('',(#19267,#19269,#19271,#19272));
#19274=FACE_OUTER_BOUND('',#19273,.F.);
#19276=CARTESIAN_POINT('',(-1.556593741703E1,-1.58E1,8.E-1));
#19277=DIRECTION('',(0.E0,-9.993908270191E-1,-3.489949670250E-2));
#19278=DIRECTION('',(1.E0,0.E0,0.E0));
#19279=AXIS2_PLACEMENT_3D('',#19276,#19277,#19278);
#19280=PLANE('',#19279);
#19282=ORIENTED_EDGE('',*,*,#19281,.T.);
#19284=ORIENTED_EDGE('',*,*,#19283,.T.);
#19285=ORIENTED_EDGE('',*,*,#19268,.F.);
#19286=ORIENTED_EDGE('',*,*,#18920,.F.);
#19288=ORIENTED_EDGE('',*,*,#19287,.T.);
#19290=ORIENTED_EDGE('',*,*,#19289,.T.);
#19292=ORIENTED_EDGE('',*,*,#19291,.F.);
#19294=ORIENTED_EDGE('',*,*,#19293,.F.);
#19295=EDGE_LOOP('',(#19282,#19284,#19285,#19286,#19288,#19290,#19292,#19294));
#19296=FACE_OUTER_BOUND('',#19295,.F.);
#19298=CARTESIAN_POINT('',(1.05E1,-1.35E1,-1.65E0));
#19299=DIRECTION('',(0.E0,0.E0,1.E0));
#19300=DIRECTION('',(-1.E0,0.E0,0.E0));
#19301=AXIS2_PLACEMENT_3D('',#19298,#19299,#19300);
#19302=CONICAL_SURFACE('',#19301,2.214444114745E0,2.E0);
#19304=ORIENTED_EDGE('',*,*,#19303,.F.);
#19306=ORIENTED_EDGE('',*,*,#19305,.T.);
#19308=ORIENTED_EDGE('',*,*,#19307,.F.);
#19310=ORIENTED_EDGE('',*,*,#19309,.T.);
#19312=ORIENTED_EDGE('',*,*,#19311,.T.);
#19313=ORIENTED_EDGE('',*,*,#19281,.F.);
#19315=ORIENTED_EDGE('',*,*,#19314,.F.);
#19317=ORIENTED_EDGE('',*,*,#19316,.F.);
#19318=EDGE_LOOP('',(#19304,#19306,#19308,#19310,#19312,#19313,#19315,#19317));
#19319=FACE_OUTER_BOUND('',#19318,.F.);
#19321=CARTESIAN_POINT('',(0.E0,0.E0,-1.4E0));
#19322=DIRECTION('',(0.E0,0.E0,1.E0));
#19323=DIRECTION('',(1.E0,0.E0,0.E0));
#19324=AXIS2_PLACEMENT_3D('',#19321,#19322,#19323);
#19325=PLANE('',#19324);
#19327=ORIENTED_EDGE('',*,*,#19326,.T.);
#19329=ORIENTED_EDGE('',*,*,#19328,.F.);
#19331=ORIENTED_EDGE('',*,*,#19330,.F.);
#19333=ORIENTED_EDGE('',*,*,#19332,.F.);
#19335=ORIENTED_EDGE('',*,*,#19334,.F.);
#19337=ORIENTED_EDGE('',*,*,#19336,.F.);
#19339=ORIENTED_EDGE('',*,*,#19338,.F.);
#19341=ORIENTED_EDGE('',*,*,#19340,.F.);
#19343=ORIENTED_EDGE('',*,*,#19342,.F.);
#19345=ORIENTED_EDGE('',*,*,#19344,.F.);
#19347=ORIENTED_EDGE('',*,*,#19346,.F.);
#19349=ORIENTED_EDGE('',*,*,#19348,.F.);
#19350=EDGE_LOOP('',(#19327,#19329,#19331,#19333,#19335,#19337,#19339,#19341,
#19343,#19345,#19347,#19349));
#19351=FACE_OUTER_BOUND('',#19350,.F.);
#19353=ORIENTED_EDGE('',*,*,#19352,.T.);
#19355=ORIENTED_EDGE('',*,*,#19354,.T.);
#19356=EDGE_LOOP('',(#19353,#19355));
#19357=FACE_BOUND('',#19356,.F.);
#19359=CARTESIAN_POINT('',(0.E0,0.E0,-1.4E0));
#19360=DIRECTION('',(0.E0,0.E0,1.E0));
#19361=DIRECTION('',(1.E0,0.E0,0.E0));
#19362=AXIS2_PLACEMENT_3D('',#19359,#19360,#19361);
#19363=PLANE('',#19362);
#19364=ORIENTED_EDGE('',*,*,#19303,.T.);
#19366=ORIENTED_EDGE('',*,*,#19365,.F.);
#19368=ORIENTED_EDGE('',*,*,#19367,.F.);
#19370=ORIENTED_EDGE('',*,*,#19369,.F.);
#19372=ORIENTED_EDGE('',*,*,#19371,.F.);
#19374=ORIENTED_EDGE('',*,*,#19373,.F.);
#19376=ORIENTED_EDGE('',*,*,#19375,.F.);
#19378=ORIENTED_EDGE('',*,*,#19377,.F.);
#19380=ORIENTED_EDGE('',*,*,#19379,.F.);
#19382=ORIENTED_EDGE('',*,*,#19381,.F.);
#19384=ORIENTED_EDGE('',*,*,#19383,.F.);
#19386=ORIENTED_EDGE('',*,*,#19385,.F.);
#19387=EDGE_LOOP('',(#19364,#19366,#19368,#19370,#19372,#19374,#19376,#19378,
#19380,#19382,#19384,#19386));
#19388=FACE_OUTER_BOUND('',#19387,.F.);
#19390=ORIENTED_EDGE('',*,*,#19389,.T.);
#19392=ORIENTED_EDGE('',*,*,#19391,.T.);
#19393=EDGE_LOOP('',(#19390,#19392));
#19394=FACE_BOUND('',#19393,.F.);
#19396=CARTESIAN_POINT('',(-1.05E1,-1.35E1,-1.65E0));
#19397=DIRECTION('',(0.E0,0.E0,1.E0));
#19398=DIRECTION('',(0.E0,1.E0,0.E0));
#19399=AXIS2_PLACEMENT_3D('',#19396,#19397,#19398);
#19400=CONICAL_SURFACE('',#19399,2.214444114745E0,2.E0);
#19401=ORIENTED_EDGE('',*,*,#19326,.F.);
#19403=ORIENTED_EDGE('',*,*,#19402,.T.);
#19405=ORIENTED_EDGE('',*,*,#19404,.F.);
#19406=ORIENTED_EDGE('',*,*,#19291,.T.);
#19408=ORIENTED_EDGE('',*,*,#19407,.T.);
#19410=ORIENTED_EDGE('',*,*,#19409,.F.);
#19412=ORIENTED_EDGE('',*,*,#19411,.F.);
#19414=ORIENTED_EDGE('',*,*,#19413,.F.);
#19415=EDGE_LOOP('',(#19401,#19403,#19405,#19406,#19408,#19410,#19412,#19414));
#19416=FACE_OUTER_BOUND('',#19415,.F.);
#19418=CARTESIAN_POINT('',(-1.234350288425E1,-1.526776695297E1,-4.1E0));
#19419=DIRECTION('',(7.071067811865E-1,-7.071067811865E-1,0.E0));
#19420=DIRECTION('',(7.071067811865E-1,7.071067811865E-1,0.E0));
#19421=AXIS2_PLACEMENT_3D('',#19418,#19419,#19420);
#19422=PLANE('',#19421);
#19424=ORIENTED_EDGE('',*,*,#19423,.F.);
#19425=ORIENTED_EDGE('',*,*,#19402,.F.);
#19426=ORIENTED_EDGE('',*,*,#19348,.T.);
#19428=ORIENTED_EDGE('',*,*,#19427,.F.);
#19429=EDGE_LOOP('',(#19424,#19425,#19426,#19428));
#19430=FACE_OUTER_BOUND('',#19429,.F.);
#19432=CARTESIAN_POINT('',(0.E0,0.E0,-4.1E0));
#19433=DIRECTION('',(0.E0,0.E0,1.E0));
#19434=DIRECTION('',(1.E0,0.E0,0.E0));
#19435=AXIS2_PLACEMENT_3D('',#19432,#19433,#19434);
#19436=PLANE('',#19435);
#19438=ORIENTED_EDGE('',*,*,#19437,.T.);
#19440=ORIENTED_EDGE('',*,*,#19439,.T.);
#19442=ORIENTED_EDGE('',*,*,#19441,.F.);
#19444=ORIENTED_EDGE('',*,*,#19443,.T.);
#19446=ORIENTED_EDGE('',*,*,#19445,.T.);
#19448=ORIENTED_EDGE('',*,*,#19447,.T.);
#19450=ORIENTED_EDGE('',*,*,#19449,.T.);
#19452=ORIENTED_EDGE('',*,*,#19451,.T.);
#19454=ORIENTED_EDGE('',*,*,#19453,.F.);
#19456=ORIENTED_EDGE('',*,*,#19455,.T.);
#19458=ORIENTED_EDGE('',*,*,#19457,.T.);
#19460=ORIENTED_EDGE('',*,*,#19459,.T.);
#19462=ORIENTED_EDGE('',*,*,#19461,.F.);
#19464=ORIENTED_EDGE('',*,*,#19463,.T.);
#19466=ORIENTED_EDGE('',*,*,#19465,.T.);
#19468=ORIENTED_EDGE('',*,*,#19467,.T.);
#19470=ORIENTED_EDGE('',*,*,#19469,.T.);
#19472=ORIENTED_EDGE('',*,*,#19471,.T.);
#19474=ORIENTED_EDGE('',*,*,#19473,.F.);
#19476=ORIENTED_EDGE('',*,*,#19475,.T.);
#19478=ORIENTED_EDGE('',*,*,#19477,.F.);
#19480=ORIENTED_EDGE('',*,*,#19479,.T.);
#19482=ORIENTED_EDGE('',*,*,#19481,.T.);
#19484=ORIENTED_EDGE('',*,*,#19483,.T.);
#19485=ORIENTED_EDGE('',*,*,#19307,.T.);
#19487=ORIENTED_EDGE('',*,*,#19486,.T.);
#19489=ORIENTED_EDGE('',*,*,#19488,.T.);
#19491=ORIENTED_EDGE('',*,*,#19490,.T.);
#19493=ORIENTED_EDGE('',*,*,#19492,.T.);
#19495=ORIENTED_EDGE('',*,*,#19494,.T.);
#19497=ORIENTED_EDGE('',*,*,#19496,.T.);
#19499=ORIENTED_EDGE('',*,*,#19498,.T.);
#19501=ORIENTED_EDGE('',*,*,#19500,.T.);
#19503=ORIENTED_EDGE('',*,*,#19502,.T.);
#19505=ORIENTED_EDGE('',*,*,#19504,.T.);
#19507=ORIENTED_EDGE('',*,*,#19506,.T.);
#19508=ORIENTED_EDGE('',*,*,#19314,.T.);
#19509=ORIENTED_EDGE('',*,*,#19293,.T.);
#19510=ORIENTED_EDGE('',*,*,#19404,.T.);
#19511=ORIENTED_EDGE('',*,*,#19423,.T.);
#19513=ORIENTED_EDGE('',*,*,#19512,.T.);
#19515=ORIENTED_EDGE('',*,*,#19514,.T.);
#19517=ORIENTED_EDGE('',*,*,#19516,.T.);
#19519=ORIENTED_EDGE('',*,*,#19518,.T.);
#19521=ORIENTED_EDGE('',*,*,#19520,.T.);
#19523=ORIENTED_EDGE('',*,*,#19522,.T.);
#19525=ORIENTED_EDGE('',*,*,#19524,.T.);
#19527=ORIENTED_EDGE('',*,*,#19526,.T.);
#19529=ORIENTED_EDGE('',*,*,#19528,.T.);
#19531=ORIENTED_EDGE('',*,*,#19530,.T.);
#19532=ORIENTED_EDGE('',*,*,#19411,.T.);
#19534=ORIENTED_EDGE('',*,*,#19533,.T.);
#19535=EDGE_LOOP('',(#19438,#19440,#19442,#19444,#19446,#19448,#19450,#19452,
#19454,#19456,#19458,#19460,#19462,#19464,#19466,#19468,#19470,#19472,#19474,
#19476,#19478,#19480,#19482,#19484,#19485,#19487,#19489,#19491,#19493,#19495,
#19497,#19499,#19501,#19503,#19505,#19507,#19508,#19509,#19510,#19511,#19513,
#19515,#19517,#19519,#19521,#19523,#19525,#19527,#19529,#19531,#19532,#19534));
#19536=FACE_OUTER_BOUND('',#19535,.F.);
#19538=CARTESIAN_POINT('',(-1.28E1,2.8E0,-4.1E0));
#19539=DIRECTION('',(0.E0,-1.E0,0.E0));
#19540=DIRECTION('',(1.E0,0.E0,0.E0));
#19541=AXIS2_PLACEMENT_3D('',#19538,#19539,#19540);
#19542=PLANE('',#19541);
#19543=ORIENTED_EDGE('',*,*,#19437,.F.);
#19545=ORIENTED_EDGE('',*,*,#19544,.T.);
#19547=ORIENTED_EDGE('',*,*,#19546,.T.);
#19549=ORIENTED_EDGE('',*,*,#19548,.T.);
#19550=EDGE_LOOP('',(#19543,#19545,#19547,#19549));
#19551=FACE_OUTER_BOUND('',#19550,.F.);
#19553=CARTESIAN_POINT('',(-1.28E1,1.906593741703E1,8.E-1));
#19554=DIRECTION('',(-9.993908270191E-1,0.E0,-3.489949670250E-2));
#19555=DIRECTION('',(0.E0,-1.E0,0.E0));
#19556=AXIS2_PLACEMENT_3D('',#19553,#19554,#19555);
#19557=PLANE('',#19556);
#19558=ORIENTED_EDGE('',*,*,#19544,.F.);
#19559=ORIENTED_EDGE('',*,*,#19533,.F.);
#19560=ORIENTED_EDGE('',*,*,#19409,.T.);
#19562=ORIENTED_EDGE('',*,*,#19561,.T.);
#19564=ORIENTED_EDGE('',*,*,#19563,.T.);
#19565=ORIENTED_EDGE('',*,*,#19443,.F.);
#19567=ORIENTED_EDGE('',*,*,#19566,.T.);
#19569=ORIENTED_EDGE('',*,*,#19568,.T.);
#19570=EDGE_LOOP('',(#19558,#19559,#19560,#19562,#19564,#19565,#19567,#19569));
#19571=FACE_OUTER_BOUND('',#19570,.F.);
#19573=CARTESIAN_POINT('',(0.E0,0.E0,8.E-1));
#19574=DIRECTION('',(0.E0,0.E0,1.E0));
#19575=DIRECTION('',(1.E0,0.E0,0.E0));
#19576=AXIS2_PLACEMENT_3D('',#19573,#19574,#19575);
#19577=PLANE('',#19576);
#19579=ORIENTED_EDGE('',*,*,#19578,.F.);
#19580=ORIENTED_EDGE('',*,*,#19561,.F.);
#19581=ORIENTED_EDGE('',*,*,#19407,.F.);
#19582=ORIENTED_EDGE('',*,*,#19289,.F.);
#19584=ORIENTED_EDGE('',*,*,#19583,.F.);
#19586=ORIENTED_EDGE('',*,*,#19585,.F.);
#19588=ORIENTED_EDGE('',*,*,#19587,.F.);
#19590=ORIENTED_EDGE('',*,*,#19589,.F.);
#19591=ORIENTED_EDGE('',*,*,#19185,.F.);
#19592=ORIENTED_EDGE('',*,*,#19200,.F.);
#19593=ORIENTED_EDGE('',*,*,#19214,.F.);
#19594=ORIENTED_EDGE('',*,*,#19228,.F.);
#19595=ORIENTED_EDGE('',*,*,#19242,.F.);
#19596=ORIENTED_EDGE('',*,*,#19256,.F.);
#19597=ORIENTED_EDGE('',*,*,#19270,.F.);
#19598=ORIENTED_EDGE('',*,*,#19283,.F.);
#19599=ORIENTED_EDGE('',*,*,#19311,.F.);
#19601=ORIENTED_EDGE('',*,*,#19600,.F.);
#19603=ORIENTED_EDGE('',*,*,#19602,.F.);
#19605=ORIENTED_EDGE('',*,*,#19604,.F.);
#19606=EDGE_LOOP('',(#19579,#19580,#19581,#19582,#19584,#19586,#19588,#19590,
#19591,#19592,#19593,#19594,#19595,#19596,#19597,#19598,#19599,#19601,#19603,
#19605));
#19607=FACE_OUTER_BOUND('',#19606,.F.);
#19609=ORIENTED_EDGE('',*,*,#19608,.T.);
#19611=ORIENTED_EDGE('',*,*,#19610,.T.);
#19613=ORIENTED_EDGE('',*,*,#19612,.T.);
#19615=ORIENTED_EDGE('',*,*,#19614,.T.);
#19616=EDGE_LOOP('',(#19609,#19611,#19613,#19615));
#19617=FACE_BOUND('',#19616,.F.);
#19619=ORIENTED_EDGE('',*,*,#19618,.T.);
#19621=ORIENTED_EDGE('',*,*,#19620,.T.);
#19623=ORIENTED_EDGE('',*,*,#19622,.T.);
#19625=ORIENTED_EDGE('',*,*,#19624,.T.);
#19626=EDGE_LOOP('',(#19619,#19621,#19623,#19625));
#19627=FACE_BOUND('',#19626,.F.);
#19629=ORIENTED_EDGE('',*,*,#19628,.T.);
#19631=ORIENTED_EDGE('',*,*,#19630,.T.);
#19633=ORIENTED_EDGE('',*,*,#19632,.T.);
#19635=ORIENTED_EDGE('',*,*,#19634,.T.);
#19636=EDGE_LOOP('',(#19629,#19631,#19633,#19635));
#19637=FACE_BOUND('',#19636,.F.);
#19639=ORIENTED_EDGE('',*,*,#19638,.T.);
#19641=ORIENTED_EDGE('',*,*,#19640,.T.);
#19643=ORIENTED_EDGE('',*,*,#19642,.T.);
#19645=ORIENTED_EDGE('',*,*,#19644,.T.);
#19646=EDGE_LOOP('',(#19639,#19641,#19643,#19645));
#19647=FACE_BOUND('',#19646,.F.);
#19649=ORIENTED_EDGE('',*,*,#19648,.T.);
#19651=ORIENTED_EDGE('',*,*,#19650,.T.);
#19653=ORIENTED_EDGE('',*,*,#19652,.T.);
#19655=ORIENTED_EDGE('',*,*,#19654,.T.);
#19656=EDGE_LOOP('',(#19649,#19651,#19653,#19655));
#19657=FACE_BOUND('',#19656,.F.);
#19659=ORIENTED_EDGE('',*,*,#19658,.T.);
#19661=ORIENTED_EDGE('',*,*,#19660,.T.);
#19663=ORIENTED_EDGE('',*,*,#19662,.T.);
#19665=ORIENTED_EDGE('',*,*,#19664,.T.);
#19666=EDGE_LOOP('',(#19659,#19661,#19663,#19665));
#19667=FACE_BOUND('',#19666,.F.);
#19669=ORIENTED_EDGE('',*,*,#19668,.T.);
#19671=ORIENTED_EDGE('',*,*,#19670,.T.);
#19673=ORIENTED_EDGE('',*,*,#19672,.T.);
#19675=ORIENTED_EDGE('',*,*,#19674,.T.);
#19676=EDGE_LOOP('',(#19669,#19671,#19673,#19675));
#19677=FACE_BOUND('',#19676,.F.);
#19679=ORIENTED_EDGE('',*,*,#19678,.T.);
#19681=ORIENTED_EDGE('',*,*,#19680,.T.);
#19683=ORIENTED_EDGE('',*,*,#19682,.T.);
#19685=ORIENTED_EDGE('',*,*,#19684,.T.);
#19686=EDGE_LOOP('',(#19679,#19681,#19683,#19685));
#19687=FACE_BOUND('',#19686,.F.);
#19689=ORIENTED_EDGE('',*,*,#19688,.T.);
#19691=ORIENTED_EDGE('',*,*,#19690,.T.);
#19693=ORIENTED_EDGE('',*,*,#19692,.T.);
#19695=ORIENTED_EDGE('',*,*,#19694,.T.);
#19696=EDGE_LOOP('',(#19689,#19691,#19693,#19695));
#19697=FACE_BOUND('',#19696,.F.);
#19699=ORIENTED_EDGE('',*,*,#19698,.T.);
#19701=ORIENTED_EDGE('',*,*,#19700,.T.);
#19703=ORIENTED_EDGE('',*,*,#19702,.T.);
#19705=ORIENTED_EDGE('',*,*,#19704,.T.);
#19706=EDGE_LOOP('',(#19699,#19701,#19703,#19705));
#19707=FACE_BOUND('',#19706,.F.);
#19709=ORIENTED_EDGE('',*,*,#19708,.T.);
#19711=ORIENTED_EDGE('',*,*,#19710,.T.);
#19713=ORIENTED_EDGE('',*,*,#19712,.T.);
#19715=ORIENTED_EDGE('',*,*,#19714,.T.);
#19716=EDGE_LOOP('',(#19709,#19711,#19713,#19715));
#19717=FACE_BOUND('',#19716,.F.);
#19719=ORIENTED_EDGE('',*,*,#19718,.T.);
#19721=ORIENTED_EDGE('',*,*,#19720,.T.);
#19723=ORIENTED_EDGE('',*,*,#19722,.T.);
#19725=ORIENTED_EDGE('',*,*,#19724,.T.);
#19726=EDGE_LOOP('',(#19719,#19721,#19723,#19725));
#19727=FACE_BOUND('',#19726,.F.);
#19729=CARTESIAN_POINT('',(-1.05E1,1.4E1,-1.65E0));
#19730=DIRECTION('',(0.E0,0.E0,1.E0));
#19731=DIRECTION('',(1.E0,0.E0,0.E0));
#19732=AXIS2_PLACEMENT_3D('',#19729,#19730,#19731);
#19733=CONICAL_SURFACE('',#19732,2.214444114745E0,2.E0);
#19734=ORIENTED_EDGE('',*,*,#19563,.F.);
#19735=ORIENTED_EDGE('',*,*,#19578,.T.);
#19737=ORIENTED_EDGE('',*,*,#19736,.F.);
#19738=ORIENTED_EDGE('',*,*,#19445,.F.);
#19739=EDGE_LOOP('',(#19734,#19735,#19737,#19738));
#19740=FACE_OUTER_BOUND('',#19739,.F.);
#19742=CARTESIAN_POINT('',(1.556593741703E1,1.63E1,8.E-1));
#19743=DIRECTION('',(0.E0,9.993908270191E-1,-3.489949670250E-2));
#19744=DIRECTION('',(-1.E0,0.E0,0.E0));
#19745=AXIS2_PLACEMENT_3D('',#19742,#19743,#19744);
#19746=PLANE('',#19745);
#19748=ORIENTED_EDGE('',*,*,#19747,.F.);
#19749=ORIENTED_EDGE('',*,*,#19455,.F.);
#19751=ORIENTED_EDGE('',*,*,#19750,.T.);
#19753=ORIENTED_EDGE('',*,*,#19752,.T.);
#19755=ORIENTED_EDGE('',*,*,#19754,.F.);
#19756=ORIENTED_EDGE('',*,*,#19447,.F.);
#19757=ORIENTED_EDGE('',*,*,#19736,.T.);
#19758=ORIENTED_EDGE('',*,*,#19604,.T.);
#19760=ORIENTED_EDGE('',*,*,#19759,.F.);
#19761=ORIENTED_EDGE('',*,*,#19463,.F.);
#19763=ORIENTED_EDGE('',*,*,#19762,.T.);
#19765=ORIENTED_EDGE('',*,*,#19764,.T.);
#19766=EDGE_LOOP('',(#19748,#19749,#19751,#19753,#19755,#19756,#19757,#19758,
#19760,#19761,#19763,#19765));
#19767=FACE_OUTER_BOUND('',#19766,.F.);
#19769=CARTESIAN_POINT('',(4.1E0,1.63E1,-4.1E0));
#19770=DIRECTION('',(-1.E0,0.E0,0.E0));
#19771=DIRECTION('',(0.E0,-1.E0,0.E0));
#19772=AXIS2_PLACEMENT_3D('',#19769,#19770,#19771);
#19773=PLANE('',#19772);
#19774=ORIENTED_EDGE('',*,*,#19457,.F.);
#19775=ORIENTED_EDGE('',*,*,#19747,.T.);
#19777=ORIENTED_EDGE('',*,*,#19776,.T.);
#19779=ORIENTED_EDGE('',*,*,#19778,.T.);
#19780=EDGE_LOOP('',(#19774,#19775,#19777,#19779));
#19781=FACE_OUTER_BOUND('',#19780,.F.);
#19783=CARTESIAN_POINT('',(0.E0,0.E0,-1.4E0));
#19784=DIRECTION('',(0.E0,0.E0,1.E0));
#19785=DIRECTION('',(0.E0,1.E0,0.E0));
#19786=AXIS2_PLACEMENT_3D('',#19783,#19784,#19785);
#19787=PLANE('',#19786);
#19788=ORIENTED_EDGE('',*,*,#19568,.F.);
#19790=ORIENTED_EDGE('',*,*,#19789,.F.);
#19792=ORIENTED_EDGE('',*,*,#19791,.T.);
#19793=ORIENTED_EDGE('',*,*,#19546,.F.);
#19794=EDGE_LOOP('',(#19788,#19790,#19792,#19793));
#19795=FACE_OUTER_BOUND('',#19794,.F.);
#19797=CARTESIAN_POINT('',(0.E0,0.E0,-1.4E0));
#19798=DIRECTION('',(0.E0,0.E0,1.E0));
#19799=DIRECTION('',(0.E0,1.E0,0.E0));
#19800=AXIS2_PLACEMENT_3D('',#19797,#19798,#19799);
#19801=PLANE('',#19800);
#19803=ORIENTED_EDGE('',*,*,#19802,.T.);
#19805=ORIENTED_EDGE('',*,*,#19804,.F.);
#19807=ORIENTED_EDGE('',*,*,#19806,.T.);
#19809=ORIENTED_EDGE('',*,*,#19808,.F.);
#19810=EDGE_LOOP('',(#19803,#19805,#19807,#19809));
#19811=FACE_OUTER_BOUND('',#19810,.F.);
#19813=CARTESIAN_POINT('',(0.E0,0.E0,-1.4E0));
#19814=DIRECTION('',(0.E0,0.E0,1.E0));
#19815=DIRECTION('',(0.E0,1.E0,0.E0));
#19816=AXIS2_PLACEMENT_3D('',#19813,#19814,#19815);
#19817=PLANE('',#19816);
#19819=ORIENTED_EDGE('',*,*,#19818,.T.);
#19821=ORIENTED_EDGE('',*,*,#19820,.F.);
#19823=ORIENTED_EDGE('',*,*,#19822,.T.);
#19825=ORIENTED_EDGE('',*,*,#19824,.F.);
#19826=EDGE_LOOP('',(#19819,#19821,#19823,#19825));
#19827=FACE_OUTER_BOUND('',#19826,.F.);
#19829=CARTESIAN_POINT('',(0.E0,0.E0,-1.4E0));
#19830=DIRECTION('',(0.E0,0.E0,1.E0));
#19831=DIRECTION('',(0.E0,1.E0,0.E0));
#19832=AXIS2_PLACEMENT_3D('',#19829,#19830,#19831);
#19833=PLANE('',#19832);
#19834=ORIENTED_EDGE('',*,*,#19764,.F.);
#19836=ORIENTED_EDGE('',*,*,#19835,.F.);
#19838=ORIENTED_EDGE('',*,*,#19837,.T.);
#19839=ORIENTED_EDGE('',*,*,#19776,.F.);
#19840=EDGE_LOOP('',(#19834,#19836,#19838,#19839));
#19841=FACE_OUTER_BOUND('',#19840,.F.);
#19843=CARTESIAN_POINT('',(0.E0,0.E0,-1.4E0));
#19844=DIRECTION('',(0.E0,0.E0,1.E0));
#19845=DIRECTION('',(0.E0,1.E0,0.E0));
#19846=AXIS2_PLACEMENT_3D('',#19843,#19844,#19845);
#19847=PLANE('',#19846);
#19848=ORIENTED_EDGE('',*,*,#19752,.F.);
#19850=ORIENTED_EDGE('',*,*,#19849,.F.);
#19852=ORIENTED_EDGE('',*,*,#19851,.T.);
#19854=ORIENTED_EDGE('',*,*,#19853,.F.);
#19855=EDGE_LOOP('',(#19848,#19850,#19852,#19854));
#19856=FACE_OUTER_BOUND('',#19855,.F.);
#19858=CARTESIAN_POINT('',(-1.08E1,3.6E0,-4.1E0));
#19859=DIRECTION('',(0.E0,1.E0,0.E0));
#19860=DIRECTION('',(-1.E0,0.E0,0.E0));
#19861=AXIS2_PLACEMENT_3D('',#19858,#19859,#19860);
#19862=PLANE('',#19861);
#19863=ORIENTED_EDGE('',*,*,#19441,.T.);
#19865=ORIENTED_EDGE('',*,*,#19864,.F.);
#19866=ORIENTED_EDGE('',*,*,#19789,.T.);
#19867=ORIENTED_EDGE('',*,*,#19566,.F.);
#19868=EDGE_LOOP('',(#19863,#19865,#19866,#19867));
#19869=FACE_OUTER_BOUND('',#19868,.F.);
#19871=CARTESIAN_POINT('',(-1.08E1,2.8E0,-4.1E0));
#19872=DIRECTION('',(1.E0,0.E0,0.E0));
#19873=DIRECTION('',(0.E0,1.E0,0.E0));
#19874=AXIS2_PLACEMENT_3D('',#19871,#19872,#19873);
#19875=PLANE('',#19874);
#19876=ORIENTED_EDGE('',*,*,#19439,.F.);
#19877=ORIENTED_EDGE('',*,*,#19548,.F.);
#19878=ORIENTED_EDGE('',*,*,#19791,.F.);
#19879=ORIENTED_EDGE('',*,*,#19864,.T.);
#19880=EDGE_LOOP('',(#19876,#19877,#19878,#19879));
#19881=FACE_OUTER_BOUND('',#19880,.F.);
#19883=CARTESIAN_POINT('',(1.28E1,-1.856593741703E1,8.E-1));
#19884=DIRECTION('',(9.993908270191E-1,0.E0,-3.489949670250E-2));
#19885=DIRECTION('',(0.E0,1.E0,0.E0));
#19886=AXIS2_PLACEMENT_3D('',#19883,#19884,#19885);
#19887=PLANE('',#19886);
#19889=ORIENTED_EDGE('',*,*,#19888,.F.);
#19890=ORIENTED_EDGE('',*,*,#19467,.F.);
#19892=ORIENTED_EDGE('',*,*,#19891,.T.);
#19893=ORIENTED_EDGE('',*,*,#19600,.T.);
#19894=ORIENTED_EDGE('',*,*,#19309,.F.);
#19895=ORIENTED_EDGE('',*,*,#19483,.F.);
#19897=ORIENTED_EDGE('',*,*,#19896,.F.);
#19898=ORIENTED_EDGE('',*,*,#19818,.F.);
#19900=ORIENTED_EDGE('',*,*,#19899,.T.);
#19901=ORIENTED_EDGE('',*,*,#19475,.F.);
#19903=ORIENTED_EDGE('',*,*,#19902,.T.);
#19904=ORIENTED_EDGE('',*,*,#19802,.F.);
#19905=EDGE_LOOP('',(#19889,#19890,#19892,#19893,#19894,#19895,#19897,#19898,
#19900,#19901,#19903,#19904));
#19906=FACE_OUTER_BOUND('',#19905,.F.);
#19908=CARTESIAN_POINT('',(1.28E1,8.2E0,-4.1E0));
#19909=DIRECTION('',(0.E0,1.E0,0.E0));
#19910=DIRECTION('',(-1.E0,0.E0,0.E0));
#19911=AXIS2_PLACEMENT_3D('',#19908,#19909,#19910);
#19912=PLANE('',#19911);
#19913=ORIENTED_EDGE('',*,*,#19469,.F.);
#19914=ORIENTED_EDGE('',*,*,#19888,.T.);
#19915=ORIENTED_EDGE('',*,*,#19808,.T.);
#19917=ORIENTED_EDGE('',*,*,#19916,.T.);
#19918=EDGE_LOOP('',(#19913,#19914,#19915,#19917));
#19919=FACE_OUTER_BOUND('',#19918,.F.);
#19921=CARTESIAN_POINT('',(1.08E1,8.2E0,-4.1E0));
#19922=DIRECTION('',(-1.E0,0.E0,0.E0));
#19923=DIRECTION('',(0.E0,-1.E0,0.E0));
#19924=AXIS2_PLACEMENT_3D('',#19921,#19922,#19923);
#19925=PLANE('',#19924);
#19926=ORIENTED_EDGE('',*,*,#19471,.F.);
#19927=ORIENTED_EDGE('',*,*,#19916,.F.);
#19928=ORIENTED_EDGE('',*,*,#19806,.F.);
#19930=ORIENTED_EDGE('',*,*,#19929,.T.);
#19931=EDGE_LOOP('',(#19926,#19927,#19928,#19930));
#19932=FACE_OUTER_BOUND('',#19931,.F.);
#19934=CARTESIAN_POINT('',(1.08E1,7.4E0,-4.1E0));
#19935=DIRECTION('',(0.E0,-1.E0,0.E0));
#19936=DIRECTION('',(1.E0,0.E0,0.E0));
#19937=AXIS2_PLACEMENT_3D('',#19934,#19935,#19936);
#19938=PLANE('',#19937);
#19939=ORIENTED_EDGE('',*,*,#19473,.T.);
#19940=ORIENTED_EDGE('',*,*,#19929,.F.);
#19941=ORIENTED_EDGE('',*,*,#19804,.T.);
#19942=ORIENTED_EDGE('',*,*,#19902,.F.);
#19943=EDGE_LOOP('',(#19939,#19940,#19941,#19942));
#19944=FACE_OUTER_BOUND('',#19943,.F.);
#19946=CARTESIAN_POINT('',(1.05E1,1.4E1,-1.65E0));
#19947=DIRECTION('',(0.E0,0.E0,1.E0));
#19948=DIRECTION('',(0.E0,-1.E0,0.E0));
#19949=AXIS2_PLACEMENT_3D('',#19946,#19947,#19948);
#19950=CONICAL_SURFACE('',#19949,2.214444114745E0,2.E0);
#19951=ORIENTED_EDGE('',*,*,#19759,.T.);
#19952=ORIENTED_EDGE('',*,*,#19602,.T.);
#19953=ORIENTED_EDGE('',*,*,#19891,.F.);
#19954=ORIENTED_EDGE('',*,*,#19465,.F.);
#19955=EDGE_LOOP('',(#19951,#19952,#19953,#19954));
#19956=FACE_OUTER_BOUND('',#19955,.F.);
#19958=CARTESIAN_POINT('',(1.08E1,-7.2E0,-4.1E0));
#19959=DIRECTION('',(0.E0,-1.E0,0.E0));
#19960=DIRECTION('',(1.E0,0.E0,0.E0));
#19961=AXIS2_PLACEMENT_3D('',#19958,#19959,#19960);
#19962=PLANE('',#19961);
#19963=ORIENTED_EDGE('',*,*,#19481,.F.);
#19965=ORIENTED_EDGE('',*,*,#19964,.F.);
#19966=ORIENTED_EDGE('',*,*,#19820,.T.);
#19967=ORIENTED_EDGE('',*,*,#19896,.T.);
#19968=EDGE_LOOP('',(#19963,#19965,#19966,#19967));
#19969=FACE_OUTER_BOUND('',#19968,.F.);
#19971=CARTESIAN_POINT('',(1.08E1,-6.4E0,-4.1E0));
#19972=DIRECTION('',(-1.E0,0.E0,0.E0));
#19973=DIRECTION('',(0.E0,-1.E0,0.E0));
#19974=AXIS2_PLACEMENT_3D('',#19971,#19972,#19973);
#19975=PLANE('',#19974);
#19976=ORIENTED_EDGE('',*,*,#19479,.F.);
#19978=ORIENTED_EDGE('',*,*,#19977,.F.);
#19979=ORIENTED_EDGE('',*,*,#19822,.F.);
#19980=ORIENTED_EDGE('',*,*,#19964,.T.);
#19981=EDGE_LOOP('',(#19976,#19978,#19979,#19980));
#19982=FACE_OUTER_BOUND('',#19981,.F.);
#19984=CARTESIAN_POINT('',(1.28E1,-6.4E0,-4.1E0));
#19985=DIRECTION('',(0.E0,1.E0,0.E0));
#19986=DIRECTION('',(-1.E0,0.E0,0.E0));
#19987=AXIS2_PLACEMENT_3D('',#19984,#19985,#19986);
#19988=PLANE('',#19987);
#19989=ORIENTED_EDGE('',*,*,#19477,.T.);
#19990=ORIENTED_EDGE('',*,*,#19899,.F.);
#19991=ORIENTED_EDGE('',*,*,#19824,.T.);
#19992=ORIENTED_EDGE('',*,*,#19977,.T.);
#19993=EDGE_LOOP('',(#19989,#19990,#19991,#19992));
#19994=FACE_OUTER_BOUND('',#19993,.F.);
#19996=CARTESIAN_POINT('',(4.9E0,1.43E1,-4.1E0));
#19997=DIRECTION('',(1.E0,0.E0,0.E0));
#19998=DIRECTION('',(0.E0,1.E0,0.E0));
#19999=AXIS2_PLACEMENT_3D('',#19996,#19997,#19998);
#20000=PLANE('',#19999);
#20001=ORIENTED_EDGE('',*,*,#19461,.T.);
#20003=ORIENTED_EDGE('',*,*,#20002,.F.);
#20004=ORIENTED_EDGE('',*,*,#19835,.T.);
#20005=ORIENTED_EDGE('',*,*,#19762,.F.);
#20006=EDGE_LOOP('',(#20001,#20003,#20004,#20005));
#20007=FACE_OUTER_BOUND('',#20006,.F.);
#20009=CARTESIAN_POINT('',(4.1E0,1.43E1,-4.1E0));
#20010=DIRECTION('',(0.E0,-1.E0,0.E0));
#20011=DIRECTION('',(1.E0,0.E0,0.E0));
#20012=AXIS2_PLACEMENT_3D('',#20009,#20010,#20011);
#20013=PLANE('',#20012);
#20014=ORIENTED_EDGE('',*,*,#19459,.F.);
#20015=ORIENTED_EDGE('',*,*,#19778,.F.);
#20016=ORIENTED_EDGE('',*,*,#19837,.F.);
#20017=ORIENTED_EDGE('',*,*,#20002,.T.);
#20018=EDGE_LOOP('',(#20014,#20015,#20016,#20017));
#20019=FACE_OUTER_BOUND('',#20018,.F.);
#20021=CARTESIAN_POINT('',(-4.1E0,1.43E1,-4.1E0));
#20022=DIRECTION('',(1.E0,0.E0,0.E0));
#20023=DIRECTION('',(0.E0,1.E0,0.E0));
#20024=AXIS2_PLACEMENT_3D('',#20021,#20022,#20023);
#20025=PLANE('',#20024);
#20026=ORIENTED_EDGE('',*,*,#19453,.T.);
#20028=ORIENTED_EDGE('',*,*,#20027,.F.);
#20029=ORIENTED_EDGE('',*,*,#19849,.T.);
#20030=ORIENTED_EDGE('',*,*,#19750,.F.);
#20031=EDGE_LOOP('',(#20026,#20028,#20029,#20030));
#20032=FACE_OUTER_BOUND('',#20031,.F.);
#20034=CARTESIAN_POINT('',(-4.9E0,1.43E1,-4.1E0));
#20035=DIRECTION('',(0.E0,-1.E0,0.E0));
#20036=DIRECTION('',(1.E0,0.E0,0.E0));
#20037=AXIS2_PLACEMENT_3D('',#20034,#20035,#20036);
#20038=PLANE('',#20037);
#20039=ORIENTED_EDGE('',*,*,#19451,.F.);
#20041=ORIENTED_EDGE('',*,*,#20040,.F.);
#20042=ORIENTED_EDGE('',*,*,#19851,.F.);
#20043=ORIENTED_EDGE('',*,*,#20027,.T.);
#20044=EDGE_LOOP('',(#20039,#20041,#20042,#20043));
#20045=FACE_OUTER_BOUND('',#20044,.F.);
#20047=CARTESIAN_POINT('',(-4.9E0,1.63E1,-4.1E0));
#20048=DIRECTION('',(-1.E0,0.E0,0.E0));
#20049=DIRECTION('',(0.E0,-1.E0,0.E0));
#20050=AXIS2_PLACEMENT_3D('',#20047,#20048,#20049);
#20051=PLANE('',#20050);
#20052=ORIENTED_EDGE('',*,*,#19449,.F.);
#20053=ORIENTED_EDGE('',*,*,#19754,.T.);
#20054=ORIENTED_EDGE('',*,*,#19853,.T.);
#20055=ORIENTED_EDGE('',*,*,#20040,.T.);
#20056=EDGE_LOOP('',(#20052,#20053,#20054,#20055));
#20057=FACE_OUTER_BOUND('',#20056,.F.);
#20059=CARTESIAN_POINT('',(-5.075E0,-1.65E1,0.E0));
#20060=DIRECTION('',(1.E0,0.E0,0.E0));
#20061=DIRECTION('',(0.E0,1.E0,0.E0));
#20062=AXIS2_PLACEMENT_3D('',#20059,#20060,#20061);
#20063=PLANE('',#20062);
#20064=ORIENTED_EDGE('',*,*,#18918,.F.);
#20066=ORIENTED_EDGE('',*,*,#20065,.T.);
#20067=ORIENTED_EDGE('',*,*,#19583,.T.);
#20068=ORIENTED_EDGE('',*,*,#19287,.F.);
#20069=EDGE_LOOP('',(#20064,#20066,#20067,#20068));
#20070=FACE_OUTER_BOUND('',#20069,.F.);
#20072=CARTESIAN_POINT('',(-1.05E1,-1.65E1,0.E0));
#20073=DIRECTION('',(0.E0,-1.E0,0.E0));
#20074=DIRECTION('',(1.E0,0.E0,0.E0));
#20075=AXIS2_PLACEMENT_3D('',#20072,#20073,#20074);
#20076=PLANE('',#20075);
#20077=ORIENTED_EDGE('',*,*,#18916,.F.);
#20079=ORIENTED_EDGE('',*,*,#20078,.T.);
#20080=ORIENTED_EDGE('',*,*,#19585,.T.);
#20081=ORIENTED_EDGE('',*,*,#20065,.F.);
#20082=EDGE_LOOP('',(#20077,#20079,#20080,#20081));
#20083=FACE_OUTER_BOUND('',#20082,.F.);
#20085=CARTESIAN_POINT('',(-1.05E1,-1.35E1,0.E0));
#20086=DIRECTION('',(0.E0,0.E0,1.E0));
#20087=DIRECTION('',(1.E0,0.E0,0.E0));
#20088=AXIS2_PLACEMENT_3D('',#20085,#20086,#20087);
#20089=CYLINDRICAL_SURFACE('',#20088,3.E0);
#20090=ORIENTED_EDGE('',*,*,#18914,.F.);
#20092=ORIENTED_EDGE('',*,*,#20091,.T.);
#20093=ORIENTED_EDGE('',*,*,#19587,.T.);
#20094=ORIENTED_EDGE('',*,*,#20078,.F.);
#20095=EDGE_LOOP('',(#20090,#20092,#20093,#20094));
#20096=FACE_OUTER_BOUND('',#20095,.F.);
#20098=CARTESIAN_POINT('',(-1.35E1,1.4E1,0.E0));
#20099=DIRECTION('',(-1.E0,0.E0,0.E0));
#20100=DIRECTION('',(0.E0,-1.E0,0.E0));
#20101=AXIS2_PLACEMENT_3D('',#20098,#20099,#20100);
#20102=PLANE('',#20101);
#20103=ORIENTED_EDGE('',*,*,#18912,.F.);
#20104=ORIENTED_EDGE('',*,*,#19187,.T.);
#20105=ORIENTED_EDGE('',*,*,#19589,.T.);
#20106=ORIENTED_EDGE('',*,*,#20091,.F.);
#20107=EDGE_LOOP('',(#20103,#20104,#20105,#20106));
#20108=FACE_OUTER_BOUND('',#20107,.F.);
#20110=CARTESIAN_POINT('',(-1.332E1,1.375E1,8.E-1));
#20111=DIRECTION('',(-1.E0,0.E0,0.E0));
#20112=DIRECTION('',(0.E0,-1.E0,0.E0));
#20113=AXIS2_PLACEMENT_3D('',#20110,#20111,#20112);
#20114=PLANE('',#20113);
#20116=ORIENTED_EDGE('',*,*,#20115,.T.);
#20118=ORIENTED_EDGE('',*,*,#20117,.F.);
#20119=ORIENTED_EDGE('',*,*,#19608,.F.);
#20121=ORIENTED_EDGE('',*,*,#20120,.T.);
#20122=EDGE_LOOP('',(#20116,#20118,#20119,#20121));
#20123=FACE_OUTER_BOUND('',#20122,.F.);
#20125=CARTESIAN_POINT('',(-1.3235E1,1.175E1,9.65E-1));
#20126=DIRECTION('',(-7.071067811865E-1,0.E0,7.071067811865E-1));
#20127=DIRECTION('',(-7.071067811865E-1,0.E0,-7.071067811865E-1));
#20128=AXIS2_PLACEMENT_3D('',#20125,#20126,#20127);
#20129=PLANE('',#20128);
#20131=ORIENTED_EDGE('',*,*,#20130,.T.);
#20132=ORIENTED_EDGE('',*,*,#20115,.F.);
#20134=ORIENTED_EDGE('',*,*,#20133,.T.);
#20136=ORIENTED_EDGE('',*,*,#20135,.T.);
#20137=EDGE_LOOP('',(#20131,#20132,#20134,#20136));
#20138=FACE_OUTER_BOUND('',#20137,.F.);
#20140=CARTESIAN_POINT('',(-1.332E1,9.75E0,8.E-1));
#20141=DIRECTION('',(0.E0,-1.E0,0.E0));
#20142=DIRECTION('',(1.E0,0.E0,0.E0));
#20143=AXIS2_PLACEMENT_3D('',#20140,#20141,#20142);
#20144=PLANE('',#20143);
#20145=ORIENTED_EDGE('',*,*,#20130,.F.);
#20147=ORIENTED_EDGE('',*,*,#20146,.T.);
#20149=ORIENTED_EDGE('',*,*,#20148,.F.);
#20151=ORIENTED_EDGE('',*,*,#20150,.F.);
#20152=ORIENTED_EDGE('',*,*,#19610,.F.);
#20153=ORIENTED_EDGE('',*,*,#20117,.T.);
#20154=EDGE_LOOP('',(#20145,#20147,#20149,#20151,#20152,#20153));
#20155=FACE_OUTER_BOUND('',#20154,.F.);
#20157=CARTESIAN_POINT('',(0.E0,0.E0,1.05E0));
#20158=DIRECTION('',(0.E0,0.E0,1.E0));
#20159=DIRECTION('',(1.E0,0.E0,0.E0));
#20160=AXIS2_PLACEMENT_3D('',#20157,#20158,#20159);
#20161=PLANE('',#20160);
#20163=ORIENTED_EDGE('',*,*,#20162,.F.);
#20165=ORIENTED_EDGE('',*,*,#20164,.F.);
#20167=ORIENTED_EDGE('',*,*,#20166,.F.);
#20169=ORIENTED_EDGE('',*,*,#20168,.F.);
#20170=EDGE_LOOP('',(#20163,#20165,#20167,#20169));
#20171=FACE_OUTER_BOUND('',#20170,.F.);
#20173=CARTESIAN_POINT('',(0.E0,0.E0,1.05E0));
#20174=DIRECTION('',(0.E0,0.E0,1.E0));
#20175=DIRECTION('',(1.E0,0.E0,0.E0));
#20176=AXIS2_PLACEMENT_3D('',#20173,#20174,#20175);
#20177=PLANE('',#20176);
#20178=ORIENTED_EDGE('',*,*,#20135,.F.);
#20180=ORIENTED_EDGE('',*,*,#20179,.F.);
#20182=ORIENTED_EDGE('',*,*,#20181,.F.);
#20183=ORIENTED_EDGE('',*,*,#20146,.F.);
#20184=EDGE_LOOP('',(#20178,#20180,#20182,#20183));
#20185=FACE_OUTER_BOUND('',#20184,.F.);
#20187=CARTESIAN_POINT('',(0.E0,0.E0,1.05E0));
#20188=DIRECTION('',(0.E0,0.E0,1.E0));
#20189=DIRECTION('',(1.E0,0.E0,0.E0));
#20190=AXIS2_PLACEMENT_3D('',#20187,#20188,#20189);
#20191=PLANE('',#20190);
#20193=ORIENTED_EDGE('',*,*,#20192,.F.);
#20195=ORIENTED_EDGE('',*,*,#20194,.F.);
#20197=ORIENTED_EDGE('',*,*,#20196,.F.);
#20199=ORIENTED_EDGE('',*,*,#20198,.F.);
#20200=EDGE_LOOP('',(#20193,#20195,#20197,#20199));
#20201=FACE_OUTER_BOUND('',#20200,.F.);
#20203=CARTESIAN_POINT('',(0.E0,0.E0,1.05E0));
#20204=DIRECTION('',(0.E0,0.E0,1.E0));
#20205=DIRECTION('',(1.E0,0.E0,0.E0));
#20206=AXIS2_PLACEMENT_3D('',#20203,#20204,#20205);
#20207=PLANE('',#20206);
#20209=ORIENTED_EDGE('',*,*,#20208,.F.);
#20211=ORIENTED_EDGE('',*,*,#20210,.F.);
#20213=ORIENTED_EDGE('',*,*,#20212,.F.);
#20215=ORIENTED_EDGE('',*,*,#20214,.F.);
#20216=EDGE_LOOP('',(#20209,#20211,#20213,#20215));
#20217=FACE_OUTER_BOUND('',#20216,.F.);
#20219=CARTESIAN_POINT('',(0.E0,0.E0,1.05E0));
#20220=DIRECTION('',(0.E0,0.E0,1.E0));
#20221=DIRECTION('',(1.E0,0.E0,0.E0));
#20222=AXIS2_PLACEMENT_3D('',#20219,#20220,#20221);
#20223=PLANE('',#20222);
#20225=ORIENTED_EDGE('',*,*,#20224,.F.);
#20227=ORIENTED_EDGE('',*,*,#20226,.F.);
#20229=ORIENTED_EDGE('',*,*,#20228,.F.);
#20231=ORIENTED_EDGE('',*,*,#20230,.F.);
#20232=EDGE_LOOP('',(#20225,#20227,#20229,#20231));
#20233=FACE_OUTER_BOUND('',#20232,.F.);
#20235=CARTESIAN_POINT('',(0.E0,0.E0,1.05E0));
#20236=DIRECTION('',(0.E0,0.E0,1.E0));
#20237=DIRECTION('',(1.E0,0.E0,0.E0));
#20238=AXIS2_PLACEMENT_3D('',#20235,#20236,#20237);
#20239=PLANE('',#20238);
#20241=ORIENTED_EDGE('',*,*,#20240,.F.);
#20243=ORIENTED_EDGE('',*,*,#20242,.F.);
#20245=ORIENTED_EDGE('',*,*,#20244,.F.);
#20247=ORIENTED_EDGE('',*,*,#20246,.F.);
#20248=EDGE_LOOP('',(#20241,#20243,#20245,#20247));
#20249=FACE_OUTER_BOUND('',#20248,.F.);
#20251=CARTESIAN_POINT('',(0.E0,0.E0,1.05E0));
#20252=DIRECTION('',(0.E0,0.E0,1.E0));
#20253=DIRECTION('',(1.E0,0.E0,0.E0));
#20254=AXIS2_PLACEMENT_3D('',#20251,#20252,#20253);
#20255=PLANE('',#20254);
#20257=ORIENTED_EDGE('',*,*,#20256,.F.);
#20259=ORIENTED_EDGE('',*,*,#20258,.F.);
#20261=ORIENTED_EDGE('',*,*,#20260,.F.);
#20263=ORIENTED_EDGE('',*,*,#20262,.F.);
#20264=EDGE_LOOP('',(#20257,#20259,#20261,#20263));
#20265=FACE_OUTER_BOUND('',#20264,.F.);
#20267=CARTESIAN_POINT('',(0.E0,0.E0,1.05E0));
#20268=DIRECTION('',(0.E0,0.E0,1.E0));
#20269=DIRECTION('',(1.E0,0.E0,0.E0));
#20270=AXIS2_PLACEMENT_3D('',#20267,#20268,#20269);
#20271=PLANE('',#20270);
#20273=ORIENTED_EDGE('',*,*,#20272,.F.);
#20275=ORIENTED_EDGE('',*,*,#20274,.F.);
#20277=ORIENTED_EDGE('',*,*,#20276,.F.);
#20279=ORIENTED_EDGE('',*,*,#20278,.F.);
#20280=EDGE_LOOP('',(#20273,#20275,#20277,#20279));
#20281=FACE_OUTER_BOUND('',#20280,.F.);
#20283=CARTESIAN_POINT('',(0.E0,0.E0,1.05E0));
#20284=DIRECTION('',(0.E0,0.E0,1.E0));
#20285=DIRECTION('',(1.E0,0.E0,0.E0));
#20286=AXIS2_PLACEMENT_3D('',#20283,#20284,#20285);
#20287=PLANE('',#20286);
#20289=ORIENTED_EDGE('',*,*,#20288,.F.);
#20291=ORIENTED_EDGE('',*,*,#20290,.F.);
#20293=ORIENTED_EDGE('',*,*,#20292,.F.);
#20295=ORIENTED_EDGE('',*,*,#20294,.F.);
#20296=EDGE_LOOP('',(#20289,#20291,#20293,#20295));
#20297=FACE_OUTER_BOUND('',#20296,.F.);
#20299=CARTESIAN_POINT('',(0.E0,0.E0,1.05E0));
#20300=DIRECTION('',(0.E0,0.E0,1.E0));
#20301=DIRECTION('',(1.E0,0.E0,0.E0));
#20302=AXIS2_PLACEMENT_3D('',#20299,#20300,#20301);
#20303=PLANE('',#20302);
#20305=ORIENTED_EDGE('',*,*,#20304,.F.);
#20307=ORIENTED_EDGE('',*,*,#20306,.F.);
#20309=ORIENTED_EDGE('',*,*,#20308,.F.);
#20311=ORIENTED_EDGE('',*,*,#20310,.F.);
#20312=EDGE_LOOP('',(#20305,#20307,#20309,#20311));
#20313=FACE_OUTER_BOUND('',#20312,.F.);
#20315=CARTESIAN_POINT('',(0.E0,0.E0,1.05E0));
#20316=DIRECTION('',(0.E0,0.E0,1.E0));
#20317=DIRECTION('',(1.E0,0.E0,0.E0));
#20318=AXIS2_PLACEMENT_3D('',#20315,#20316,#20317);
#20319=PLANE('',#20318);
#20321=ORIENTED_EDGE('',*,*,#20320,.F.);
#20323=ORIENTED_EDGE('',*,*,#20322,.F.);
#20325=ORIENTED_EDGE('',*,*,#20324,.F.);
#20327=ORIENTED_EDGE('',*,*,#20326,.F.);
#20328=EDGE_LOOP('',(#20321,#20323,#20325,#20327));
#20329=FACE_OUTER_BOUND('',#20328,.F.);
#20331=CARTESIAN_POINT('',(0.E0,0.E0,1.05E0));
#20332=DIRECTION('',(0.E0,0.E0,1.E0));
#20333=DIRECTION('',(1.E0,0.E0,0.E0));
#20334=AXIS2_PLACEMENT_3D('',#20331,#20332,#20333);
#20335=PLANE('',#20334);
#20337=ORIENTED_EDGE('',*,*,#20336,.F.);
#20339=ORIENTED_EDGE('',*,*,#20338,.F.);
#20341=ORIENTED_EDGE('',*,*,#20340,.F.);
#20343=ORIENTED_EDGE('',*,*,#20342,.F.);
#20344=EDGE_LOOP('',(#20337,#20339,#20341,#20343));
#20345=FACE_OUTER_BOUND('',#20344,.F.);
#20347=CARTESIAN_POINT('',(-7.6E0,1.6555E1,9.65E-1));
#20348=DIRECTION('',(0.E0,-7.071067811865E-1,7.071067811866E-1));
#20349=DIRECTION('',(0.E0,-7.071067811866E-1,-7.071067811865E-1));
#20350=AXIS2_PLACEMENT_3D('',#20347,#20348,#20349);
#20351=PLANE('',#20350);
#20353=ORIENTED_EDGE('',*,*,#20352,.T.);
#20355=ORIENTED_EDGE('',*,*,#20354,.F.);
#20357=ORIENTED_EDGE('',*,*,#20356,.T.);
#20358=ORIENTED_EDGE('',*,*,#20162,.T.);
#20359=EDGE_LOOP('',(#20353,#20355,#20357,#20358));
#20360=FACE_OUTER_BOUND('',#20359,.F.);
#20362=CARTESIAN_POINT('',(-5.6E0,1.647E1,8.E-1));
#20363=DIRECTION('',(1.E0,0.E0,0.E0));
#20364=DIRECTION('',(0.E0,1.E0,0.E0));
#20365=AXIS2_PLACEMENT_3D('',#20362,#20363,#20364);
#20366=PLANE('',#20365);
#20367=ORIENTED_EDGE('',*,*,#20352,.F.);
#20368=ORIENTED_EDGE('',*,*,#20168,.T.);
#20370=ORIENTED_EDGE('',*,*,#20369,.F.);
#20372=ORIENTED_EDGE('',*,*,#20371,.F.);
#20373=ORIENTED_EDGE('',*,*,#19692,.F.);
#20375=ORIENTED_EDGE('',*,*,#20374,.T.);
#20376=EDGE_LOOP('',(#20367,#20368,#20370,#20372,#20373,#20375));
#20377=FACE_OUTER_BOUND('',#20376,.F.);
#20379=CARTESIAN_POINT('',(-7.6E0,1.6735E1,9.65E-1));
#20380=DIRECTION('',(0.E0,7.071067811865E-1,7.071067811866E-1));
#20381=DIRECTION('',(0.E0,7.071067811866E-1,-7.071067811865E-1));
#20382=AXIS2_PLACEMENT_3D('',#20379,#20380,#20381);
#20383=PLANE('',#20382);
#20385=ORIENTED_EDGE('',*,*,#20384,.T.);
#20387=ORIENTED_EDGE('',*,*,#20386,.F.);
#20388=ORIENTED_EDGE('',*,*,#20369,.T.);
#20389=ORIENTED_EDGE('',*,*,#20166,.T.);
#20390=EDGE_LOOP('',(#20385,#20387,#20388,#20389));
#20391=FACE_OUTER_BOUND('',#20390,.F.);
#20393=CARTESIAN_POINT('',(-9.6E0,1.682E1,8.E-1));
#20394=DIRECTION('',(-1.E0,0.E0,0.E0));
#20395=DIRECTION('',(0.E0,-1.E0,0.E0));
#20396=AXIS2_PLACEMENT_3D('',#20393,#20394,#20395);
#20397=PLANE('',#20396);
#20398=ORIENTED_EDGE('',*,*,#20356,.F.);
#20400=ORIENTED_EDGE('',*,*,#20399,.F.);
#20401=ORIENTED_EDGE('',*,*,#19688,.F.);
#20403=ORIENTED_EDGE('',*,*,#20402,.T.);
#20404=ORIENTED_EDGE('',*,*,#20384,.F.);
#20405=ORIENTED_EDGE('',*,*,#20164,.T.);
#20406=EDGE_LOOP('',(#20398,#20400,#20401,#20403,#20404,#20405));
#20407=FACE_OUTER_BOUND('',#20406,.F.);
#20409=CARTESIAN_POINT('',(-9.6E0,1.647E1,8.E-1));
#20410=DIRECTION('',(0.E0,-1.E0,0.E0));
#20411=DIRECTION('',(1.E0,0.E0,0.E0));
#20412=AXIS2_PLACEMENT_3D('',#20409,#20410,#20411);
#20413=PLANE('',#20412);
#20414=ORIENTED_EDGE('',*,*,#20354,.T.);
#20415=ORIENTED_EDGE('',*,*,#20374,.F.);
#20416=ORIENTED_EDGE('',*,*,#19690,.F.);
#20417=ORIENTED_EDGE('',*,*,#20399,.T.);
#20418=EDGE_LOOP('',(#20414,#20415,#20416,#20417));
#20419=FACE_OUTER_BOUND('',#20418,.F.);
#20421=CARTESIAN_POINT('',(-5.6E0,1.682E1,8.E-1));
#20422=DIRECTION('',(0.E0,1.E0,0.E0));
#20423=DIRECTION('',(-1.E0,0.E0,0.E0));
#20424=AXIS2_PLACEMENT_3D('',#20421,#20422,#20423);
#20425=PLANE('',#20424);
#20426=ORIENTED_EDGE('',*,*,#20386,.T.);
#20427=ORIENTED_EDGE('',*,*,#20402,.F.);
#20428=ORIENTED_EDGE('',*,*,#19694,.F.);
#20429=ORIENTED_EDGE('',*,*,#20371,.T.);
#20430=EDGE_LOOP('',(#20426,#20427,#20428,#20429));
#20431=FACE_OUTER_BOUND('',#20430,.F.);
#20433=CARTESIAN_POINT('',(-1.297E1,1.375E1,8.E-1));
#20434=DIRECTION('',(0.E0,1.E0,0.E0));
#20435=DIRECTION('',(-1.E0,0.E0,0.E0));
#20436=AXIS2_PLACEMENT_3D('',#20433,#20434,#20435);
#20437=PLANE('',#20436);
#20438=ORIENTED_EDGE('',*,*,#20133,.F.);
#20439=ORIENTED_EDGE('',*,*,#20120,.F.);
#20440=ORIENTED_EDGE('',*,*,#19614,.F.);
#20442=ORIENTED_EDGE('',*,*,#20441,.T.);
#20444=ORIENTED_EDGE('',*,*,#20443,.F.);
#20445=ORIENTED_EDGE('',*,*,#20179,.T.);
#20446=EDGE_LOOP('',(#20438,#20439,#20440,#20442,#20444,#20445));
#20447=FACE_OUTER_BOUND('',#20446,.F.);
#20449=CARTESIAN_POINT('',(-1.297E1,9.75E0,8.E-1));
#20450=DIRECTION('',(1.E0,0.E0,0.E0));
#20451=DIRECTION('',(0.E0,1.E0,0.E0));
#20452=AXIS2_PLACEMENT_3D('',#20449,#20450,#20451);
#20453=PLANE('',#20452);
#20455=ORIENTED_EDGE('',*,*,#20454,.T.);
#20456=ORIENTED_EDGE('',*,*,#20441,.F.);
#20457=ORIENTED_EDGE('',*,*,#19612,.F.);
#20458=ORIENTED_EDGE('',*,*,#20150,.T.);
#20459=EDGE_LOOP('',(#20455,#20456,#20457,#20458));
#20460=FACE_OUTER_BOUND('',#20459,.F.);
#20462=CARTESIAN_POINT('',(-1.3055E1,1.175E1,9.65E-1));
#20463=DIRECTION('',(7.071067811865E-1,0.E0,7.071067811865E-1));
#20464=DIRECTION('',(7.071067811865E-1,0.E0,-7.071067811865E-1));
#20465=AXIS2_PLACEMENT_3D('',#20462,#20463,#20464);
#20466=PLANE('',#20465);
#20467=ORIENTED_EDGE('',*,*,#20443,.T.);
#20468=ORIENTED_EDGE('',*,*,#20454,.F.);
#20469=ORIENTED_EDGE('',*,*,#20148,.T.);
#20470=ORIENTED_EDGE('',*,*,#20181,.T.);
#20471=EDGE_LOOP('',(#20467,#20468,#20469,#20470));
#20472=FACE_OUTER_BOUND('',#20471,.F.);
#20474=CARTESIAN_POINT('',(-1.3235E1,3.75E0,9.65E-1));
#20475=DIRECTION('',(-7.071067811865E-1,0.E0,7.071067811865E-1));
#20476=DIRECTION('',(-7.071067811865E-1,0.E0,-7.071067811865E-1));
#20477=AXIS2_PLACEMENT_3D('',#20474,#20475,#20476);
#20478=PLANE('',#20477);
#20480=ORIENTED_EDGE('',*,*,#20479,.T.);
#20482=ORIENTED_EDGE('',*,*,#20481,.F.);
#20484=ORIENTED_EDGE('',*,*,#20483,.T.);
#20485=ORIENTED_EDGE('',*,*,#20192,.T.);
#20486=EDGE_LOOP('',(#20480,#20482,#20484,#20485));
#20487=FACE_OUTER_BOUND('',#20486,.F.);
#20489=CARTESIAN_POINT('',(-1.332E1,1.75E0,8.E-1));
#20490=DIRECTION('',(0.E0,-1.E0,0.E0));
#20491=DIRECTION('',(1.E0,0.E0,0.E0));
#20492=AXIS2_PLACEMENT_3D('',#20489,#20490,#20491);
#20493=PLANE('',#20492);
#20494=ORIENTED_EDGE('',*,*,#20479,.F.);
#20495=ORIENTED_EDGE('',*,*,#20198,.T.);
#20497=ORIENTED_EDGE('',*,*,#20496,.F.);
#20499=ORIENTED_EDGE('',*,*,#20498,.F.);
#20500=ORIENTED_EDGE('',*,*,#19620,.F.);
#20502=ORIENTED_EDGE('',*,*,#20501,.T.);
#20503=EDGE_LOOP('',(#20494,#20495,#20497,#20499,#20500,#20502));
#20504=FACE_OUTER_BOUND('',#20503,.F.);
#20506=CARTESIAN_POINT('',(-1.3055E1,3.75E0,9.65E-1));
#20507=DIRECTION('',(7.071067811865E-1,0.E0,7.071067811865E-1));
#20508=DIRECTION('',(7.071067811865E-1,0.E0,-7.071067811865E-1));
#20509=AXIS2_PLACEMENT_3D('',#20506,#20507,#20508);
#20510=PLANE('',#20509);
#20512=ORIENTED_EDGE('',*,*,#20511,.T.);
#20514=ORIENTED_EDGE('',*,*,#20513,.F.);
#20515=ORIENTED_EDGE('',*,*,#20496,.T.);
#20516=ORIENTED_EDGE('',*,*,#20196,.T.);
#20517=EDGE_LOOP('',(#20512,#20514,#20515,#20516));
#20518=FACE_OUTER_BOUND('',#20517,.F.);
#20520=CARTESIAN_POINT('',(-1.297E1,5.75E0,8.E-1));
#20521=DIRECTION('',(0.E0,1.E0,0.E0));
#20522=DIRECTION('',(-1.E0,0.E0,0.E0));
#20523=AXIS2_PLACEMENT_3D('',#20520,#20521,#20522);
#20524=PLANE('',#20523);
#20525=ORIENTED_EDGE('',*,*,#20483,.F.);
#20527=ORIENTED_EDGE('',*,*,#20526,.F.);
#20528=ORIENTED_EDGE('',*,*,#19624,.F.);
#20530=ORIENTED_EDGE('',*,*,#20529,.T.);
#20531=ORIENTED_EDGE('',*,*,#20511,.F.);
#20532=ORIENTED_EDGE('',*,*,#20194,.T.);
#20533=EDGE_LOOP('',(#20525,#20527,#20528,#20530,#20531,#20532));
#20534=FACE_OUTER_BOUND('',#20533,.F.);
#20536=CARTESIAN_POINT('',(-1.332E1,5.75E0,8.E-1));
#20537=DIRECTION('',(-1.E0,0.E0,0.E0));
#20538=DIRECTION('',(0.E0,-1.E0,0.E0));
#20539=AXIS2_PLACEMENT_3D('',#20536,#20537,#20538);
#20540=PLANE('',#20539);
#20541=ORIENTED_EDGE('',*,*,#20481,.T.);
#20542=ORIENTED_EDGE('',*,*,#20501,.F.);
#20543=ORIENTED_EDGE('',*,*,#19618,.F.);
#20544=ORIENTED_EDGE('',*,*,#20526,.T.);
#20545=EDGE_LOOP('',(#20541,#20542,#20543,#20544));
#20546=FACE_OUTER_BOUND('',#20545,.F.);
#20548=CARTESIAN_POINT('',(-1.297E1,1.75E0,8.E-1));
#20549=DIRECTION('',(1.E0,0.E0,0.E0));
#20550=DIRECTION('',(0.E0,1.E0,0.E0));
#20551=AXIS2_PLACEMENT_3D('',#20548,#20549,#20550);
#20552=PLANE('',#20551);
#20553=ORIENTED_EDGE('',*,*,#20513,.T.);
#20554=ORIENTED_EDGE('',*,*,#20529,.F.);
#20555=ORIENTED_EDGE('',*,*,#19622,.F.);
#20556=ORIENTED_EDGE('',*,*,#20498,.T.);
#20557=EDGE_LOOP('',(#20553,#20554,#20555,#20556));
#20558=FACE_OUTER_BOUND('',#20557,.F.);
#20560=CARTESIAN_POINT('',(7.6E0,-1.6235E1,9.65E-1));
#20561=DIRECTION('',(0.E0,-7.071067811865E-1,7.071067811866E-1));
#20562=DIRECTION('',(0.E0,-7.071067811866E-1,-7.071067811865E-1));
#20563=AXIS2_PLACEMENT_3D('',#20560,#20561,#20562);
#20564=PLANE('',#20563);
#20566=ORIENTED_EDGE('',*,*,#20565,.T.);
#20568=ORIENTED_EDGE('',*,*,#20567,.F.);
#20570=ORIENTED_EDGE('',*,*,#20569,.T.);
#20571=ORIENTED_EDGE('',*,*,#20208,.T.);
#20572=EDGE_LOOP('',(#20566,#20568,#20570,#20571));
#20573=FACE_OUTER_BOUND('',#20572,.F.);
#20575=CARTESIAN_POINT('',(9.6E0,-1.632E1,8.E-1));
#20576=DIRECTION('',(1.E0,0.E0,0.E0));
#20577=DIRECTION('',(0.E0,1.E0,0.E0));
#20578=AXIS2_PLACEMENT_3D('',#20575,#20576,#20577);
#20579=PLANE('',#20578);
#20580=ORIENTED_EDGE('',*,*,#20565,.F.);
#20581=ORIENTED_EDGE('',*,*,#20214,.T.);
#20583=ORIENTED_EDGE('',*,*,#20582,.F.);
#20585=ORIENTED_EDGE('',*,*,#20584,.F.);
#20586=ORIENTED_EDGE('',*,*,#19718,.F.);
#20588=ORIENTED_EDGE('',*,*,#20587,.T.);
#20589=EDGE_LOOP('',(#20580,#20581,#20583,#20585,#20586,#20588));
#20590=FACE_OUTER_BOUND('',#20589,.F.);
#20592=CARTESIAN_POINT('',(7.6E0,-1.6055E1,9.65E-1));
#20593=DIRECTION('',(0.E0,7.071067811865E-1,7.071067811865E-1));
#20594=DIRECTION('',(0.E0,7.071067811865E-1,-7.071067811865E-1));
#20595=AXIS2_PLACEMENT_3D('',#20592,#20593,#20594);
#20596=PLANE('',#20595);
#20598=ORIENTED_EDGE('',*,*,#20597,.T.);
#20600=ORIENTED_EDGE('',*,*,#20599,.F.);
#20601=ORIENTED_EDGE('',*,*,#20582,.T.);
#20602=ORIENTED_EDGE('',*,*,#20212,.T.);
#20603=EDGE_LOOP('',(#20598,#20600,#20601,#20602));
#20604=FACE_OUTER_BOUND('',#20603,.F.);
#20606=CARTESIAN_POINT('',(5.6E0,-1.597E1,8.E-1));
#20607=DIRECTION('',(-1.E0,0.E0,0.E0));
#20608=DIRECTION('',(0.E0,-1.E0,0.E0));
#20609=AXIS2_PLACEMENT_3D('',#20606,#20607,#20608);
#20610=PLANE('',#20609);
#20611=ORIENTED_EDGE('',*,*,#20569,.F.);
#20613=ORIENTED_EDGE('',*,*,#20612,.F.);
#20614=ORIENTED_EDGE('',*,*,#19722,.F.);
#20616=ORIENTED_EDGE('',*,*,#20615,.T.);
#20617=ORIENTED_EDGE('',*,*,#20597,.F.);
#20618=ORIENTED_EDGE('',*,*,#20210,.T.);
#20619=EDGE_LOOP('',(#20611,#20613,#20614,#20616,#20617,#20618));
#20620=FACE_OUTER_BOUND('',#20619,.F.);
#20622=CARTESIAN_POINT('',(5.6E0,-1.632E1,8.E-1));
#20623=DIRECTION('',(0.E0,-1.E0,0.E0));
#20624=DIRECTION('',(1.E0,0.E0,0.E0));
#20625=AXIS2_PLACEMENT_3D('',#20622,#20623,#20624);
#20626=PLANE('',#20625);
#20627=ORIENTED_EDGE('',*,*,#20567,.T.);
#20628=ORIENTED_EDGE('',*,*,#20587,.F.);
#20629=ORIENTED_EDGE('',*,*,#19724,.F.);
#20630=ORIENTED_EDGE('',*,*,#20612,.T.);
#20631=EDGE_LOOP('',(#20627,#20628,#20629,#20630));
#20632=FACE_OUTER_BOUND('',#20631,.F.);
#20634=CARTESIAN_POINT('',(9.6E0,-1.597E1,8.E-1));
#20635=DIRECTION('',(0.E0,1.E0,0.E0));
#20636=DIRECTION('',(-1.E0,0.E0,0.E0));
#20637=AXIS2_PLACEMENT_3D('',#20634,#20635,#20636);
#20638=PLANE('',#20637);
#20639=ORIENTED_EDGE('',*,*,#20599,.T.);
#20640=ORIENTED_EDGE('',*,*,#20615,.F.);
#20641=ORIENTED_EDGE('',*,*,#19720,.F.);
#20642=ORIENTED_EDGE('',*,*,#20584,.T.);
#20643=EDGE_LOOP('',(#20639,#20640,#20641,#20642));
#20644=FACE_OUTER_BOUND('',#20643,.F.);
#20646=CARTESIAN_POINT('',(1.3055E1,-1.125E1,9.65E-1));
#20647=DIRECTION('',(-7.071067811865E-1,0.E0,7.071067811865E-1));
#20648=DIRECTION('',(-7.071067811865E-1,0.E0,-7.071067811865E-1));
#20649=AXIS2_PLACEMENT_3D('',#20646,#20647,#20648);
#20650=PLANE('',#20649);
#20652=ORIENTED_EDGE('',*,*,#20651,.T.);
#20654=ORIENTED_EDGE('',*,*,#20653,.F.);
#20656=ORIENTED_EDGE('',*,*,#20655,.T.);
#20657=ORIENTED_EDGE('',*,*,#20224,.T.);
#20658=EDGE_LOOP('',(#20652,#20654,#20656,#20657));
#20659=FACE_OUTER_BOUND('',#20658,.F.);
#20661=CARTESIAN_POINT('',(1.297E1,-1.325E1,8.E-1));
#20662=DIRECTION('',(0.E0,-1.E0,0.E0));
#20663=DIRECTION('',(1.E0,0.E0,0.E0));
#20664=AXIS2_PLACEMENT_3D('',#20661,#20662,#20663);
#20665=PLANE('',#20664);
#20666=ORIENTED_EDGE('',*,*,#20651,.F.);
#20667=ORIENTED_EDGE('',*,*,#20230,.T.);
#20669=ORIENTED_EDGE('',*,*,#20668,.F.);
#20671=ORIENTED_EDGE('',*,*,#20670,.F.);
#20672=ORIENTED_EDGE('',*,*,#19674,.F.);
#20674=ORIENTED_EDGE('',*,*,#20673,.T.);
#20675=EDGE_LOOP('',(#20666,#20667,#20669,#20671,#20672,#20674));
#20676=FACE_OUTER_BOUND('',#20675,.F.);
#20678=CARTESIAN_POINT('',(1.3235E1,-1.125E1,9.65E-1));
#20679=DIRECTION('',(7.071067811865E-1,0.E0,7.071067811866E-1));
#20680=DIRECTION('',(7.071067811866E-1,0.E0,-7.071067811865E-1));
#20681=AXIS2_PLACEMENT_3D('',#20678,#20679,#20680);
#20682=PLANE('',#20681);
#20684=ORIENTED_EDGE('',*,*,#20683,.T.);
#20686=ORIENTED_EDGE('',*,*,#20685,.F.);
#20687=ORIENTED_EDGE('',*,*,#20668,.T.);
#20688=ORIENTED_EDGE('',*,*,#20228,.T.);
#20689=EDGE_LOOP('',(#20684,#20686,#20687,#20688));
#20690=FACE_OUTER_BOUND('',#20689,.F.);
#20692=CARTESIAN_POINT('',(1.332E1,-9.25E0,8.E-1));
#20693=DIRECTION('',(0.E0,1.E0,0.E0));
#20694=DIRECTION('',(-1.E0,0.E0,0.E0));
#20695=AXIS2_PLACEMENT_3D('',#20692,#20693,#20694);
#20696=PLANE('',#20695);
#20697=ORIENTED_EDGE('',*,*,#20655,.F.);
#20699=ORIENTED_EDGE('',*,*,#20698,.F.);
#20700=ORIENTED_EDGE('',*,*,#19670,.F.);
#20702=ORIENTED_EDGE('',*,*,#20701,.T.);
#20703=ORIENTED_EDGE('',*,*,#20683,.F.);
#20704=ORIENTED_EDGE('',*,*,#20226,.T.);
#20705=EDGE_LOOP('',(#20697,#20699,#20700,#20702,#20703,#20704));
#20706=FACE_OUTER_BOUND('',#20705,.F.);
#20708=CARTESIAN_POINT('',(1.297E1,-9.25E0,8.E-1));
#20709=DIRECTION('',(-1.E0,0.E0,0.E0));
#20710=DIRECTION('',(0.E0,-1.E0,0.E0));
#20711=AXIS2_PLACEMENT_3D('',#20708,#20709,#20710);
#20712=PLANE('',#20711);
#20713=ORIENTED_EDGE('',*,*,#20653,.T.);
#20714=ORIENTED_EDGE('',*,*,#20673,.F.);
#20715=ORIENTED_EDGE('',*,*,#19672,.F.);
#20716=ORIENTED_EDGE('',*,*,#20698,.T.);
#20717=EDGE_LOOP('',(#20713,#20714,#20715,#20716));
#20718=FACE_OUTER_BOUND('',#20717,.F.);
#20720=CARTESIAN_POINT('',(1.332E1,-1.325E1,8.E-1));
#20721=DIRECTION('',(1.E0,0.E0,0.E0));
#20722=DIRECTION('',(0.E0,1.E0,0.E0));
#20723=AXIS2_PLACEMENT_3D('',#20720,#20721,#20722);
#20724=PLANE('',#20723);
#20725=ORIENTED_EDGE('',*,*,#20685,.T.);
#20726=ORIENTED_EDGE('',*,*,#20701,.F.);
#20727=ORIENTED_EDGE('',*,*,#19668,.F.);
#20728=ORIENTED_EDGE('',*,*,#20670,.T.);
#20729=EDGE_LOOP('',(#20725,#20726,#20727,#20728));
#20730=FACE_OUTER_BOUND('',#20729,.F.);
#20732=CARTESIAN_POINT('',(1.3055E1,-3.25E0,9.65E-1));
#20733=DIRECTION('',(-7.071067811865E-1,0.E0,7.071067811865E-1));
#20734=DIRECTION('',(-7.071067811865E-1,0.E0,-7.071067811865E-1));
#20735=AXIS2_PLACEMENT_3D('',#20732,#20733,#20734);
#20736=PLANE('',#20735);
#20738=ORIENTED_EDGE('',*,*,#20737,.T.);
#20740=ORIENTED_EDGE('',*,*,#20739,.F.);
#20742=ORIENTED_EDGE('',*,*,#20741,.T.);
#20743=ORIENTED_EDGE('',*,*,#20240,.T.);
#20744=EDGE_LOOP('',(#20738,#20740,#20742,#20743));
#20745=FACE_OUTER_BOUND('',#20744,.F.);
#20747=CARTESIAN_POINT('',(1.297E1,-5.25E0,8.E-1));
#20748=DIRECTION('',(0.E0,-1.E0,0.E0));
#20749=DIRECTION('',(1.E0,0.E0,0.E0));
#20750=AXIS2_PLACEMENT_3D('',#20747,#20748,#20749);
#20751=PLANE('',#20750);
#20752=ORIENTED_EDGE('',*,*,#20737,.F.);
#20753=ORIENTED_EDGE('',*,*,#20246,.T.);
#20755=ORIENTED_EDGE('',*,*,#20754,.F.);
#20757=ORIENTED_EDGE('',*,*,#20756,.F.);
#20758=ORIENTED_EDGE('',*,*,#19684,.F.);
#20760=ORIENTED_EDGE('',*,*,#20759,.T.);
#20761=EDGE_LOOP('',(#20752,#20753,#20755,#20757,#20758,#20760));
#20762=FACE_OUTER_BOUND('',#20761,.F.);
#20764=CARTESIAN_POINT('',(1.3235E1,-3.25E0,9.65E-1));
#20765=DIRECTION('',(7.071067811865E-1,0.E0,7.071067811865E-1));
#20766=DIRECTION('',(7.071067811865E-1,0.E0,-7.071067811865E-1));
#20767=AXIS2_PLACEMENT_3D('',#20764,#20765,#20766);
#20768=PLANE('',#20767);
#20770=ORIENTED_EDGE('',*,*,#20769,.T.);
#20772=ORIENTED_EDGE('',*,*,#20771,.F.);
#20773=ORIENTED_EDGE('',*,*,#20754,.T.);
#20774=ORIENTED_EDGE('',*,*,#20244,.T.);
#20775=EDGE_LOOP('',(#20770,#20772,#20773,#20774));
#20776=FACE_OUTER_BOUND('',#20775,.F.);
#20778=CARTESIAN_POINT('',(1.332E1,-1.25E0,8.E-1));
#20779=DIRECTION('',(0.E0,1.E0,0.E0));
#20780=DIRECTION('',(-1.E0,0.E0,0.E0));
#20781=AXIS2_PLACEMENT_3D('',#20778,#20779,#20780);
#20782=PLANE('',#20781);
#20783=ORIENTED_EDGE('',*,*,#20741,.F.);
#20785=ORIENTED_EDGE('',*,*,#20784,.F.);
#20786=ORIENTED_EDGE('',*,*,#19680,.F.);
#20788=ORIENTED_EDGE('',*,*,#20787,.T.);
#20789=ORIENTED_EDGE('',*,*,#20769,.F.);
#20790=ORIENTED_EDGE('',*,*,#20242,.T.);
#20791=EDGE_LOOP('',(#20783,#20785,#20786,#20788,#20789,#20790));
#20792=FACE_OUTER_BOUND('',#20791,.F.);
#20794=CARTESIAN_POINT('',(1.297E1,-1.25E0,8.E-1));
#20795=DIRECTION('',(-1.E0,0.E0,0.E0));
#20796=DIRECTION('',(0.E0,-1.E0,0.E0));
#20797=AXIS2_PLACEMENT_3D('',#20794,#20795,#20796);
#20798=PLANE('',#20797);
#20799=ORIENTED_EDGE('',*,*,#20739,.T.);
#20800=ORIENTED_EDGE('',*,*,#20759,.F.);
#20801=ORIENTED_EDGE('',*,*,#19682,.F.);
#20802=ORIENTED_EDGE('',*,*,#20784,.T.);
#20803=EDGE_LOOP('',(#20799,#20800,#20801,#20802));
#20804=FACE_OUTER_BOUND('',#20803,.F.);
#20806=CARTESIAN_POINT('',(1.332E1,-5.25E0,8.E-1));
#20807=DIRECTION('',(1.E0,0.E0,0.E0));
#20808=DIRECTION('',(0.E0,1.E0,0.E0));
#20809=AXIS2_PLACEMENT_3D('',#20806,#20807,#20808);
#20810=PLANE('',#20809);
#20811=ORIENTED_EDGE('',*,*,#20771,.T.);
#20812=ORIENTED_EDGE('',*,*,#20787,.F.);
#20813=ORIENTED_EDGE('',*,*,#19678,.F.);
#20814=ORIENTED_EDGE('',*,*,#20756,.T.);
#20815=EDGE_LOOP('',(#20811,#20812,#20813,#20814));
#20816=FACE_OUTER_BOUND('',#20815,.F.);
#20818=CARTESIAN_POINT('',(1.3055E1,3.75E0,9.65E-1));
#20819=DIRECTION('',(-7.071067811865E-1,0.E0,7.071067811865E-1));
#20820=DIRECTION('',(-7.071067811865E-1,0.E0,-7.071067811865E-1));
#20821=AXIS2_PLACEMENT_3D('',#20818,#20819,#20820);
#20822=PLANE('',#20821);
#20824=ORIENTED_EDGE('',*,*,#20823,.T.);
#20826=ORIENTED_EDGE('',*,*,#20825,.F.);
#20828=ORIENTED_EDGE('',*,*,#20827,.T.);
#20829=ORIENTED_EDGE('',*,*,#20256,.T.);
#20830=EDGE_LOOP('',(#20824,#20826,#20828,#20829));
#20831=FACE_OUTER_BOUND('',#20830,.F.);
#20833=CARTESIAN_POINT('',(1.297E1,1.75E0,8.E-1));
#20834=DIRECTION('',(0.E0,-1.E0,0.E0));
#20835=DIRECTION('',(1.E0,0.E0,0.E0));
#20836=AXIS2_PLACEMENT_3D('',#20833,#20834,#20835);
#20837=PLANE('',#20836);
#20838=ORIENTED_EDGE('',*,*,#20823,.F.);
#20839=ORIENTED_EDGE('',*,*,#20262,.T.);
#20841=ORIENTED_EDGE('',*,*,#20840,.F.);
#20843=ORIENTED_EDGE('',*,*,#20842,.F.);
#20844=ORIENTED_EDGE('',*,*,#19642,.F.);
#20846=ORIENTED_EDGE('',*,*,#20845,.T.);
#20847=EDGE_LOOP('',(#20838,#20839,#20841,#20843,#20844,#20846));
#20848=FACE_OUTER_BOUND('',#20847,.F.);
#20850=CARTESIAN_POINT('',(1.3235E1,3.75E0,9.65E-1));
#20851=DIRECTION('',(7.071067811865E-1,0.E0,7.071067811866E-1));
#20852=DIRECTION('',(7.071067811866E-1,0.E0,-7.071067811865E-1));
#20853=AXIS2_PLACEMENT_3D('',#20850,#20851,#20852);
#20854=PLANE('',#20853);
#20856=ORIENTED_EDGE('',*,*,#20855,.T.);
#20858=ORIENTED_EDGE('',*,*,#20857,.F.);
#20859=ORIENTED_EDGE('',*,*,#20840,.T.);
#20860=ORIENTED_EDGE('',*,*,#20260,.T.);
#20861=EDGE_LOOP('',(#20856,#20858,#20859,#20860));
#20862=FACE_OUTER_BOUND('',#20861,.F.);
#20864=CARTESIAN_POINT('',(1.332E1,5.75E0,8.E-1));
#20865=DIRECTION('',(0.E0,1.E0,0.E0));
#20866=DIRECTION('',(-1.E0,0.E0,0.E0));
#20867=AXIS2_PLACEMENT_3D('',#20864,#20865,#20866);
#20868=PLANE('',#20867);
#20869=ORIENTED_EDGE('',*,*,#20827,.F.);
#20871=ORIENTED_EDGE('',*,*,#20870,.F.);
#20872=ORIENTED_EDGE('',*,*,#19638,.F.);
#20874=ORIENTED_EDGE('',*,*,#20873,.T.);
#20875=ORIENTED_EDGE('',*,*,#20855,.F.);
#20876=ORIENTED_EDGE('',*,*,#20258,.T.);
#20877=EDGE_LOOP('',(#20869,#20871,#20872,#20874,#20875,#20876));
#20878=FACE_OUTER_BOUND('',#20877,.F.);
#20880=CARTESIAN_POINT('',(1.297E1,5.75E0,8.E-1));
#20881=DIRECTION('',(-1.E0,0.E0,0.E0));
#20882=DIRECTION('',(0.E0,-1.E0,0.E0));
#20883=AXIS2_PLACEMENT_3D('',#20880,#20881,#20882);
#20884=PLANE('',#20883);
#20885=ORIENTED_EDGE('',*,*,#20825,.T.);
#20886=ORIENTED_EDGE('',*,*,#20845,.F.);
#20887=ORIENTED_EDGE('',*,*,#19640,.F.);
#20888=ORIENTED_EDGE('',*,*,#20870,.T.);
#20889=EDGE_LOOP('',(#20885,#20886,#20887,#20888));
#20890=FACE_OUTER_BOUND('',#20889,.F.);
#20892=CARTESIAN_POINT('',(1.332E1,1.75E0,8.E-1));
#20893=DIRECTION('',(1.E0,0.E0,0.E0));
#20894=DIRECTION('',(0.E0,1.E0,0.E0));
#20895=AXIS2_PLACEMENT_3D('',#20892,#20893,#20894);
#20896=PLANE('',#20895);
#20897=ORIENTED_EDGE('',*,*,#20857,.T.);
#20898=ORIENTED_EDGE('',*,*,#20873,.F.);
#20899=ORIENTED_EDGE('',*,*,#19644,.F.);
#20900=ORIENTED_EDGE('',*,*,#20842,.T.);
#20901=EDGE_LOOP('',(#20897,#20898,#20899,#20900));
#20902=FACE_OUTER_BOUND('',#20901,.F.);
#20904=CARTESIAN_POINT('',(1.3055E1,1.175E1,9.65E-1));
#20905=DIRECTION('',(-7.071067811865E-1,0.E0,7.071067811866E-1));
#20906=DIRECTION('',(-7.071067811866E-1,0.E0,-7.071067811865E-1));
#20907=AXIS2_PLACEMENT_3D('',#20904,#20905,#20906);
#20908=PLANE('',#20907);
#20910=ORIENTED_EDGE('',*,*,#20909,.T.);
#20912=ORIENTED_EDGE('',*,*,#20911,.F.);
#20914=ORIENTED_EDGE('',*,*,#20913,.T.);
#20915=ORIENTED_EDGE('',*,*,#20272,.T.);
#20916=EDGE_LOOP('',(#20910,#20912,#20914,#20915));
#20917=FACE_OUTER_BOUND('',#20916,.F.);
#20919=CARTESIAN_POINT('',(1.297E1,9.75E0,8.E-1));
#20920=DIRECTION('',(0.E0,-1.E0,0.E0));
#20921=DIRECTION('',(1.E0,0.E0,0.E0));
#20922=AXIS2_PLACEMENT_3D('',#20919,#20920,#20921);
#20923=PLANE('',#20922);
#20924=ORIENTED_EDGE('',*,*,#20909,.F.);
#20925=ORIENTED_EDGE('',*,*,#20278,.T.);
#20927=ORIENTED_EDGE('',*,*,#20926,.F.);
#20929=ORIENTED_EDGE('',*,*,#20928,.F.);
#20930=ORIENTED_EDGE('',*,*,#19632,.F.);
#20932=ORIENTED_EDGE('',*,*,#20931,.T.);
#20933=EDGE_LOOP('',(#20924,#20925,#20927,#20929,#20930,#20932));
#20934=FACE_OUTER_BOUND('',#20933,.F.);
#20936=CARTESIAN_POINT('',(1.3235E1,1.175E1,9.65E-1));
#20937=DIRECTION('',(7.071067811865E-1,0.E0,7.071067811866E-1));
#20938=DIRECTION('',(7.071067811866E-1,0.E0,-7.071067811865E-1));
#20939=AXIS2_PLACEMENT_3D('',#20936,#20937,#20938);
#20940=PLANE('',#20939);
#20942=ORIENTED_EDGE('',*,*,#20941,.T.);
#20944=ORIENTED_EDGE('',*,*,#20943,.F.);
#20945=ORIENTED_EDGE('',*,*,#20926,.T.);
#20946=ORIENTED_EDGE('',*,*,#20276,.T.);
#20947=EDGE_LOOP('',(#20942,#20944,#20945,#20946));
#20948=FACE_OUTER_BOUND('',#20947,.F.);
#20950=CARTESIAN_POINT('',(1.332E1,1.375E1,8.E-1));
#20951=DIRECTION('',(0.E0,1.E0,0.E0));
#20952=DIRECTION('',(-1.E0,0.E0,0.E0));
#20953=AXIS2_PLACEMENT_3D('',#20950,#20951,#20952);
#20954=PLANE('',#20953);
#20955=ORIENTED_EDGE('',*,*,#20913,.F.);
#20957=ORIENTED_EDGE('',*,*,#20956,.F.);
#20958=ORIENTED_EDGE('',*,*,#19628,.F.);
#20960=ORIENTED_EDGE('',*,*,#20959,.T.);
#20961=ORIENTED_EDGE('',*,*,#20941,.F.);
#20962=ORIENTED_EDGE('',*,*,#20274,.T.);
#20963=EDGE_LOOP('',(#20955,#20957,#20958,#20960,#20961,#20962));
#20964=FACE_OUTER_BOUND('',#20963,.F.);
#20966=CARTESIAN_POINT('',(1.297E1,1.375E1,8.E-1));
#20967=DIRECTION('',(-1.E0,0.E0,0.E0));
#20968=DIRECTION('',(0.E0,-1.E0,0.E0));
#20969=AXIS2_PLACEMENT_3D('',#20966,#20967,#20968);
#20970=PLANE('',#20969);
#20971=ORIENTED_EDGE('',*,*,#20911,.T.);
#20972=ORIENTED_EDGE('',*,*,#20931,.F.);
#20973=ORIENTED_EDGE('',*,*,#19630,.F.);
#20974=ORIENTED_EDGE('',*,*,#20956,.T.);
#20975=EDGE_LOOP('',(#20971,#20972,#20973,#20974));
#20976=FACE_OUTER_BOUND('',#20975,.F.);
#20978=CARTESIAN_POINT('',(1.332E1,9.75E0,8.E-1));
#20979=DIRECTION('',(1.E0,0.E0,0.E0));
#20980=DIRECTION('',(0.E0,1.E0,0.E0));
#20981=AXIS2_PLACEMENT_3D('',#20978,#20979,#20980);
#20982=PLANE('',#20981);
#20983=ORIENTED_EDGE('',*,*,#20943,.T.);
#20984=ORIENTED_EDGE('',*,*,#20959,.F.);
#20985=ORIENTED_EDGE('',*,*,#19634,.F.);
#20986=ORIENTED_EDGE('',*,*,#20928,.T.);
#20987=EDGE_LOOP('',(#20983,#20984,#20985,#20986));
#20988=FACE_OUTER_BOUND('',#20987,.F.);
#20990=CARTESIAN_POINT('',(7.6E0,1.6555E1,9.65E-1));
#20991=DIRECTION('',(0.E0,-7.071067811865E-1,7.071067811866E-1));
#20992=DIRECTION('',(0.E0,-7.071067811866E-1,-7.071067811865E-1));
#20993=AXIS2_PLACEMENT_3D('',#20990,#20991,#20992);
#20994=PLANE('',#20993);
#20996=ORIENTED_EDGE('',*,*,#20995,.T.);
#20998=ORIENTED_EDGE('',*,*,#20997,.F.);
#21000=ORIENTED_EDGE('',*,*,#20999,.T.);
#21001=ORIENTED_EDGE('',*,*,#20288,.T.);
#21002=EDGE_LOOP('',(#20996,#20998,#21000,#21001));
#21003=FACE_OUTER_BOUND('',#21002,.F.);
#21005=CARTESIAN_POINT('',(9.6E0,1.647E1,8.E-1));
#21006=DIRECTION('',(1.E0,0.E0,0.E0));
#21007=DIRECTION('',(0.E0,1.E0,0.E0));
#21008=AXIS2_PLACEMENT_3D('',#21005,#21006,#21007);
#21009=PLANE('',#21008);
#21010=ORIENTED_EDGE('',*,*,#20995,.F.);
#21011=ORIENTED_EDGE('',*,*,#20294,.T.);
#21013=ORIENTED_EDGE('',*,*,#21012,.F.);
#21015=ORIENTED_EDGE('',*,*,#21014,.F.);
#21016=ORIENTED_EDGE('',*,*,#19704,.F.);
#21018=ORIENTED_EDGE('',*,*,#21017,.T.);
#21019=EDGE_LOOP('',(#21010,#21011,#21013,#21015,#21016,#21018));
#21020=FACE_OUTER_BOUND('',#21019,.F.);
#21022=CARTESIAN_POINT('',(7.6E0,1.6735E1,9.65E-1));
#21023=DIRECTION('',(0.E0,7.071067811865E-1,7.071067811866E-1));
#21024=DIRECTION('',(0.E0,7.071067811866E-1,-7.071067811865E-1));
#21025=AXIS2_PLACEMENT_3D('',#21022,#21023,#21024);
#21026=PLANE('',#21025);
#21028=ORIENTED_EDGE('',*,*,#21027,.T.);
#21030=ORIENTED_EDGE('',*,*,#21029,.F.);
#21031=ORIENTED_EDGE('',*,*,#21012,.T.);
#21032=ORIENTED_EDGE('',*,*,#20292,.T.);
#21033=EDGE_LOOP('',(#21028,#21030,#21031,#21032));
#21034=FACE_OUTER_BOUND('',#21033,.F.);
#21036=CARTESIAN_POINT('',(5.6E0,1.682E1,8.E-1));
#21037=DIRECTION('',(-1.E0,0.E0,0.E0));
#21038=DIRECTION('',(0.E0,-1.E0,0.E0));
#21039=AXIS2_PLACEMENT_3D('',#21036,#21037,#21038);
#21040=PLANE('',#21039);
#21041=ORIENTED_EDGE('',*,*,#20999,.F.);
#21043=ORIENTED_EDGE('',*,*,#21042,.F.);
#21044=ORIENTED_EDGE('',*,*,#19700,.F.);
#21046=ORIENTED_EDGE('',*,*,#21045,.T.);
#21047=ORIENTED_EDGE('',*,*,#21027,.F.);
#21048=ORIENTED_EDGE('',*,*,#20290,.T.);
#21049=EDGE_LOOP('',(#21041,#21043,#21044,#21046,#21047,#21048));
#21050=FACE_OUTER_BOUND('',#21049,.F.);
#21052=CARTESIAN_POINT('',(5.6E0,1.647E1,8.E-1));
#21053=DIRECTION('',(0.E0,-1.E0,0.E0));
#21054=DIRECTION('',(1.E0,0.E0,0.E0));
#21055=AXIS2_PLACEMENT_3D('',#21052,#21053,#21054);
#21056=PLANE('',#21055);
#21057=ORIENTED_EDGE('',*,*,#20997,.T.);
#21058=ORIENTED_EDGE('',*,*,#21017,.F.);
#21059=ORIENTED_EDGE('',*,*,#19702,.F.);
#21060=ORIENTED_EDGE('',*,*,#21042,.T.);
#21061=EDGE_LOOP('',(#21057,#21058,#21059,#21060));
#21062=FACE_OUTER_BOUND('',#21061,.F.);
#21064=CARTESIAN_POINT('',(9.6E0,1.682E1,8.E-1));
#21065=DIRECTION('',(0.E0,1.E0,0.E0));
#21066=DIRECTION('',(-1.E0,0.E0,0.E0));
#21067=AXIS2_PLACEMENT_3D('',#21064,#21065,#21066);
#21068=PLANE('',#21067);
#21069=ORIENTED_EDGE('',*,*,#21029,.T.);
#21070=ORIENTED_EDGE('',*,*,#21045,.F.);
#21071=ORIENTED_EDGE('',*,*,#19698,.F.);
#21072=ORIENTED_EDGE('',*,*,#21014,.T.);
#21073=EDGE_LOOP('',(#21069,#21070,#21071,#21072));
#21074=FACE_OUTER_BOUND('',#21073,.F.);
#21076=CARTESIAN_POINT('',(-1.3235E1,-3.25E0,9.65E-1));
#21077=DIRECTION('',(-7.071067811865E-1,0.E0,7.071067811865E-1));
#21078=DIRECTION('',(-7.071067811865E-1,0.E0,-7.071067811865E-1));
#21079=AXIS2_PLACEMENT_3D('',#21076,#21077,#21078);
#21080=PLANE('',#21079);
#21082=ORIENTED_EDGE('',*,*,#21081,.T.);
#21084=ORIENTED_EDGE('',*,*,#21083,.F.);
#21086=ORIENTED_EDGE('',*,*,#21085,.T.);
#21087=ORIENTED_EDGE('',*,*,#20304,.T.);
#21088=EDGE_LOOP('',(#21082,#21084,#21086,#21087));
#21089=FACE_OUTER_BOUND('',#21088,.F.);
#21091=CARTESIAN_POINT('',(-1.332E1,-5.25E0,8.E-1));
#21092=DIRECTION('',(0.E0,-1.E0,0.E0));
#21093=DIRECTION('',(1.E0,0.E0,0.E0));
#21094=AXIS2_PLACEMENT_3D('',#21091,#21092,#21093);
#21095=PLANE('',#21094);
#21096=ORIENTED_EDGE('',*,*,#21081,.F.);
#21097=ORIENTED_EDGE('',*,*,#20310,.T.);
#21099=ORIENTED_EDGE('',*,*,#21098,.F.);
#21101=ORIENTED_EDGE('',*,*,#21100,.F.);
#21102=ORIENTED_EDGE('',*,*,#19658,.F.);
#21104=ORIENTED_EDGE('',*,*,#21103,.T.);
#21105=EDGE_LOOP('',(#21096,#21097,#21099,#21101,#21102,#21104));
#21106=FACE_OUTER_BOUND('',#21105,.F.);
#21108=CARTESIAN_POINT('',(-1.3055E1,-3.25E0,9.65E-1));
#21109=DIRECTION('',(7.071067811865E-1,0.E0,7.071067811866E-1));
#21110=DIRECTION('',(7.071067811866E-1,0.E0,-7.071067811865E-1));
#21111=AXIS2_PLACEMENT_3D('',#21108,#21109,#21110);
#21112=PLANE('',#21111);
#21114=ORIENTED_EDGE('',*,*,#21113,.T.);
#21116=ORIENTED_EDGE('',*,*,#21115,.F.);
#21117=ORIENTED_EDGE('',*,*,#21098,.T.);
#21118=ORIENTED_EDGE('',*,*,#20308,.T.);
#21119=EDGE_LOOP('',(#21114,#21116,#21117,#21118));
#21120=FACE_OUTER_BOUND('',#21119,.F.);
#21122=CARTESIAN_POINT('',(-1.297E1,-1.25E0,8.E-1));
#21123=DIRECTION('',(0.E0,1.E0,0.E0));
#21124=DIRECTION('',(-1.E0,0.E0,0.E0));
#21125=AXIS2_PLACEMENT_3D('',#21122,#21123,#21124);
#21126=PLANE('',#21125);
#21127=ORIENTED_EDGE('',*,*,#21085,.F.);
#21129=ORIENTED_EDGE('',*,*,#21128,.F.);
#21130=ORIENTED_EDGE('',*,*,#19662,.F.);
#21132=ORIENTED_EDGE('',*,*,#21131,.T.);
#21133=ORIENTED_EDGE('',*,*,#21113,.F.);
#21134=ORIENTED_EDGE('',*,*,#20306,.T.);
#21135=EDGE_LOOP('',(#21127,#21129,#21130,#21132,#21133,#21134));
#21136=FACE_OUTER_BOUND('',#21135,.F.);
#21138=CARTESIAN_POINT('',(-1.332E1,-1.25E0,8.E-1));
#21139=DIRECTION('',(-1.E0,0.E0,0.E0));
#21140=DIRECTION('',(0.E0,-1.E0,0.E0));
#21141=AXIS2_PLACEMENT_3D('',#21138,#21139,#21140);
#21142=PLANE('',#21141);
#21143=ORIENTED_EDGE('',*,*,#21083,.T.);
#21144=ORIENTED_EDGE('',*,*,#21103,.F.);
#21145=ORIENTED_EDGE('',*,*,#19664,.F.);
#21146=ORIENTED_EDGE('',*,*,#21128,.T.);
#21147=EDGE_LOOP('',(#21143,#21144,#21145,#21146));
#21148=FACE_OUTER_BOUND('',#21147,.F.);
#21150=CARTESIAN_POINT('',(-1.297E1,-5.25E0,8.E-1));
#21151=DIRECTION('',(1.E0,0.E0,0.E0));
#21152=DIRECTION('',(0.E0,1.E0,0.E0));
#21153=AXIS2_PLACEMENT_3D('',#21150,#21151,#21152);
#21154=PLANE('',#21153);
#21155=ORIENTED_EDGE('',*,*,#21115,.T.);
#21156=ORIENTED_EDGE('',*,*,#21131,.F.);
#21157=ORIENTED_EDGE('',*,*,#19660,.F.);
#21158=ORIENTED_EDGE('',*,*,#21100,.T.);
#21159=EDGE_LOOP('',(#21155,#21156,#21157,#21158));
#21160=FACE_OUTER_BOUND('',#21159,.F.);
#21162=CARTESIAN_POINT('',(-1.3235E1,-1.125E1,9.65E-1));
#21163=DIRECTION('',(-7.071067811865E-1,0.E0,7.071067811865E-1));
#21164=DIRECTION('',(-7.071067811865E-1,0.E0,-7.071067811865E-1));
#21165=AXIS2_PLACEMENT_3D('',#21162,#21163,#21164);
#21166=PLANE('',#21165);
#21168=ORIENTED_EDGE('',*,*,#21167,.T.);
#21170=ORIENTED_EDGE('',*,*,#21169,.F.);
#21172=ORIENTED_EDGE('',*,*,#21171,.T.);
#21173=ORIENTED_EDGE('',*,*,#20320,.T.);
#21174=EDGE_LOOP('',(#21168,#21170,#21172,#21173));
#21175=FACE_OUTER_BOUND('',#21174,.F.);
#21177=CARTESIAN_POINT('',(-1.332E1,-1.325E1,8.E-1));
#21178=DIRECTION('',(0.E0,-1.E0,0.E0));
#21179=DIRECTION('',(1.E0,0.E0,0.E0));
#21180=AXIS2_PLACEMENT_3D('',#21177,#21178,#21179);
#21181=PLANE('',#21180);
#21182=ORIENTED_EDGE('',*,*,#21167,.F.);
#21183=ORIENTED_EDGE('',*,*,#20326,.T.);
#21185=ORIENTED_EDGE('',*,*,#21184,.F.);
#21187=ORIENTED_EDGE('',*,*,#21186,.F.);
#21188=ORIENTED_EDGE('',*,*,#19648,.F.);
#21190=ORIENTED_EDGE('',*,*,#21189,.T.);
#21191=EDGE_LOOP('',(#21182,#21183,#21185,#21187,#21188,#21190));
#21192=FACE_OUTER_BOUND('',#21191,.F.);
#21194=CARTESIAN_POINT('',(-1.3055E1,-1.125E1,9.65E-1));
#21195=DIRECTION('',(7.071067811865E-1,0.E0,7.071067811865E-1));
#21196=DIRECTION('',(7.071067811865E-1,0.E0,-7.071067811865E-1));
#21197=AXIS2_PLACEMENT_3D('',#21194,#21195,#21196);
#21198=PLANE('',#21197);
#21200=ORIENTED_EDGE('',*,*,#21199,.T.);
#21202=ORIENTED_EDGE('',*,*,#21201,.F.);
#21203=ORIENTED_EDGE('',*,*,#21184,.T.);
#21204=ORIENTED_EDGE('',*,*,#20324,.T.);
#21205=EDGE_LOOP('',(#21200,#21202,#21203,#21204));
#21206=FACE_OUTER_BOUND('',#21205,.F.);
#21208=CARTESIAN_POINT('',(-1.297E1,-9.25E0,8.E-1));
#21209=DIRECTION('',(0.E0,1.E0,0.E0));
#21210=DIRECTION('',(-1.E0,0.E0,0.E0));
#21211=AXIS2_PLACEMENT_3D('',#21208,#21209,#21210);
#21212=PLANE('',#21211);
#21213=ORIENTED_EDGE('',*,*,#21171,.F.);
#21215=ORIENTED_EDGE('',*,*,#21214,.F.);
#21216=ORIENTED_EDGE('',*,*,#19652,.F.);
#21218=ORIENTED_EDGE('',*,*,#21217,.T.);
#21219=ORIENTED_EDGE('',*,*,#21199,.F.);
#21220=ORIENTED_EDGE('',*,*,#20322,.T.);
#21221=EDGE_LOOP('',(#21213,#21215,#21216,#21218,#21219,#21220));
#21222=FACE_OUTER_BOUND('',#21221,.F.);
#21224=CARTESIAN_POINT('',(-1.332E1,-9.25E0,8.E-1));
#21225=DIRECTION('',(-1.E0,0.E0,0.E0));
#21226=DIRECTION('',(0.E0,-1.E0,0.E0));
#21227=AXIS2_PLACEMENT_3D('',#21224,#21225,#21226);
#21228=PLANE('',#21227);
#21229=ORIENTED_EDGE('',*,*,#21169,.T.);
#21230=ORIENTED_EDGE('',*,*,#21189,.F.);
#21231=ORIENTED_EDGE('',*,*,#19654,.F.);
#21232=ORIENTED_EDGE('',*,*,#21214,.T.);
#21233=EDGE_LOOP('',(#21229,#21230,#21231,#21232));
#21234=FACE_OUTER_BOUND('',#21233,.F.);
#21236=CARTESIAN_POINT('',(-1.297E1,-1.325E1,8.E-1));
#21237=DIRECTION('',(1.E0,0.E0,0.E0));
#21238=DIRECTION('',(0.E0,1.E0,0.E0));
#21239=AXIS2_PLACEMENT_3D('',#21236,#21237,#21238);
#21240=PLANE('',#21239);
#21241=ORIENTED_EDGE('',*,*,#21201,.T.);
#21242=ORIENTED_EDGE('',*,*,#21217,.F.);
#21243=ORIENTED_EDGE('',*,*,#19650,.F.);
#21244=ORIENTED_EDGE('',*,*,#21186,.T.);
#21245=EDGE_LOOP('',(#21241,#21242,#21243,#21244));
#21246=FACE_OUTER_BOUND('',#21245,.F.);
#21248=CARTESIAN_POINT('',(-7.6E0,-1.6235E1,9.65E-1));
#21249=DIRECTION('',(0.E0,-7.071067811865E-1,7.071067811866E-1));
#21250=DIRECTION('',(0.E0,-7.071067811866E-1,-7.071067811865E-1));
#21251=AXIS2_PLACEMENT_3D('',#21248,#21249,#21250);
#21252=PLANE('',#21251);
#21254=ORIENTED_EDGE('',*,*,#21253,.T.);
#21256=ORIENTED_EDGE('',*,*,#21255,.F.);
#21258=ORIENTED_EDGE('',*,*,#21257,.T.);
#21259=ORIENTED_EDGE('',*,*,#20336,.T.);
#21260=EDGE_LOOP('',(#21254,#21256,#21258,#21259));
#21261=FACE_OUTER_BOUND('',#21260,.F.);
#21263=CARTESIAN_POINT('',(-5.6E0,-1.632E1,8.E-1));
#21264=DIRECTION('',(1.E0,0.E0,0.E0));
#21265=DIRECTION('',(0.E0,1.E0,0.E0));
#21266=AXIS2_PLACEMENT_3D('',#21263,#21264,#21265);
#21267=PLANE('',#21266);
#21268=ORIENTED_EDGE('',*,*,#21253,.F.);
#21269=ORIENTED_EDGE('',*,*,#20342,.T.);
#21271=ORIENTED_EDGE('',*,*,#21270,.F.);
#21273=ORIENTED_EDGE('',*,*,#21272,.F.);
#21274=ORIENTED_EDGE('',*,*,#19710,.F.);
#21276=ORIENTED_EDGE('',*,*,#21275,.T.);
#21277=EDGE_LOOP('',(#21268,#21269,#21271,#21273,#21274,#21276));
#21278=FACE_OUTER_BOUND('',#21277,.F.);
#21280=CARTESIAN_POINT('',(-7.6E0,-1.6055E1,9.65E-1));
#21281=DIRECTION('',(0.E0,7.071067811865E-1,7.071067811866E-1));
#21282=DIRECTION('',(0.E0,7.071067811866E-1,-7.071067811865E-1));
#21283=AXIS2_PLACEMENT_3D('',#21280,#21281,#21282);
#21284=PLANE('',#21283);
#21286=ORIENTED_EDGE('',*,*,#21285,.T.);
#21288=ORIENTED_EDGE('',*,*,#21287,.F.);
#21289=ORIENTED_EDGE('',*,*,#21270,.T.);
#21290=ORIENTED_EDGE('',*,*,#20340,.T.);
#21291=EDGE_LOOP('',(#21286,#21288,#21289,#21290));
#21292=FACE_OUTER_BOUND('',#21291,.F.);
#21294=CARTESIAN_POINT('',(-9.6E0,-1.597E1,8.E-1));
#21295=DIRECTION('',(-1.E0,0.E0,0.E0));
#21296=DIRECTION('',(0.E0,-1.E0,0.E0));
#21297=AXIS2_PLACEMENT_3D('',#21294,#21295,#21296);
#21298=PLANE('',#21297);
#21299=ORIENTED_EDGE('',*,*,#21257,.F.);
#21301=ORIENTED_EDGE('',*,*,#21300,.F.);
#21302=ORIENTED_EDGE('',*,*,#19714,.F.);
#21304=ORIENTED_EDGE('',*,*,#21303,.T.);
#21305=ORIENTED_EDGE('',*,*,#21285,.F.);
#21306=ORIENTED_EDGE('',*,*,#20338,.T.);
#21307=EDGE_LOOP('',(#21299,#21301,#21302,#21304,#21305,#21306));
#21308=FACE_OUTER_BOUND('',#21307,.F.);
#21310=CARTESIAN_POINT('',(-9.6E0,-1.632E1,8.E-1));
#21311=DIRECTION('',(0.E0,-1.E0,0.E0));
#21312=DIRECTION('',(1.E0,0.E0,0.E0));
#21313=AXIS2_PLACEMENT_3D('',#21310,#21311,#21312);
#21314=PLANE('',#21313);
#21315=ORIENTED_EDGE('',*,*,#21255,.T.);
#21316=ORIENTED_EDGE('',*,*,#21275,.F.);
#21317=ORIENTED_EDGE('',*,*,#19708,.F.);
#21318=ORIENTED_EDGE('',*,*,#21300,.T.);
#21319=EDGE_LOOP('',(#21315,#21316,#21317,#21318));
#21320=FACE_OUTER_BOUND('',#21319,.F.);
#21322=CARTESIAN_POINT('',(-5.6E0,-1.597E1,8.E-1));
#21323=DIRECTION('',(0.E0,1.E0,0.E0));
#21324=DIRECTION('',(-1.E0,0.E0,0.E0));
#21325=AXIS2_PLACEMENT_3D('',#21322,#21323,#21324);
#21326=PLANE('',#21325);
#21327=ORIENTED_EDGE('',*,*,#21287,.T.);
#21328=ORIENTED_EDGE('',*,*,#21303,.F.);
#21329=ORIENTED_EDGE('',*,*,#19712,.F.);
#21330=ORIENTED_EDGE('',*,*,#21272,.T.);
#21331=EDGE_LOOP('',(#21327,#21328,#21329,#21330));
#21332=FACE_OUTER_BOUND('',#21331,.F.);
#21334=CARTESIAN_POINT('',(1.276776695297E1,-1.484350288425E1,-4.1E0));
#21335=DIRECTION('',(7.071067811865E-1,7.071067811865E-1,0.E0));
#21336=DIRECTION('',(-7.071067811865E-1,7.071067811865E-1,0.E0));
#21337=AXIS2_PLACEMENT_3D('',#21334,#21335,#21336);
#21338=PLANE('',#21337);
#21339=ORIENTED_EDGE('',*,*,#19486,.F.);
#21340=ORIENTED_EDGE('',*,*,#19305,.F.);
#21341=ORIENTED_EDGE('',*,*,#19385,.T.);
#21343=ORIENTED_EDGE('',*,*,#21342,.F.);
#21344=EDGE_LOOP('',(#21339,#21340,#21341,#21343));
#21345=FACE_OUTER_BOUND('',#21344,.F.);
#21347=CARTESIAN_POINT('',(1.1E1,-1.35E1,-4.1E0));
#21348=DIRECTION('',(0.E0,0.E0,1.E0));
#21349=DIRECTION('',(1.E0,0.E0,0.E0));
#21350=AXIS2_PLACEMENT_3D('',#21347,#21348,#21349);
#21351=CYLINDRICAL_SURFACE('',#21350,1.E0);
#21352=ORIENTED_EDGE('',*,*,#19488,.F.);
#21353=ORIENTED_EDGE('',*,*,#21342,.T.);
#21354=ORIENTED_EDGE('',*,*,#19383,.T.);
#21356=ORIENTED_EDGE('',*,*,#21355,.F.);
#21357=EDGE_LOOP('',(#21352,#21353,#21354,#21356));
#21358=FACE_OUTER_BOUND('',#21357,.F.);
#21360=CARTESIAN_POINT('',(1.13E1,-1.254606079858E1,-4.1E0));
#21361=DIRECTION('',(1.E0,0.E0,0.E0));
#21362=DIRECTION('',(0.E0,1.E0,0.E0));
#21363=AXIS2_PLACEMENT_3D('',#21360,#21361,#21362);
#21364=PLANE('',#21363);
#21365=ORIENTED_EDGE('',*,*,#19490,.F.);
#21366=ORIENTED_EDGE('',*,*,#21355,.T.);
#21367=ORIENTED_EDGE('',*,*,#19381,.T.);
#21369=ORIENTED_EDGE('',*,*,#21368,.F.);
#21370=EDGE_LOOP('',(#21365,#21366,#21367,#21369));
#21371=FACE_OUTER_BOUND('',#21370,.F.);
#21373=CARTESIAN_POINT('',(1.13E1,-1.054606079858E1,-4.1E0));
#21374=DIRECTION('',(0.E0,1.E0,0.E0));
#21375=DIRECTION('',(-1.E0,0.E0,0.E0));
#21376=AXIS2_PLACEMENT_3D('',#21373,#21374,#21375);
#21377=PLANE('',#21376);
#21378=ORIENTED_EDGE('',*,*,#19492,.F.);
#21379=ORIENTED_EDGE('',*,*,#21368,.T.);
#21380=ORIENTED_EDGE('',*,*,#19379,.T.);
#21382=ORIENTED_EDGE('',*,*,#21381,.F.);
#21383=EDGE_LOOP('',(#21378,#21379,#21380,#21382));
#21384=FACE_OUTER_BOUND('',#21383,.F.);
#21386=CARTESIAN_POINT('',(1.07E1,-1.054606079858E1,-4.1E0));
#21387=DIRECTION('',(-1.E0,0.E0,0.E0));
#21388=DIRECTION('',(0.E0,-1.E0,0.E0));
#21389=AXIS2_PLACEMENT_3D('',#21386,#21387,#21388);
#21390=PLANE('',#21389);
#21391=ORIENTED_EDGE('',*,*,#19494,.F.);
#21392=ORIENTED_EDGE('',*,*,#21381,.T.);
#21393=ORIENTED_EDGE('',*,*,#19377,.T.);
#21395=ORIENTED_EDGE('',*,*,#21394,.F.);
#21396=EDGE_LOOP('',(#21391,#21392,#21393,#21395));
#21397=FACE_OUTER_BOUND('',#21396,.F.);
#21399=CARTESIAN_POINT('',(1.1E1,-1.35E1,-4.1E0));
#21400=DIRECTION('',(0.E0,0.E0,1.E0));
#21401=DIRECTION('',(1.E0,0.E0,0.E0));
#21402=AXIS2_PLACEMENT_3D('',#21399,#21400,#21401);
#21403=CYLINDRICAL_SURFACE('',#21402,1.E0);
#21404=ORIENTED_EDGE('',*,*,#19496,.F.);
#21405=ORIENTED_EDGE('',*,*,#21394,.T.);
#21406=ORIENTED_EDGE('',*,*,#19375,.T.);
#21408=ORIENTED_EDGE('',*,*,#21407,.F.);
#21409=EDGE_LOOP('',(#21404,#21405,#21406,#21408));
#21410=FACE_OUTER_BOUND('',#21409,.F.);
#21412=CARTESIAN_POINT('',(1.004606079858E1,-1.32E1,-4.1E0));
#21413=DIRECTION('',(0.E0,1.E0,0.E0));
#21414=DIRECTION('',(-1.E0,0.E0,0.E0));
#21415=AXIS2_PLACEMENT_3D('',#21412,#21413,#21414);
#21416=PLANE('',#21415);
#21417=ORIENTED_EDGE('',*,*,#19498,.F.);
#21418=ORIENTED_EDGE('',*,*,#21407,.T.);
#21419=ORIENTED_EDGE('',*,*,#19373,.T.);
#21421=ORIENTED_EDGE('',*,*,#21420,.F.);
#21422=EDGE_LOOP('',(#21417,#21418,#21419,#21421));
#21423=FACE_OUTER_BOUND('',#21422,.F.);
#21425=CARTESIAN_POINT('',(8.046060798583E0,-1.32E1,-4.1E0));
#21426=DIRECTION('',(-1.E0,0.E0,0.E0));
#21427=DIRECTION('',(0.E0,-1.E0,0.E0));
#21428=AXIS2_PLACEMENT_3D('',#21425,#21426,#21427);
#21429=PLANE('',#21428);
#21430=ORIENTED_EDGE('',*,*,#19500,.F.);
#21431=ORIENTED_EDGE('',*,*,#21420,.T.);
#21432=ORIENTED_EDGE('',*,*,#19371,.T.);
#21434=ORIENTED_EDGE('',*,*,#21433,.F.);
#21435=EDGE_LOOP('',(#21430,#21431,#21432,#21434));
#21436=FACE_OUTER_BOUND('',#21435,.F.);
#21438=CARTESIAN_POINT('',(8.046060798583E0,-1.38E1,-4.1E0));
#21439=DIRECTION('',(0.E0,-1.E0,0.E0));
#21440=DIRECTION('',(1.E0,0.E0,0.E0));
#21441=AXIS2_PLACEMENT_3D('',#21438,#21439,#21440);
#21442=PLANE('',#21441);
#21443=ORIENTED_EDGE('',*,*,#19502,.F.);
#21444=ORIENTED_EDGE('',*,*,#21433,.T.);
#21445=ORIENTED_EDGE('',*,*,#19369,.T.);
#21447=ORIENTED_EDGE('',*,*,#21446,.F.);
#21448=EDGE_LOOP('',(#21443,#21444,#21445,#21447));
#21449=FACE_OUTER_BOUND('',#21448,.F.);
#21451=CARTESIAN_POINT('',(1.1E1,-1.35E1,-4.1E0));
#21452=DIRECTION('',(0.E0,0.E0,1.E0));
#21453=DIRECTION('',(1.E0,0.E0,0.E0));
#21454=AXIS2_PLACEMENT_3D('',#21451,#21452,#21453);
#21455=CYLINDRICAL_SURFACE('',#21454,1.E0);
#21456=ORIENTED_EDGE('',*,*,#19504,.F.);
#21457=ORIENTED_EDGE('',*,*,#21446,.T.);
#21458=ORIENTED_EDGE('',*,*,#19367,.T.);
#21460=ORIENTED_EDGE('',*,*,#21459,.F.);
#21461=EDGE_LOOP('',(#21456,#21457,#21458,#21460));
#21462=FACE_OUTER_BOUND('',#21461,.F.);
#21464=CARTESIAN_POINT('',(1.146240484381E1,-1.438666891252E1,-4.1E0));
#21465=DIRECTION('',(-7.071067811865E-1,-7.071067811865E-1,0.E0));
#21466=DIRECTION('',(7.071067811865E-1,-7.071067811865E-1,0.E0));
#21467=AXIS2_PLACEMENT_3D('',#21464,#21465,#21466);
#21468=PLANE('',#21467);
#21469=ORIENTED_EDGE('',*,*,#19506,.F.);
#21470=ORIENTED_EDGE('',*,*,#21459,.T.);
#21471=ORIENTED_EDGE('',*,*,#19365,.T.);
#21472=ORIENTED_EDGE('',*,*,#19316,.T.);
#21473=EDGE_LOOP('',(#21469,#21470,#21471,#21472));
#21474=FACE_OUTER_BOUND('',#21473,.F.);
#21476=CARTESIAN_POINT('',(-1.1E1,-1.35E1,-4.1E0));
#21477=DIRECTION('',(0.E0,0.E0,1.E0));
#21478=DIRECTION('',(1.E0,0.E0,0.E0));
#21479=AXIS2_PLACEMENT_3D('',#21476,#21477,#21478);
#21480=CYLINDRICAL_SURFACE('',#21479,1.E0);
#21481=ORIENTED_EDGE('',*,*,#19512,.F.);
#21482=ORIENTED_EDGE('',*,*,#19427,.T.);
#21483=ORIENTED_EDGE('',*,*,#19346,.T.);
#21485=ORIENTED_EDGE('',*,*,#21484,.F.);
#21486=EDGE_LOOP('',(#21481,#21482,#21483,#21485));
#21487=FACE_OUTER_BOUND('',#21486,.F.);
#21489=CARTESIAN_POINT('',(-1.004606079858E1,-1.38E1,-4.1E0));
#21490=DIRECTION('',(0.E0,-1.E0,0.E0));
#21491=DIRECTION('',(1.E0,0.E0,0.E0));
#21492=AXIS2_PLACEMENT_3D('',#21489,#21490,#21491);
#21493=PLANE('',#21492);
#21494=ORIENTED_EDGE('',*,*,#19514,.F.);
#21495=ORIENTED_EDGE('',*,*,#21484,.T.);
#21496=ORIENTED_EDGE('',*,*,#19344,.T.);
#21498=ORIENTED_EDGE('',*,*,#21497,.F.);
#21499=EDGE_LOOP('',(#21494,#21495,#21496,#21498));
#21500=FACE_OUTER_BOUND('',#21499,.F.);
#21502=CARTESIAN_POINT('',(-8.046060798583E0,-1.38E1,-4.1E0));
#21503=DIRECTION('',(1.E0,0.E0,0.E0));
#21504=DIRECTION('',(0.E0,1.E0,0.E0));
#21505=AXIS2_PLACEMENT_3D('',#21502,#21503,#21504);
#21506=PLANE('',#21505);
#21507=ORIENTED_EDGE('',*,*,#19516,.F.);
#21508=ORIENTED_EDGE('',*,*,#21497,.T.);
#21509=ORIENTED_EDGE('',*,*,#19342,.T.);
#21511=ORIENTED_EDGE('',*,*,#21510,.F.);
#21512=EDGE_LOOP('',(#21507,#21508,#21509,#21511));
#21513=FACE_OUTER_BOUND('',#21512,.F.);
#21515=CARTESIAN_POINT('',(-8.046060798583E0,-1.32E1,-4.1E0));
#21516=DIRECTION('',(0.E0,1.E0,0.E0));
#21517=DIRECTION('',(-1.E0,0.E0,0.E0));
#21518=AXIS2_PLACEMENT_3D('',#21515,#21516,#21517);
#21519=PLANE('',#21518);
#21520=ORIENTED_EDGE('',*,*,#19518,.F.);
#21521=ORIENTED_EDGE('',*,*,#21510,.T.);
#21522=ORIENTED_EDGE('',*,*,#19340,.T.);
#21524=ORIENTED_EDGE('',*,*,#21523,.F.);
#21525=EDGE_LOOP('',(#21520,#21521,#21522,#21524));
#21526=FACE_OUTER_BOUND('',#21525,.F.);
#21528=CARTESIAN_POINT('',(-1.1E1,-1.35E1,-4.1E0));
#21529=DIRECTION('',(0.E0,0.E0,1.E0));
#21530=DIRECTION('',(1.E0,0.E0,0.E0));
#21531=AXIS2_PLACEMENT_3D('',#21528,#21529,#21530);
#21532=CYLINDRICAL_SURFACE('',#21531,1.E0);
#21533=ORIENTED_EDGE('',*,*,#19520,.F.);
#21534=ORIENTED_EDGE('',*,*,#21523,.T.);
#21535=ORIENTED_EDGE('',*,*,#19338,.T.);
#21537=ORIENTED_EDGE('',*,*,#21536,.F.);
#21538=EDGE_LOOP('',(#21533,#21534,#21535,#21537));
#21539=FACE_OUTER_BOUND('',#21538,.F.);
#21541=CARTESIAN_POINT('',(-1.07E1,-1.254606079858E1,-4.1E0));
#21542=DIRECTION('',(1.E0,0.E0,0.E0));
#21543=DIRECTION('',(0.E0,1.E0,0.E0));
#21544=AXIS2_PLACEMENT_3D('',#21541,#21542,#21543);
#21545=PLANE('',#21544);
#21546=ORIENTED_EDGE('',*,*,#19522,.F.);
#21547=ORIENTED_EDGE('',*,*,#21536,.T.);
#21548=ORIENTED_EDGE('',*,*,#19336,.T.);
#21550=ORIENTED_EDGE('',*,*,#21549,.F.);
#21551=EDGE_LOOP('',(#21546,#21547,#21548,#21550));
#21552=FACE_OUTER_BOUND('',#21551,.F.);
#21554=CARTESIAN_POINT('',(-1.07E1,-1.054606079858E1,-4.1E0));
#21555=DIRECTION('',(0.E0,1.E0,0.E0));
#21556=DIRECTION('',(-1.E0,0.E0,0.E0));
#21557=AXIS2_PLACEMENT_3D('',#21554,#21555,#21556);
#21558=PLANE('',#21557);
#21559=ORIENTED_EDGE('',*,*,#19524,.F.);
#21560=ORIENTED_EDGE('',*,*,#21549,.T.);
#21561=ORIENTED_EDGE('',*,*,#19334,.T.);
#21563=ORIENTED_EDGE('',*,*,#21562,.F.);
#21564=EDGE_LOOP('',(#21559,#21560,#21561,#21563));
#21565=FACE_OUTER_BOUND('',#21564,.F.);
#21567=CARTESIAN_POINT('',(-1.13E1,-1.054606079858E1,-4.1E0));
#21568=DIRECTION('',(-1.E0,0.E0,0.E0));
#21569=DIRECTION('',(0.E0,-1.E0,0.E0));
#21570=AXIS2_PLACEMENT_3D('',#21567,#21568,#21569);
#21571=PLANE('',#21570);
#21572=ORIENTED_EDGE('',*,*,#19526,.F.);
#21573=ORIENTED_EDGE('',*,*,#21562,.T.);
#21574=ORIENTED_EDGE('',*,*,#19332,.T.);
#21576=ORIENTED_EDGE('',*,*,#21575,.F.);
#21577=EDGE_LOOP('',(#21572,#21573,#21574,#21576));
#21578=FACE_OUTER_BOUND('',#21577,.F.);
#21580=CARTESIAN_POINT('',(-1.1E1,-1.35E1,-4.1E0));
#21581=DIRECTION('',(0.E0,0.E0,1.E0));
#21582=DIRECTION('',(1.E0,0.E0,0.E0));
#21583=AXIS2_PLACEMENT_3D('',#21580,#21581,#21582);
#21584=CYLINDRICAL_SURFACE('',#21583,1.E0);
#21585=ORIENTED_EDGE('',*,*,#19528,.F.);
#21586=ORIENTED_EDGE('',*,*,#21575,.T.);
#21587=ORIENTED_EDGE('',*,*,#19330,.T.);
#21589=ORIENTED_EDGE('',*,*,#21588,.F.);
#21590=EDGE_LOOP('',(#21585,#21586,#21587,#21589));
#21591=FACE_OUTER_BOUND('',#21590,.F.);
#21593=CARTESIAN_POINT('',(-1.188666891252E1,-1.396240484381E1,-4.1E0));
#21594=DIRECTION('',(-7.071067811865E-1,7.071067811865E-1,0.E0));
#21595=DIRECTION('',(-7.071067811865E-1,-7.071067811865E-1,0.E0));
#21596=AXIS2_PLACEMENT_3D('',#21593,#21594,#21595);
#21597=PLANE('',#21596);
#21598=ORIENTED_EDGE('',*,*,#19530,.F.);
#21599=ORIENTED_EDGE('',*,*,#21588,.T.);
#21600=ORIENTED_EDGE('',*,*,#19328,.T.);
#21601=ORIENTED_EDGE('',*,*,#19413,.T.);
#21602=EDGE_LOOP('',(#21598,#21599,#21600,#21601));
#21603=FACE_OUTER_BOUND('',#21602,.F.);
#21605=CARTESIAN_POINT('',(-1.1E1,-1.35E1,-1.4E0));
#21606=DIRECTION('',(0.E0,0.E0,1.E0));
#21607=DIRECTION('',(1.E0,0.E0,0.E0));
#21608=AXIS2_PLACEMENT_3D('',#21605,#21606,#21607);
#21609=CYLINDRICAL_SURFACE('',#21608,6.5E-1);
#21610=ORIENTED_EDGE('',*,*,#19352,.F.);
#21612=ORIENTED_EDGE('',*,*,#21611,.T.);
#21614=ORIENTED_EDGE('',*,*,#21613,.T.);
#21616=ORIENTED_EDGE('',*,*,#21615,.F.);
#21617=EDGE_LOOP('',(#21610,#21612,#21614,#21616));
#21618=FACE_OUTER_BOUND('',#21617,.F.);
#21620=CARTESIAN_POINT('',(-1.1E1,-1.35E1,-1.4E0));
#21621=DIRECTION('',(0.E0,0.E0,1.E0));
#21622=DIRECTION('',(1.E0,0.E0,0.E0));
#21623=AXIS2_PLACEMENT_3D('',#21620,#21621,#21622);
#21624=CYLINDRICAL_SURFACE('',#21623,6.5E-1);
#21625=ORIENTED_EDGE('',*,*,#19354,.F.);
#21626=ORIENTED_EDGE('',*,*,#21615,.T.);
#21628=ORIENTED_EDGE('',*,*,#21627,.T.);
#21629=ORIENTED_EDGE('',*,*,#21611,.F.);
#21630=EDGE_LOOP('',(#21625,#21626,#21628,#21629));
#21631=FACE_OUTER_BOUND('',#21630,.F.);
#21633=CARTESIAN_POINT('',(0.E0,0.E0,1.9E0));
#21634=DIRECTION('',(0.E0,0.E0,1.E0));
#21635=DIRECTION('',(1.E0,0.E0,0.E0));
#21636=AXIS2_PLACEMENT_3D('',#21633,#21634,#21635);
#21637=PLANE('',#21636);
#21638=ORIENTED_EDGE('',*,*,#21613,.F.);
#21639=ORIENTED_EDGE('',*,*,#21627,.F.);
#21640=EDGE_LOOP('',(#21638,#21639));
#21641=FACE_OUTER_BOUND('',#21640,.F.);
#21643=CARTESIAN_POINT('',(0.E0,0.E0,1.9E0));
#21644=DIRECTION('',(0.E0,0.E0,1.E0));
#21645=DIRECTION('',(1.E0,0.E0,0.E0));
#21646=AXIS2_PLACEMENT_3D('',#21643,#21644,#21645);
#21647=PLANE('',#21646);
#21649=ORIENTED_EDGE('',*,*,#21648,.F.);
#21651=ORIENTED_EDGE('',*,*,#21650,.F.);
#21652=EDGE_LOOP('',(#21649,#21651));
#21653=FACE_OUTER_BOUND('',#21652,.F.);
#21655=CARTESIAN_POINT('',(1.1E1,-1.35E1,-1.4E0));
#21656=DIRECTION('',(0.E0,0.E0,1.E0));
#21657=DIRECTION('',(1.E0,0.E0,0.E0));
#21658=AXIS2_PLACEMENT_3D('',#21655,#21656,#21657);
#21659=CYLINDRICAL_SURFACE('',#21658,6.5E-1);
#21660=ORIENTED_EDGE('',*,*,#19389,.F.);
#21662=ORIENTED_EDGE('',*,*,#21661,.T.);
#21663=ORIENTED_EDGE('',*,*,#21648,.T.);
#21665=ORIENTED_EDGE('',*,*,#21664,.F.);
#21666=EDGE_LOOP('',(#21660,#21662,#21663,#21665));
#21667=FACE_OUTER_BOUND('',#21666,.F.);
#21669=CARTESIAN_POINT('',(1.1E1,-1.35E1,-1.4E0));
#21670=DIRECTION('',(0.E0,0.E0,1.E0));
#21671=DIRECTION('',(1.E0,0.E0,0.E0));
#21672=AXIS2_PLACEMENT_3D('',#21669,#21670,#21671);
#21673=CYLINDRICAL_SURFACE('',#21672,6.5E-1);
#21674=ORIENTED_EDGE('',*,*,#19391,.F.);
#21675=ORIENTED_EDGE('',*,*,#21664,.T.);
#21676=ORIENTED_EDGE('',*,*,#21650,.T.);
#21677=ORIENTED_EDGE('',*,*,#21661,.F.);
#21678=EDGE_LOOP('',(#21674,#21675,#21676,#21677));
#21679=FACE_OUTER_BOUND('',#21678,.F.);
#21681=CLOSED_SHELL('',(#18936,#18951,#18966,#18989,#19003,#19016,#19030,#19043,
#19057,#19070,#19084,#19097,#19111,#19124,#19138,#19151,#19164,#19176,#19191,
#19205,#19219,#19233,#19247,#19261,#19275,#19297,#19320,#19358,#19395,#19417,
#19431,#19537,#19552,#19572,#19728,#19741,#19768,#19782,#19796,#19812,#19828,
#19842,#19857,#19870,#19882,#19907,#19920,#19933,#19945,#19957,#19970,#19983,
#19995,#20008,#20020,#20033,#20046,#20058,#20071,#20084,#20097,#20109,#20124,
#20139,#20156,#20172,#20186,#20202,#20218,#20234,#20250,#20266,#20282,#20298,
#20314,#20330,#20346,#20361,#20378,#20392,#20408,#20420,#20432,#20448,#20461,
#20473,#20488,#20505,#20519,#20535,#20547,#20559,#20574,#20591,#20605,#20621,
#20633,#20645,#20660,#20677,#20691,#20707,#20719,#20731,#20746,#20763,#20777,
#20793,#20805,#20817,#20832,#20849,#20863,#20879,#20891,#20903,#20918,#20935,
#20949,#20965,#20977,#20989,#21004,#21021,#21035,#21051,#21063,#21075,#21090,
#21107,#21121,#21137,#21149,#21161,#21176,#21193,#21207,#21223,#21235,#21247,
#21262,#21279,#21293,#21309,#21321,#21333,#21346,#21359,#21372,#21385,#21398,
#21411,#21424,#21437,#21450,#21463,#21475,#21488,#21501,#21514,#21527,#21540,
#21553,#21566,#21579,#21592,#21604,#21619,#21632,#21642,#21654,#21668,#21680));
#21682=MANIFOLD_SOLID_BREP('',#21681);
#21683=FILL_AREA_STYLE_COLOUR('',#6);
#21684=FILL_AREA_STYLE('',(#21683));
#21685=SURFACE_STYLE_FILL_AREA(#21684);
#21686=SURFACE_SIDE_STYLE('',(#21685));
#21687=SURFACE_STYLE_USAGE(.BOTH.,#21686);
#21688=PRESENTATION_STYLE_ASSIGNMENT((#21687));
#15000=STYLED_ITEM('',(#21688),#21682);
#21691=PLANE_ANGLE_MEASURE_WITH_UNIT(PLANE_ANGLE_MEASURE(1.745329251994E-2),
#21690);
#21692=(CONVERSION_BASED_UNIT('DEGREE',#21691)NAMED_UNIT(*)PLANE_ANGLE_UNIT());
#21694=UNCERTAINTY_MEASURE_WITH_UNIT(LENGTH_MEASURE(4.715956496151E-3),#21689,
'distance_accuracy_value',
'Maximum model space distance between geometric entities at asserted connectivities');
#21696=CARTESIAN_POINT('',(0.E0,0.E0,0.E0));
#21697=DIRECTION('',(0.E0,0.E0,1.E0));
#21698=DIRECTION('',(1.E0,0.E0,0.E0));
#21701=PRODUCT_CONTEXT('',#3411,'mechanical');
#21702=PRODUCT('DIKE-M10GPS-MUJU','DIKE-M10GPS-MUJU','NOT SPECIFIED',(#21701));
#21703=PRODUCT_DEFINITION_FORMATION('61','LAST_VERSION',#21702);
#21711=DERIVED_UNIT_ELEMENT(#21710,2.E0);
#21712=DERIVED_UNIT((#21711));
#21713=MEASURE_REPRESENTATION_ITEM('surface area measure',AREA_MEASURE(
3.297721029662E3),#21712);
#21718=DERIVED_UNIT_ELEMENT(#21717,3.E0);
#21719=DERIVED_UNIT((#21718));
#21720=MEASURE_REPRESENTATION_ITEM('volume measure',VOLUME_MEASURE(
1.852226157177E3),#21719);
#21724=CARTESIAN_POINT('centre point',(2.568035167981E-2,7.487171528907E-2,
-3.604194141138E0));
#21729=DERIVED_UNIT_ELEMENT(#21728,2.E0);
#21730=DERIVED_UNIT((#21729));
#21731=MEASURE_REPRESENTATION_ITEM('surface area measure',AREA_MEASURE(
3.297721029662E3),#21730);
#21736=DERIVED_UNIT_ELEMENT(#21735,3.E0);
#21737=DERIVED_UNIT((#21736));
#21738=MEASURE_REPRESENTATION_ITEM('volume measure',VOLUME_MEASURE(
1.852226157177E3),#21737);
#21742=CARTESIAN_POINT('centre point',(2.568035167981E-2,7.487171528907E-2,
-3.604194141138E0));
#21747=DRAUGHTING_MODEL('Default',(#21759,#21760,#21776),#3460);
#21748=PRESENTATION_VIEW('Default',(#21767,#21780),#3460);
#21749=CARTESIAN_POINT('',(0.E0,0.E0,0.E0));
#21750=CARTESIAN_POINT('',(-2.386311251687E1,-1.893031206120E1,
9.062794215424E1));
#21751=DIRECTION('',(0.E0,0.E0,1.E0));
#21752=DIRECTION('',(1.E0,0.E0,0.E0));
#21753=AXIS2_PLACEMENT_3D('',#21750,#21751,#21752);
#21755=VIEW_VOLUME(.PARALLEL.,#21749,9.062794215424E1,9.062794215424E1,.T.,0.E0,
.F.,.T.,#21754);
#21756=CARTESIAN_POINT('',(1.331280086576E1,6.089930044116E1,7.249326376792E1));
#21757=DIRECTION('',(3.894183423087E-1,7.214918620107E-1,5.725406952575E-1));
#21758=DIRECTION('',(9.210609940029E-1,-3.050418666329E-1,-2.420663234065E-1));
#21759=AXIS2_PLACEMENT_3D('',#21756,#21757,#21758);
#21760=CAMERA_MODEL_D3_WITH_HLHSR('DEFAULT',#21759,#21755,.F.);
#21762=CARTESIAN_POINT('',(-4.930728318616E2,-3.911485800287E2,
1.872604676033E3));
#21763=DIRECTION('',(0.E0,0.E0,1.E0));
#21764=DIRECTION('',(1.E0,0.E0,0.E0));
#21765=AXIS2_PLACEMENT_3D('',#21762,#21763,#21764);
#21767=(CAMERA_IMAGE()CAMERA_IMAGE_3D_WITH_SCALE()GEOMETRIC_REPRESENTATION_ITEM(
)MAPPED_ITEM(#21761,#21766)REPRESENTATION_ITEM(''));
#21768=CARTESIAN_POINT('',(-2.386311251687E1,-1.893031206120E1,
9.062794215424E1));
#21769=DIRECTION('',(0.E0,0.E0,1.E0));
#21770=DIRECTION('',(1.E0,0.E0,0.E0));
#21771=AXIS2_PLACEMENT_3D('',#21768,#21769,#21770);
#21772=REPRESENTATION_MAP(#21771,#21700);
#21773=CARTESIAN_POINT('',(0.E0,0.E0));
#21774=DIRECTION('',(1.E0,0.E0));
#21775=AXIS2_PLACEMENT_2D('',#21773,#21774);
#21776=MAPPED_ITEM('',#21772,#21775);
#21777=CARTESIAN_POINT('',(-2.386311251687E1,-1.893031206120E1,
9.062794215424E1));
#21778=DIRECTION('',(0.E0,0.E0,1.E0));
#21779=DIRECTION('',(1.E0,0.E0,0.E0));
#21780=AXIS2_PLACEMENT_3D('',#21777,#21778,#21779);
#21781=REPRESENTATION_MAP(#21780,#21748);
#21782=CARTESIAN_POINT('',(0.E0,0.E0));
#21783=DIRECTION('',(1.E0,0.E0));
#21784=AXIS2_PLACEMENT_2D('',#21782,#21783);
#21785=MAPPED_ITEM('',#21781,#21784);
#21787=CARTESIAN_POINT('',(0.E0,0.E0));
#21788=DIRECTION('',(1.E0,0.E0));
#21789=AXIS2_PLACEMENT_2D('',#21787,#21788);
#21790=PLANAR_BOX('',1.E3,8.4375E2,#21789);
#21791=PRESENTATION_SIZE(#21786,#21790);
#21792=PRESENTATION_SET();
#21793=AREA_IN_SET(#21786,#21792);
#21794=APPLIED_PRESENTED_ITEM((#21704));
#21795=PRESENTED_ITEM_REPRESENTATION(#21792,#21794);
#21798=CARTESIAN_POINT('centre point',(2.568035167981E-2,-2.204194141138E0,
-7.487171528907E-2));
#21802=CARTESIAN_POINT('',(0.E0,1.4E0,0.E0));
#21803=DIRECTION('',(0.E0,1.E0,0.E0));
#21804=DIRECTION('',(1.E0,0.E0,0.E0));
#21805=AXIS2_PLACEMENT_3D('',#21802,#21803,#21804);
#21806=ITEM_DEFINED_TRANSFORMATION('','',#21699,#21805);
#21807=(REPRESENTATION_RELATIONSHIP('','',#21700,#3542)REPRESENTATION_RELATIONSHIP_WITH_TRANSFORMATION(#21806)SHAPE_REPRESENTATION_RELATIONSHIP());
#21808=CONTEXT_DEPENDENT_SHAPE_REPRESENTATION(#21807,#21797);
#21811=PLANE_ANGLE_MEASURE_WITH_UNIT(PLANE_ANGLE_MEASURE(1.745329251994E-2),
#21810);
#21812=(CONVERSION_BASED_UNIT('DEGREE',#21811)NAMED_UNIT(*)PLANE_ANGLE_UNIT());
#21814=UNCERTAINTY_MEASURE_WITH_UNIT(LENGTH_MEASURE(4.572442161678E-3),#21809,
'distance_accuracy_value',
'Maximum model space distance between geometric entities at asserted connectivities');
#21816=CARTESIAN_POINT('',(0.E0,0.E0,0.E0));
#21817=DIRECTION('',(0.E0,0.E0,1.E0));
#21818=DIRECTION('',(1.E0,0.E0,0.E0));
#21820=MECHANICAL_DESIGN_GEOMETRIC_PRESENTATION_REPRESENTATION('',(#27,#35,#43,
#51,#59,#66,#74,#81,#89,#96,#104,#111,#118,#125,#132,#139,#146,#153,#160,#168,
#176,#183,#190,#197,#205,#213,#220,#227,#234,#241,#248,#255,#263,#271,#279,#287,
#295,#302,#310,#317,#325,#332,#340,#347,#354,#362,#369,#377,#384,#392,#399,#407,
#414,#421,#428,#435,#442,#449,#456,#463,#470,#477,#484,#491,#498,#505,#512,#519,
#526,#533,#540,#547,#554,#561,#568,#575,#582,#589,#597,#604,#612,#619,#627,#634,
#642,#649,#656,#663,#670,#677,#684,#691,#698,#705,#712,#719,#726,#733,#740,#747,
#754,#761,#768,#775,#782,#789,#796,#803,#810,#817,#824,#831,#838,#845,#852,#860,
#868,#875,#882,#889,#896,#903,#910,#917,#924,#931,#938,#945,#952,#959,#966,#973,
#980,#987,#995,#1003,#1010,#1017,#1024,#1031,#1038,#1045,#1052,#1059,#1066,
#1073,#1080,#1087,#1094,#1101,#1108,#1115,#1122,#1129,#1136,#1143,#1150,#1157,
#1164,#1171,#1178,#1186,#1193,#1200,#1207,#1214,#1221,#1228,#1235,#1242,#1249,
#1256,#1263,#1271,#1278,#1285,#1292,#1299,#1306,#1314,#1322,#1329,#1336,#1343,
#1350,#1357,#1364,#1371,#1378,#1720,#1747,#1772,#1856,#1882,#1906,#2037,#2063,
#2089,#2115,#2141,#2167,#2193,#2218,#2278,#2348,#2551,#2569,#2588,#2615,#2641,
#2667,#2692,#2716,#2744,#2770,#2795,#2820,#2844,#2871,#2897,#2923,#2948,#2972,
#2999,#3032,#3058,#3086,#3111,#3135,#3166,#3191,#3216,#3240,#3262,#3289,#3315,
#3341,#3366,#3390,#18,#7252,#7273,#7295,#7315,#9728,#9750,#9771,#9802,#9826,
#9848,#9868,#9890,#9922,#9944,#9966,#9987,#10018,#10042,#10064,#10084,#10106,
#10138,#10160,#10182,#10203,#10234,#10258,#10280,#10300,#10322,#10354,#10376,
#10398,#10419,#10450,#10474,#10496,#10516,#10538,#10570,#10592,#10614,#10635,
#10666,#10690,#10712,#10732,#10754,#10786,#10808,#10830,#10851,#10882,#10906,
#10928,#10948,#10970,#11002,#11207,#11243,#11263,#11282,#11305,#11341,#11361,
#11380,#11403,#11439,#11459,#11478,#11501,#11537,#11557,#11576,#11599,#11635,
#11655,#11674,#15008,#15015,#15023,#15030,#15038,#15045,#15053,#15060,#15068,
#15075,#15083,#15090,#15097,#15104,#15111,#15118,#15126,#15133,#15141,#15148,
#15156,#15163,#15171,#15178,#15186,#15193,#15201,#15208,#15216,#15223,#15230,
#15237,#15244,#15251,#15259,#15266,#15273,#15280,#15287,#15294,#15302,#15309,
#15316,#15323,#15330,#15337,#15345,#15352,#15359,#15366,#15373,#15380,#15387,
#15394,#15401,#15408,#15415,#15422,#15429,#15436,#15443,#15451,#15461,#15468,
#15475,#15482,#15490,#15497,#15504,#15511,#15519,#15526,#15533,#15540,#15548,
#15555,#15562,#15570,#15577,#15584,#15591,#15599,#15606,#15613,#15620,#15628,
#15635,#15643,#15651,#15659,#15667,#15675,#15682,#15689,#15699,#15706,#15713,
#15720,#15727,#15735,#15742,#15749,#15756,#15763,#15770,#15777,#15784,#15791,
#15798,#15806,#15813,#15820,#15827,#15834,#15841,#15848,#15855,#15862,#15869,
#15877,#15884,#15892,#15899,#15906,#15913,#15921,#15928,#15935,#15942,#15950,
#15957,#15965,#15972,#15980,#15987,#15995,#16002,#16009,#16016,#16024,#16031,
#16038,#16045,#16053,#16060,#16068,#16075,#16082,#16089,#16096,#16103,#16110,
#16118,#16125,#16133,#16140,#16147,#16154,#16162,#16169,#16177,#16184,#16192,
#16199,#16207,#16214,#16221,#16228,#16236,#16243,#16251,#16258,#16265,#16272,
#16279,#16286,#16293,#16300,#16307,#16314,#16321,#16328,#16335,#16342,#16349,
#16356,#16363,#16370,#16377,#16384,#16391,#16398,#16405,#16412,#16419,#16426,
#16433,#16440,#16447,#16454,#16461,#16468,#16475,#16482,#16489,#16496,#16503,
#16510,#16517,#16524,#16531,#16538,#16545,#16552,#16559,#16566,#16573,#16580,
#16587,#16594,#16601,#16608,#16615,#16622,#16629,#16636,#16643,#16650,#16657,
#16664,#16671,#16678,#16685,#16692,#16699,#16706,#16713,#16720,#16727,#16734,
#16741,#16748,#16755,#16762,#16769,#16776,#16783,#16790,#16797,#16804,#16811,
#16818,#16825,#16832,#16839,#16846,#16853,#16860,#16867,#16874,#16881,#16888,
#16895,#16902,#16909,#16916,#16923,#16930,#16937,#16944,#16951,#16958,#16965,
#16972,#16979,#16986,#16993,#17000,#17007,#17014,#17021,#17028,#17035,#17042,
#17049,#17056,#17063,#17070,#17077,#17084,#17091,#17098,#17105,#17112,#17119,
#17126,#17133,#17140,#17147,#17154,#17161,#17168,#17175,#17182,#17189,#17196,
#17203,#17210,#17217,#17224,#17231,#17238,#17245,#17252,#17259,#17266,#17273,
#17280,#17287,#17294,#17301,#17308,#17315,#17322,#17329,#17336,#17343,#17350,
#17357,#17364,#17371,#17378,#17385,#17392,#17399,#17406,#17413,#17420,#17427,
#17434,#17441,#17448,#17455,#17462,#17469,#17476,#17483,#17490,#17497,#17504,
#17511,#17518,#17525,#17532,#17539,#17546,#17553,#17560,#17567,#17574,#17581,
#17588,#17595,#17602,#17609,#17616,#17623,#17630,#17637,#17644,#17651,#17658,
#17665,#17672,#17679,#17686,#17693,#17700,#17707,#17714,#17721,#17728,#17735,
#17742,#17749,#17756,#17763,#17770,#17777,#17784,#17791,#17798,#17805,#17812,
#17819,#17826,#17833,#17840,#17847,#17854,#17861,#17868,#17875,#17882,#17889,
#17896,#17903,#17910,#17917,#17924,#17931,#17938,#17945,#17952,#17959,#17966,
#17973,#17980,#17987,#17994,#18001,#18008,#18015,#18022,#18029,#18036,#18043,
#18050,#18057,#18064,#18071,#18078,#18085,#18092,#18099,#18106,#18113,#18120,
#18127,#18134,#18141,#18148,#18155,#18162,#18169,#18176,#18183,#18190,#18197,
#18204,#18211,#18218,#18225,#18232,#18240,#18248,#18256,#18264,#18271,#18278,
#15000),#21815);
#21821=PRODUCT_DEFINITION_CONTEXT('part definition',#3411,'design');
#21822=PRODUCT_CONTEXT('',#3411,'mechanical');
#21823=PRODUCT('MICRO-10-GPS-MUJU_ASM','MICRO-10-GPS-MUJU_ASM','NOT SPECIFIED',(
#21822));
#21824=PRODUCT_DEFINITION_FORMATION('28','LAST_VERSION',#21823);
#21827=DERIVED_UNIT_ELEMENT(#21826,2.E0);
#21828=DERIVED_UNIT((#21827));
#21829=MEASURE_REPRESENTATION_ITEM('surface area measure',AREA_MEASURE(
9.286381975276E3),#21828);
#21834=DERIVED_UNIT_ELEMENT(#21833,3.E0);
#21835=DERIVED_UNIT((#21834));
#21836=MEASURE_REPRESENTATION_ITEM('volume measure',VOLUME_MEASURE(
7.402876453700E3),#21835);
#21840=CARTESIAN_POINT('centre point',(2.024100563526E-1,1.644172084395E0,
-9.166074821350E-1));
#21844=PRODUCT_RELATED_PRODUCT_CATEGORY('part','',(#21823,#3415,#11690,#14893,
#21702));
#21845=DRAUGHTING_MODEL('Default',(#21857,#21858,#21874),#3460);
#21846=PRESENTATION_VIEW('Default',(#21865,#21878),#3460);
#21847=CARTESIAN_POINT('',(0.E0,0.E0,0.E0));
#21848=CARTESIAN_POINT('',(-2.586415066289E1,-2.035962269487E1,
9.385954064043E1));
#21849=DIRECTION('',(0.E0,0.E0,1.E0));
#21850=DIRECTION('',(1.E0,0.E0,0.E0));
#21851=AXIS2_PLACEMENT_3D('',#21848,#21849,#21850);
#21853=VIEW_VOLUME(.PARALLEL.,#21847,9.385954064043E1,9.385954064043E1,.T.,0.E0,
.F.,.T.,#21852);
#21854=CARTESIAN_POINT('',(1.272816640745E1,6.295279912385E1,7.594748684057E1));
#21855=DIRECTION('',(3.894183423087E-1,7.214918620107E-1,5.725406952575E-1));
#21856=DIRECTION('',(9.210609940029E-1,-3.050418666329E-1,-2.420663234065E-1));
#21857=AXIS2_PLACEMENT_3D('',#21854,#21855,#21856);
#21858=CAMERA_MODEL_D3_WITH_HLHSR('DEFAULT',#21857,#21853,.F.);
#21860=CARTESIAN_POINT('',(-5.077952760568E2,-3.997239407359E2,
1.842760350853E3));
#21861=DIRECTION('',(0.E0,0.E0,1.E0));
#21862=DIRECTION('',(1.E0,0.E0,0.E0));
#21863=AXIS2_PLACEMENT_3D('',#21860,#21861,#21862);
#21865=(CAMERA_IMAGE()CAMERA_IMAGE_3D_WITH_SCALE()GEOMETRIC_REPRESENTATION_ITEM(
)MAPPED_ITEM(#21859,#21864)REPRESENTATION_ITEM(''));
#21866=CARTESIAN_POINT('',(-2.586415066289E1,-2.035962269487E1,
9.385954064043E1));
#21867=DIRECTION('',(0.E0,0.E0,1.E0));
#21868=DIRECTION('',(1.E0,0.E0,0.E0));
#21869=AXIS2_PLACEMENT_3D('',#21866,#21867,#21868);
#21870=REPRESENTATION_MAP(#21869,#3542);
#21871=CARTESIAN_POINT('',(0.E0,0.E0));
#21872=DIRECTION('',(1.E0,0.E0));
#21873=AXIS2_PLACEMENT_2D('',#21871,#21872);
#21874=MAPPED_ITEM('',#21870,#21873);
#21875=CARTESIAN_POINT('',(-2.586415066289E1,-2.035962269487E1,
9.385954064043E1));
#21876=DIRECTION('',(0.E0,0.E0,1.E0));
#21877=DIRECTION('',(1.E0,0.E0,0.E0));
#21878=AXIS2_PLACEMENT_3D('',#21875,#21876,#21877);
#21879=REPRESENTATION_MAP(#21878,#21846);
#21880=CARTESIAN_POINT('',(0.E0,0.E0));
#21881=DIRECTION('',(1.E0,0.E0));
#21882=AXIS2_PLACEMENT_2D('',#21880,#21881);
#21883=MAPPED_ITEM('',#21879,#21882);
#21885=CARTESIAN_POINT('',(0.E0,0.E0));
#21886=DIRECTION('',(1.E0,0.E0));
#21887=AXIS2_PLACEMENT_2D('',#21885,#21886);
#21888=PLANAR_BOX('',1.E3,8.4375E2,#21887);
#21889=PRESENTATION_SIZE(#21884,#21888);
#21890=PRESENTATION_SET();
#21891=AREA_IN_SET(#21884,#21890);
#21893=GENERAL_PROPERTY('','DESCRIPTION','user defined attribute');
#21894=GENERAL_PROPERTY_ASSOCIATION('user defined attribute','',#21893,#21892);
#21895=DESCRIPTIVE_REPRESENTATION_ITEM('DESCRIPTION','');
#21899=GENERAL_PROPERTY('','MODELED_BY','user defined attribute');
#21900=GENERAL_PROPERTY_ASSOCIATION('user defined attribute','',#21899,#21898);
#21901=DESCRIPTIVE_REPRESENTATION_ITEM('MODELED_BY','');
#21904=APPLIED_PRESENTED_ITEM((#21825));
#21905=PRESENTED_ITEM_REPRESENTATION(#21890,#21904);
#1=DRAUGHTING_PRE_DEFINED_COLOUR('green');
#2=COLOUR_RGB('',1.1E-2,1.2E-2,1.E0);
#3=COLOUR_RGB('',4.1E-1,2.61589E-1,1.12848E-1);
#4=COLOUR_RGB('',5.04854E-1,1.5455E-2,1.5455E-2);
#5=COLOUR_RGB('',6.35294E-1,6.86275E-1,7.4902E-1);
#6=COLOUR_RGB('',6.40777E-1,6.40777E-1,6.40777E-1);
#7=COLOUR_RGB('',6.69062E-1,6.69903E-1,6.55217E-1);
#8=COLOUR_RGB('',9.21569E-1,7.05882E-1,4.70588E-1);
#9=DRAUGHTING_PRE_DEFINED_COLOUR('red');
#10=DRAUGHTING_PRE_DEFINED_COLOUR('yellow');
#11=COLOUR_RGB('',1.E0,1.E0,5.3E-1);
#12=COLOUR_RGB('',1.E0,1.E0,9.49E-1);
#13=DRAUGHTING_PRE_DEFINED_COLOUR('white');
#14=COLOUR_RGB('',0.E0,6.986301369863E-1,0.E0);
#15=COLOUR_RGB('',2.961165048544E-1,2.961165048544E-1,2.961165048544E-1);
#16=COLOUR_RGB('',8.784E-1,9.49E-1,1.E0);
#17=COLOUR_RGB('',1.E0,9.550987081971E-1,6.078431372549E-1);
#23=CIRCLE('',#22,7.5E-1);
#32=CIRCLE('',#31,7.5E-1);
#40=CIRCLE('',#39,7.5E-1);
#48=CIRCLE('',#47,7.5E-1);
#56=CIRCLE('',#55,2.E0);
#71=CIRCLE('',#70,2.E0);
#86=CIRCLE('',#85,2.E0);
#101=CIRCLE('',#100,2.E0);
#165=CIRCLE('',#164,3.5E0);
#173=CIRCLE('',#172,3.5E0);
#202=CIRCLE('',#201,3.5E0);
#210=CIRCLE('',#209,3.5E0);
#260=CIRCLE('',#259,7.5E-1);
#268=CIRCLE('',#267,7.5E-1);
#276=CIRCLE('',#275,7.5E-1);
#284=CIRCLE('',#283,7.5E-1);
#292=CIRCLE('',#291,2.E0);
#307=CIRCLE('',#306,2.E0);
#322=CIRCLE('',#321,2.E0);
#337=CIRCLE('',#336,2.E0);
#359=CIRCLE('',#358,4.E0);
#374=CIRCLE('',#373,4.E0);
#389=CIRCLE('',#388,4.E0);
#404=CIRCLE('',#403,4.E0);
#594=CIRCLE('',#593,4.E0);
#609=CIRCLE('',#608,4.E0);
#624=CIRCLE('',#623,4.E0);
#639=CIRCLE('',#638,4.E0);
#857=CIRCLE('',#856,1.999969845597E0);
#865=CIRCLE('',#864,1.999969845597E0);
#992=CIRCLE('',#991,9.999953961750E-1);
#1000=CIRCLE('',#999,9.999953961750E-1);
#1183=CIRCLE('',#1182,3.5E0);
#1268=CIRCLE('',#1267,3.5E0);
#1311=CIRCLE('',#1310,3.5E0);
#1319=CIRCLE('',#1318,3.5E0);
#1636=EDGE_CURVE('',#1598,#1585,#56,.T.);
#1638=EDGE_CURVE('',#1585,#1586,#63,.T.);
#1640=EDGE_CURVE('',#1586,#1589,#71,.T.);
#1642=EDGE_CURVE('',#1589,#1590,#78,.T.);
#1644=EDGE_CURVE('',#1590,#1593,#86,.T.);
#1646=EDGE_CURVE('',#1593,#1594,#93,.T.);
#1648=EDGE_CURVE('',#1594,#1597,#101,.T.);
#1650=EDGE_CURVE('',#1597,#1598,#108,.T.);
#1654=EDGE_CURVE('',#1385,#1386,#40,.T.);
#1656=EDGE_CURVE('',#1386,#1385,#48,.T.);
#1660=EDGE_CURVE('',#1381,#1382,#23,.T.);
#1662=EDGE_CURVE('',#1382,#1381,#32,.T.);
#1666=EDGE_CURVE('',#1505,#1506,#115,.T.);
#1668=EDGE_CURVE('',#1506,#1508,#122,.T.);
#1670=EDGE_CURVE('',#1508,#1510,#129,.T.);
#1672=EDGE_CURVE('',#1510,#1505,#136,.T.);
#1676=EDGE_CURVE('',#1529,#1530,#143,.T.);
#1678=EDGE_CURVE('',#1530,#1532,#150,.T.);
#1680=EDGE_CURVE('',#1532,#1534,#157,.T.);
#1682=EDGE_CURVE('',#1534,#1518,#165,.T.);
#1684=EDGE_CURVE('',#1518,#1537,#173,.T.);
#1686=EDGE_CURVE('',#1537,#1538,#180,.T.);
#1688=EDGE_CURVE('',#1538,#1540,#187,.T.);
#1690=EDGE_CURVE('',#1540,#1542,#194,.T.);
#1692=EDGE_CURVE('',#1542,#1516,#202,.T.);
#1694=EDGE_CURVE('',#1516,#1529,#210,.T.);
#1698=EDGE_CURVE('',#1625,#1626,#217,.T.);
#1700=EDGE_CURVE('',#1626,#1628,#224,.T.);
#1702=EDGE_CURVE('',#1628,#1630,#231,.T.);
#1704=EDGE_CURVE('',#1630,#1625,#238,.T.);
#1708=ADVANCED_FACE('',(#1653,#1659,#1665,#1675,#1697,#1707),#1635,.F.);
#1727=EDGE_CURVE('',#1381,#1389,#245,.T.);
#1729=EDGE_CURVE('',#1389,#1390,#260,.T.);
#1731=EDGE_CURVE('',#1382,#1390,#252,.T.);
#1735=ADVANCED_FACE('',(#1734),#1725,.F.);
#1755=EDGE_CURVE('',#1390,#1389,#268,.T.);
#1760=ADVANCED_FACE('',(#1759),#1752,.F.);
#1778=EDGE_CURVE('',#1614,#1601,#292,.T.);
#1780=EDGE_CURVE('',#1613,#1614,#299,.T.);
#1782=EDGE_CURVE('',#1610,#1613,#307,.T.);
#1784=EDGE_CURVE('',#1609,#1610,#314,.T.);
#1786=EDGE_CURVE('',#1606,#1609,#322,.T.);
#1788=EDGE_CURVE('',#1605,#1606,#329,.T.);
#1790=EDGE_CURVE('',#1602,#1605,#337,.T.);
#1792=EDGE_CURVE('',#1601,#1602,#344,.T.);
#1796=EDGE_CURVE('',#1393,#1394,#276,.T.);
#1798=EDGE_CURVE('',#1394,#1393,#284,.T.);
#1806=EDGE_CURVE('',#1413,#1414,#351,.T.);
#1808=EDGE_CURVE('',#1414,#1417,#359,.T.);
#1810=EDGE_CURVE('',#1417,#1418,#366,.T.);
#1812=EDGE_CURVE('',#1418,#1421,#374,.T.);
#1814=EDGE_CURVE('',#1421,#1422,#381,.T.);
#1816=EDGE_CURVE('',#1422,#1425,#389,.T.);
#1818=EDGE_CURVE('',#1425,#1426,#396,.T.);
#1820=EDGE_CURVE('',#1426,#1413,#404,.T.);
#1824=EDGE_CURVE('',#1569,#1570,#411,.T.);
#1826=EDGE_CURVE('',#1570,#1572,#418,.T.);
#1828=EDGE_CURVE('',#1572,#1574,#425,.T.);
#1830=EDGE_CURVE('',#1574,#1569,#432,.T.);
#1834=EDGE_CURVE('',#1577,#1578,#439,.T.);
#1836=EDGE_CURVE('',#1578,#1580,#446,.T.);
#1838=EDGE_CURVE('',#1580,#1582,#453,.T.);
#1840=EDGE_CURVE('',#1582,#1577,#460,.T.);
#1844=ADVANCED_FACE('',(#1795,#1801,#1805,#1823,#1833,#1843),#1777,.T.);
#1863=EDGE_CURVE('',#1385,#1393,#467,.T.);
#1866=EDGE_CURVE('',#1386,#1394,#474,.T.);
#1870=ADVANCED_FACE('',(#1869),#1861,.F.);
#1894=ADVANCED_FACE('',(#1893),#1887,.F.);
#1913=EDGE_CURVE('',#1598,#1614,#481,.T.);
#1916=EDGE_CURVE('',#1585,#1601,#530,.T.);
#1920=ADVANCED_FACE('',(#1919),#1911,.T.);
#1927=EDGE_CURVE('',#1597,#1613,#488,.T.);
#1933=ADVANCED_FACE('',(#1932),#1925,.T.);
#1940=EDGE_CURVE('',#1594,#1610,#495,.T.);
#1946=ADVANCED_FACE('',(#1945),#1938,.T.);
#1953=EDGE_CURVE('',#1593,#1609,#502,.T.);
#1959=ADVANCED_FACE('',(#1958),#1951,.T.);
#1966=EDGE_CURVE('',#1590,#1606,#509,.T.);
#1972=ADVANCED_FACE('',(#1971),#1964,.T.);
#1979=EDGE_CURVE('',#1589,#1605,#516,.T.);
#1985=ADVANCED_FACE('',(#1984),#1977,.T.);
#1992=EDGE_CURVE('',#1586,#1602,#523,.T.);
#1998=ADVANCED_FACE('',(#1997),#1990,.T.);
#2010=ADVANCED_FACE('',(#2009),#2003,.T.);
#2017=EDGE_CURVE('',#1413,#1397,#537,.T.);
#2019=EDGE_CURVE('',#1397,#1398,#646,.T.);
#2021=EDGE_CURVE('',#1414,#1398,#586,.T.);
#2025=ADVANCED_FACE('',(#2024),#2015,.T.);
#2044=EDGE_CURVE('',#1426,#1410,#544,.T.);
#2046=EDGE_CURVE('',#1410,#1397,#594,.T.);
#2051=ADVANCED_FACE('',(#2050),#2042,.T.);
#2070=EDGE_CURVE('',#1425,#1409,#551,.T.);
#2072=EDGE_CURVE('',#1409,#1410,#601,.T.);
#2077=ADVANCED_FACE('',(#2076),#2068,.T.);
#2096=EDGE_CURVE('',#1422,#1406,#558,.T.);
#2098=EDGE_CURVE('',#1406,#1409,#609,.T.);
#2103=ADVANCED_FACE('',(#2102),#2094,.T.);
#2122=EDGE_CURVE('',#1421,#1405,#565,.T.);
#2124=EDGE_CURVE('',#1405,#1406,#616,.T.);
#2129=ADVANCED_FACE('',(#2128),#2120,.T.);
#2148=EDGE_CURVE('',#1418,#1402,#572,.T.);
#2150=EDGE_CURVE('',#1402,#1405,#624,.T.);
#2155=ADVANCED_FACE('',(#2154),#2146,.T.);
#2174=EDGE_CURVE('',#1417,#1401,#579,.T.);
#2176=EDGE_CURVE('',#1401,#1402,#631,.T.);
#2181=ADVANCED_FACE('',(#2180),#2172,.T.);
#2201=EDGE_CURVE('',#1398,#1401,#639,.T.);
#2206=ADVANCED_FACE('',(#2205),#2198,.T.);
#2234=EDGE_CURVE('',#1453,#1454,#653,.T.);
#2236=EDGE_CURVE('',#1456,#1454,#921,.T.);
#2238=EDGE_CURVE('',#1456,#1473,#660,.T.);
#2240=EDGE_CURVE('',#1473,#1474,#667,.T.);
#2242=EDGE_CURVE('',#1474,#1476,#674,.T.);
#2244=EDGE_CURVE('',#1476,#1448,#681,.T.);
#2246=EDGE_CURVE('',#1448,#1434,#688,.T.);
#2248=EDGE_CURVE('',#1438,#1434,#872,.T.);
#2250=EDGE_CURVE('',#1438,#1429,#695,.T.);
#2252=EDGE_CURVE('',#1429,#1450,#702,.T.);
#2254=EDGE_CURVE('',#1458,#1450,#949,.T.);
#2256=EDGE_CURVE('',#1458,#1479,#709,.T.);
#2258=EDGE_CURVE('',#1479,#1480,#716,.T.);
#2260=EDGE_CURVE('',#1480,#1482,#723,.T.);
#2262=EDGE_CURVE('',#1482,#1453,#730,.T.);
#2266=ADVANCED_FACE('',(#2233,#2265),#2223,.T.);
#2284=EDGE_CURVE('',#1445,#1446,#800,.T.);
#2286=EDGE_CURVE('',#1446,#1454,#737,.T.);
#2289=EDGE_CURVE('',#1453,#1445,#744,.T.);
#2293=ADVANCED_FACE('',(#2292),#2283,.T.);
#2299=EDGE_CURVE('',#1433,#1436,#751,.T.);
#2301=EDGE_CURVE('',#1440,#1433,#758,.T.);
#2303=EDGE_CURVE('',#1464,#1440,#765,.T.);
#2305=EDGE_CURVE('',#1462,#1464,#772,.T.);
#2307=EDGE_CURVE('',#1461,#1462,#779,.T.);
#2309=EDGE_CURVE('',#1484,#1461,#786,.T.);
#2311=EDGE_CURVE('',#1446,#1484,#793,.T.);
#2314=EDGE_CURVE('',#1470,#1445,#807,.T.);
#2316=EDGE_CURVE('',#1468,#1470,#814,.T.);
#2318=EDGE_CURVE('',#1467,#1468,#821,.T.);
#2320=EDGE_CURVE('',#1486,#1467,#828,.T.);
#2322=EDGE_CURVE('',#1442,#1486,#835,.T.);
#2324=EDGE_CURVE('',#1430,#1442,#842,.T.);
#2326=EDGE_CURVE('',#1436,#1430,#849,.T.);
#2330=EDGE_CURVE('',#1493,#1494,#857,.T.);
#2332=EDGE_CURVE('',#1494,#1493,#865,.T.);
#2336=ADVANCED_FACE('',(#2329,#2335),#2298,.T.);
#2354=EDGE_CURVE('',#1433,#1434,#879,.T.);
#2357=EDGE_CURVE('',#1436,#1438,#928,.T.);
#2362=ADVANCED_FACE('',(#2361),#2353,.T.);
#2370=EDGE_CURVE('',#1448,#1440,#886,.T.);
#2375=ADVANCED_FACE('',(#2374),#2367,.T.);
#2382=EDGE_CURVE('',#1476,#1464,#893,.T.);
#2388=ADVANCED_FACE('',(#2387),#2380,.T.);
#2395=EDGE_CURVE('',#1474,#1462,#900,.T.);
#2401=ADVANCED_FACE('',(#2400),#2393,.T.);
#2408=EDGE_CURVE('',#1473,#1461,#907,.T.);
#2414=ADVANCED_FACE('',(#2413),#2406,.T.);
#2420=EDGE_CURVE('',#1484,#1456,#914,.T.);
#2427=ADVANCED_FACE('',(#2426),#2419,.T.);
#2439=ADVANCED_FACE('',(#2438),#2432,.T.);
#2447=EDGE_CURVE('',#1429,#1430,#942,.T.);
#2452=ADVANCED_FACE('',(#2451),#2444,.T.);
#2459=EDGE_CURVE('',#1442,#1450,#935,.T.);
#2465=ADVANCED_FACE('',(#2464),#2457,.T.);
#2474=EDGE_CURVE('',#1486,#1458,#956,.T.);
#2478=ADVANCED_FACE('',(#2477),#2470,.T.);
#2486=EDGE_CURVE('',#1479,#1467,#963,.T.);
#2491=ADVANCED_FACE('',(#2490),#2483,.T.);
#2500=EDGE_CURVE('',#1480,#1468,#970,.T.);
#2504=ADVANCED_FACE('',(#2503),#2496,.T.);
#2513=EDGE_CURVE('',#1482,#1470,#977,.T.);
#2517=ADVANCED_FACE('',(#2516),#2509,.T.);
#2529=ADVANCED_FACE('',(#2528),#2522,.T.);
#2535=EDGE_CURVE('',#1489,#1490,#992,.T.);
#2537=EDGE_CURVE('',#1490,#1494,#1007,.T.);
#2540=EDGE_CURVE('',#1489,#1493,#984,.T.);
#2544=ADVANCED_FACE('',(#2543),#2534,.T.);
#2558=EDGE_CURVE('',#1490,#1489,#1000,.T.);
#2562=ADVANCED_FACE('',(#2561),#2556,.T.);
#2581=ADVANCED_FACE('',(#2580),#2574,.T.);
#2595=EDGE_CURVE('',#1569,#1553,#1014,.T.);
#2597=EDGE_CURVE('',#1553,#1554,#1042,.T.);
#2599=EDGE_CURVE('',#1570,#1554,#1035,.T.);
#2603=ADVANCED_FACE('',(#2602),#2593,.T.);
#2622=EDGE_CURVE('',#1574,#1558,#1021,.T.);
#2624=EDGE_CURVE('',#1558,#1553,#1049,.T.);
#2629=ADVANCED_FACE('',(#2628),#2620,.T.);
#2648=EDGE_CURVE('',#1572,#1556,#1028,.T.);
#2650=EDGE_CURVE('',#1556,#1558,#1056,.T.);
#2655=ADVANCED_FACE('',(#2654),#2646,.T.);
#2675=EDGE_CURVE('',#1554,#1556,#1063,.T.);
#2680=ADVANCED_FACE('',(#2679),#2672,.T.);
#2704=ADVANCED_FACE('',(#2703),#2697,.T.);
#2722=EDGE_CURVE('',#1561,#1562,#1070,.T.);
#2724=EDGE_CURVE('',#1566,#1561,#1077,.T.);
#2726=EDGE_CURVE('',#1564,#1566,#1084,.T.);
#2728=EDGE_CURVE('',#1562,#1564,#1091,.T.);
#2732=ADVANCED_FACE('',(#2731),#2721,.T.);
#2751=EDGE_CURVE('',#1577,#1561,#1098,.T.);
#2754=EDGE_CURVE('',#1578,#1562,#1119,.T.);
#2758=ADVANCED_FACE('',(#2757),#2749,.T.);
#2777=EDGE_CURVE('',#1582,#1566,#1105,.T.);
#2783=ADVANCED_FACE('',(#2782),#2775,.T.);
#2802=EDGE_CURVE('',#1580,#1564,#1112,.T.);
#2808=ADVANCED_FACE('',(#2807),#2800,.T.);
#2832=ADVANCED_FACE('',(#2831),#2825,.T.);
#2851=EDGE_CURVE('',#1505,#1497,#1126,.T.);
#2853=EDGE_CURVE('',#1497,#1498,#1154,.T.);
#2855=EDGE_CURVE('',#1506,#1498,#1147,.T.);
#2859=ADVANCED_FACE('',(#2858),#2849,.T.);
#2878=EDGE_CURVE('',#1510,#1502,#1133,.T.);
#2880=EDGE_CURVE('',#1502,#1497,#1161,.T.);
#2885=ADVANCED_FACE('',(#2884),#2876,.T.);
#2904=EDGE_CURVE('',#1508,#1500,#1140,.T.);
#2906=EDGE_CURVE('',#1500,#1502,#1168,.T.);
#2911=ADVANCED_FACE('',(#2910),#2902,.T.);
#2931=EDGE_CURVE('',#1498,#1500,#1175,.T.);
#2936=ADVANCED_FACE('',(#2935),#2928,.T.);
#2960=ADVANCED_FACE('',(#2959),#2953,.T.);
#2979=EDGE_CURVE('',#1529,#1545,#1190,.T.);
#2981=EDGE_CURVE('',#1545,#1521,#1225,.T.);
#2983=EDGE_CURVE('',#1530,#1521,#1260,.T.);
#2987=ADVANCED_FACE('',(#2986),#2977,.T.);
#3005=EDGE_CURVE('',#1545,#1546,#1183,.T.);
#3009=EDGE_CURVE('',#1516,#1513,#1197,.T.);
#3011=EDGE_CURVE('',#1513,#1514,#1311,.T.);
#3013=EDGE_CURVE('',#1518,#1514,#1282,.T.);
#3016=EDGE_CURVE('',#1534,#1546,#1204,.T.);
#3020=ADVANCED_FACE('',(#3019),#3004,.T.);
#3039=EDGE_CURVE('',#1522,#1546,#1211,.T.);
#3041=EDGE_CURVE('',#1521,#1522,#1218,.T.);
#3046=ADVANCED_FACE('',(#3045),#3037,.T.);
#3064=EDGE_CURVE('',#1549,#1550,#1268,.T.);
#3066=EDGE_CURVE('',#1526,#1550,#1232,.T.);
#3068=EDGE_CURVE('',#1525,#1526,#1239,.T.);
#3070=EDGE_CURVE('',#1549,#1525,#1246,.T.);
#3074=ADVANCED_FACE('',(#3073),#3063,.T.);
#3093=EDGE_CURVE('',#1532,#1522,#1253,.T.);
#3099=ADVANCED_FACE('',(#3098),#3091,.T.);
#3123=ADVANCED_FACE('',(#3122),#3116,.T.);
#3142=EDGE_CURVE('',#1537,#1549,#1275,.T.);
#3146=EDGE_CURVE('',#1514,#1513,#1319,.T.);
#3150=EDGE_CURVE('',#1542,#1550,#1289,.T.);
#3154=ADVANCED_FACE('',(#3153),#3140,.T.);
#3175=EDGE_CURVE('',#1538,#1525,#1296,.T.);
#3179=ADVANCED_FACE('',(#3178),#3171,.T.);
#3200=EDGE_CURVE('',#1540,#1526,#1303,.T.);
#3204=ADVANCED_FACE('',(#3203),#3196,.T.);
#3228=ADVANCED_FACE('',(#3227),#3221,.T.);
#3250=ADVANCED_FACE('',(#3249),#3245,.T.);
#3269=EDGE_CURVE('',#1625,#1617,#1326,.T.);
#3271=EDGE_CURVE('',#1617,#1618,#1354,.T.);
#3273=EDGE_CURVE('',#1626,#1618,#1347,.T.);
#3277=ADVANCED_FACE('',(#3276),#3267,.T.);
#3296=EDGE_CURVE('',#1630,#1622,#1333,.T.);
#3298=EDGE_CURVE('',#1622,#1617,#1361,.T.);
#3303=ADVANCED_FACE('',(#3302),#3294,.T.);
#3322=EDGE_CURVE('',#1628,#1620,#1340,.T.);
#3324=EDGE_CURVE('',#1620,#1622,#1368,.T.);
#3329=ADVANCED_FACE('',(#3328),#3320,.T.);
#3349=EDGE_CURVE('',#1618,#1620,#1375,.T.);
#3354=ADVANCED_FACE('',(#3353),#3346,.T.);
#3378=ADVANCED_FACE('',(#3377),#3371,.T.);
#3399=(LENGTH_UNIT()NAMED_UNIT(*)SI_UNIT(.MILLI.,.METRE.));
#3400=(NAMED_UNIT(*)PLANE_ANGLE_UNIT()SI_UNIT($,.RADIAN.));
#3403=(NAMED_UNIT(*)SI_UNIT($,.STERADIAN.)SOLID_ANGLE_UNIT());
#3405=(GEOMETRIC_REPRESENTATION_CONTEXT(3)GLOBAL_UNCERTAINTY_ASSIGNED_CONTEXT((
#3404))GLOBAL_UNIT_ASSIGNED_CONTEXT((#3399,#3402,#3403))REPRESENTATION_CONTEXT(
'ID1','3'));
#3409=AXIS2_PLACEMENT_3D('',#3406,#3407,#3408);
#3410=ADVANCED_BREP_SHAPE_REPRESENTATION('',(#3409,#3392),#3405);
#3417=PRODUCT_DEFINITION('part definition','',#3416,#3413);
#3418=PRODUCT_DEFINITION_SHAPE('','SHAPE FOR PCBA-GPS-M10.',#3417);
#3419=SHAPE_ASPECT('','solid data associated with PCBA-GPS-M10',#3418,.F.);
#3420=PROPERTY_DEFINITION('',
'shape for solid data with which properties are associated',#3419);
#3421=SHAPE_REPRESENTATION('',(#3392),#3405);
#3422=SHAPE_DEFINITION_REPRESENTATION(#3420,#3421);
#3423=(LENGTH_UNIT()NAMED_UNIT(*)SI_UNIT(.MILLI.,.METRE.));
#3427=PROPERTY_DEFINITION('geometric validation property',
'area of PCBA-GPS-M10',#3419);
#3428=REPRESENTATION('surface area',(#3426),#3405);
#3429=PROPERTY_DEFINITION_REPRESENTATION(#3427,#3428);
#3430=(LENGTH_UNIT()NAMED_UNIT(*)SI_UNIT(.MILLI.,.METRE.));
#3434=PROPERTY_DEFINITION('geometric validation property',
'volume of PCBA-GPS-M10',#3419);
#3435=REPRESENTATION('volume',(#3433),#3405);
#3436=PROPERTY_DEFINITION_REPRESENTATION(#3434,#3435);
#3438=PROPERTY_DEFINITION('geometric validation property',
'centroid of PCBA-GPS-M10',#3419);
#3439=REPRESENTATION('centroid',(#3437),#3405);
#3440=PROPERTY_DEFINITION_REPRESENTATION(#3438,#3439);
#3441=(LENGTH_UNIT()NAMED_UNIT(*)SI_UNIT(.MILLI.,.METRE.));
#3445=PROPERTY_DEFINITION('geometric validation property',
'area of PCBA-GPS-M10',#3418);
#3446=REPRESENTATION('surface area',(#3444),#3405);
#3447=PROPERTY_DEFINITION_REPRESENTATION(#3445,#3446);
#3448=(LENGTH_UNIT()NAMED_UNIT(*)SI_UNIT(.MILLI.,.METRE.));
#3452=PROPERTY_DEFINITION('geometric validation property',
'volume of PCBA-GPS-M10',#3418);
#3453=REPRESENTATION('volume',(#3451),#3405);
#3454=PROPERTY_DEFINITION_REPRESENTATION(#3452,#3453);
#3456=PROPERTY_DEFINITION('geometric validation property',
'centroid of PCBA-GPS-M10',#3418);
#3457=REPRESENTATION('centroid',(#3455),#3405);
#3458=PROPERTY_DEFINITION_REPRESENTATION(#3456,#3457);
#3459=SHAPE_DEFINITION_REPRESENTATION(#3418,#3410);
#3468=PLANAR_BOX('',4.437271708592E1,3.743948004125E1,#3467);
#3475=CAMERA_USAGE(#3474,#3461);
#3480=PLANAR_BOX('',1.E3,8.4375E2,#3479);
#3500=PRESENTATION_AREA('',(#3499,#3504),#3460);
#3508=PROPERTY_DEFINITION('DRAW','user defined attribute',#3417);
#3512=REPRESENTATION('',(#3511),#3405);
#3513=PROPERTY_DEFINITION_REPRESENTATION(#3508,#3512);
#3514=PROPERTY_DEFINITION('MANAGER','user defined attribute',#3417);
#3518=REPRESENTATION('',(#3517),#3405);
#3519=PROPERTY_DEFINITION_REPRESENTATION(#3514,#3518);
#3520=PROPERTY_DEFINITION('PART_NO','user defined attribute',#3417);
#3524=REPRESENTATION('',(#3523),#3405);
#3525=PROPERTY_DEFINITION_REPRESENTATION(#3520,#3524);
#3526=PROPERTY_DEFINITION('PROJECT','user defined attribute',#3417);
#3530=REPRESENTATION('',(#3529),#3405);
#3531=PROPERTY_DEFINITION_REPRESENTATION(#3526,#3530);
#3532=PROPERTY_DEFINITION('PTC_COMMON_NAME','user defined attribute',#3417);
#3536=REPRESENTATION('',(#3535),#3405);
#3537=PROPERTY_DEFINITION_REPRESENTATION(#3532,#3536);
#3540=SHAPE_DEFINITION_REPRESENTATION(#3541,#3542);
#3541=PRODUCT_DEFINITION_SHAPE('','SHAPE FOR MICRO-10-GPS-MUJU_ASM.',#21825);
#3542=SHAPE_REPRESENTATION('',(#3552,#11823,#14996,#21805,#21819),#21815);
#3543=NEXT_ASSEMBLY_USAGE_OCCURRENCE('0','Next assembly relationship',
'PCBA-GPS-M10',#21825,#3417,$);
#3544=PRODUCT_DEFINITION_SHAPE('Placement #0',
'Placement of PCBA-GPS-M10 with respect to MICRO-10-GPS-MUJU_ASM',#3543);
#3546=PROPERTY_DEFINITION('geometric validation property',
'centroid of PCBA-GPS-M10',#3544);
#3547=REPRESENTATION('centroid',(#3545),#3405);
#3548=PROPERTY_DEFINITION_REPRESENTATION(#3546,#3547);
#3556=COLOUR_RGB('',9.8E-1,6.27E-1,0.E0);
#7146=EDGE_CURVE('',#6374,#6376,#3560,.T.);
#7148=EDGE_CURVE('',#6268,#6376,#3672,.T.);
#7150=EDGE_CURVE('',#6268,#6278,#3564,.T.);
#7152=EDGE_CURVE('',#6378,#6278,#6220,.T.);
#7154=EDGE_CURVE('',#6378,#6380,#3568,.T.);
#7156=EDGE_CURVE('',#6280,#6380,#6208,.T.);
#7158=EDGE_CURVE('',#6280,#6290,#3572,.T.);
#7160=EDGE_CURVE('',#6382,#6290,#6180,.T.);
#7162=EDGE_CURVE('',#6382,#6384,#3576,.T.);
#7164=EDGE_CURVE('',#6292,#6384,#6168,.T.);
#7166=EDGE_CURVE('',#6292,#6522,#3580,.T.);
#7168=EDGE_CURVE('',#6387,#6522,#6140,.T.);
#7170=EDGE_CURVE('',#6387,#6392,#3584,.T.);
#7172=EDGE_CURVE('',#6524,#6392,#6128,.T.);
#7174=EDGE_CURVE('',#6524,#6534,#3588,.T.);
#7176=EDGE_CURVE('',#6558,#6534,#6100,.T.);
#7178=EDGE_CURVE('',#6558,#6560,#3592,.T.);
#7180=EDGE_CURVE('',#6536,#6560,#6088,.T.);
#7182=EDGE_CURVE('',#6536,#6546,#3596,.T.);
#7184=EDGE_CURVE('',#6562,#6546,#6060,.T.);
#7186=EDGE_CURVE('',#6562,#6564,#3600,.T.);
#7188=EDGE_CURVE('',#6548,#6564,#6048,.T.);
#7190=EDGE_CURVE('',#6548,#6251,#3604,.T.);
#7192=EDGE_CURVE('',#6251,#6252,#3608,.T.);
#7194=EDGE_CURVE('',#6252,#6247,#3612,.T.);
#7196=EDGE_CURVE('',#6247,#6248,#3616,.T.);
#7198=EDGE_CURVE('',#6248,#6266,#3620,.T.);
#7200=EDGE_CURVE('',#6374,#6266,#3648,.T.);
#7204=EDGE_CURVE('',#6567,#6568,#3624,.T.);
#7206=EDGE_CURVE('',#6572,#6567,#3628,.T.);
#7208=EDGE_CURVE('',#6570,#6572,#3632,.T.);
#7210=EDGE_CURVE('',#6568,#6570,#3636,.T.);
#7214=ADVANCED_FACE('',(#7203,#7213),#7145,.F.);
#7220=EDGE_CURVE('',#6374,#6364,#3640,.T.);
#7222=EDGE_CURVE('',#6364,#6362,#3660,.T.);
#7224=EDGE_CURVE('',#6362,#6376,#3644,.T.);
#7229=ADVANCED_FACE('',(#7228),#7219,.T.);
#7235=EDGE_CURVE('',#6364,#6263,#3664,.T.);
#7239=EDGE_CURVE('',#6266,#6259,#3764,.T.);
#7241=EDGE_CURVE('',#6263,#6259,#3652,.T.);
#7245=ADVANCED_FACE('',(#7244),#7234,.T.);
#7258=EDGE_CURVE('',#6264,#6362,#3656,.T.);
#7262=EDGE_CURVE('',#6263,#6264,#3668,.T.);
#7266=ADVANCED_FACE('',(#7265),#7257,.T.);
#7282=EDGE_CURVE('',#6264,#6260,#3676,.T.);
#7284=EDGE_CURVE('',#6260,#6268,#3756,.T.);
#7288=ADVANCED_FACE('',(#7287),#7278,.T.);
#7301=EDGE_CURVE('',#6259,#6260,#3760,.T.);
#7308=ADVANCED_FACE('',(#7307),#7300,.T.);
#7321=EDGE_CURVE('',#6504,#6506,#3680,.T.);
#7323=EDGE_CURVE('',#6504,#6509,#4148,.T.);
#7325=EDGE_CURVE('',#6512,#6509,#3684,.T.);
#7327=EDGE_CURVE('',#6356,#6512,#3852,.T.);
#7329=EDGE_CURVE('',#6356,#6351,#3688,.T.);
#7331=EDGE_CURVE('',#6351,#6352,#3692,.T.);
#7333=EDGE_CURVE('',#6251,#6352,#4024,.T.);
#7336=EDGE_CURVE('',#6540,#6548,#3696,.T.);
#7338=EDGE_CURVE('',#6539,#6540,#3700,.T.);
#7340=EDGE_CURVE('',#6546,#6539,#3704,.T.);
#7343=EDGE_CURVE('',#6528,#6536,#3708,.T.);
#7345=EDGE_CURVE('',#6527,#6528,#3712,.T.);
#7347=EDGE_CURVE('',#6534,#6527,#3716,.T.);
#7350=EDGE_CURVE('',#6516,#6524,#3720,.T.);
#7352=EDGE_CURVE('',#6515,#6516,#3724,.T.);
#7354=EDGE_CURVE('',#6522,#6515,#3728,.T.);
#7357=EDGE_CURVE('',#6284,#6292,#3732,.T.);
#7359=EDGE_CURVE('',#6283,#6284,#3736,.T.);
#7361=EDGE_CURVE('',#6290,#6283,#3740,.T.);
#7364=EDGE_CURVE('',#6272,#6280,#3744,.T.);
#7366=EDGE_CURVE('',#6271,#6272,#3748,.T.);
#7368=EDGE_CURVE('',#6278,#6271,#3752,.T.);
#7375=EDGE_CURVE('',#6248,#6343,#3768,.T.);
#7377=EDGE_CURVE('',#6343,#6348,#3772,.T.);
#7379=EDGE_CURVE('',#6354,#6348,#3776,.T.);
#7381=EDGE_CURVE('',#6506,#6354,#3832,.T.);
#7385=ADVANCED_FACE('',(#7384),#7320,.T.);
#7391=EDGE_CURVE('',#6503,#6494,#3784,.T.);
#7393=EDGE_CURVE('',#6503,#6504,#4112,.T.);
#7396=EDGE_CURVE('',#6506,#6494,#3780,.T.);
#7400=ADVANCED_FACE('',(#7399),#7390,.T.);
#7407=EDGE_CURVE('',#6450,#6494,#3828,.T.);
#7409=EDGE_CURVE('',#6450,#6403,#3788,.T.);
#7411=EDGE_CURVE('',#6403,#6404,#3884,.T.);
#7413=EDGE_CURVE('',#6452,#6404,#3980,.T.);
#7415=EDGE_CURVE('',#6452,#6430,#3804,.T.);
#7417=EDGE_CURVE('',#6430,#6398,#3792,.T.);
#7419=EDGE_CURVE('',#6398,#6400,#3876,.T.);
#7421=EDGE_CURVE('',#6332,#6400,#3864,.T.);
#7423=EDGE_CURVE('',#6503,#6332,#4116,.T.);
#7427=ADVANCED_FACE('',(#7426),#7405,.F.);
#7433=EDGE_CURVE('',#6427,#6428,#3796,.T.);
#7435=EDGE_CURVE('',#6428,#6430,#3800,.T.);
#7438=EDGE_CURVE('',#6346,#6452,#3976,.T.);
#7440=EDGE_CURVE('',#6346,#6338,#3996,.T.);
#7442=EDGE_CURVE('',#6427,#6338,#3808,.T.);
#7446=ADVANCED_FACE('',(#7445),#7432,.T.);
#7452=EDGE_CURVE('',#6433,#6434,#3812,.T.);
#7454=EDGE_CURVE('',#6436,#6434,#3816,.T.);
#7456=EDGE_CURVE('',#6340,#6436,#3820,.T.);
#7458=EDGE_CURVE('',#6360,#6340,#4016,.T.);
#7460=EDGE_CURVE('',#6456,#6360,#4032,.T.);
#7462=EDGE_CURVE('',#6433,#6456,#3824,.T.);
#7466=ADVANCED_FACE('',(#7465),#7451,.T.);
#7475=EDGE_CURVE('',#6354,#6496,#3836,.T.);
#7477=EDGE_CURVE('',#6496,#6450,#3840,.T.);
#7481=ADVANCED_FACE('',(#7480),#7471,.T.);
#7487=EDGE_CURVE('',#6454,#6498,#3844,.T.);
#7489=EDGE_CURVE('',#6356,#6498,#3848,.T.);
#7492=EDGE_CURVE('',#6500,#6512,#4060,.T.);
#7494=EDGE_CURVE('',#6500,#6454,#3856,.T.);
#7498=ADVANCED_FACE('',(#7497),#7486,.T.);
#7505=EDGE_CURVE('',#6427,#6395,#3860,.T.);
#7507=EDGE_CURVE('',#6395,#6396,#3868,.T.);
#7509=EDGE_CURVE('',#6428,#6396,#3932,.T.);
#7513=ADVANCED_FACE('',(#7512),#7503,.F.);
#7520=EDGE_CURVE('',#6400,#6395,#3872,.T.);
#7524=EDGE_CURVE('',#6331,#6338,#3992,.T.);
#7526=EDGE_CURVE('',#6331,#6332,#4120,.T.);
#7530=ADVANCED_FACE('',(#7529),#7518,.F.);
#7539=EDGE_CURVE('',#6396,#6398,#3880,.T.);
#7543=ADVANCED_FACE('',(#7542),#7535,.T.);
#7550=EDGE_CURVE('',#6408,#6403,#3888,.T.);
#7552=EDGE_CURVE('',#6406,#6408,#3892,.T.);
#7554=EDGE_CURVE('',#6404,#6406,#3896,.T.);
#7558=ADVANCED_FACE('',(#7557),#7548,.T.);
#7564=EDGE_CURVE('',#6411,#6412,#3900,.T.);
#7566=EDGE_CURVE('',#6416,#6411,#3904,.T.);
#7568=EDGE_CURVE('',#6414,#6416,#3908,.T.);
#7570=EDGE_CURVE('',#6412,#6414,#3912,.T.);
#7574=ADVANCED_FACE('',(#7573),#7563,.T.);
#7580=EDGE_CURVE('',#6419,#6420,#3916,.T.);
#7582=EDGE_CURVE('',#6424,#6419,#3920,.T.);
#7584=EDGE_CURVE('',#6422,#6424,#3924,.T.);
#7586=EDGE_CURVE('',#6420,#6422,#3928,.T.);
#7590=ADVANCED_FACE('',(#7589),#7579,.T.);
#7602=ADVANCED_FACE('',(#7601),#7595,.F.);
#7608=EDGE_CURVE('',#6440,#6442,#3944,.T.);
#7610=EDGE_CURVE('',#6440,#6408,#3936,.T.);
#7615=EDGE_CURVE('',#6442,#6496,#6044,.T.);
#7619=ADVANCED_FACE('',(#7618),#7607,.F.);
#7625=EDGE_CURVE('',#6439,#6440,#3940,.T.);
#7628=EDGE_CURVE('',#6348,#6442,#3948,.T.);
#7631=EDGE_CURVE('',#6343,#6344,#3984,.T.);
#7633=EDGE_CURVE('',#6439,#6344,#3952,.T.);
#7637=ADVANCED_FACE('',(#7636),#7624,.T.);
#7643=EDGE_CURVE('',#6445,#6446,#3956,.T.);
#7645=EDGE_CURVE('',#6448,#6446,#3960,.T.);
#7647=EDGE_CURVE('',#6358,#6448,#3964,.T.);
#7649=EDGE_CURVE('',#6352,#6358,#4008,.T.);
#7652=EDGE_CURVE('',#6445,#6351,#3968,.T.);
#7656=ADVANCED_FACE('',(#7655),#7642,.T.);
#7663=EDGE_CURVE('',#6439,#6406,#3972,.T.);
#7669=ADVANCED_FACE('',(#7668),#7661,.F.);
#7680=EDGE_CURVE('',#6346,#6344,#4000,.T.);
#7684=ADVANCED_FACE('',(#7683),#7674,.F.);
#7693=EDGE_CURVE('',#6247,#6256,#3988,.T.);
#7695=EDGE_CURVE('',#6256,#6331,#4124,.T.);
#7702=ADVANCED_FACE('',(#7701),#7689,.T.);
#7709=EDGE_CURVE('',#6252,#6255,#4004,.T.);
#7711=EDGE_CURVE('',#6255,#6256,#4128,.T.);
#7716=ADVANCED_FACE('',(#7715),#7707,.T.);
#7723=EDGE_CURVE('',#6360,#6358,#4012,.T.);
#7726=EDGE_CURVE('',#6335,#6340,#4020,.T.);
#7728=EDGE_CURVE('',#6335,#6255,#4132,.T.);
#7735=ADVANCED_FACE('',(#7734),#7721,.T.);
#7742=EDGE_CURVE('',#6448,#6422,#4028,.T.);
#7745=EDGE_CURVE('',#6456,#6424,#4048,.T.);
#7751=ADVANCED_FACE('',(#7750),#7740,.F.);
#7758=EDGE_CURVE('',#6446,#6420,#4036,.T.);
#7764=ADVANCED_FACE('',(#7763),#7756,.F.);
#7771=EDGE_CURVE('',#6445,#6498,#4044,.T.);
#7774=EDGE_CURVE('',#6454,#6419,#4040,.T.);
#7780=ADVANCED_FACE('',(#7779),#7769,.F.);
#7792=ADVANCED_FACE('',(#7791),#7785,.F.);
#7803=EDGE_CURVE('',#6500,#6510,#4052,.T.);
#7805=EDGE_CURVE('',#6510,#6336,#4140,.T.);
#7807=EDGE_CURVE('',#6336,#6412,#4056,.T.);
#7810=EDGE_CURVE('',#6433,#6414,#6040,.T.);
#7814=ADVANCED_FACE('',(#7813),#7797,.F.);
#7822=EDGE_CURVE('',#6509,#6510,#4144,.T.);
#7827=ADVANCED_FACE('',(#7826),#7819,.T.);
#7839=EDGE_CURVE('',#6335,#6336,#4136,.T.);
#7846=EDGE_CURVE('',#6479,#6480,#4080,.T.);
#7848=EDGE_CURVE('',#6480,#6482,#4084,.T.);
#7850=EDGE_CURVE('',#6482,#6484,#4088,.T.);
#7852=EDGE_CURVE('',#6484,#6479,#4092,.T.);
#7856=EDGE_CURVE('',#6487,#6488,#4096,.T.);
#7858=EDGE_CURVE('',#6488,#6490,#4100,.T.);
#7860=EDGE_CURVE('',#6490,#6492,#4104,.T.);
#7862=EDGE_CURVE('',#6492,#6487,#4108,.T.);
#7866=EDGE_CURVE('',#6313,#6314,#4064,.T.);
#7868=EDGE_CURVE('',#6314,#6316,#4068,.T.);
#7870=EDGE_CURVE('',#6316,#6472,#4072,.T.);
#7872=EDGE_CURVE('',#6472,#6313,#4076,.T.);
#7876=EDGE_CURVE('',#7132,#7127,#4152,.T.);
#7878=EDGE_CURVE('',#6798,#7132,#4156,.T.);
#7880=EDGE_CURVE('',#6798,#6772,#4160,.T.);
#7882=EDGE_CURVE('',#7119,#6772,#4164,.T.);
#7884=EDGE_CURVE('',#7124,#7119,#4168,.T.);
#7886=EDGE_CURVE('',#6770,#7124,#4172,.T.);
#7888=EDGE_CURVE('',#6770,#6776,#4176,.T.);
#7890=EDGE_CURVE('',#7111,#6776,#4180,.T.);
#7892=EDGE_CURVE('',#7116,#7111,#4184,.T.);
#7894=EDGE_CURVE('',#6774,#7116,#4188,.T.);
#7896=EDGE_CURVE('',#6774,#6748,#4192,.T.);
#7898=EDGE_CURVE('',#7103,#6748,#4196,.T.);
#7900=EDGE_CURVE('',#7108,#7103,#4200,.T.);
#7902=EDGE_CURVE('',#6746,#7108,#4204,.T.);
#7904=EDGE_CURVE('',#6746,#6752,#4208,.T.);
#7906=EDGE_CURVE('',#7095,#6752,#4212,.T.);
#7908=EDGE_CURVE('',#7100,#7095,#4216,.T.);
#7910=EDGE_CURVE('',#6750,#7100,#4220,.T.);
#7912=EDGE_CURVE('',#6750,#6724,#4224,.T.);
#7914=EDGE_CURVE('',#7087,#6724,#4228,.T.);
#7916=EDGE_CURVE('',#7092,#7087,#4232,.T.);
#7918=EDGE_CURVE('',#6722,#7092,#4236,.T.);
#7920=EDGE_CURVE('',#6722,#6728,#4240,.T.);
#7922=EDGE_CURVE('',#7079,#6728,#4244,.T.);
#7924=EDGE_CURVE('',#7084,#7079,#4248,.T.);
#7926=EDGE_CURVE('',#6726,#7084,#4252,.T.);
#7928=EDGE_CURVE('',#6726,#6700,#4256,.T.);
#7930=EDGE_CURVE('',#7071,#6700,#4260,.T.);
#7932=EDGE_CURVE('',#7076,#7071,#4264,.T.);
#7934=EDGE_CURVE('',#6698,#7076,#4268,.T.);
#7936=EDGE_CURVE('',#6698,#6704,#4272,.T.);
#7938=EDGE_CURVE('',#7063,#6704,#4276,.T.);
#7940=EDGE_CURVE('',#7068,#7063,#4280,.T.);
#7942=EDGE_CURVE('',#6702,#7068,#4284,.T.);
#7944=EDGE_CURVE('',#6702,#6608,#4288,.T.);
#7946=EDGE_CURVE('',#6675,#6608,#4292,.T.);
#7948=EDGE_CURVE('',#6680,#6675,#4296,.T.);
#7950=EDGE_CURVE('',#6606,#6680,#4300,.T.);
#7952=EDGE_CURVE('',#6606,#6612,#4304,.T.);
#7954=EDGE_CURVE('',#6667,#6612,#4308,.T.);
#7956=EDGE_CURVE('',#6672,#6667,#4312,.T.);
#7958=EDGE_CURVE('',#6610,#6672,#4316,.T.);
#7960=EDGE_CURVE('',#6610,#6476,#4320,.T.);
#7962=EDGE_CURVE('',#6476,#6319,#4324,.T.);
#7964=EDGE_CURVE('',#6319,#6320,#4328,.T.);
#7966=EDGE_CURVE('',#6320,#6322,#4332,.T.);
#7968=EDGE_CURVE('',#6322,#6619,#4336,.T.);
#7970=EDGE_CURVE('',#6619,#6620,#4340,.T.);
#7972=EDGE_CURVE('',#6620,#6622,#4344,.T.);
#7974=EDGE_CURVE('',#6622,#6624,#4348,.T.);
#7976=EDGE_CURVE('',#6624,#6807,#4352,.T.);
#7978=EDGE_CURVE('',#6807,#6808,#4356,.T.);
#7980=EDGE_CURVE('',#6808,#6810,#4360,.T.);
#7982=EDGE_CURVE('',#6810,#6812,#4364,.T.);
#7984=EDGE_CURVE('',#6812,#6823,#4368,.T.);
#7986=EDGE_CURVE('',#6823,#6824,#4372,.T.);
#7988=EDGE_CURVE('',#6824,#6826,#4376,.T.);
#7990=EDGE_CURVE('',#6826,#6828,#4380,.T.);
#7992=EDGE_CURVE('',#6828,#6839,#4384,.T.);
#7994=EDGE_CURVE('',#6839,#6840,#4388,.T.);
#7996=EDGE_CURVE('',#6840,#6842,#4392,.T.);
#7998=EDGE_CURVE('',#6842,#6844,#4396,.T.);
#8000=EDGE_CURVE('',#6844,#6855,#4400,.T.);
#8002=EDGE_CURVE('',#6855,#6856,#4404,.T.);
#8004=EDGE_CURVE('',#6856,#6858,#4408,.T.);
#8006=EDGE_CURVE('',#6858,#6860,#4412,.T.);
#8008=EDGE_CURVE('',#6860,#6871,#4416,.T.);
#8010=EDGE_CURVE('',#6871,#6872,#4420,.T.);
#8012=EDGE_CURVE('',#6872,#6874,#4424,.T.);
#8014=EDGE_CURVE('',#6874,#6876,#4428,.T.);
#8016=EDGE_CURVE('',#6876,#6325,#4432,.T.);
#8018=EDGE_CURVE('',#6325,#6326,#4436,.T.);
#8020=EDGE_CURVE('',#6326,#6328,#4440,.T.);
#8022=EDGE_CURVE('',#6328,#6474,#4444,.T.);
#8024=EDGE_CURVE('',#6474,#6796,#4448,.T.);
#8026=EDGE_CURVE('',#7135,#6796,#4452,.T.);
#8028=EDGE_CURVE('',#7140,#7135,#4456,.T.);
#8030=EDGE_CURVE('',#6794,#7140,#4460,.T.);
#8032=EDGE_CURVE('',#6794,#6800,#4464,.T.);
#8034=EDGE_CURVE('',#7127,#6800,#4468,.T.);
#8038=ADVANCED_FACE('',(#7845,#7855,#7865,#7875,#8037),#7832,.T.);
#8045=EDGE_CURVE('',#6313,#6295,#4472,.T.);
#8047=EDGE_CURVE('',#6295,#6296,#4488,.T.);
#8049=EDGE_CURVE('',#6314,#6296,#4484,.T.);
#8053=ADVANCED_FACE('',(#8052),#8043,.F.);
#8060=EDGE_CURVE('',#6472,#6458,#4476,.T.);
#8062=EDGE_CURVE('',#6458,#6295,#4492,.T.);
#8067=ADVANCED_FACE('',(#8066),#8058,.F.);
#8074=EDGE_CURVE('',#6316,#6298,#4480,.T.);
#8076=EDGE_CURVE('',#6298,#6458,#4496,.T.);
#8081=ADVANCED_FACE('',(#8080),#8072,.F.);
#8089=EDGE_CURVE('',#6296,#6298,#4500,.T.);
#8094=ADVANCED_FACE('',(#8093),#8086,.F.);
#8106=ADVANCED_FACE('',(#8105),#8099,.T.);
#8112=EDGE_CURVE('',#6465,#6466,#4504,.T.);
#8114=EDGE_CURVE('',#6470,#6465,#4508,.T.);
#8116=EDGE_CURVE('',#6468,#6470,#4512,.T.);
#8118=EDGE_CURVE('',#6466,#6468,#4516,.T.);
#8122=ADVANCED_FACE('',(#8121),#8111,.T.);
#8128=EDGE_CURVE('',#6880,#6307,#4520,.T.);
#8130=EDGE_CURVE('',#6868,#6880,#4524,.T.);
#8132=EDGE_CURVE('',#6867,#6868,#4528,.T.);
#8134=EDGE_CURVE('',#6878,#6867,#4532,.T.);
#8136=EDGE_CURVE('',#6864,#6878,#4536,.T.);
#8138=EDGE_CURVE('',#6852,#6864,#4540,.T.);
#8140=EDGE_CURVE('',#6851,#6852,#4544,.T.);
#8142=EDGE_CURVE('',#6862,#6851,#4548,.T.);
#8144=EDGE_CURVE('',#6848,#6862,#4552,.T.);
#8146=EDGE_CURVE('',#6836,#6848,#4556,.T.);
#8148=EDGE_CURVE('',#6835,#6836,#4560,.T.);
#8150=EDGE_CURVE('',#6846,#6835,#4564,.T.);
#8152=EDGE_CURVE('',#6832,#6846,#4568,.T.);
#8154=EDGE_CURVE('',#6820,#6832,#4572,.T.);
#8156=EDGE_CURVE('',#6819,#6820,#4576,.T.);
#8158=EDGE_CURVE('',#6830,#6819,#4580,.T.);
#8160=EDGE_CURVE('',#6816,#6830,#4584,.T.);
#8162=EDGE_CURVE('',#6804,#6816,#4588,.T.);
#8164=EDGE_CURVE('',#6803,#6804,#4592,.T.);
#8166=EDGE_CURVE('',#6814,#6803,#4596,.T.);
#8168=EDGE_CURVE('',#6628,#6814,#4600,.T.);
#8170=EDGE_CURVE('',#6616,#6628,#4604,.T.);
#8172=EDGE_CURVE('',#6615,#6616,#4608,.T.);
#8174=EDGE_CURVE('',#6626,#6615,#4612,.T.);
#8176=EDGE_CURVE('',#6304,#6626,#4616,.T.);
#8178=EDGE_CURVE('',#6302,#6304,#4620,.T.);
#8180=EDGE_CURVE('',#6301,#6302,#4624,.T.);
#8182=EDGE_CURVE('',#6462,#6301,#4628,.T.);
#8184=EDGE_CURVE('',#6599,#6462,#4632,.T.);
#8186=EDGE_CURVE('',#6599,#6600,#4636,.T.);
#8188=EDGE_CURVE('',#6600,#6602,#4640,.T.);
#8190=EDGE_CURVE('',#6602,#6604,#4644,.T.);
#8192=EDGE_CURVE('',#6591,#6604,#4648,.T.);
#8194=EDGE_CURVE('',#6591,#6592,#4652,.T.);
#8196=EDGE_CURVE('',#6592,#6594,#4656,.T.);
#8198=EDGE_CURVE('',#6594,#6596,#4660,.T.);
#8200=EDGE_CURVE('',#6691,#6596,#4664,.T.);
#8202=EDGE_CURVE('',#6691,#6692,#4668,.T.);
#8204=EDGE_CURVE('',#6692,#6694,#4672,.T.);
#8206=EDGE_CURVE('',#6694,#6696,#4676,.T.);
#8208=EDGE_CURVE('',#6683,#6696,#4680,.T.);
#8210=EDGE_CURVE('',#6683,#6684,#4684,.T.);
#8212=EDGE_CURVE('',#6684,#6686,#4688,.T.);
#8214=EDGE_CURVE('',#6686,#6688,#4692,.T.);
#8216=EDGE_CURVE('',#6715,#6688,#4696,.T.);
#8218=EDGE_CURVE('',#6715,#6716,#4700,.T.);
#8220=EDGE_CURVE('',#6716,#6718,#4704,.T.);
#8222=EDGE_CURVE('',#6718,#6720,#4708,.T.);
#8224=EDGE_CURVE('',#6707,#6720,#4712,.T.);
#8226=EDGE_CURVE('',#6707,#6708,#4716,.T.);
#8228=EDGE_CURVE('',#6708,#6710,#4720,.T.);
#8230=EDGE_CURVE('',#6710,#6712,#4724,.T.);
#8232=EDGE_CURVE('',#6739,#6712,#4728,.T.);
#8234=EDGE_CURVE('',#6739,#6740,#4732,.T.);
#8236=EDGE_CURVE('',#6740,#6742,#4736,.T.);
#8238=EDGE_CURVE('',#6742,#6744,#4740,.T.);
#8240=EDGE_CURVE('',#6731,#6744,#4744,.T.);
#8242=EDGE_CURVE('',#6731,#6732,#4748,.T.);
#8244=EDGE_CURVE('',#6732,#6734,#4752,.T.);
#8246=EDGE_CURVE('',#6734,#6736,#4756,.T.);
#8248=EDGE_CURVE('',#6763,#6736,#4760,.T.);
#8250=EDGE_CURVE('',#6763,#6764,#4764,.T.);
#8252=EDGE_CURVE('',#6764,#6766,#4768,.T.);
#8254=EDGE_CURVE('',#6766,#6768,#4772,.T.);
#8256=EDGE_CURVE('',#6755,#6768,#4776,.T.);
#8258=EDGE_CURVE('',#6755,#6756,#4780,.T.);
#8260=EDGE_CURVE('',#6756,#6758,#4784,.T.);
#8262=EDGE_CURVE('',#6758,#6760,#4788,.T.);
#8264=EDGE_CURVE('',#6787,#6760,#4792,.T.);
#8266=EDGE_CURVE('',#6787,#6788,#4796,.T.);
#8268=EDGE_CURVE('',#6788,#6790,#4800,.T.);
#8270=EDGE_CURVE('',#6790,#6792,#4804,.T.);
#8272=EDGE_CURVE('',#6779,#6792,#4808,.T.);
#8274=EDGE_CURVE('',#6779,#6780,#4812,.T.);
#8276=EDGE_CURVE('',#6780,#6782,#4816,.T.);
#8278=EDGE_CURVE('',#6782,#6784,#4820,.T.);
#8280=EDGE_CURVE('',#6460,#6784,#4824,.T.);
#8282=EDGE_CURVE('',#6310,#6460,#4828,.T.);
#8284=EDGE_CURVE('',#6308,#6310,#4832,.T.);
#8286=EDGE_CURVE('',#6307,#6308,#4836,.T.);
#8290=EDGE_CURVE('',#6635,#6636,#4840,.T.);
#8292=EDGE_CURVE('',#6636,#6638,#4844,.T.);
#8294=EDGE_CURVE('',#6638,#6640,#4848,.T.);
#8296=EDGE_CURVE('',#6640,#6635,#4852,.T.);
#8300=EDGE_CURVE('',#6643,#6644,#4856,.T.);
#8302=EDGE_CURVE('',#6644,#6646,#4860,.T.);
#8304=EDGE_CURVE('',#6646,#6648,#4864,.T.);
#8306=EDGE_CURVE('',#6648,#6643,#4868,.T.);
#8310=EDGE_CURVE('',#6887,#6888,#4872,.T.);
#8312=EDGE_CURVE('',#6888,#6890,#4876,.T.);
#8314=EDGE_CURVE('',#6890,#6892,#4880,.T.);
#8316=EDGE_CURVE('',#6892,#6887,#4884,.T.);
#8320=EDGE_CURVE('',#6895,#6896,#4888,.T.);
#8322=EDGE_CURVE('',#6896,#6898,#4892,.T.);
#8324=EDGE_CURVE('',#6898,#6900,#4896,.T.);
#8326=EDGE_CURVE('',#6900,#6895,#4900,.T.);
#8330=EDGE_CURVE('',#6907,#6908,#4904,.T.);
#8332=EDGE_CURVE('',#6908,#6910,#4908,.T.);
#8334=EDGE_CURVE('',#6910,#6912,#4912,.T.);
#8336=EDGE_CURVE('',#6912,#6907,#4916,.T.);
#8340=EDGE_CURVE('',#6915,#6916,#4920,.T.);
#8342=EDGE_CURVE('',#6916,#6918,#4924,.T.);
#8344=EDGE_CURVE('',#6918,#6920,#4928,.T.);
#8346=EDGE_CURVE('',#6920,#6915,#4932,.T.);
#8350=EDGE_CURVE('',#6927,#6928,#4936,.T.);
#8352=EDGE_CURVE('',#6928,#6930,#4940,.T.);
#8354=EDGE_CURVE('',#6930,#6932,#4944,.T.);
#8356=EDGE_CURVE('',#6932,#6927,#4948,.T.);
#8360=EDGE_CURVE('',#6935,#6936,#4952,.T.);
#8362=EDGE_CURVE('',#6936,#6938,#4956,.T.);
#8364=EDGE_CURVE('',#6938,#6940,#4960,.T.);
#8366=EDGE_CURVE('',#6940,#6935,#4964,.T.);
#8370=EDGE_CURVE('',#6947,#6948,#4968,.T.);
#8372=EDGE_CURVE('',#6948,#6950,#4972,.T.);
#8374=EDGE_CURVE('',#6950,#6952,#4976,.T.);
#8376=EDGE_CURVE('',#6952,#6947,#4980,.T.);
#8380=EDGE_CURVE('',#6955,#6956,#4984,.T.);
#8382=EDGE_CURVE('',#6956,#6958,#4988,.T.);
#8384=EDGE_CURVE('',#6958,#6960,#4992,.T.);
#8386=EDGE_CURVE('',#6960,#6955,#4996,.T.);
#8390=EDGE_CURVE('',#6967,#6968,#5000,.T.);
#8392=EDGE_CURVE('',#6968,#6970,#5004,.T.);
#8394=EDGE_CURVE('',#6970,#6972,#5008,.T.);
#8396=EDGE_CURVE('',#6972,#6967,#5012,.T.);
#8400=EDGE_CURVE('',#6975,#6976,#5016,.T.);
#8402=EDGE_CURVE('',#6976,#6978,#5020,.T.);
#8404=EDGE_CURVE('',#6978,#6980,#5024,.T.);
#8406=EDGE_CURVE('',#6980,#6975,#5028,.T.);
#8410=ADVANCED_FACE('',(#8289,#8299,#8309,#8319,#8329,#8339,#8349,#8359,#8369,
#8379,#8389,#8399,#8409),#8127,.T.);
#8417=EDGE_CURVE('',#6487,#6465,#5032,.T.);
#8420=EDGE_CURVE('',#6488,#6466,#5044,.T.);
#8424=ADVANCED_FACE('',(#8423),#8415,.F.);
#8431=EDGE_CURVE('',#6492,#6470,#5036,.T.);
#8437=ADVANCED_FACE('',(#8436),#8429,.F.);
#8444=EDGE_CURVE('',#6490,#6468,#5040,.T.);
#8450=ADVANCED_FACE('',(#8449),#8442,.F.);
#8462=ADVANCED_FACE('',(#8461),#8455,.F.);
#8468=EDGE_CURVE('',#6626,#6619,#5048,.T.);
#8471=EDGE_CURVE('',#6322,#6304,#5052,.T.);
#8476=ADVANCED_FACE('',(#8475),#8467,.F.);
#8482=EDGE_CURVE('',#6814,#6807,#5056,.T.);
#8485=EDGE_CURVE('',#6628,#6624,#5060,.T.);
#8490=ADVANCED_FACE('',(#8489),#8481,.F.);
#8496=EDGE_CURVE('',#6830,#6823,#5064,.T.);
#8499=EDGE_CURVE('',#6816,#6812,#5068,.T.);
#8504=ADVANCED_FACE('',(#8503),#8495,.F.);
#8510=EDGE_CURVE('',#6846,#6839,#5072,.T.);
#8513=EDGE_CURVE('',#6832,#6828,#5076,.T.);
#8518=ADVANCED_FACE('',(#8517),#8509,.F.);
#8524=EDGE_CURVE('',#6862,#6855,#5080,.T.);
#8527=EDGE_CURVE('',#6848,#6844,#5084,.T.);
#8532=ADVANCED_FACE('',(#8531),#8523,.F.);
#8538=EDGE_CURVE('',#6878,#6871,#5088,.T.);
#8541=EDGE_CURVE('',#6864,#6860,#5092,.T.);
#8546=ADVANCED_FACE('',(#8545),#8537,.F.);
#8552=EDGE_CURVE('',#6880,#6876,#5096,.T.);
#8555=EDGE_CURVE('',#6325,#6307,#5468,.T.);
#8560=ADVANCED_FACE('',(#8559),#8551,.F.);
#8569=EDGE_CURVE('',#6620,#6615,#5100,.T.);
#8573=ADVANCED_FACE('',(#8572),#8565,.F.);
#8582=EDGE_CURVE('',#6622,#6616,#5104,.T.);
#8586=ADVANCED_FACE('',(#8585),#8578,.F.);
#8598=ADVANCED_FACE('',(#8597),#8591,.F.);
#8605=EDGE_CURVE('',#6320,#6302,#5108,.T.);
#8611=ADVANCED_FACE('',(#8610),#8603,.F.);
#8618=EDGE_CURVE('',#6319,#6301,#5112,.T.);
#8624=ADVANCED_FACE('',(#8623),#8616,.F.);
#8631=EDGE_CURVE('',#6476,#6462,#5116,.T.);
#8637=ADVANCED_FACE('',(#8636),#8629,.F.);
#8643=EDGE_CURVE('',#6591,#6606,#5120,.T.);
#8646=EDGE_CURVE('',#6604,#6612,#5124,.T.);
#8651=ADVANCED_FACE('',(#8650),#8642,.F.);
#8657=EDGE_CURVE('',#6599,#6610,#5128,.T.);
#8664=ADVANCED_FACE('',(#8663),#8656,.F.);
#8670=EDGE_CURVE('',#6683,#6698,#5132,.T.);
#8673=EDGE_CURVE('',#6696,#6704,#5136,.T.);
#8678=ADVANCED_FACE('',(#8677),#8669,.F.);
#8684=EDGE_CURVE('',#6691,#6702,#5140,.T.);
#8687=EDGE_CURVE('',#6596,#6608,#5144,.T.);
#8692=ADVANCED_FACE('',(#8691),#8683,.F.);
#8698=EDGE_CURVE('',#6707,#6722,#5148,.T.);
#8701=EDGE_CURVE('',#6720,#6728,#5152,.T.);
#8706=ADVANCED_FACE('',(#8705),#8697,.F.);
#8712=EDGE_CURVE('',#6715,#6726,#5156,.T.);
#8715=EDGE_CURVE('',#6688,#6700,#5160,.T.);
#8720=ADVANCED_FACE('',(#8719),#8711,.F.);
#8726=EDGE_CURVE('',#6731,#6746,#5164,.T.);
#8729=EDGE_CURVE('',#6744,#6752,#5168,.T.);
#8734=ADVANCED_FACE('',(#8733),#8725,.F.);
#8740=EDGE_CURVE('',#6739,#6750,#5172,.T.);
#8743=EDGE_CURVE('',#6712,#6724,#5176,.T.);
#8748=ADVANCED_FACE('',(#8747),#8739,.F.);
#8754=EDGE_CURVE('',#6755,#6770,#5180,.T.);
#8757=EDGE_CURVE('',#6768,#6776,#5184,.T.);
#8762=ADVANCED_FACE('',(#8761),#8753,.F.);
#8768=EDGE_CURVE('',#6763,#6774,#5188,.T.);
#8771=EDGE_CURVE('',#6736,#6748,#5192,.T.);
#8776=ADVANCED_FACE('',(#8775),#8767,.F.);
#8782=EDGE_CURVE('',#6779,#6794,#5196,.T.);
#8785=EDGE_CURVE('',#6792,#6800,#5200,.T.);
#8790=ADVANCED_FACE('',(#8789),#8781,.F.);
#8796=EDGE_CURVE('',#6784,#6796,#5204,.T.);
#8799=EDGE_CURVE('',#6474,#6460,#5208,.T.);
#8804=ADVANCED_FACE('',(#8803),#8795,.F.);
#8810=EDGE_CURVE('',#6787,#6798,#5212,.T.);
#8813=EDGE_CURVE('',#6760,#6772,#5216,.T.);
#8818=ADVANCED_FACE('',(#8817),#8809,.F.);
#8824=EDGE_CURVE('',#6678,#6680,#5220,.T.);
#8826=EDGE_CURVE('',#6678,#6592,#5236,.T.);
#8833=ADVANCED_FACE('',(#8832),#8823,.T.);
#8839=EDGE_CURVE('',#6675,#6676,#5224,.T.);
#8841=EDGE_CURVE('',#6678,#6676,#5232,.T.);
#8847=ADVANCED_FACE('',(#8846),#8838,.T.);
#8857=EDGE_CURVE('',#6676,#6594,#5228,.T.);
#8861=ADVANCED_FACE('',(#8860),#8852,.T.);
#8873=ADVANCED_FACE('',(#8872),#8866,.T.);
#8879=EDGE_CURVE('',#6667,#6668,#5240,.T.);
#8884=EDGE_CURVE('',#6668,#6602,#5244,.T.);
#8888=ADVANCED_FACE('',(#8887),#8878,.T.);
#8895=EDGE_CURVE('',#6670,#6668,#5248,.T.);
#8897=EDGE_CURVE('',#6670,#6672,#5256,.T.);
#8902=ADVANCED_FACE('',(#8901),#8893,.T.);
#8911=EDGE_CURVE('',#6670,#6600,#5252,.T.);
#8915=ADVANCED_FACE('',(#8914),#8907,.T.);
#8928=ADVANCED_FACE('',(#8927),#8920,.T.);
#8934=EDGE_CURVE('',#7074,#7076,#5260,.T.);
#8936=EDGE_CURVE('',#7074,#6684,#5276,.T.);
#8943=ADVANCED_FACE('',(#8942),#8933,.T.);
#8949=EDGE_CURVE('',#7071,#7072,#5264,.T.);
#8951=EDGE_CURVE('',#7074,#7072,#5272,.T.);
#8957=ADVANCED_FACE('',(#8956),#8948,.T.);
#8967=EDGE_CURVE('',#7072,#6686,#5268,.T.);
#8971=ADVANCED_FACE('',(#8970),#8962,.T.);
#8983=ADVANCED_FACE('',(#8982),#8976,.T.);
#8989=EDGE_CURVE('',#7063,#7064,#5280,.T.);
#8994=EDGE_CURVE('',#7064,#6694,#5284,.T.);
#8998=ADVANCED_FACE('',(#8997),#8988,.T.);
#9005=EDGE_CURVE('',#7066,#7064,#5288,.T.);
#9007=EDGE_CURVE('',#7066,#7068,#5296,.T.);
#9012=ADVANCED_FACE('',(#9011),#9003,.T.);
#9021=EDGE_CURVE('',#7066,#6692,#5292,.T.);
#9025=ADVANCED_FACE('',(#9024),#9017,.T.);
#9038=ADVANCED_FACE('',(#9037),#9030,.T.);
#9044=EDGE_CURVE('',#7090,#7092,#5300,.T.);
#9046=EDGE_CURVE('',#7090,#6708,#5316,.T.);
#9053=ADVANCED_FACE('',(#9052),#9043,.T.);
#9059=EDGE_CURVE('',#7087,#7088,#5304,.T.);
#9061=EDGE_CURVE('',#7090,#7088,#5312,.T.);
#9067=ADVANCED_FACE('',(#9066),#9058,.T.);
#9077=EDGE_CURVE('',#7088,#6710,#5308,.T.);
#9081=ADVANCED_FACE('',(#9080),#9072,.T.);
#9093=ADVANCED_FACE('',(#9092),#9086,.T.);
#9099=EDGE_CURVE('',#7079,#7080,#5320,.T.);
#9104=EDGE_CURVE('',#7080,#6718,#5324,.T.);
#9108=ADVANCED_FACE('',(#9107),#9098,.T.);
#9115=EDGE_CURVE('',#7082,#7080,#5328,.T.);
#9117=EDGE_CURVE('',#7082,#7084,#5336,.T.);
#9122=ADVANCED_FACE('',(#9121),#9113,.T.);
#9131=EDGE_CURVE('',#7082,#6716,#5332,.T.);
#9135=ADVANCED_FACE('',(#9134),#9127,.T.);
#9148=ADVANCED_FACE('',(#9147),#9140,.T.);
#9154=EDGE_CURVE('',#7106,#7108,#5340,.T.);
#9156=EDGE_CURVE('',#7106,#6732,#5356,.T.);
#9163=ADVANCED_FACE('',(#9162),#9153,.T.);
#9169=EDGE_CURVE('',#7103,#7104,#5344,.T.);
#9171=EDGE_CURVE('',#7106,#7104,#5352,.T.);
#9177=ADVANCED_FACE('',(#9176),#9168,.T.);
#9187=EDGE_CURVE('',#7104,#6734,#5348,.T.);
#9191=ADVANCED_FACE('',(#9190),#9182,.T.);
#9203=ADVANCED_FACE('',(#9202),#9196,.T.);
#9209=EDGE_CURVE('',#7095,#7096,#5360,.T.);
#9214=EDGE_CURVE('',#7096,#6742,#5364,.T.);
#9218=ADVANCED_FACE('',(#9217),#9208,.T.);
#9225=EDGE_CURVE('',#7098,#7096,#5368,.T.);
#9227=EDGE_CURVE('',#7098,#7100,#5376,.T.);
#9232=ADVANCED_FACE('',(#9231),#9223,.T.);
#9241=EDGE_CURVE('',#7098,#6740,#5372,.T.);
#9245=ADVANCED_FACE('',(#9244),#9237,.T.);
#9258=ADVANCED_FACE('',(#9257),#9250,.T.);
#9264=EDGE_CURVE('',#7122,#7124,#5380,.T.);
#9266=EDGE_CURVE('',#7122,#6756,#5396,.T.);
#9273=ADVANCED_FACE('',(#9272),#9263,.T.);
#9279=EDGE_CURVE('',#7119,#7120,#5384,.T.);
#9281=EDGE_CURVE('',#7122,#7120,#5392,.T.);
#9287=ADVANCED_FACE('',(#9286),#9278,.T.);
#9297=EDGE_CURVE('',#7120,#6758,#5388,.T.);
#9301=ADVANCED_FACE('',(#9300),#9292,.T.);
#9313=ADVANCED_FACE('',(#9312),#9306,.T.);
#9319=EDGE_CURVE('',#7111,#7112,#5400,.T.);
#9324=EDGE_CURVE('',#7112,#6766,#5404,.T.);
#9328=ADVANCED_FACE('',(#9327),#9318,.T.);
#9335=EDGE_CURVE('',#7114,#7112,#5408,.T.);
#9337=EDGE_CURVE('',#7114,#7116,#5416,.T.);
#9342=ADVANCED_FACE('',(#9341),#9333,.T.);
#9351=EDGE_CURVE('',#7114,#6764,#5412,.T.);
#9355=ADVANCED_FACE('',(#9354),#9347,.T.);
#9368=ADVANCED_FACE('',(#9367),#9360,.T.);
#9374=EDGE_CURVE('',#7138,#7140,#5420,.T.);
#9376=EDGE_CURVE('',#7138,#6780,#5436,.T.);
#9383=ADVANCED_FACE('',(#9382),#9373,.T.);
#9389=EDGE_CURVE('',#7135,#7136,#5424,.T.);
#9391=EDGE_CURVE('',#7138,#7136,#5432,.T.);
#9397=ADVANCED_FACE('',(#9396),#9388,.T.);
#9407=EDGE_CURVE('',#7136,#6782,#5428,.T.);
#9411=ADVANCED_FACE('',(#9410),#9402,.T.);
#9423=ADVANCED_FACE('',(#9422),#9416,.T.);
#9429=EDGE_CURVE('',#7127,#7128,#5440,.T.);
#9434=EDGE_CURVE('',#7128,#6790,#5444,.T.);
#9438=ADVANCED_FACE('',(#9437),#9428,.T.);
#9445=EDGE_CURVE('',#7130,#7128,#5448,.T.);
#9447=EDGE_CURVE('',#7130,#7132,#5456,.T.);
#9452=ADVANCED_FACE('',(#9451),#9443,.T.);
#9461=EDGE_CURVE('',#7130,#6788,#5452,.T.);
#9465=ADVANCED_FACE('',(#9464),#9457,.T.);
#9478=ADVANCED_FACE('',(#9477),#9470,.T.);
#9485=EDGE_CURVE('',#6328,#6310,#5460,.T.);
#9491=ADVANCED_FACE('',(#9490),#9483,.F.);
#9498=EDGE_CURVE('',#6326,#6308,#5464,.T.);
#9504=ADVANCED_FACE('',(#9503),#9496,.F.);
#9516=ADVANCED_FACE('',(#9515),#9509,.F.);
#9525=EDGE_CURVE('',#6808,#6803,#5472,.T.);
#9529=ADVANCED_FACE('',(#9528),#9521,.F.);
#9538=EDGE_CURVE('',#6810,#6804,#5476,.T.);
#9542=ADVANCED_FACE('',(#9541),#9534,.F.);
#9554=ADVANCED_FACE('',(#9553),#9547,.F.);
#9563=EDGE_CURVE('',#6824,#6819,#5480,.T.);
#9567=ADVANCED_FACE('',(#9566),#9559,.F.);
#9576=EDGE_CURVE('',#6826,#6820,#5484,.T.);
#9580=ADVANCED_FACE('',(#9579),#9572,.F.);
#9592=ADVANCED_FACE('',(#9591),#9585,.F.);
#9601=EDGE_CURVE('',#6840,#6835,#5488,.T.);
#9605=ADVANCED_FACE('',(#9604),#9597,.F.);
#9614=EDGE_CURVE('',#6842,#6836,#5492,.T.);
#9618=ADVANCED_FACE('',(#9617),#9610,.F.);
#9630=ADVANCED_FACE('',(#9629),#9623,.F.);
#9639=EDGE_CURVE('',#6856,#6851,#5496,.T.);
#9643=ADVANCED_FACE('',(#9642),#9635,.F.);
#9652=EDGE_CURVE('',#6858,#6852,#5500,.T.);
#9656=ADVANCED_FACE('',(#9655),#9648,.F.);
#9668=ADVANCED_FACE('',(#9667),#9661,.F.);
#9677=EDGE_CURVE('',#6872,#6867,#5504,.T.);
#9681=ADVANCED_FACE('',(#9680),#9673,.F.);
#9690=EDGE_CURVE('',#6874,#6868,#5508,.T.);
#9694=ADVANCED_FACE('',(#9693),#9686,.F.);
#9706=ADVANCED_FACE('',(#9705),#9699,.F.);
#9712=EDGE_CURVE('',#6654,#6656,#5512,.T.);
#9714=EDGE_CURVE('',#6636,#6654,#5540,.T.);
#9717=EDGE_CURVE('',#6635,#6656,#5516,.T.);
#9721=ADVANCED_FACE('',(#9720),#9711,.T.);
#9734=EDGE_CURVE('',#6651,#6652,#5520,.T.);
#9736=EDGE_CURVE('',#6654,#6652,#5536,.T.);
#9739=EDGE_CURVE('',#6656,#6651,#5528,.T.);
#9743=ADVANCED_FACE('',(#9742),#9733,.T.);
#9757=EDGE_CURVE('',#6640,#6651,#5532,.T.);
#9760=EDGE_CURVE('',#6638,#6652,#5524,.T.);
#9764=ADVANCED_FACE('',(#9763),#9755,.T.);
#9783=ADVANCED_FACE('',(#9782),#9776,.T.);
#9795=ADVANCED_FACE('',(#9794),#9788,.T.);
#9808=EDGE_CURVE('',#6659,#6660,#5544,.T.);
#9810=EDGE_CURVE('',#6659,#6631,#5584,.T.);
#9812=EDGE_CURVE('',#6644,#6631,#5568,.T.);
#9815=EDGE_CURVE('',#6643,#6660,#5548,.T.);
#9819=ADVANCED_FACE('',(#9818),#9807,.T.);
#9833=EDGE_CURVE('',#6662,#6660,#5552,.T.);
#9835=EDGE_CURVE('',#6662,#6664,#5560,.T.);
#9837=EDGE_CURVE('',#6664,#6659,#5572,.T.);
#9841=ADVANCED_FACE('',(#9840),#9831,.T.);
#9857=EDGE_CURVE('',#6648,#6662,#5556,.T.);
#9861=ADVANCED_FACE('',(#9860),#9853,.T.);
#9877=EDGE_CURVE('',#6646,#6632,#5564,.T.);
#9879=EDGE_CURVE('',#6632,#6664,#5576,.T.);
#9883=ADVANCED_FACE('',(#9882),#9873,.T.);
#9898=EDGE_CURVE('',#6631,#6632,#5580,.T.);
#9903=ADVANCED_FACE('',(#9902),#9895,.T.);
#9915=ADVANCED_FACE('',(#9914),#9908,.T.);
#9928=EDGE_CURVE('',#6986,#6988,#5588,.T.);
#9930=EDGE_CURVE('',#6888,#6986,#5616,.T.);
#9933=EDGE_CURVE('',#6887,#6988,#5592,.T.);
#9937=ADVANCED_FACE('',(#9936),#9927,.T.);
#9950=EDGE_CURVE('',#6983,#6984,#5596,.T.);
#9952=EDGE_CURVE('',#6986,#6984,#5612,.T.);
#9955=EDGE_CURVE('',#6988,#6983,#5604,.T.);
#9959=ADVANCED_FACE('',(#9958),#9949,.T.);
#9973=EDGE_CURVE('',#6892,#6983,#5608,.T.);
#9976=EDGE_CURVE('',#6890,#6984,#5600,.T.);
#9980=ADVANCED_FACE('',(#9979),#9971,.T.);
#9999=ADVANCED_FACE('',(#9998),#9992,.T.);
#10011=ADVANCED_FACE('',(#10010),#10004,.T.);
#10024=EDGE_CURVE('',#6991,#6992,#5620,.T.);
#10026=EDGE_CURVE('',#6991,#6883,#5660,.T.);
#10028=EDGE_CURVE('',#6896,#6883,#5644,.T.);
#10031=EDGE_CURVE('',#6895,#6992,#5624,.T.);
#10035=ADVANCED_FACE('',(#10034),#10023,.T.);
#10049=EDGE_CURVE('',#6994,#6992,#5628,.T.);
#10051=EDGE_CURVE('',#6994,#6996,#5636,.T.);
#10053=EDGE_CURVE('',#6996,#6991,#5648,.T.);
#10057=ADVANCED_FACE('',(#10056),#10047,.T.);
#10073=EDGE_CURVE('',#6900,#6994,#5632,.T.);
#10077=ADVANCED_FACE('',(#10076),#10069,.T.);
#10093=EDGE_CURVE('',#6898,#6884,#5640,.T.);
#10095=EDGE_CURVE('',#6884,#6996,#5652,.T.);
#10099=ADVANCED_FACE('',(#10098),#10089,.T.);
#10114=EDGE_CURVE('',#6883,#6884,#5656,.T.);
#10119=ADVANCED_FACE('',(#10118),#10111,.T.);
#10131=ADVANCED_FACE('',(#10130),#10124,.T.);
#10144=EDGE_CURVE('',#7002,#7004,#5664,.T.);
#10146=EDGE_CURVE('',#6908,#7002,#5692,.T.);
#10149=EDGE_CURVE('',#6907,#7004,#5668,.T.);
#10153=ADVANCED_FACE('',(#10152),#10143,.T.);
#10166=EDGE_CURVE('',#6999,#7000,#5672,.T.);
#10168=EDGE_CURVE('',#7002,#7000,#5688,.T.);
#10171=EDGE_CURVE('',#7004,#6999,#5680,.T.);
#10175=ADVANCED_FACE('',(#10174),#10165,.T.);
#10189=EDGE_CURVE('',#6912,#6999,#5684,.T.);
#10192=EDGE_CURVE('',#6910,#7000,#5676,.T.);
#10196=ADVANCED_FACE('',(#10195),#10187,.T.);
#10215=ADVANCED_FACE('',(#10214),#10208,.T.);
#10227=ADVANCED_FACE('',(#10226),#10220,.T.);
#10240=EDGE_CURVE('',#7007,#7008,#5696,.T.);
#10242=EDGE_CURVE('',#7007,#6903,#5736,.T.);
#10244=EDGE_CURVE('',#6916,#6903,#5720,.T.);
#10247=EDGE_CURVE('',#6915,#7008,#5700,.T.);
#10251=ADVANCED_FACE('',(#10250),#10239,.T.);
#10265=EDGE_CURVE('',#7010,#7008,#5704,.T.);
#10267=EDGE_CURVE('',#7010,#7012,#5712,.T.);
#10269=EDGE_CURVE('',#7012,#7007,#5724,.T.);
#10273=ADVANCED_FACE('',(#10272),#10263,.T.);
#10289=EDGE_CURVE('',#6920,#7010,#5708,.T.);
#10293=ADVANCED_FACE('',(#10292),#10285,.T.);
#10309=EDGE_CURVE('',#6918,#6904,#5716,.T.);
#10311=EDGE_CURVE('',#6904,#7012,#5728,.T.);
#10315=ADVANCED_FACE('',(#10314),#10305,.T.);
#10330=EDGE_CURVE('',#6903,#6904,#5732,.T.);
#10335=ADVANCED_FACE('',(#10334),#10327,.T.);
#10347=ADVANCED_FACE('',(#10346),#10340,.T.);
#10360=EDGE_CURVE('',#7018,#7020,#5740,.T.);
#10362=EDGE_CURVE('',#6928,#7018,#5768,.T.);
#10365=EDGE_CURVE('',#6927,#7020,#5744,.T.);
#10369=ADVANCED_FACE('',(#10368),#10359,.T.);
#10382=EDGE_CURVE('',#7015,#7016,#5748,.T.);
#10384=EDGE_CURVE('',#7018,#7016,#5764,.T.);
#10387=EDGE_CURVE('',#7020,#7015,#5756,.T.);
#10391=ADVANCED_FACE('',(#10390),#10381,.T.);
#10405=EDGE_CURVE('',#6932,#7015,#5760,.T.);
#10408=EDGE_CURVE('',#6930,#7016,#5752,.T.);
#10412=ADVANCED_FACE('',(#10411),#10403,.T.);
#10431=ADVANCED_FACE('',(#10430),#10424,.T.);
#10443=ADVANCED_FACE('',(#10442),#10436,.T.);
#10456=EDGE_CURVE('',#7023,#7024,#5772,.T.);
#10458=EDGE_CURVE('',#7023,#6923,#5812,.T.);
#10460=EDGE_CURVE('',#6936,#6923,#5796,.T.);
#10463=EDGE_CURVE('',#6935,#7024,#5776,.T.);
#10467=ADVANCED_FACE('',(#10466),#10455,.T.);
#10481=EDGE_CURVE('',#7026,#7024,#5780,.T.);
#10483=EDGE_CURVE('',#7026,#7028,#5788,.T.);
#10485=EDGE_CURVE('',#7028,#7023,#5800,.T.);
#10489=ADVANCED_FACE('',(#10488),#10479,.T.);
#10505=EDGE_CURVE('',#6940,#7026,#5784,.T.);
#10509=ADVANCED_FACE('',(#10508),#10501,.T.);
#10525=EDGE_CURVE('',#6938,#6924,#5792,.T.);
#10527=EDGE_CURVE('',#6924,#7028,#5804,.T.);
#10531=ADVANCED_FACE('',(#10530),#10521,.T.);
#10546=EDGE_CURVE('',#6923,#6924,#5808,.T.);
#10551=ADVANCED_FACE('',(#10550),#10543,.T.);
#10563=ADVANCED_FACE('',(#10562),#10556,.T.);
#10576=EDGE_CURVE('',#7034,#7036,#5816,.T.);
#10578=EDGE_CURVE('',#6948,#7034,#5844,.T.);
#10581=EDGE_CURVE('',#6947,#7036,#5820,.T.);
#10585=ADVANCED_FACE('',(#10584),#10575,.T.);
#10598=EDGE_CURVE('',#7031,#7032,#5824,.T.);
#10600=EDGE_CURVE('',#7034,#7032,#5840,.T.);
#10603=EDGE_CURVE('',#7036,#7031,#5832,.T.);
#10607=ADVANCED_FACE('',(#10606),#10597,.T.);
#10621=EDGE_CURVE('',#6952,#7031,#5836,.T.);
#10624=EDGE_CURVE('',#6950,#7032,#5828,.T.);
#10628=ADVANCED_FACE('',(#10627),#10619,.T.);
#10647=ADVANCED_FACE('',(#10646),#10640,.T.);
#10659=ADVANCED_FACE('',(#10658),#10652,.T.);
#10672=EDGE_CURVE('',#7039,#7040,#5848,.T.);
#10674=EDGE_CURVE('',#7039,#6943,#5888,.T.);
#10676=EDGE_CURVE('',#6956,#6943,#5872,.T.);
#10679=EDGE_CURVE('',#6955,#7040,#5852,.T.);
#10683=ADVANCED_FACE('',(#10682),#10671,.T.);
#10697=EDGE_CURVE('',#7042,#7040,#5856,.T.);
#10699=EDGE_CURVE('',#7042,#7044,#5864,.T.);
#10701=EDGE_CURVE('',#7044,#7039,#5876,.T.);
#10705=ADVANCED_FACE('',(#10704),#10695,.T.);
#10721=EDGE_CURVE('',#6960,#7042,#5860,.T.);
#10725=ADVANCED_FACE('',(#10724),#10717,.T.);
#10741=EDGE_CURVE('',#6958,#6944,#5868,.T.);
#10743=EDGE_CURVE('',#6944,#7044,#5880,.T.);
#10747=ADVANCED_FACE('',(#10746),#10737,.T.);
#10762=EDGE_CURVE('',#6943,#6944,#5884,.T.);
#10767=ADVANCED_FACE('',(#10766),#10759,.T.);
#10779=ADVANCED_FACE('',(#10778),#10772,.T.);
#10792=EDGE_CURVE('',#7050,#7052,#5892,.T.);
#10794=EDGE_CURVE('',#6968,#7050,#5920,.T.);
#10797=EDGE_CURVE('',#6967,#7052,#5896,.T.);
#10801=ADVANCED_FACE('',(#10800),#10791,.T.);
#10814=EDGE_CURVE('',#7047,#7048,#5900,.T.);
#10816=EDGE_CURVE('',#7050,#7048,#5916,.T.);
#10819=EDGE_CURVE('',#7052,#7047,#5908,.T.);
#10823=ADVANCED_FACE('',(#10822),#10813,.T.);
#10837=EDGE_CURVE('',#6972,#7047,#5912,.T.);
#10840=EDGE_CURVE('',#6970,#7048,#5904,.T.);
#10844=ADVANCED_FACE('',(#10843),#10835,.T.);
#10863=ADVANCED_FACE('',(#10862),#10856,.T.);
#10875=ADVANCED_FACE('',(#10874),#10868,.T.);
#10888=EDGE_CURVE('',#7055,#7056,#5924,.T.);
#10890=EDGE_CURVE('',#7055,#6963,#5964,.T.);
#10892=EDGE_CURVE('',#6976,#6963,#5948,.T.);
#10895=EDGE_CURVE('',#6975,#7056,#5928,.T.);
#10899=ADVANCED_FACE('',(#10898),#10887,.T.);
#10913=EDGE_CURVE('',#7058,#7056,#5932,.T.);
#10915=EDGE_CURVE('',#7058,#7060,#5940,.T.);
#10917=EDGE_CURVE('',#7060,#7055,#5952,.T.);
#10921=ADVANCED_FACE('',(#10920),#10911,.T.);
#10937=EDGE_CURVE('',#6980,#7058,#5936,.T.);
#10941=ADVANCED_FACE('',(#10940),#10933,.T.);
#10957=EDGE_CURVE('',#6978,#6964,#5944,.T.);
#10959=EDGE_CURVE('',#6964,#7060,#5956,.T.);
#10963=ADVANCED_FACE('',(#10962),#10953,.T.);
#10978=EDGE_CURVE('',#6963,#6964,#5960,.T.);
#10983=ADVANCED_FACE('',(#10982),#10975,.T.);
#10995=ADVANCED_FACE('',(#10994),#10988,.T.);
#11008=EDGE_CURVE('',#6479,#6570,#5968,.T.);
#11011=EDGE_CURVE('',#6480,#6572,#5976,.T.);
#11016=ADVANCED_FACE('',(#11015),#11007,.F.);
#11022=EDGE_CURVE('',#6484,#6568,#5972,.T.);
#11029=ADVANCED_FACE('',(#11028),#11021,.F.);
#11035=EDGE_CURVE('',#6567,#6482,#5980,.T.);
#11042=ADVANCED_FACE('',(#11041),#11034,.F.);
#11054=EDGE_CURVE('',#6586,#6584,#5984,.T.);
#11056=EDGE_CURVE('',#6584,#6579,#5988,.T.);
#11058=EDGE_CURVE('',#6579,#6580,#5992,.T.);
#11060=EDGE_CURVE('',#6580,#6586,#5996,.T.);
#11064=ADVANCED_FACE('',(#11053,#11063),#11047,.F.);
#11070=EDGE_CURVE('',#6583,#6584,#6000,.T.);
#11073=EDGE_CURVE('',#6586,#6588,#6020,.T.);
#11075=EDGE_CURVE('',#6588,#6583,#6004,.T.);
#11079=ADVANCED_FACE('',(#11078),#11069,.T.);
#11086=EDGE_CURVE('',#6583,#6575,#6016,.T.);
#11088=EDGE_CURVE('',#6579,#6575,#6028,.T.);
#11093=ADVANCED_FACE('',(#11092),#11084,.T.);
#11100=EDGE_CURVE('',#6576,#6588,#6008,.T.);
#11102=EDGE_CURVE('',#6575,#6576,#6012,.T.);
#11107=ADVANCED_FACE('',(#11106),#11098,.T.);
#11115=EDGE_CURVE('',#6580,#6576,#6024,.T.);
#11120=ADVANCED_FACE('',(#11119),#11112,.T.);
#11132=ADVANCED_FACE('',(#11131),#11125,.T.);
#11139=EDGE_CURVE('',#6436,#6411,#6032,.T.);
#11147=ADVANCED_FACE('',(#11146),#11137,.F.);
#11154=EDGE_CURVE('',#6434,#6416,#6036,.T.);
#11160=ADVANCED_FACE('',(#11159),#11152,.F.);
#11172=ADVANCED_FACE('',(#11171),#11165,.F.);
#11184=ADVANCED_FACE('',(#11183),#11177,.F.);
#11191=EDGE_CURVE('',#6554,#6564,#6056,.T.);
#11193=EDGE_CURVE('',#6544,#6554,#6068,.T.);
#11195=EDGE_CURVE('',#6544,#6540,#6084,.T.);
#11200=ADVANCED_FACE('',(#11199),#11189,.T.);
#11213=EDGE_CURVE('',#6562,#6556,#6052,.T.);
#11215=EDGE_CURVE('',#6556,#6554,#6072,.T.);
#11221=ADVANCED_FACE('',(#11220),#11212,.T.);
#11227=EDGE_CURVE('',#6556,#6543,#6076,.T.);
#11232=EDGE_CURVE('',#6543,#6539,#6064,.T.);
#11236=ADVANCED_FACE('',(#11235),#11226,.T.);
#11252=EDGE_CURVE('',#6543,#6544,#6080,.T.);
#11256=ADVANCED_FACE('',(#11255),#11248,.T.);
#11275=ADVANCED_FACE('',(#11274),#11268,.T.);
#11289=EDGE_CURVE('',#6550,#6560,#6096,.T.);
#11291=EDGE_CURVE('',#6532,#6550,#6108,.T.);
#11293=EDGE_CURVE('',#6532,#6528,#6124,.T.);
#11298=ADVANCED_FACE('',(#11297),#11287,.T.);
#11311=EDGE_CURVE('',#6558,#6552,#6092,.T.);
#11313=EDGE_CURVE('',#6552,#6550,#6112,.T.);
#11319=ADVANCED_FACE('',(#11318),#11310,.T.);
#11325=EDGE_CURVE('',#6552,#6531,#6116,.T.);
#11330=EDGE_CURVE('',#6531,#6527,#6104,.T.);
#11334=ADVANCED_FACE('',(#11333),#11324,.T.);
#11350=EDGE_CURVE('',#6531,#6532,#6120,.T.);
#11354=ADVANCED_FACE('',(#11353),#11346,.T.);
#11373=ADVANCED_FACE('',(#11372),#11366,.T.);
#11387=EDGE_CURVE('',#6391,#6392,#6136,.T.);
#11389=EDGE_CURVE('',#6520,#6391,#6148,.T.);
#11391=EDGE_CURVE('',#6520,#6516,#6164,.T.);
#11396=ADVANCED_FACE('',(#11395),#11385,.T.);
#11409=EDGE_CURVE('',#6387,#6388,#6132,.T.);
#11411=EDGE_CURVE('',#6388,#6391,#6152,.T.);
#11417=ADVANCED_FACE('',(#11416),#11408,.T.);
#11423=EDGE_CURVE('',#6388,#6519,#6156,.T.);
#11428=EDGE_CURVE('',#6519,#6515,#6144,.T.);
#11432=ADVANCED_FACE('',(#11431),#11422,.T.);
#11448=EDGE_CURVE('',#6519,#6520,#6160,.T.);
#11452=ADVANCED_FACE('',(#11451),#11444,.T.);
#11471=ADVANCED_FACE('',(#11470),#11464,.T.);
#11485=EDGE_CURVE('',#6370,#6384,#6176,.T.);
#11487=EDGE_CURVE('',#6288,#6370,#6188,.T.);
#11489=EDGE_CURVE('',#6288,#6284,#6204,.T.);
#11494=ADVANCED_FACE('',(#11493),#11483,.T.);
#11507=EDGE_CURVE('',#6382,#6372,#6172,.T.);
#11509=EDGE_CURVE('',#6372,#6370,#6192,.T.);
#11515=ADVANCED_FACE('',(#11514),#11506,.T.);
#11521=EDGE_CURVE('',#6372,#6287,#6196,.T.);
#11526=EDGE_CURVE('',#6287,#6283,#6184,.T.);
#11530=ADVANCED_FACE('',(#11529),#11520,.T.);
#11546=EDGE_CURVE('',#6287,#6288,#6200,.T.);
#11550=ADVANCED_FACE('',(#11549),#11542,.T.);
#11569=ADVANCED_FACE('',(#11568),#11562,.T.);
#11583=EDGE_CURVE('',#6366,#6380,#6216,.T.);
#11585=EDGE_CURVE('',#6276,#6366,#6228,.T.);
#11587=EDGE_CURVE('',#6276,#6272,#6244,.T.);
#11592=ADVANCED_FACE('',(#11591),#11581,.T.);
#11605=EDGE_CURVE('',#6378,#6368,#6212,.T.);
#11607=EDGE_CURVE('',#6368,#6366,#6232,.T.);
#11613=ADVANCED_FACE('',(#11612),#11604,.T.);
#11619=EDGE_CURVE('',#6368,#6275,#6236,.T.);
#11624=EDGE_CURVE('',#6275,#6271,#6224,.T.);
#11628=ADVANCED_FACE('',(#11627),#11618,.T.);
#11644=EDGE_CURVE('',#6275,#6276,#6240,.T.);
#11648=ADVANCED_FACE('',(#11647),#11640,.T.);
#11667=ADVANCED_FACE('',(#11666),#11660,.T.);
#11677=(LENGTH_UNIT()NAMED_UNIT(*)SI_UNIT(.MILLI.,.METRE.));
#11678=(NAMED_UNIT(*)PLANE_ANGLE_UNIT()SI_UNIT($,.RADIAN.));
#11681=(NAMED_UNIT(*)SI_UNIT($,.STERADIAN.)SOLID_ANGLE_UNIT());
#11683=(GEOMETRIC_REPRESENTATION_CONTEXT(3)GLOBAL_UNCERTAINTY_ASSIGNED_CONTEXT((
#11682))GLOBAL_UNIT_ASSIGNED_CONTEXT((#11677,#11680,#11681))REPRESENTATION_CONTEXT('ID2','3'));
#11687=AXIS2_PLACEMENT_3D('',#11684,#11685,#11686);
#11688=ADVANCED_BREP_SHAPE_REPRESENTATION('',(#11687,#11676),#11683);
#11692=PRODUCT_DEFINITION('part definition','',#11691,#3413);
#11693=PRODUCT_DEFINITION_SHAPE('','SHAPE FOR BM06B-WO-NEW.',#11692);
#11694=SHAPE_ASPECT('','solid data associated with BM06B-WO-NEW',#11693,.F.);
#11695=PROPERTY_DEFINITION('',
'shape for solid data with which properties are associated',#11694);
#11696=SHAPE_REPRESENTATION('',(#11676),#11683);
#11697=SHAPE_DEFINITION_REPRESENTATION(#11695,#11696);
#11698=(LENGTH_UNIT()NAMED_UNIT(*)SI_UNIT(.MILLI.,.METRE.));
#11702=PROPERTY_DEFINITION('geometric validation property',
'area of BM06B-WO-NEW',#11694);
#11703=REPRESENTATION('surface area',(#11701),#11683);
#11704=PROPERTY_DEFINITION_REPRESENTATION(#11702,#11703);
#11705=(LENGTH_UNIT()NAMED_UNIT(*)SI_UNIT(.MILLI.,.METRE.));
#11709=PROPERTY_DEFINITION('geometric validation property',
'volume of BM06B-WO-NEW',#11694);
#11710=REPRESENTATION('volume',(#11708),#11683);
#11711=PROPERTY_DEFINITION_REPRESENTATION(#11709,#11710);
#11713=PROPERTY_DEFINITION('geometric validation property',
'centroid of BM06B-WO-NEW',#11694);
#11714=REPRESENTATION('centroid',(#11712),#11683);
#11715=PROPERTY_DEFINITION_REPRESENTATION(#11713,#11714);
#11716=(LENGTH_UNIT()NAMED_UNIT(*)SI_UNIT(.MILLI.,.METRE.));
#11720=PROPERTY_DEFINITION('geometric validation property',
'area of BM06B-WO-NEW',#11693);
#11721=REPRESENTATION('surface area',(#11719),#11683);
#11722=PROPERTY_DEFINITION_REPRESENTATION(#11720,#11721);
#11723=(LENGTH_UNIT()NAMED_UNIT(*)SI_UNIT(.MILLI.,.METRE.));
#11727=PROPERTY_DEFINITION('geometric validation property',
'volume of BM06B-WO-NEW',#11693);
#11728=REPRESENTATION('volume',(#11726),#11683);
#11729=PROPERTY_DEFINITION_REPRESENTATION(#11727,#11728);
#11731=PROPERTY_DEFINITION('geometric validation property',
'centroid of BM06B-WO-NEW',#11693);
#11732=REPRESENTATION('centroid',(#11730),#11683);
#11733=PROPERTY_DEFINITION_REPRESENTATION(#11731,#11732);
#11734=SHAPE_DEFINITION_REPRESENTATION(#11693,#11688);
#11742=PLANAR_BOX('',1.578095656307E1,1.331518210009E1,#11741);
#11749=CAMERA_USAGE(#11748,#11735);
#11754=PLANAR_BOX('',1.E3,8.4375E2,#11753);
#11774=PRESENTATION_AREA('',(#11773,#11778),#3460);
#11782=PROPERTY_DEFINITION('DRAW','user defined attribute',#11692);
#11786=REPRESENTATION('',(#11785),#11683);
#11787=PROPERTY_DEFINITION_REPRESENTATION(#11782,#11786);
#11788=PROPERTY_DEFINITION('MANAGER','user defined attribute',#11692);
#11792=REPRESENTATION('',(#11791),#11683);
#11793=PROPERTY_DEFINITION_REPRESENTATION(#11788,#11792);
#11794=PROPERTY_DEFINITION('PART_NO','user defined attribute',#11692);
#11798=REPRESENTATION('',(#11797),#11683);
#11799=PROPERTY_DEFINITION_REPRESENTATION(#11794,#11798);
#11800=PROPERTY_DEFINITION('PROJECT','user defined attribute',#11692);
#11804=REPRESENTATION('',(#11803),#11683);
#11805=PROPERTY_DEFINITION_REPRESENTATION(#11800,#11804);
#11806=PROPERTY_DEFINITION('PTC_COMMON_NAME','user defined attribute',#11692);
#11810=REPRESENTATION('',(#11809),#11683);
#11811=PROPERTY_DEFINITION_REPRESENTATION(#11806,#11810);
#11814=NEXT_ASSEMBLY_USAGE_OCCURRENCE('1','Next assembly relationship',
'BM06B-WO-NEW',#21825,#11692,$);
#11815=PRODUCT_DEFINITION_SHAPE('Placement #1',
'Placement of BM06B-WO-NEW with respect to MICRO-10-GPS-MUJU_ASM',#11814);
#11817=PROPERTY_DEFINITION('geometric validation property',
'centroid of BM06B-WO-NEW',#11815);
#11818=REPRESENTATION('centroid',(#11816),#11683);
#11819=PROPERTY_DEFINITION_REPRESENTATION(#11817,#11818);
#11831=CIRCLE('',#11830,3.05E0);
#11840=CIRCLE('',#11839,3.05E0);
#11849=CIRCLE('',#11848,3.05E0);
#11866=CIRCLE('',#11865,3.5E0);
#11875=CIRCLE('',#11874,3.5E0);
#11884=CIRCLE('',#11883,3.5E0);
#11893=CIRCLE('',#11892,3.5E0);
#11910=CIRCLE('',#11909,3.05E0);
#11963=CIRCLE('',#11962,3.05E0);
#11972=CIRCLE('',#11971,3.05E0);
#11981=CIRCLE('',#11980,3.05E0);
#11990=CIRCLE('',#11989,3.05E0);
#12011=CIRCLE('',#12010,2.5E0);
#12016=CIRCLE('',#12015,2.5E0);
#12103=B_SPLINE_CURVE_WITH_KNOTS('',3,(#12097,#12098,#12099,#12100,#12101,
#12102),.UNSPECIFIED.,.F.,.F.,(4,1,1,4),(0.E0,3.333333333333E-1,
6.666666666667E-1,1.E0),.UNSPECIFIED.);
#12114=B_SPLINE_CURVE_WITH_KNOTS('',3,(#12108,#12109,#12110,#12111,#12112,
#12113),.UNSPECIFIED.,.F.,.F.,(4,1,1,4),(0.E0,3.333333333333E-1,
6.666666666667E-1,1.E0),.UNSPECIFIED.);
#12123=CIRCLE('',#12122,7.E-1);
#12128=CIRCLE('',#12127,7.E-1);
#12133=CIRCLE('',#12132,7.E-1);
#12138=CIRCLE('',#12137,7.E-1);
#12159=CIRCLE('',#12158,2.E0);
#12164=CIRCLE('',#12163,4.3E0);
#12169=CIRCLE('',#12168,2.E0);
#12174=CIRCLE('',#12173,1.6E0);
#12203=CIRCLE('',#12202,1.6E0);
#12208=CIRCLE('',#12207,2.E0);
#12213=CIRCLE('',#12212,4.3E0);
#12218=CIRCLE('',#12217,2.E0);
#12239=CIRCLE('',#12238,2.174285229830E0);
#12248=CIRCLE('',#12247,2.174285229830E0);
#12273=CIRCLE('',#12272,2.374285229830E0);
#12314=CIRCLE('',#12313,2.374285229830E0);
#12331=CIRCLE('',#12330,7.E-1);
#12336=CIRCLE('',#12335,7.E-1);
#12341=CIRCLE('',#12340,7.E-1);
#12346=CIRCLE('',#12345,7.E-1);
#12363=CIRCLE('',#12362,1.6E0);
#12372=CIRCLE('',#12371,1.6E0);
#12409=CIRCLE('',#12408,1.6E0);
#12434=CIRCLE('',#12433,1.2E0);
#12439=CIRCLE('',#12438,1.2E0);
#12444=CIRCLE('',#12443,1.2E0);
#12449=CIRCLE('',#12448,1.2E0);
#12458=CIRCLE('',#12457,2.E0);
#12463=CIRCLE('',#12462,4.3E0);
#12468=CIRCLE('',#12467,2.E0);
#12485=CIRCLE('',#12484,2.E0);
#12490=CIRCLE('',#12489,4.3E0);
#12495=CIRCLE('',#12494,2.E0);
#12500=CIRCLE('',#12499,1.2E0);
#12509=CIRCLE('',#12508,1.2E0);
#12518=CIRCLE('',#12517,1.2E0);
#12527=CIRCLE('',#12526,1.2E0);
#12556=CIRCLE('',#12555,1.6E0);
#12593=B_SPLINE_CURVE_WITH_KNOTS('',3,(#12589,#12590,#12591,#12592),
.UNSPECIFIED.,.F.,.F.,(4,4),(0.E0,1.E0),.UNSPECIFIED.);
#12658=B_SPLINE_CURVE_WITH_KNOTS('',3,(#12654,#12655,#12656,#12657),
.UNSPECIFIED.,.F.,.F.,(4,4),(0.E0,1.E0),.UNSPECIFIED.);
#12675=CIRCLE('',#12674,2.3E0);
#12692=CIRCLE('',#12691,2.3E0);
#12757=CIRCLE('',#12756,3.362860680534E0);
#12766=CIRCLE('',#12765,3.1E0);
#12775=CIRCLE('',#12774,3.1E0);
#12784=CIRCLE('',#12783,3.1E0);
#12793=CIRCLE('',#12792,3.1E0);
#12802=CIRCLE('',#12801,6.E-1);
#12807=CIRCLE('',#12806,6.E-1);
#12812=CIRCLE('',#12811,6.E-1);
#12817=CIRCLE('',#12816,6.E-1);
#12838=CIRCLE('',#12837,3.362860680534E0);
#12863=CIRCLE('',#12862,3.362860680534E0);
#12888=CIRCLE('',#12887,3.362860680534E0);
#12901=CIRCLE('',#12900,6.E-1);
#12910=CIRCLE('',#12909,6.E-1);
#12919=CIRCLE('',#12918,6.E-1);
#12928=CIRCLE('',#12927,6.E-1);
#13286=EDGE_CURVE('',#12983,#12984,#11831,.T.);
#13288=EDGE_CURVE('',#12984,#12986,#11835,.T.);
#13290=EDGE_CURVE('',#12986,#12988,#11840,.T.);
#13292=EDGE_CURVE('',#12988,#12990,#11844,.T.);
#13294=EDGE_CURVE('',#12990,#12992,#11849,.T.);
#13296=EDGE_CURVE('',#12992,#12994,#11853,.T.);
#13298=EDGE_CURVE('',#13135,#12994,#11857,.T.);
#13300=EDGE_CURVE('',#13135,#13152,#11861,.T.);
#13302=EDGE_CURVE('',#13151,#13152,#11866,.T.);
#13304=EDGE_CURVE('',#13151,#13144,#11870,.T.);
#13306=EDGE_CURVE('',#13143,#13144,#11875,.T.);
#13308=EDGE_CURVE('',#13143,#13140,#11879,.T.);
#13310=EDGE_CURVE('',#13139,#13140,#11884,.T.);
#13312=EDGE_CURVE('',#13139,#13148,#11888,.T.);
#13314=EDGE_CURVE('',#13147,#13148,#11893,.T.);
#13316=EDGE_CURVE('',#13147,#13132,#11897,.T.);
#13318=EDGE_CURVE('',#13132,#12997,#11901,.T.);
#13320=EDGE_CURVE('',#12997,#12998,#11905,.T.);
#13322=EDGE_CURVE('',#12998,#13000,#11910,.T.);
#13324=EDGE_CURVE('',#13000,#12983,#11914,.T.);
#13328=ADVANCED_FACE('',(#13327),#13285,.F.);
#13335=EDGE_CURVE('',#12983,#12967,#11918,.T.);
#13337=EDGE_CURVE('',#12967,#12968,#11981,.T.);
#13339=EDGE_CURVE('',#12984,#12968,#11946,.T.);
#13343=ADVANCED_FACE('',(#13342),#13333,.F.);
#13350=EDGE_CURVE('',#13000,#12980,#11922,.T.);
#13352=EDGE_CURVE('',#12980,#12967,#11985,.T.);
#13357=ADVANCED_FACE('',(#13356),#13348,.F.);
#13364=EDGE_CURVE('',#12998,#12979,#11926,.T.);
#13366=EDGE_CURVE('',#12979,#12980,#11990,.T.);
#13371=ADVANCED_FACE('',(#13370),#13362,.F.);
#13378=EDGE_CURVE('',#12992,#12976,#11930,.T.);
#13380=EDGE_CURVE('',#12976,#13008,#11958,.T.);
#13382=EDGE_CURVE('',#12994,#13008,#12940,.T.);
#13386=ADVANCED_FACE('',(#13385),#13376,.F.);
#13393=EDGE_CURVE('',#12997,#13004,#12724,.T.);
#13395=EDGE_CURVE('',#13004,#12979,#11994,.T.);
#13400=ADVANCED_FACE('',(#13399),#13391,.F.);
#13407=EDGE_CURVE('',#12990,#12974,#11934,.T.);
#13409=EDGE_CURVE('',#12974,#12976,#11963,.T.);
#13414=ADVANCED_FACE('',(#13413),#13405,.F.);
#13421=EDGE_CURVE('',#12988,#12972,#11938,.T.);
#13423=EDGE_CURVE('',#12972,#12974,#11967,.T.);
#13428=ADVANCED_FACE('',(#13427),#13419,.F.);
#13435=EDGE_CURVE('',#12986,#12970,#11942,.T.);
#13437=EDGE_CURVE('',#12970,#12972,#11972,.T.);
#13442=ADVANCED_FACE('',(#13441),#13433,.F.);
#13450=EDGE_CURVE('',#12968,#12970,#11976,.T.);
#13455=ADVANCED_FACE('',(#13454),#13447,.F.);
#13461=EDGE_CURVE('',#13102,#13100,#11950,.T.);
#13463=EDGE_CURVE('',#13059,#13100,#11954,.T.);
#13465=EDGE_CURVE('',#13007,#13059,#12088,.T.);
#13467=EDGE_CURVE('',#13007,#13008,#12936,.T.);
#13478=EDGE_CURVE('',#13003,#13004,#12720,.T.);
#13480=EDGE_CURVE('',#13071,#13003,#12072,.T.);
#13482=EDGE_CURVE('',#13110,#13071,#11998,.T.);
#13484=EDGE_CURVE('',#13110,#13108,#12002,.T.);
#13486=EDGE_CURVE('',#13067,#13108,#12006,.T.);
#13488=EDGE_CURVE('',#13190,#13067,#12118,.T.);
#13490=EDGE_CURVE('',#13190,#13186,#12011,.T.);
#13492=EDGE_CURVE('',#13118,#13186,#12653,.T.);
#13494=EDGE_CURVE('',#13118,#13116,#12675,.T.);
#13496=EDGE_CURVE('',#13115,#13116,#12679,.T.);
#13498=EDGE_CURVE('',#13115,#13120,#12692,.T.);
#13500=EDGE_CURVE('',#13188,#13120,#12597,.T.);
#13502=EDGE_CURVE('',#13188,#13192,#12016,.T.);
#13504=EDGE_CURVE('',#13063,#13192,#12096,.T.);
#13506=EDGE_CURVE('',#13102,#13063,#12020,.T.);
#13510=ADVANCED_FACE('',(#13509),#13460,.T.);
#13516=EDGE_CURVE('',#13099,#13100,#12024,.T.);
#13519=EDGE_CURVE('',#13102,#13104,#12060,.T.);
#13521=EDGE_CURVE('',#13104,#13099,#12028,.T.);
#13525=ADVANCED_FACE('',(#13524),#13515,.T.);
#13532=EDGE_CURVE('',#13099,#13083,#12040,.T.);
#13534=EDGE_CURVE('',#13074,#13083,#12712,.T.);
#13536=EDGE_CURVE('',#13060,#13074,#12297,.T.);
#13538=EDGE_CURVE('',#13059,#13060,#12064,.T.);
#13543=ADVANCED_FACE('',(#13542),#13530,.T.);
#13550=EDGE_CURVE('',#13084,#13104,#12032,.T.);
#13552=EDGE_CURVE('',#13083,#13084,#12036,.T.);
#13557=ADVANCED_FACE('',(#13556),#13548,.T.);
#13563=EDGE_CURVE('',#13112,#13107,#12044,.T.);
#13565=EDGE_CURVE('',#13088,#13112,#12048,.T.);
#13567=EDGE_CURVE('',#13087,#13088,#12052,.T.);
#13569=EDGE_CURVE('',#13107,#13087,#12056,.T.);
#13573=ADVANCED_FACE('',(#13572),#13562,.T.);
#13581=EDGE_CURVE('',#13063,#13064,#12092,.T.);
#13583=EDGE_CURVE('',#13064,#13076,#12305,.T.);
#13585=EDGE_CURVE('',#13084,#13076,#12716,.T.);
#13590=ADVANCED_FACE('',(#13589),#13578,.T.);
#13597=EDGE_CURVE('',#13072,#13060,#12293,.T.);
#13599=EDGE_CURVE('',#13071,#13072,#12068,.T.);
#13602=EDGE_CURVE('',#13003,#12964,#12076,.T.);
#13604=EDGE_CURVE('',#12963,#12964,#12080,.T.);
#13606=EDGE_CURVE('',#13007,#12963,#12084,.T.);
#13611=ADVANCED_FACE('',(#13610),#13595,.F.);
#13619=EDGE_CURVE('',#13196,#13192,#12103,.T.);
#13621=EDGE_CURVE('',#13064,#13196,#12309,.T.);
#13625=ADVANCED_FACE('',(#13624),#13616,.F.);
#13631=EDGE_CURVE('',#13067,#13068,#12107,.T.);
#13633=EDGE_CURVE('',#13195,#13068,#12277,.T.);
#13635=EDGE_CURVE('',#13195,#13190,#12114,.T.);
#13640=ADVANCED_FACE('',(#13639),#13630,.F.);
#13646=EDGE_CURVE('',#13055,#13056,#12123,.T.);
#13648=EDGE_CURVE('',#13056,#13055,#12128,.T.);
#13652=ADVANCED_FACE('',(#13651),#13645,.F.);
#13658=EDGE_CURVE('',#13051,#13052,#12133,.T.);
#13660=EDGE_CURVE('',#13052,#13051,#12138,.T.);
#13664=ADVANCED_FACE('',(#13663),#13657,.F.);
#13670=EDGE_CURVE('',#13259,#13260,#12222,.T.);
#13672=EDGE_CURVE('',#13260,#13262,#12226,.T.);
#13674=EDGE_CURVE('',#13264,#13262,#12230,.T.);
#13676=EDGE_CURVE('',#13264,#13123,#12234,.T.);
#13678=EDGE_CURVE('',#13123,#13124,#12239,.T.);
#13680=EDGE_CURVE('',#13124,#13126,#12243,.T.);
#13682=EDGE_CURVE('',#13126,#13128,#12248,.T.);
#13684=EDGE_CURVE('',#13128,#13267,#12252,.T.);
#13686=EDGE_CURVE('',#13267,#13268,#12256,.T.);
#13688=EDGE_CURVE('',#13268,#13270,#12260,.T.);
#13690=EDGE_CURVE('',#13272,#13270,#12264,.T.);
#13692=EDGE_CURVE('',#13272,#13193,#12268,.T.);
#13694=EDGE_CURVE('',#13195,#13193,#12273,.T.);
#13697=EDGE_CURVE('',#13068,#13078,#12281,.T.);
#13699=EDGE_CURVE('',#13078,#13080,#12285,.T.);
#13701=EDGE_CURVE('',#13072,#13080,#12289,.T.);
#13705=EDGE_CURVE('',#13074,#13076,#12301,.T.);
#13709=EDGE_CURVE('',#13194,#13196,#12314,.T.);
#13711=EDGE_CURVE('',#13194,#13259,#12318,.T.);
#13715=EDGE_CURVE('',#13226,#13222,#12142,.T.);
#13717=EDGE_CURVE('',#13238,#13222,#12146,.T.);
#13719=EDGE_CURVE('',#13234,#13238,#12150,.T.);
#13721=EDGE_CURVE('',#13234,#13179,#12154,.T.);
#13723=EDGE_CURVE('',#13179,#13044,#12159,.T.);
#13725=EDGE_CURVE('',#13043,#13044,#12164,.T.);
#13727=EDGE_CURVE('',#13043,#13171,#12169,.T.);
#13729=EDGE_CURVE('',#13171,#13224,#12174,.T.);
#13731=EDGE_CURVE('',#13226,#13224,#12178,.T.);
#13735=EDGE_CURVE('',#13183,#13236,#12182,.T.);
#13737=EDGE_CURVE('',#13240,#13236,#12186,.T.);
#13739=EDGE_CURVE('',#13228,#13240,#12190,.T.);
#13741=EDGE_CURVE('',#13228,#13230,#12194,.T.);
#13743=EDGE_CURVE('',#13232,#13230,#12198,.T.);
#13745=EDGE_CURVE('',#13232,#13175,#12203,.T.);
#13747=EDGE_CURVE('',#13175,#13048,#12208,.T.);
#13749=EDGE_CURVE('',#13047,#13048,#12213,.T.);
#13751=EDGE_CURVE('',#13047,#13183,#12218,.T.);
#13755=ADVANCED_FACE('',(#13714,#13734,#13754),#13669,.F.);
#13762=EDGE_CURVE('',#13056,#13015,#12322,.T.);
#13764=EDGE_CURVE('',#13015,#13016,#12341,.T.);
#13766=EDGE_CURVE('',#13055,#13016,#12326,.T.);
#13770=ADVANCED_FACE('',(#13769),#13760,.F.);
#13778=EDGE_CURVE('',#13016,#13015,#12346,.T.);
#13783=ADVANCED_FACE('',(#13782),#13775,.F.);
#13789=EDGE_CURVE('',#13199,#13200,#12350,.T.);
#13791=EDGE_CURVE('',#13203,#13200,#12354,.T.);
#13793=EDGE_CURVE('',#13203,#13204,#12358,.T.);
#13795=EDGE_CURVE('',#13199,#13204,#12363,.T.);
#13799=EDGE_CURVE('',#13011,#13012,#12331,.T.);
#13801=EDGE_CURVE('',#13012,#13011,#12336,.T.);
#13805=ADVANCED_FACE('',(#13798,#13804),#13788,.T.);
#13811=EDGE_CURVE('',#13207,#13208,#12367,.T.);
#13813=EDGE_CURVE('',#13211,#13208,#12372,.T.);
#13815=EDGE_CURVE('',#13211,#13212,#12376,.T.);
#13817=EDGE_CURVE('',#13207,#13212,#12380,.T.);
#13825=ADVANCED_FACE('',(#13820,#13824),#13810,.T.);
#13832=EDGE_CURVE('',#13052,#13011,#12384,.T.);
#13835=EDGE_CURVE('',#13051,#13012,#12388,.T.);
#13839=ADVANCED_FACE('',(#13838),#13830,.F.);
#13851=ADVANCED_FACE('',(#13850),#13844,.F.);
#13858=EDGE_CURVE('',#13216,#13199,#12396,.T.);
#13860=EDGE_CURVE('',#13216,#13238,#12392,.T.);
#13863=EDGE_CURVE('',#13222,#13200,#12413,.T.);
#13867=ADVANCED_FACE('',(#13866),#13856,.F.);
#13875=EDGE_CURVE('',#13224,#13204,#12400,.T.);
#13878=EDGE_CURVE('',#13171,#13172,#12404,.T.);
#13880=EDGE_CURVE('',#13216,#13172,#12409,.T.);
#13884=ADVANCED_FACE('',(#13883),#13872,.T.);
#13891=EDGE_CURVE('',#13226,#13203,#12417,.T.);
#13897=ADVANCED_FACE('',(#13896),#13889,.F.);
#13909=ADVANCED_FACE('',(#13908),#13902,.T.);
#13915=EDGE_CURVE('',#13044,#13036,#12421,.T.);
#13918=EDGE_CURVE('',#13179,#13180,#12425,.T.);
#13920=EDGE_CURVE('',#13180,#13036,#12468,.T.);
#13924=ADVANCED_FACE('',(#13923),#13914,.T.);
#13930=EDGE_CURVE('',#13043,#13035,#12429,.T.);
#13932=EDGE_CURVE('',#13035,#13172,#12458,.T.);
#13938=ADVANCED_FACE('',(#13937),#13929,.T.);
#13944=EDGE_CURVE('',#13035,#13036,#12463,.T.);
#13951=ADVANCED_FACE('',(#13950),#13943,.F.);
#13957=EDGE_CURVE('',#13215,#13216,#12453,.T.);
#13963=EDGE_CURVE('',#13215,#13180,#12472,.T.);
#13967=EDGE_CURVE('',#13031,#13032,#12444,.T.);
#13969=EDGE_CURVE('',#13032,#13031,#12449,.T.);
#13973=ADVANCED_FACE('',(#13966,#13972),#13956,.T.);
#13979=EDGE_CURVE('',#13219,#13220,#12476,.T.);
#13981=EDGE_CURVE('',#13184,#13220,#12480,.T.);
#13983=EDGE_CURVE('',#13039,#13184,#12485,.T.);
#13985=EDGE_CURVE('',#13039,#13040,#12490,.T.);
#13987=EDGE_CURVE('',#13176,#13040,#12495,.T.);
#13989=EDGE_CURVE('',#13176,#13219,#12556,.T.);
#13993=EDGE_CURVE('',#13027,#13028,#12434,.T.);
#13995=EDGE_CURVE('',#13028,#13027,#12439,.T.);
#13999=ADVANCED_FACE('',(#13992,#13998),#13978,.T.);
#14005=EDGE_CURVE('',#13091,#13092,#12500,.T.);
#14007=EDGE_CURVE('',#13092,#13027,#12504,.T.);
#14010=EDGE_CURVE('',#13091,#13028,#12513,.T.);
#14014=ADVANCED_FACE('',(#14013),#14004,.F.);
#14021=EDGE_CURVE('',#13092,#13091,#12509,.T.);
#14025=ADVANCED_FACE('',(#14024),#14019,.T.);
#14031=EDGE_CURVE('',#13095,#13096,#12518,.T.);
#14033=EDGE_CURVE('',#13096,#13095,#12527,.T.);
#14037=ADVANCED_FACE('',(#14036),#14030,.T.);
#14049=ADVANCED_FACE('',(#14048),#14042,.F.);
#14056=EDGE_CURVE('',#13096,#13031,#12522,.T.);
#14059=EDGE_CURVE('',#13095,#13032,#12531,.T.);
#14063=ADVANCED_FACE('',(#14062),#14054,.F.);
#14075=ADVANCED_FACE('',(#14074),#14068,.F.);
#14082=EDGE_CURVE('',#13234,#13215,#12535,.T.);
#14088=ADVANCED_FACE('',(#14087),#14080,.F.);
#14100=ADVANCED_FACE('',(#14099),#14093,.T.);
#14107=EDGE_CURVE('',#13219,#13240,#12539,.T.);
#14110=EDGE_CURVE('',#13236,#13220,#12576,.T.);
#14114=ADVANCED_FACE('',(#14113),#14105,.F.);
#14121=EDGE_CURVE('',#13228,#13207,#12543,.T.);
#14125=EDGE_CURVE('',#13219,#13208,#12551,.T.);
#14129=ADVANCED_FACE('',(#14128),#14119,.F.);
#14137=EDGE_CURVE('',#13230,#13212,#12547,.T.);
#14142=ADVANCED_FACE('',(#14141),#14134,.T.);
#14149=EDGE_CURVE('',#13232,#13211,#12564,.T.);
#14155=ADVANCED_FACE('',(#14154),#14147,.F.);
#14163=EDGE_CURVE('',#13175,#13176,#12560,.T.);
#14170=ADVANCED_FACE('',(#14169),#14160,.T.);
#14176=EDGE_CURVE('',#13048,#13040,#12568,.T.);
#14183=ADVANCED_FACE('',(#14182),#14175,.T.);
#14189=EDGE_CURVE('',#13047,#13039,#12572,.T.);
#14192=EDGE_CURVE('',#13183,#13184,#12580,.T.);
#14197=ADVANCED_FACE('',(#14196),#14188,.T.);
#14209=ADVANCED_FACE('',(#14208),#14202,.F.);
#14221=ADVANCED_FACE('',(#14220),#14214,.T.);
#14228=EDGE_CURVE('',#13259,#13275,#12588,.T.);
#14230=EDGE_CURVE('',#13275,#13251,#12617,.T.);
#14232=EDGE_CURVE('',#13260,#13251,#12637,.T.);
#14236=ADVANCED_FACE('',(#14235),#14226,.T.);
#14242=EDGE_CURVE('',#13275,#13276,#12584,.T.);
#14246=EDGE_CURVE('',#13194,#13188,#12593,.T.);
#14249=EDGE_CURVE('',#13123,#13120,#12601,.T.);
#14252=EDGE_CURVE('',#13264,#13276,#12605,.T.);
#14256=ADVANCED_FACE('',(#14255),#14241,.F.);
#14263=EDGE_CURVE('',#13252,#13276,#12609,.T.);
#14265=EDGE_CURVE('',#13251,#13252,#12613,.T.);
#14270=ADVANCED_FACE('',(#14269),#14261,.T.);
#14276=EDGE_CURVE('',#13279,#13280,#12641,.T.);
#14278=EDGE_CURVE('',#13256,#13279,#12621,.T.);
#14280=EDGE_CURVE('',#13255,#13256,#12625,.T.);
#14282=EDGE_CURVE('',#13280,#13255,#12629,.T.);
#14286=ADVANCED_FACE('',(#14285),#14275,.T.);
#14293=EDGE_CURVE('',#13262,#13252,#12633,.T.);
#14299=ADVANCED_FACE('',(#14298),#14291,.T.);
#14311=ADVANCED_FACE('',(#14310),#14304,.T.);
#14318=EDGE_CURVE('',#13267,#13280,#12645,.T.);
#14321=EDGE_CURVE('',#13128,#13118,#12649,.T.);
#14324=EDGE_CURVE('',#13193,#13186,#12658,.T.);
#14327=EDGE_CURVE('',#13272,#13279,#12662,.T.);
#14331=ADVANCED_FACE('',(#14330),#14316,.F.);
#14340=EDGE_CURVE('',#13268,#13255,#12666,.T.);
#14344=ADVANCED_FACE('',(#14343),#14336,.T.);
#14353=EDGE_CURVE('',#13270,#13256,#12670,.T.);
#14357=ADVANCED_FACE('',(#14356),#14349,.T.);
#14369=ADVANCED_FACE('',(#14368),#14362,.T.);
#14378=EDGE_CURVE('',#13126,#13116,#12683,.T.);
#14382=ADVANCED_FACE('',(#14381),#14374,.F.);
#14391=EDGE_CURVE('',#13124,#13115,#12687,.T.);
#14395=ADVANCED_FACE('',(#14394),#14387,.F.);
#14407=ADVANCED_FACE('',(#14406),#14400,.F.);
#14419=ADVANCED_FACE('',(#14418),#14412,.F.);
#14431=ADVANCED_FACE('',(#14430),#14424,.F.);
#14437=EDGE_CURVE('',#13107,#13108,#12696,.T.);
#14440=EDGE_CURVE('',#13078,#13087,#12704,.T.);
#14447=ADVANCED_FACE('',(#14446),#14436,.T.);
#14455=EDGE_CURVE('',#13110,#13112,#12700,.T.);
#14460=ADVANCED_FACE('',(#14459),#14452,.T.);
#14470=EDGE_CURVE('',#13088,#13080,#12708,.T.);
#14475=ADVANCED_FACE('',(#14474),#14465,.T.);
#14487=ADVANCED_FACE('',(#14486),#14480,.T.);
#14499=ADVANCED_FACE('',(#14498),#14492,.T.);
#14508=EDGE_CURVE('',#13131,#13132,#12732,.T.);
#14510=EDGE_CURVE('',#13131,#12964,#12728,.T.);
#14515=ADVANCED_FACE('',(#14514),#14504,.F.);
#14523=EDGE_CURVE('',#13156,#13147,#12736,.T.);
#14525=EDGE_CURVE('',#13156,#13158,#12740,.T.);
#14527=EDGE_CURVE('',#13158,#13152,#12744,.T.);
#14530=EDGE_CURVE('',#13135,#13136,#12748,.T.);
#14532=EDGE_CURVE('',#13136,#13131,#12752,.T.);
#14536=ADVANCED_FACE('',(#14535),#14520,.T.);
#14542=EDGE_CURVE('',#13155,#13156,#12757,.T.);
#14546=EDGE_CURVE('',#13155,#13148,#12829,.T.);
#14550=ADVANCED_FACE('',(#14549),#14541,.T.);
#14556=EDGE_CURVE('',#12947,#12948,#12766,.T.);
#14558=EDGE_CURVE('',#12948,#13156,#12896,.T.);
#14561=EDGE_CURVE('',#12947,#13155,#12761,.T.);
#14565=ADVANCED_FACE('',(#14564),#14555,.T.);
#14572=EDGE_CURVE('',#12960,#12947,#12770,.T.);
#14574=EDGE_CURVE('',#12958,#12960,#12775,.T.);
#14576=EDGE_CURVE('',#12956,#12958,#12779,.T.);
#14578=EDGE_CURVE('',#12954,#12956,#12784,.T.);
#14580=EDGE_CURVE('',#12952,#12954,#12788,.T.);
#14582=EDGE_CURVE('',#12950,#12952,#12793,.T.);
#14584=EDGE_CURVE('',#12948,#12950,#12797,.T.);
#14588=EDGE_CURVE('',#13019,#13020,#12802,.T.);
#14590=EDGE_CURVE('',#13020,#13019,#12807,.T.);
#14594=EDGE_CURVE('',#13023,#13024,#12812,.T.);
#14596=EDGE_CURVE('',#13024,#13023,#12817,.T.);
#14600=ADVANCED_FACE('',(#14587,#14593,#14599),#14570,.T.);
#14608=EDGE_CURVE('',#13168,#13155,#12825,.T.);
#14610=EDGE_CURVE('',#12960,#13168,#12821,.T.);
#14614=ADVANCED_FACE('',(#14613),#14605,.T.);
#14623=EDGE_CURVE('',#13168,#13139,#12833,.T.);
#14627=ADVANCED_FACE('',(#14626),#14619,.T.);
#14633=EDGE_CURVE('',#13166,#13168,#12838,.T.);
#14637=EDGE_CURVE('',#13166,#13140,#12854,.T.);
#14641=ADVANCED_FACE('',(#14640),#14632,.T.);
#14650=EDGE_CURVE('',#12958,#13166,#12842,.T.);
#14654=ADVANCED_FACE('',(#14653),#14646,.T.);
#14662=EDGE_CURVE('',#13164,#13166,#12850,.T.);
#14664=EDGE_CURVE('',#12956,#13164,#12846,.T.);
#14668=ADVANCED_FACE('',(#14667),#14659,.T.);
#14677=EDGE_CURVE('',#13164,#13143,#12858,.T.);
#14681=ADVANCED_FACE('',(#14680),#14673,.T.);
#14687=EDGE_CURVE('',#13162,#13164,#12863,.T.);
#14691=EDGE_CURVE('',#13162,#13144,#12879,.T.);
#14695=ADVANCED_FACE('',(#14694),#14686,.T.);
#14704=EDGE_CURVE('',#12954,#13162,#12867,.T.);
#14708=ADVANCED_FACE('',(#14707),#14700,.T.);
#14716=EDGE_CURVE('',#13160,#13162,#12875,.T.);
#14718=EDGE_CURVE('',#12952,#13160,#12871,.T.);
#14722=ADVANCED_FACE('',(#14721),#14713,.T.);
#14731=EDGE_CURVE('',#13160,#13151,#12883,.T.);
#14735=ADVANCED_FACE('',(#14734),#14727,.T.);
#14741=EDGE_CURVE('',#13158,#13160,#12888,.T.);
#14748=ADVANCED_FACE('',(#14747),#14740,.T.);
#14757=EDGE_CURVE('',#12950,#13158,#12892,.T.);
#14761=ADVANCED_FACE('',(#14760),#14753,.T.);
#14773=ADVANCED_FACE('',(#14772),#14766,.T.);
#14779=EDGE_CURVE('',#13243,#13244,#12901,.T.);
#14781=EDGE_CURVE('',#13020,#13244,#12914,.T.);
#14784=EDGE_CURVE('',#13019,#13243,#12905,.T.);
#14788=ADVANCED_FACE('',(#14787),#14778,.F.);
#14795=EDGE_CURVE('',#13244,#13243,#12910,.T.);
#14799=ADVANCED_FACE('',(#14798),#14793,.F.);
#14805=EDGE_CURVE('',#13247,#13248,#12919,.T.);
#14807=EDGE_CURVE('',#13248,#13247,#12928,.T.);
#14811=ADVANCED_FACE('',(#14810),#14804,.F.);
#14823=ADVANCED_FACE('',(#14822),#14816,.F.);
#14830=EDGE_CURVE('',#13024,#13248,#12932,.T.);
#14833=EDGE_CURVE('',#13023,#13247,#12923,.T.);
#14837=ADVANCED_FACE('',(#14836),#14828,.F.);
#14849=ADVANCED_FACE('',(#14848),#14842,.F.);
#14857=EDGE_CURVE('',#13136,#12963,#12944,.T.);
#14864=ADVANCED_FACE('',(#14863),#14854,.F.);
#14876=ADVANCED_FACE('',(#14875),#14869,.F.);
#14879=(LENGTH_UNIT()NAMED_UNIT(*)SI_UNIT(.MILLI.,.METRE.));
#14880=(NAMED_UNIT(*)PLANE_ANGLE_UNIT()SI_UNIT($,.RADIAN.));
#14883=(NAMED_UNIT(*)SI_UNIT($,.STERADIAN.)SOLID_ANGLE_UNIT());
#14885=(GEOMETRIC_REPRESENTATION_CONTEXT(3)GLOBAL_UNCERTAINTY_ASSIGNED_CONTEXT((
#14884))GLOBAL_UNIT_ASSIGNED_CONTEXT((#14879,#14882,#14883))REPRESENTATION_CONTEXT('ID3','3'));
#14889=AXIS2_PLACEMENT_3D('',#14886,#14887,#14888);
#14890=ADVANCED_BREP_SHAPE_REPRESENTATION('',(#14889,#14878),#14885);
#14895=PRODUCT_DEFINITION('part definition','',#14894,#14891);
#14896=PRODUCT_DEFINITION_SHAPE('','SHAPE FOR MIANKE-M10GPS-MUJ.',#14895);
#14897=SHAPE_ASPECT('','solid data associated with MIANKE-M10GPS-MUJ',#14896,
.F.);
#14898=PROPERTY_DEFINITION('',
'shape for solid data with which properties are associated',#14897);
#14899=SHAPE_REPRESENTATION('',(#14878),#14885);
#14900=SHAPE_DEFINITION_REPRESENTATION(#14898,#14899);
#14901=(LENGTH_UNIT()NAMED_UNIT(*)SI_UNIT(.MILLI.,.METRE.));
#14905=PROPERTY_DEFINITION('geometric validation property',
'area of MIANKE-M10GPS-MUJ',#14897);
#14906=REPRESENTATION('surface area',(#14904),#14885);
#14907=PROPERTY_DEFINITION_REPRESENTATION(#14905,#14906);
#14908=(LENGTH_UNIT()NAMED_UNIT(*)SI_UNIT(.MILLI.,.METRE.));
#14912=PROPERTY_DEFINITION('geometric validation property',
'volume of MIANKE-M10GPS-MUJ',#14897);
#14913=REPRESENTATION('volume',(#14911),#14885);
#14914=PROPERTY_DEFINITION_REPRESENTATION(#14912,#14913);
#14916=PROPERTY_DEFINITION('geometric validation property',
'centroid of MIANKE-M10GPS-MUJ',#14897);
#14917=REPRESENTATION('centroid',(#14915),#14885);
#14918=PROPERTY_DEFINITION_REPRESENTATION(#14916,#14917);
#14919=(LENGTH_UNIT()NAMED_UNIT(*)SI_UNIT(.MILLI.,.METRE.));
#14923=PROPERTY_DEFINITION('geometric validation property',
'area of MIANKE-M10GPS-MUJ',#14896);
#14924=REPRESENTATION('surface area',(#14922),#14885);
#14925=PROPERTY_DEFINITION_REPRESENTATION(#14923,#14924);
#14926=(LENGTH_UNIT()NAMED_UNIT(*)SI_UNIT(.MILLI.,.METRE.));
#14930=PROPERTY_DEFINITION('geometric validation property',
'volume of MIANKE-M10GPS-MUJ',#14896);
#14931=REPRESENTATION('volume',(#14929),#14885);
#14932=PROPERTY_DEFINITION_REPRESENTATION(#14930,#14931);
#14934=PROPERTY_DEFINITION('geometric validation property',
'centroid of MIANKE-M10GPS-MUJ',#14896);
#14935=REPRESENTATION('centroid',(#14933),#14885);
#14936=PROPERTY_DEFINITION_REPRESENTATION(#14934,#14935);
#14937=SHAPE_DEFINITION_REPRESENTATION(#14896,#14890);
#14945=PLANAR_BOX('',4.793890113710E1,4.044844783443E1,#14944);
#14952=CAMERA_USAGE(#14951,#14938);
#14957=PLANAR_BOX('',1.E3,8.4375E2,#14956);
#14977=PRESENTATION_AREA('',(#14976,#14981),#3460);
#14987=NEXT_ASSEMBLY_USAGE_OCCURRENCE('2','Next assembly relationship',
'MIANKE-M10GPS-MUJ',#21825,#14895,$);
#14988=PRODUCT_DEFINITION_SHAPE('Placement #2',
'Placement of MIANKE-M10GPS-MUJ with respect to MICRO-10-GPS-MUJU_ASM',#14987);
#14990=PROPERTY_DEFINITION('geometric validation property',
'centroid of MIANKE-M10GPS-MUJ',#14988);
#14991=REPRESENTATION('centroid',(#14989),#14885);
#14992=PROPERTY_DEFINITION_REPRESENTATION(#14990,#14991);
#15005=CIRCLE('',#15004,3.5E0);
#15020=CIRCLE('',#15019,3.5E0);
#15035=CIRCLE('',#15034,3.5E0);
#15050=CIRCLE('',#15049,3.5E0);
#15065=CIRCLE('',#15064,3.E0);
#15080=CIRCLE('',#15079,3.E0);
#15123=CIRCLE('',#15122,3.E0);
#15138=CIRCLE('',#15137,3.E0);
#15153=CIRCLE('',#15152,3.409397699834E0);
#15168=CIRCLE('',#15167,3.3E0);
#15183=CIRCLE('',#15182,3.3E0);
#15198=CIRCLE('',#15197,3.3E0);
#15213=CIRCLE('',#15212,3.3E0);
#15256=CIRCLE('',#15255,3.409397699834E0);
#15299=CIRCLE('',#15298,3.409397699834E0);
#15342=CIRCLE('',#15341,3.409397699834E0);
#15448=CIRCLE('',#15447,2.223174307118E0);
#15458=B_SPLINE_CURVE_WITH_KNOTS('',3,(#15452,#15453,#15454,#15455,#15456,
#15457),.UNSPECIFIED.,.F.,.F.,(4,1,1,4),(0.E0,3.333333333333E-1,
6.666666666667E-1,1.E0),.UNSPECIFIED.);
#15487=CIRCLE('',#15486,1.E0);
#15516=CIRCLE('',#15515,1.E0);
#15545=CIRCLE('',#15544,1.E0);
#15567=CIRCLE('',#15566,1.E0);
#15596=CIRCLE('',#15595,1.E0);
#15625=CIRCLE('',#15624,1.E0);
#15640=CIRCLE('',#15639,6.5E-1);
#15648=CIRCLE('',#15647,6.5E-1);
#15656=CIRCLE('',#15655,6.5E-1);
#15664=CIRCLE('',#15663,6.5E-1);
#15672=CIRCLE('',#15671,2.223174307118E0);
#15696=B_SPLINE_CURVE_WITH_KNOTS('',3,(#15690,#15691,#15692,#15693,#15694,
#15695),.UNSPECIFIED.,.F.,.F.,(4,1,1,4),(0.E0,3.333333333333E-1,
6.666666666667E-1,1.E0),.UNSPECIFIED.);
#15732=CIRCLE('',#15731,2.128888229490E0);
#15803=CIRCLE('',#15802,2.128888229490E0);
#15874=CIRCLE('',#15873,2.128888229490E0);
#15889=CIRCLE('',#15888,1.E0);
#15918=CIRCLE('',#15917,1.E0);
#15947=CIRCLE('',#15946,1.E0);
#15962=CIRCLE('',#15961,2.128888229490E0);
#15977=CIRCLE('',#15976,2.128888229490E0);
#15992=CIRCLE('',#15991,1.E0);
#16021=CIRCLE('',#16020,1.E0);
#16050=CIRCLE('',#16049,1.E0);
#16065=CIRCLE('',#16064,2.128888229490E0);
#16115=CIRCLE('',#16114,2.3E0);
#16130=CIRCLE('',#16129,2.3E0);
#16159=CIRCLE('',#16158,3.E0);
#16174=CIRCLE('',#16173,3.E0);
#16189=CIRCLE('',#16188,3.E0);
#16204=CIRCLE('',#16203,3.E0);
#16233=CIRCLE('',#16232,2.3E0);
#16248=CIRCLE('',#16247,2.3E0);
#18237=CIRCLE('',#18236,6.5E-1);
#18245=CIRCLE('',#18244,6.5E-1);
#18253=CIRCLE('',#18252,6.5E-1);
#18261=CIRCLE('',#18260,6.5E-1);
#18892=EDGE_CURVE('',#18849,#18850,#15005,.T.);
#18894=EDGE_CURVE('',#18849,#18854,#15012,.T.);
#18896=EDGE_CURVE('',#18853,#18854,#15020,.T.);
#18898=EDGE_CURVE('',#18853,#18862,#15027,.T.);
#18900=EDGE_CURVE('',#18861,#18862,#15035,.T.);
#18902=EDGE_CURVE('',#18861,#18858,#15042,.T.);
#18904=EDGE_CURVE('',#18857,#18858,#15050,.T.);
#18906=EDGE_CURVE('',#18857,#18850,#15057,.T.);
#18910=EDGE_CURVE('',#18299,#18300,#15065,.T.);
#18912=EDGE_CURVE('',#18300,#18302,#15072,.T.);
#18914=EDGE_CURVE('',#18302,#18304,#15080,.T.);
#18916=EDGE_CURVE('',#18304,#18306,#15087,.T.);
#18918=EDGE_CURVE('',#18306,#18798,#15094,.T.);
#18920=EDGE_CURVE('',#18798,#18796,#15101,.T.);
#18922=EDGE_CURVE('',#18796,#18318,#15108,.T.);
#18924=EDGE_CURVE('',#18318,#18309,#15115,.T.);
#18926=EDGE_CURVE('',#18309,#18310,#15123,.T.);
#18928=EDGE_CURVE('',#18310,#18312,#15130,.T.);
#18930=EDGE_CURVE('',#18312,#18314,#15138,.T.);
#18932=EDGE_CURVE('',#18314,#18299,#15145,.T.);
#18936=ADVANCED_FACE('',(#18909,#18935),#18891,.T.);
#18942=EDGE_CURVE('',#18865,#18866,#15153,.T.);
#18944=EDGE_CURVE('',#18849,#18866,#15377,.T.);
#18947=EDGE_CURVE('',#18850,#18865,#15241,.T.);
#18951=ADVANCED_FACE('',(#18950),#18941,.T.);
#18957=EDGE_CURVE('',#18745,#18746,#15168,.T.);
#18959=EDGE_CURVE('',#18746,#18866,#15356,.T.);
#18962=EDGE_CURVE('',#18745,#18865,#15160,.T.);
#18966=ADVANCED_FACE('',(#18965),#18956,.T.);
#18973=EDGE_CURVE('',#18758,#18745,#15175,.T.);
#18975=EDGE_CURVE('',#18756,#18758,#15183,.T.);
#18977=EDGE_CURVE('',#18754,#18756,#15190,.T.);
#18979=EDGE_CURVE('',#18752,#18754,#15198,.T.);
#18981=EDGE_CURVE('',#18750,#18752,#15205,.T.);
#18983=EDGE_CURVE('',#18748,#18750,#15213,.T.);
#18985=EDGE_CURVE('',#18746,#18748,#15220,.T.);
#18989=ADVANCED_FACE('',(#18988),#18971,.F.);
#18997=EDGE_CURVE('',#18878,#18865,#15234,.T.);
#18999=EDGE_CURVE('',#18758,#18878,#15227,.T.);
#19003=ADVANCED_FACE('',(#19002),#18994,.T.);
#19012=EDGE_CURVE('',#18857,#18878,#15248,.T.);
#19016=ADVANCED_FACE('',(#19015),#19008,.T.);
#19022=EDGE_CURVE('',#18876,#18878,#15256,.T.);
#19026=EDGE_CURVE('',#18858,#18876,#15284,.T.);
#19030=ADVANCED_FACE('',(#19029),#19021,.T.);
#19039=EDGE_CURVE('',#18756,#18876,#15263,.T.);
#19043=ADVANCED_FACE('',(#19042),#19035,.T.);
#19051=EDGE_CURVE('',#18874,#18876,#15277,.T.);
#19053=EDGE_CURVE('',#18754,#18874,#15270,.T.);
#19057=ADVANCED_FACE('',(#19056),#19048,.T.);
#19066=EDGE_CURVE('',#18861,#18874,#15291,.T.);
#19070=ADVANCED_FACE('',(#19069),#19062,.T.);
#19076=EDGE_CURVE('',#18872,#18874,#15299,.T.);
#19080=EDGE_CURVE('',#18862,#18872,#15327,.T.);
#19084=ADVANCED_FACE('',(#19083),#19075,.T.);
#19093=EDGE_CURVE('',#18752,#18872,#15306,.T.);
#19097=ADVANCED_FACE('',(#19096),#19089,.T.);
#19105=EDGE_CURVE('',#18870,#18872,#15320,.T.);
#19107=EDGE_CURVE('',#18750,#18870,#15313,.T.);
#19111=ADVANCED_FACE('',(#19110),#19102,.T.);
#19120=EDGE_CURVE('',#18853,#18870,#15334,.T.);
#19124=ADVANCED_FACE('',(#19123),#19116,.T.);
#19130=EDGE_CURVE('',#18868,#18870,#15342,.T.);
#19134=EDGE_CURVE('',#18854,#18868,#15370,.T.);
#19138=ADVANCED_FACE('',(#19137),#19129,.T.);
#19147=EDGE_CURVE('',#18748,#18868,#15349,.T.);
#19151=ADVANCED_FACE('',(#19150),#19143,.T.);
#19159=EDGE_CURVE('',#18866,#18868,#15363,.T.);
#19164=ADVANCED_FACE('',(#19163),#19156,.T.);
#19176=ADVANCED_FACE('',(#19175),#19169,.T.);
#19183=EDGE_CURVE('',#18299,#18281,#15384,.T.);
#19185=EDGE_CURVE('',#18281,#18282,#16174,.T.);
#19187=EDGE_CURVE('',#18300,#18282,#16899,.T.);
#19191=ADVANCED_FACE('',(#19190),#19181,.T.);
#19198=EDGE_CURVE('',#18314,#18296,#15391,.T.);
#19200=EDGE_CURVE('',#18296,#18281,#16181,.T.);
#19205=ADVANCED_FACE('',(#19204),#19196,.T.);
#19212=EDGE_CURVE('',#18312,#18294,#15398,.T.);
#19214=EDGE_CURVE('',#18294,#18296,#16189,.T.);
#19219=ADVANCED_FACE('',(#19218),#19210,.T.);
#19226=EDGE_CURVE('',#18310,#18292,#15405,.T.);
#19228=EDGE_CURVE('',#18292,#18294,#16196,.T.);
#19233=ADVANCED_FACE('',(#19232),#19224,.T.);
#19240=EDGE_CURVE('',#18309,#18291,#15412,.T.);
#19242=EDGE_CURVE('',#18291,#18292,#16204,.T.);
#19247=ADVANCED_FACE('',(#19246),#19238,.T.);
#19254=EDGE_CURVE('',#18318,#18316,#15419,.T.);
#19256=EDGE_CURVE('',#18316,#18291,#16211,.T.);
#19261=ADVANCED_FACE('',(#19260),#19252,.T.);
#19268=EDGE_CURVE('',#18796,#18794,#15426,.T.);
#19270=EDGE_CURVE('',#18794,#18316,#16218,.T.);
#19275=ADVANCED_FACE('',(#19274),#19266,.T.);
#19281=EDGE_CURVE('',#18769,#18782,#15433,.T.);
#19283=EDGE_CURVE('',#18782,#18794,#16225,.T.);
#19287=EDGE_CURVE('',#18798,#18785,#15440,.T.);
#19289=EDGE_CURVE('',#18785,#18786,#16137,.T.);
#19291=EDGE_CURVE('',#18770,#18786,#15686,.T.);
#19293=EDGE_CURVE('',#18769,#18770,#15969,.T.);
#19297=ADVANCED_FACE('',(#19296),#19280,.F.);
#19303=EDGE_CURVE('',#18805,#18806,#15448,.T.);
#19305=EDGE_CURVE('',#18805,#18846,#15458,.T.);
#19307=EDGE_CURVE('',#18790,#18846,#15874,.T.);
#19309=EDGE_CURVE('',#18790,#18780,#15465,.T.);
#19311=EDGE_CURVE('',#18780,#18782,#16233,.T.);
#19314=EDGE_CURVE('',#18844,#18769,#15962,.T.);
#19316=EDGE_CURVE('',#18806,#18844,#15472,.T.);
#19320=ADVANCED_FACE('',(#19319),#19302,.F.);
#19326=EDGE_CURVE('',#18801,#18802,#15672,.T.);
#19328=EDGE_CURVE('',#18682,#18802,#15479,.T.);
#19330=EDGE_CURVE('',#18680,#18682,#15487,.T.);
#19332=EDGE_CURVE('',#18678,#18680,#15494,.T.);
#19334=EDGE_CURVE('',#18676,#18678,#15501,.T.);
#19336=EDGE_CURVE('',#18674,#18676,#15508,.T.);
#19338=EDGE_CURVE('',#18672,#18674,#15516,.T.);
#19340=EDGE_CURVE('',#18670,#18672,#15523,.T.);
#19342=EDGE_CURVE('',#18668,#18670,#15530,.T.);
#19344=EDGE_CURVE('',#18666,#18668,#15537,.T.);
#19346=EDGE_CURVE('',#18665,#18666,#15545,.T.);
#19348=EDGE_CURVE('',#18801,#18665,#15552,.T.);
#19352=EDGE_CURVE('',#18369,#18370,#15640,.T.);
#19354=EDGE_CURVE('',#18370,#18369,#15648,.T.);
#19358=ADVANCED_FACE('',(#19351,#19357),#19325,.T.);
#19365=EDGE_CURVE('',#18702,#18806,#15559,.T.);
#19367=EDGE_CURVE('',#18700,#18702,#15567,.T.);
#19369=EDGE_CURVE('',#18698,#18700,#15574,.T.);
#19371=EDGE_CURVE('',#18696,#18698,#15581,.T.);
#19373=EDGE_CURVE('',#18694,#18696,#15588,.T.);
#19375=EDGE_CURVE('',#18692,#18694,#15596,.T.);
#19377=EDGE_CURVE('',#18690,#18692,#15603,.T.);
#19379=EDGE_CURVE('',#18688,#18690,#15610,.T.);
#19381=EDGE_CURVE('',#18686,#18688,#15617,.T.);
#19383=EDGE_CURVE('',#18685,#18686,#15625,.T.);
#19385=EDGE_CURVE('',#18805,#18685,#15632,.T.);
#19389=EDGE_CURVE('',#18373,#18374,#15656,.T.);
#19391=EDGE_CURVE('',#18374,#18373,#15664,.T.);
#19395=ADVANCED_FACE('',(#19388,#19394),#19363,.T.);
#19402=EDGE_CURVE('',#18801,#18842,#15679,.T.);
#19404=EDGE_CURVE('',#18770,#18842,#15977,.T.);
#19407=EDGE_CURVE('',#18786,#18788,#16130,.T.);
#19409=EDGE_CURVE('',#18792,#18788,#16086,.T.);
#19411=EDGE_CURVE('',#18840,#18792,#16065,.T.);
#19413=EDGE_CURVE('',#18802,#18840,#15696,.T.);
#19417=ADVANCED_FACE('',(#19416),#19400,.F.);
#19423=EDGE_CURVE('',#18842,#18705,#15984,.T.);
#19427=EDGE_CURVE('',#18705,#18665,#18152,.T.);
#19431=ADVANCED_FACE('',(#19430),#19422,.T.);
#19437=EDGE_CURVE('',#18808,#18337,#15703,.T.);
#19439=EDGE_CURVE('',#18337,#18338,#15710,.T.);
#19441=EDGE_CURVE('',#18810,#18338,#15717,.T.);
#19443=EDGE_CURVE('',#18810,#18761,#15724,.T.);
#19445=EDGE_CURVE('',#18761,#18762,#15732,.T.);
#19447=EDGE_CURVE('',#18762,#18836,#15739,.T.);
#19449=EDGE_CURVE('',#18836,#18357,#15746,.T.);
#19451=EDGE_CURVE('',#18357,#18358,#15753,.T.);
#19453=EDGE_CURVE('',#18838,#18358,#15760,.T.);
#19455=EDGE_CURVE('',#18838,#18812,#15767,.T.);
#19457=EDGE_CURVE('',#18812,#18341,#15774,.T.);
#19459=EDGE_CURVE('',#18341,#18342,#15781,.T.);
#19461=EDGE_CURVE('',#18814,#18342,#15788,.T.);
#19463=EDGE_CURVE('',#18814,#18765,#15795,.T.);
#19465=EDGE_CURVE('',#18765,#18766,#15803,.T.);
#19467=EDGE_CURVE('',#18766,#18816,#15810,.T.);
#19469=EDGE_CURVE('',#18816,#18345,#15817,.T.);
#19471=EDGE_CURVE('',#18345,#18346,#15824,.T.);
#19473=EDGE_CURVE('',#18818,#18346,#15831,.T.);
#19475=EDGE_CURVE('',#18818,#18822,#15838,.T.);
#19477=EDGE_CURVE('',#18349,#18822,#15845,.T.);
#19479=EDGE_CURVE('',#18349,#18350,#15852,.T.);
#19481=EDGE_CURVE('',#18350,#18820,#15859,.T.);
#19483=EDGE_CURVE('',#18820,#18790,#15866,.T.);
#19486=EDGE_CURVE('',#18846,#18725,#15881,.T.);
#19488=EDGE_CURVE('',#18725,#18726,#15889,.T.);
#19490=EDGE_CURVE('',#18726,#18728,#15896,.T.);
#19492=EDGE_CURVE('',#18728,#18730,#15903,.T.);
#19494=EDGE_CURVE('',#18730,#18732,#15910,.T.);
#19496=EDGE_CURVE('',#18732,#18734,#15918,.T.);
#19498=EDGE_CURVE('',#18734,#18736,#15925,.T.);
#19500=EDGE_CURVE('',#18736,#18738,#15932,.T.);
#19502=EDGE_CURVE('',#18738,#18740,#15939,.T.);
#19504=EDGE_CURVE('',#18740,#18742,#15947,.T.);
#19506=EDGE_CURVE('',#18742,#18844,#15954,.T.);
#19512=EDGE_CURVE('',#18705,#18706,#15992,.T.);
#19514=EDGE_CURVE('',#18706,#18708,#15999,.T.);
#19516=EDGE_CURVE('',#18708,#18710,#16006,.T.);
#19518=EDGE_CURVE('',#18710,#18712,#16013,.T.);
#19520=EDGE_CURVE('',#18712,#18714,#16021,.T.);
#19522=EDGE_CURVE('',#18714,#18716,#16028,.T.);
#19524=EDGE_CURVE('',#18716,#18718,#16035,.T.);
#19526=EDGE_CURVE('',#18718,#18720,#16042,.T.);
#19528=EDGE_CURVE('',#18720,#18722,#16050,.T.);
#19530=EDGE_CURVE('',#18722,#18840,#16057,.T.);
#19533=EDGE_CURVE('',#18792,#18808,#16072,.T.);
#19537=ADVANCED_FACE('',(#19536),#19436,.T.);
#19544=EDGE_CURVE('',#18808,#18824,#16079,.T.);
#19546=EDGE_CURVE('',#18824,#18322,#16661,.T.);
#19548=EDGE_CURVE('',#18322,#18337,#16759,.T.);
#19552=ADVANCED_FACE('',(#19551),#19542,.T.);
#19561=EDGE_CURVE('',#18788,#18773,#16122,.T.);
#19563=EDGE_CURVE('',#18773,#18761,#16093,.T.);
#19566=EDGE_CURVE('',#18810,#18826,#16100,.T.);
#19568=EDGE_CURVE('',#18826,#18824,#16107,.T.);
#19572=ADVANCED_FACE('',(#19571),#19557,.F.);
#19578=EDGE_CURVE('',#18773,#18774,#16115,.T.);
#19583=EDGE_CURVE('',#18288,#18785,#16144,.T.);
#19585=EDGE_CURVE('',#18286,#18288,#16151,.T.);
#19587=EDGE_CURVE('',#18284,#18286,#16159,.T.);
#19589=EDGE_CURVE('',#18282,#18284,#16166,.T.);
#19600=EDGE_CURVE('',#18778,#18780,#16240,.T.);
#19602=EDGE_CURVE('',#18776,#18778,#16248,.T.);
#19604=EDGE_CURVE('',#18774,#18776,#16255,.T.);
#19608=EDGE_CURVE('',#18377,#18378,#16262,.T.);
#19610=EDGE_CURVE('',#18378,#18380,#16269,.T.);
#19612=EDGE_CURVE('',#18380,#18382,#16276,.T.);
#19614=EDGE_CURVE('',#18382,#18377,#16283,.T.);
#19618=EDGE_CURVE('',#18385,#18386,#16290,.T.);
#19620=EDGE_CURVE('',#18386,#18388,#16297,.T.);
#19622=EDGE_CURVE('',#18388,#18390,#16304,.T.);
#19624=EDGE_CURVE('',#18390,#18385,#16311,.T.);
#19628=EDGE_CURVE('',#18393,#18394,#16318,.T.);
#19630=EDGE_CURVE('',#18394,#18396,#16325,.T.);
#19632=EDGE_CURVE('',#18396,#18398,#16332,.T.);
#19634=EDGE_CURVE('',#18398,#18393,#16339,.T.);
#19638=EDGE_CURVE('',#18401,#18402,#16346,.T.);
#19640=EDGE_CURVE('',#18402,#18404,#16353,.T.);
#19642=EDGE_CURVE('',#18404,#18406,#16360,.T.);
#19644=EDGE_CURVE('',#18406,#18401,#16367,.T.);
#19648=EDGE_CURVE('',#18409,#18410,#16374,.T.);
#19650=EDGE_CURVE('',#18410,#18412,#16381,.T.);
#19652=EDGE_CURVE('',#18412,#18414,#16388,.T.);
#19654=EDGE_CURVE('',#18414,#18409,#16395,.T.);
#19658=EDGE_CURVE('',#18417,#18418,#16402,.T.);
#19660=EDGE_CURVE('',#18418,#18420,#16409,.T.);
#19662=EDGE_CURVE('',#18420,#18422,#16416,.T.);
#19664=EDGE_CURVE('',#18422,#18417,#16423,.T.);
#19668=EDGE_CURVE('',#18425,#18426,#16430,.T.);
#19670=EDGE_CURVE('',#18426,#18428,#16437,.T.);
#19672=EDGE_CURVE('',#18428,#18430,#16444,.T.);
#19674=EDGE_CURVE('',#18430,#18425,#16451,.T.);
#19678=EDGE_CURVE('',#18433,#18434,#16458,.T.);
#19680=EDGE_CURVE('',#18434,#18436,#16465,.T.);
#19682=EDGE_CURVE('',#18436,#18438,#16472,.T.);
#19684=EDGE_CURVE('',#18438,#18433,#16479,.T.);
#19688=EDGE_CURVE('',#18441,#18442,#16486,.T.);
#19690=EDGE_CURVE('',#18442,#18444,#16493,.T.);
#19692=EDGE_CURVE('',#18444,#18446,#16500,.T.);
#19694=EDGE_CURVE('',#18446,#18441,#16507,.T.);
#19698=EDGE_CURVE('',#18449,#18450,#16514,.T.);
#19700=EDGE_CURVE('',#18450,#18452,#16521,.T.);
#19702=EDGE_CURVE('',#18452,#18454,#16528,.T.);
#19704=EDGE_CURVE('',#18454,#18449,#16535,.T.);
#19708=EDGE_CURVE('',#18457,#18458,#16542,.T.);
#19710=EDGE_CURVE('',#18458,#18460,#16549,.T.);
#19712=EDGE_CURVE('',#18460,#18462,#16556,.T.);
#19714=EDGE_CURVE('',#18462,#18457,#16563,.T.);
#19718=EDGE_CURVE('',#18465,#18466,#16570,.T.);
#19720=EDGE_CURVE('',#18466,#18468,#16577,.T.);
#19722=EDGE_CURVE('',#18468,#18470,#16584,.T.);
#19724=EDGE_CURVE('',#18470,#18465,#16591,.T.);
#19728=ADVANCED_FACE('',(#19607,#19617,#19627,#19637,#19647,#19657,#19667,
#19677,#19687,#19697,#19707,#19717,#19727),#19577,.T.);
#19736=EDGE_CURVE('',#18762,#18774,#16626,.T.);
#19741=ADVANCED_FACE('',(#19740),#19733,.F.);
#19747=EDGE_CURVE('',#18812,#18880,#16598,.T.);
#19750=EDGE_CURVE('',#18838,#18886,#16605,.T.);
#19752=EDGE_CURVE('',#18886,#18884,#16612,.T.);
#19754=EDGE_CURVE('',#18836,#18884,#16619,.T.);
#19759=EDGE_CURVE('',#18765,#18776,#16829,.T.);
#19762=EDGE_CURVE('',#18814,#18882,#16633,.T.);
#19764=EDGE_CURVE('',#18882,#18880,#16640,.T.);
#19768=ADVANCED_FACE('',(#19767),#19746,.F.);
#19776=EDGE_CURVE('',#18880,#18326,#16724,.T.);
#19778=EDGE_CURVE('',#18326,#18341,#16857,.T.);
#19782=ADVANCED_FACE('',(#19781),#19773,.T.);
#19789=EDGE_CURVE('',#18321,#18826,#16647,.T.);
#19791=EDGE_CURVE('',#18321,#18322,#16654,.T.);
#19796=ADVANCED_FACE('',(#19795),#19787,.T.);
#19802=EDGE_CURVE('',#18828,#18830,#16808,.T.);
#19804=EDGE_CURVE('',#18329,#18830,#16668,.T.);
#19806=EDGE_CURVE('',#18329,#18330,#16675,.T.);
#19808=EDGE_CURVE('',#18828,#18330,#16682,.T.);
#19812=ADVANCED_FACE('',(#19811),#19801,.T.);
#19818=EDGE_CURVE('',#18834,#18832,#16787,.T.);
#19820=EDGE_CURVE('',#18333,#18832,#16689,.T.);
#19822=EDGE_CURVE('',#18333,#18334,#16696,.T.);
#19824=EDGE_CURVE('',#18834,#18334,#16703,.T.);
#19828=ADVANCED_FACE('',(#19827),#19817,.T.);
#19835=EDGE_CURVE('',#18325,#18882,#16710,.T.);
#19837=EDGE_CURVE('',#18325,#18326,#16717,.T.);
#19842=ADVANCED_FACE('',(#19841),#19833,.T.);
#19849=EDGE_CURVE('',#18353,#18886,#16731,.T.);
#19851=EDGE_CURVE('',#18353,#18354,#16738,.T.);
#19853=EDGE_CURVE('',#18884,#18354,#16745,.T.);
#19857=ADVANCED_FACE('',(#19856),#19847,.T.);
#19864=EDGE_CURVE('',#18321,#18338,#16752,.T.);
#19870=ADVANCED_FACE('',(#19869),#19862,.T.);
#19882=ADVANCED_FACE('',(#19881),#19875,.T.);
#19888=EDGE_CURVE('',#18816,#18828,#16766,.T.);
#19891=EDGE_CURVE('',#18766,#18778,#16773,.T.);
#19896=EDGE_CURVE('',#18832,#18820,#16780,.T.);
#19899=EDGE_CURVE('',#18834,#18822,#16794,.T.);
#19902=EDGE_CURVE('',#18818,#18830,#16801,.T.);
#19907=ADVANCED_FACE('',(#19906),#19887,.F.);
#19916=EDGE_CURVE('',#18330,#18345,#16815,.T.);
#19920=ADVANCED_FACE('',(#19919),#19912,.T.);
#19929=EDGE_CURVE('',#18329,#18346,#16822,.T.);
#19933=ADVANCED_FACE('',(#19932),#19925,.T.);
#19945=ADVANCED_FACE('',(#19944),#19938,.T.);
#19957=ADVANCED_FACE('',(#19956),#19950,.F.);
#19964=EDGE_CURVE('',#18333,#18350,#16836,.T.);
#19970=ADVANCED_FACE('',(#19969),#19962,.T.);
#19977=EDGE_CURVE('',#18334,#18349,#16843,.T.);
#19983=ADVANCED_FACE('',(#19982),#19975,.T.);
#19995=ADVANCED_FACE('',(#19994),#19988,.T.);
#20002=EDGE_CURVE('',#18325,#18342,#16850,.T.);
#20008=ADVANCED_FACE('',(#20007),#20000,.T.);
#20020=ADVANCED_FACE('',(#20019),#20013,.T.);
#20027=EDGE_CURVE('',#18353,#18358,#16864,.T.);
#20033=ADVANCED_FACE('',(#20032),#20025,.T.);
#20040=EDGE_CURVE('',#18354,#18357,#16871,.T.);
#20046=ADVANCED_FACE('',(#20045),#20038,.T.);
#20058=ADVANCED_FACE('',(#20057),#20051,.T.);
#20065=EDGE_CURVE('',#18306,#18288,#16878,.T.);
#20071=ADVANCED_FACE('',(#20070),#20063,.T.);
#20078=EDGE_CURVE('',#18304,#18286,#16885,.T.);
#20084=ADVANCED_FACE('',(#20083),#20076,.T.);
#20091=EDGE_CURVE('',#18302,#18284,#16892,.T.);
#20097=ADVANCED_FACE('',(#20096),#20089,.T.);
#20109=ADVANCED_FACE('',(#20108),#20102,.T.);
#20115=EDGE_CURVE('',#18492,#18490,#16906,.T.);
#20117=EDGE_CURVE('',#18378,#18490,#16934,.T.);
#20120=EDGE_CURVE('',#18377,#18492,#16913,.T.);
#20124=ADVANCED_FACE('',(#20123),#20114,.T.);
#20130=EDGE_CURVE('',#18489,#18490,#16920,.T.);
#20133=EDGE_CURVE('',#18492,#18494,#17347,.T.);
#20135=EDGE_CURVE('',#18494,#18489,#16969,.T.);
#20139=ADVANCED_FACE('',(#20138),#20129,.T.);
#20146=EDGE_CURVE('',#18489,#18502,#16990,.T.);
#20148=EDGE_CURVE('',#18500,#18502,#16927,.T.);
#20150=EDGE_CURVE('',#18380,#18500,#17375,.T.);
#20156=ADVANCED_FACE('',(#20155),#20144,.T.);
#20162=EDGE_CURVE('',#18478,#18473,#16941,.T.);
#20164=EDGE_CURVE('',#18481,#18478,#16948,.T.);
#20166=EDGE_CURVE('',#18486,#18481,#16955,.T.);
#20168=EDGE_CURVE('',#18473,#18486,#16962,.T.);
#20172=ADVANCED_FACE('',(#20171),#20161,.T.);
#20179=EDGE_CURVE('',#18497,#18494,#16976,.T.);
#20181=EDGE_CURVE('',#18502,#18497,#16983,.T.);
#20186=ADVANCED_FACE('',(#20185),#20177,.T.);
#20192=EDGE_CURVE('',#18510,#18505,#16997,.T.);
#20194=EDGE_CURVE('',#18513,#18510,#17004,.T.);
#20196=EDGE_CURVE('',#18518,#18513,#17011,.T.);
#20198=EDGE_CURVE('',#18505,#18518,#17018,.T.);
#20202=ADVANCED_FACE('',(#20201),#20191,.T.);
#20208=EDGE_CURVE('',#18526,#18521,#17025,.T.);
#20210=EDGE_CURVE('',#18529,#18526,#17032,.T.);
#20212=EDGE_CURVE('',#18534,#18529,#17039,.T.);
#20214=EDGE_CURVE('',#18521,#18534,#17046,.T.);
#20218=ADVANCED_FACE('',(#20217),#20207,.T.);
#20224=EDGE_CURVE('',#18542,#18537,#17053,.T.);
#20226=EDGE_CURVE('',#18545,#18542,#17060,.T.);
#20228=EDGE_CURVE('',#18550,#18545,#17067,.T.);
#20230=EDGE_CURVE('',#18537,#18550,#17074,.T.);
#20234=ADVANCED_FACE('',(#20233),#20223,.T.);
#20240=EDGE_CURVE('',#18558,#18553,#17081,.T.);
#20242=EDGE_CURVE('',#18561,#18558,#17088,.T.);
#20244=EDGE_CURVE('',#18566,#18561,#17095,.T.);
#20246=EDGE_CURVE('',#18553,#18566,#17102,.T.);
#20250=ADVANCED_FACE('',(#20249),#20239,.T.);
#20256=EDGE_CURVE('',#18574,#18569,#17109,.T.);
#20258=EDGE_CURVE('',#18577,#18574,#17116,.T.);
#20260=EDGE_CURVE('',#18582,#18577,#17123,.T.);
#20262=EDGE_CURVE('',#18569,#18582,#17130,.T.);
#20266=ADVANCED_FACE('',(#20265),#20255,.T.);
#20272=EDGE_CURVE('',#18590,#18585,#17137,.T.);
#20274=EDGE_CURVE('',#18593,#18590,#17144,.T.);
#20276=EDGE_CURVE('',#18598,#18593,#17151,.T.);
#20278=EDGE_CURVE('',#18585,#18598,#17158,.T.);
#20282=ADVANCED_FACE('',(#20281),#20271,.T.);
#20288=EDGE_CURVE('',#18606,#18601,#17165,.T.);
#20290=EDGE_CURVE('',#18609,#18606,#17172,.T.);
#20292=EDGE_CURVE('',#18614,#18609,#17179,.T.);
#20294=EDGE_CURVE('',#18601,#18614,#17186,.T.);
#20298=ADVANCED_FACE('',(#20297),#20287,.T.);
#20304=EDGE_CURVE('',#18622,#18617,#17193,.T.);
#20306=EDGE_CURVE('',#18625,#18622,#17200,.T.);
#20308=EDGE_CURVE('',#18630,#18625,#17207,.T.);
#20310=EDGE_CURVE('',#18617,#18630,#17214,.T.);
#20314=ADVANCED_FACE('',(#20313),#20303,.T.);
#20320=EDGE_CURVE('',#18638,#18633,#17221,.T.);
#20322=EDGE_CURVE('',#18641,#18638,#17228,.T.);
#20324=EDGE_CURVE('',#18646,#18641,#17235,.T.);
#20326=EDGE_CURVE('',#18633,#18646,#17242,.T.);
#20330=ADVANCED_FACE('',(#20329),#20319,.T.);
#20336=EDGE_CURVE('',#18654,#18649,#17249,.T.);
#20338=EDGE_CURVE('',#18657,#18654,#17256,.T.);
#20340=EDGE_CURVE('',#18662,#18657,#17263,.T.);
#20342=EDGE_CURVE('',#18649,#18662,#17270,.T.);
#20346=ADVANCED_FACE('',(#20345),#20335,.T.);
#20352=EDGE_CURVE('',#18473,#18474,#17277,.T.);
#20354=EDGE_CURVE('',#18476,#18474,#17319,.T.);
#20356=EDGE_CURVE('',#18476,#18478,#17298,.T.);
#20361=ADVANCED_FACE('',(#20360),#20351,.T.);
#20369=EDGE_CURVE('',#18484,#18486,#17284,.T.);
#20371=EDGE_CURVE('',#18446,#18484,#17340,.T.);
#20374=EDGE_CURVE('',#18444,#18474,#17291,.T.);
#20378=ADVANCED_FACE('',(#20377),#20366,.T.);
#20384=EDGE_CURVE('',#18481,#18482,#17312,.T.);
#20386=EDGE_CURVE('',#18484,#18482,#17333,.T.);
#20392=ADVANCED_FACE('',(#20391),#20383,.T.);
#20399=EDGE_CURVE('',#18442,#18476,#17326,.T.);
#20402=EDGE_CURVE('',#18441,#18482,#17305,.T.);
#20408=ADVANCED_FACE('',(#20407),#20397,.T.);
#20420=ADVANCED_FACE('',(#20419),#20413,.T.);
#20432=ADVANCED_FACE('',(#20431),#20425,.T.);
#20441=EDGE_CURVE('',#18382,#18498,#17354,.T.);
#20443=EDGE_CURVE('',#18497,#18498,#17361,.T.);
#20448=ADVANCED_FACE('',(#20447),#20437,.T.);
#20454=EDGE_CURVE('',#18500,#18498,#17368,.T.);
#20461=ADVANCED_FACE('',(#20460),#20453,.T.);
#20473=ADVANCED_FACE('',(#20472),#20466,.T.);
#20479=EDGE_CURVE('',#18505,#18506,#17382,.T.);
#20481=EDGE_CURVE('',#18508,#18506,#17424,.T.);
#20483=EDGE_CURVE('',#18508,#18510,#17403,.T.);
#20488=ADVANCED_FACE('',(#20487),#20478,.T.);
#20496=EDGE_CURVE('',#18516,#18518,#17389,.T.);
#20498=EDGE_CURVE('',#18388,#18516,#17445,.T.);
#20501=EDGE_CURVE('',#18386,#18506,#17396,.T.);
#20505=ADVANCED_FACE('',(#20504),#20493,.T.);
#20511=EDGE_CURVE('',#18513,#18514,#17417,.T.);
#20513=EDGE_CURVE('',#18516,#18514,#17438,.T.);
#20519=ADVANCED_FACE('',(#20518),#20510,.T.);
#20526=EDGE_CURVE('',#18385,#18508,#17431,.T.);
#20529=EDGE_CURVE('',#18390,#18514,#17410,.T.);
#20535=ADVANCED_FACE('',(#20534),#20524,.T.);
#20547=ADVANCED_FACE('',(#20546),#20540,.T.);
#20559=ADVANCED_FACE('',(#20558),#20552,.T.);
#20565=EDGE_CURVE('',#18521,#18522,#17452,.T.);
#20567=EDGE_CURVE('',#18524,#18522,#17494,.T.);
#20569=EDGE_CURVE('',#18524,#18526,#17473,.T.);
#20574=ADVANCED_FACE('',(#20573),#20564,.T.);
#20582=EDGE_CURVE('',#18532,#18534,#17459,.T.);
#20584=EDGE_CURVE('',#18466,#18532,#17515,.T.);
#20587=EDGE_CURVE('',#18465,#18522,#17466,.T.);
#20591=ADVANCED_FACE('',(#20590),#20579,.T.);
#20597=EDGE_CURVE('',#18529,#18530,#17487,.T.);
#20599=EDGE_CURVE('',#18532,#18530,#17508,.T.);
#20605=ADVANCED_FACE('',(#20604),#20596,.T.);
#20612=EDGE_CURVE('',#18470,#18524,#17501,.T.);
#20615=EDGE_CURVE('',#18468,#18530,#17480,.T.);
#20621=ADVANCED_FACE('',(#20620),#20610,.T.);
#20633=ADVANCED_FACE('',(#20632),#20626,.T.);
#20645=ADVANCED_FACE('',(#20644),#20638,.T.);
#20651=EDGE_CURVE('',#18537,#18538,#17522,.T.);
#20653=EDGE_CURVE('',#18540,#18538,#17564,.T.);
#20655=EDGE_CURVE('',#18540,#18542,#17543,.T.);
#20660=ADVANCED_FACE('',(#20659),#20650,.T.);
#20668=EDGE_CURVE('',#18548,#18550,#17529,.T.);
#20670=EDGE_CURVE('',#18425,#18548,#17585,.T.);
#20673=EDGE_CURVE('',#18430,#18538,#17536,.T.);
#20677=ADVANCED_FACE('',(#20676),#20665,.T.);
#20683=EDGE_CURVE('',#18545,#18546,#17557,.T.);
#20685=EDGE_CURVE('',#18548,#18546,#17578,.T.);
#20691=ADVANCED_FACE('',(#20690),#20682,.T.);
#20698=EDGE_CURVE('',#18428,#18540,#17571,.T.);
#20701=EDGE_CURVE('',#18426,#18546,#17550,.T.);
#20707=ADVANCED_FACE('',(#20706),#20696,.T.);
#20719=ADVANCED_FACE('',(#20718),#20712,.T.);
#20731=ADVANCED_FACE('',(#20730),#20724,.T.);
#20737=EDGE_CURVE('',#18553,#18554,#17592,.T.);
#20739=EDGE_CURVE('',#18556,#18554,#17634,.T.);
#20741=EDGE_CURVE('',#18556,#18558,#17613,.T.);
#20746=ADVANCED_FACE('',(#20745),#20736,.T.);
#20754=EDGE_CURVE('',#18564,#18566,#17599,.T.);
#20756=EDGE_CURVE('',#18433,#18564,#17655,.T.);
#20759=EDGE_CURVE('',#18438,#18554,#17606,.T.);
#20763=ADVANCED_FACE('',(#20762),#20751,.T.);
#20769=EDGE_CURVE('',#18561,#18562,#17627,.T.);
#20771=EDGE_CURVE('',#18564,#18562,#17648,.T.);
#20777=ADVANCED_FACE('',(#20776),#20768,.T.);
#20784=EDGE_CURVE('',#18436,#18556,#17641,.T.);
#20787=EDGE_CURVE('',#18434,#18562,#17620,.T.);
#20793=ADVANCED_FACE('',(#20792),#20782,.T.);
#20805=ADVANCED_FACE('',(#20804),#20798,.T.);
#20817=ADVANCED_FACE('',(#20816),#20810,.T.);
#20823=EDGE_CURVE('',#18569,#18570,#17662,.T.);
#20825=EDGE_CURVE('',#18572,#18570,#17704,.T.);
#20827=EDGE_CURVE('',#18572,#18574,#17683,.T.);
#20832=ADVANCED_FACE('',(#20831),#20822,.T.);
#20840=EDGE_CURVE('',#18580,#18582,#17669,.T.);
#20842=EDGE_CURVE('',#18406,#18580,#17725,.T.);
#20845=EDGE_CURVE('',#18404,#18570,#17676,.T.);
#20849=ADVANCED_FACE('',(#20848),#20837,.T.);
#20855=EDGE_CURVE('',#18577,#18578,#17697,.T.);
#20857=EDGE_CURVE('',#18580,#18578,#17718,.T.);
#20863=ADVANCED_FACE('',(#20862),#20854,.T.);
#20870=EDGE_CURVE('',#18402,#18572,#17711,.T.);
#20873=EDGE_CURVE('',#18401,#18578,#17690,.T.);
#20879=ADVANCED_FACE('',(#20878),#20868,.T.);
#20891=ADVANCED_FACE('',(#20890),#20884,.T.);
#20903=ADVANCED_FACE('',(#20902),#20896,.T.);
#20909=EDGE_CURVE('',#18585,#18586,#17732,.T.);
#20911=EDGE_CURVE('',#18588,#18586,#17774,.T.);
#20913=EDGE_CURVE('',#18588,#18590,#17753,.T.);
#20918=ADVANCED_FACE('',(#20917),#20908,.T.);
#20926=EDGE_CURVE('',#18596,#18598,#17739,.T.);
#20928=EDGE_CURVE('',#18398,#18596,#17795,.T.);
#20931=EDGE_CURVE('',#18396,#18586,#17746,.T.);
#20935=ADVANCED_FACE('',(#20934),#20923,.T.);
#20941=EDGE_CURVE('',#18593,#18594,#17767,.T.);
#20943=EDGE_CURVE('',#18596,#18594,#17788,.T.);
#20949=ADVANCED_FACE('',(#20948),#20940,.T.);
#20956=EDGE_CURVE('',#18394,#18588,#17781,.T.);
#20959=EDGE_CURVE('',#18393,#18594,#17760,.T.);
#20965=ADVANCED_FACE('',(#20964),#20954,.T.);
#20977=ADVANCED_FACE('',(#20976),#20970,.T.);
#20989=ADVANCED_FACE('',(#20988),#20982,.T.);
#20995=EDGE_CURVE('',#18601,#18602,#17802,.T.);
#20997=EDGE_CURVE('',#18604,#18602,#17844,.T.);
#20999=EDGE_CURVE('',#18604,#18606,#17823,.T.);
#21004=ADVANCED_FACE('',(#21003),#20994,.T.);
#21012=EDGE_CURVE('',#18612,#18614,#17809,.T.);
#21014=EDGE_CURVE('',#18449,#18612,#17865,.T.);
#21017=EDGE_CURVE('',#18454,#18602,#17816,.T.);
#21021=ADVANCED_FACE('',(#21020),#21009,.T.);
#21027=EDGE_CURVE('',#18609,#18610,#17837,.T.);
#21029=EDGE_CURVE('',#18612,#18610,#17858,.T.);
#21035=ADVANCED_FACE('',(#21034),#21026,.T.);
#21042=EDGE_CURVE('',#18452,#18604,#17851,.T.);
#21045=EDGE_CURVE('',#18450,#18610,#17830,.T.);
#21051=ADVANCED_FACE('',(#21050),#21040,.T.);
#21063=ADVANCED_FACE('',(#21062),#21056,.T.);
#21075=ADVANCED_FACE('',(#21074),#21068,.T.);
#21081=EDGE_CURVE('',#18617,#18618,#17872,.T.);
#21083=EDGE_CURVE('',#18620,#18618,#17914,.T.);
#21085=EDGE_CURVE('',#18620,#18622,#17893,.T.);
#21090=ADVANCED_FACE('',(#21089),#21080,.T.);
#21098=EDGE_CURVE('',#18628,#18630,#17879,.T.);
#21100=EDGE_CURVE('',#18418,#18628,#17935,.T.);
#21103=EDGE_CURVE('',#18417,#18618,#17886,.T.);
#21107=ADVANCED_FACE('',(#21106),#21095,.T.);
#21113=EDGE_CURVE('',#18625,#18626,#17907,.T.);
#21115=EDGE_CURVE('',#18628,#18626,#17928,.T.);
#21121=ADVANCED_FACE('',(#21120),#21112,.T.);
#21128=EDGE_CURVE('',#18422,#18620,#17921,.T.);
#21131=EDGE_CURVE('',#18420,#18626,#17900,.T.);
#21137=ADVANCED_FACE('',(#21136),#21126,.T.);
#21149=ADVANCED_FACE('',(#21148),#21142,.T.);
#21161=ADVANCED_FACE('',(#21160),#21154,.T.);
#21167=EDGE_CURVE('',#18633,#18634,#17942,.T.);
#21169=EDGE_CURVE('',#18636,#18634,#17984,.T.);
#21171=EDGE_CURVE('',#18636,#18638,#17963,.T.);
#21176=ADVANCED_FACE('',(#21175),#21166,.T.);
#21184=EDGE_CURVE('',#18644,#18646,#17949,.T.);
#21186=EDGE_CURVE('',#18410,#18644,#18005,.T.);
#21189=EDGE_CURVE('',#18409,#18634,#17956,.T.);
#21193=ADVANCED_FACE('',(#21192),#21181,.T.);
#21199=EDGE_CURVE('',#18641,#18642,#17977,.T.);
#21201=EDGE_CURVE('',#18644,#18642,#17998,.T.);
#21207=ADVANCED_FACE('',(#21206),#21198,.T.);
#21214=EDGE_CURVE('',#18414,#18636,#17991,.T.);
#21217=EDGE_CURVE('',#18412,#18642,#17970,.T.);
#21223=ADVANCED_FACE('',(#21222),#21212,.T.);
#21235=ADVANCED_FACE('',(#21234),#21228,.T.);
#21247=ADVANCED_FACE('',(#21246),#21240,.T.);
#21253=EDGE_CURVE('',#18649,#18650,#18012,.T.);
#21255=EDGE_CURVE('',#18652,#18650,#18054,.T.);
#21257=EDGE_CURVE('',#18652,#18654,#18033,.T.);
#21262=ADVANCED_FACE('',(#21261),#21252,.T.);
#21270=EDGE_CURVE('',#18660,#18662,#18019,.T.);
#21272=EDGE_CURVE('',#18460,#18660,#18075,.T.);
#21275=EDGE_CURVE('',#18458,#18650,#18026,.T.);
#21279=ADVANCED_FACE('',(#21278),#21267,.T.);
#21285=EDGE_CURVE('',#18657,#18658,#18047,.T.);
#21287=EDGE_CURVE('',#18660,#18658,#18068,.T.);
#21293=ADVANCED_FACE('',(#21292),#21284,.T.);
#21300=EDGE_CURVE('',#18457,#18652,#18061,.T.);
#21303=EDGE_CURVE('',#18462,#18658,#18040,.T.);
#21309=ADVANCED_FACE('',(#21308),#21298,.T.);
#21321=ADVANCED_FACE('',(#21320),#21314,.T.);
#21333=ADVANCED_FACE('',(#21332),#21326,.T.);
#21342=EDGE_CURVE('',#18725,#18685,#18082,.T.);
#21346=ADVANCED_FACE('',(#21345),#21338,.T.);
#21355=EDGE_CURVE('',#18726,#18686,#18089,.T.);
#21359=ADVANCED_FACE('',(#21358),#21351,.T.);
#21368=EDGE_CURVE('',#18728,#18688,#18096,.T.);
#21372=ADVANCED_FACE('',(#21371),#21364,.T.);
#21381=EDGE_CURVE('',#18730,#18690,#18103,.T.);
#21385=ADVANCED_FACE('',(#21384),#21377,.T.);
#21394=EDGE_CURVE('',#18732,#18692,#18110,.T.);
#21398=ADVANCED_FACE('',(#21397),#21390,.T.);
#21407=EDGE_CURVE('',#18734,#18694,#18117,.T.);
#21411=ADVANCED_FACE('',(#21410),#21403,.T.);
#21420=EDGE_CURVE('',#18736,#18696,#18124,.T.);
#21424=ADVANCED_FACE('',(#21423),#21416,.T.);
#21433=EDGE_CURVE('',#18738,#18698,#18131,.T.);
#21437=ADVANCED_FACE('',(#21436),#21429,.T.);
#21446=EDGE_CURVE('',#18740,#18700,#18138,.T.);
#21450=ADVANCED_FACE('',(#21449),#21442,.T.);
#21459=EDGE_CURVE('',#18742,#18702,#18145,.T.);
#21463=ADVANCED_FACE('',(#21462),#21455,.T.);
#21475=ADVANCED_FACE('',(#21474),#21468,.T.);
#21484=EDGE_CURVE('',#18706,#18666,#18159,.T.);
#21488=ADVANCED_FACE('',(#21487),#21480,.T.);
#21497=EDGE_CURVE('',#18708,#18668,#18166,.T.);
#21501=ADVANCED_FACE('',(#21500),#21493,.T.);
#21510=EDGE_CURVE('',#18710,#18670,#18173,.T.);
#21514=ADVANCED_FACE('',(#21513),#21506,.T.);
#21523=EDGE_CURVE('',#18712,#18672,#18180,.T.);
#21527=ADVANCED_FACE('',(#21526),#21519,.T.);
#21536=EDGE_CURVE('',#18714,#18674,#18187,.T.);
#21540=ADVANCED_FACE('',(#21539),#21532,.T.);
#21549=EDGE_CURVE('',#18716,#18676,#18194,.T.);
#21553=ADVANCED_FACE('',(#21552),#21545,.T.);
#21562=EDGE_CURVE('',#18718,#18678,#18201,.T.);
#21566=ADVANCED_FACE('',(#21565),#21558,.T.);
#21575=EDGE_CURVE('',#18720,#18680,#18208,.T.);
#21579=ADVANCED_FACE('',(#21578),#21571,.T.);
#21588=EDGE_CURVE('',#18722,#18682,#18215,.T.);
#21592=ADVANCED_FACE('',(#21591),#21584,.T.);
#21604=ADVANCED_FACE('',(#21603),#21597,.T.);
#21611=EDGE_CURVE('',#18369,#18361,#18222,.T.);
#21613=EDGE_CURVE('',#18361,#18362,#18237,.T.);
#21615=EDGE_CURVE('',#18370,#18362,#18229,.T.);
#21619=ADVANCED_FACE('',(#21618),#21609,.T.);
#21627=EDGE_CURVE('',#18362,#18361,#18245,.T.);
#21632=ADVANCED_FACE('',(#21631),#21624,.T.);
#21642=ADVANCED_FACE('',(#21641),#21637,.T.);
#21648=EDGE_CURVE('',#18365,#18366,#18253,.T.);
#21650=EDGE_CURVE('',#18366,#18365,#18261,.T.);
#21654=ADVANCED_FACE('',(#21653),#21647,.T.);
#21661=EDGE_CURVE('',#18373,#18365,#18268,.T.);
#21664=EDGE_CURVE('',#18374,#18366,#18275,.T.);
#21668=ADVANCED_FACE('',(#21667),#21659,.T.);
#21680=ADVANCED_FACE('',(#21679),#21673,.T.);
#21689=(LENGTH_UNIT()NAMED_UNIT(*)SI_UNIT(.MILLI.,.METRE.));
#21690=(NAMED_UNIT(*)PLANE_ANGLE_UNIT()SI_UNIT($,.RADIAN.));
#21693=(NAMED_UNIT(*)SI_UNIT($,.STERADIAN.)SOLID_ANGLE_UNIT());
#21695=(GEOMETRIC_REPRESENTATION_CONTEXT(3)GLOBAL_UNCERTAINTY_ASSIGNED_CONTEXT((
#21694))GLOBAL_UNIT_ASSIGNED_CONTEXT((#21689,#21692,#21693))REPRESENTATION_CONTEXT('ID4','3'));
#21699=AXIS2_PLACEMENT_3D('',#21696,#21697,#21698);
#21700=ADVANCED_BREP_SHAPE_REPRESENTATION('',(#21699,#21682),#21695);
#21704=PRODUCT_DEFINITION('part definition','',#21703,#14891);
#21705=PRODUCT_DEFINITION_SHAPE('','SHAPE FOR DIKE-M10GPS-MUJU.',#21704);
#21706=SHAPE_ASPECT('','solid data associated with DIKE-M10GPS-MUJU',#21705,
.F.);
#21707=PROPERTY_DEFINITION('',
'shape for solid data with which properties are associated',#21706);
#21708=SHAPE_REPRESENTATION('',(#21682),#21695);
#21709=SHAPE_DEFINITION_REPRESENTATION(#21707,#21708);
#21710=(LENGTH_UNIT()NAMED_UNIT(*)SI_UNIT(.MILLI.,.METRE.));
#21714=PROPERTY_DEFINITION('geometric validation property',
'area of DIKE-M10GPS-MUJU',#21706);
#21715=REPRESENTATION('surface area',(#21713),#21695);
#21716=PROPERTY_DEFINITION_REPRESENTATION(#21714,#21715);
#21717=(LENGTH_UNIT()NAMED_UNIT(*)SI_UNIT(.MILLI.,.METRE.));
#21721=PROPERTY_DEFINITION('geometric validation property',
'volume of DIKE-M10GPS-MUJU',#21706);
#21722=REPRESENTATION('volume',(#21720),#21695);
#21723=PROPERTY_DEFINITION_REPRESENTATION(#21721,#21722);
#21725=PROPERTY_DEFINITION('geometric validation property',
'centroid of DIKE-M10GPS-MUJU',#21706);
#21726=REPRESENTATION('centroid',(#21724),#21695);
#21727=PROPERTY_DEFINITION_REPRESENTATION(#21725,#21726);
#21728=(LENGTH_UNIT()NAMED_UNIT(*)SI_UNIT(.MILLI.,.METRE.));
#21732=PROPERTY_DEFINITION('geometric validation property',
'area of DIKE-M10GPS-MUJU',#21705);
#21733=REPRESENTATION('surface area',(#21731),#21695);
#21734=PROPERTY_DEFINITION_REPRESENTATION(#21732,#21733);
#21735=(LENGTH_UNIT()NAMED_UNIT(*)SI_UNIT(.MILLI.,.METRE.));
#21739=PROPERTY_DEFINITION('geometric validation property',
'volume of DIKE-M10GPS-MUJU',#21705);
#21740=REPRESENTATION('volume',(#21738),#21695);
#21741=PROPERTY_DEFINITION_REPRESENTATION(#21739,#21740);
#21743=PROPERTY_DEFINITION('geometric validation property',
'centroid of DIKE-M10GPS-MUJU',#21705);
#21744=REPRESENTATION('centroid',(#21742),#21695);
#21745=PROPERTY_DEFINITION_REPRESENTATION(#21743,#21744);
#21746=SHAPE_DEFINITION_REPRESENTATION(#21705,#21700);
#21754=PLANAR_BOX('',4.839672960032E1,4.083474060027E1,#21753);
#21761=CAMERA_USAGE(#21760,#21747);
#21766=PLANAR_BOX('',1.E3,8.4375E2,#21765);
#21786=PRESENTATION_AREA('',(#21785,#21790),#3460);
#21796=NEXT_ASSEMBLY_USAGE_OCCURRENCE('3','Next assembly relationship',
'DIKE-M10GPS-MUJU',#21825,#21704,$);
#21797=PRODUCT_DEFINITION_SHAPE('Placement #3',
'Placement of DIKE-M10GPS-MUJU with respect to MICRO-10-GPS-MUJU_ASM',#21796);
#21799=PROPERTY_DEFINITION('geometric validation property',
'centroid of DIKE-M10GPS-MUJU',#21797);
#21800=REPRESENTATION('centroid',(#21798),#21695);
#21801=PROPERTY_DEFINITION_REPRESENTATION(#21799,#21800);
#21809=(LENGTH_UNIT()NAMED_UNIT(*)SI_UNIT(.MILLI.,.METRE.));
#21810=(NAMED_UNIT(*)PLANE_ANGLE_UNIT()SI_UNIT($,.RADIAN.));
#21813=(NAMED_UNIT(*)SI_UNIT($,.STERADIAN.)SOLID_ANGLE_UNIT());
#21815=(GEOMETRIC_REPRESENTATION_CONTEXT(3)GLOBAL_UNCERTAINTY_ASSIGNED_CONTEXT((
#21814))GLOBAL_UNIT_ASSIGNED_CONTEXT((#21809,#21812,#21813))REPRESENTATION_CONTEXT('ID5','3'));
#21819=AXIS2_PLACEMENT_3D('',#21816,#21817,#21818);
#21825=PRODUCT_DEFINITION('part definition','',#21824,#21821);
#21826=(LENGTH_UNIT()NAMED_UNIT(*)SI_UNIT(.MILLI.,.METRE.));
#21830=PROPERTY_DEFINITION('geometric validation property',
'area of MICRO-10-GPS-MUJU_ASM',#3541);
#21831=REPRESENTATION('surface area',(#21829),#21815);
#21832=PROPERTY_DEFINITION_REPRESENTATION(#21830,#21831);
#21833=(LENGTH_UNIT()NAMED_UNIT(*)SI_UNIT(.MILLI.,.METRE.));
#21837=PROPERTY_DEFINITION('geometric validation property',
'volume of MICRO-10-GPS-MUJU_ASM',#3541);
#21838=REPRESENTATION('volume',(#21836),#21815);
#21839=PROPERTY_DEFINITION_REPRESENTATION(#21837,#21838);
#21841=PROPERTY_DEFINITION('geometric validation property',
'centroid of MICRO-10-GPS-MUJU_ASM',#3541);
#21842=REPRESENTATION('centroid',(#21840),#21815);
#21843=PROPERTY_DEFINITION_REPRESENTATION(#21841,#21842);
#21852=PLANAR_BOX('',5.093420888775E1,4.297573874904E1,#21851);
#21859=CAMERA_USAGE(#21858,#21845);
#21864=PLANAR_BOX('',1.E3,8.4375E2,#21863);
#21884=PRESENTATION_AREA('',(#21883,#21888),#3460);
#21892=PROPERTY_DEFINITION('DESCRIPTION','user defined attribute',#21825);
#21896=REPRESENTATION('',(#21895),#21815);
#21897=PROPERTY_DEFINITION_REPRESENTATION(#21892,#21896);
#21898=PROPERTY_DEFINITION('MODELED_BY','user defined attribute',#21825);
#21902=REPRESENTATION('',(#21901),#21815);
#21903=PROPERTY_DEFINITION_REPRESENTATION(#21898,#21902);
ENDSEC;
END-ISO-10303-21;
