ISO-10303-21;
HEADER;
/* PHOTO-DERIVED REFERENCE ONLY. Units mm. Listing size 44x29x18
assumed HOUSING dimensions; overall model including connectors 56x29x18.
Listing does not clarify connector inclusion. All small features estimated.
No internal circuit modeled. Not for manufacturing or precise mating. */
FILE_DESCRIPTION(('Open CASCADE Model'),'2;1');
FILE_NAME('Open CASCADE Shape Model','2026-09-07T22:15:35',('Author'),(
    'Open CASCADE'),'Open CASCADE STEP processor 7.8','Open CASCADE 7.8'
  ,'Unknown');
FILE_SCHEMA(('AUTOMOTIVE_DESIGN { 1 0 10303 214 1 1 1 1 }'));
ENDSEC;
DATA;
#1 = APPLICATION_PROTOCOL_DEFINITION('international standard',
  'automotive_design',2000,#2);
#2 = APPLICATION_CONTEXT(
  'core data for automotive mechanical design processes');
#3 = SHAPE_DEFINITION_REPRESENTATION(#4,#10);
#4 = PRODUCT_DEFINITION_SHAPE('','',#5);
#5 = PRODUCT_DEFINITION('design','',#6,#9);
#6 = PRODUCT_DEFINITION_FORMATION('','',#7);
#7 = PRODUCT('XT60_anti_spark_switch_PHOTO_REFERENCE_NOT_MEASURED',
  'XT60_anti_spark_switch_PHOTO_REFERENCE_NOT_MEASURED','',(#8));
#8 = PRODUCT_CONTEXT('',#2,'mechanical');
#9 = PRODUCT_DEFINITION_CONTEXT('part definition',#2,'design');
#10 = SHAPE_REPRESENTATION('',(#11,#15,#19,#23,#27,#31,#35,#39,#43,#47,
    #51),#55);
#11 = AXIS2_PLACEMENT_3D('',#12,#13,#14);
#12 = CARTESIAN_POINT('',(0.,0.,0.));
#13 = DIRECTION('',(0.,0.,1.));
#14 = DIRECTION('',(1.,0.,-0.));
#15 = AXIS2_PLACEMENT_3D('',#16,#17,#18);
#16 = CARTESIAN_POINT('',(0.,0.,0.));
#17 = DIRECTION('',(0.,0.,1.));
#18 = DIRECTION('',(1.,0.,-0.));
#19 = AXIS2_PLACEMENT_3D('',#20,#21,#22);
#20 = CARTESIAN_POINT('',(0.,0.,0.));
#21 = DIRECTION('',(0.,0.,1.));
#22 = DIRECTION('',(1.,0.,-0.));
#23 = AXIS2_PLACEMENT_3D('',#24,#25,#26);
#24 = CARTESIAN_POINT('',(0.,0.,0.));
#25 = DIRECTION('',(0.,0.,1.));
#26 = DIRECTION('',(1.,0.,-0.));
#27 = AXIS2_PLACEMENT_3D('',#28,#29,#30);
#28 = CARTESIAN_POINT('',(0.,0.,0.));
#29 = DIRECTION('',(0.,0.,1.));
#30 = DIRECTION('',(1.,0.,-0.));
#31 = AXIS2_PLACEMENT_3D('',#32,#33,#34);
#32 = CARTESIAN_POINT('',(0.,0.,0.));
#33 = DIRECTION('',(0.,0.,1.));
#34 = DIRECTION('',(1.,0.,-0.));
#35 = AXIS2_PLACEMENT_3D('',#36,#37,#38);
#36 = CARTESIAN_POINT('',(0.,0.,0.));
#37 = DIRECTION('',(0.,0.,1.));
#38 = DIRECTION('',(1.,0.,-0.));
#39 = AXIS2_PLACEMENT_3D('',#40,#41,#42);
#40 = CARTESIAN_POINT('',(0.,0.,0.));
#41 = DIRECTION('',(0.,0.,1.));
#42 = DIRECTION('',(1.,0.,-0.));
#43 = AXIS2_PLACEMENT_3D('',#44,#45,#46);
#44 = CARTESIAN_POINT('',(0.,0.,0.));
#45 = DIRECTION('',(0.,0.,1.));
#46 = DIRECTION('',(1.,0.,-0.));
#47 = AXIS2_PLACEMENT_3D('',#48,#49,#50);
#48 = CARTESIAN_POINT('',(0.,0.,0.));
#49 = DIRECTION('',(0.,0.,1.));
#50 = DIRECTION('',(1.,0.,-0.));
#51 = AXIS2_PLACEMENT_3D('',#52,#53,#54);
#52 = CARTESIAN_POINT('',(0.,0.,0.));
#53 = DIRECTION('',(0.,0.,1.));
#54 = DIRECTION('',(1.,0.,-0.));
#55 = ( GEOMETRIC_REPRESENTATION_CONTEXT(3) 
GLOBAL_UNCERTAINTY_ASSIGNED_CONTEXT((#59)) GLOBAL_UNIT_ASSIGNED_CONTEXT(
(#56,#57,#58)) REPRESENTATION_CONTEXT('Context #1',
  '3D Context with UNIT and UNCERTAINTY') );
#56 = ( LENGTH_UNIT() NAMED_UNIT(*) SI_UNIT(.MILLI.,.METRE.) );
#57 = ( NAMED_UNIT(*) PLANE_ANGLE_UNIT() SI_UNIT($,.RADIAN.) );
#58 = ( NAMED_UNIT(*) SI_UNIT($,.STERADIAN.) SOLID_ANGLE_UNIT() );
#59 = UNCERTAINTY_MEASURE_WITH_UNIT(LENGTH_MEASURE(1.E-07),#56,
  'distance_accuracy_value','confusion accuracy');
#60 = PRODUCT_RELATED_PRODUCT_CATEGORY('part',$,(#7));
#61 = SHAPE_DEFINITION_REPRESENTATION(#62,#68);
#62 = PRODUCT_DEFINITION_SHAPE('','',#63);
#63 = PRODUCT_DEFINITION('design','',#64,#67);
#64 = PRODUCT_DEFINITION_FORMATION('','',#65);
#65 = PRODUCT('Lower_housing_estimated_holes_and_vents',
  'Lower_housing_estimated_holes_and_vents','',(#66));
#66 = PRODUCT_CONTEXT('',#2,'mechanical');
#67 = PRODUCT_DEFINITION_CONTEXT('part definition',#2,'design');
#68 = ADVANCED_BREP_SHAPE_REPRESENTATION('',(#11,#69),#4437);
#69 = MANIFOLD_SOLID_BREP('',#70);
#70 = CLOSED_SHELL('',(#71,#191,#613,#663,#717,#1072,#1523,#1974,#2001,
    #2028,#2035,#2112,#2505,#2559,#2608,#2658,#3051,#3105,#3132,#3186,
    #3240,#3311,#3360,#3409,#3436,#3490,#3544,#3591,#3618,#3645,#3652,
    #3699,#3726,#3753,#3760,#3807,#3834,#3861,#3868,#3915,#3942,#3969,
    #3976,#4023,#4050,#4077,#4084,#4131,#4158,#4185,#4192,#4239,#4266,
    #4293,#4300,#4347,#4374,#4401,#4408));
#71 = ADVANCED_FACE('',(#72),#86,.F.);
#72 = FACE_BOUND('',#73,.F.);
#73 = EDGE_LOOP('',(#74,#109,#137,#165));
#74 = ORIENTED_EDGE('',*,*,#75,.F.);
#75 = EDGE_CURVE('',#76,#78,#80,.T.);
#76 = VERTEX_POINT('',#77);
#77 = CARTESIAN_POINT('',(-22.,-11.5,8.9));
#78 = VERTEX_POINT('',#79);
#79 = CARTESIAN_POINT('',(-22.,11.5,8.9));
#80 = SURFACE_CURVE('',#81,(#85,#97),.PCURVE_S1.);
#81 = LINE('',#82,#83);
#82 = CARTESIAN_POINT('',(-22.,-14.5,8.9));
#83 = VECTOR('',#84,1.);
#84 = DIRECTION('',(0.,1.,0.));
#85 = PCURVE('',#86,#91);
#86 = PLANE('',#87);
#87 = AXIS2_PLACEMENT_3D('',#88,#89,#90);
#88 = CARTESIAN_POINT('',(-22.,-14.5,0.));
#89 = DIRECTION('',(1.,0.,0.));
#90 = DIRECTION('',(0.,0.,1.));
#91 = DEFINITIONAL_REPRESENTATION('',(#92),#96);
#92 = LINE('',#93,#94);
#93 = CARTESIAN_POINT('',(8.9,0.));
#94 = VECTOR('',#95,1.);
#95 = DIRECTION('',(0.,-1.));
#96 = ( GEOMETRIC_REPRESENTATION_CONTEXT(2) 
PARAMETRIC_REPRESENTATION_CONTEXT() REPRESENTATION_CONTEXT('2D SPACE',''
  ) );
#97 = PCURVE('',#98,#103);
#98 = PLANE('',#99);
#99 = AXIS2_PLACEMENT_3D('',#100,#101,#102);
#100 = CARTESIAN_POINT('',(-22.,-14.5,8.9));
#101 = DIRECTION('',(0.,0.,1.));
#102 = DIRECTION('',(1.,0.,0.));
#103 = DEFINITIONAL_REPRESENTATION('',(#104),#108);
#104 = LINE('',#105,#106);
#105 = CARTESIAN_POINT('',(0.,0.));
#106 = VECTOR('',#107,1.);
#107 = DIRECTION('',(0.,1.));
#108 = ( GEOMETRIC_REPRESENTATION_CONTEXT(2) 
PARAMETRIC_REPRESENTATION_CONTEXT() REPRESENTATION_CONTEXT('2D SPACE',''
  ) );
#109 = ORIENTED_EDGE('',*,*,#110,.F.);
#110 = EDGE_CURVE('',#111,#76,#113,.T.);
#111 = VERTEX_POINT('',#112);
#112 = CARTESIAN_POINT('',(-22.,-11.5,0.));
#113 = SURFACE_CURVE('',#114,(#118,#125),.PCURVE_S1.);
#114 = LINE('',#115,#116);
#115 = CARTESIAN_POINT('',(-22.,-11.5,0.));
#116 = VECTOR('',#117,1.);
#117 = DIRECTION('',(0.,0.,1.));
#118 = PCURVE('',#86,#119);
#119 = DEFINITIONAL_REPRESENTATION('',(#120),#124);
#120 = LINE('',#121,#122);
#121 = CARTESIAN_POINT('',(0.,-3.));
#122 = VECTOR('',#123,1.);
#123 = DIRECTION('',(1.,0.));
#124 = ( GEOMETRIC_REPRESENTATION_CONTEXT(2) 
PARAMETRIC_REPRESENTATION_CONTEXT() REPRESENTATION_CONTEXT('2D SPACE',''
  ) );
#125 = PCURVE('',#126,#131);
#126 = CYLINDRICAL_SURFACE('',#127,3.);
#127 = AXIS2_PLACEMENT_3D('',#128,#129,#130);
#128 = CARTESIAN_POINT('',(-19.,-11.5,0.));
#129 = DIRECTION('',(0.,0.,1.));
#130 = DIRECTION('',(-1.,-0.,0.));
#131 = DEFINITIONAL_REPRESENTATION('',(#132),#136);
#132 = LINE('',#133,#134);
#133 = CARTESIAN_POINT('',(0.,0.));
#134 = VECTOR('',#135,1.);
#135 = DIRECTION('',(0.,1.));
#136 = ( GEOMETRIC_REPRESENTATION_CONTEXT(2) 
PARAMETRIC_REPRESENTATION_CONTEXT() REPRESENTATION_CONTEXT('2D SPACE',''
  ) );
#137 = ORIENTED_EDGE('',*,*,#138,.T.);
#138 = EDGE_CURVE('',#111,#139,#141,.T.);
#139 = VERTEX_POINT('',#140);
#140 = CARTESIAN_POINT('',(-22.,11.5,0.));
#141 = SURFACE_CURVE('',#142,(#146,#153),.PCURVE_S1.);
#142 = LINE('',#143,#144);
#143 = CARTESIAN_POINT('',(-22.,-14.5,0.));
#144 = VECTOR('',#145,1.);
#145 = DIRECTION('',(0.,1.,0.));
#146 = PCURVE('',#86,#147);
#147 = DEFINITIONAL_REPRESENTATION('',(#148),#152);
#148 = LINE('',#149,#150);
#149 = CARTESIAN_POINT('',(0.,0.));
#150 = VECTOR('',#151,1.);
#151 = DIRECTION('',(0.,-1.));
#152 = ( GEOMETRIC_REPRESENTATION_CONTEXT(2) 
PARAMETRIC_REPRESENTATION_CONTEXT() REPRESENTATION_CONTEXT('2D SPACE',''
  ) );
#153 = PCURVE('',#154,#159);
#154 = PLANE('',#155);
#155 = AXIS2_PLACEMENT_3D('',#156,#157,#158);
#156 = CARTESIAN_POINT('',(-22.,-14.5,0.));
#157 = DIRECTION('',(0.,0.,1.));
#158 = DIRECTION('',(1.,0.,0.));
#159 = DEFINITIONAL_REPRESENTATION('',(#160),#164);
#160 = LINE('',#161,#162);
#161 = CARTESIAN_POINT('',(0.,0.));
#162 = VECTOR('',#163,1.);
#163 = DIRECTION('',(0.,1.));
#164 = ( GEOMETRIC_REPRESENTATION_CONTEXT(2) 
PARAMETRIC_REPRESENTATION_CONTEXT() REPRESENTATION_CONTEXT('2D SPACE',''
  ) );
#165 = ORIENTED_EDGE('',*,*,#166,.T.);
#166 = EDGE_CURVE('',#139,#78,#167,.T.);
#167 = SURFACE_CURVE('',#168,(#172,#179),.PCURVE_S1.);
#168 = LINE('',#169,#170);
#169 = CARTESIAN_POINT('',(-22.,11.5,0.));
#170 = VECTOR('',#171,1.);
#171 = DIRECTION('',(0.,0.,1.));
#172 = PCURVE('',#86,#173);
#173 = DEFINITIONAL_REPRESENTATION('',(#174),#178);
#174 = LINE('',#175,#176);
#175 = CARTESIAN_POINT('',(0.,-26.));
#176 = VECTOR('',#177,1.);
#177 = DIRECTION('',(1.,0.));
#178 = ( GEOMETRIC_REPRESENTATION_CONTEXT(2) 
PARAMETRIC_REPRESENTATION_CONTEXT() REPRESENTATION_CONTEXT('2D SPACE',''
  ) );
#179 = PCURVE('',#180,#185);
#180 = CYLINDRICAL_SURFACE('',#181,3.);
#181 = AXIS2_PLACEMENT_3D('',#182,#183,#184);
#182 = CARTESIAN_POINT('',(-19.,11.5,0.));
#183 = DIRECTION('',(0.,0.,1.));
#184 = DIRECTION('',(-1.,-0.,0.));
#185 = DEFINITIONAL_REPRESENTATION('',(#186),#190);
#186 = LINE('',#187,#188);
#187 = CARTESIAN_POINT('',(-0.,0.));
#188 = VECTOR('',#189,1.);
#189 = DIRECTION('',(-0.,1.));
#190 = ( GEOMETRIC_REPRESENTATION_CONTEXT(2) 
PARAMETRIC_REPRESENTATION_CONTEXT() REPRESENTATION_CONTEXT('2D SPACE',''
  ) );
#191 = ADVANCED_FACE('',(#192,#391),#98,.T.);
#192 = FACE_BOUND('',#193,.T.);
#193 = EDGE_LOOP('',(#194,#195,#219,#247,#280,#308,#337,#365));
#194 = ORIENTED_EDGE('',*,*,#75,.F.);
#195 = ORIENTED_EDGE('',*,*,#196,.T.);
#196 = EDGE_CURVE('',#76,#197,#199,.T.);
#197 = VERTEX_POINT('',#198);
#198 = CARTESIAN_POINT('',(-19.,-14.5,8.9));
#199 = SURFACE_CURVE('',#200,(#205,#212),.PCURVE_S1.);
#200 = CIRCLE('',#201,3.);
#201 = AXIS2_PLACEMENT_3D('',#202,#203,#204);
#202 = CARTESIAN_POINT('',(-19.,-11.5,8.9));
#203 = DIRECTION('',(0.,0.,1.));
#204 = DIRECTION('',(0.,-1.,0.));
#205 = PCURVE('',#98,#206);
#206 = DEFINITIONAL_REPRESENTATION('',(#207),#211);
#207 = CIRCLE('',#208,3.);
#208 = AXIS2_PLACEMENT_2D('',#209,#210);
#209 = CARTESIAN_POINT('',(3.,3.));
#210 = DIRECTION('',(0.,-1.));
#211 = ( GEOMETRIC_REPRESENTATION_CONTEXT(2) 
PARAMETRIC_REPRESENTATION_CONTEXT() REPRESENTATION_CONTEXT('2D SPACE',''
  ) );
#212 = PCURVE('',#126,#213);
#213 = DEFINITIONAL_REPRESENTATION('',(#214),#218);
#214 = LINE('',#215,#216);
#215 = CARTESIAN_POINT('',(-4.712388980385,8.9));
#216 = VECTOR('',#217,1.);
#217 = DIRECTION('',(1.,0.));
#218 = ( GEOMETRIC_REPRESENTATION_CONTEXT(2) 
PARAMETRIC_REPRESENTATION_CONTEXT() REPRESENTATION_CONTEXT('2D SPACE',''
  ) );
#219 = ORIENTED_EDGE('',*,*,#220,.T.);
#220 = EDGE_CURVE('',#197,#221,#223,.T.);
#221 = VERTEX_POINT('',#222);
#222 = CARTESIAN_POINT('',(19.,-14.5,8.9));
#223 = SURFACE_CURVE('',#224,(#228,#235),.PCURVE_S1.);
#224 = LINE('',#225,#226);
#225 = CARTESIAN_POINT('',(-22.,-14.5,8.9));
#226 = VECTOR('',#227,1.);
#227 = DIRECTION('',(1.,0.,0.));
#228 = PCURVE('',#98,#229);
#229 = DEFINITIONAL_REPRESENTATION('',(#230),#234);
#230 = LINE('',#231,#232);
#231 = CARTESIAN_POINT('',(0.,0.));
#232 = VECTOR('',#233,1.);
#233 = DIRECTION('',(1.,0.));
#234 = ( GEOMETRIC_REPRESENTATION_CONTEXT(2) 
PARAMETRIC_REPRESENTATION_CONTEXT() REPRESENTATION_CONTEXT('2D SPACE',''
  ) );
#235 = PCURVE('',#236,#241);
#236 = PLANE('',#237);
#237 = AXIS2_PLACEMENT_3D('',#238,#239,#240);
#238 = CARTESIAN_POINT('',(-22.,-14.5,0.));
#239 = DIRECTION('',(0.,1.,0.));
#240 = DIRECTION('',(0.,0.,1.));
#241 = DEFINITIONAL_REPRESENTATION('',(#242),#246);
#242 = LINE('',#243,#244);
#243 = CARTESIAN_POINT('',(8.9,0.));
#244 = VECTOR('',#245,1.);
#245 = DIRECTION('',(0.,1.));
#246 = ( GEOMETRIC_REPRESENTATION_CONTEXT(2) 
PARAMETRIC_REPRESENTATION_CONTEXT() REPRESENTATION_CONTEXT('2D SPACE',''
  ) );
#247 = ORIENTED_EDGE('',*,*,#248,.F.);
#248 = EDGE_CURVE('',#249,#221,#251,.T.);
#249 = VERTEX_POINT('',#250);
#250 = CARTESIAN_POINT('',(22.,-11.5,8.9));
#251 = SURFACE_CURVE('',#252,(#257,#268),.PCURVE_S1.);
#252 = CIRCLE('',#253,3.);
#253 = AXIS2_PLACEMENT_3D('',#254,#255,#256);
#254 = CARTESIAN_POINT('',(19.,-11.5,8.9));
#255 = DIRECTION('',(-0.,-0.,-1.));
#256 = DIRECTION('',(0.,-1.,0.));
#257 = PCURVE('',#98,#258);
#258 = DEFINITIONAL_REPRESENTATION('',(#259),#267);
#259 = ( BOUNDED_CURVE() B_SPLINE_CURVE(2,(#260,#261,#262,#263,#264,#265
,#266),.UNSPECIFIED.,.T.,.F.) B_SPLINE_CURVE_WITH_KNOTS((1,2,2,2,2,1),(
    -2.094395102393,0.,2.094395102393,4.188790204786,6.28318530718,
8.377580409573),.UNSPECIFIED.) CURVE() GEOMETRIC_REPRESENTATION_ITEM() 
RATIONAL_B_SPLINE_CURVE((1.,0.5,1.,0.5,1.,0.5,1.)) REPRESENTATION_ITEM(
  '') );
#260 = CARTESIAN_POINT('',(41.,0.));
#261 = CARTESIAN_POINT('',(35.803847577293,0.));
#262 = CARTESIAN_POINT('',(38.401923788647,4.5));
#263 = CARTESIAN_POINT('',(41.,9.));
#264 = CARTESIAN_POINT('',(43.598076211353,4.5));
#265 = CARTESIAN_POINT('',(46.196152422707,4.440892098501E-15));
#266 = CARTESIAN_POINT('',(41.,0.));
#267 = ( GEOMETRIC_REPRESENTATION_CONTEXT(2) 
PARAMETRIC_REPRESENTATION_CONTEXT() REPRESENTATION_CONTEXT('2D SPACE',''
  ) );
#268 = PCURVE('',#269,#274);
#269 = CYLINDRICAL_SURFACE('',#270,3.);
#270 = AXIS2_PLACEMENT_3D('',#271,#272,#273);
#271 = CARTESIAN_POINT('',(19.,-11.5,0.));
#272 = DIRECTION('',(0.,0.,1.));
#273 = DIRECTION('',(1.,0.,-0.));
#274 = DEFINITIONAL_REPRESENTATION('',(#275),#279);
#275 = LINE('',#276,#277);
#276 = CARTESIAN_POINT('',(4.712388980385,8.9));
#277 = VECTOR('',#278,1.);
#278 = DIRECTION('',(-1.,0.));
#279 = ( GEOMETRIC_REPRESENTATION_CONTEXT(2) 
PARAMETRIC_REPRESENTATION_CONTEXT() REPRESENTATION_CONTEXT('2D SPACE',''
  ) );
#280 = ORIENTED_EDGE('',*,*,#281,.T.);
#281 = EDGE_CURVE('',#249,#282,#284,.T.);
#282 = VERTEX_POINT('',#283);
#283 = CARTESIAN_POINT('',(22.,11.5,8.9));
#284 = SURFACE_CURVE('',#285,(#289,#296),.PCURVE_S1.);
#285 = LINE('',#286,#287);
#286 = CARTESIAN_POINT('',(22.,-14.5,8.9));
#287 = VECTOR('',#288,1.);
#288 = DIRECTION('',(0.,1.,0.));
#289 = PCURVE('',#98,#290);
#290 = DEFINITIONAL_REPRESENTATION('',(#291),#295);
#291 = LINE('',#292,#293);
#292 = CARTESIAN_POINT('',(44.,0.));
#293 = VECTOR('',#294,1.);
#294 = DIRECTION('',(0.,1.));
#295 = ( GEOMETRIC_REPRESENTATION_CONTEXT(2) 
PARAMETRIC_REPRESENTATION_CONTEXT() REPRESENTATION_CONTEXT('2D SPACE',''
  ) );
#296 = PCURVE('',#297,#302);
#297 = PLANE('',#298);
#298 = AXIS2_PLACEMENT_3D('',#299,#300,#301);
#299 = CARTESIAN_POINT('',(22.,-14.5,0.));
#300 = DIRECTION('',(1.,0.,0.));
#301 = DIRECTION('',(0.,0.,1.));
#302 = DEFINITIONAL_REPRESENTATION('',(#303),#307);
#303 = LINE('',#304,#305);
#304 = CARTESIAN_POINT('',(8.9,0.));
#305 = VECTOR('',#306,1.);
#306 = DIRECTION('',(0.,-1.));
#307 = ( GEOMETRIC_REPRESENTATION_CONTEXT(2) 
PARAMETRIC_REPRESENTATION_CONTEXT() REPRESENTATION_CONTEXT('2D SPACE',''
  ) );
#308 = ORIENTED_EDGE('',*,*,#309,.T.);
#309 = EDGE_CURVE('',#282,#310,#312,.T.);
#310 = VERTEX_POINT('',#311);
#311 = CARTESIAN_POINT('',(19.,14.5,8.9));
#312 = SURFACE_CURVE('',#313,(#318,#325),.PCURVE_S1.);
#313 = CIRCLE('',#314,3.);
#314 = AXIS2_PLACEMENT_3D('',#315,#316,#317);
#315 = CARTESIAN_POINT('',(19.,11.5,8.9));
#316 = DIRECTION('',(0.,0.,1.));
#317 = DIRECTION('',(0.,-1.,0.));
#318 = PCURVE('',#98,#319);
#319 = DEFINITIONAL_REPRESENTATION('',(#320),#324);
#320 = CIRCLE('',#321,3.);
#321 = AXIS2_PLACEMENT_2D('',#322,#323);
#322 = CARTESIAN_POINT('',(41.,26.));
#323 = DIRECTION('',(0.,-1.));
#324 = ( GEOMETRIC_REPRESENTATION_CONTEXT(2) 
PARAMETRIC_REPRESENTATION_CONTEXT() REPRESENTATION_CONTEXT('2D SPACE',''
  ) );
#325 = PCURVE('',#326,#331);
#326 = CYLINDRICAL_SURFACE('',#327,3.);
#327 = AXIS2_PLACEMENT_3D('',#328,#329,#330);
#328 = CARTESIAN_POINT('',(19.,11.5,0.));
#329 = DIRECTION('',(0.,0.,1.));
#330 = DIRECTION('',(1.,0.,-0.));
#331 = DEFINITIONAL_REPRESENTATION('',(#332),#336);
#332 = LINE('',#333,#334);
#333 = CARTESIAN_POINT('',(-1.570796326795,8.9));
#334 = VECTOR('',#335,1.);
#335 = DIRECTION('',(1.,0.));
#336 = ( GEOMETRIC_REPRESENTATION_CONTEXT(2) 
PARAMETRIC_REPRESENTATION_CONTEXT() REPRESENTATION_CONTEXT('2D SPACE',''
  ) );
#337 = ORIENTED_EDGE('',*,*,#338,.F.);
#338 = EDGE_CURVE('',#339,#310,#341,.T.);
#339 = VERTEX_POINT('',#340);
#340 = CARTESIAN_POINT('',(-19.,14.5,8.9));
#341 = SURFACE_CURVE('',#342,(#346,#353),.PCURVE_S1.);
#342 = LINE('',#343,#344);
#343 = CARTESIAN_POINT('',(-22.,14.5,8.9));
#344 = VECTOR('',#345,1.);
#345 = DIRECTION('',(1.,0.,0.));
#346 = PCURVE('',#98,#347);
#347 = DEFINITIONAL_REPRESENTATION('',(#348),#352);
#348 = LINE('',#349,#350);
#349 = CARTESIAN_POINT('',(0.,29.));
#350 = VECTOR('',#351,1.);
#351 = DIRECTION('',(1.,0.));
#352 = ( GEOMETRIC_REPRESENTATION_CONTEXT(2) 
PARAMETRIC_REPRESENTATION_CONTEXT() REPRESENTATION_CONTEXT('2D SPACE',''
  ) );
#353 = PCURVE('',#354,#359);
#354 = PLANE('',#355);
#355 = AXIS2_PLACEMENT_3D('',#356,#357,#358);
#356 = CARTESIAN_POINT('',(-22.,14.5,0.));
#357 = DIRECTION('',(0.,1.,0.));
#358 = DIRECTION('',(0.,0.,1.));
#359 = DEFINITIONAL_REPRESENTATION('',(#360),#364);
#360 = LINE('',#361,#362);
#361 = CARTESIAN_POINT('',(8.9,0.));
#362 = VECTOR('',#363,1.);
#363 = DIRECTION('',(0.,1.));
#364 = ( GEOMETRIC_REPRESENTATION_CONTEXT(2) 
PARAMETRIC_REPRESENTATION_CONTEXT() REPRESENTATION_CONTEXT('2D SPACE',''
  ) );
#365 = ORIENTED_EDGE('',*,*,#366,.F.);
#366 = EDGE_CURVE('',#78,#339,#367,.T.);
#367 = SURFACE_CURVE('',#368,(#373,#384),.PCURVE_S1.);
#368 = CIRCLE('',#369,3.);
#369 = AXIS2_PLACEMENT_3D('',#370,#371,#372);
#370 = CARTESIAN_POINT('',(-19.,11.5,8.9));
#371 = DIRECTION('',(-0.,-0.,-1.));
#372 = DIRECTION('',(0.,-1.,0.));
#373 = PCURVE('',#98,#374);
#374 = DEFINITIONAL_REPRESENTATION('',(#375),#383);
#375 = ( BOUNDED_CURVE() B_SPLINE_CURVE(2,(#376,#377,#378,#379,#380,#381
,#382),.UNSPECIFIED.,.T.,.F.) B_SPLINE_CURVE_WITH_KNOTS((1,2,2,2,2,1),(
    -2.094395102393,0.,2.094395102393,4.188790204786,6.28318530718,
8.377580409573),.UNSPECIFIED.) CURVE() GEOMETRIC_REPRESENTATION_ITEM() 
RATIONAL_B_SPLINE_CURVE((1.,0.5,1.,0.5,1.,0.5,1.)) REPRESENTATION_ITEM(
  '') );
#376 = CARTESIAN_POINT('',(3.,23.));
#377 = CARTESIAN_POINT('',(-2.196152422707,23.));
#378 = CARTESIAN_POINT('',(0.401923788647,27.5));
#379 = CARTESIAN_POINT('',(3.,32.));
#380 = CARTESIAN_POINT('',(5.598076211353,27.5));
#381 = CARTESIAN_POINT('',(8.196152422707,23.));
#382 = CARTESIAN_POINT('',(3.,23.));
#383 = ( GEOMETRIC_REPRESENTATION_CONTEXT(2) 
PARAMETRIC_REPRESENTATION_CONTEXT() REPRESENTATION_CONTEXT('2D SPACE',''
  ) );
#384 = PCURVE('',#180,#385);
#385 = DEFINITIONAL_REPRESENTATION('',(#386),#390);
#386 = LINE('',#387,#388);
#387 = CARTESIAN_POINT('',(1.570796326795,8.9));
#388 = VECTOR('',#389,1.);
#389 = DIRECTION('',(-1.,0.));
#390 = ( GEOMETRIC_REPRESENTATION_CONTEXT(2) 
PARAMETRIC_REPRESENTATION_CONTEXT() REPRESENTATION_CONTEXT('2D SPACE',''
  ) );
#391 = FACE_BOUND('',#392,.T.);
#392 = EDGE_LOOP('',(#393,#424,#450,#479,#505,#534,#560,#589));
#393 = ORIENTED_EDGE('',*,*,#394,.F.);
#394 = EDGE_CURVE('',#395,#397,#399,.T.);
#395 = VERTEX_POINT('',#396);
#396 = CARTESIAN_POINT('',(-19.8,-10.8,8.9));
#397 = VERTEX_POINT('',#398);
#398 = CARTESIAN_POINT('',(-18.3,-12.3,8.9));
#399 = SURFACE_CURVE('',#400,(#405,#412),.PCURVE_S1.);
#400 = CIRCLE('',#401,1.5);
#401 = AXIS2_PLACEMENT_3D('',#402,#403,#404);
#402 = CARTESIAN_POINT('',(-18.3,-10.8,8.9));
#403 = DIRECTION('',(0.,0.,1.));
#404 = DIRECTION('',(-1.,-0.,0.));
#405 = PCURVE('',#98,#406);
#406 = DEFINITIONAL_REPRESENTATION('',(#407),#411);
#407 = CIRCLE('',#408,1.5);
#408 = AXIS2_PLACEMENT_2D('',#409,#410);
#409 = CARTESIAN_POINT('',(3.7,3.7));
#410 = DIRECTION('',(-1.,0.));
#411 = ( GEOMETRIC_REPRESENTATION_CONTEXT(2) 
PARAMETRIC_REPRESENTATION_CONTEXT() REPRESENTATION_CONTEXT('2D SPACE',''
  ) );
#412 = PCURVE('',#413,#418);
#413 = CYLINDRICAL_SURFACE('',#414,1.5);
#414 = AXIS2_PLACEMENT_3D('',#415,#416,#417);
#415 = CARTESIAN_POINT('',(-18.3,-10.8,2.5));
#416 = DIRECTION('',(0.,0.,1.));
#417 = DIRECTION('',(-1.,-0.,0.));
#418 = DEFINITIONAL_REPRESENTATION('',(#419),#423);
#419 = LINE('',#420,#421);
#420 = CARTESIAN_POINT('',(0.,6.4));
#421 = VECTOR('',#422,1.);
#422 = DIRECTION('',(1.,0.));
#423 = ( GEOMETRIC_REPRESENTATION_CONTEXT(2) 
PARAMETRIC_REPRESENTATION_CONTEXT() REPRESENTATION_CONTEXT('2D SPACE',''
  ) );
#424 = ORIENTED_EDGE('',*,*,#425,.T.);
#425 = EDGE_CURVE('',#395,#426,#428,.T.);
#426 = VERTEX_POINT('',#427);
#427 = CARTESIAN_POINT('',(-19.8,10.8,8.9));
#428 = SURFACE_CURVE('',#429,(#433,#439),.PCURVE_S1.);
#429 = LINE('',#430,#431);
#430 = CARTESIAN_POINT('',(-19.8,-13.4,8.9));
#431 = VECTOR('',#432,1.);
#432 = DIRECTION('',(0.,1.,0.));
#433 = PCURVE('',#98,#434);
#434 = DEFINITIONAL_REPRESENTATION('',(#435),#438);
#435 = B_SPLINE_CURVE_WITH_KNOTS('',1,(#436,#437),.UNSPECIFIED.,.F.,.F.,
  (2,2),(2.6,24.2),.PIECEWISE_BEZIER_KNOTS.);
#436 = CARTESIAN_POINT('',(2.2,3.7));
#437 = CARTESIAN_POINT('',(2.2,25.3));
#438 = ( GEOMETRIC_REPRESENTATION_CONTEXT(2) 
PARAMETRIC_REPRESENTATION_CONTEXT() REPRESENTATION_CONTEXT('2D SPACE',''
  ) );
#439 = PCURVE('',#440,#445);
#440 = PLANE('',#441);
#441 = AXIS2_PLACEMENT_3D('',#442,#443,#444);
#442 = CARTESIAN_POINT('',(-19.8,-12.3,2.5));
#443 = DIRECTION('',(1.,0.,0.));
#444 = DIRECTION('',(0.,0.,1.));
#445 = DEFINITIONAL_REPRESENTATION('',(#446),#449);
#446 = B_SPLINE_CURVE_WITH_KNOTS('',1,(#447,#448),.UNSPECIFIED.,.F.,.F.,
  (2,2),(2.6,24.2),.PIECEWISE_BEZIER_KNOTS.);
#447 = CARTESIAN_POINT('',(6.4,-1.5));
#448 = CARTESIAN_POINT('',(6.4,-23.1));
#449 = ( GEOMETRIC_REPRESENTATION_CONTEXT(2) 
PARAMETRIC_REPRESENTATION_CONTEXT() REPRESENTATION_CONTEXT('2D SPACE',''
  ) );
#450 = ORIENTED_EDGE('',*,*,#451,.F.);
#451 = EDGE_CURVE('',#452,#426,#454,.T.);
#452 = VERTEX_POINT('',#453);
#453 = CARTESIAN_POINT('',(-18.3,12.3,8.9));
#454 = SURFACE_CURVE('',#455,(#460,#467),.PCURVE_S1.);
#455 = CIRCLE('',#456,1.5);
#456 = AXIS2_PLACEMENT_3D('',#457,#458,#459);
#457 = CARTESIAN_POINT('',(-18.3,10.8,8.9));
#458 = DIRECTION('',(0.,0.,1.));
#459 = DIRECTION('',(-1.,-0.,0.));
#460 = PCURVE('',#98,#461);
#461 = DEFINITIONAL_REPRESENTATION('',(#462),#466);
#462 = CIRCLE('',#463,1.5);
#463 = AXIS2_PLACEMENT_2D('',#464,#465);
#464 = CARTESIAN_POINT('',(3.7,25.3));
#465 = DIRECTION('',(-1.,0.));
#466 = ( GEOMETRIC_REPRESENTATION_CONTEXT(2) 
PARAMETRIC_REPRESENTATION_CONTEXT() REPRESENTATION_CONTEXT('2D SPACE',''
  ) );
#467 = PCURVE('',#468,#473);
#468 = CYLINDRICAL_SURFACE('',#469,1.5);
#469 = AXIS2_PLACEMENT_3D('',#470,#471,#472);
#470 = CARTESIAN_POINT('',(-18.3,10.8,2.5));
#471 = DIRECTION('',(0.,0.,1.));
#472 = DIRECTION('',(-1.,-0.,0.));
#473 = DEFINITIONAL_REPRESENTATION('',(#474),#478);
#474 = LINE('',#475,#476);
#475 = CARTESIAN_POINT('',(-6.28318530718,6.4));
#476 = VECTOR('',#477,1.);
#477 = DIRECTION('',(1.,-0.));
#478 = ( GEOMETRIC_REPRESENTATION_CONTEXT(2) 
PARAMETRIC_REPRESENTATION_CONTEXT() REPRESENTATION_CONTEXT('2D SPACE',''
  ) );
#479 = ORIENTED_EDGE('',*,*,#480,.F.);
#480 = EDGE_CURVE('',#481,#452,#483,.T.);
#481 = VERTEX_POINT('',#482);
#482 = CARTESIAN_POINT('',(18.3,12.3,8.9));
#483 = SURFACE_CURVE('',#484,(#488,#494),.PCURVE_S1.);
#484 = LINE('',#485,#486);
#485 = CARTESIAN_POINT('',(-20.9,12.3,8.9));
#486 = VECTOR('',#487,1.);
#487 = DIRECTION('',(-1.,0.,0.));
#488 = PCURVE('',#98,#489);
#489 = DEFINITIONAL_REPRESENTATION('',(#490),#493);
#490 = B_SPLINE_CURVE_WITH_KNOTS('',1,(#491,#492),.UNSPECIFIED.,.F.,.F.,
  (2,2),(-39.2,-2.6),.PIECEWISE_BEZIER_KNOTS.);
#491 = CARTESIAN_POINT('',(40.3,26.8));
#492 = CARTESIAN_POINT('',(3.7,26.8));
#493 = ( GEOMETRIC_REPRESENTATION_CONTEXT(2) 
PARAMETRIC_REPRESENTATION_CONTEXT() REPRESENTATION_CONTEXT('2D SPACE',''
  ) );
#494 = PCURVE('',#495,#500);
#495 = PLANE('',#496);
#496 = AXIS2_PLACEMENT_3D('',#497,#498,#499);
#497 = CARTESIAN_POINT('',(-19.8,12.3,2.5));
#498 = DIRECTION('',(0.,1.,0.));
#499 = DIRECTION('',(0.,0.,1.));
#500 = DEFINITIONAL_REPRESENTATION('',(#501),#504);
#501 = B_SPLINE_CURVE_WITH_KNOTS('',1,(#502,#503),.UNSPECIFIED.,.F.,.F.,
  (2,2),(-39.2,-2.6),.PIECEWISE_BEZIER_KNOTS.);
#502 = CARTESIAN_POINT('',(6.4,38.1));
#503 = CARTESIAN_POINT('',(6.4,1.5));
#504 = ( GEOMETRIC_REPRESENTATION_CONTEXT(2) 
PARAMETRIC_REPRESENTATION_CONTEXT() REPRESENTATION_CONTEXT('2D SPACE',''
  ) );
#505 = ORIENTED_EDGE('',*,*,#506,.F.);
#506 = EDGE_CURVE('',#507,#481,#509,.T.);
#507 = VERTEX_POINT('',#508);
#508 = CARTESIAN_POINT('',(19.8,10.8,8.9));
#509 = SURFACE_CURVE('',#510,(#515,#522),.PCURVE_S1.);
#510 = CIRCLE('',#511,1.5);
#511 = AXIS2_PLACEMENT_3D('',#512,#513,#514);
#512 = CARTESIAN_POINT('',(18.3,10.8,8.9));
#513 = DIRECTION('',(0.,0.,1.));
#514 = DIRECTION('',(1.,0.,-0.));
#515 = PCURVE('',#98,#516);
#516 = DEFINITIONAL_REPRESENTATION('',(#517),#521);
#517 = CIRCLE('',#518,1.5);
#518 = AXIS2_PLACEMENT_2D('',#519,#520);
#519 = CARTESIAN_POINT('',(40.3,25.3));
#520 = DIRECTION('',(1.,0.));
#521 = ( GEOMETRIC_REPRESENTATION_CONTEXT(2) 
PARAMETRIC_REPRESENTATION_CONTEXT() REPRESENTATION_CONTEXT('2D SPACE',''
  ) );
#522 = PCURVE('',#523,#528);
#523 = CYLINDRICAL_SURFACE('',#524,1.5);
#524 = AXIS2_PLACEMENT_3D('',#525,#526,#527);
#525 = CARTESIAN_POINT('',(18.3,10.8,2.5));
#526 = DIRECTION('',(0.,0.,1.));
#527 = DIRECTION('',(1.,0.,-0.));
#528 = DEFINITIONAL_REPRESENTATION('',(#529),#533);
#529 = LINE('',#530,#531);
#530 = CARTESIAN_POINT('',(0.,6.4));
#531 = VECTOR('',#532,1.);
#532 = DIRECTION('',(1.,0.));
#533 = ( GEOMETRIC_REPRESENTATION_CONTEXT(2) 
PARAMETRIC_REPRESENTATION_CONTEXT() REPRESENTATION_CONTEXT('2D SPACE',''
  ) );
#534 = ORIENTED_EDGE('',*,*,#535,.F.);
#535 = EDGE_CURVE('',#536,#507,#538,.T.);
#536 = VERTEX_POINT('',#537);
#537 = CARTESIAN_POINT('',(19.8,-10.8,8.9));
#538 = SURFACE_CURVE('',#539,(#543,#549),.PCURVE_S1.);
#539 = LINE('',#540,#541);
#540 = CARTESIAN_POINT('',(19.8,-13.4,8.9));
#541 = VECTOR('',#542,1.);
#542 = DIRECTION('',(0.,1.,0.));
#543 = PCURVE('',#98,#544);
#544 = DEFINITIONAL_REPRESENTATION('',(#545),#548);
#545 = B_SPLINE_CURVE_WITH_KNOTS('',1,(#546,#547),.UNSPECIFIED.,.F.,.F.,
  (2,2),(2.6,24.2),.PIECEWISE_BEZIER_KNOTS.);
#546 = CARTESIAN_POINT('',(41.8,3.7));
#547 = CARTESIAN_POINT('',(41.8,25.3));
#548 = ( GEOMETRIC_REPRESENTATION_CONTEXT(2) 
PARAMETRIC_REPRESENTATION_CONTEXT() REPRESENTATION_CONTEXT('2D SPACE',''
  ) );
#549 = PCURVE('',#550,#555);
#550 = PLANE('',#551);
#551 = AXIS2_PLACEMENT_3D('',#552,#553,#554);
#552 = CARTESIAN_POINT('',(19.8,-12.3,2.5));
#553 = DIRECTION('',(1.,0.,0.));
#554 = DIRECTION('',(0.,0.,1.));
#555 = DEFINITIONAL_REPRESENTATION('',(#556),#559);
#556 = B_SPLINE_CURVE_WITH_KNOTS('',1,(#557,#558),.UNSPECIFIED.,.F.,.F.,
  (2,2),(2.6,24.2),.PIECEWISE_BEZIER_KNOTS.);
#557 = CARTESIAN_POINT('',(6.4,-1.5));
#558 = CARTESIAN_POINT('',(6.4,-23.1));
#559 = ( GEOMETRIC_REPRESENTATION_CONTEXT(2) 
PARAMETRIC_REPRESENTATION_CONTEXT() REPRESENTATION_CONTEXT('2D SPACE',''
  ) );
#560 = ORIENTED_EDGE('',*,*,#561,.F.);
#561 = EDGE_CURVE('',#562,#536,#564,.T.);
#562 = VERTEX_POINT('',#563);
#563 = CARTESIAN_POINT('',(18.3,-12.3,8.9));
#564 = SURFACE_CURVE('',#565,(#570,#577),.PCURVE_S1.);
#565 = CIRCLE('',#566,1.5);
#566 = AXIS2_PLACEMENT_3D('',#567,#568,#569);
#567 = CARTESIAN_POINT('',(18.3,-10.8,8.9));
#568 = DIRECTION('',(0.,0.,1.));
#569 = DIRECTION('',(1.,0.,-0.));
#570 = PCURVE('',#98,#571);
#571 = DEFINITIONAL_REPRESENTATION('',(#572),#576);
#572 = CIRCLE('',#573,1.5);
#573 = AXIS2_PLACEMENT_2D('',#574,#575);
#574 = CARTESIAN_POINT('',(40.3,3.7));
#575 = DIRECTION('',(1.,0.));
#576 = ( GEOMETRIC_REPRESENTATION_CONTEXT(2) 
PARAMETRIC_REPRESENTATION_CONTEXT() REPRESENTATION_CONTEXT('2D SPACE',''
  ) );
#577 = PCURVE('',#578,#583);
#578 = CYLINDRICAL_SURFACE('',#579,1.5);
#579 = AXIS2_PLACEMENT_3D('',#580,#581,#582);
#580 = CARTESIAN_POINT('',(18.3,-10.8,2.5));
#581 = DIRECTION('',(0.,0.,1.));
#582 = DIRECTION('',(1.,0.,-0.));
#583 = DEFINITIONAL_REPRESENTATION('',(#584),#588);
#584 = LINE('',#585,#586);
#585 = CARTESIAN_POINT('',(-6.28318530718,6.4));
#586 = VECTOR('',#587,1.);
#587 = DIRECTION('',(1.,-0.));
#588 = ( GEOMETRIC_REPRESENTATION_CONTEXT(2) 
PARAMETRIC_REPRESENTATION_CONTEXT() REPRESENTATION_CONTEXT('2D SPACE',''
  ) );
#589 = ORIENTED_EDGE('',*,*,#590,.T.);
#590 = EDGE_CURVE('',#562,#397,#591,.T.);
#591 = SURFACE_CURVE('',#592,(#596,#602),.PCURVE_S1.);
#592 = LINE('',#593,#594);
#593 = CARTESIAN_POINT('',(-20.9,-12.3,8.9));
#594 = VECTOR('',#595,1.);
#595 = DIRECTION('',(-1.,0.,0.));
#596 = PCURVE('',#98,#597);
#597 = DEFINITIONAL_REPRESENTATION('',(#598),#601);
#598 = B_SPLINE_CURVE_WITH_KNOTS('',1,(#599,#600),.UNSPECIFIED.,.F.,.F.,
  (2,2),(-39.2,-2.6),.PIECEWISE_BEZIER_KNOTS.);
#599 = CARTESIAN_POINT('',(40.3,2.2));
#600 = CARTESIAN_POINT('',(3.7,2.2));
#601 = ( GEOMETRIC_REPRESENTATION_CONTEXT(2) 
PARAMETRIC_REPRESENTATION_CONTEXT() REPRESENTATION_CONTEXT('2D SPACE',''
  ) );
#602 = PCURVE('',#603,#608);
#603 = PLANE('',#604);
#604 = AXIS2_PLACEMENT_3D('',#605,#606,#607);
#605 = CARTESIAN_POINT('',(-19.8,-12.3,2.5));
#606 = DIRECTION('',(0.,1.,0.));
#607 = DIRECTION('',(0.,0.,1.));
#608 = DEFINITIONAL_REPRESENTATION('',(#609),#612);
#609 = B_SPLINE_CURVE_WITH_KNOTS('',1,(#610,#611),.UNSPECIFIED.,.F.,.F.,
  (2,2),(-39.2,-2.6),.PIECEWISE_BEZIER_KNOTS.);
#610 = CARTESIAN_POINT('',(6.4,38.1));
#611 = CARTESIAN_POINT('',(6.4,1.5));
#612 = ( GEOMETRIC_REPRESENTATION_CONTEXT(2) 
PARAMETRIC_REPRESENTATION_CONTEXT() REPRESENTATION_CONTEXT('2D SPACE',''
  ) );
#613 = ADVANCED_FACE('',(#614),#126,.T.);
#614 = FACE_BOUND('',#615,.T.);
#615 = EDGE_LOOP('',(#616,#640,#661,#662));
#616 = ORIENTED_EDGE('',*,*,#617,.T.);
#617 = EDGE_CURVE('',#111,#618,#620,.T.);
#618 = VERTEX_POINT('',#619);
#619 = CARTESIAN_POINT('',(-19.,-14.5,0.));
#620 = SURFACE_CURVE('',#621,(#626,#633),.PCURVE_S1.);
#621 = CIRCLE('',#622,3.);
#622 = AXIS2_PLACEMENT_3D('',#623,#624,#625);
#623 = CARTESIAN_POINT('',(-19.,-11.5,0.));
#624 = DIRECTION('',(0.,0.,1.));
#625 = DIRECTION('',(0.,-1.,0.));
#626 = PCURVE('',#126,#627);
#627 = DEFINITIONAL_REPRESENTATION('',(#628),#632);
#628 = LINE('',#629,#630);
#629 = CARTESIAN_POINT('',(-4.712388980385,0.));
#630 = VECTOR('',#631,1.);
#631 = DIRECTION('',(1.,0.));
#632 = ( GEOMETRIC_REPRESENTATION_CONTEXT(2) 
PARAMETRIC_REPRESENTATION_CONTEXT() REPRESENTATION_CONTEXT('2D SPACE',''
  ) );
#633 = PCURVE('',#154,#634);
#634 = DEFINITIONAL_REPRESENTATION('',(#635),#639);
#635 = CIRCLE('',#636,3.);
#636 = AXIS2_PLACEMENT_2D('',#637,#638);
#637 = CARTESIAN_POINT('',(3.,3.));
#638 = DIRECTION('',(0.,-1.));
#639 = ( GEOMETRIC_REPRESENTATION_CONTEXT(2) 
PARAMETRIC_REPRESENTATION_CONTEXT() REPRESENTATION_CONTEXT('2D SPACE',''
  ) );
#640 = ORIENTED_EDGE('',*,*,#641,.T.);
#641 = EDGE_CURVE('',#618,#197,#642,.T.);
#642 = SURFACE_CURVE('',#643,(#647,#654),.PCURVE_S1.);
#643 = LINE('',#644,#645);
#644 = CARTESIAN_POINT('',(-19.,-14.5,0.));
#645 = VECTOR('',#646,1.);
#646 = DIRECTION('',(0.,0.,1.));
#647 = PCURVE('',#126,#648);
#648 = DEFINITIONAL_REPRESENTATION('',(#649),#653);
#649 = LINE('',#650,#651);
#650 = CARTESIAN_POINT('',(1.570796326795,0.));
#651 = VECTOR('',#652,1.);
#652 = DIRECTION('',(0.,1.));
#653 = ( GEOMETRIC_REPRESENTATION_CONTEXT(2) 
PARAMETRIC_REPRESENTATION_CONTEXT() REPRESENTATION_CONTEXT('2D SPACE',''
  ) );
#654 = PCURVE('',#236,#655);
#655 = DEFINITIONAL_REPRESENTATION('',(#656),#660);
#656 = LINE('',#657,#658);
#657 = CARTESIAN_POINT('',(0.,3.));
#658 = VECTOR('',#659,1.);
#659 = DIRECTION('',(1.,0.));
#660 = ( GEOMETRIC_REPRESENTATION_CONTEXT(2) 
PARAMETRIC_REPRESENTATION_CONTEXT() REPRESENTATION_CONTEXT('2D SPACE',''
  ) );
#661 = ORIENTED_EDGE('',*,*,#196,.F.);
#662 = ORIENTED_EDGE('',*,*,#110,.F.);
#663 = ADVANCED_FACE('',(#664),#180,.T.);
#664 = FACE_BOUND('',#665,.F.);
#665 = EDGE_LOOP('',(#666,#694,#715,#716));
#666 = ORIENTED_EDGE('',*,*,#667,.T.);
#667 = EDGE_CURVE('',#139,#668,#670,.T.);
#668 = VERTEX_POINT('',#669);
#669 = CARTESIAN_POINT('',(-19.,14.5,0.));
#670 = SURFACE_CURVE('',#671,(#676,#683),.PCURVE_S1.);
#671 = CIRCLE('',#672,3.);
#672 = AXIS2_PLACEMENT_3D('',#673,#674,#675);
#673 = CARTESIAN_POINT('',(-19.,11.5,0.));
#674 = DIRECTION('',(-0.,-0.,-1.));
#675 = DIRECTION('',(0.,-1.,0.));
#676 = PCURVE('',#180,#677);
#677 = DEFINITIONAL_REPRESENTATION('',(#678),#682);
#678 = LINE('',#679,#680);
#679 = CARTESIAN_POINT('',(1.570796326795,-0.));
#680 = VECTOR('',#681,1.);
#681 = DIRECTION('',(-1.,0.));
#682 = ( GEOMETRIC_REPRESENTATION_CONTEXT(2) 
PARAMETRIC_REPRESENTATION_CONTEXT() REPRESENTATION_CONTEXT('2D SPACE',''
  ) );
#683 = PCURVE('',#154,#684);
#684 = DEFINITIONAL_REPRESENTATION('',(#685),#693);
#685 = ( BOUNDED_CURVE() B_SPLINE_CURVE(2,(#686,#687,#688,#689,#690,#691
,#692),.UNSPECIFIED.,.T.,.F.) B_SPLINE_CURVE_WITH_KNOTS((1,2,2,2,2,1),(
    -2.094395102393,0.,2.094395102393,4.188790204786,6.28318530718,
8.377580409573),.UNSPECIFIED.) CURVE() GEOMETRIC_REPRESENTATION_ITEM() 
RATIONAL_B_SPLINE_CURVE((1.,0.5,1.,0.5,1.,0.5,1.)) REPRESENTATION_ITEM(
  '') );
#686 = CARTESIAN_POINT('',(3.,23.));
#687 = CARTESIAN_POINT('',(-2.196152422707,23.));
#688 = CARTESIAN_POINT('',(0.401923788647,27.5));
#689 = CARTESIAN_POINT('',(3.,32.));
#690 = CARTESIAN_POINT('',(5.598076211353,27.5));
#691 = CARTESIAN_POINT('',(8.196152422707,23.));
#692 = CARTESIAN_POINT('',(3.,23.));
#693 = ( GEOMETRIC_REPRESENTATION_CONTEXT(2) 
PARAMETRIC_REPRESENTATION_CONTEXT() REPRESENTATION_CONTEXT('2D SPACE',''
  ) );
#694 = ORIENTED_EDGE('',*,*,#695,.T.);
#695 = EDGE_CURVE('',#668,#339,#696,.T.);
#696 = SURFACE_CURVE('',#697,(#701,#708),.PCURVE_S1.);
#697 = LINE('',#698,#699);
#698 = CARTESIAN_POINT('',(-19.,14.5,0.));
#699 = VECTOR('',#700,1.);
#700 = DIRECTION('',(0.,0.,1.));
#701 = PCURVE('',#180,#702);
#702 = DEFINITIONAL_REPRESENTATION('',(#703),#707);
#703 = LINE('',#704,#705);
#704 = CARTESIAN_POINT('',(-1.570796326795,0.));
#705 = VECTOR('',#706,1.);
#706 = DIRECTION('',(-0.,1.));
#707 = ( GEOMETRIC_REPRESENTATION_CONTEXT(2) 
PARAMETRIC_REPRESENTATION_CONTEXT() REPRESENTATION_CONTEXT('2D SPACE',''
  ) );
#708 = PCURVE('',#354,#709);
#709 = DEFINITIONAL_REPRESENTATION('',(#710),#714);
#710 = LINE('',#711,#712);
#711 = CARTESIAN_POINT('',(0.,3.));
#712 = VECTOR('',#713,1.);
#713 = DIRECTION('',(1.,0.));
#714 = ( GEOMETRIC_REPRESENTATION_CONTEXT(2) 
PARAMETRIC_REPRESENTATION_CONTEXT() REPRESENTATION_CONTEXT('2D SPACE',''
  ) );
#715 = ORIENTED_EDGE('',*,*,#366,.F.);
#716 = ORIENTED_EDGE('',*,*,#166,.F.);
#717 = ADVANCED_FACE('',(#718,#842,#873,#904,#1010,#1041),#154,.F.);
#718 = FACE_BOUND('',#719,.F.);
#719 = EDGE_LOOP('',(#720,#721,#722,#745,#773,#796,#820,#841));
#720 = ORIENTED_EDGE('',*,*,#138,.F.);
#721 = ORIENTED_EDGE('',*,*,#617,.T.);
#722 = ORIENTED_EDGE('',*,*,#723,.T.);
#723 = EDGE_CURVE('',#618,#724,#726,.T.);
#724 = VERTEX_POINT('',#725);
#725 = CARTESIAN_POINT('',(19.,-14.5,0.));
#726 = SURFACE_CURVE('',#727,(#731,#738),.PCURVE_S1.);
#727 = LINE('',#728,#729);
#728 = CARTESIAN_POINT('',(-22.,-14.5,0.));
#729 = VECTOR('',#730,1.);
#730 = DIRECTION('',(1.,0.,0.));
#731 = PCURVE('',#154,#732);
#732 = DEFINITIONAL_REPRESENTATION('',(#733),#737);
#733 = LINE('',#734,#735);
#734 = CARTESIAN_POINT('',(0.,0.));
#735 = VECTOR('',#736,1.);
#736 = DIRECTION('',(1.,0.));
#737 = ( GEOMETRIC_REPRESENTATION_CONTEXT(2) 
PARAMETRIC_REPRESENTATION_CONTEXT() REPRESENTATION_CONTEXT('2D SPACE',''
  ) );
#738 = PCURVE('',#236,#739);
#739 = DEFINITIONAL_REPRESENTATION('',(#740),#744);
#740 = LINE('',#741,#742);
#741 = CARTESIAN_POINT('',(0.,0.));
#742 = VECTOR('',#743,1.);
#743 = DIRECTION('',(0.,1.));
#744 = ( GEOMETRIC_REPRESENTATION_CONTEXT(2) 
PARAMETRIC_REPRESENTATION_CONTEXT() REPRESENTATION_CONTEXT('2D SPACE',''
  ) );
#745 = ORIENTED_EDGE('',*,*,#746,.F.);
#746 = EDGE_CURVE('',#747,#724,#749,.T.);
#747 = VERTEX_POINT('',#748);
#748 = CARTESIAN_POINT('',(22.,-11.5,0.));
#749 = SURFACE_CURVE('',#750,(#755,#766),.PCURVE_S1.);
#750 = CIRCLE('',#751,3.);
#751 = AXIS2_PLACEMENT_3D('',#752,#753,#754);
#752 = CARTESIAN_POINT('',(19.,-11.5,0.));
#753 = DIRECTION('',(-0.,-0.,-1.));
#754 = DIRECTION('',(0.,-1.,0.));
#755 = PCURVE('',#154,#756);
#756 = DEFINITIONAL_REPRESENTATION('',(#757),#765);
#757 = ( BOUNDED_CURVE() B_SPLINE_CURVE(2,(#758,#759,#760,#761,#762,#763
,#764),.UNSPECIFIED.,.T.,.F.) B_SPLINE_CURVE_WITH_KNOTS((1,2,2,2,2,1),(
    -2.094395102393,0.,2.094395102393,4.188790204786,6.28318530718,
8.377580409573),.UNSPECIFIED.) CURVE() GEOMETRIC_REPRESENTATION_ITEM() 
RATIONAL_B_SPLINE_CURVE((1.,0.5,1.,0.5,1.,0.5,1.)) REPRESENTATION_ITEM(
  '') );
#758 = CARTESIAN_POINT('',(41.,0.));
#759 = CARTESIAN_POINT('',(35.803847577293,0.));
#760 = CARTESIAN_POINT('',(38.401923788647,4.5));
#761 = CARTESIAN_POINT('',(41.,9.));
#762 = CARTESIAN_POINT('',(43.598076211353,4.5));
#763 = CARTESIAN_POINT('',(46.196152422707,4.440892098501E-15));
#764 = CARTESIAN_POINT('',(41.,0.));
#765 = ( GEOMETRIC_REPRESENTATION_CONTEXT(2) 
PARAMETRIC_REPRESENTATION_CONTEXT() REPRESENTATION_CONTEXT('2D SPACE',''
  ) );
#766 = PCURVE('',#269,#767);
#767 = DEFINITIONAL_REPRESENTATION('',(#768),#772);
#768 = LINE('',#769,#770);
#769 = CARTESIAN_POINT('',(4.712388980385,-0.));
#770 = VECTOR('',#771,1.);
#771 = DIRECTION('',(-1.,0.));
#772 = ( GEOMETRIC_REPRESENTATION_CONTEXT(2) 
PARAMETRIC_REPRESENTATION_CONTEXT() REPRESENTATION_CONTEXT('2D SPACE',''
  ) );
#773 = ORIENTED_EDGE('',*,*,#774,.T.);
#774 = EDGE_CURVE('',#747,#775,#777,.T.);
#775 = VERTEX_POINT('',#776);
#776 = CARTESIAN_POINT('',(22.,11.5,0.));
#777 = SURFACE_CURVE('',#778,(#782,#789),.PCURVE_S1.);
#778 = LINE('',#779,#780);
#779 = CARTESIAN_POINT('',(22.,-14.5,0.));
#780 = VECTOR('',#781,1.);
#781 = DIRECTION('',(0.,1.,0.));
#782 = PCURVE('',#154,#783);
#783 = DEFINITIONAL_REPRESENTATION('',(#784),#788);
#784 = LINE('',#785,#786);
#785 = CARTESIAN_POINT('',(44.,0.));
#786 = VECTOR('',#787,1.);
#787 = DIRECTION('',(0.,1.));
#788 = ( GEOMETRIC_REPRESENTATION_CONTEXT(2) 
PARAMETRIC_REPRESENTATION_CONTEXT() REPRESENTATION_CONTEXT('2D SPACE',''
  ) );
#789 = PCURVE('',#297,#790);
#790 = DEFINITIONAL_REPRESENTATION('',(#791),#795);
#791 = LINE('',#792,#793);
#792 = CARTESIAN_POINT('',(0.,0.));
#793 = VECTOR('',#794,1.);
#794 = DIRECTION('',(0.,-1.));
#795 = ( GEOMETRIC_REPRESENTATION_CONTEXT(2) 
PARAMETRIC_REPRESENTATION_CONTEXT() REPRESENTATION_CONTEXT('2D SPACE',''
  ) );
#796 = ORIENTED_EDGE('',*,*,#797,.T.);
#797 = EDGE_CURVE('',#775,#798,#800,.T.);
#798 = VERTEX_POINT('',#799);
#799 = CARTESIAN_POINT('',(19.,14.5,0.));
#800 = SURFACE_CURVE('',#801,(#806,#813),.PCURVE_S1.);
#801 = CIRCLE('',#802,3.);
#802 = AXIS2_PLACEMENT_3D('',#803,#804,#805);
#803 = CARTESIAN_POINT('',(19.,11.5,0.));
#804 = DIRECTION('',(0.,0.,1.));
#805 = DIRECTION('',(0.,-1.,0.));
#806 = PCURVE('',#154,#807);
#807 = DEFINITIONAL_REPRESENTATION('',(#808),#812);
#808 = CIRCLE('',#809,3.);
#809 = AXIS2_PLACEMENT_2D('',#810,#811);
#810 = CARTESIAN_POINT('',(41.,26.));
#811 = DIRECTION('',(0.,-1.));
#812 = ( GEOMETRIC_REPRESENTATION_CONTEXT(2) 
PARAMETRIC_REPRESENTATION_CONTEXT() REPRESENTATION_CONTEXT('2D SPACE',''
  ) );
#813 = PCURVE('',#326,#814);
#814 = DEFINITIONAL_REPRESENTATION('',(#815),#819);
#815 = LINE('',#816,#817);
#816 = CARTESIAN_POINT('',(-1.570796326795,0.));
#817 = VECTOR('',#818,1.);
#818 = DIRECTION('',(1.,0.));
#819 = ( GEOMETRIC_REPRESENTATION_CONTEXT(2) 
PARAMETRIC_REPRESENTATION_CONTEXT() REPRESENTATION_CONTEXT('2D SPACE',''
  ) );
#820 = ORIENTED_EDGE('',*,*,#821,.F.);
#821 = EDGE_CURVE('',#668,#798,#822,.T.);
#822 = SURFACE_CURVE('',#823,(#827,#834),.PCURVE_S1.);
#823 = LINE('',#824,#825);
#824 = CARTESIAN_POINT('',(-22.,14.5,0.));
#825 = VECTOR('',#826,1.);
#826 = DIRECTION('',(1.,0.,0.));
#827 = PCURVE('',#154,#828);
#828 = DEFINITIONAL_REPRESENTATION('',(#829),#833);
#829 = LINE('',#830,#831);
#830 = CARTESIAN_POINT('',(0.,29.));
#831 = VECTOR('',#832,1.);
#832 = DIRECTION('',(1.,0.));
#833 = ( GEOMETRIC_REPRESENTATION_CONTEXT(2) 
PARAMETRIC_REPRESENTATION_CONTEXT() REPRESENTATION_CONTEXT('2D SPACE',''
  ) );
#834 = PCURVE('',#354,#835);
#835 = DEFINITIONAL_REPRESENTATION('',(#836),#840);
#836 = LINE('',#837,#838);
#837 = CARTESIAN_POINT('',(0.,0.));
#838 = VECTOR('',#839,1.);
#839 = DIRECTION('',(0.,1.));
#840 = ( GEOMETRIC_REPRESENTATION_CONTEXT(2) 
PARAMETRIC_REPRESENTATION_CONTEXT() REPRESENTATION_CONTEXT('2D SPACE',''
  ) );
#841 = ORIENTED_EDGE('',*,*,#667,.F.);
#842 = FACE_BOUND('',#843,.F.);
#843 = EDGE_LOOP('',(#844));
#844 = ORIENTED_EDGE('',*,*,#845,.F.);
#845 = EDGE_CURVE('',#846,#846,#848,.T.);
#846 = VERTEX_POINT('',#847);
#847 = CARTESIAN_POINT('',(-15.3,-10.,0.));
#848 = SURFACE_CURVE('',#849,(#854,#861),.PCURVE_S1.);
#849 = CIRCLE('',#850,1.7);
#850 = AXIS2_PLACEMENT_3D('',#851,#852,#853);
#851 = CARTESIAN_POINT('',(-17.,-10.,0.));
#852 = DIRECTION('',(0.,0.,1.));
#853 = DIRECTION('',(1.,0.,0.));
#854 = PCURVE('',#154,#855);
#855 = DEFINITIONAL_REPRESENTATION('',(#856),#860);
#856 = CIRCLE('',#857,1.7);
#857 = AXIS2_PLACEMENT_2D('',#858,#859);
#858 = CARTESIAN_POINT('',(5.,4.5));
#859 = DIRECTION('',(1.,0.));
#860 = ( GEOMETRIC_REPRESENTATION_CONTEXT(2) 
PARAMETRIC_REPRESENTATION_CONTEXT() REPRESENTATION_CONTEXT('2D SPACE',''
  ) );
#861 = PCURVE('',#862,#867);
#862 = CYLINDRICAL_SURFACE('',#863,1.7);
#863 = AXIS2_PLACEMENT_3D('',#864,#865,#866);
#864 = CARTESIAN_POINT('',(-17.,-10.,0.));
#865 = DIRECTION('',(-0.,-0.,-1.));
#866 = DIRECTION('',(1.,0.,0.));
#867 = DEFINITIONAL_REPRESENTATION('',(#868),#872);
#868 = LINE('',#869,#870);
#869 = CARTESIAN_POINT('',(-0.,0.));
#870 = VECTOR('',#871,1.);
#871 = DIRECTION('',(-1.,0.));
#872 = ( GEOMETRIC_REPRESENTATION_CONTEXT(2) 
PARAMETRIC_REPRESENTATION_CONTEXT() REPRESENTATION_CONTEXT('2D SPACE',''
  ) );
#873 = FACE_BOUND('',#874,.F.);
#874 = EDGE_LOOP('',(#875));
#875 = ORIENTED_EDGE('',*,*,#876,.F.);
#876 = EDGE_CURVE('',#877,#877,#879,.T.);
#877 = VERTEX_POINT('',#878);
#878 = CARTESIAN_POINT('',(18.7,-10.,0.));
#879 = SURFACE_CURVE('',#880,(#885,#892),.PCURVE_S1.);
#880 = CIRCLE('',#881,1.7);
#881 = AXIS2_PLACEMENT_3D('',#882,#883,#884);
#882 = CARTESIAN_POINT('',(17.,-10.,0.));
#883 = DIRECTION('',(0.,0.,1.));
#884 = DIRECTION('',(1.,0.,0.));
#885 = PCURVE('',#154,#886);
#886 = DEFINITIONAL_REPRESENTATION('',(#887),#891);
#887 = CIRCLE('',#888,1.7);
#888 = AXIS2_PLACEMENT_2D('',#889,#890);
#889 = CARTESIAN_POINT('',(39.,4.5));
#890 = DIRECTION('',(1.,0.));
#891 = ( GEOMETRIC_REPRESENTATION_CONTEXT(2) 
PARAMETRIC_REPRESENTATION_CONTEXT() REPRESENTATION_CONTEXT('2D SPACE',''
  ) );
#892 = PCURVE('',#893,#898);
#893 = CYLINDRICAL_SURFACE('',#894,1.7);
#894 = AXIS2_PLACEMENT_3D('',#895,#896,#897);
#895 = CARTESIAN_POINT('',(17.,-10.,0.));
#896 = DIRECTION('',(-0.,-0.,-1.));
#897 = DIRECTION('',(1.,0.,0.));
#898 = DEFINITIONAL_REPRESENTATION('',(#899),#903);
#899 = LINE('',#900,#901);
#900 = CARTESIAN_POINT('',(-0.,0.));
#901 = VECTOR('',#902,1.);
#902 = DIRECTION('',(-1.,0.));
#903 = ( GEOMETRIC_REPRESENTATION_CONTEXT(2) 
PARAMETRIC_REPRESENTATION_CONTEXT() REPRESENTATION_CONTEXT('2D SPACE',''
  ) );
#904 = FACE_BOUND('',#905,.F.);
#905 = EDGE_LOOP('',(#906,#934,#960,#986));
#906 = ORIENTED_EDGE('',*,*,#907,.T.);
#907 = EDGE_CURVE('',#908,#910,#912,.T.);
#908 = VERTEX_POINT('',#909);
#909 = CARTESIAN_POINT('',(6.,-5.,0.));
#910 = VERTEX_POINT('',#911);
#911 = CARTESIAN_POINT('',(-6.,-5.,0.));
#912 = SURFACE_CURVE('',#913,(#917,#923),.PCURVE_S1.);
#913 = LINE('',#914,#915);
#914 = CARTESIAN_POINT('',(-14.,-5.,0.));
#915 = VECTOR('',#916,1.);
#916 = DIRECTION('',(-1.,0.,0.));
#917 = PCURVE('',#154,#918);
#918 = DEFINITIONAL_REPRESENTATION('',(#919),#922);
#919 = B_SPLINE_CURVE_WITH_KNOTS('',1,(#920,#921),.UNSPECIFIED.,.F.,.F.,
  (2,2),(-20.,-8.),.PIECEWISE_BEZIER_KNOTS.);
#920 = CARTESIAN_POINT('',(28.,9.5));
#921 = CARTESIAN_POINT('',(16.,9.5));
#922 = ( GEOMETRIC_REPRESENTATION_CONTEXT(2) 
PARAMETRIC_REPRESENTATION_CONTEXT() REPRESENTATION_CONTEXT('2D SPACE',''
  ) );
#923 = PCURVE('',#924,#929);
#924 = PLANE('',#925);
#925 = AXIS2_PLACEMENT_3D('',#926,#927,#928);
#926 = CARTESIAN_POINT('',(-6.,-5.,-0.5));
#927 = DIRECTION('',(0.,1.,0.));
#928 = DIRECTION('',(0.,0.,1.));
#929 = DEFINITIONAL_REPRESENTATION('',(#930),#933);
#930 = B_SPLINE_CURVE_WITH_KNOTS('',1,(#931,#932),.UNSPECIFIED.,.F.,.F.,
  (2,2),(-20.,-8.),.PIECEWISE_BEZIER_KNOTS.);
#931 = CARTESIAN_POINT('',(0.5,12.));
#932 = CARTESIAN_POINT('',(0.5,0.));
#933 = ( GEOMETRIC_REPRESENTATION_CONTEXT(2) 
PARAMETRIC_REPRESENTATION_CONTEXT() REPRESENTATION_CONTEXT('2D SPACE',''
  ) );
#934 = ORIENTED_EDGE('',*,*,#935,.T.);
#935 = EDGE_CURVE('',#910,#936,#938,.T.);
#936 = VERTEX_POINT('',#937);
#937 = CARTESIAN_POINT('',(-6.,5.,0.));
#938 = SURFACE_CURVE('',#939,(#943,#949),.PCURVE_S1.);
#939 = LINE('',#940,#941);
#940 = CARTESIAN_POINT('',(-6.,-9.75,0.));
#941 = VECTOR('',#942,1.);
#942 = DIRECTION('',(0.,1.,0.));
#943 = PCURVE('',#154,#944);
#944 = DEFINITIONAL_REPRESENTATION('',(#945),#948);
#945 = B_SPLINE_CURVE_WITH_KNOTS('',1,(#946,#947),.UNSPECIFIED.,.F.,.F.,
  (2,2),(4.75,14.75),.PIECEWISE_BEZIER_KNOTS.);
#946 = CARTESIAN_POINT('',(16.,9.5));
#947 = CARTESIAN_POINT('',(16.,19.5));
#948 = ( GEOMETRIC_REPRESENTATION_CONTEXT(2) 
PARAMETRIC_REPRESENTATION_CONTEXT() REPRESENTATION_CONTEXT('2D SPACE',''
  ) );
#949 = PCURVE('',#950,#955);
#950 = PLANE('',#951);
#951 = AXIS2_PLACEMENT_3D('',#952,#953,#954);
#952 = CARTESIAN_POINT('',(-6.,-5.,-0.5));
#953 = DIRECTION('',(1.,0.,0.));
#954 = DIRECTION('',(0.,0.,1.));
#955 = DEFINITIONAL_REPRESENTATION('',(#956),#959);
#956 = B_SPLINE_CURVE_WITH_KNOTS('',1,(#957,#958),.UNSPECIFIED.,.F.,.F.,
  (2,2),(4.75,14.75),.PIECEWISE_BEZIER_KNOTS.);
#957 = CARTESIAN_POINT('',(0.5,0.));
#958 = CARTESIAN_POINT('',(0.5,-10.));
#959 = ( GEOMETRIC_REPRESENTATION_CONTEXT(2) 
PARAMETRIC_REPRESENTATION_CONTEXT() REPRESENTATION_CONTEXT('2D SPACE',''
  ) );
#960 = ORIENTED_EDGE('',*,*,#961,.F.);
#961 = EDGE_CURVE('',#962,#936,#964,.T.);
#962 = VERTEX_POINT('',#963);
#963 = CARTESIAN_POINT('',(6.,5.,0.));
#964 = SURFACE_CURVE('',#965,(#969,#975),.PCURVE_S1.);
#965 = LINE('',#966,#967);
#966 = CARTESIAN_POINT('',(-14.,5.,0.));
#967 = VECTOR('',#968,1.);
#968 = DIRECTION('',(-1.,0.,0.));
#969 = PCURVE('',#154,#970);
#970 = DEFINITIONAL_REPRESENTATION('',(#971),#974);
#971 = B_SPLINE_CURVE_WITH_KNOTS('',1,(#972,#973),.UNSPECIFIED.,.F.,.F.,
  (2,2),(-20.,-8.),.PIECEWISE_BEZIER_KNOTS.);
#972 = CARTESIAN_POINT('',(28.,19.5));
#973 = CARTESIAN_POINT('',(16.,19.5));
#974 = ( GEOMETRIC_REPRESENTATION_CONTEXT(2) 
PARAMETRIC_REPRESENTATION_CONTEXT() REPRESENTATION_CONTEXT('2D SPACE',''
  ) );
#975 = PCURVE('',#976,#981);
#976 = PLANE('',#977);
#977 = AXIS2_PLACEMENT_3D('',#978,#979,#980);
#978 = CARTESIAN_POINT('',(-6.,5.,-0.5));
#979 = DIRECTION('',(0.,1.,0.));
#980 = DIRECTION('',(0.,0.,1.));
#981 = DEFINITIONAL_REPRESENTATION('',(#982),#985);
#982 = B_SPLINE_CURVE_WITH_KNOTS('',1,(#983,#984),.UNSPECIFIED.,.F.,.F.,
  (2,2),(-20.,-8.),.PIECEWISE_BEZIER_KNOTS.);
#983 = CARTESIAN_POINT('',(0.5,12.));
#984 = CARTESIAN_POINT('',(0.5,0.));
#985 = ( GEOMETRIC_REPRESENTATION_CONTEXT(2) 
PARAMETRIC_REPRESENTATION_CONTEXT() REPRESENTATION_CONTEXT('2D SPACE',''
  ) );
#986 = ORIENTED_EDGE('',*,*,#987,.F.);
#987 = EDGE_CURVE('',#908,#962,#988,.T.);
#988 = SURFACE_CURVE('',#989,(#993,#999),.PCURVE_S1.);
#989 = LINE('',#990,#991);
#990 = CARTESIAN_POINT('',(6.,-9.75,0.));
#991 = VECTOR('',#992,1.);
#992 = DIRECTION('',(0.,1.,0.));
#993 = PCURVE('',#154,#994);
#994 = DEFINITIONAL_REPRESENTATION('',(#995),#998);
#995 = B_SPLINE_CURVE_WITH_KNOTS('',1,(#996,#997),.UNSPECIFIED.,.F.,.F.,
  (2,2),(4.75,14.75),.PIECEWISE_BEZIER_KNOTS.);
#996 = CARTESIAN_POINT('',(28.,9.5));
#997 = CARTESIAN_POINT('',(28.,19.5));
#998 = ( GEOMETRIC_REPRESENTATION_CONTEXT(2) 
PARAMETRIC_REPRESENTATION_CONTEXT() REPRESENTATION_CONTEXT('2D SPACE',''
  ) );
#999 = PCURVE('',#1000,#1005);
#1000 = PLANE('',#1001);
#1001 = AXIS2_PLACEMENT_3D('',#1002,#1003,#1004);
#1002 = CARTESIAN_POINT('',(6.,-5.,-0.5));
#1003 = DIRECTION('',(1.,0.,0.));
#1004 = DIRECTION('',(0.,0.,1.));
#1005 = DEFINITIONAL_REPRESENTATION('',(#1006),#1009);
#1006 = B_SPLINE_CURVE_WITH_KNOTS('',1,(#1007,#1008),.UNSPECIFIED.,.F.,
  .F.,(2,2),(4.75,14.75),.PIECEWISE_BEZIER_KNOTS.);
#1007 = CARTESIAN_POINT('',(0.5,0.));
#1008 = CARTESIAN_POINT('',(0.5,-10.));
#1009 = ( GEOMETRIC_REPRESENTATION_CONTEXT(2) 
PARAMETRIC_REPRESENTATION_CONTEXT() REPRESENTATION_CONTEXT('2D SPACE',''
  ) );
#1010 = FACE_BOUND('',#1011,.F.);
#1011 = EDGE_LOOP('',(#1012));
#1012 = ORIENTED_EDGE('',*,*,#1013,.F.);
#1013 = EDGE_CURVE('',#1014,#1014,#1016,.T.);
#1014 = VERTEX_POINT('',#1015);
#1015 = CARTESIAN_POINT('',(-15.3,10.,0.));
#1016 = SURFACE_CURVE('',#1017,(#1022,#1029),.PCURVE_S1.);
#1017 = CIRCLE('',#1018,1.7);
#1018 = AXIS2_PLACEMENT_3D('',#1019,#1020,#1021);
#1019 = CARTESIAN_POINT('',(-17.,10.,0.));
#1020 = DIRECTION('',(0.,0.,1.));
#1021 = DIRECTION('',(1.,0.,0.));
#1022 = PCURVE('',#154,#1023);
#1023 = DEFINITIONAL_REPRESENTATION('',(#1024),#1028);
#1024 = CIRCLE('',#1025,1.7);
#1025 = AXIS2_PLACEMENT_2D('',#1026,#1027);
#1026 = CARTESIAN_POINT('',(5.,24.5));
#1027 = DIRECTION('',(1.,0.));
#1028 = ( GEOMETRIC_REPRESENTATION_CONTEXT(2) 
PARAMETRIC_REPRESENTATION_CONTEXT() REPRESENTATION_CONTEXT('2D SPACE',''
  ) );
#1029 = PCURVE('',#1030,#1035);
#1030 = CYLINDRICAL_SURFACE('',#1031,1.7);
#1031 = AXIS2_PLACEMENT_3D('',#1032,#1033,#1034);
#1032 = CARTESIAN_POINT('',(-17.,10.,0.));
#1033 = DIRECTION('',(-0.,-0.,-1.));
#1034 = DIRECTION('',(1.,0.,0.));
#1035 = DEFINITIONAL_REPRESENTATION('',(#1036),#1040);
#1036 = LINE('',#1037,#1038);
#1037 = CARTESIAN_POINT('',(-0.,0.));
#1038 = VECTOR('',#1039,1.);
#1039 = DIRECTION('',(-1.,0.));
#1040 = ( GEOMETRIC_REPRESENTATION_CONTEXT(2) 
PARAMETRIC_REPRESENTATION_CONTEXT() REPRESENTATION_CONTEXT('2D SPACE',''
  ) );
#1041 = FACE_BOUND('',#1042,.F.);
#1042 = EDGE_LOOP('',(#1043));
#1043 = ORIENTED_EDGE('',*,*,#1044,.F.);
#1044 = EDGE_CURVE('',#1045,#1045,#1047,.T.);
#1045 = VERTEX_POINT('',#1046);
#1046 = CARTESIAN_POINT('',(18.7,10.,0.));
#1047 = SURFACE_CURVE('',#1048,(#1053,#1060),.PCURVE_S1.);
#1048 = CIRCLE('',#1049,1.7);
#1049 = AXIS2_PLACEMENT_3D('',#1050,#1051,#1052);
#1050 = CARTESIAN_POINT('',(17.,10.,0.));
#1051 = DIRECTION('',(0.,0.,1.));
#1052 = DIRECTION('',(1.,0.,0.));
#1053 = PCURVE('',#154,#1054);
#1054 = DEFINITIONAL_REPRESENTATION('',(#1055),#1059);
#1055 = CIRCLE('',#1056,1.7);
#1056 = AXIS2_PLACEMENT_2D('',#1057,#1058);
#1057 = CARTESIAN_POINT('',(39.,24.5));
#1058 = DIRECTION('',(1.,0.));
#1059 = ( GEOMETRIC_REPRESENTATION_CONTEXT(2) 
PARAMETRIC_REPRESENTATION_CONTEXT() REPRESENTATION_CONTEXT('2D SPACE',''
  ) );
#1060 = PCURVE('',#1061,#1066);
#1061 = CYLINDRICAL_SURFACE('',#1062,1.7);
#1062 = AXIS2_PLACEMENT_3D('',#1063,#1064,#1065);
#1063 = CARTESIAN_POINT('',(17.,10.,0.));
#1064 = DIRECTION('',(-0.,-0.,-1.));
#1065 = DIRECTION('',(1.,0.,0.));
#1066 = DEFINITIONAL_REPRESENTATION('',(#1067),#1071);
#1067 = LINE('',#1068,#1069);
#1068 = CARTESIAN_POINT('',(-0.,0.));
#1069 = VECTOR('',#1070,1.);
#1070 = DIRECTION('',(-1.,0.));
#1071 = ( GEOMETRIC_REPRESENTATION_CONTEXT(2) 
PARAMETRIC_REPRESENTATION_CONTEXT() REPRESENTATION_CONTEXT('2D SPACE',''
  ) );
#1072 = ADVANCED_FACE('',(#1073,#1099,#1205,#1311,#1417),#236,.F.);
#1073 = FACE_BOUND('',#1074,.F.);
#1074 = EDGE_LOOP('',(#1075,#1076,#1077,#1078));
#1075 = ORIENTED_EDGE('',*,*,#723,.F.);
#1076 = ORIENTED_EDGE('',*,*,#641,.T.);
#1077 = ORIENTED_EDGE('',*,*,#220,.T.);
#1078 = ORIENTED_EDGE('',*,*,#1079,.F.);
#1079 = EDGE_CURVE('',#724,#221,#1080,.T.);
#1080 = SURFACE_CURVE('',#1081,(#1085,#1092),.PCURVE_S1.);
#1081 = LINE('',#1082,#1083);
#1082 = CARTESIAN_POINT('',(19.,-14.5,0.));
#1083 = VECTOR('',#1084,1.);
#1084 = DIRECTION('',(0.,0.,1.));
#1085 = PCURVE('',#236,#1086);
#1086 = DEFINITIONAL_REPRESENTATION('',(#1087),#1091);
#1087 = LINE('',#1088,#1089);
#1088 = CARTESIAN_POINT('',(0.,41.));
#1089 = VECTOR('',#1090,1.);
#1090 = DIRECTION('',(1.,0.));
#1091 = ( GEOMETRIC_REPRESENTATION_CONTEXT(2) 
PARAMETRIC_REPRESENTATION_CONTEXT() REPRESENTATION_CONTEXT('2D SPACE',''
  ) );
#1092 = PCURVE('',#269,#1093);
#1093 = DEFINITIONAL_REPRESENTATION('',(#1094),#1098);
#1094 = LINE('',#1095,#1096);
#1095 = CARTESIAN_POINT('',(-1.570796326795,0.));
#1096 = VECTOR('',#1097,1.);
#1097 = DIRECTION('',(-0.,1.));
#1098 = ( GEOMETRIC_REPRESENTATION_CONTEXT(2) 
PARAMETRIC_REPRESENTATION_CONTEXT() REPRESENTATION_CONTEXT('2D SPACE',''
  ) );
#1099 = FACE_BOUND('',#1100,.F.);
#1100 = EDGE_LOOP('',(#1101,#1129,#1155,#1181));
#1101 = ORIENTED_EDGE('',*,*,#1102,.F.);
#1102 = EDGE_CURVE('',#1103,#1105,#1107,.T.);
#1103 = VERTEX_POINT('',#1104);
#1104 = CARTESIAN_POINT('',(-11.76304639864,-14.5,5.707872325063));
#1105 = VERTEX_POINT('',#1106);
#1106 = CARTESIAN_POINT('',(-11.0022011856,-14.5,5.955085920563));
#1107 = SURFACE_CURVE('',#1108,(#1112,#1118),.PCURVE_S1.);
#1108 = LINE('',#1109,#1110);
#1109 = CARTESIAN_POINT('',(-17.23150295117,-14.5,3.931063083152));
#1110 = VECTOR('',#1111,1.);
#1111 = DIRECTION('',(0.951056516295,-0.,0.309016994375));
#1112 = PCURVE('',#236,#1113);
#1113 = DEFINITIONAL_REPRESENTATION('',(#1114),#1117);
#1114 = B_SPLINE_CURVE_WITH_KNOTS('',1,(#1115,#1116),.UNSPECIFIED.,.F.,
  .F.,(2,2),(5.749875489874,6.549875489874),.PIECEWISE_BEZIER_KNOTS.);
#1115 = CARTESIAN_POINT('',(5.707872325063,10.236953601357));
#1116 = CARTESIAN_POINT('',(5.955085920563,10.997798814393));
#1117 = ( GEOMETRIC_REPRESENTATION_CONTEXT(2) 
PARAMETRIC_REPRESENTATION_CONTEXT() REPRESENTATION_CONTEXT('2D SPACE',''
  ) );
#1118 = PCURVE('',#1119,#1124);
#1119 = PLANE('',#1120);
#1120 = AXIS2_PLACEMENT_3D('',#1121,#1122,#1123);
#1121 = CARTESIAN_POINT('',(-11.76304639864,-16.5,5.707872325063));
#1122 = DIRECTION('',(-0.309016994375,0.,0.951056516295));
#1123 = DIRECTION('',(0.951056516295,0.,0.309016994375));
#1124 = DEFINITIONAL_REPRESENTATION('',(#1125),#1128);
#1125 = B_SPLINE_CURVE_WITH_KNOTS('',1,(#1126,#1127),.UNSPECIFIED.,.F.,
  .F.,(2,2),(5.749875489874,6.549875489874),.PIECEWISE_BEZIER_KNOTS.);
#1126 = CARTESIAN_POINT('',(0.,2.));
#1127 = CARTESIAN_POINT('',(0.8,2.));
#1128 = ( GEOMETRIC_REPRESENTATION_CONTEXT(2) 
PARAMETRIC_REPRESENTATION_CONTEXT() REPRESENTATION_CONTEXT('2D SPACE',''
  ) );
#1129 = ORIENTED_EDGE('',*,*,#1130,.T.);
#1130 = EDGE_CURVE('',#1103,#1131,#1133,.T.);
#1131 = VERTEX_POINT('',#1132);
#1132 = CARTESIAN_POINT('',(-10.89779881439,-14.5,3.044914079437));
#1133 = SURFACE_CURVE('',#1134,(#1138,#1144),.PCURVE_S1.);
#1134 = LINE('',#1135,#1136);
#1135 = CARTESIAN_POINT('',(-10.98044285466,-14.5,3.29926628163));
#1136 = VECTOR('',#1137,1.);
#1137 = DIRECTION('',(0.309016994375,0.,-0.951056516295));
#1138 = PCURVE('',#236,#1139);
#1139 = DEFINITIONAL_REPRESENTATION('',(#1140),#1143);
#1140 = B_SPLINE_CURVE_WITH_KNOTS('',1,(#1141,#1142),.UNSPECIFIED.,.F.,
  .F.,(2,2),(-2.532558267743,0.267441732257),.PIECEWISE_BEZIER_KNOTS.);
#1141 = CARTESIAN_POINT('',(5.707872325063,10.236953601357));
#1142 = CARTESIAN_POINT('',(3.044914079437,11.102201185607));
#1143 = ( GEOMETRIC_REPRESENTATION_CONTEXT(2) 
PARAMETRIC_REPRESENTATION_CONTEXT() REPRESENTATION_CONTEXT('2D SPACE',''
  ) );
#1144 = PCURVE('',#1145,#1150);
#1145 = PLANE('',#1146);
#1146 = AXIS2_PLACEMENT_3D('',#1147,#1148,#1149);
#1147 = CARTESIAN_POINT('',(-10.89779881439,-16.5,3.044914079437));
#1148 = DIRECTION('',(0.951056516295,0.,0.309016994375));
#1149 = DIRECTION('',(-0.309016994375,0.,0.951056516295));
#1150 = DEFINITIONAL_REPRESENTATION('',(#1151),#1154);
#1151 = B_SPLINE_CURVE_WITH_KNOTS('',1,(#1152,#1153),.UNSPECIFIED.,.F.,
  .F.,(2,2),(-2.532558267743,0.267441732257),.PIECEWISE_BEZIER_KNOTS.);
#1152 = CARTESIAN_POINT('',(2.8,-2.));
#1153 = CARTESIAN_POINT('',(0.,-2.));
#1154 = ( GEOMETRIC_REPRESENTATION_CONTEXT(2) 
PARAMETRIC_REPRESENTATION_CONTEXT() REPRESENTATION_CONTEXT('2D SPACE',''
  ) );
#1155 = ORIENTED_EDGE('',*,*,#1156,.T.);
#1156 = EDGE_CURVE('',#1131,#1157,#1159,.T.);
#1157 = VERTEX_POINT('',#1158);
#1158 = CARTESIAN_POINT('',(-10.13695360135,-14.5,3.292127674937));
#1159 = SURFACE_CURVE('',#1160,(#1164,#1170),.PCURVE_S1.);
#1160 = LINE('',#1161,#1162);
#1161 = CARTESIAN_POINT('',(-16.36625536692,-14.5,1.268104837526));
#1162 = VECTOR('',#1163,1.);
#1163 = DIRECTION('',(0.951056516295,-0.,0.309016994375));
#1164 = PCURVE('',#236,#1165);
#1165 = DEFINITIONAL_REPRESENTATION('',(#1166),#1169);
#1166 = B_SPLINE_CURVE_WITH_KNOTS('',1,(#1167,#1168),.UNSPECIFIED.,.F.,
  .F.,(2,2),(5.749875489874,6.549875489874),.PIECEWISE_BEZIER_KNOTS.);
#1167 = CARTESIAN_POINT('',(3.044914079437,11.102201185607));
#1168 = CARTESIAN_POINT('',(3.292127674937,11.863046398643));
#1169 = ( GEOMETRIC_REPRESENTATION_CONTEXT(2) 
PARAMETRIC_REPRESENTATION_CONTEXT() REPRESENTATION_CONTEXT('2D SPACE',''
  ) );
#1170 = PCURVE('',#1171,#1176);
#1171 = PLANE('',#1172);
#1172 = AXIS2_PLACEMENT_3D('',#1173,#1174,#1175);
#1173 = CARTESIAN_POINT('',(-10.89779881439,-16.5,3.044914079437));
#1174 = DIRECTION('',(-0.309016994375,0.,0.951056516295));
#1175 = DIRECTION('',(0.951056516295,0.,0.309016994375));
#1176 = DEFINITIONAL_REPRESENTATION('',(#1177),#1180);
#1177 = B_SPLINE_CURVE_WITH_KNOTS('',1,(#1178,#1179),.UNSPECIFIED.,.F.,
  .F.,(2,2),(5.749875489874,6.549875489874),.PIECEWISE_BEZIER_KNOTS.);
#1178 = CARTESIAN_POINT('',(0.,2.));
#1179 = CARTESIAN_POINT('',(0.8,2.));
#1180 = ( GEOMETRIC_REPRESENTATION_CONTEXT(2) 
PARAMETRIC_REPRESENTATION_CONTEXT() REPRESENTATION_CONTEXT('2D SPACE',''
  ) );
#1181 = ORIENTED_EDGE('',*,*,#1182,.F.);
#1182 = EDGE_CURVE('',#1105,#1157,#1183,.T.);
#1183 = SURFACE_CURVE('',#1184,(#1188,#1194),.PCURVE_S1.);
#1184 = LINE('',#1185,#1186);
#1185 = CARTESIAN_POINT('',(-10.21959764163,-14.5,3.54647987713));
#1186 = VECTOR('',#1187,1.);
#1187 = DIRECTION('',(0.309016994375,0.,-0.951056516295));
#1188 = PCURVE('',#236,#1189);
#1189 = DEFINITIONAL_REPRESENTATION('',(#1190),#1193);
#1190 = B_SPLINE_CURVE_WITH_KNOTS('',1,(#1191,#1192),.UNSPECIFIED.,.F.,
  .F.,(2,2),(-2.532558267743,0.267441732257),.PIECEWISE_BEZIER_KNOTS.);
#1191 = CARTESIAN_POINT('',(5.955085920563,10.997798814393));
#1192 = CARTESIAN_POINT('',(3.292127674937,11.863046398643));
#1193 = ( GEOMETRIC_REPRESENTATION_CONTEXT(2) 
PARAMETRIC_REPRESENTATION_CONTEXT() REPRESENTATION_CONTEXT('2D SPACE',''
  ) );
#1194 = PCURVE('',#1195,#1200);
#1195 = PLANE('',#1196);
#1196 = AXIS2_PLACEMENT_3D('',#1197,#1198,#1199);
#1197 = CARTESIAN_POINT('',(-10.13695360135,-16.5,3.292127674937));
#1198 = DIRECTION('',(0.951056516295,0.,0.309016994375));
#1199 = DIRECTION('',(-0.309016994375,0.,0.951056516295));
#1200 = DEFINITIONAL_REPRESENTATION('',(#1201),#1204);
#1201 = B_SPLINE_CURVE_WITH_KNOTS('',1,(#1202,#1203),.UNSPECIFIED.,.F.,
  .F.,(2,2),(-2.532558267743,0.267441732257),.PIECEWISE_BEZIER_KNOTS.);
#1202 = CARTESIAN_POINT('',(2.8,-2.));
#1203 = CARTESIAN_POINT('',(0.,-2.));
#1204 = ( GEOMETRIC_REPRESENTATION_CONTEXT(2) 
PARAMETRIC_REPRESENTATION_CONTEXT() REPRESENTATION_CONTEXT('2D SPACE',''
  ) );
#1205 = FACE_BOUND('',#1206,.F.);
#1206 = EDGE_LOOP('',(#1207,#1235,#1261,#1287));
#1207 = ORIENTED_EDGE('',*,*,#1208,.F.);
#1208 = EDGE_CURVE('',#1209,#1211,#1213,.T.);
#1209 = VERTEX_POINT('',#1210);
#1210 = CARTESIAN_POINT('',(-9.863046398643,-14.5,5.707872325063));
#1211 = VERTEX_POINT('',#1212);
#1212 = CARTESIAN_POINT('',(-9.102201185607,-14.5,5.955085920563));
#1213 = SURFACE_CURVE('',#1214,(#1218,#1224),.PCURVE_S1.);
#1214 = LINE('',#1215,#1216);
#1215 = CARTESIAN_POINT('',(-16.1907860235,-14.5,3.651865088313));
#1216 = VECTOR('',#1217,1.);
#1217 = DIRECTION('',(0.951056516295,-0.,0.309016994375));
#1218 = PCURVE('',#236,#1219);
#1219 = DEFINITIONAL_REPRESENTATION('',(#1220),#1223);
#1220 = B_SPLINE_CURVE_WITH_KNOTS('',1,(#1221,#1222),.UNSPECIFIED.,.F.,
  .F.,(2,2),(6.653379180355,7.453379180355),.PIECEWISE_BEZIER_KNOTS.);
#1221 = CARTESIAN_POINT('',(5.707872325063,12.136953601357));
#1222 = CARTESIAN_POINT('',(5.955085920563,12.897798814393));
#1223 = ( GEOMETRIC_REPRESENTATION_CONTEXT(2) 
PARAMETRIC_REPRESENTATION_CONTEXT() REPRESENTATION_CONTEXT('2D SPACE',''
  ) );
#1224 = PCURVE('',#1225,#1230);
#1225 = PLANE('',#1226);
#1226 = AXIS2_PLACEMENT_3D('',#1227,#1228,#1229);
#1227 = CARTESIAN_POINT('',(-9.863046398643,-16.5,5.707872325063));
#1228 = DIRECTION('',(-0.309016994375,0.,0.951056516295));
#1229 = DIRECTION('',(0.951056516295,0.,0.309016994375));
#1230 = DEFINITIONAL_REPRESENTATION('',(#1231),#1234);
#1231 = B_SPLINE_CURVE_WITH_KNOTS('',1,(#1232,#1233),.UNSPECIFIED.,.F.,
  .F.,(2,2),(6.653379180355,7.453379180355),.PIECEWISE_BEZIER_KNOTS.);
#1232 = CARTESIAN_POINT('',(0.,2.));
#1233 = CARTESIAN_POINT('',(0.8,2.));
#1234 = ( GEOMETRIC_REPRESENTATION_CONTEXT(2) 
PARAMETRIC_REPRESENTATION_CONTEXT() REPRESENTATION_CONTEXT('2D SPACE',''
  ) );
#1235 = ORIENTED_EDGE('',*,*,#1236,.T.);
#1236 = EDGE_CURVE('',#1209,#1237,#1239,.T.);
#1237 = VERTEX_POINT('',#1238);
#1238 = CARTESIAN_POINT('',(-8.997798814393,-14.5,3.044914079437));
#1239 = SURFACE_CURVE('',#1240,(#1244,#1250),.PCURVE_S1.);
#1240 = LINE('',#1241,#1242);
#1241 = CARTESIAN_POINT('',(-9.171159782338,-14.5,3.578464276468));
#1242 = VECTOR('',#1243,1.);
#1243 = DIRECTION('',(0.309016994375,0.,-0.951056516295));
#1244 = PCURVE('',#236,#1245);
#1245 = DEFINITIONAL_REPRESENTATION('',(#1246),#1249);
#1246 = B_SPLINE_CURVE_WITH_KNOTS('',1,(#1247,#1248),.UNSPECIFIED.,.F.,
  .F.,(2,2),(-2.238992123086,0.561007876914),.PIECEWISE_BEZIER_KNOTS.);
#1247 = CARTESIAN_POINT('',(5.707872325063,12.136953601357));
#1248 = CARTESIAN_POINT('',(3.044914079437,13.002201185607));
#1249 = ( GEOMETRIC_REPRESENTATION_CONTEXT(2) 
PARAMETRIC_REPRESENTATION_CONTEXT() REPRESENTATION_CONTEXT('2D SPACE',''
  ) );
#1250 = PCURVE('',#1251,#1256);
#1251 = PLANE('',#1252);
#1252 = AXIS2_PLACEMENT_3D('',#1253,#1254,#1255);
#1253 = CARTESIAN_POINT('',(-8.997798814393,-16.5,3.044914079437));
#1254 = DIRECTION('',(0.951056516295,0.,0.309016994375));
#1255 = DIRECTION('',(-0.309016994375,0.,0.951056516295));
#1256 = DEFINITIONAL_REPRESENTATION('',(#1257),#1260);
#1257 = B_SPLINE_CURVE_WITH_KNOTS('',1,(#1258,#1259),.UNSPECIFIED.,.F.,
  .F.,(2,2),(-2.238992123086,0.561007876914),.PIECEWISE_BEZIER_KNOTS.);
#1258 = CARTESIAN_POINT('',(2.8,-2.));
#1259 = CARTESIAN_POINT('',(0.,-2.));
#1260 = ( GEOMETRIC_REPRESENTATION_CONTEXT(2) 
PARAMETRIC_REPRESENTATION_CONTEXT() REPRESENTATION_CONTEXT('2D SPACE',''
  ) );
#1261 = ORIENTED_EDGE('',*,*,#1262,.T.);
#1262 = EDGE_CURVE('',#1237,#1263,#1265,.T.);
#1263 = VERTEX_POINT('',#1264);
#1264 = CARTESIAN_POINT('',(-8.236953601357,-14.5,3.292127674937));
#1265 = SURFACE_CURVE('',#1266,(#1270,#1276),.PCURVE_S1.);
#1266 = LINE('',#1267,#1268);
#1267 = CARTESIAN_POINT('',(-15.32553843925,-14.5,0.988906842687));
#1268 = VECTOR('',#1269,1.);
#1269 = DIRECTION('',(0.951056516295,-0.,0.309016994375));
#1270 = PCURVE('',#236,#1271);
#1271 = DEFINITIONAL_REPRESENTATION('',(#1272),#1275);
#1272 = B_SPLINE_CURVE_WITH_KNOTS('',1,(#1273,#1274),.UNSPECIFIED.,.F.,
  .F.,(2,2),(6.653379180355,7.453379180355),.PIECEWISE_BEZIER_KNOTS.);
#1273 = CARTESIAN_POINT('',(3.044914079437,13.002201185607));
#1274 = CARTESIAN_POINT('',(3.292127674937,13.763046398643));
#1275 = ( GEOMETRIC_REPRESENTATION_CONTEXT(2) 
PARAMETRIC_REPRESENTATION_CONTEXT() REPRESENTATION_CONTEXT('2D SPACE',''
  ) );
#1276 = PCURVE('',#1277,#1282);
#1277 = PLANE('',#1278);
#1278 = AXIS2_PLACEMENT_3D('',#1279,#1280,#1281);
#1279 = CARTESIAN_POINT('',(-8.997798814393,-16.5,3.044914079437));
#1280 = DIRECTION('',(-0.309016994375,0.,0.951056516295));
#1281 = DIRECTION('',(0.951056516295,0.,0.309016994375));
#1282 = DEFINITIONAL_REPRESENTATION('',(#1283),#1286);
#1283 = B_SPLINE_CURVE_WITH_KNOTS('',1,(#1284,#1285),.UNSPECIFIED.,.F.,
  .F.,(2,2),(6.653379180355,7.453379180355),.PIECEWISE_BEZIER_KNOTS.);
#1284 = CARTESIAN_POINT('',(0.,2.));
#1285 = CARTESIAN_POINT('',(0.8,2.));
#1286 = ( GEOMETRIC_REPRESENTATION_CONTEXT(2) 
PARAMETRIC_REPRESENTATION_CONTEXT() REPRESENTATION_CONTEXT('2D SPACE',''
  ) );
#1287 = ORIENTED_EDGE('',*,*,#1288,.F.);
#1288 = EDGE_CURVE('',#1211,#1263,#1289,.T.);
#1289 = SURFACE_CURVE('',#1290,(#1294,#1300),.PCURVE_S1.);
#1290 = LINE('',#1291,#1292);
#1291 = CARTESIAN_POINT('',(-8.410314569302,-14.5,3.825677871968));
#1292 = VECTOR('',#1293,1.);
#1293 = DIRECTION('',(0.309016994375,0.,-0.951056516295));
#1294 = PCURVE('',#236,#1295);
#1295 = DEFINITIONAL_REPRESENTATION('',(#1296),#1299);
#1296 = B_SPLINE_CURVE_WITH_KNOTS('',1,(#1297,#1298),.UNSPECIFIED.,.F.,
  .F.,(2,2),(-2.238992123086,0.561007876914),.PIECEWISE_BEZIER_KNOTS.);
#1297 = CARTESIAN_POINT('',(5.955085920563,12.897798814393));
#1298 = CARTESIAN_POINT('',(3.292127674937,13.763046398643));
#1299 = ( GEOMETRIC_REPRESENTATION_CONTEXT(2) 
PARAMETRIC_REPRESENTATION_CONTEXT() REPRESENTATION_CONTEXT('2D SPACE',''
  ) );
#1300 = PCURVE('',#1301,#1306);
#1301 = PLANE('',#1302);
#1302 = AXIS2_PLACEMENT_3D('',#1303,#1304,#1305);
#1303 = CARTESIAN_POINT('',(-8.236953601357,-16.5,3.292127674937));
#1304 = DIRECTION('',(0.951056516295,0.,0.309016994375));
#1305 = DIRECTION('',(-0.309016994375,0.,0.951056516295));
#1306 = DEFINITIONAL_REPRESENTATION('',(#1307),#1310);
#1307 = B_SPLINE_CURVE_WITH_KNOTS('',1,(#1308,#1309),.UNSPECIFIED.,.F.,
  .F.,(2,2),(-2.238992123086,0.561007876914),.PIECEWISE_BEZIER_KNOTS.);
#1308 = CARTESIAN_POINT('',(2.8,-2.));
#1309 = CARTESIAN_POINT('',(0.,-2.));
#1310 = ( GEOMETRIC_REPRESENTATION_CONTEXT(2) 
PARAMETRIC_REPRESENTATION_CONTEXT() REPRESENTATION_CONTEXT('2D SPACE',''
  ) );
#1311 = FACE_BOUND('',#1312,.F.);
#1312 = EDGE_LOOP('',(#1313,#1341,#1367,#1393));
#1313 = ORIENTED_EDGE('',*,*,#1314,.F.);
#1314 = EDGE_CURVE('',#1315,#1317,#1319,.T.);
#1315 = VERTEX_POINT('',#1316);
#1316 = CARTESIAN_POINT('',(8.236953601357,-14.5,5.707872325063));
#1317 = VERTEX_POINT('',#1318);
#1318 = CARTESIAN_POINT('',(8.997798814393,-14.5,5.955085920563));
#1319 = SURFACE_CURVE('',#1320,(#1324,#1330),.PCURVE_S1.);
#1320 = LINE('',#1321,#1322);
#1321 = CARTESIAN_POINT('',(-6.276587923049,-14.5,0.99213682169));
#1322 = VECTOR('',#1323,1.);
#1323 = DIRECTION('',(0.951056516295,-0.,0.309016994375));
#1324 = PCURVE('',#236,#1325);
#1325 = DEFINITIONAL_REPRESENTATION('',(#1326),#1329);
#1326 = B_SPLINE_CURVE_WITH_KNOTS('',1,(#1327,#1328),.UNSPECIFIED.,.F.,
  .F.,(2,2),(15.260440652826,16.060440652826),.PIECEWISE_BEZIER_KNOTS.);
#1327 = CARTESIAN_POINT('',(5.707872325063,30.236953601357));
#1328 = CARTESIAN_POINT('',(5.955085920563,30.997798814393));
#1329 = ( GEOMETRIC_REPRESENTATION_CONTEXT(2) 
PARAMETRIC_REPRESENTATION_CONTEXT() REPRESENTATION_CONTEXT('2D SPACE',''
  ) );
#1330 = PCURVE('',#1331,#1336);
#1331 = PLANE('',#1332);
#1332 = AXIS2_PLACEMENT_3D('',#1333,#1334,#1335);
#1333 = CARTESIAN_POINT('',(8.236953601357,-16.5,5.707872325063));
#1334 = DIRECTION('',(-0.309016994375,0.,0.951056516295));
#1335 = DIRECTION('',(0.951056516295,0.,0.309016994375));
#1336 = DEFINITIONAL_REPRESENTATION('',(#1337),#1340);
#1337 = B_SPLINE_CURVE_WITH_KNOTS('',1,(#1338,#1339),.UNSPECIFIED.,.F.,
  .F.,(2,2),(15.260440652826,16.060440652826),.PIECEWISE_BEZIER_KNOTS.);
#1338 = CARTESIAN_POINT('',(0.,2.));
#1339 = CARTESIAN_POINT('',(0.8,2.));
#1340 = ( GEOMETRIC_REPRESENTATION_CONTEXT(2) 
PARAMETRIC_REPRESENTATION_CONTEXT() REPRESENTATION_CONTEXT('2D SPACE',''
  ) );
#1341 = ORIENTED_EDGE('',*,*,#1342,.T.);
#1342 = EDGE_CURVE('',#1315,#1343,#1345,.T.);
#1343 = VERTEX_POINT('',#1344);
#1344 = CARTESIAN_POINT('',(9.102201185607,-14.5,3.044914079437));
#1345 = SURFACE_CURVE('',#1346,(#1350,#1356),.PCURVE_S1.);
#1346 = LINE('',#1347,#1348);
#1347 = CARTESIAN_POINT('',(8.064642117209,-14.5,6.238192543092));
#1348 = VECTOR('',#1349,1.);
#1349 = DIRECTION('',(0.309016994375,0.,-0.951056516295));
#1350 = PCURVE('',#236,#1351);
#1351 = DEFINITIONAL_REPRESENTATION('',(#1352),#1355);
#1352 = B_SPLINE_CURVE_WITH_KNOTS('',1,(#1353,#1354),.UNSPECIFIED.,.F.,
  .F.,(2,2),(0.557611676007,3.357611676007),.PIECEWISE_BEZIER_KNOTS.);
#1353 = CARTESIAN_POINT('',(5.707872325063,30.236953601357));
#1354 = CARTESIAN_POINT('',(3.044914079437,31.102201185607));
#1355 = ( GEOMETRIC_REPRESENTATION_CONTEXT(2) 
PARAMETRIC_REPRESENTATION_CONTEXT() REPRESENTATION_CONTEXT('2D SPACE',''
  ) );
#1356 = PCURVE('',#1357,#1362);
#1357 = PLANE('',#1358);
#1358 = AXIS2_PLACEMENT_3D('',#1359,#1360,#1361);
#1359 = CARTESIAN_POINT('',(9.102201185607,-16.5,3.044914079437));
#1360 = DIRECTION('',(0.951056516295,0.,0.309016994375));
#1361 = DIRECTION('',(-0.309016994375,0.,0.951056516295));
#1362 = DEFINITIONAL_REPRESENTATION('',(#1363),#1366);
#1363 = B_SPLINE_CURVE_WITH_KNOTS('',1,(#1364,#1365),.UNSPECIFIED.,.F.,
  .F.,(2,2),(0.557611676007,3.357611676007),.PIECEWISE_BEZIER_KNOTS.);
#1364 = CARTESIAN_POINT('',(2.8,-2.));
#1365 = CARTESIAN_POINT('',(0.,-2.));
#1366 = ( GEOMETRIC_REPRESENTATION_CONTEXT(2) 
PARAMETRIC_REPRESENTATION_CONTEXT() REPRESENTATION_CONTEXT('2D SPACE',''
  ) );
#1367 = ORIENTED_EDGE('',*,*,#1368,.T.);
#1368 = EDGE_CURVE('',#1343,#1369,#1371,.T.);
#1369 = VERTEX_POINT('',#1370);
#1370 = CARTESIAN_POINT('',(9.863046398643,-14.5,3.292127674937));
#1371 = SURFACE_CURVE('',#1372,(#1376,#1382),.PCURVE_S1.);
#1372 = LINE('',#1373,#1374);
#1373 = CARTESIAN_POINT('',(-5.411340338799,-14.5,-1.670821423937));
#1374 = VECTOR('',#1375,1.);
#1375 = DIRECTION('',(0.951056516295,-0.,0.309016994375));
#1376 = PCURVE('',#236,#1377);
#1377 = DEFINITIONAL_REPRESENTATION('',(#1378),#1381);
#1378 = B_SPLINE_CURVE_WITH_KNOTS('',1,(#1379,#1380),.UNSPECIFIED.,.F.,
  .F.,(2,2),(15.260440652826,16.060440652826),.PIECEWISE_BEZIER_KNOTS.);
#1379 = CARTESIAN_POINT('',(3.044914079437,31.102201185607));
#1380 = CARTESIAN_POINT('',(3.292127674937,31.863046398643));
#1381 = ( GEOMETRIC_REPRESENTATION_CONTEXT(2) 
PARAMETRIC_REPRESENTATION_CONTEXT() REPRESENTATION_CONTEXT('2D SPACE',''
  ) );
#1382 = PCURVE('',#1383,#1388);
#1383 = PLANE('',#1384);
#1384 = AXIS2_PLACEMENT_3D('',#1385,#1386,#1387);
#1385 = CARTESIAN_POINT('',(9.102201185607,-16.5,3.044914079437));
#1386 = DIRECTION('',(-0.309016994375,0.,0.951056516295));
#1387 = DIRECTION('',(0.951056516295,0.,0.309016994375));
#1388 = DEFINITIONAL_REPRESENTATION('',(#1389),#1392);
#1389 = B_SPLINE_CURVE_WITH_KNOTS('',1,(#1390,#1391),.UNSPECIFIED.,.F.,
  .F.,(2,2),(15.260440652826,16.060440652826),.PIECEWISE_BEZIER_KNOTS.);
#1390 = CARTESIAN_POINT('',(0.,2.));
#1391 = CARTESIAN_POINT('',(0.8,2.));
#1392 = ( GEOMETRIC_REPRESENTATION_CONTEXT(2) 
PARAMETRIC_REPRESENTATION_CONTEXT() REPRESENTATION_CONTEXT('2D SPACE',''
  ) );
#1393 = ORIENTED_EDGE('',*,*,#1394,.F.);
#1394 = EDGE_CURVE('',#1317,#1369,#1395,.T.);
#1395 = SURFACE_CURVE('',#1396,(#1400,#1406),.PCURVE_S1.);
#1396 = LINE('',#1397,#1398);
#1397 = CARTESIAN_POINT('',(8.825487330245,-14.5,6.485406138592));
#1398 = VECTOR('',#1399,1.);
#1399 = DIRECTION('',(0.309016994375,0.,-0.951056516295));
#1400 = PCURVE('',#236,#1401);
#1401 = DEFINITIONAL_REPRESENTATION('',(#1402),#1405);
#1402 = B_SPLINE_CURVE_WITH_KNOTS('',1,(#1403,#1404),.UNSPECIFIED.,.F.,
  .F.,(2,2),(0.557611676007,3.357611676007),.PIECEWISE_BEZIER_KNOTS.);
#1403 = CARTESIAN_POINT('',(5.955085920563,30.997798814393));
#1404 = CARTESIAN_POINT('',(3.292127674937,31.863046398643));
#1405 = ( GEOMETRIC_REPRESENTATION_CONTEXT(2) 
PARAMETRIC_REPRESENTATION_CONTEXT() REPRESENTATION_CONTEXT('2D SPACE',''
  ) );
#1406 = PCURVE('',#1407,#1412);
#1407 = PLANE('',#1408);
#1408 = AXIS2_PLACEMENT_3D('',#1409,#1410,#1411);
#1409 = CARTESIAN_POINT('',(9.863046398643,-16.5,3.292127674937));
#1410 = DIRECTION('',(0.951056516295,0.,0.309016994375));
#1411 = DIRECTION('',(-0.309016994375,0.,0.951056516295));
#1412 = DEFINITIONAL_REPRESENTATION('',(#1413),#1416);
#1413 = B_SPLINE_CURVE_WITH_KNOTS('',1,(#1414,#1415),.UNSPECIFIED.,.F.,
  .F.,(2,2),(0.557611676007,3.357611676007),.PIECEWISE_BEZIER_KNOTS.);
#1414 = CARTESIAN_POINT('',(2.8,-2.));
#1415 = CARTESIAN_POINT('',(0.,-2.));
#1416 = ( GEOMETRIC_REPRESENTATION_CONTEXT(2) 
PARAMETRIC_REPRESENTATION_CONTEXT() REPRESENTATION_CONTEXT('2D SPACE',''
  ) );
#1417 = FACE_BOUND('',#1418,.F.);
#1418 = EDGE_LOOP('',(#1419,#1447,#1473,#1499));
#1419 = ORIENTED_EDGE('',*,*,#1420,.F.);
#1420 = EDGE_CURVE('',#1421,#1423,#1425,.T.);
#1421 = VERTEX_POINT('',#1422);
#1422 = CARTESIAN_POINT('',(10.136953601357,-14.5,5.707872325063));
#1423 = VERTEX_POINT('',#1424);
#1424 = CARTESIAN_POINT('',(10.897798814393,-14.5,5.955085920563));
#1425 = SURFACE_CURVE('',#1426,(#1430,#1436),.PCURVE_S1.);
#1426 = LINE('',#1427,#1428);
#1427 = CARTESIAN_POINT('',(-5.235870995377,-14.5,0.712938826851));
#1428 = VECTOR('',#1429,1.);
#1429 = DIRECTION('',(0.951056516295,-0.,0.309016994375));
#1430 = PCURVE('',#236,#1431);
#1431 = DEFINITIONAL_REPRESENTATION('',(#1432),#1435);
#1432 = B_SPLINE_CURVE_WITH_KNOTS('',1,(#1433,#1434),.UNSPECIFIED.,.F.,
  .F.,(2,2),(16.163944343306,16.963944343306),.PIECEWISE_BEZIER_KNOTS.);
#1433 = CARTESIAN_POINT('',(5.707872325063,32.136953601357));
#1434 = CARTESIAN_POINT('',(5.955085920563,32.897798814393));
#1435 = ( GEOMETRIC_REPRESENTATION_CONTEXT(2) 
PARAMETRIC_REPRESENTATION_CONTEXT() REPRESENTATION_CONTEXT('2D SPACE',''
  ) );
#1436 = PCURVE('',#1437,#1442);
#1437 = PLANE('',#1438);
#1438 = AXIS2_PLACEMENT_3D('',#1439,#1440,#1441);
#1439 = CARTESIAN_POINT('',(10.136953601357,-16.5,5.707872325063));
#1440 = DIRECTION('',(-0.309016994375,0.,0.951056516295));
#1441 = DIRECTION('',(0.951056516295,0.,0.309016994375));
#1442 = DEFINITIONAL_REPRESENTATION('',(#1443),#1446);
#1443 = B_SPLINE_CURVE_WITH_KNOTS('',1,(#1444,#1445),.UNSPECIFIED.,.F.,
  .F.,(2,2),(16.163944343306,16.963944343306),.PIECEWISE_BEZIER_KNOTS.);
#1444 = CARTESIAN_POINT('',(0.,2.));
#1445 = CARTESIAN_POINT('',(0.8,2.));
#1446 = ( GEOMETRIC_REPRESENTATION_CONTEXT(2) 
PARAMETRIC_REPRESENTATION_CONTEXT() REPRESENTATION_CONTEXT('2D SPACE',''
  ) );
#1447 = ORIENTED_EDGE('',*,*,#1448,.T.);
#1448 = EDGE_CURVE('',#1421,#1449,#1451,.T.);
#1449 = VERTEX_POINT('',#1450);
#1450 = CARTESIAN_POINT('',(11.002201185607,-14.5,3.044914079437));
#1451 = SURFACE_CURVE('',#1452,(#1456,#1462),.PCURVE_S1.);
#1452 = LINE('',#1453,#1454);
#1453 = CARTESIAN_POINT('',(9.873925189537,-14.5,6.517390537931));
#1454 = VECTOR('',#1455,1.);
#1455 = DIRECTION('',(0.309016994375,0.,-0.951056516295));
#1456 = PCURVE('',#236,#1457);
#1457 = DEFINITIONAL_REPRESENTATION('',(#1458),#1461);
#1458 = B_SPLINE_CURVE_WITH_KNOTS('',1,(#1459,#1460),.UNSPECIFIED.,.F.,
  .F.,(2,2),(0.851177820663,3.651177820663),.PIECEWISE_BEZIER_KNOTS.);
#1459 = CARTESIAN_POINT('',(5.707872325063,32.136953601357));
#1460 = CARTESIAN_POINT('',(3.044914079437,33.002201185607));
#1461 = ( GEOMETRIC_REPRESENTATION_CONTEXT(2) 
PARAMETRIC_REPRESENTATION_CONTEXT() REPRESENTATION_CONTEXT('2D SPACE',''
  ) );
#1462 = PCURVE('',#1463,#1468);
#1463 = PLANE('',#1464);
#1464 = AXIS2_PLACEMENT_3D('',#1465,#1466,#1467);
#1465 = CARTESIAN_POINT('',(11.002201185607,-16.5,3.044914079437));
#1466 = DIRECTION('',(0.951056516295,0.,0.309016994375));
#1467 = DIRECTION('',(-0.309016994375,0.,0.951056516295));
#1468 = DEFINITIONAL_REPRESENTATION('',(#1469),#1472);
#1469 = B_SPLINE_CURVE_WITH_KNOTS('',1,(#1470,#1471),.UNSPECIFIED.,.F.,
  .F.,(2,2),(0.851177820663,3.651177820663),.PIECEWISE_BEZIER_KNOTS.);
#1470 = CARTESIAN_POINT('',(2.8,-2.));
#1471 = CARTESIAN_POINT('',(0.,-2.));
#1472 = ( GEOMETRIC_REPRESENTATION_CONTEXT(2) 
PARAMETRIC_REPRESENTATION_CONTEXT() REPRESENTATION_CONTEXT('2D SPACE',''
  ) );
#1473 = ORIENTED_EDGE('',*,*,#1474,.T.);
#1474 = EDGE_CURVE('',#1449,#1475,#1477,.T.);
#1475 = VERTEX_POINT('',#1476);
#1476 = CARTESIAN_POINT('',(11.763046398643,-14.5,3.292127674937));
#1477 = SURFACE_CURVE('',#1478,(#1482,#1488),.PCURVE_S1.);
#1478 = LINE('',#1479,#1480);
#1479 = CARTESIAN_POINT('',(-4.370623411127,-14.5,-1.950019418776));
#1480 = VECTOR('',#1481,1.);
#1481 = DIRECTION('',(0.951056516295,-0.,0.309016994375));
#1482 = PCURVE('',#236,#1483);
#1483 = DEFINITIONAL_REPRESENTATION('',(#1484),#1487);
#1484 = B_SPLINE_CURVE_WITH_KNOTS('',1,(#1485,#1486),.UNSPECIFIED.,.F.,
  .F.,(2,2),(16.163944343306,16.963944343306),.PIECEWISE_BEZIER_KNOTS.);
#1485 = CARTESIAN_POINT('',(3.044914079437,33.002201185607));
#1486 = CARTESIAN_POINT('',(3.292127674937,33.763046398643));
#1487 = ( GEOMETRIC_REPRESENTATION_CONTEXT(2) 
PARAMETRIC_REPRESENTATION_CONTEXT() REPRESENTATION_CONTEXT('2D SPACE',''
  ) );
#1488 = PCURVE('',#1489,#1494);
#1489 = PLANE('',#1490);
#1490 = AXIS2_PLACEMENT_3D('',#1491,#1492,#1493);
#1491 = CARTESIAN_POINT('',(11.002201185607,-16.5,3.044914079437));
#1492 = DIRECTION('',(-0.309016994375,0.,0.951056516295));
#1493 = DIRECTION('',(0.951056516295,0.,0.309016994375));
#1494 = DEFINITIONAL_REPRESENTATION('',(#1495),#1498);
#1495 = B_SPLINE_CURVE_WITH_KNOTS('',1,(#1496,#1497),.UNSPECIFIED.,.F.,
  .F.,(2,2),(16.163944343306,16.963944343306),.PIECEWISE_BEZIER_KNOTS.);
#1496 = CARTESIAN_POINT('',(0.,2.));
#1497 = CARTESIAN_POINT('',(0.8,2.));
#1498 = ( GEOMETRIC_REPRESENTATION_CONTEXT(2) 
PARAMETRIC_REPRESENTATION_CONTEXT() REPRESENTATION_CONTEXT('2D SPACE',''
  ) );
#1499 = ORIENTED_EDGE('',*,*,#1500,.F.);
#1500 = EDGE_CURVE('',#1423,#1475,#1501,.T.);
#1501 = SURFACE_CURVE('',#1502,(#1506,#1512),.PCURVE_S1.);
#1502 = LINE('',#1503,#1504);
#1503 = CARTESIAN_POINT('',(10.634770402573,-14.5,6.764604133431));
#1504 = VECTOR('',#1505,1.);
#1505 = DIRECTION('',(0.309016994375,0.,-0.951056516295));
#1506 = PCURVE('',#236,#1507);
#1507 = DEFINITIONAL_REPRESENTATION('',(#1508),#1511);
#1508 = B_SPLINE_CURVE_WITH_KNOTS('',1,(#1509,#1510),.UNSPECIFIED.,.F.,
  .F.,(2,2),(0.851177820663,3.651177820663),.PIECEWISE_BEZIER_KNOTS.);
#1509 = CARTESIAN_POINT('',(5.955085920563,32.897798814393));
#1510 = CARTESIAN_POINT('',(3.292127674937,33.763046398643));
#1511 = ( GEOMETRIC_REPRESENTATION_CONTEXT(2) 
PARAMETRIC_REPRESENTATION_CONTEXT() REPRESENTATION_CONTEXT('2D SPACE',''
  ) );
#1512 = PCURVE('',#1513,#1518);
#1513 = PLANE('',#1514);
#1514 = AXIS2_PLACEMENT_3D('',#1515,#1516,#1517);
#1515 = CARTESIAN_POINT('',(11.763046398643,-16.5,3.292127674937));
#1516 = DIRECTION('',(0.951056516295,0.,0.309016994375));
#1517 = DIRECTION('',(-0.309016994375,0.,0.951056516295));
#1518 = DEFINITIONAL_REPRESENTATION('',(#1519),#1522);
#1519 = B_SPLINE_CURVE_WITH_KNOTS('',1,(#1520,#1521),.UNSPECIFIED.,.F.,
  .F.,(2,2),(0.851177820663,3.651177820663),.PIECEWISE_BEZIER_KNOTS.);
#1520 = CARTESIAN_POINT('',(2.8,-2.));
#1521 = CARTESIAN_POINT('',(0.,-2.));
#1522 = ( GEOMETRIC_REPRESENTATION_CONTEXT(2) 
PARAMETRIC_REPRESENTATION_CONTEXT() REPRESENTATION_CONTEXT('2D SPACE',''
  ) );
#1523 = ADVANCED_FACE('',(#1524,#1550,#1656,#1762,#1868),#354,.T.);
#1524 = FACE_BOUND('',#1525,.T.);
#1525 = EDGE_LOOP('',(#1526,#1527,#1528,#1529));
#1526 = ORIENTED_EDGE('',*,*,#821,.F.);
#1527 = ORIENTED_EDGE('',*,*,#695,.T.);
#1528 = ORIENTED_EDGE('',*,*,#338,.T.);
#1529 = ORIENTED_EDGE('',*,*,#1530,.F.);
#1530 = EDGE_CURVE('',#798,#310,#1531,.T.);
#1531 = SURFACE_CURVE('',#1532,(#1536,#1543),.PCURVE_S1.);
#1532 = LINE('',#1533,#1534);
#1533 = CARTESIAN_POINT('',(19.,14.5,0.));
#1534 = VECTOR('',#1535,1.);
#1535 = DIRECTION('',(0.,0.,1.));
#1536 = PCURVE('',#354,#1537);
#1537 = DEFINITIONAL_REPRESENTATION('',(#1538),#1542);
#1538 = LINE('',#1539,#1540);
#1539 = CARTESIAN_POINT('',(0.,41.));
#1540 = VECTOR('',#1541,1.);
#1541 = DIRECTION('',(1.,0.));
#1542 = ( GEOMETRIC_REPRESENTATION_CONTEXT(2) 
PARAMETRIC_REPRESENTATION_CONTEXT() REPRESENTATION_CONTEXT('2D SPACE',''
  ) );
#1543 = PCURVE('',#326,#1544);
#1544 = DEFINITIONAL_REPRESENTATION('',(#1545),#1549);
#1545 = LINE('',#1546,#1547);
#1546 = CARTESIAN_POINT('',(1.570796326795,0.));
#1547 = VECTOR('',#1548,1.);
#1548 = DIRECTION('',(0.,1.));
#1549 = ( GEOMETRIC_REPRESENTATION_CONTEXT(2) 
PARAMETRIC_REPRESENTATION_CONTEXT() REPRESENTATION_CONTEXT('2D SPACE',''
  ) );
#1550 = FACE_BOUND('',#1551,.T.);
#1551 = EDGE_LOOP('',(#1552,#1580,#1606,#1632));
#1552 = ORIENTED_EDGE('',*,*,#1553,.F.);
#1553 = EDGE_CURVE('',#1554,#1556,#1558,.T.);
#1554 = VERTEX_POINT('',#1555);
#1555 = CARTESIAN_POINT('',(-11.76304639864,14.5,5.707872325063));
#1556 = VERTEX_POINT('',#1557);
#1557 = CARTESIAN_POINT('',(-11.0022011856,14.5,5.955085920563));
#1558 = SURFACE_CURVE('',#1559,(#1563,#1569),.PCURVE_S1.);
#1559 = LINE('',#1560,#1561);
#1560 = CARTESIAN_POINT('',(-17.23150295117,14.5,3.931063083152));
#1561 = VECTOR('',#1562,1.);
#1562 = DIRECTION('',(0.951056516295,-0.,0.309016994375));
#1563 = PCURVE('',#354,#1564);
#1564 = DEFINITIONAL_REPRESENTATION('',(#1565),#1568);
#1565 = B_SPLINE_CURVE_WITH_KNOTS('',1,(#1566,#1567),.UNSPECIFIED.,.F.,
  .F.,(2,2),(5.749875489874,6.549875489874),.PIECEWISE_BEZIER_KNOTS.);
#1566 = CARTESIAN_POINT('',(5.707872325063,10.236953601357));
#1567 = CARTESIAN_POINT('',(5.955085920563,10.997798814393));
#1568 = ( GEOMETRIC_REPRESENTATION_CONTEXT(2) 
PARAMETRIC_REPRESENTATION_CONTEXT() REPRESENTATION_CONTEXT('2D SPACE',''
  ) );
#1569 = PCURVE('',#1570,#1575);
#1570 = PLANE('',#1571);
#1571 = AXIS2_PLACEMENT_3D('',#1572,#1573,#1574);
#1572 = CARTESIAN_POINT('',(-11.76304639864,11.5,5.707872325063));
#1573 = DIRECTION('',(-0.309016994375,0.,0.951056516295));
#1574 = DIRECTION('',(0.951056516295,0.,0.309016994375));
#1575 = DEFINITIONAL_REPRESENTATION('',(#1576),#1579);
#1576 = B_SPLINE_CURVE_WITH_KNOTS('',1,(#1577,#1578),.UNSPECIFIED.,.F.,
  .F.,(2,2),(5.749875489874,6.549875489874),.PIECEWISE_BEZIER_KNOTS.);
#1577 = CARTESIAN_POINT('',(0.,3.));
#1578 = CARTESIAN_POINT('',(0.8,3.));
#1579 = ( GEOMETRIC_REPRESENTATION_CONTEXT(2) 
PARAMETRIC_REPRESENTATION_CONTEXT() REPRESENTATION_CONTEXT('2D SPACE',''
  ) );
#1580 = ORIENTED_EDGE('',*,*,#1581,.T.);
#1581 = EDGE_CURVE('',#1554,#1582,#1584,.T.);
#1582 = VERTEX_POINT('',#1583);
#1583 = CARTESIAN_POINT('',(-10.89779881439,14.5,3.044914079437));
#1584 = SURFACE_CURVE('',#1585,(#1589,#1595),.PCURVE_S1.);
#1585 = LINE('',#1586,#1587);
#1586 = CARTESIAN_POINT('',(-10.98044285466,14.5,3.29926628163));
#1587 = VECTOR('',#1588,1.);
#1588 = DIRECTION('',(0.309016994375,0.,-0.951056516295));
#1589 = PCURVE('',#354,#1590);
#1590 = DEFINITIONAL_REPRESENTATION('',(#1591),#1594);
#1591 = B_SPLINE_CURVE_WITH_KNOTS('',1,(#1592,#1593),.UNSPECIFIED.,.F.,
  .F.,(2,2),(-2.532558267743,0.267441732257),.PIECEWISE_BEZIER_KNOTS.);
#1592 = CARTESIAN_POINT('',(5.707872325063,10.236953601357));
#1593 = CARTESIAN_POINT('',(3.044914079437,11.102201185607));
#1594 = ( GEOMETRIC_REPRESENTATION_CONTEXT(2) 
PARAMETRIC_REPRESENTATION_CONTEXT() REPRESENTATION_CONTEXT('2D SPACE',''
  ) );
#1595 = PCURVE('',#1596,#1601);
#1596 = PLANE('',#1597);
#1597 = AXIS2_PLACEMENT_3D('',#1598,#1599,#1600);
#1598 = CARTESIAN_POINT('',(-10.89779881439,11.5,3.044914079437));
#1599 = DIRECTION('',(0.951056516295,0.,0.309016994375));
#1600 = DIRECTION('',(-0.309016994375,0.,0.951056516295));
#1601 = DEFINITIONAL_REPRESENTATION('',(#1602),#1605);
#1602 = B_SPLINE_CURVE_WITH_KNOTS('',1,(#1603,#1604),.UNSPECIFIED.,.F.,
  .F.,(2,2),(-2.532558267743,0.267441732257),.PIECEWISE_BEZIER_KNOTS.);
#1603 = CARTESIAN_POINT('',(2.8,-3.));
#1604 = CARTESIAN_POINT('',(0.,-3.));
#1605 = ( GEOMETRIC_REPRESENTATION_CONTEXT(2) 
PARAMETRIC_REPRESENTATION_CONTEXT() REPRESENTATION_CONTEXT('2D SPACE',''
  ) );
#1606 = ORIENTED_EDGE('',*,*,#1607,.T.);
#1607 = EDGE_CURVE('',#1582,#1608,#1610,.T.);
#1608 = VERTEX_POINT('',#1609);
#1609 = CARTESIAN_POINT('',(-10.13695360135,14.5,3.292127674937));
#1610 = SURFACE_CURVE('',#1611,(#1615,#1621),.PCURVE_S1.);
#1611 = LINE('',#1612,#1613);
#1612 = CARTESIAN_POINT('',(-16.36625536692,14.5,1.268104837526));
#1613 = VECTOR('',#1614,1.);
#1614 = DIRECTION('',(0.951056516295,-0.,0.309016994375));
#1615 = PCURVE('',#354,#1616);
#1616 = DEFINITIONAL_REPRESENTATION('',(#1617),#1620);
#1617 = B_SPLINE_CURVE_WITH_KNOTS('',1,(#1618,#1619),.UNSPECIFIED.,.F.,
  .F.,(2,2),(5.749875489874,6.549875489874),.PIECEWISE_BEZIER_KNOTS.);
#1618 = CARTESIAN_POINT('',(3.044914079437,11.102201185607));
#1619 = CARTESIAN_POINT('',(3.292127674937,11.863046398643));
#1620 = ( GEOMETRIC_REPRESENTATION_CONTEXT(2) 
PARAMETRIC_REPRESENTATION_CONTEXT() REPRESENTATION_CONTEXT('2D SPACE',''
  ) );
#1621 = PCURVE('',#1622,#1627);
#1622 = PLANE('',#1623);
#1623 = AXIS2_PLACEMENT_3D('',#1624,#1625,#1626);
#1624 = CARTESIAN_POINT('',(-10.89779881439,11.5,3.044914079437));
#1625 = DIRECTION('',(-0.309016994375,0.,0.951056516295));
#1626 = DIRECTION('',(0.951056516295,0.,0.309016994375));
#1627 = DEFINITIONAL_REPRESENTATION('',(#1628),#1631);
#1628 = B_SPLINE_CURVE_WITH_KNOTS('',1,(#1629,#1630),.UNSPECIFIED.,.F.,
  .F.,(2,2),(5.749875489874,6.549875489874),.PIECEWISE_BEZIER_KNOTS.);
#1629 = CARTESIAN_POINT('',(0.,3.));
#1630 = CARTESIAN_POINT('',(0.8,3.));
#1631 = ( GEOMETRIC_REPRESENTATION_CONTEXT(2) 
PARAMETRIC_REPRESENTATION_CONTEXT() REPRESENTATION_CONTEXT('2D SPACE',''
  ) );
#1632 = ORIENTED_EDGE('',*,*,#1633,.F.);
#1633 = EDGE_CURVE('',#1556,#1608,#1634,.T.);
#1634 = SURFACE_CURVE('',#1635,(#1639,#1645),.PCURVE_S1.);
#1635 = LINE('',#1636,#1637);
#1636 = CARTESIAN_POINT('',(-10.21959764163,14.5,3.54647987713));
#1637 = VECTOR('',#1638,1.);
#1638 = DIRECTION('',(0.309016994375,0.,-0.951056516295));
#1639 = PCURVE('',#354,#1640);
#1640 = DEFINITIONAL_REPRESENTATION('',(#1641),#1644);
#1641 = B_SPLINE_CURVE_WITH_KNOTS('',1,(#1642,#1643),.UNSPECIFIED.,.F.,
  .F.,(2,2),(-2.532558267743,0.267441732257),.PIECEWISE_BEZIER_KNOTS.);
#1642 = CARTESIAN_POINT('',(5.955085920563,10.997798814393));
#1643 = CARTESIAN_POINT('',(3.292127674937,11.863046398643));
#1644 = ( GEOMETRIC_REPRESENTATION_CONTEXT(2) 
PARAMETRIC_REPRESENTATION_CONTEXT() REPRESENTATION_CONTEXT('2D SPACE',''
  ) );
#1645 = PCURVE('',#1646,#1651);
#1646 = PLANE('',#1647);
#1647 = AXIS2_PLACEMENT_3D('',#1648,#1649,#1650);
#1648 = CARTESIAN_POINT('',(-10.13695360135,11.5,3.292127674937));
#1649 = DIRECTION('',(0.951056516295,0.,0.309016994375));
#1650 = DIRECTION('',(-0.309016994375,0.,0.951056516295));
#1651 = DEFINITIONAL_REPRESENTATION('',(#1652),#1655);
#1652 = B_SPLINE_CURVE_WITH_KNOTS('',1,(#1653,#1654),.UNSPECIFIED.,.F.,
  .F.,(2,2),(-2.532558267743,0.267441732257),.PIECEWISE_BEZIER_KNOTS.);
#1653 = CARTESIAN_POINT('',(2.8,-3.));
#1654 = CARTESIAN_POINT('',(0.,-3.));
#1655 = ( GEOMETRIC_REPRESENTATION_CONTEXT(2) 
PARAMETRIC_REPRESENTATION_CONTEXT() REPRESENTATION_CONTEXT('2D SPACE',''
  ) );
#1656 = FACE_BOUND('',#1657,.T.);
#1657 = EDGE_LOOP('',(#1658,#1686,#1712,#1738));
#1658 = ORIENTED_EDGE('',*,*,#1659,.F.);
#1659 = EDGE_CURVE('',#1660,#1662,#1664,.T.);
#1660 = VERTEX_POINT('',#1661);
#1661 = CARTESIAN_POINT('',(-9.863046398643,14.5,5.707872325063));
#1662 = VERTEX_POINT('',#1663);
#1663 = CARTESIAN_POINT('',(-9.102201185607,14.5,5.955085920563));
#1664 = SURFACE_CURVE('',#1665,(#1669,#1675),.PCURVE_S1.);
#1665 = LINE('',#1666,#1667);
#1666 = CARTESIAN_POINT('',(-16.1907860235,14.5,3.651865088313));
#1667 = VECTOR('',#1668,1.);
#1668 = DIRECTION('',(0.951056516295,-0.,0.309016994375));
#1669 = PCURVE('',#354,#1670);
#1670 = DEFINITIONAL_REPRESENTATION('',(#1671),#1674);
#1671 = B_SPLINE_CURVE_WITH_KNOTS('',1,(#1672,#1673),.UNSPECIFIED.,.F.,
  .F.,(2,2),(6.653379180355,7.453379180355),.PIECEWISE_BEZIER_KNOTS.);
#1672 = CARTESIAN_POINT('',(5.707872325063,12.136953601357));
#1673 = CARTESIAN_POINT('',(5.955085920563,12.897798814393));
#1674 = ( GEOMETRIC_REPRESENTATION_CONTEXT(2) 
PARAMETRIC_REPRESENTATION_CONTEXT() REPRESENTATION_CONTEXT('2D SPACE',''
  ) );
#1675 = PCURVE('',#1676,#1681);
#1676 = PLANE('',#1677);
#1677 = AXIS2_PLACEMENT_3D('',#1678,#1679,#1680);
#1678 = CARTESIAN_POINT('',(-9.863046398643,11.5,5.707872325063));
#1679 = DIRECTION('',(-0.309016994375,0.,0.951056516295));
#1680 = DIRECTION('',(0.951056516295,0.,0.309016994375));
#1681 = DEFINITIONAL_REPRESENTATION('',(#1682),#1685);
#1682 = B_SPLINE_CURVE_WITH_KNOTS('',1,(#1683,#1684),.UNSPECIFIED.,.F.,
  .F.,(2,2),(6.653379180355,7.453379180355),.PIECEWISE_BEZIER_KNOTS.);
#1683 = CARTESIAN_POINT('',(0.,3.));
#1684 = CARTESIAN_POINT('',(0.8,3.));
#1685 = ( GEOMETRIC_REPRESENTATION_CONTEXT(2) 
PARAMETRIC_REPRESENTATION_CONTEXT() REPRESENTATION_CONTEXT('2D SPACE',''
  ) );
#1686 = ORIENTED_EDGE('',*,*,#1687,.T.);
#1687 = EDGE_CURVE('',#1660,#1688,#1690,.T.);
#1688 = VERTEX_POINT('',#1689);
#1689 = CARTESIAN_POINT('',(-8.997798814393,14.5,3.044914079437));
#1690 = SURFACE_CURVE('',#1691,(#1695,#1701),.PCURVE_S1.);
#1691 = LINE('',#1692,#1693);
#1692 = CARTESIAN_POINT('',(-9.171159782338,14.5,3.578464276468));
#1693 = VECTOR('',#1694,1.);
#1694 = DIRECTION('',(0.309016994375,0.,-0.951056516295));
#1695 = PCURVE('',#354,#1696);
#1696 = DEFINITIONAL_REPRESENTATION('',(#1697),#1700);
#1697 = B_SPLINE_CURVE_WITH_KNOTS('',1,(#1698,#1699),.UNSPECIFIED.,.F.,
  .F.,(2,2),(-2.238992123086,0.561007876914),.PIECEWISE_BEZIER_KNOTS.);
#1698 = CARTESIAN_POINT('',(5.707872325063,12.136953601357));
#1699 = CARTESIAN_POINT('',(3.044914079437,13.002201185607));
#1700 = ( GEOMETRIC_REPRESENTATION_CONTEXT(2) 
PARAMETRIC_REPRESENTATION_CONTEXT() REPRESENTATION_CONTEXT('2D SPACE',''
  ) );
#1701 = PCURVE('',#1702,#1707);
#1702 = PLANE('',#1703);
#1703 = AXIS2_PLACEMENT_3D('',#1704,#1705,#1706);
#1704 = CARTESIAN_POINT('',(-8.997798814393,11.5,3.044914079437));
#1705 = DIRECTION('',(0.951056516295,0.,0.309016994375));
#1706 = DIRECTION('',(-0.309016994375,0.,0.951056516295));
#1707 = DEFINITIONAL_REPRESENTATION('',(#1708),#1711);
#1708 = B_SPLINE_CURVE_WITH_KNOTS('',1,(#1709,#1710),.UNSPECIFIED.,.F.,
  .F.,(2,2),(-2.238992123086,0.561007876914),.PIECEWISE_BEZIER_KNOTS.);
#1709 = CARTESIAN_POINT('',(2.8,-3.));
#1710 = CARTESIAN_POINT('',(0.,-3.));
#1711 = ( GEOMETRIC_REPRESENTATION_CONTEXT(2) 
PARAMETRIC_REPRESENTATION_CONTEXT() REPRESENTATION_CONTEXT('2D SPACE',''
  ) );
#1712 = ORIENTED_EDGE('',*,*,#1713,.T.);
#1713 = EDGE_CURVE('',#1688,#1714,#1716,.T.);
#1714 = VERTEX_POINT('',#1715);
#1715 = CARTESIAN_POINT('',(-8.236953601357,14.5,3.292127674937));
#1716 = SURFACE_CURVE('',#1717,(#1721,#1727),.PCURVE_S1.);
#1717 = LINE('',#1718,#1719);
#1718 = CARTESIAN_POINT('',(-15.32553843925,14.5,0.988906842687));
#1719 = VECTOR('',#1720,1.);
#1720 = DIRECTION('',(0.951056516295,-0.,0.309016994375));
#1721 = PCURVE('',#354,#1722);
#1722 = DEFINITIONAL_REPRESENTATION('',(#1723),#1726);
#1723 = B_SPLINE_CURVE_WITH_KNOTS('',1,(#1724,#1725),.UNSPECIFIED.,.F.,
  .F.,(2,2),(6.653379180355,7.453379180355),.PIECEWISE_BEZIER_KNOTS.);
#1724 = CARTESIAN_POINT('',(3.044914079437,13.002201185607));
#1725 = CARTESIAN_POINT('',(3.292127674937,13.763046398643));
#1726 = ( GEOMETRIC_REPRESENTATION_CONTEXT(2) 
PARAMETRIC_REPRESENTATION_CONTEXT() REPRESENTATION_CONTEXT('2D SPACE',''
  ) );
#1727 = PCURVE('',#1728,#1733);
#1728 = PLANE('',#1729);
#1729 = AXIS2_PLACEMENT_3D('',#1730,#1731,#1732);
#1730 = CARTESIAN_POINT('',(-8.997798814393,11.5,3.044914079437));
#1731 = DIRECTION('',(-0.309016994375,0.,0.951056516295));
#1732 = DIRECTION('',(0.951056516295,0.,0.309016994375));
#1733 = DEFINITIONAL_REPRESENTATION('',(#1734),#1737);
#1734 = B_SPLINE_CURVE_WITH_KNOTS('',1,(#1735,#1736),.UNSPECIFIED.,.F.,
  .F.,(2,2),(6.653379180355,7.453379180355),.PIECEWISE_BEZIER_KNOTS.);
#1735 = CARTESIAN_POINT('',(0.,3.));
#1736 = CARTESIAN_POINT('',(0.8,3.));
#1737 = ( GEOMETRIC_REPRESENTATION_CONTEXT(2) 
PARAMETRIC_REPRESENTATION_CONTEXT() REPRESENTATION_CONTEXT('2D SPACE',''
  ) );
#1738 = ORIENTED_EDGE('',*,*,#1739,.F.);
#1739 = EDGE_CURVE('',#1662,#1714,#1740,.T.);
#1740 = SURFACE_CURVE('',#1741,(#1745,#1751),.PCURVE_S1.);
#1741 = LINE('',#1742,#1743);
#1742 = CARTESIAN_POINT('',(-8.410314569302,14.5,3.825677871968));
#1743 = VECTOR('',#1744,1.);
#1744 = DIRECTION('',(0.309016994375,0.,-0.951056516295));
#1745 = PCURVE('',#354,#1746);
#1746 = DEFINITIONAL_REPRESENTATION('',(#1747),#1750);
#1747 = B_SPLINE_CURVE_WITH_KNOTS('',1,(#1748,#1749),.UNSPECIFIED.,.F.,
  .F.,(2,2),(-2.238992123086,0.561007876914),.PIECEWISE_BEZIER_KNOTS.);
#1748 = CARTESIAN_POINT('',(5.955085920563,12.897798814393));
#1749 = CARTESIAN_POINT('',(3.292127674937,13.763046398643));
#1750 = ( GEOMETRIC_REPRESENTATION_CONTEXT(2) 
PARAMETRIC_REPRESENTATION_CONTEXT() REPRESENTATION_CONTEXT('2D SPACE',''
  ) );
#1751 = PCURVE('',#1752,#1757);
#1752 = PLANE('',#1753);
#1753 = AXIS2_PLACEMENT_3D('',#1754,#1755,#1756);
#1754 = CARTESIAN_POINT('',(-8.236953601357,11.5,3.292127674937));
#1755 = DIRECTION('',(0.951056516295,0.,0.309016994375));
#1756 = DIRECTION('',(-0.309016994375,0.,0.951056516295));
#1757 = DEFINITIONAL_REPRESENTATION('',(#1758),#1761);
#1758 = B_SPLINE_CURVE_WITH_KNOTS('',1,(#1759,#1760),.UNSPECIFIED.,.F.,
  .F.,(2,2),(-2.238992123086,0.561007876914),.PIECEWISE_BEZIER_KNOTS.);
#1759 = CARTESIAN_POINT('',(2.8,-3.));
#1760 = CARTESIAN_POINT('',(0.,-3.));
#1761 = ( GEOMETRIC_REPRESENTATION_CONTEXT(2) 
PARAMETRIC_REPRESENTATION_CONTEXT() REPRESENTATION_CONTEXT('2D SPACE',''
  ) );
#1762 = FACE_BOUND('',#1763,.T.);
#1763 = EDGE_LOOP('',(#1764,#1792,#1818,#1844));
#1764 = ORIENTED_EDGE('',*,*,#1765,.F.);
#1765 = EDGE_CURVE('',#1766,#1768,#1770,.T.);
#1766 = VERTEX_POINT('',#1767);
#1767 = CARTESIAN_POINT('',(8.236953601357,14.5,5.707872325063));
#1768 = VERTEX_POINT('',#1769);
#1769 = CARTESIAN_POINT('',(8.997798814393,14.5,5.955085920563));
#1770 = SURFACE_CURVE('',#1771,(#1775,#1781),.PCURVE_S1.);
#1771 = LINE('',#1772,#1773);
#1772 = CARTESIAN_POINT('',(-6.276587923049,14.5,0.99213682169));
#1773 = VECTOR('',#1774,1.);
#1774 = DIRECTION('',(0.951056516295,-0.,0.309016994375));
#1775 = PCURVE('',#354,#1776);
#1776 = DEFINITIONAL_REPRESENTATION('',(#1777),#1780);
#1777 = B_SPLINE_CURVE_WITH_KNOTS('',1,(#1778,#1779),.UNSPECIFIED.,.F.,
  .F.,(2,2),(15.260440652826,16.060440652826),.PIECEWISE_BEZIER_KNOTS.);
#1778 = CARTESIAN_POINT('',(5.707872325063,30.236953601357));
#1779 = CARTESIAN_POINT('',(5.955085920563,30.997798814393));
#1780 = ( GEOMETRIC_REPRESENTATION_CONTEXT(2) 
PARAMETRIC_REPRESENTATION_CONTEXT() REPRESENTATION_CONTEXT('2D SPACE',''
  ) );
#1781 = PCURVE('',#1782,#1787);
#1782 = PLANE('',#1783);
#1783 = AXIS2_PLACEMENT_3D('',#1784,#1785,#1786);
#1784 = CARTESIAN_POINT('',(8.236953601357,11.5,5.707872325063));
#1785 = DIRECTION('',(-0.309016994375,0.,0.951056516295));
#1786 = DIRECTION('',(0.951056516295,0.,0.309016994375));
#1787 = DEFINITIONAL_REPRESENTATION('',(#1788),#1791);
#1788 = B_SPLINE_CURVE_WITH_KNOTS('',1,(#1789,#1790),.UNSPECIFIED.,.F.,
  .F.,(2,2),(15.260440652826,16.060440652826),.PIECEWISE_BEZIER_KNOTS.);
#1789 = CARTESIAN_POINT('',(0.,3.));
#1790 = CARTESIAN_POINT('',(0.8,3.));
#1791 = ( GEOMETRIC_REPRESENTATION_CONTEXT(2) 
PARAMETRIC_REPRESENTATION_CONTEXT() REPRESENTATION_CONTEXT('2D SPACE',''
  ) );
#1792 = ORIENTED_EDGE('',*,*,#1793,.T.);
#1793 = EDGE_CURVE('',#1766,#1794,#1796,.T.);
#1794 = VERTEX_POINT('',#1795);
#1795 = CARTESIAN_POINT('',(9.102201185607,14.5,3.044914079437));
#1796 = SURFACE_CURVE('',#1797,(#1801,#1807),.PCURVE_S1.);
#1797 = LINE('',#1798,#1799);
#1798 = CARTESIAN_POINT('',(8.064642117209,14.5,6.238192543092));
#1799 = VECTOR('',#1800,1.);
#1800 = DIRECTION('',(0.309016994375,0.,-0.951056516295));
#1801 = PCURVE('',#354,#1802);
#1802 = DEFINITIONAL_REPRESENTATION('',(#1803),#1806);
#1803 = B_SPLINE_CURVE_WITH_KNOTS('',1,(#1804,#1805),.UNSPECIFIED.,.F.,
  .F.,(2,2),(0.557611676007,3.357611676007),.PIECEWISE_BEZIER_KNOTS.);
#1804 = CARTESIAN_POINT('',(5.707872325063,30.236953601357));
#1805 = CARTESIAN_POINT('',(3.044914079437,31.102201185607));
#1806 = ( GEOMETRIC_REPRESENTATION_CONTEXT(2) 
PARAMETRIC_REPRESENTATION_CONTEXT() REPRESENTATION_CONTEXT('2D SPACE',''
  ) );
#1807 = PCURVE('',#1808,#1813);
#1808 = PLANE('',#1809);
#1809 = AXIS2_PLACEMENT_3D('',#1810,#1811,#1812);
#1810 = CARTESIAN_POINT('',(9.102201185607,11.5,3.044914079437));
#1811 = DIRECTION('',(0.951056516295,0.,0.309016994375));
#1812 = DIRECTION('',(-0.309016994375,0.,0.951056516295));
#1813 = DEFINITIONAL_REPRESENTATION('',(#1814),#1817);
#1814 = B_SPLINE_CURVE_WITH_KNOTS('',1,(#1815,#1816),.UNSPECIFIED.,.F.,
  .F.,(2,2),(0.557611676007,3.357611676007),.PIECEWISE_BEZIER_KNOTS.);
#1815 = CARTESIAN_POINT('',(2.8,-3.));
#1816 = CARTESIAN_POINT('',(0.,-3.));
#1817 = ( GEOMETRIC_REPRESENTATION_CONTEXT(2) 
PARAMETRIC_REPRESENTATION_CONTEXT() REPRESENTATION_CONTEXT('2D SPACE',''
  ) );
#1818 = ORIENTED_EDGE('',*,*,#1819,.T.);
#1819 = EDGE_CURVE('',#1794,#1820,#1822,.T.);
#1820 = VERTEX_POINT('',#1821);
#1821 = CARTESIAN_POINT('',(9.863046398643,14.5,3.292127674937));
#1822 = SURFACE_CURVE('',#1823,(#1827,#1833),.PCURVE_S1.);
#1823 = LINE('',#1824,#1825);
#1824 = CARTESIAN_POINT('',(-5.411340338799,14.5,-1.670821423937));
#1825 = VECTOR('',#1826,1.);
#1826 = DIRECTION('',(0.951056516295,-0.,0.309016994375));
#1827 = PCURVE('',#354,#1828);
#1828 = DEFINITIONAL_REPRESENTATION('',(#1829),#1832);
#1829 = B_SPLINE_CURVE_WITH_KNOTS('',1,(#1830,#1831),.UNSPECIFIED.,.F.,
  .F.,(2,2),(15.260440652826,16.060440652826),.PIECEWISE_BEZIER_KNOTS.);
#1830 = CARTESIAN_POINT('',(3.044914079437,31.102201185607));
#1831 = CARTESIAN_POINT('',(3.292127674937,31.863046398643));
#1832 = ( GEOMETRIC_REPRESENTATION_CONTEXT(2) 
PARAMETRIC_REPRESENTATION_CONTEXT() REPRESENTATION_CONTEXT('2D SPACE',''
  ) );
#1833 = PCURVE('',#1834,#1839);
#1834 = PLANE('',#1835);
#1835 = AXIS2_PLACEMENT_3D('',#1836,#1837,#1838);
#1836 = CARTESIAN_POINT('',(9.102201185607,11.5,3.044914079437));
#1837 = DIRECTION('',(-0.309016994375,0.,0.951056516295));
#1838 = DIRECTION('',(0.951056516295,0.,0.309016994375));
#1839 = DEFINITIONAL_REPRESENTATION('',(#1840),#1843);
#1840 = B_SPLINE_CURVE_WITH_KNOTS('',1,(#1841,#1842),.UNSPECIFIED.,.F.,
  .F.,(2,2),(15.260440652826,16.060440652826),.PIECEWISE_BEZIER_KNOTS.);
#1841 = CARTESIAN_POINT('',(0.,3.));
#1842 = CARTESIAN_POINT('',(0.8,3.));
#1843 = ( GEOMETRIC_REPRESENTATION_CONTEXT(2) 
PARAMETRIC_REPRESENTATION_CONTEXT() REPRESENTATION_CONTEXT('2D SPACE',''
  ) );
#1844 = ORIENTED_EDGE('',*,*,#1845,.F.);
#1845 = EDGE_CURVE('',#1768,#1820,#1846,.T.);
#1846 = SURFACE_CURVE('',#1847,(#1851,#1857),.PCURVE_S1.);
#1847 = LINE('',#1848,#1849);
#1848 = CARTESIAN_POINT('',(8.825487330245,14.5,6.485406138592));
#1849 = VECTOR('',#1850,1.);
#1850 = DIRECTION('',(0.309016994375,0.,-0.951056516295));
#1851 = PCURVE('',#354,#1852);
#1852 = DEFINITIONAL_REPRESENTATION('',(#1853),#1856);
#1853 = B_SPLINE_CURVE_WITH_KNOTS('',1,(#1854,#1855),.UNSPECIFIED.,.F.,
  .F.,(2,2),(0.557611676007,3.357611676007),.PIECEWISE_BEZIER_KNOTS.);
#1854 = CARTESIAN_POINT('',(5.955085920563,30.997798814393));
#1855 = CARTESIAN_POINT('',(3.292127674937,31.863046398643));
#1856 = ( GEOMETRIC_REPRESENTATION_CONTEXT(2) 
PARAMETRIC_REPRESENTATION_CONTEXT() REPRESENTATION_CONTEXT('2D SPACE',''
  ) );
#1857 = PCURVE('',#1858,#1863);
#1858 = PLANE('',#1859);
#1859 = AXIS2_PLACEMENT_3D('',#1860,#1861,#1862);
#1860 = CARTESIAN_POINT('',(9.863046398643,11.5,3.292127674937));
#1861 = DIRECTION('',(0.951056516295,0.,0.309016994375));
#1862 = DIRECTION('',(-0.309016994375,0.,0.951056516295));
#1863 = DEFINITIONAL_REPRESENTATION('',(#1864),#1867);
#1864 = B_SPLINE_CURVE_WITH_KNOTS('',1,(#1865,#1866),.UNSPECIFIED.,.F.,
  .F.,(2,2),(0.557611676007,3.357611676007),.PIECEWISE_BEZIER_KNOTS.);
#1865 = CARTESIAN_POINT('',(2.8,-3.));
#1866 = CARTESIAN_POINT('',(0.,-3.));
#1867 = ( GEOMETRIC_REPRESENTATION_CONTEXT(2) 
PARAMETRIC_REPRESENTATION_CONTEXT() REPRESENTATION_CONTEXT('2D SPACE',''
  ) );
#1868 = FACE_BOUND('',#1869,.T.);
#1869 = EDGE_LOOP('',(#1870,#1898,#1924,#1950));
#1870 = ORIENTED_EDGE('',*,*,#1871,.F.);
#1871 = EDGE_CURVE('',#1872,#1874,#1876,.T.);
#1872 = VERTEX_POINT('',#1873);
#1873 = CARTESIAN_POINT('',(10.136953601357,14.5,5.707872325063));
#1874 = VERTEX_POINT('',#1875);
#1875 = CARTESIAN_POINT('',(10.897798814393,14.5,5.955085920563));
#1876 = SURFACE_CURVE('',#1877,(#1881,#1887),.PCURVE_S1.);
#1877 = LINE('',#1878,#1879);
#1878 = CARTESIAN_POINT('',(-5.235870995377,14.5,0.712938826851));
#1879 = VECTOR('',#1880,1.);
#1880 = DIRECTION('',(0.951056516295,-0.,0.309016994375));
#1881 = PCURVE('',#354,#1882);
#1882 = DEFINITIONAL_REPRESENTATION('',(#1883),#1886);
#1883 = B_SPLINE_CURVE_WITH_KNOTS('',1,(#1884,#1885),.UNSPECIFIED.,.F.,
  .F.,(2,2),(16.163944343306,16.963944343306),.PIECEWISE_BEZIER_KNOTS.);
#1884 = CARTESIAN_POINT('',(5.707872325063,32.136953601357));
#1885 = CARTESIAN_POINT('',(5.955085920563,32.897798814393));
#1886 = ( GEOMETRIC_REPRESENTATION_CONTEXT(2) 
PARAMETRIC_REPRESENTATION_CONTEXT() REPRESENTATION_CONTEXT('2D SPACE',''
  ) );
#1887 = PCURVE('',#1888,#1893);
#1888 = PLANE('',#1889);
#1889 = AXIS2_PLACEMENT_3D('',#1890,#1891,#1892);
#1890 = CARTESIAN_POINT('',(10.136953601357,11.5,5.707872325063));
#1891 = DIRECTION('',(-0.309016994375,0.,0.951056516295));
#1892 = DIRECTION('',(0.951056516295,0.,0.309016994375));
#1893 = DEFINITIONAL_REPRESENTATION('',(#1894),#1897);
#1894 = B_SPLINE_CURVE_WITH_KNOTS('',1,(#1895,#1896),.UNSPECIFIED.,.F.,
  .F.,(2,2),(16.163944343306,16.963944343306),.PIECEWISE_BEZIER_KNOTS.);
#1895 = CARTESIAN_POINT('',(0.,3.));
#1896 = CARTESIAN_POINT('',(0.8,3.));
#1897 = ( GEOMETRIC_REPRESENTATION_CONTEXT(2) 
PARAMETRIC_REPRESENTATION_CONTEXT() REPRESENTATION_CONTEXT('2D SPACE',''
  ) );
#1898 = ORIENTED_EDGE('',*,*,#1899,.T.);
#1899 = EDGE_CURVE('',#1872,#1900,#1902,.T.);
#1900 = VERTEX_POINT('',#1901);
#1901 = CARTESIAN_POINT('',(11.002201185607,14.5,3.044914079437));
#1902 = SURFACE_CURVE('',#1903,(#1907,#1913),.PCURVE_S1.);
#1903 = LINE('',#1904,#1905);
#1904 = CARTESIAN_POINT('',(9.873925189537,14.5,6.517390537931));
#1905 = VECTOR('',#1906,1.);
#1906 = DIRECTION('',(0.309016994375,0.,-0.951056516295));
#1907 = PCURVE('',#354,#1908);
#1908 = DEFINITIONAL_REPRESENTATION('',(#1909),#1912);
#1909 = B_SPLINE_CURVE_WITH_KNOTS('',1,(#1910,#1911),.UNSPECIFIED.,.F.,
  .F.,(2,2),(0.851177820663,3.651177820663),.PIECEWISE_BEZIER_KNOTS.);
#1910 = CARTESIAN_POINT('',(5.707872325063,32.136953601357));
#1911 = CARTESIAN_POINT('',(3.044914079437,33.002201185607));
#1912 = ( GEOMETRIC_REPRESENTATION_CONTEXT(2) 
PARAMETRIC_REPRESENTATION_CONTEXT() REPRESENTATION_CONTEXT('2D SPACE',''
  ) );
#1913 = PCURVE('',#1914,#1919);
#1914 = PLANE('',#1915);
#1915 = AXIS2_PLACEMENT_3D('',#1916,#1917,#1918);
#1916 = CARTESIAN_POINT('',(11.002201185607,11.5,3.044914079437));
#1917 = DIRECTION('',(0.951056516295,0.,0.309016994375));
#1918 = DIRECTION('',(-0.309016994375,0.,0.951056516295));
#1919 = DEFINITIONAL_REPRESENTATION('',(#1920),#1923);
#1920 = B_SPLINE_CURVE_WITH_KNOTS('',1,(#1921,#1922),.UNSPECIFIED.,.F.,
  .F.,(2,2),(0.851177820663,3.651177820663),.PIECEWISE_BEZIER_KNOTS.);
#1921 = CARTESIAN_POINT('',(2.8,-3.));
#1922 = CARTESIAN_POINT('',(0.,-3.));
#1923 = ( GEOMETRIC_REPRESENTATION_CONTEXT(2) 
PARAMETRIC_REPRESENTATION_CONTEXT() REPRESENTATION_CONTEXT('2D SPACE',''
  ) );
#1924 = ORIENTED_EDGE('',*,*,#1925,.T.);
#1925 = EDGE_CURVE('',#1900,#1926,#1928,.T.);
#1926 = VERTEX_POINT('',#1927);
#1927 = CARTESIAN_POINT('',(11.763046398643,14.5,3.292127674937));
#1928 = SURFACE_CURVE('',#1929,(#1933,#1939),.PCURVE_S1.);
#1929 = LINE('',#1930,#1931);
#1930 = CARTESIAN_POINT('',(-4.370623411127,14.5,-1.950019418776));
#1931 = VECTOR('',#1932,1.);
#1932 = DIRECTION('',(0.951056516295,-0.,0.309016994375));
#1933 = PCURVE('',#354,#1934);
#1934 = DEFINITIONAL_REPRESENTATION('',(#1935),#1938);
#1935 = B_SPLINE_CURVE_WITH_KNOTS('',1,(#1936,#1937),.UNSPECIFIED.,.F.,
  .F.,(2,2),(16.163944343306,16.963944343306),.PIECEWISE_BEZIER_KNOTS.);
#1936 = CARTESIAN_POINT('',(3.044914079437,33.002201185607));
#1937 = CARTESIAN_POINT('',(3.292127674937,33.763046398643));
#1938 = ( GEOMETRIC_REPRESENTATION_CONTEXT(2) 
PARAMETRIC_REPRESENTATION_CONTEXT() REPRESENTATION_CONTEXT('2D SPACE',''
  ) );
#1939 = PCURVE('',#1940,#1945);
#1940 = PLANE('',#1941);
#1941 = AXIS2_PLACEMENT_3D('',#1942,#1943,#1944);
#1942 = CARTESIAN_POINT('',(11.002201185607,11.5,3.044914079437));
#1943 = DIRECTION('',(-0.309016994375,0.,0.951056516295));
#1944 = DIRECTION('',(0.951056516295,0.,0.309016994375));
#1945 = DEFINITIONAL_REPRESENTATION('',(#1946),#1949);
#1946 = B_SPLINE_CURVE_WITH_KNOTS('',1,(#1947,#1948),.UNSPECIFIED.,.F.,
  .F.,(2,2),(16.163944343306,16.963944343306),.PIECEWISE_BEZIER_KNOTS.);
#1947 = CARTESIAN_POINT('',(0.,3.));
#1948 = CARTESIAN_POINT('',(0.8,3.));
#1949 = ( GEOMETRIC_REPRESENTATION_CONTEXT(2) 
PARAMETRIC_REPRESENTATION_CONTEXT() REPRESENTATION_CONTEXT('2D SPACE',''
  ) );
#1950 = ORIENTED_EDGE('',*,*,#1951,.F.);
#1951 = EDGE_CURVE('',#1874,#1926,#1952,.T.);
#1952 = SURFACE_CURVE('',#1953,(#1957,#1963),.PCURVE_S1.);
#1953 = LINE('',#1954,#1955);
#1954 = CARTESIAN_POINT('',(10.634770402573,14.5,6.764604133431));
#1955 = VECTOR('',#1956,1.);
#1956 = DIRECTION('',(0.309016994375,0.,-0.951056516295));
#1957 = PCURVE('',#354,#1958);
#1958 = DEFINITIONAL_REPRESENTATION('',(#1959),#1962);
#1959 = B_SPLINE_CURVE_WITH_KNOTS('',1,(#1960,#1961),.UNSPECIFIED.,.F.,
  .F.,(2,2),(0.851177820663,3.651177820663),.PIECEWISE_BEZIER_KNOTS.);
#1960 = CARTESIAN_POINT('',(5.955085920563,32.897798814393));
#1961 = CARTESIAN_POINT('',(3.292127674937,33.763046398643));
#1962 = ( GEOMETRIC_REPRESENTATION_CONTEXT(2) 
PARAMETRIC_REPRESENTATION_CONTEXT() REPRESENTATION_CONTEXT('2D SPACE',''
  ) );
#1963 = PCURVE('',#1964,#1969);
#1964 = PLANE('',#1965);
#1965 = AXIS2_PLACEMENT_3D('',#1966,#1967,#1968);
#1966 = CARTESIAN_POINT('',(11.763046398643,11.5,3.292127674937));
#1967 = DIRECTION('',(0.951056516295,0.,0.309016994375));
#1968 = DIRECTION('',(-0.309016994375,0.,0.951056516295));
#1969 = DEFINITIONAL_REPRESENTATION('',(#1970),#1973);
#1970 = B_SPLINE_CURVE_WITH_KNOTS('',1,(#1971,#1972),.UNSPECIFIED.,.F.,
  .F.,(2,2),(0.851177820663,3.651177820663),.PIECEWISE_BEZIER_KNOTS.);
#1971 = CARTESIAN_POINT('',(2.8,-3.));
#1972 = CARTESIAN_POINT('',(0.,-3.));
#1973 = ( GEOMETRIC_REPRESENTATION_CONTEXT(2) 
PARAMETRIC_REPRESENTATION_CONTEXT() REPRESENTATION_CONTEXT('2D SPACE',''
  ) );
#1974 = ADVANCED_FACE('',(#1975),#269,.T.);
#1975 = FACE_BOUND('',#1976,.F.);
#1976 = EDGE_LOOP('',(#1977,#1978,#1979,#1980));
#1977 = ORIENTED_EDGE('',*,*,#746,.T.);
#1978 = ORIENTED_EDGE('',*,*,#1079,.T.);
#1979 = ORIENTED_EDGE('',*,*,#248,.F.);
#1980 = ORIENTED_EDGE('',*,*,#1981,.F.);
#1981 = EDGE_CURVE('',#747,#249,#1982,.T.);
#1982 = SURFACE_CURVE('',#1983,(#1987,#1994),.PCURVE_S1.);
#1983 = LINE('',#1984,#1985);
#1984 = CARTESIAN_POINT('',(22.,-11.5,0.));
#1985 = VECTOR('',#1986,1.);
#1986 = DIRECTION('',(0.,0.,1.));
#1987 = PCURVE('',#269,#1988);
#1988 = DEFINITIONAL_REPRESENTATION('',(#1989),#1993);
#1989 = LINE('',#1990,#1991);
#1990 = CARTESIAN_POINT('',(-0.,0.));
#1991 = VECTOR('',#1992,1.);
#1992 = DIRECTION('',(-0.,1.));
#1993 = ( GEOMETRIC_REPRESENTATION_CONTEXT(2) 
PARAMETRIC_REPRESENTATION_CONTEXT() REPRESENTATION_CONTEXT('2D SPACE',''
  ) );
#1994 = PCURVE('',#297,#1995);
#1995 = DEFINITIONAL_REPRESENTATION('',(#1996),#2000);
#1996 = LINE('',#1997,#1998);
#1997 = CARTESIAN_POINT('',(0.,-3.));
#1998 = VECTOR('',#1999,1.);
#1999 = DIRECTION('',(1.,0.));
#2000 = ( GEOMETRIC_REPRESENTATION_CONTEXT(2) 
PARAMETRIC_REPRESENTATION_CONTEXT() REPRESENTATION_CONTEXT('2D SPACE',''
  ) );
#2001 = ADVANCED_FACE('',(#2002),#326,.T.);
#2002 = FACE_BOUND('',#2003,.T.);
#2003 = EDGE_LOOP('',(#2004,#2005,#2006,#2007));
#2004 = ORIENTED_EDGE('',*,*,#797,.T.);
#2005 = ORIENTED_EDGE('',*,*,#1530,.T.);
#2006 = ORIENTED_EDGE('',*,*,#309,.F.);
#2007 = ORIENTED_EDGE('',*,*,#2008,.F.);
#2008 = EDGE_CURVE('',#775,#282,#2009,.T.);
#2009 = SURFACE_CURVE('',#2010,(#2014,#2021),.PCURVE_S1.);
#2010 = LINE('',#2011,#2012);
#2011 = CARTESIAN_POINT('',(22.,11.5,0.));
#2012 = VECTOR('',#2013,1.);
#2013 = DIRECTION('',(0.,0.,1.));
#2014 = PCURVE('',#326,#2015);
#2015 = DEFINITIONAL_REPRESENTATION('',(#2016),#2020);
#2016 = LINE('',#2017,#2018);
#2017 = CARTESIAN_POINT('',(0.,0.));
#2018 = VECTOR('',#2019,1.);
#2019 = DIRECTION('',(0.,1.));
#2020 = ( GEOMETRIC_REPRESENTATION_CONTEXT(2) 
PARAMETRIC_REPRESENTATION_CONTEXT() REPRESENTATION_CONTEXT('2D SPACE',''
  ) );
#2021 = PCURVE('',#297,#2022);
#2022 = DEFINITIONAL_REPRESENTATION('',(#2023),#2027);
#2023 = LINE('',#2024,#2025);
#2024 = CARTESIAN_POINT('',(0.,-26.));
#2025 = VECTOR('',#2026,1.);
#2026 = DIRECTION('',(1.,0.));
#2027 = ( GEOMETRIC_REPRESENTATION_CONTEXT(2) 
PARAMETRIC_REPRESENTATION_CONTEXT() REPRESENTATION_CONTEXT('2D SPACE',''
  ) );
#2028 = ADVANCED_FACE('',(#2029),#297,.T.);
#2029 = FACE_BOUND('',#2030,.T.);
#2030 = EDGE_LOOP('',(#2031,#2032,#2033,#2034));
#2031 = ORIENTED_EDGE('',*,*,#281,.F.);
#2032 = ORIENTED_EDGE('',*,*,#1981,.F.);
#2033 = ORIENTED_EDGE('',*,*,#774,.T.);
#2034 = ORIENTED_EDGE('',*,*,#2008,.T.);
#2035 = ADVANCED_FACE('',(#2036),#413,.F.);
#2036 = FACE_BOUND('',#2037,.F.);
#2037 = EDGE_LOOP('',(#2038,#2061,#2090,#2111));
#2038 = ORIENTED_EDGE('',*,*,#2039,.F.);
#2039 = EDGE_CURVE('',#2040,#395,#2042,.T.);
#2040 = VERTEX_POINT('',#2041);
#2041 = CARTESIAN_POINT('',(-19.8,-10.8,2.5));
#2042 = SURFACE_CURVE('',#2043,(#2047,#2054),.PCURVE_S1.);
#2043 = LINE('',#2044,#2045);
#2044 = CARTESIAN_POINT('',(-19.8,-10.8,2.5));
#2045 = VECTOR('',#2046,1.);
#2046 = DIRECTION('',(0.,0.,1.));
#2047 = PCURVE('',#413,#2048);
#2048 = DEFINITIONAL_REPRESENTATION('',(#2049),#2053);
#2049 = LINE('',#2050,#2051);
#2050 = CARTESIAN_POINT('',(0.,0.));
#2051 = VECTOR('',#2052,1.);
#2052 = DIRECTION('',(0.,1.));
#2053 = ( GEOMETRIC_REPRESENTATION_CONTEXT(2) 
PARAMETRIC_REPRESENTATION_CONTEXT() REPRESENTATION_CONTEXT('2D SPACE',''
  ) );
#2054 = PCURVE('',#440,#2055);
#2055 = DEFINITIONAL_REPRESENTATION('',(#2056),#2060);
#2056 = LINE('',#2057,#2058);
#2057 = CARTESIAN_POINT('',(0.,-1.5));
#2058 = VECTOR('',#2059,1.);
#2059 = DIRECTION('',(1.,0.));
#2060 = ( GEOMETRIC_REPRESENTATION_CONTEXT(2) 
PARAMETRIC_REPRESENTATION_CONTEXT() REPRESENTATION_CONTEXT('2D SPACE',''
  ) );
#2061 = ORIENTED_EDGE('',*,*,#2062,.T.);
#2062 = EDGE_CURVE('',#2040,#2063,#2065,.T.);
#2063 = VERTEX_POINT('',#2064);
#2064 = CARTESIAN_POINT('',(-18.3,-12.3,2.5));
#2065 = SURFACE_CURVE('',#2066,(#2071,#2078),.PCURVE_S1.);
#2066 = CIRCLE('',#2067,1.5);
#2067 = AXIS2_PLACEMENT_3D('',#2068,#2069,#2070);
#2068 = CARTESIAN_POINT('',(-18.3,-10.8,2.5));
#2069 = DIRECTION('',(0.,0.,1.));
#2070 = DIRECTION('',(0.,-1.,0.));
#2071 = PCURVE('',#413,#2072);
#2072 = DEFINITIONAL_REPRESENTATION('',(#2073),#2077);
#2073 = LINE('',#2074,#2075);
#2074 = CARTESIAN_POINT('',(-4.712388980385,0.));
#2075 = VECTOR('',#2076,1.);
#2076 = DIRECTION('',(1.,0.));
#2077 = ( GEOMETRIC_REPRESENTATION_CONTEXT(2) 
PARAMETRIC_REPRESENTATION_CONTEXT() REPRESENTATION_CONTEXT('2D SPACE',''
  ) );
#2078 = PCURVE('',#2079,#2084);
#2079 = PLANE('',#2080);
#2080 = AXIS2_PLACEMENT_3D('',#2081,#2082,#2083);
#2081 = CARTESIAN_POINT('',(-19.8,-12.3,2.5));
#2082 = DIRECTION('',(0.,0.,1.));
#2083 = DIRECTION('',(1.,0.,0.));
#2084 = DEFINITIONAL_REPRESENTATION('',(#2085),#2089);
#2085 = CIRCLE('',#2086,1.5);
#2086 = AXIS2_PLACEMENT_2D('',#2087,#2088);
#2087 = CARTESIAN_POINT('',(1.5,1.5));
#2088 = DIRECTION('',(0.,-1.));
#2089 = ( GEOMETRIC_REPRESENTATION_CONTEXT(2) 
PARAMETRIC_REPRESENTATION_CONTEXT() REPRESENTATION_CONTEXT('2D SPACE',''
  ) );
#2090 = ORIENTED_EDGE('',*,*,#2091,.T.);
#2091 = EDGE_CURVE('',#2063,#397,#2092,.T.);
#2092 = SURFACE_CURVE('',#2093,(#2097,#2104),.PCURVE_S1.);
#2093 = LINE('',#2094,#2095);
#2094 = CARTESIAN_POINT('',(-18.3,-12.3,2.5));
#2095 = VECTOR('',#2096,1.);
#2096 = DIRECTION('',(0.,0.,1.));
#2097 = PCURVE('',#413,#2098);
#2098 = DEFINITIONAL_REPRESENTATION('',(#2099),#2103);
#2099 = LINE('',#2100,#2101);
#2100 = CARTESIAN_POINT('',(1.570796326795,0.));
#2101 = VECTOR('',#2102,1.);
#2102 = DIRECTION('',(0.,1.));
#2103 = ( GEOMETRIC_REPRESENTATION_CONTEXT(2) 
PARAMETRIC_REPRESENTATION_CONTEXT() REPRESENTATION_CONTEXT('2D SPACE',''
  ) );
#2104 = PCURVE('',#603,#2105);
#2105 = DEFINITIONAL_REPRESENTATION('',(#2106),#2110);
#2106 = LINE('',#2107,#2108);
#2107 = CARTESIAN_POINT('',(0.,1.5));
#2108 = VECTOR('',#2109,1.);
#2109 = DIRECTION('',(1.,0.));
#2110 = ( GEOMETRIC_REPRESENTATION_CONTEXT(2) 
PARAMETRIC_REPRESENTATION_CONTEXT() REPRESENTATION_CONTEXT('2D SPACE',''
  ) );
#2111 = ORIENTED_EDGE('',*,*,#394,.F.);
#2112 = ADVANCED_FACE('',(#2113,#2161,#2247,#2333,#2419),#603,.T.);
#2113 = FACE_BOUND('',#2114,.T.);
#2114 = EDGE_LOOP('',(#2115,#2138,#2139,#2140));
#2115 = ORIENTED_EDGE('',*,*,#2116,.F.);
#2116 = EDGE_CURVE('',#2063,#2117,#2119,.T.);
#2117 = VERTEX_POINT('',#2118);
#2118 = CARTESIAN_POINT('',(18.3,-12.3,2.5));
#2119 = SURFACE_CURVE('',#2120,(#2124,#2131),.PCURVE_S1.);
#2120 = LINE('',#2121,#2122);
#2121 = CARTESIAN_POINT('',(-19.8,-12.3,2.5));
#2122 = VECTOR('',#2123,1.);
#2123 = DIRECTION('',(1.,0.,0.));
#2124 = PCURVE('',#603,#2125);
#2125 = DEFINITIONAL_REPRESENTATION('',(#2126),#2130);
#2126 = LINE('',#2127,#2128);
#2127 = CARTESIAN_POINT('',(0.,0.));
#2128 = VECTOR('',#2129,1.);
#2129 = DIRECTION('',(0.,1.));
#2130 = ( GEOMETRIC_REPRESENTATION_CONTEXT(2) 
PARAMETRIC_REPRESENTATION_CONTEXT() REPRESENTATION_CONTEXT('2D SPACE',''
  ) );
#2131 = PCURVE('',#2079,#2132);
#2132 = DEFINITIONAL_REPRESENTATION('',(#2133),#2137);
#2133 = LINE('',#2134,#2135);
#2134 = CARTESIAN_POINT('',(0.,0.));
#2135 = VECTOR('',#2136,1.);
#2136 = DIRECTION('',(1.,0.));
#2137 = ( GEOMETRIC_REPRESENTATION_CONTEXT(2) 
PARAMETRIC_REPRESENTATION_CONTEXT() REPRESENTATION_CONTEXT('2D SPACE',''
  ) );
#2138 = ORIENTED_EDGE('',*,*,#2091,.T.);
#2139 = ORIENTED_EDGE('',*,*,#590,.F.);
#2140 = ORIENTED_EDGE('',*,*,#2141,.F.);
#2141 = EDGE_CURVE('',#2117,#562,#2142,.T.);
#2142 = SURFACE_CURVE('',#2143,(#2147,#2154),.PCURVE_S1.);
#2143 = LINE('',#2144,#2145);
#2144 = CARTESIAN_POINT('',(18.3,-12.3,2.5));
#2145 = VECTOR('',#2146,1.);
#2146 = DIRECTION('',(0.,0.,1.));
#2147 = PCURVE('',#603,#2148);
#2148 = DEFINITIONAL_REPRESENTATION('',(#2149),#2153);
#2149 = LINE('',#2150,#2151);
#2150 = CARTESIAN_POINT('',(0.,38.1));
#2151 = VECTOR('',#2152,1.);
#2152 = DIRECTION('',(1.,0.));
#2153 = ( GEOMETRIC_REPRESENTATION_CONTEXT(2) 
PARAMETRIC_REPRESENTATION_CONTEXT() REPRESENTATION_CONTEXT('2D SPACE',''
  ) );
#2154 = PCURVE('',#578,#2155);
#2155 = DEFINITIONAL_REPRESENTATION('',(#2156),#2160);
#2156 = LINE('',#2157,#2158);
#2157 = CARTESIAN_POINT('',(-1.570796326795,0.));
#2158 = VECTOR('',#2159,1.);
#2159 = DIRECTION('',(-0.,1.));
#2160 = ( GEOMETRIC_REPRESENTATION_CONTEXT(2) 
PARAMETRIC_REPRESENTATION_CONTEXT() REPRESENTATION_CONTEXT('2D SPACE',''
  ) );
#2161 = FACE_BOUND('',#2162,.T.);
#2162 = EDGE_LOOP('',(#2163,#2186,#2207,#2228));
#2163 = ORIENTED_EDGE('',*,*,#2164,.F.);
#2164 = EDGE_CURVE('',#2165,#2167,#2169,.T.);
#2165 = VERTEX_POINT('',#2166);
#2166 = CARTESIAN_POINT('',(-11.76304639864,-12.3,5.707872325063));
#2167 = VERTEX_POINT('',#2168);
#2168 = CARTESIAN_POINT('',(-11.0022011856,-12.3,5.955085920563));
#2169 = SURFACE_CURVE('',#2170,(#2174,#2180),.PCURVE_S1.);
#2170 = LINE('',#2171,#2172);
#2171 = CARTESIAN_POINT('',(-15.86917782158,-12.3,4.373709350429));
#2172 = VECTOR('',#2173,1.);
#2173 = DIRECTION('',(0.951056516295,-0.,0.309016994375));
#2174 = PCURVE('',#603,#2175);
#2175 = DEFINITIONAL_REPRESENTATION('',(#2176),#2179);
#2176 = B_SPLINE_CURVE_WITH_KNOTS('',1,(#2177,#2178),.UNSPECIFIED.,.F.,
  .F.,(2,2),(4.317442078981,5.117442078981),.PIECEWISE_BEZIER_KNOTS.);
#2177 = CARTESIAN_POINT('',(3.207872325063,8.036953601357));
#2178 = CARTESIAN_POINT('',(3.455085920563,8.797798814393));
#2179 = ( GEOMETRIC_REPRESENTATION_CONTEXT(2) 
PARAMETRIC_REPRESENTATION_CONTEXT() REPRESENTATION_CONTEXT('2D SPACE',''
  ) );
#2180 = PCURVE('',#1119,#2181);
#2181 = DEFINITIONAL_REPRESENTATION('',(#2182),#2185);
#2182 = B_SPLINE_CURVE_WITH_KNOTS('',1,(#2183,#2184),.UNSPECIFIED.,.F.,
  .F.,(2,2),(4.317442078981,5.117442078981),.PIECEWISE_BEZIER_KNOTS.);
#2183 = CARTESIAN_POINT('',(0.,4.2));
#2184 = CARTESIAN_POINT('',(0.8,4.2));
#2185 = ( GEOMETRIC_REPRESENTATION_CONTEXT(2) 
PARAMETRIC_REPRESENTATION_CONTEXT() REPRESENTATION_CONTEXT('2D SPACE',''
  ) );
#2186 = ORIENTED_EDGE('',*,*,#2187,.T.);
#2187 = EDGE_CURVE('',#2165,#2188,#2190,.T.);
#2188 = VERTEX_POINT('',#2189);
#2189 = CARTESIAN_POINT('',(-10.89779881439,-12.3,3.044914079437));
#2190 = SURFACE_CURVE('',#2191,(#2195,#2201),.PCURVE_S1.);
#2191 = LINE('',#2192,#2193);
#2192 = CARTESIAN_POINT('',(-11.24276798425,-12.3,4.106620014353));
#2193 = VECTOR('',#2194,1.);
#2194 = DIRECTION('',(0.309016994375,0.,-0.951056516295));
#2195 = PCURVE('',#603,#2196);
#2196 = DEFINITIONAL_REPRESENTATION('',(#2197),#2200);
#2197 = B_SPLINE_CURVE_WITH_KNOTS('',1,(#2198,#2199),.UNSPECIFIED.,.F.,
  .F.,(2,2),(-1.683656316186,1.116343683814),.PIECEWISE_BEZIER_KNOTS.);
#2198 = CARTESIAN_POINT('',(3.207872325063,8.036953601357));
#2199 = CARTESIAN_POINT('',(0.544914079437,8.902201185607));
#2200 = ( GEOMETRIC_REPRESENTATION_CONTEXT(2) 
PARAMETRIC_REPRESENTATION_CONTEXT() REPRESENTATION_CONTEXT('2D SPACE',''
  ) );
#2201 = PCURVE('',#1145,#2202);
#2202 = DEFINITIONAL_REPRESENTATION('',(#2203),#2206);
#2203 = B_SPLINE_CURVE_WITH_KNOTS('',1,(#2204,#2205),.UNSPECIFIED.,.F.,
  .F.,(2,2),(-1.683656316186,1.116343683814),.PIECEWISE_BEZIER_KNOTS.);
#2204 = CARTESIAN_POINT('',(2.8,-4.2));
#2205 = CARTESIAN_POINT('',(0.,-4.2));
#2206 = ( GEOMETRIC_REPRESENTATION_CONTEXT(2) 
PARAMETRIC_REPRESENTATION_CONTEXT() REPRESENTATION_CONTEXT('2D SPACE',''
  ) );
#2207 = ORIENTED_EDGE('',*,*,#2208,.T.);
#2208 = EDGE_CURVE('',#2188,#2209,#2211,.T.);
#2209 = VERTEX_POINT('',#2210);
#2210 = CARTESIAN_POINT('',(-10.13695360135,-12.3,3.292127674937));
#2211 = SURFACE_CURVE('',#2212,(#2216,#2222),.PCURVE_S1.);
#2212 = LINE('',#2213,#2214);
#2213 = CARTESIAN_POINT('',(-15.00393023733,-12.3,1.710751104802));
#2214 = VECTOR('',#2215,1.);
#2215 = DIRECTION('',(0.951056516295,-0.,0.309016994375));
#2216 = PCURVE('',#603,#2217);
#2217 = DEFINITIONAL_REPRESENTATION('',(#2218),#2221);
#2218 = B_SPLINE_CURVE_WITH_KNOTS('',1,(#2219,#2220),.UNSPECIFIED.,.F.,
  .F.,(2,2),(4.317442078981,5.117442078981),.PIECEWISE_BEZIER_KNOTS.);
#2219 = CARTESIAN_POINT('',(0.544914079437,8.902201185607));
#2220 = CARTESIAN_POINT('',(0.792127674937,9.663046398643));
#2221 = ( GEOMETRIC_REPRESENTATION_CONTEXT(2) 
PARAMETRIC_REPRESENTATION_CONTEXT() REPRESENTATION_CONTEXT('2D SPACE',''
  ) );
#2222 = PCURVE('',#1171,#2223);
#2223 = DEFINITIONAL_REPRESENTATION('',(#2224),#2227);
#2224 = B_SPLINE_CURVE_WITH_KNOTS('',1,(#2225,#2226),.UNSPECIFIED.,.F.,
  .F.,(2,2),(4.317442078981,5.117442078981),.PIECEWISE_BEZIER_KNOTS.);
#2225 = CARTESIAN_POINT('',(0.,4.2));
#2226 = CARTESIAN_POINT('',(0.8,4.2));
#2227 = ( GEOMETRIC_REPRESENTATION_CONTEXT(2) 
PARAMETRIC_REPRESENTATION_CONTEXT() REPRESENTATION_CONTEXT('2D SPACE',''
  ) );
#2228 = ORIENTED_EDGE('',*,*,#2229,.F.);
#2229 = EDGE_CURVE('',#2167,#2209,#2230,.T.);
#2230 = SURFACE_CURVE('',#2231,(#2235,#2241),.PCURVE_S1.);
#2231 = LINE('',#2232,#2233);
#2232 = CARTESIAN_POINT('',(-10.48192277121,-12.3,4.353833609853));
#2233 = VECTOR('',#2234,1.);
#2234 = DIRECTION('',(0.309016994375,0.,-0.951056516295));
#2235 = PCURVE('',#603,#2236);
#2236 = DEFINITIONAL_REPRESENTATION('',(#2237),#2240);
#2237 = B_SPLINE_CURVE_WITH_KNOTS('',1,(#2238,#2239),.UNSPECIFIED.,.F.,
  .F.,(2,2),(-1.683656316186,1.116343683814),.PIECEWISE_BEZIER_KNOTS.);
#2238 = CARTESIAN_POINT('',(3.455085920563,8.797798814393));
#2239 = CARTESIAN_POINT('',(0.792127674937,9.663046398643));
#2240 = ( GEOMETRIC_REPRESENTATION_CONTEXT(2) 
PARAMETRIC_REPRESENTATION_CONTEXT() REPRESENTATION_CONTEXT('2D SPACE',''
  ) );
#2241 = PCURVE('',#1195,#2242);
#2242 = DEFINITIONAL_REPRESENTATION('',(#2243),#2246);
#2243 = B_SPLINE_CURVE_WITH_KNOTS('',1,(#2244,#2245),.UNSPECIFIED.,.F.,
  .F.,(2,2),(-1.683656316186,1.116343683814),.PIECEWISE_BEZIER_KNOTS.);
#2244 = CARTESIAN_POINT('',(2.8,-4.2));
#2245 = CARTESIAN_POINT('',(0.,-4.2));
#2246 = ( GEOMETRIC_REPRESENTATION_CONTEXT(2) 
PARAMETRIC_REPRESENTATION_CONTEXT() REPRESENTATION_CONTEXT('2D SPACE',''
  ) );
#2247 = FACE_BOUND('',#2248,.T.);
#2248 = EDGE_LOOP('',(#2249,#2272,#2293,#2314));
#2249 = ORIENTED_EDGE('',*,*,#2250,.F.);
#2250 = EDGE_CURVE('',#2251,#2253,#2255,.T.);
#2251 = VERTEX_POINT('',#2252);
#2252 = CARTESIAN_POINT('',(-9.863046398643,-12.3,5.707872325063));
#2253 = VERTEX_POINT('',#2254);
#2254 = CARTESIAN_POINT('',(-9.102201185607,-12.3,5.955085920563));
#2255 = SURFACE_CURVE('',#2256,(#2260,#2266),.PCURVE_S1.);
#2256 = LINE('',#2257,#2258);
#2257 = CARTESIAN_POINT('',(-14.82846089391,-12.3,4.09451135559));
#2258 = VECTOR('',#2259,1.);
#2259 = DIRECTION('',(0.951056516295,-0.,0.309016994375));
#2260 = PCURVE('',#603,#2261);
#2261 = DEFINITIONAL_REPRESENTATION('',(#2262),#2265);
#2262 = B_SPLINE_CURVE_WITH_KNOTS('',1,(#2263,#2264),.UNSPECIFIED.,.F.,
  .F.,(2,2),(5.220945769461,6.020945769461),.PIECEWISE_BEZIER_KNOTS.);
#2263 = CARTESIAN_POINT('',(3.207872325063,9.936953601357));
#2264 = CARTESIAN_POINT('',(3.455085920563,10.697798814393));
#2265 = ( GEOMETRIC_REPRESENTATION_CONTEXT(2) 
PARAMETRIC_REPRESENTATION_CONTEXT() REPRESENTATION_CONTEXT('2D SPACE',''
  ) );
#2266 = PCURVE('',#1225,#2267);
#2267 = DEFINITIONAL_REPRESENTATION('',(#2268),#2271);
#2268 = B_SPLINE_CURVE_WITH_KNOTS('',1,(#2269,#2270),.UNSPECIFIED.,.F.,
  .F.,(2,2),(5.220945769461,6.020945769461),.PIECEWISE_BEZIER_KNOTS.);
#2269 = CARTESIAN_POINT('',(0.,4.2));
#2270 = CARTESIAN_POINT('',(0.8,4.2));
#2271 = ( GEOMETRIC_REPRESENTATION_CONTEXT(2) 
PARAMETRIC_REPRESENTATION_CONTEXT() REPRESENTATION_CONTEXT('2D SPACE',''
  ) );
#2272 = ORIENTED_EDGE('',*,*,#2273,.T.);
#2273 = EDGE_CURVE('',#2251,#2274,#2276,.T.);
#2274 = VERTEX_POINT('',#2275);
#2275 = CARTESIAN_POINT('',(-8.997798814393,-12.3,3.044914079437));
#2276 = SURFACE_CURVE('',#2277,(#2281,#2287),.PCURVE_S1.);
#2277 = LINE('',#2278,#2279);
#2278 = CARTESIAN_POINT('',(-9.433484911927,-12.3,4.385818009192));
#2279 = VECTOR('',#2280,1.);
#2280 = DIRECTION('',(0.309016994375,0.,-0.951056516295));
#2281 = PCURVE('',#603,#2282);
#2282 = DEFINITIONAL_REPRESENTATION('',(#2283),#2286);
#2283 = B_SPLINE_CURVE_WITH_KNOTS('',1,(#2284,#2285),.UNSPECIFIED.,.F.,
  .F.,(2,2),(-1.39009017153,1.40990982847),.PIECEWISE_BEZIER_KNOTS.);
#2284 = CARTESIAN_POINT('',(3.207872325063,9.936953601357));
#2285 = CARTESIAN_POINT('',(0.544914079437,10.802201185607));
#2286 = ( GEOMETRIC_REPRESENTATION_CONTEXT(2) 
PARAMETRIC_REPRESENTATION_CONTEXT() REPRESENTATION_CONTEXT('2D SPACE',''
  ) );
#2287 = PCURVE('',#1251,#2288);
#2288 = DEFINITIONAL_REPRESENTATION('',(#2289),#2292);
#2289 = B_SPLINE_CURVE_WITH_KNOTS('',1,(#2290,#2291),.UNSPECIFIED.,.F.,
  .F.,(2,2),(-1.39009017153,1.40990982847),.PIECEWISE_BEZIER_KNOTS.);
#2290 = CARTESIAN_POINT('',(2.8,-4.2));
#2291 = CARTESIAN_POINT('',(0.,-4.2));
#2292 = ( GEOMETRIC_REPRESENTATION_CONTEXT(2) 
PARAMETRIC_REPRESENTATION_CONTEXT() REPRESENTATION_CONTEXT('2D SPACE',''
  ) );
#2293 = ORIENTED_EDGE('',*,*,#2294,.T.);
#2294 = EDGE_CURVE('',#2274,#2295,#2297,.T.);
#2295 = VERTEX_POINT('',#2296);
#2296 = CARTESIAN_POINT('',(-8.236953601357,-12.3,3.292127674937));
#2297 = SURFACE_CURVE('',#2298,(#2302,#2308),.PCURVE_S1.);
#2298 = LINE('',#2299,#2300);
#2299 = CARTESIAN_POINT('',(-13.96321330966,-12.3,1.431553109963));
#2300 = VECTOR('',#2301,1.);
#2301 = DIRECTION('',(0.951056516295,-0.,0.309016994375));
#2302 = PCURVE('',#603,#2303);
#2303 = DEFINITIONAL_REPRESENTATION('',(#2304),#2307);
#2304 = B_SPLINE_CURVE_WITH_KNOTS('',1,(#2305,#2306),.UNSPECIFIED.,.F.,
  .F.,(2,2),(5.220945769461,6.020945769461),.PIECEWISE_BEZIER_KNOTS.);
#2305 = CARTESIAN_POINT('',(0.544914079437,10.802201185607));
#2306 = CARTESIAN_POINT('',(0.792127674937,11.563046398643));
#2307 = ( GEOMETRIC_REPRESENTATION_CONTEXT(2) 
PARAMETRIC_REPRESENTATION_CONTEXT() REPRESENTATION_CONTEXT('2D SPACE',''
  ) );
#2308 = PCURVE('',#1277,#2309);
#2309 = DEFINITIONAL_REPRESENTATION('',(#2310),#2313);
#2310 = B_SPLINE_CURVE_WITH_KNOTS('',1,(#2311,#2312),.UNSPECIFIED.,.F.,
  .F.,(2,2),(5.220945769461,6.020945769461),.PIECEWISE_BEZIER_KNOTS.);
#2311 = CARTESIAN_POINT('',(0.,4.2));
#2312 = CARTESIAN_POINT('',(0.8,4.2));
#2313 = ( GEOMETRIC_REPRESENTATION_CONTEXT(2) 
PARAMETRIC_REPRESENTATION_CONTEXT() REPRESENTATION_CONTEXT('2D SPACE',''
  ) );
#2314 = ORIENTED_EDGE('',*,*,#2315,.F.);
#2315 = EDGE_CURVE('',#2253,#2295,#2316,.T.);
#2316 = SURFACE_CURVE('',#2317,(#2321,#2327),.PCURVE_S1.);
#2317 = LINE('',#2318,#2319);
#2318 = CARTESIAN_POINT('',(-8.672639698891,-12.3,4.633031604692));
#2319 = VECTOR('',#2320,1.);
#2320 = DIRECTION('',(0.309016994375,0.,-0.951056516295));
#2321 = PCURVE('',#603,#2322);
#2322 = DEFINITIONAL_REPRESENTATION('',(#2323),#2326);
#2323 = B_SPLINE_CURVE_WITH_KNOTS('',1,(#2324,#2325),.UNSPECIFIED.,.F.,
  .F.,(2,2),(-1.39009017153,1.40990982847),.PIECEWISE_BEZIER_KNOTS.);
#2324 = CARTESIAN_POINT('',(3.455085920563,10.697798814393));
#2325 = CARTESIAN_POINT('',(0.792127674937,11.563046398643));
#2326 = ( GEOMETRIC_REPRESENTATION_CONTEXT(2) 
PARAMETRIC_REPRESENTATION_CONTEXT() REPRESENTATION_CONTEXT('2D SPACE',''
  ) );
#2327 = PCURVE('',#1301,#2328);
#2328 = DEFINITIONAL_REPRESENTATION('',(#2329),#2332);
#2329 = B_SPLINE_CURVE_WITH_KNOTS('',1,(#2330,#2331),.UNSPECIFIED.,.F.,
  .F.,(2,2),(-1.39009017153,1.40990982847),.PIECEWISE_BEZIER_KNOTS.);
#2330 = CARTESIAN_POINT('',(2.8,-4.2));
#2331 = CARTESIAN_POINT('',(0.,-4.2));
#2332 = ( GEOMETRIC_REPRESENTATION_CONTEXT(2) 
PARAMETRIC_REPRESENTATION_CONTEXT() REPRESENTATION_CONTEXT('2D SPACE',''
  ) );
#2333 = FACE_BOUND('',#2334,.T.);
#2334 = EDGE_LOOP('',(#2335,#2358,#2379,#2400));
#2335 = ORIENTED_EDGE('',*,*,#2336,.F.);
#2336 = EDGE_CURVE('',#2337,#2339,#2341,.T.);
#2337 = VERTEX_POINT('',#2338);
#2338 = CARTESIAN_POINT('',(8.236953601357,-12.3,5.707872325063));
#2339 = VERTEX_POINT('',#2340);
#2340 = CARTESIAN_POINT('',(8.997798814393,-12.3,5.955085920563));
#2341 = SURFACE_CURVE('',#2342,(#2346,#2352),.PCURVE_S1.);
#2342 = LINE('',#2343,#2344);
#2343 = CARTESIAN_POINT('',(-4.91426279346,-12.3,1.434783088966));
#2344 = VECTOR('',#2345,1.);
#2345 = DIRECTION('',(0.951056516295,-0.,0.309016994375));
#2346 = PCURVE('',#603,#2347);
#2347 = DEFINITIONAL_REPRESENTATION('',(#2348),#2351);
#2348 = B_SPLINE_CURVE_WITH_KNOTS('',1,(#2349,#2350),.UNSPECIFIED.,.F.,
  .F.,(2,2),(13.828007241933,14.628007241933),.PIECEWISE_BEZIER_KNOTS.);
#2349 = CARTESIAN_POINT('',(3.207872325063,28.036953601357));
#2350 = CARTESIAN_POINT('',(3.455085920563,28.797798814393));
#2351 = ( GEOMETRIC_REPRESENTATION_CONTEXT(2) 
PARAMETRIC_REPRESENTATION_CONTEXT() REPRESENTATION_CONTEXT('2D SPACE',''
  ) );
#2352 = PCURVE('',#1331,#2353);
#2353 = DEFINITIONAL_REPRESENTATION('',(#2354),#2357);
#2354 = B_SPLINE_CURVE_WITH_KNOTS('',1,(#2355,#2356),.UNSPECIFIED.,.F.,
  .F.,(2,2),(13.828007241933,14.628007241933),.PIECEWISE_BEZIER_KNOTS.);
#2355 = CARTESIAN_POINT('',(0.,4.2));
#2356 = CARTESIAN_POINT('',(0.8,4.2));
#2357 = ( GEOMETRIC_REPRESENTATION_CONTEXT(2) 
PARAMETRIC_REPRESENTATION_CONTEXT() REPRESENTATION_CONTEXT('2D SPACE',''
  ) );
#2358 = ORIENTED_EDGE('',*,*,#2359,.T.);
#2359 = EDGE_CURVE('',#2337,#2360,#2362,.T.);
#2360 = VERTEX_POINT('',#2361);
#2361 = CARTESIAN_POINT('',(9.102201185607,-12.3,3.044914079437));
#2362 = SURFACE_CURVE('',#2363,(#2367,#2373),.PCURVE_S1.);
#2363 = LINE('',#2364,#2365);
#2364 = CARTESIAN_POINT('',(7.80231698762,-12.3,7.045546275815));
#2365 = VECTOR('',#2366,1.);
#2366 = DIRECTION('',(0.309016994375,0.,-0.951056516295));
#2367 = PCURVE('',#603,#2368);
#2368 = DEFINITIONAL_REPRESENTATION('',(#2369),#2372);
#2369 = B_SPLINE_CURVE_WITH_KNOTS('',1,(#2370,#2371),.UNSPECIFIED.,.F.,
  .F.,(2,2),(1.406513627563,4.206513627563),.PIECEWISE_BEZIER_KNOTS.);
#2370 = CARTESIAN_POINT('',(3.207872325063,28.036953601357));
#2371 = CARTESIAN_POINT('',(0.544914079437,28.902201185607));
#2372 = ( GEOMETRIC_REPRESENTATION_CONTEXT(2) 
PARAMETRIC_REPRESENTATION_CONTEXT() REPRESENTATION_CONTEXT('2D SPACE',''
  ) );
#2373 = PCURVE('',#1357,#2374);
#2374 = DEFINITIONAL_REPRESENTATION('',(#2375),#2378);
#2375 = B_SPLINE_CURVE_WITH_KNOTS('',1,(#2376,#2377),.UNSPECIFIED.,.F.,
  .F.,(2,2),(1.406513627563,4.206513627563),.PIECEWISE_BEZIER_KNOTS.);
#2376 = CARTESIAN_POINT('',(2.8,-4.2));
#2377 = CARTESIAN_POINT('',(0.,-4.2));
#2378 = ( GEOMETRIC_REPRESENTATION_CONTEXT(2) 
PARAMETRIC_REPRESENTATION_CONTEXT() REPRESENTATION_CONTEXT('2D SPACE',''
  ) );
#2379 = ORIENTED_EDGE('',*,*,#2380,.T.);
#2380 = EDGE_CURVE('',#2360,#2381,#2383,.T.);
#2381 = VERTEX_POINT('',#2382);
#2382 = CARTESIAN_POINT('',(9.863046398643,-12.3,3.292127674937));
#2383 = SURFACE_CURVE('',#2384,(#2388,#2394),.PCURVE_S1.);
#2384 = LINE('',#2385,#2386);
#2385 = CARTESIAN_POINT('',(-4.04901520921,-12.3,-1.22817515666));
#2386 = VECTOR('',#2387,1.);
#2387 = DIRECTION('',(0.951056516295,-0.,0.309016994375));
#2388 = PCURVE('',#603,#2389);
#2389 = DEFINITIONAL_REPRESENTATION('',(#2390),#2393);
#2390 = B_SPLINE_CURVE_WITH_KNOTS('',1,(#2391,#2392),.UNSPECIFIED.,.F.,
  .F.,(2,2),(13.828007241933,14.628007241933),.PIECEWISE_BEZIER_KNOTS.);
#2391 = CARTESIAN_POINT('',(0.544914079437,28.902201185607));
#2392 = CARTESIAN_POINT('',(0.792127674937,29.663046398643));
#2393 = ( GEOMETRIC_REPRESENTATION_CONTEXT(2) 
PARAMETRIC_REPRESENTATION_CONTEXT() REPRESENTATION_CONTEXT('2D SPACE',''
  ) );
#2394 = PCURVE('',#1383,#2395);
#2395 = DEFINITIONAL_REPRESENTATION('',(#2396),#2399);
#2396 = B_SPLINE_CURVE_WITH_KNOTS('',1,(#2397,#2398),.UNSPECIFIED.,.F.,
  .F.,(2,2),(13.828007241933,14.628007241933),.PIECEWISE_BEZIER_KNOTS.);
#2397 = CARTESIAN_POINT('',(0.,4.2));
#2398 = CARTESIAN_POINT('',(0.8,4.2));
#2399 = ( GEOMETRIC_REPRESENTATION_CONTEXT(2) 
PARAMETRIC_REPRESENTATION_CONTEXT() REPRESENTATION_CONTEXT('2D SPACE',''
  ) );
#2400 = ORIENTED_EDGE('',*,*,#2401,.F.);
#2401 = EDGE_CURVE('',#2339,#2381,#2402,.T.);
#2402 = SURFACE_CURVE('',#2403,(#2407,#2413),.PCURVE_S1.);
#2403 = LINE('',#2404,#2405);
#2404 = CARTESIAN_POINT('',(8.563162200656,-12.3,7.292759871315));
#2405 = VECTOR('',#2406,1.);
#2406 = DIRECTION('',(0.309016994375,0.,-0.951056516295));
#2407 = PCURVE('',#603,#2408);
#2408 = DEFINITIONAL_REPRESENTATION('',(#2409),#2412);
#2409 = B_SPLINE_CURVE_WITH_KNOTS('',1,(#2410,#2411),.UNSPECIFIED.,.F.,
  .F.,(2,2),(1.406513627563,4.206513627563),.PIECEWISE_BEZIER_KNOTS.);
#2410 = CARTESIAN_POINT('',(3.455085920563,28.797798814393));
#2411 = CARTESIAN_POINT('',(0.792127674937,29.663046398643));
#2412 = ( GEOMETRIC_REPRESENTATION_CONTEXT(2) 
PARAMETRIC_REPRESENTATION_CONTEXT() REPRESENTATION_CONTEXT('2D SPACE',''
  ) );
#2413 = PCURVE('',#1407,#2414);
#2414 = DEFINITIONAL_REPRESENTATION('',(#2415),#2418);
#2415 = B_SPLINE_CURVE_WITH_KNOTS('',1,(#2416,#2417),.UNSPECIFIED.,.F.,
  .F.,(2,2),(1.406513627563,4.206513627563),.PIECEWISE_BEZIER_KNOTS.);
#2416 = CARTESIAN_POINT('',(2.8,-4.2));
#2417 = CARTESIAN_POINT('',(0.,-4.2));
#2418 = ( GEOMETRIC_REPRESENTATION_CONTEXT(2) 
PARAMETRIC_REPRESENTATION_CONTEXT() REPRESENTATION_CONTEXT('2D SPACE',''
  ) );
#2419 = FACE_BOUND('',#2420,.T.);
#2420 = EDGE_LOOP('',(#2421,#2444,#2465,#2486));
#2421 = ORIENTED_EDGE('',*,*,#2422,.F.);
#2422 = EDGE_CURVE('',#2423,#2425,#2427,.T.);
#2423 = VERTEX_POINT('',#2424);
#2424 = CARTESIAN_POINT('',(10.136953601357,-12.3,5.707872325063));
#2425 = VERTEX_POINT('',#2426);
#2426 = CARTESIAN_POINT('',(10.897798814393,-12.3,5.955085920563));
#2427 = SURFACE_CURVE('',#2428,(#2432,#2438),.PCURVE_S1.);
#2428 = LINE('',#2429,#2430);
#2429 = CARTESIAN_POINT('',(-3.873545865788,-12.3,1.155585094127));
#2430 = VECTOR('',#2431,1.);
#2431 = DIRECTION('',(0.951056516295,-0.,0.309016994375));
#2432 = PCURVE('',#603,#2433);
#2433 = DEFINITIONAL_REPRESENTATION('',(#2434),#2437);
#2434 = B_SPLINE_CURVE_WITH_KNOTS('',1,(#2435,#2436),.UNSPECIFIED.,.F.,
  .F.,(2,2),(14.731510932413,15.531510932413),.PIECEWISE_BEZIER_KNOTS.);
#2435 = CARTESIAN_POINT('',(3.207872325063,29.936953601357));
#2436 = CARTESIAN_POINT('',(3.455085920563,30.697798814393));
#2437 = ( GEOMETRIC_REPRESENTATION_CONTEXT(2) 
PARAMETRIC_REPRESENTATION_CONTEXT() REPRESENTATION_CONTEXT('2D SPACE',''
  ) );
#2438 = PCURVE('',#1437,#2439);
#2439 = DEFINITIONAL_REPRESENTATION('',(#2440),#2443);
#2440 = B_SPLINE_CURVE_WITH_KNOTS('',1,(#2441,#2442),.UNSPECIFIED.,.F.,
  .F.,(2,2),(14.731510932413,15.531510932413),.PIECEWISE_BEZIER_KNOTS.);
#2441 = CARTESIAN_POINT('',(0.,4.2));
#2442 = CARTESIAN_POINT('',(0.8,4.2));
#2443 = ( GEOMETRIC_REPRESENTATION_CONTEXT(2) 
PARAMETRIC_REPRESENTATION_CONTEXT() REPRESENTATION_CONTEXT('2D SPACE',''
  ) );
#2444 = ORIENTED_EDGE('',*,*,#2445,.T.);
#2445 = EDGE_CURVE('',#2423,#2446,#2448,.T.);
#2446 = VERTEX_POINT('',#2447);
#2447 = CARTESIAN_POINT('',(11.002201185607,-12.3,3.044914079437));
#2448 = SURFACE_CURVE('',#2449,(#2453,#2459),.PCURVE_S1.);
#2449 = LINE('',#2450,#2451);
#2450 = CARTESIAN_POINT('',(9.611600059948,-12.3,7.324744270654));
#2451 = VECTOR('',#2452,1.);
#2452 = DIRECTION('',(0.309016994375,0.,-0.951056516295));
#2453 = PCURVE('',#603,#2454);
#2454 = DEFINITIONAL_REPRESENTATION('',(#2455),#2458);
#2455 = B_SPLINE_CURVE_WITH_KNOTS('',1,(#2456,#2457),.UNSPECIFIED.,.F.,
  .F.,(2,2),(1.70007977222,4.50007977222),.PIECEWISE_BEZIER_KNOTS.);
#2456 = CARTESIAN_POINT('',(3.207872325063,29.936953601357));
#2457 = CARTESIAN_POINT('',(0.544914079437,30.802201185607));
#2458 = ( GEOMETRIC_REPRESENTATION_CONTEXT(2) 
PARAMETRIC_REPRESENTATION_CONTEXT() REPRESENTATION_CONTEXT('2D SPACE',''
  ) );
#2459 = PCURVE('',#1463,#2460);
#2460 = DEFINITIONAL_REPRESENTATION('',(#2461),#2464);
#2461 = B_SPLINE_CURVE_WITH_KNOTS('',1,(#2462,#2463),.UNSPECIFIED.,.F.,
  .F.,(2,2),(1.70007977222,4.50007977222),.PIECEWISE_BEZIER_KNOTS.);
#2462 = CARTESIAN_POINT('',(2.8,-4.2));
#2463 = CARTESIAN_POINT('',(0.,-4.2));
#2464 = ( GEOMETRIC_REPRESENTATION_CONTEXT(2) 
PARAMETRIC_REPRESENTATION_CONTEXT() REPRESENTATION_CONTEXT('2D SPACE',''
  ) );
#2465 = ORIENTED_EDGE('',*,*,#2466,.T.);
#2466 = EDGE_CURVE('',#2446,#2467,#2469,.T.);
#2467 = VERTEX_POINT('',#2468);
#2468 = CARTESIAN_POINT('',(11.763046398643,-12.3,3.292127674937));
#2469 = SURFACE_CURVE('',#2470,(#2474,#2480),.PCURVE_S1.);
#2470 = LINE('',#2471,#2472);
#2471 = CARTESIAN_POINT('',(-3.008298281538,-12.3,-1.507373151499));
#2472 = VECTOR('',#2473,1.);
#2473 = DIRECTION('',(0.951056516295,-0.,0.309016994375));
#2474 = PCURVE('',#603,#2475);
#2475 = DEFINITIONAL_REPRESENTATION('',(#2476),#2479);
#2476 = B_SPLINE_CURVE_WITH_KNOTS('',1,(#2477,#2478),.UNSPECIFIED.,.F.,
  .F.,(2,2),(14.731510932413,15.531510932413),.PIECEWISE_BEZIER_KNOTS.);
#2477 = CARTESIAN_POINT('',(0.544914079437,30.802201185607));
#2478 = CARTESIAN_POINT('',(0.792127674937,31.563046398643));
#2479 = ( GEOMETRIC_REPRESENTATION_CONTEXT(2) 
PARAMETRIC_REPRESENTATION_CONTEXT() REPRESENTATION_CONTEXT('2D SPACE',''
  ) );
#2480 = PCURVE('',#1489,#2481);
#2481 = DEFINITIONAL_REPRESENTATION('',(#2482),#2485);
#2482 = B_SPLINE_CURVE_WITH_KNOTS('',1,(#2483,#2484),.UNSPECIFIED.,.F.,
  .F.,(2,2),(14.731510932413,15.531510932413),.PIECEWISE_BEZIER_KNOTS.);
#2483 = CARTESIAN_POINT('',(0.,4.2));
#2484 = CARTESIAN_POINT('',(0.8,4.2));
#2485 = ( GEOMETRIC_REPRESENTATION_CONTEXT(2) 
PARAMETRIC_REPRESENTATION_CONTEXT() REPRESENTATION_CONTEXT('2D SPACE',''
  ) );
#2486 = ORIENTED_EDGE('',*,*,#2487,.F.);
#2487 = EDGE_CURVE('',#2425,#2467,#2488,.T.);
#2488 = SURFACE_CURVE('',#2489,(#2493,#2499),.PCURVE_S1.);
#2489 = LINE('',#2490,#2491);
#2490 = CARTESIAN_POINT('',(10.372445272984,-12.3,7.571957866154));
#2491 = VECTOR('',#2492,1.);
#2492 = DIRECTION('',(0.309016994375,0.,-0.951056516295));
#2493 = PCURVE('',#603,#2494);
#2494 = DEFINITIONAL_REPRESENTATION('',(#2495),#2498);
#2495 = B_SPLINE_CURVE_WITH_KNOTS('',1,(#2496,#2497),.UNSPECIFIED.,.F.,
  .F.,(2,2),(1.70007977222,4.50007977222),.PIECEWISE_BEZIER_KNOTS.);
#2496 = CARTESIAN_POINT('',(3.455085920563,30.697798814393));
#2497 = CARTESIAN_POINT('',(0.792127674937,31.563046398643));
#2498 = ( GEOMETRIC_REPRESENTATION_CONTEXT(2) 
PARAMETRIC_REPRESENTATION_CONTEXT() REPRESENTATION_CONTEXT('2D SPACE',''
  ) );
#2499 = PCURVE('',#1513,#2500);
#2500 = DEFINITIONAL_REPRESENTATION('',(#2501),#2504);
#2501 = B_SPLINE_CURVE_WITH_KNOTS('',1,(#2502,#2503),.UNSPECIFIED.,.F.,
  .F.,(2,2),(1.70007977222,4.50007977222),.PIECEWISE_BEZIER_KNOTS.);
#2502 = CARTESIAN_POINT('',(2.8,-4.2));
#2503 = CARTESIAN_POINT('',(0.,-4.2));
#2504 = ( GEOMETRIC_REPRESENTATION_CONTEXT(2) 
PARAMETRIC_REPRESENTATION_CONTEXT() REPRESENTATION_CONTEXT('2D SPACE',''
  ) );
#2505 = ADVANCED_FACE('',(#2506),#578,.F.);
#2506 = FACE_BOUND('',#2507,.T.);
#2507 = EDGE_LOOP('',(#2508,#2531,#2557,#2558));
#2508 = ORIENTED_EDGE('',*,*,#2509,.F.);
#2509 = EDGE_CURVE('',#2510,#536,#2512,.T.);
#2510 = VERTEX_POINT('',#2511);
#2511 = CARTESIAN_POINT('',(19.8,-10.8,2.5));
#2512 = SURFACE_CURVE('',#2513,(#2517,#2524),.PCURVE_S1.);
#2513 = LINE('',#2514,#2515);
#2514 = CARTESIAN_POINT('',(19.8,-10.8,2.5));
#2515 = VECTOR('',#2516,1.);
#2516 = DIRECTION('',(0.,0.,1.));
#2517 = PCURVE('',#578,#2518);
#2518 = DEFINITIONAL_REPRESENTATION('',(#2519),#2523);
#2519 = LINE('',#2520,#2521);
#2520 = CARTESIAN_POINT('',(-0.,0.));
#2521 = VECTOR('',#2522,1.);
#2522 = DIRECTION('',(-0.,1.));
#2523 = ( GEOMETRIC_REPRESENTATION_CONTEXT(2) 
PARAMETRIC_REPRESENTATION_CONTEXT() REPRESENTATION_CONTEXT('2D SPACE',''
  ) );
#2524 = PCURVE('',#550,#2525);
#2525 = DEFINITIONAL_REPRESENTATION('',(#2526),#2530);
#2526 = LINE('',#2527,#2528);
#2527 = CARTESIAN_POINT('',(0.,-1.5));
#2528 = VECTOR('',#2529,1.);
#2529 = DIRECTION('',(1.,0.));
#2530 = ( GEOMETRIC_REPRESENTATION_CONTEXT(2) 
PARAMETRIC_REPRESENTATION_CONTEXT() REPRESENTATION_CONTEXT('2D SPACE',''
  ) );
#2531 = ORIENTED_EDGE('',*,*,#2532,.T.);
#2532 = EDGE_CURVE('',#2510,#2117,#2533,.T.);
#2533 = SURFACE_CURVE('',#2534,(#2539,#2546),.PCURVE_S1.);
#2534 = CIRCLE('',#2535,1.5);
#2535 = AXIS2_PLACEMENT_3D('',#2536,#2537,#2538);
#2536 = CARTESIAN_POINT('',(18.3,-10.8,2.5));
#2537 = DIRECTION('',(-0.,-0.,-1.));
#2538 = DIRECTION('',(0.,-1.,0.));
#2539 = PCURVE('',#578,#2540);
#2540 = DEFINITIONAL_REPRESENTATION('',(#2541),#2545);
#2541 = LINE('',#2542,#2543);
#2542 = CARTESIAN_POINT('',(4.712388980385,-0.));
#2543 = VECTOR('',#2544,1.);
#2544 = DIRECTION('',(-1.,0.));
#2545 = ( GEOMETRIC_REPRESENTATION_CONTEXT(2) 
PARAMETRIC_REPRESENTATION_CONTEXT() REPRESENTATION_CONTEXT('2D SPACE',''
  ) );
#2546 = PCURVE('',#2079,#2547);
#2547 = DEFINITIONAL_REPRESENTATION('',(#2548),#2556);
#2548 = ( BOUNDED_CURVE() B_SPLINE_CURVE(2,(#2549,#2550,#2551,#2552,
#2553,#2554,#2555),.UNSPECIFIED.,.T.,.F.) B_SPLINE_CURVE_WITH_KNOTS((1,2
    ,2,2,2,1),(-2.094395102393,0.,2.094395102393,4.188790204786,
6.28318530718,8.377580409573),.UNSPECIFIED.) CURVE() 
GEOMETRIC_REPRESENTATION_ITEM() RATIONAL_B_SPLINE_CURVE((1.,0.5,1.,0.5,
1.,0.5,1.)) REPRESENTATION_ITEM('') );
#2549 = CARTESIAN_POINT('',(38.1,0.));
#2550 = CARTESIAN_POINT('',(35.501923788647,0.));
#2551 = CARTESIAN_POINT('',(36.800961894323,2.25));
#2552 = CARTESIAN_POINT('',(38.1,4.5));
#2553 = CARTESIAN_POINT('',(39.399038105677,2.25));
#2554 = CARTESIAN_POINT('',(40.698076211353,2.22044604925E-15));
#2555 = CARTESIAN_POINT('',(38.1,0.));
#2556 = ( GEOMETRIC_REPRESENTATION_CONTEXT(2) 
PARAMETRIC_REPRESENTATION_CONTEXT() REPRESENTATION_CONTEXT('2D SPACE',''
  ) );
#2557 = ORIENTED_EDGE('',*,*,#2141,.T.);
#2558 = ORIENTED_EDGE('',*,*,#561,.T.);
#2559 = ADVANCED_FACE('',(#2560),#550,.F.);
#2560 = FACE_BOUND('',#2561,.F.);
#2561 = EDGE_LOOP('',(#2562,#2563,#2564,#2587));
#2562 = ORIENTED_EDGE('',*,*,#535,.F.);
#2563 = ORIENTED_EDGE('',*,*,#2509,.F.);
#2564 = ORIENTED_EDGE('',*,*,#2565,.T.);
#2565 = EDGE_CURVE('',#2510,#2566,#2568,.T.);
#2566 = VERTEX_POINT('',#2567);
#2567 = CARTESIAN_POINT('',(19.8,10.8,2.5));
#2568 = SURFACE_CURVE('',#2569,(#2573,#2580),.PCURVE_S1.);
#2569 = LINE('',#2570,#2571);
#2570 = CARTESIAN_POINT('',(19.8,-12.3,2.5));
#2571 = VECTOR('',#2572,1.);
#2572 = DIRECTION('',(0.,1.,0.));
#2573 = PCURVE('',#550,#2574);
#2574 = DEFINITIONAL_REPRESENTATION('',(#2575),#2579);
#2575 = LINE('',#2576,#2577);
#2576 = CARTESIAN_POINT('',(0.,0.));
#2577 = VECTOR('',#2578,1.);
#2578 = DIRECTION('',(0.,-1.));
#2579 = ( GEOMETRIC_REPRESENTATION_CONTEXT(2) 
PARAMETRIC_REPRESENTATION_CONTEXT() REPRESENTATION_CONTEXT('2D SPACE',''
  ) );
#2580 = PCURVE('',#2079,#2581);
#2581 = DEFINITIONAL_REPRESENTATION('',(#2582),#2586);
#2582 = LINE('',#2583,#2584);
#2583 = CARTESIAN_POINT('',(39.6,0.));
#2584 = VECTOR('',#2585,1.);
#2585 = DIRECTION('',(0.,1.));
#2586 = ( GEOMETRIC_REPRESENTATION_CONTEXT(2) 
PARAMETRIC_REPRESENTATION_CONTEXT() REPRESENTATION_CONTEXT('2D SPACE',''
  ) );
#2587 = ORIENTED_EDGE('',*,*,#2588,.T.);
#2588 = EDGE_CURVE('',#2566,#507,#2589,.T.);
#2589 = SURFACE_CURVE('',#2590,(#2594,#2601),.PCURVE_S1.);
#2590 = LINE('',#2591,#2592);
#2591 = CARTESIAN_POINT('',(19.8,10.8,2.5));
#2592 = VECTOR('',#2593,1.);
#2593 = DIRECTION('',(0.,0.,1.));
#2594 = PCURVE('',#550,#2595);
#2595 = DEFINITIONAL_REPRESENTATION('',(#2596),#2600);
#2596 = LINE('',#2597,#2598);
#2597 = CARTESIAN_POINT('',(0.,-23.1));
#2598 = VECTOR('',#2599,1.);
#2599 = DIRECTION('',(1.,0.));
#2600 = ( GEOMETRIC_REPRESENTATION_CONTEXT(2) 
PARAMETRIC_REPRESENTATION_CONTEXT() REPRESENTATION_CONTEXT('2D SPACE',''
  ) );
#2601 = PCURVE('',#523,#2602);
#2602 = DEFINITIONAL_REPRESENTATION('',(#2603),#2607);
#2603 = LINE('',#2604,#2605);
#2604 = CARTESIAN_POINT('',(0.,0.));
#2605 = VECTOR('',#2606,1.);
#2606 = DIRECTION('',(0.,1.));
#2607 = ( GEOMETRIC_REPRESENTATION_CONTEXT(2) 
PARAMETRIC_REPRESENTATION_CONTEXT() REPRESENTATION_CONTEXT('2D SPACE',''
  ) );
#2608 = ADVANCED_FACE('',(#2609),#523,.F.);
#2609 = FACE_BOUND('',#2610,.F.);
#2610 = EDGE_LOOP('',(#2611,#2612,#2636,#2657));
#2611 = ORIENTED_EDGE('',*,*,#2588,.F.);
#2612 = ORIENTED_EDGE('',*,*,#2613,.T.);
#2613 = EDGE_CURVE('',#2566,#2614,#2616,.T.);
#2614 = VERTEX_POINT('',#2615);
#2615 = CARTESIAN_POINT('',(18.3,12.3,2.5));
#2616 = SURFACE_CURVE('',#2617,(#2622,#2629),.PCURVE_S1.);
#2617 = CIRCLE('',#2618,1.5);
#2618 = AXIS2_PLACEMENT_3D('',#2619,#2620,#2621);
#2619 = CARTESIAN_POINT('',(18.3,10.8,2.5));
#2620 = DIRECTION('',(0.,0.,1.));
#2621 = DIRECTION('',(0.,-1.,0.));
#2622 = PCURVE('',#523,#2623);
#2623 = DEFINITIONAL_REPRESENTATION('',(#2624),#2628);
#2624 = LINE('',#2625,#2626);
#2625 = CARTESIAN_POINT('',(-1.570796326795,0.));
#2626 = VECTOR('',#2627,1.);
#2627 = DIRECTION('',(1.,0.));
#2628 = ( GEOMETRIC_REPRESENTATION_CONTEXT(2) 
PARAMETRIC_REPRESENTATION_CONTEXT() REPRESENTATION_CONTEXT('2D SPACE',''
  ) );
#2629 = PCURVE('',#2079,#2630);
#2630 = DEFINITIONAL_REPRESENTATION('',(#2631),#2635);
#2631 = CIRCLE('',#2632,1.5);
#2632 = AXIS2_PLACEMENT_2D('',#2633,#2634);
#2633 = CARTESIAN_POINT('',(38.1,23.1));
#2634 = DIRECTION('',(0.,-1.));
#2635 = ( GEOMETRIC_REPRESENTATION_CONTEXT(2) 
PARAMETRIC_REPRESENTATION_CONTEXT() REPRESENTATION_CONTEXT('2D SPACE',''
  ) );
#2636 = ORIENTED_EDGE('',*,*,#2637,.T.);
#2637 = EDGE_CURVE('',#2614,#481,#2638,.T.);
#2638 = SURFACE_CURVE('',#2639,(#2643,#2650),.PCURVE_S1.);
#2639 = LINE('',#2640,#2641);
#2640 = CARTESIAN_POINT('',(18.3,12.3,2.5));
#2641 = VECTOR('',#2642,1.);
#2642 = DIRECTION('',(0.,0.,1.));
#2643 = PCURVE('',#523,#2644);
#2644 = DEFINITIONAL_REPRESENTATION('',(#2645),#2649);
#2645 = LINE('',#2646,#2647);
#2646 = CARTESIAN_POINT('',(1.570796326795,0.));
#2647 = VECTOR('',#2648,1.);
#2648 = DIRECTION('',(0.,1.));
#2649 = ( GEOMETRIC_REPRESENTATION_CONTEXT(2) 
PARAMETRIC_REPRESENTATION_CONTEXT() REPRESENTATION_CONTEXT('2D SPACE',''
  ) );
#2650 = PCURVE('',#495,#2651);
#2651 = DEFINITIONAL_REPRESENTATION('',(#2652),#2656);
#2652 = LINE('',#2653,#2654);
#2653 = CARTESIAN_POINT('',(0.,38.1));
#2654 = VECTOR('',#2655,1.);
#2655 = DIRECTION('',(1.,0.));
#2656 = ( GEOMETRIC_REPRESENTATION_CONTEXT(2) 
PARAMETRIC_REPRESENTATION_CONTEXT() REPRESENTATION_CONTEXT('2D SPACE',''
  ) );
#2657 = ORIENTED_EDGE('',*,*,#506,.F.);
#2658 = ADVANCED_FACE('',(#2659,#2707,#2793,#2879,#2965),#495,.F.);
#2659 = FACE_BOUND('',#2660,.F.);
#2660 = EDGE_LOOP('',(#2661,#2684,#2705,#2706));
#2661 = ORIENTED_EDGE('',*,*,#2662,.F.);
#2662 = EDGE_CURVE('',#2663,#2614,#2665,.T.);
#2663 = VERTEX_POINT('',#2664);
#2664 = CARTESIAN_POINT('',(-18.3,12.3,2.5));
#2665 = SURFACE_CURVE('',#2666,(#2670,#2677),.PCURVE_S1.);
#2666 = LINE('',#2667,#2668);
#2667 = CARTESIAN_POINT('',(-19.8,12.3,2.5));
#2668 = VECTOR('',#2669,1.);
#2669 = DIRECTION('',(1.,0.,0.));
#2670 = PCURVE('',#495,#2671);
#2671 = DEFINITIONAL_REPRESENTATION('',(#2672),#2676);
#2672 = LINE('',#2673,#2674);
#2673 = CARTESIAN_POINT('',(0.,0.));
#2674 = VECTOR('',#2675,1.);
#2675 = DIRECTION('',(0.,1.));
#2676 = ( GEOMETRIC_REPRESENTATION_CONTEXT(2) 
PARAMETRIC_REPRESENTATION_CONTEXT() REPRESENTATION_CONTEXT('2D SPACE',''
  ) );
#2677 = PCURVE('',#2079,#2678);
#2678 = DEFINITIONAL_REPRESENTATION('',(#2679),#2683);
#2679 = LINE('',#2680,#2681);
#2680 = CARTESIAN_POINT('',(0.,24.6));
#2681 = VECTOR('',#2682,1.);
#2682 = DIRECTION('',(1.,0.));
#2683 = ( GEOMETRIC_REPRESENTATION_CONTEXT(2) 
PARAMETRIC_REPRESENTATION_CONTEXT() REPRESENTATION_CONTEXT('2D SPACE',''
  ) );
#2684 = ORIENTED_EDGE('',*,*,#2685,.T.);
#2685 = EDGE_CURVE('',#2663,#452,#2686,.T.);
#2686 = SURFACE_CURVE('',#2687,(#2691,#2698),.PCURVE_S1.);
#2687 = LINE('',#2688,#2689);
#2688 = CARTESIAN_POINT('',(-18.3,12.3,2.5));
#2689 = VECTOR('',#2690,1.);
#2690 = DIRECTION('',(0.,0.,1.));
#2691 = PCURVE('',#495,#2692);
#2692 = DEFINITIONAL_REPRESENTATION('',(#2693),#2697);
#2693 = LINE('',#2694,#2695);
#2694 = CARTESIAN_POINT('',(0.,1.5));
#2695 = VECTOR('',#2696,1.);
#2696 = DIRECTION('',(1.,0.));
#2697 = ( GEOMETRIC_REPRESENTATION_CONTEXT(2) 
PARAMETRIC_REPRESENTATION_CONTEXT() REPRESENTATION_CONTEXT('2D SPACE',''
  ) );
#2698 = PCURVE('',#468,#2699);
#2699 = DEFINITIONAL_REPRESENTATION('',(#2700),#2704);
#2700 = LINE('',#2701,#2702);
#2701 = CARTESIAN_POINT('',(-1.570796326795,0.));
#2702 = VECTOR('',#2703,1.);
#2703 = DIRECTION('',(-0.,1.));
#2704 = ( GEOMETRIC_REPRESENTATION_CONTEXT(2) 
PARAMETRIC_REPRESENTATION_CONTEXT() REPRESENTATION_CONTEXT('2D SPACE',''
  ) );
#2705 = ORIENTED_EDGE('',*,*,#480,.F.);
#2706 = ORIENTED_EDGE('',*,*,#2637,.F.);
#2707 = FACE_BOUND('',#2708,.F.);
#2708 = EDGE_LOOP('',(#2709,#2732,#2753,#2774));
#2709 = ORIENTED_EDGE('',*,*,#2710,.F.);
#2710 = EDGE_CURVE('',#2711,#2713,#2715,.T.);
#2711 = VERTEX_POINT('',#2712);
#2712 = CARTESIAN_POINT('',(-11.76304639864,12.3,5.707872325063));
#2713 = VERTEX_POINT('',#2714);
#2714 = CARTESIAN_POINT('',(-11.0022011856,12.3,5.955085920563));
#2715 = SURFACE_CURVE('',#2716,(#2720,#2726),.PCURVE_S1.);
#2716 = LINE('',#2717,#2718);
#2717 = CARTESIAN_POINT('',(-15.86917782158,12.3,4.373709350429));
#2718 = VECTOR('',#2719,1.);
#2719 = DIRECTION('',(0.951056516295,-0.,0.309016994375));
#2720 = PCURVE('',#495,#2721);
#2721 = DEFINITIONAL_REPRESENTATION('',(#2722),#2725);
#2722 = B_SPLINE_CURVE_WITH_KNOTS('',1,(#2723,#2724),.UNSPECIFIED.,.F.,
  .F.,(2,2),(4.317442078981,5.117442078981),.PIECEWISE_BEZIER_KNOTS.);
#2723 = CARTESIAN_POINT('',(3.207872325063,8.036953601357));
#2724 = CARTESIAN_POINT('',(3.455085920563,8.797798814393));
#2725 = ( GEOMETRIC_REPRESENTATION_CONTEXT(2) 
PARAMETRIC_REPRESENTATION_CONTEXT() REPRESENTATION_CONTEXT('2D SPACE',''
  ) );
#2726 = PCURVE('',#1570,#2727);
#2727 = DEFINITIONAL_REPRESENTATION('',(#2728),#2731);
#2728 = B_SPLINE_CURVE_WITH_KNOTS('',1,(#2729,#2730),.UNSPECIFIED.,.F.,
  .F.,(2,2),(4.317442078981,5.117442078981),.PIECEWISE_BEZIER_KNOTS.);
#2729 = CARTESIAN_POINT('',(0.,0.8));
#2730 = CARTESIAN_POINT('',(0.8,0.8));
#2731 = ( GEOMETRIC_REPRESENTATION_CONTEXT(2) 
PARAMETRIC_REPRESENTATION_CONTEXT() REPRESENTATION_CONTEXT('2D SPACE',''
  ) );
#2732 = ORIENTED_EDGE('',*,*,#2733,.T.);
#2733 = EDGE_CURVE('',#2711,#2734,#2736,.T.);
#2734 = VERTEX_POINT('',#2735);
#2735 = CARTESIAN_POINT('',(-10.89779881439,12.3,3.044914079437));
#2736 = SURFACE_CURVE('',#2737,(#2741,#2747),.PCURVE_S1.);
#2737 = LINE('',#2738,#2739);
#2738 = CARTESIAN_POINT('',(-11.24276798425,12.3,4.106620014353));
#2739 = VECTOR('',#2740,1.);
#2740 = DIRECTION('',(0.309016994375,0.,-0.951056516295));
#2741 = PCURVE('',#495,#2742);
#2742 = DEFINITIONAL_REPRESENTATION('',(#2743),#2746);
#2743 = B_SPLINE_CURVE_WITH_KNOTS('',1,(#2744,#2745),.UNSPECIFIED.,.F.,
  .F.,(2,2),(-1.683656316186,1.116343683814),.PIECEWISE_BEZIER_KNOTS.);
#2744 = CARTESIAN_POINT('',(3.207872325063,8.036953601357));
#2745 = CARTESIAN_POINT('',(0.544914079437,8.902201185607));
#2746 = ( GEOMETRIC_REPRESENTATION_CONTEXT(2) 
PARAMETRIC_REPRESENTATION_CONTEXT() REPRESENTATION_CONTEXT('2D SPACE',''
  ) );
#2747 = PCURVE('',#1596,#2748);
#2748 = DEFINITIONAL_REPRESENTATION('',(#2749),#2752);
#2749 = B_SPLINE_CURVE_WITH_KNOTS('',1,(#2750,#2751),.UNSPECIFIED.,.F.,
  .F.,(2,2),(-1.683656316186,1.116343683814),.PIECEWISE_BEZIER_KNOTS.);
#2750 = CARTESIAN_POINT('',(2.8,-0.8));
#2751 = CARTESIAN_POINT('',(0.,-0.8));
#2752 = ( GEOMETRIC_REPRESENTATION_CONTEXT(2) 
PARAMETRIC_REPRESENTATION_CONTEXT() REPRESENTATION_CONTEXT('2D SPACE',''
  ) );
#2753 = ORIENTED_EDGE('',*,*,#2754,.T.);
#2754 = EDGE_CURVE('',#2734,#2755,#2757,.T.);
#2755 = VERTEX_POINT('',#2756);
#2756 = CARTESIAN_POINT('',(-10.13695360135,12.3,3.292127674937));
#2757 = SURFACE_CURVE('',#2758,(#2762,#2768),.PCURVE_S1.);
#2758 = LINE('',#2759,#2760);
#2759 = CARTESIAN_POINT('',(-15.00393023733,12.3,1.710751104802));
#2760 = VECTOR('',#2761,1.);
#2761 = DIRECTION('',(0.951056516295,-0.,0.309016994375));
#2762 = PCURVE('',#495,#2763);
#2763 = DEFINITIONAL_REPRESENTATION('',(#2764),#2767);
#2764 = B_SPLINE_CURVE_WITH_KNOTS('',1,(#2765,#2766),.UNSPECIFIED.,.F.,
  .F.,(2,2),(4.317442078981,5.117442078981),.PIECEWISE_BEZIER_KNOTS.);
#2765 = CARTESIAN_POINT('',(0.544914079437,8.902201185607));
#2766 = CARTESIAN_POINT('',(0.792127674937,9.663046398643));
#2767 = ( GEOMETRIC_REPRESENTATION_CONTEXT(2) 
PARAMETRIC_REPRESENTATION_CONTEXT() REPRESENTATION_CONTEXT('2D SPACE',''
  ) );
#2768 = PCURVE('',#1622,#2769);
#2769 = DEFINITIONAL_REPRESENTATION('',(#2770),#2773);
#2770 = B_SPLINE_CURVE_WITH_KNOTS('',1,(#2771,#2772),.UNSPECIFIED.,.F.,
  .F.,(2,2),(4.317442078981,5.117442078981),.PIECEWISE_BEZIER_KNOTS.);
#2771 = CARTESIAN_POINT('',(0.,0.8));
#2772 = CARTESIAN_POINT('',(0.8,0.8));
#2773 = ( GEOMETRIC_REPRESENTATION_CONTEXT(2) 
PARAMETRIC_REPRESENTATION_CONTEXT() REPRESENTATION_CONTEXT('2D SPACE',''
  ) );
#2774 = ORIENTED_EDGE('',*,*,#2775,.F.);
#2775 = EDGE_CURVE('',#2713,#2755,#2776,.T.);
#2776 = SURFACE_CURVE('',#2777,(#2781,#2787),.PCURVE_S1.);
#2777 = LINE('',#2778,#2779);
#2778 = CARTESIAN_POINT('',(-10.48192277121,12.3,4.353833609853));
#2779 = VECTOR('',#2780,1.);
#2780 = DIRECTION('',(0.309016994375,0.,-0.951056516295));
#2781 = PCURVE('',#495,#2782);
#2782 = DEFINITIONAL_REPRESENTATION('',(#2783),#2786);
#2783 = B_SPLINE_CURVE_WITH_KNOTS('',1,(#2784,#2785),.UNSPECIFIED.,.F.,
  .F.,(2,2),(-1.683656316186,1.116343683814),.PIECEWISE_BEZIER_KNOTS.);
#2784 = CARTESIAN_POINT('',(3.455085920563,8.797798814393));
#2785 = CARTESIAN_POINT('',(0.792127674937,9.663046398643));
#2786 = ( GEOMETRIC_REPRESENTATION_CONTEXT(2) 
PARAMETRIC_REPRESENTATION_CONTEXT() REPRESENTATION_CONTEXT('2D SPACE',''
  ) );
#2787 = PCURVE('',#1646,#2788);
#2788 = DEFINITIONAL_REPRESENTATION('',(#2789),#2792);
#2789 = B_SPLINE_CURVE_WITH_KNOTS('',1,(#2790,#2791),.UNSPECIFIED.,.F.,
  .F.,(2,2),(-1.683656316186,1.116343683814),.PIECEWISE_BEZIER_KNOTS.);
#2790 = CARTESIAN_POINT('',(2.8,-0.8));
#2791 = CARTESIAN_POINT('',(0.,-0.8));
#2792 = ( GEOMETRIC_REPRESENTATION_CONTEXT(2) 
PARAMETRIC_REPRESENTATION_CONTEXT() REPRESENTATION_CONTEXT('2D SPACE',''
  ) );
#2793 = FACE_BOUND('',#2794,.F.);
#2794 = EDGE_LOOP('',(#2795,#2818,#2839,#2860));
#2795 = ORIENTED_EDGE('',*,*,#2796,.F.);
#2796 = EDGE_CURVE('',#2797,#2799,#2801,.T.);
#2797 = VERTEX_POINT('',#2798);
#2798 = CARTESIAN_POINT('',(-9.863046398643,12.3,5.707872325063));
#2799 = VERTEX_POINT('',#2800);
#2800 = CARTESIAN_POINT('',(-9.102201185607,12.3,5.955085920563));
#2801 = SURFACE_CURVE('',#2802,(#2806,#2812),.PCURVE_S1.);
#2802 = LINE('',#2803,#2804);
#2803 = CARTESIAN_POINT('',(-14.82846089391,12.3,4.09451135559));
#2804 = VECTOR('',#2805,1.);
#2805 = DIRECTION('',(0.951056516295,-0.,0.309016994375));
#2806 = PCURVE('',#495,#2807);
#2807 = DEFINITIONAL_REPRESENTATION('',(#2808),#2811);
#2808 = B_SPLINE_CURVE_WITH_KNOTS('',1,(#2809,#2810),.UNSPECIFIED.,.F.,
  .F.,(2,2),(5.220945769461,6.020945769461),.PIECEWISE_BEZIER_KNOTS.);
#2809 = CARTESIAN_POINT('',(3.207872325063,9.936953601357));
#2810 = CARTESIAN_POINT('',(3.455085920563,10.697798814393));
#2811 = ( GEOMETRIC_REPRESENTATION_CONTEXT(2) 
PARAMETRIC_REPRESENTATION_CONTEXT() REPRESENTATION_CONTEXT('2D SPACE',''
  ) );
#2812 = PCURVE('',#1676,#2813);
#2813 = DEFINITIONAL_REPRESENTATION('',(#2814),#2817);
#2814 = B_SPLINE_CURVE_WITH_KNOTS('',1,(#2815,#2816),.UNSPECIFIED.,.F.,
  .F.,(2,2),(5.220945769461,6.020945769461),.PIECEWISE_BEZIER_KNOTS.);
#2815 = CARTESIAN_POINT('',(0.,0.8));
#2816 = CARTESIAN_POINT('',(0.8,0.8));
#2817 = ( GEOMETRIC_REPRESENTATION_CONTEXT(2) 
PARAMETRIC_REPRESENTATION_CONTEXT() REPRESENTATION_CONTEXT('2D SPACE',''
  ) );
#2818 = ORIENTED_EDGE('',*,*,#2819,.T.);
#2819 = EDGE_CURVE('',#2797,#2820,#2822,.T.);
#2820 = VERTEX_POINT('',#2821);
#2821 = CARTESIAN_POINT('',(-8.997798814393,12.3,3.044914079437));
#2822 = SURFACE_CURVE('',#2823,(#2827,#2833),.PCURVE_S1.);
#2823 = LINE('',#2824,#2825);
#2824 = CARTESIAN_POINT('',(-9.433484911927,12.3,4.385818009192));
#2825 = VECTOR('',#2826,1.);
#2826 = DIRECTION('',(0.309016994375,0.,-0.951056516295));
#2827 = PCURVE('',#495,#2828);
#2828 = DEFINITIONAL_REPRESENTATION('',(#2829),#2832);
#2829 = B_SPLINE_CURVE_WITH_KNOTS('',1,(#2830,#2831),.UNSPECIFIED.,.F.,
  .F.,(2,2),(-1.39009017153,1.40990982847),.PIECEWISE_BEZIER_KNOTS.);
#2830 = CARTESIAN_POINT('',(3.207872325063,9.936953601357));
#2831 = CARTESIAN_POINT('',(0.544914079437,10.802201185607));
#2832 = ( GEOMETRIC_REPRESENTATION_CONTEXT(2) 
PARAMETRIC_REPRESENTATION_CONTEXT() REPRESENTATION_CONTEXT('2D SPACE',''
  ) );
#2833 = PCURVE('',#1702,#2834);
#2834 = DEFINITIONAL_REPRESENTATION('',(#2835),#2838);
#2835 = B_SPLINE_CURVE_WITH_KNOTS('',1,(#2836,#2837),.UNSPECIFIED.,.F.,
  .F.,(2,2),(-1.39009017153,1.40990982847),.PIECEWISE_BEZIER_KNOTS.);
#2836 = CARTESIAN_POINT('',(2.8,-0.8));
#2837 = CARTESIAN_POINT('',(0.,-0.8));
#2838 = ( GEOMETRIC_REPRESENTATION_CONTEXT(2) 
PARAMETRIC_REPRESENTATION_CONTEXT() REPRESENTATION_CONTEXT('2D SPACE',''
  ) );
#2839 = ORIENTED_EDGE('',*,*,#2840,.T.);
#2840 = EDGE_CURVE('',#2820,#2841,#2843,.T.);
#2841 = VERTEX_POINT('',#2842);
#2842 = CARTESIAN_POINT('',(-8.236953601357,12.3,3.292127674937));
#2843 = SURFACE_CURVE('',#2844,(#2848,#2854),.PCURVE_S1.);
#2844 = LINE('',#2845,#2846);
#2845 = CARTESIAN_POINT('',(-13.96321330966,12.3,1.431553109963));
#2846 = VECTOR('',#2847,1.);
#2847 = DIRECTION('',(0.951056516295,-0.,0.309016994375));
#2848 = PCURVE('',#495,#2849);
#2849 = DEFINITIONAL_REPRESENTATION('',(#2850),#2853);
#2850 = B_SPLINE_CURVE_WITH_KNOTS('',1,(#2851,#2852),.UNSPECIFIED.,.F.,
  .F.,(2,2),(5.220945769461,6.020945769461),.PIECEWISE_BEZIER_KNOTS.);
#2851 = CARTESIAN_POINT('',(0.544914079437,10.802201185607));
#2852 = CARTESIAN_POINT('',(0.792127674937,11.563046398643));
#2853 = ( GEOMETRIC_REPRESENTATION_CONTEXT(2) 
PARAMETRIC_REPRESENTATION_CONTEXT() REPRESENTATION_CONTEXT('2D SPACE',''
  ) );
#2854 = PCURVE('',#1728,#2855);
#2855 = DEFINITIONAL_REPRESENTATION('',(#2856),#2859);
#2856 = B_SPLINE_CURVE_WITH_KNOTS('',1,(#2857,#2858),.UNSPECIFIED.,.F.,
  .F.,(2,2),(5.220945769461,6.020945769461),.PIECEWISE_BEZIER_KNOTS.);
#2857 = CARTESIAN_POINT('',(0.,0.8));
#2858 = CARTESIAN_POINT('',(0.8,0.8));
#2859 = ( GEOMETRIC_REPRESENTATION_CONTEXT(2) 
PARAMETRIC_REPRESENTATION_CONTEXT() REPRESENTATION_CONTEXT('2D SPACE',''
  ) );
#2860 = ORIENTED_EDGE('',*,*,#2861,.F.);
#2861 = EDGE_CURVE('',#2799,#2841,#2862,.T.);
#2862 = SURFACE_CURVE('',#2863,(#2867,#2873),.PCURVE_S1.);
#2863 = LINE('',#2864,#2865);
#2864 = CARTESIAN_POINT('',(-8.672639698891,12.3,4.633031604692));
#2865 = VECTOR('',#2866,1.);
#2866 = DIRECTION('',(0.309016994375,0.,-0.951056516295));
#2867 = PCURVE('',#495,#2868);
#2868 = DEFINITIONAL_REPRESENTATION('',(#2869),#2872);
#2869 = B_SPLINE_CURVE_WITH_KNOTS('',1,(#2870,#2871),.UNSPECIFIED.,.F.,
  .F.,(2,2),(-1.39009017153,1.40990982847),.PIECEWISE_BEZIER_KNOTS.);
#2870 = CARTESIAN_POINT('',(3.455085920563,10.697798814393));
#2871 = CARTESIAN_POINT('',(0.792127674937,11.563046398643));
#2872 = ( GEOMETRIC_REPRESENTATION_CONTEXT(2) 
PARAMETRIC_REPRESENTATION_CONTEXT() REPRESENTATION_CONTEXT('2D SPACE',''
  ) );
#2873 = PCURVE('',#1752,#2874);
#2874 = DEFINITIONAL_REPRESENTATION('',(#2875),#2878);
#2875 = B_SPLINE_CURVE_WITH_KNOTS('',1,(#2876,#2877),.UNSPECIFIED.,.F.,
  .F.,(2,2),(-1.39009017153,1.40990982847),.PIECEWISE_BEZIER_KNOTS.);
#2876 = CARTESIAN_POINT('',(2.8,-0.8));
#2877 = CARTESIAN_POINT('',(0.,-0.8));
#2878 = ( GEOMETRIC_REPRESENTATION_CONTEXT(2) 
PARAMETRIC_REPRESENTATION_CONTEXT() REPRESENTATION_CONTEXT('2D SPACE',''
  ) );
#2879 = FACE_BOUND('',#2880,.F.);
#2880 = EDGE_LOOP('',(#2881,#2904,#2925,#2946));
#2881 = ORIENTED_EDGE('',*,*,#2882,.F.);
#2882 = EDGE_CURVE('',#2883,#2885,#2887,.T.);
#2883 = VERTEX_POINT('',#2884);
#2884 = CARTESIAN_POINT('',(8.236953601357,12.3,5.707872325063));
#2885 = VERTEX_POINT('',#2886);
#2886 = CARTESIAN_POINT('',(8.997798814393,12.3,5.955085920563));
#2887 = SURFACE_CURVE('',#2888,(#2892,#2898),.PCURVE_S1.);
#2888 = LINE('',#2889,#2890);
#2889 = CARTESIAN_POINT('',(-4.91426279346,12.3,1.434783088966));
#2890 = VECTOR('',#2891,1.);
#2891 = DIRECTION('',(0.951056516295,-0.,0.309016994375));
#2892 = PCURVE('',#495,#2893);
#2893 = DEFINITIONAL_REPRESENTATION('',(#2894),#2897);
#2894 = B_SPLINE_CURVE_WITH_KNOTS('',1,(#2895,#2896),.UNSPECIFIED.,.F.,
  .F.,(2,2),(13.828007241933,14.628007241933),.PIECEWISE_BEZIER_KNOTS.);
#2895 = CARTESIAN_POINT('',(3.207872325063,28.036953601357));
#2896 = CARTESIAN_POINT('',(3.455085920563,28.797798814393));
#2897 = ( GEOMETRIC_REPRESENTATION_CONTEXT(2) 
PARAMETRIC_REPRESENTATION_CONTEXT() REPRESENTATION_CONTEXT('2D SPACE',''
  ) );
#2898 = PCURVE('',#1782,#2899);
#2899 = DEFINITIONAL_REPRESENTATION('',(#2900),#2903);
#2900 = B_SPLINE_CURVE_WITH_KNOTS('',1,(#2901,#2902),.UNSPECIFIED.,.F.,
  .F.,(2,2),(13.828007241933,14.628007241933),.PIECEWISE_BEZIER_KNOTS.);
#2901 = CARTESIAN_POINT('',(0.,0.8));
#2902 = CARTESIAN_POINT('',(0.8,0.8));
#2903 = ( GEOMETRIC_REPRESENTATION_CONTEXT(2) 
PARAMETRIC_REPRESENTATION_CONTEXT() REPRESENTATION_CONTEXT('2D SPACE',''
  ) );
#2904 = ORIENTED_EDGE('',*,*,#2905,.T.);
#2905 = EDGE_CURVE('',#2883,#2906,#2908,.T.);
#2906 = VERTEX_POINT('',#2907);
#2907 = CARTESIAN_POINT('',(9.102201185607,12.3,3.044914079437));
#2908 = SURFACE_CURVE('',#2909,(#2913,#2919),.PCURVE_S1.);
#2909 = LINE('',#2910,#2911);
#2910 = CARTESIAN_POINT('',(7.80231698762,12.3,7.045546275815));
#2911 = VECTOR('',#2912,1.);
#2912 = DIRECTION('',(0.309016994375,0.,-0.951056516295));
#2913 = PCURVE('',#495,#2914);
#2914 = DEFINITIONAL_REPRESENTATION('',(#2915),#2918);
#2915 = B_SPLINE_CURVE_WITH_KNOTS('',1,(#2916,#2917),.UNSPECIFIED.,.F.,
  .F.,(2,2),(1.406513627563,4.206513627563),.PIECEWISE_BEZIER_KNOTS.);
#2916 = CARTESIAN_POINT('',(3.207872325063,28.036953601357));
#2917 = CARTESIAN_POINT('',(0.544914079437,28.902201185607));
#2918 = ( GEOMETRIC_REPRESENTATION_CONTEXT(2) 
PARAMETRIC_REPRESENTATION_CONTEXT() REPRESENTATION_CONTEXT('2D SPACE',''
  ) );
#2919 = PCURVE('',#1808,#2920);
#2920 = DEFINITIONAL_REPRESENTATION('',(#2921),#2924);
#2921 = B_SPLINE_CURVE_WITH_KNOTS('',1,(#2922,#2923),.UNSPECIFIED.,.F.,
  .F.,(2,2),(1.406513627563,4.206513627563),.PIECEWISE_BEZIER_KNOTS.);
#2922 = CARTESIAN_POINT('',(2.8,-0.8));
#2923 = CARTESIAN_POINT('',(0.,-0.8));
#2924 = ( GEOMETRIC_REPRESENTATION_CONTEXT(2) 
PARAMETRIC_REPRESENTATION_CONTEXT() REPRESENTATION_CONTEXT('2D SPACE',''
  ) );
#2925 = ORIENTED_EDGE('',*,*,#2926,.T.);
#2926 = EDGE_CURVE('',#2906,#2927,#2929,.T.);
#2927 = VERTEX_POINT('',#2928);
#2928 = CARTESIAN_POINT('',(9.863046398643,12.3,3.292127674937));
#2929 = SURFACE_CURVE('',#2930,(#2934,#2940),.PCURVE_S1.);
#2930 = LINE('',#2931,#2932);
#2931 = CARTESIAN_POINT('',(-4.04901520921,12.3,-1.22817515666));
#2932 = VECTOR('',#2933,1.);
#2933 = DIRECTION('',(0.951056516295,-0.,0.309016994375));
#2934 = PCURVE('',#495,#2935);
#2935 = DEFINITIONAL_REPRESENTATION('',(#2936),#2939);
#2936 = B_SPLINE_CURVE_WITH_KNOTS('',1,(#2937,#2938),.UNSPECIFIED.,.F.,
  .F.,(2,2),(13.828007241933,14.628007241933),.PIECEWISE_BEZIER_KNOTS.);
#2937 = CARTESIAN_POINT('',(0.544914079437,28.902201185607));
#2938 = CARTESIAN_POINT('',(0.792127674937,29.663046398643));
#2939 = ( GEOMETRIC_REPRESENTATION_CONTEXT(2) 
PARAMETRIC_REPRESENTATION_CONTEXT() REPRESENTATION_CONTEXT('2D SPACE',''
  ) );
#2940 = PCURVE('',#1834,#2941);
#2941 = DEFINITIONAL_REPRESENTATION('',(#2942),#2945);
#2942 = B_SPLINE_CURVE_WITH_KNOTS('',1,(#2943,#2944),.UNSPECIFIED.,.F.,
  .F.,(2,2),(13.828007241933,14.628007241933),.PIECEWISE_BEZIER_KNOTS.);
#2943 = CARTESIAN_POINT('',(0.,0.8));
#2944 = CARTESIAN_POINT('',(0.8,0.8));
#2945 = ( GEOMETRIC_REPRESENTATION_CONTEXT(2) 
PARAMETRIC_REPRESENTATION_CONTEXT() REPRESENTATION_CONTEXT('2D SPACE',''
  ) );
#2946 = ORIENTED_EDGE('',*,*,#2947,.F.);
#2947 = EDGE_CURVE('',#2885,#2927,#2948,.T.);
#2948 = SURFACE_CURVE('',#2949,(#2953,#2959),.PCURVE_S1.);
#2949 = LINE('',#2950,#2951);
#2950 = CARTESIAN_POINT('',(8.563162200656,12.3,7.292759871315));
#2951 = VECTOR('',#2952,1.);
#2952 = DIRECTION('',(0.309016994375,0.,-0.951056516295));
#2953 = PCURVE('',#495,#2954);
#2954 = DEFINITIONAL_REPRESENTATION('',(#2955),#2958);
#2955 = B_SPLINE_CURVE_WITH_KNOTS('',1,(#2956,#2957),.UNSPECIFIED.,.F.,
  .F.,(2,2),(1.406513627563,4.206513627563),.PIECEWISE_BEZIER_KNOTS.);
#2956 = CARTESIAN_POINT('',(3.455085920563,28.797798814393));
#2957 = CARTESIAN_POINT('',(0.792127674937,29.663046398643));
#2958 = ( GEOMETRIC_REPRESENTATION_CONTEXT(2) 
PARAMETRIC_REPRESENTATION_CONTEXT() REPRESENTATION_CONTEXT('2D SPACE',''
  ) );
#2959 = PCURVE('',#1858,#2960);
#2960 = DEFINITIONAL_REPRESENTATION('',(#2961),#2964);
#2961 = B_SPLINE_CURVE_WITH_KNOTS('',1,(#2962,#2963),.UNSPECIFIED.,.F.,
  .F.,(2,2),(1.406513627563,4.206513627563),.PIECEWISE_BEZIER_KNOTS.);
#2962 = CARTESIAN_POINT('',(2.8,-0.8));
#2963 = CARTESIAN_POINT('',(0.,-0.8));
#2964 = ( GEOMETRIC_REPRESENTATION_CONTEXT(2) 
PARAMETRIC_REPRESENTATION_CONTEXT() REPRESENTATION_CONTEXT('2D SPACE',''
  ) );
#2965 = FACE_BOUND('',#2966,.F.);
#2966 = EDGE_LOOP('',(#2967,#2990,#3011,#3032));
#2967 = ORIENTED_EDGE('',*,*,#2968,.F.);
#2968 = EDGE_CURVE('',#2969,#2971,#2973,.T.);
#2969 = VERTEX_POINT('',#2970);
#2970 = CARTESIAN_POINT('',(10.136953601357,12.3,5.707872325063));
#2971 = VERTEX_POINT('',#2972);
#2972 = CARTESIAN_POINT('',(10.897798814393,12.3,5.955085920563));
#2973 = SURFACE_CURVE('',#2974,(#2978,#2984),.PCURVE_S1.);
#2974 = LINE('',#2975,#2976);
#2975 = CARTESIAN_POINT('',(-3.873545865788,12.3,1.155585094127));
#2976 = VECTOR('',#2977,1.);
#2977 = DIRECTION('',(0.951056516295,-0.,0.309016994375));
#2978 = PCURVE('',#495,#2979);
#2979 = DEFINITIONAL_REPRESENTATION('',(#2980),#2983);
#2980 = B_SPLINE_CURVE_WITH_KNOTS('',1,(#2981,#2982),.UNSPECIFIED.,.F.,
  .F.,(2,2),(14.731510932413,15.531510932413),.PIECEWISE_BEZIER_KNOTS.);
#2981 = CARTESIAN_POINT('',(3.207872325063,29.936953601357));
#2982 = CARTESIAN_POINT('',(3.455085920563,30.697798814393));
#2983 = ( GEOMETRIC_REPRESENTATION_CONTEXT(2) 
PARAMETRIC_REPRESENTATION_CONTEXT() REPRESENTATION_CONTEXT('2D SPACE',''
  ) );
#2984 = PCURVE('',#1888,#2985);
#2985 = DEFINITIONAL_REPRESENTATION('',(#2986),#2989);
#2986 = B_SPLINE_CURVE_WITH_KNOTS('',1,(#2987,#2988),.UNSPECIFIED.,.F.,
  .F.,(2,2),(14.731510932413,15.531510932413),.PIECEWISE_BEZIER_KNOTS.);
#2987 = CARTESIAN_POINT('',(0.,0.8));
#2988 = CARTESIAN_POINT('',(0.8,0.8));
#2989 = ( GEOMETRIC_REPRESENTATION_CONTEXT(2) 
PARAMETRIC_REPRESENTATION_CONTEXT() REPRESENTATION_CONTEXT('2D SPACE',''
  ) );
#2990 = ORIENTED_EDGE('',*,*,#2991,.T.);
#2991 = EDGE_CURVE('',#2969,#2992,#2994,.T.);
#2992 = VERTEX_POINT('',#2993);
#2993 = CARTESIAN_POINT('',(11.002201185607,12.3,3.044914079437));
#2994 = SURFACE_CURVE('',#2995,(#2999,#3005),.PCURVE_S1.);
#2995 = LINE('',#2996,#2997);
#2996 = CARTESIAN_POINT('',(9.611600059948,12.3,7.324744270654));
#2997 = VECTOR('',#2998,1.);
#2998 = DIRECTION('',(0.309016994375,0.,-0.951056516295));
#2999 = PCURVE('',#495,#3000);
#3000 = DEFINITIONAL_REPRESENTATION('',(#3001),#3004);
#3001 = B_SPLINE_CURVE_WITH_KNOTS('',1,(#3002,#3003),.UNSPECIFIED.,.F.,
  .F.,(2,2),(1.70007977222,4.50007977222),.PIECEWISE_BEZIER_KNOTS.);
#3002 = CARTESIAN_POINT('',(3.207872325063,29.936953601357));
#3003 = CARTESIAN_POINT('',(0.544914079437,30.802201185607));
#3004 = ( GEOMETRIC_REPRESENTATION_CONTEXT(2) 
PARAMETRIC_REPRESENTATION_CONTEXT() REPRESENTATION_CONTEXT('2D SPACE',''
  ) );
#3005 = PCURVE('',#1914,#3006);
#3006 = DEFINITIONAL_REPRESENTATION('',(#3007),#3010);
#3007 = B_SPLINE_CURVE_WITH_KNOTS('',1,(#3008,#3009),.UNSPECIFIED.,.F.,
  .F.,(2,2),(1.70007977222,4.50007977222),.PIECEWISE_BEZIER_KNOTS.);
#3008 = CARTESIAN_POINT('',(2.8,-0.8));
#3009 = CARTESIAN_POINT('',(0.,-0.8));
#3010 = ( GEOMETRIC_REPRESENTATION_CONTEXT(2) 
PARAMETRIC_REPRESENTATION_CONTEXT() REPRESENTATION_CONTEXT('2D SPACE',''
  ) );
#3011 = ORIENTED_EDGE('',*,*,#3012,.T.);
#3012 = EDGE_CURVE('',#2992,#3013,#3015,.T.);
#3013 = VERTEX_POINT('',#3014);
#3014 = CARTESIAN_POINT('',(11.763046398643,12.3,3.292127674937));
#3015 = SURFACE_CURVE('',#3016,(#3020,#3026),.PCURVE_S1.);
#3016 = LINE('',#3017,#3018);
#3017 = CARTESIAN_POINT('',(-3.008298281538,12.3,-1.507373151499));
#3018 = VECTOR('',#3019,1.);
#3019 = DIRECTION('',(0.951056516295,-0.,0.309016994375));
#3020 = PCURVE('',#495,#3021);
#3021 = DEFINITIONAL_REPRESENTATION('',(#3022),#3025);
#3022 = B_SPLINE_CURVE_WITH_KNOTS('',1,(#3023,#3024),.UNSPECIFIED.,.F.,
  .F.,(2,2),(14.731510932413,15.531510932413),.PIECEWISE_BEZIER_KNOTS.);
#3023 = CARTESIAN_POINT('',(0.544914079437,30.802201185607));
#3024 = CARTESIAN_POINT('',(0.792127674937,31.563046398643));
#3025 = ( GEOMETRIC_REPRESENTATION_CONTEXT(2) 
PARAMETRIC_REPRESENTATION_CONTEXT() REPRESENTATION_CONTEXT('2D SPACE',''
  ) );
#3026 = PCURVE('',#1940,#3027);
#3027 = DEFINITIONAL_REPRESENTATION('',(#3028),#3031);
#3028 = B_SPLINE_CURVE_WITH_KNOTS('',1,(#3029,#3030),.UNSPECIFIED.,.F.,
  .F.,(2,2),(14.731510932413,15.531510932413),.PIECEWISE_BEZIER_KNOTS.);
#3029 = CARTESIAN_POINT('',(0.,0.8));
#3030 = CARTESIAN_POINT('',(0.8,0.8));
#3031 = ( GEOMETRIC_REPRESENTATION_CONTEXT(2) 
PARAMETRIC_REPRESENTATION_CONTEXT() REPRESENTATION_CONTEXT('2D SPACE',''
  ) );
#3032 = ORIENTED_EDGE('',*,*,#3033,.F.);
#3033 = EDGE_CURVE('',#2971,#3013,#3034,.T.);
#3034 = SURFACE_CURVE('',#3035,(#3039,#3045),.PCURVE_S1.);
#3035 = LINE('',#3036,#3037);
#3036 = CARTESIAN_POINT('',(10.372445272984,12.3,7.571957866154));
#3037 = VECTOR('',#3038,1.);
#3038 = DIRECTION('',(0.309016994375,0.,-0.951056516295));
#3039 = PCURVE('',#495,#3040);
#3040 = DEFINITIONAL_REPRESENTATION('',(#3041),#3044);
#3041 = B_SPLINE_CURVE_WITH_KNOTS('',1,(#3042,#3043),.UNSPECIFIED.,.F.,
  .F.,(2,2),(1.70007977222,4.50007977222),.PIECEWISE_BEZIER_KNOTS.);
#3042 = CARTESIAN_POINT('',(3.455085920563,30.697798814393));
#3043 = CARTESIAN_POINT('',(0.792127674937,31.563046398643));
#3044 = ( GEOMETRIC_REPRESENTATION_CONTEXT(2) 
PARAMETRIC_REPRESENTATION_CONTEXT() REPRESENTATION_CONTEXT('2D SPACE',''
  ) );
#3045 = PCURVE('',#1964,#3046);
#3046 = DEFINITIONAL_REPRESENTATION('',(#3047),#3050);
#3047 = B_SPLINE_CURVE_WITH_KNOTS('',1,(#3048,#3049),.UNSPECIFIED.,.F.,
  .F.,(2,2),(1.70007977222,4.50007977222),.PIECEWISE_BEZIER_KNOTS.);
#3048 = CARTESIAN_POINT('',(2.8,-0.8));
#3049 = CARTESIAN_POINT('',(0.,-0.8));
#3050 = ( GEOMETRIC_REPRESENTATION_CONTEXT(2) 
PARAMETRIC_REPRESENTATION_CONTEXT() REPRESENTATION_CONTEXT('2D SPACE',''
  ) );
#3051 = ADVANCED_FACE('',(#3052),#468,.F.);
#3052 = FACE_BOUND('',#3053,.T.);
#3053 = EDGE_LOOP('',(#3054,#3077,#3103,#3104));
#3054 = ORIENTED_EDGE('',*,*,#3055,.F.);
#3055 = EDGE_CURVE('',#3056,#426,#3058,.T.);
#3056 = VERTEX_POINT('',#3057);
#3057 = CARTESIAN_POINT('',(-19.8,10.8,2.5));
#3058 = SURFACE_CURVE('',#3059,(#3063,#3070),.PCURVE_S1.);
#3059 = LINE('',#3060,#3061);
#3060 = CARTESIAN_POINT('',(-19.8,10.8,2.5));
#3061 = VECTOR('',#3062,1.);
#3062 = DIRECTION('',(0.,0.,1.));
#3063 = PCURVE('',#468,#3064);
#3064 = DEFINITIONAL_REPRESENTATION('',(#3065),#3069);
#3065 = LINE('',#3066,#3067);
#3066 = CARTESIAN_POINT('',(-0.,0.));
#3067 = VECTOR('',#3068,1.);
#3068 = DIRECTION('',(-0.,1.));
#3069 = ( GEOMETRIC_REPRESENTATION_CONTEXT(2) 
PARAMETRIC_REPRESENTATION_CONTEXT() REPRESENTATION_CONTEXT('2D SPACE',''
  ) );
#3070 = PCURVE('',#440,#3071);
#3071 = DEFINITIONAL_REPRESENTATION('',(#3072),#3076);
#3072 = LINE('',#3073,#3074);
#3073 = CARTESIAN_POINT('',(0.,-23.1));
#3074 = VECTOR('',#3075,1.);
#3075 = DIRECTION('',(1.,0.));
#3076 = ( GEOMETRIC_REPRESENTATION_CONTEXT(2) 
PARAMETRIC_REPRESENTATION_CONTEXT() REPRESENTATION_CONTEXT('2D SPACE',''
  ) );
#3077 = ORIENTED_EDGE('',*,*,#3078,.T.);
#3078 = EDGE_CURVE('',#3056,#2663,#3079,.T.);
#3079 = SURFACE_CURVE('',#3080,(#3085,#3092),.PCURVE_S1.);
#3080 = CIRCLE('',#3081,1.5);
#3081 = AXIS2_PLACEMENT_3D('',#3082,#3083,#3084);
#3082 = CARTESIAN_POINT('',(-18.3,10.8,2.5));
#3083 = DIRECTION('',(-0.,-0.,-1.));
#3084 = DIRECTION('',(0.,-1.,0.));
#3085 = PCURVE('',#468,#3086);
#3086 = DEFINITIONAL_REPRESENTATION('',(#3087),#3091);
#3087 = LINE('',#3088,#3089);
#3088 = CARTESIAN_POINT('',(1.570796326795,-0.));
#3089 = VECTOR('',#3090,1.);
#3090 = DIRECTION('',(-1.,0.));
#3091 = ( GEOMETRIC_REPRESENTATION_CONTEXT(2) 
PARAMETRIC_REPRESENTATION_CONTEXT() REPRESENTATION_CONTEXT('2D SPACE',''
  ) );
#3092 = PCURVE('',#2079,#3093);
#3093 = DEFINITIONAL_REPRESENTATION('',(#3094),#3102);
#3094 = ( BOUNDED_CURVE() B_SPLINE_CURVE(2,(#3095,#3096,#3097,#3098,
#3099,#3100,#3101),.UNSPECIFIED.,.T.,.F.) B_SPLINE_CURVE_WITH_KNOTS((1,2
    ,2,2,2,1),(-2.094395102393,0.,2.094395102393,4.188790204786,
6.28318530718,8.377580409573),.UNSPECIFIED.) CURVE() 
GEOMETRIC_REPRESENTATION_ITEM() RATIONAL_B_SPLINE_CURVE((1.,0.5,1.,0.5,
1.,0.5,1.)) REPRESENTATION_ITEM('') );
#3095 = CARTESIAN_POINT('',(1.5,21.6));
#3096 = CARTESIAN_POINT('',(-1.098076211353,21.6));
#3097 = CARTESIAN_POINT('',(0.200961894323,23.85));
#3098 = CARTESIAN_POINT('',(1.5,26.1));
#3099 = CARTESIAN_POINT('',(2.799038105677,23.85));
#3100 = CARTESIAN_POINT('',(4.098076211353,21.6));
#3101 = CARTESIAN_POINT('',(1.5,21.6));
#3102 = ( GEOMETRIC_REPRESENTATION_CONTEXT(2) 
PARAMETRIC_REPRESENTATION_CONTEXT() REPRESENTATION_CONTEXT('2D SPACE',''
  ) );
#3103 = ORIENTED_EDGE('',*,*,#2685,.T.);
#3104 = ORIENTED_EDGE('',*,*,#451,.T.);
#3105 = ADVANCED_FACE('',(#3106),#440,.T.);
#3106 = FACE_BOUND('',#3107,.T.);
#3107 = EDGE_LOOP('',(#3108,#3109,#3110,#3131));
#3108 = ORIENTED_EDGE('',*,*,#425,.F.);
#3109 = ORIENTED_EDGE('',*,*,#2039,.F.);
#3110 = ORIENTED_EDGE('',*,*,#3111,.T.);
#3111 = EDGE_CURVE('',#2040,#3056,#3112,.T.);
#3112 = SURFACE_CURVE('',#3113,(#3117,#3124),.PCURVE_S1.);
#3113 = LINE('',#3114,#3115);
#3114 = CARTESIAN_POINT('',(-19.8,-12.3,2.5));
#3115 = VECTOR('',#3116,1.);
#3116 = DIRECTION('',(0.,1.,0.));
#3117 = PCURVE('',#440,#3118);
#3118 = DEFINITIONAL_REPRESENTATION('',(#3119),#3123);
#3119 = LINE('',#3120,#3121);
#3120 = CARTESIAN_POINT('',(0.,0.));
#3121 = VECTOR('',#3122,1.);
#3122 = DIRECTION('',(0.,-1.));
#3123 = ( GEOMETRIC_REPRESENTATION_CONTEXT(2) 
PARAMETRIC_REPRESENTATION_CONTEXT() REPRESENTATION_CONTEXT('2D SPACE',''
  ) );
#3124 = PCURVE('',#2079,#3125);
#3125 = DEFINITIONAL_REPRESENTATION('',(#3126),#3130);
#3126 = LINE('',#3127,#3128);
#3127 = CARTESIAN_POINT('',(0.,0.));
#3128 = VECTOR('',#3129,1.);
#3129 = DIRECTION('',(0.,1.));
#3130 = ( GEOMETRIC_REPRESENTATION_CONTEXT(2) 
PARAMETRIC_REPRESENTATION_CONTEXT() REPRESENTATION_CONTEXT('2D SPACE',''
  ) );
#3131 = ORIENTED_EDGE('',*,*,#3055,.T.);
#3132 = ADVANCED_FACE('',(#3133),#862,.F.);
#3133 = FACE_BOUND('',#3134,.T.);
#3134 = EDGE_LOOP('',(#3135,#3136,#3159,#3185));
#3135 = ORIENTED_EDGE('',*,*,#845,.F.);
#3136 = ORIENTED_EDGE('',*,*,#3137,.T.);
#3137 = EDGE_CURVE('',#846,#3138,#3140,.T.);
#3138 = VERTEX_POINT('',#3139);
#3139 = CARTESIAN_POINT('',(-15.3,-10.,2.5));
#3140 = SEAM_CURVE('',#3141,(#3145,#3152),.PCURVE_S1.);
#3141 = LINE('',#3142,#3143);
#3142 = CARTESIAN_POINT('',(-15.3,-10.,0.));
#3143 = VECTOR('',#3144,1.);
#3144 = DIRECTION('',(0.,0.,1.));
#3145 = PCURVE('',#862,#3146);
#3146 = DEFINITIONAL_REPRESENTATION('',(#3147),#3151);
#3147 = LINE('',#3148,#3149);
#3148 = CARTESIAN_POINT('',(-6.28318530718,0.));
#3149 = VECTOR('',#3150,1.);
#3150 = DIRECTION('',(-0.,-1.));
#3151 = ( GEOMETRIC_REPRESENTATION_CONTEXT(2) 
PARAMETRIC_REPRESENTATION_CONTEXT() REPRESENTATION_CONTEXT('2D SPACE',''
  ) );
#3152 = PCURVE('',#862,#3153);
#3153 = DEFINITIONAL_REPRESENTATION('',(#3154),#3158);
#3154 = LINE('',#3155,#3156);
#3155 = CARTESIAN_POINT('',(-0.,0.));
#3156 = VECTOR('',#3157,1.);
#3157 = DIRECTION('',(-0.,-1.));
#3158 = ( GEOMETRIC_REPRESENTATION_CONTEXT(2) 
PARAMETRIC_REPRESENTATION_CONTEXT() REPRESENTATION_CONTEXT('2D SPACE',''
  ) );
#3159 = ORIENTED_EDGE('',*,*,#3160,.F.);
#3160 = EDGE_CURVE('',#3138,#3138,#3161,.T.);
#3161 = SURFACE_CURVE('',#3162,(#3167,#3174),.PCURVE_S1.);
#3162 = CIRCLE('',#3163,1.7);
#3163 = AXIS2_PLACEMENT_3D('',#3164,#3165,#3166);
#3164 = CARTESIAN_POINT('',(-17.,-10.,2.5));
#3165 = DIRECTION('',(0.,0.,-1.));
#3166 = DIRECTION('',(1.,0.,0.));
#3167 = PCURVE('',#862,#3168);
#3168 = DEFINITIONAL_REPRESENTATION('',(#3169),#3173);
#3169 = LINE('',#3170,#3171);
#3170 = CARTESIAN_POINT('',(-6.28318530718,-2.5));
#3171 = VECTOR('',#3172,1.);
#3172 = DIRECTION('',(1.,-0.));
#3173 = ( GEOMETRIC_REPRESENTATION_CONTEXT(2) 
PARAMETRIC_REPRESENTATION_CONTEXT() REPRESENTATION_CONTEXT('2D SPACE',''
  ) );
#3174 = PCURVE('',#2079,#3175);
#3175 = DEFINITIONAL_REPRESENTATION('',(#3176),#3184);
#3176 = ( BOUNDED_CURVE() B_SPLINE_CURVE(2,(#3177,#3178,#3179,#3180,
#3181,#3182,#3183),.UNSPECIFIED.,.T.,.F.) B_SPLINE_CURVE_WITH_KNOTS((1,2
    ,2,2,2,1),(-2.094395102393,0.,2.094395102393,4.188790204786,
6.28318530718,8.377580409573),.UNSPECIFIED.) CURVE() 
GEOMETRIC_REPRESENTATION_ITEM() RATIONAL_B_SPLINE_CURVE((1.,0.5,1.,0.5,
1.,0.5,1.)) REPRESENTATION_ITEM('') );
#3177 = CARTESIAN_POINT('',(4.5,2.3));
#3178 = CARTESIAN_POINT('',(4.5,-0.644486372867));
#3179 = CARTESIAN_POINT('',(1.95,0.827756813566));
#3180 = CARTESIAN_POINT('',(-0.6,2.3));
#3181 = CARTESIAN_POINT('',(1.95,3.772243186434));
#3182 = CARTESIAN_POINT('',(4.5,5.244486372867));
#3183 = CARTESIAN_POINT('',(4.5,2.3));
#3184 = ( GEOMETRIC_REPRESENTATION_CONTEXT(2) 
PARAMETRIC_REPRESENTATION_CONTEXT() REPRESENTATION_CONTEXT('2D SPACE',''
  ) );
#3185 = ORIENTED_EDGE('',*,*,#3137,.F.);
#3186 = ADVANCED_FACE('',(#3187),#893,.F.);
#3187 = FACE_BOUND('',#3188,.T.);
#3188 = EDGE_LOOP('',(#3189,#3190,#3213,#3239));
#3189 = ORIENTED_EDGE('',*,*,#876,.F.);
#3190 = ORIENTED_EDGE('',*,*,#3191,.T.);
#3191 = EDGE_CURVE('',#877,#3192,#3194,.T.);
#3192 = VERTEX_POINT('',#3193);
#3193 = CARTESIAN_POINT('',(18.7,-10.,2.5));
#3194 = SEAM_CURVE('',#3195,(#3199,#3206),.PCURVE_S1.);
#3195 = LINE('',#3196,#3197);
#3196 = CARTESIAN_POINT('',(18.7,-10.,0.));
#3197 = VECTOR('',#3198,1.);
#3198 = DIRECTION('',(0.,0.,1.));
#3199 = PCURVE('',#893,#3200);
#3200 = DEFINITIONAL_REPRESENTATION('',(#3201),#3205);
#3201 = LINE('',#3202,#3203);
#3202 = CARTESIAN_POINT('',(-6.28318530718,0.));
#3203 = VECTOR('',#3204,1.);
#3204 = DIRECTION('',(-0.,-1.));
#3205 = ( GEOMETRIC_REPRESENTATION_CONTEXT(2) 
PARAMETRIC_REPRESENTATION_CONTEXT() REPRESENTATION_CONTEXT('2D SPACE',''
  ) );
#3206 = PCURVE('',#893,#3207);
#3207 = DEFINITIONAL_REPRESENTATION('',(#3208),#3212);
#3208 = LINE('',#3209,#3210);
#3209 = CARTESIAN_POINT('',(-0.,0.));
#3210 = VECTOR('',#3211,1.);
#3211 = DIRECTION('',(-0.,-1.));
#3212 = ( GEOMETRIC_REPRESENTATION_CONTEXT(2) 
PARAMETRIC_REPRESENTATION_CONTEXT() REPRESENTATION_CONTEXT('2D SPACE',''
  ) );
#3213 = ORIENTED_EDGE('',*,*,#3214,.F.);
#3214 = EDGE_CURVE('',#3192,#3192,#3215,.T.);
#3215 = SURFACE_CURVE('',#3216,(#3221,#3228),.PCURVE_S1.);
#3216 = CIRCLE('',#3217,1.7);
#3217 = AXIS2_PLACEMENT_3D('',#3218,#3219,#3220);
#3218 = CARTESIAN_POINT('',(17.,-10.,2.5));
#3219 = DIRECTION('',(0.,0.,-1.));
#3220 = DIRECTION('',(1.,0.,0.));
#3221 = PCURVE('',#893,#3222);
#3222 = DEFINITIONAL_REPRESENTATION('',(#3223),#3227);
#3223 = LINE('',#3224,#3225);
#3224 = CARTESIAN_POINT('',(-6.28318530718,-2.5));
#3225 = VECTOR('',#3226,1.);
#3226 = DIRECTION('',(1.,-0.));
#3227 = ( GEOMETRIC_REPRESENTATION_CONTEXT(2) 
PARAMETRIC_REPRESENTATION_CONTEXT() REPRESENTATION_CONTEXT('2D SPACE',''
  ) );
#3228 = PCURVE('',#2079,#3229);
#3229 = DEFINITIONAL_REPRESENTATION('',(#3230),#3238);
#3230 = ( BOUNDED_CURVE() B_SPLINE_CURVE(2,(#3231,#3232,#3233,#3234,
#3235,#3236,#3237),.UNSPECIFIED.,.T.,.F.) B_SPLINE_CURVE_WITH_KNOTS((1,2
    ,2,2,2,1),(-2.094395102393,0.,2.094395102393,4.188790204786,
6.28318530718,8.377580409573),.UNSPECIFIED.) CURVE() 
GEOMETRIC_REPRESENTATION_ITEM() RATIONAL_B_SPLINE_CURVE((1.,0.5,1.,0.5,
1.,0.5,1.)) REPRESENTATION_ITEM('') );
#3231 = CARTESIAN_POINT('',(38.5,2.3));
#3232 = CARTESIAN_POINT('',(38.5,-0.644486372867));
#3233 = CARTESIAN_POINT('',(35.95,0.827756813566));
#3234 = CARTESIAN_POINT('',(33.4,2.3));
#3235 = CARTESIAN_POINT('',(35.95,3.772243186434));
#3236 = CARTESIAN_POINT('',(38.5,5.244486372867));
#3237 = CARTESIAN_POINT('',(38.5,2.3));
#3238 = ( GEOMETRIC_REPRESENTATION_CONTEXT(2) 
PARAMETRIC_REPRESENTATION_CONTEXT() REPRESENTATION_CONTEXT('2D SPACE',''
  ) );
#3239 = ORIENTED_EDGE('',*,*,#3191,.F.);
#3240 = ADVANCED_FACE('',(#3241),#924,.T.);
#3241 = FACE_BOUND('',#3242,.T.);
#3242 = EDGE_LOOP('',(#3243,#3266,#3267,#3290));
#3243 = ORIENTED_EDGE('',*,*,#3244,.F.);
#3244 = EDGE_CURVE('',#908,#3245,#3247,.T.);
#3245 = VERTEX_POINT('',#3246);
#3246 = CARTESIAN_POINT('',(6.,-5.,2.5));
#3247 = SURFACE_CURVE('',#3248,(#3252,#3259),.PCURVE_S1.);
#3248 = LINE('',#3249,#3250);
#3249 = CARTESIAN_POINT('',(6.,-5.,-0.5));
#3250 = VECTOR('',#3251,1.);
#3251 = DIRECTION('',(0.,0.,1.));
#3252 = PCURVE('',#924,#3253);
#3253 = DEFINITIONAL_REPRESENTATION('',(#3254),#3258);
#3254 = LINE('',#3255,#3256);
#3255 = CARTESIAN_POINT('',(0.,12.));
#3256 = VECTOR('',#3257,1.);
#3257 = DIRECTION('',(1.,0.));
#3258 = ( GEOMETRIC_REPRESENTATION_CONTEXT(2) 
PARAMETRIC_REPRESENTATION_CONTEXT() REPRESENTATION_CONTEXT('2D SPACE',''
  ) );
#3259 = PCURVE('',#1000,#3260);
#3260 = DEFINITIONAL_REPRESENTATION('',(#3261),#3265);
#3261 = LINE('',#3262,#3263);
#3262 = CARTESIAN_POINT('',(0.,0.));
#3263 = VECTOR('',#3264,1.);
#3264 = DIRECTION('',(1.,0.));
#3265 = ( GEOMETRIC_REPRESENTATION_CONTEXT(2) 
PARAMETRIC_REPRESENTATION_CONTEXT() REPRESENTATION_CONTEXT('2D SPACE',''
  ) );
#3266 = ORIENTED_EDGE('',*,*,#907,.T.);
#3267 = ORIENTED_EDGE('',*,*,#3268,.T.);
#3268 = EDGE_CURVE('',#910,#3269,#3271,.T.);
#3269 = VERTEX_POINT('',#3270);
#3270 = CARTESIAN_POINT('',(-6.,-5.,2.5));
#3271 = SURFACE_CURVE('',#3272,(#3276,#3283),.PCURVE_S1.);
#3272 = LINE('',#3273,#3274);
#3273 = CARTESIAN_POINT('',(-6.,-5.,-0.5));
#3274 = VECTOR('',#3275,1.);
#3275 = DIRECTION('',(0.,0.,1.));
#3276 = PCURVE('',#924,#3277);
#3277 = DEFINITIONAL_REPRESENTATION('',(#3278),#3282);
#3278 = LINE('',#3279,#3280);
#3279 = CARTESIAN_POINT('',(0.,0.));
#3280 = VECTOR('',#3281,1.);
#3281 = DIRECTION('',(1.,0.));
#3282 = ( GEOMETRIC_REPRESENTATION_CONTEXT(2) 
PARAMETRIC_REPRESENTATION_CONTEXT() REPRESENTATION_CONTEXT('2D SPACE',''
  ) );
#3283 = PCURVE('',#950,#3284);
#3284 = DEFINITIONAL_REPRESENTATION('',(#3285),#3289);
#3285 = LINE('',#3286,#3287);
#3286 = CARTESIAN_POINT('',(0.,0.));
#3287 = VECTOR('',#3288,1.);
#3288 = DIRECTION('',(1.,0.));
#3289 = ( GEOMETRIC_REPRESENTATION_CONTEXT(2) 
PARAMETRIC_REPRESENTATION_CONTEXT() REPRESENTATION_CONTEXT('2D SPACE',''
  ) );
#3290 = ORIENTED_EDGE('',*,*,#3291,.T.);
#3291 = EDGE_CURVE('',#3269,#3245,#3292,.T.);
#3292 = SURFACE_CURVE('',#3293,(#3297,#3304),.PCURVE_S1.);
#3293 = LINE('',#3294,#3295);
#3294 = CARTESIAN_POINT('',(-6.,-5.,2.5));
#3295 = VECTOR('',#3296,1.);
#3296 = DIRECTION('',(1.,0.,0.));
#3297 = PCURVE('',#924,#3298);
#3298 = DEFINITIONAL_REPRESENTATION('',(#3299),#3303);
#3299 = LINE('',#3300,#3301);
#3300 = CARTESIAN_POINT('',(3.,0.));
#3301 = VECTOR('',#3302,1.);
#3302 = DIRECTION('',(0.,1.));
#3303 = ( GEOMETRIC_REPRESENTATION_CONTEXT(2) 
PARAMETRIC_REPRESENTATION_CONTEXT() REPRESENTATION_CONTEXT('2D SPACE',''
  ) );
#3304 = PCURVE('',#2079,#3305);
#3305 = DEFINITIONAL_REPRESENTATION('',(#3306),#3310);
#3306 = LINE('',#3307,#3308);
#3307 = CARTESIAN_POINT('',(13.8,7.3));
#3308 = VECTOR('',#3309,1.);
#3309 = DIRECTION('',(1.,0.));
#3310 = ( GEOMETRIC_REPRESENTATION_CONTEXT(2) 
PARAMETRIC_REPRESENTATION_CONTEXT() REPRESENTATION_CONTEXT('2D SPACE',''
  ) );
#3311 = ADVANCED_FACE('',(#3312),#1000,.F.);
#3312 = FACE_BOUND('',#3313,.F.);
#3313 = EDGE_LOOP('',(#3314,#3315,#3316,#3339));
#3314 = ORIENTED_EDGE('',*,*,#3244,.F.);
#3315 = ORIENTED_EDGE('',*,*,#987,.T.);
#3316 = ORIENTED_EDGE('',*,*,#3317,.T.);
#3317 = EDGE_CURVE('',#962,#3318,#3320,.T.);
#3318 = VERTEX_POINT('',#3319);
#3319 = CARTESIAN_POINT('',(6.,5.,2.5));
#3320 = SURFACE_CURVE('',#3321,(#3325,#3332),.PCURVE_S1.);
#3321 = LINE('',#3322,#3323);
#3322 = CARTESIAN_POINT('',(6.,5.,-0.5));
#3323 = VECTOR('',#3324,1.);
#3324 = DIRECTION('',(0.,0.,1.));
#3325 = PCURVE('',#1000,#3326);
#3326 = DEFINITIONAL_REPRESENTATION('',(#3327),#3331);
#3327 = LINE('',#3328,#3329);
#3328 = CARTESIAN_POINT('',(0.,-10.));
#3329 = VECTOR('',#3330,1.);
#3330 = DIRECTION('',(1.,0.));
#3331 = ( GEOMETRIC_REPRESENTATION_CONTEXT(2) 
PARAMETRIC_REPRESENTATION_CONTEXT() REPRESENTATION_CONTEXT('2D SPACE',''
  ) );
#3332 = PCURVE('',#976,#3333);
#3333 = DEFINITIONAL_REPRESENTATION('',(#3334),#3338);
#3334 = LINE('',#3335,#3336);
#3335 = CARTESIAN_POINT('',(0.,12.));
#3336 = VECTOR('',#3337,1.);
#3337 = DIRECTION('',(1.,0.));
#3338 = ( GEOMETRIC_REPRESENTATION_CONTEXT(2) 
PARAMETRIC_REPRESENTATION_CONTEXT() REPRESENTATION_CONTEXT('2D SPACE',''
  ) );
#3339 = ORIENTED_EDGE('',*,*,#3340,.F.);
#3340 = EDGE_CURVE('',#3245,#3318,#3341,.T.);
#3341 = SURFACE_CURVE('',#3342,(#3346,#3353),.PCURVE_S1.);
#3342 = LINE('',#3343,#3344);
#3343 = CARTESIAN_POINT('',(6.,-5.,2.5));
#3344 = VECTOR('',#3345,1.);
#3345 = DIRECTION('',(0.,1.,0.));
#3346 = PCURVE('',#1000,#3347);
#3347 = DEFINITIONAL_REPRESENTATION('',(#3348),#3352);
#3348 = LINE('',#3349,#3350);
#3349 = CARTESIAN_POINT('',(3.,0.));
#3350 = VECTOR('',#3351,1.);
#3351 = DIRECTION('',(0.,-1.));
#3352 = ( GEOMETRIC_REPRESENTATION_CONTEXT(2) 
PARAMETRIC_REPRESENTATION_CONTEXT() REPRESENTATION_CONTEXT('2D SPACE',''
  ) );
#3353 = PCURVE('',#2079,#3354);
#3354 = DEFINITIONAL_REPRESENTATION('',(#3355),#3359);
#3355 = LINE('',#3356,#3357);
#3356 = CARTESIAN_POINT('',(25.8,7.3));
#3357 = VECTOR('',#3358,1.);
#3358 = DIRECTION('',(0.,1.));
#3359 = ( GEOMETRIC_REPRESENTATION_CONTEXT(2) 
PARAMETRIC_REPRESENTATION_CONTEXT() REPRESENTATION_CONTEXT('2D SPACE',''
  ) );
#3360 = ADVANCED_FACE('',(#3361),#976,.F.);
#3361 = FACE_BOUND('',#3362,.F.);
#3362 = EDGE_LOOP('',(#3363,#3364,#3365,#3388));
#3363 = ORIENTED_EDGE('',*,*,#3317,.F.);
#3364 = ORIENTED_EDGE('',*,*,#961,.T.);
#3365 = ORIENTED_EDGE('',*,*,#3366,.T.);
#3366 = EDGE_CURVE('',#936,#3367,#3369,.T.);
#3367 = VERTEX_POINT('',#3368);
#3368 = CARTESIAN_POINT('',(-6.,5.,2.5));
#3369 = SURFACE_CURVE('',#3370,(#3374,#3381),.PCURVE_S1.);
#3370 = LINE('',#3371,#3372);
#3371 = CARTESIAN_POINT('',(-6.,5.,-0.5));
#3372 = VECTOR('',#3373,1.);
#3373 = DIRECTION('',(0.,0.,1.));
#3374 = PCURVE('',#976,#3375);
#3375 = DEFINITIONAL_REPRESENTATION('',(#3376),#3380);
#3376 = LINE('',#3377,#3378);
#3377 = CARTESIAN_POINT('',(0.,0.));
#3378 = VECTOR('',#3379,1.);
#3379 = DIRECTION('',(1.,0.));
#3380 = ( GEOMETRIC_REPRESENTATION_CONTEXT(2) 
PARAMETRIC_REPRESENTATION_CONTEXT() REPRESENTATION_CONTEXT('2D SPACE',''
  ) );
#3381 = PCURVE('',#950,#3382);
#3382 = DEFINITIONAL_REPRESENTATION('',(#3383),#3387);
#3383 = LINE('',#3384,#3385);
#3384 = CARTESIAN_POINT('',(0.,-10.));
#3385 = VECTOR('',#3386,1.);
#3386 = DIRECTION('',(1.,0.));
#3387 = ( GEOMETRIC_REPRESENTATION_CONTEXT(2) 
PARAMETRIC_REPRESENTATION_CONTEXT() REPRESENTATION_CONTEXT('2D SPACE',''
  ) );
#3388 = ORIENTED_EDGE('',*,*,#3389,.T.);
#3389 = EDGE_CURVE('',#3367,#3318,#3390,.T.);
#3390 = SURFACE_CURVE('',#3391,(#3395,#3402),.PCURVE_S1.);
#3391 = LINE('',#3392,#3393);
#3392 = CARTESIAN_POINT('',(-6.,5.,2.5));
#3393 = VECTOR('',#3394,1.);
#3394 = DIRECTION('',(1.,0.,0.));
#3395 = PCURVE('',#976,#3396);
#3396 = DEFINITIONAL_REPRESENTATION('',(#3397),#3401);
#3397 = LINE('',#3398,#3399);
#3398 = CARTESIAN_POINT('',(3.,0.));
#3399 = VECTOR('',#3400,1.);
#3400 = DIRECTION('',(0.,1.));
#3401 = ( GEOMETRIC_REPRESENTATION_CONTEXT(2) 
PARAMETRIC_REPRESENTATION_CONTEXT() REPRESENTATION_CONTEXT('2D SPACE',''
  ) );
#3402 = PCURVE('',#2079,#3403);
#3403 = DEFINITIONAL_REPRESENTATION('',(#3404),#3408);
#3404 = LINE('',#3405,#3406);
#3405 = CARTESIAN_POINT('',(13.8,17.3));
#3406 = VECTOR('',#3407,1.);
#3407 = DIRECTION('',(1.,0.));
#3408 = ( GEOMETRIC_REPRESENTATION_CONTEXT(2) 
PARAMETRIC_REPRESENTATION_CONTEXT() REPRESENTATION_CONTEXT('2D SPACE',''
  ) );
#3409 = ADVANCED_FACE('',(#3410),#950,.T.);
#3410 = FACE_BOUND('',#3411,.T.);
#3411 = EDGE_LOOP('',(#3412,#3413,#3414,#3415));
#3412 = ORIENTED_EDGE('',*,*,#3268,.F.);
#3413 = ORIENTED_EDGE('',*,*,#935,.T.);
#3414 = ORIENTED_EDGE('',*,*,#3366,.T.);
#3415 = ORIENTED_EDGE('',*,*,#3416,.F.);
#3416 = EDGE_CURVE('',#3269,#3367,#3417,.T.);
#3417 = SURFACE_CURVE('',#3418,(#3422,#3429),.PCURVE_S1.);
#3418 = LINE('',#3419,#3420);
#3419 = CARTESIAN_POINT('',(-6.,-5.,2.5));
#3420 = VECTOR('',#3421,1.);
#3421 = DIRECTION('',(0.,1.,0.));
#3422 = PCURVE('',#950,#3423);
#3423 = DEFINITIONAL_REPRESENTATION('',(#3424),#3428);
#3424 = LINE('',#3425,#3426);
#3425 = CARTESIAN_POINT('',(3.,0.));
#3426 = VECTOR('',#3427,1.);
#3427 = DIRECTION('',(0.,-1.));
#3428 = ( GEOMETRIC_REPRESENTATION_CONTEXT(2) 
PARAMETRIC_REPRESENTATION_CONTEXT() REPRESENTATION_CONTEXT('2D SPACE',''
  ) );
#3429 = PCURVE('',#2079,#3430);
#3430 = DEFINITIONAL_REPRESENTATION('',(#3431),#3435);
#3431 = LINE('',#3432,#3433);
#3432 = CARTESIAN_POINT('',(13.8,7.3));
#3433 = VECTOR('',#3434,1.);
#3434 = DIRECTION('',(0.,1.));
#3435 = ( GEOMETRIC_REPRESENTATION_CONTEXT(2) 
PARAMETRIC_REPRESENTATION_CONTEXT() REPRESENTATION_CONTEXT('2D SPACE',''
  ) );
#3436 = ADVANCED_FACE('',(#3437),#1030,.F.);
#3437 = FACE_BOUND('',#3438,.T.);
#3438 = EDGE_LOOP('',(#3439,#3440,#3463,#3489));
#3439 = ORIENTED_EDGE('',*,*,#1013,.F.);
#3440 = ORIENTED_EDGE('',*,*,#3441,.T.);
#3441 = EDGE_CURVE('',#1014,#3442,#3444,.T.);
#3442 = VERTEX_POINT('',#3443);
#3443 = CARTESIAN_POINT('',(-15.3,10.,2.5));
#3444 = SEAM_CURVE('',#3445,(#3449,#3456),.PCURVE_S1.);
#3445 = LINE('',#3446,#3447);
#3446 = CARTESIAN_POINT('',(-15.3,10.,0.));
#3447 = VECTOR('',#3448,1.);
#3448 = DIRECTION('',(0.,0.,1.));
#3449 = PCURVE('',#1030,#3450);
#3450 = DEFINITIONAL_REPRESENTATION('',(#3451),#3455);
#3451 = LINE('',#3452,#3453);
#3452 = CARTESIAN_POINT('',(-6.28318530718,0.));
#3453 = VECTOR('',#3454,1.);
#3454 = DIRECTION('',(-0.,-1.));
#3455 = ( GEOMETRIC_REPRESENTATION_CONTEXT(2) 
PARAMETRIC_REPRESENTATION_CONTEXT() REPRESENTATION_CONTEXT('2D SPACE',''
  ) );
#3456 = PCURVE('',#1030,#3457);
#3457 = DEFINITIONAL_REPRESENTATION('',(#3458),#3462);
#3458 = LINE('',#3459,#3460);
#3459 = CARTESIAN_POINT('',(-0.,0.));
#3460 = VECTOR('',#3461,1.);
#3461 = DIRECTION('',(-0.,-1.));
#3462 = ( GEOMETRIC_REPRESENTATION_CONTEXT(2) 
PARAMETRIC_REPRESENTATION_CONTEXT() REPRESENTATION_CONTEXT('2D SPACE',''
  ) );
#3463 = ORIENTED_EDGE('',*,*,#3464,.F.);
#3464 = EDGE_CURVE('',#3442,#3442,#3465,.T.);
#3465 = SURFACE_CURVE('',#3466,(#3471,#3478),.PCURVE_S1.);
#3466 = CIRCLE('',#3467,1.7);
#3467 = AXIS2_PLACEMENT_3D('',#3468,#3469,#3470);
#3468 = CARTESIAN_POINT('',(-17.,10.,2.5));
#3469 = DIRECTION('',(0.,0.,-1.));
#3470 = DIRECTION('',(1.,0.,0.));
#3471 = PCURVE('',#1030,#3472);
#3472 = DEFINITIONAL_REPRESENTATION('',(#3473),#3477);
#3473 = LINE('',#3474,#3475);
#3474 = CARTESIAN_POINT('',(-6.28318530718,-2.5));
#3475 = VECTOR('',#3476,1.);
#3476 = DIRECTION('',(1.,-0.));
#3477 = ( GEOMETRIC_REPRESENTATION_CONTEXT(2) 
PARAMETRIC_REPRESENTATION_CONTEXT() REPRESENTATION_CONTEXT('2D SPACE',''
  ) );
#3478 = PCURVE('',#2079,#3479);
#3479 = DEFINITIONAL_REPRESENTATION('',(#3480),#3488);
#3480 = ( BOUNDED_CURVE() B_SPLINE_CURVE(2,(#3481,#3482,#3483,#3484,
#3485,#3486,#3487),.UNSPECIFIED.,.T.,.F.) B_SPLINE_CURVE_WITH_KNOTS((1,2
    ,2,2,2,1),(-2.094395102393,0.,2.094395102393,4.188790204786,
6.28318530718,8.377580409573),.UNSPECIFIED.) CURVE() 
GEOMETRIC_REPRESENTATION_ITEM() RATIONAL_B_SPLINE_CURVE((1.,0.5,1.,0.5,
1.,0.5,1.)) REPRESENTATION_ITEM('') );
#3481 = CARTESIAN_POINT('',(4.5,22.3));
#3482 = CARTESIAN_POINT('',(4.5,19.355513627133));
#3483 = CARTESIAN_POINT('',(1.95,20.827756813566));
#3484 = CARTESIAN_POINT('',(-0.6,22.3));
#3485 = CARTESIAN_POINT('',(1.95,23.772243186434));
#3486 = CARTESIAN_POINT('',(4.5,25.244486372867));
#3487 = CARTESIAN_POINT('',(4.5,22.3));
#3488 = ( GEOMETRIC_REPRESENTATION_CONTEXT(2) 
PARAMETRIC_REPRESENTATION_CONTEXT() REPRESENTATION_CONTEXT('2D SPACE',''
  ) );
#3489 = ORIENTED_EDGE('',*,*,#3441,.F.);
#3490 = ADVANCED_FACE('',(#3491),#1061,.F.);
#3491 = FACE_BOUND('',#3492,.T.);
#3492 = EDGE_LOOP('',(#3493,#3494,#3517,#3543));
#3493 = ORIENTED_EDGE('',*,*,#1044,.F.);
#3494 = ORIENTED_EDGE('',*,*,#3495,.T.);
#3495 = EDGE_CURVE('',#1045,#3496,#3498,.T.);
#3496 = VERTEX_POINT('',#3497);
#3497 = CARTESIAN_POINT('',(18.7,10.,2.5));
#3498 = SEAM_CURVE('',#3499,(#3503,#3510),.PCURVE_S1.);
#3499 = LINE('',#3500,#3501);
#3500 = CARTESIAN_POINT('',(18.7,10.,0.));
#3501 = VECTOR('',#3502,1.);
#3502 = DIRECTION('',(0.,0.,1.));
#3503 = PCURVE('',#1061,#3504);
#3504 = DEFINITIONAL_REPRESENTATION('',(#3505),#3509);
#3505 = LINE('',#3506,#3507);
#3506 = CARTESIAN_POINT('',(-6.28318530718,0.));
#3507 = VECTOR('',#3508,1.);
#3508 = DIRECTION('',(-0.,-1.));
#3509 = ( GEOMETRIC_REPRESENTATION_CONTEXT(2) 
PARAMETRIC_REPRESENTATION_CONTEXT() REPRESENTATION_CONTEXT('2D SPACE',''
  ) );
#3510 = PCURVE('',#1061,#3511);
#3511 = DEFINITIONAL_REPRESENTATION('',(#3512),#3516);
#3512 = LINE('',#3513,#3514);
#3513 = CARTESIAN_POINT('',(-0.,0.));
#3514 = VECTOR('',#3515,1.);
#3515 = DIRECTION('',(-0.,-1.));
#3516 = ( GEOMETRIC_REPRESENTATION_CONTEXT(2) 
PARAMETRIC_REPRESENTATION_CONTEXT() REPRESENTATION_CONTEXT('2D SPACE',''
  ) );
#3517 = ORIENTED_EDGE('',*,*,#3518,.F.);
#3518 = EDGE_CURVE('',#3496,#3496,#3519,.T.);
#3519 = SURFACE_CURVE('',#3520,(#3525,#3532),.PCURVE_S1.);
#3520 = CIRCLE('',#3521,1.7);
#3521 = AXIS2_PLACEMENT_3D('',#3522,#3523,#3524);
#3522 = CARTESIAN_POINT('',(17.,10.,2.5));
#3523 = DIRECTION('',(0.,0.,-1.));
#3524 = DIRECTION('',(1.,0.,0.));
#3525 = PCURVE('',#1061,#3526);
#3526 = DEFINITIONAL_REPRESENTATION('',(#3527),#3531);
#3527 = LINE('',#3528,#3529);
#3528 = CARTESIAN_POINT('',(-6.28318530718,-2.5));
#3529 = VECTOR('',#3530,1.);
#3530 = DIRECTION('',(1.,-0.));
#3531 = ( GEOMETRIC_REPRESENTATION_CONTEXT(2) 
PARAMETRIC_REPRESENTATION_CONTEXT() REPRESENTATION_CONTEXT('2D SPACE',''
  ) );
#3532 = PCURVE('',#2079,#3533);
#3533 = DEFINITIONAL_REPRESENTATION('',(#3534),#3542);
#3534 = ( BOUNDED_CURVE() B_SPLINE_CURVE(2,(#3535,#3536,#3537,#3538,
#3539,#3540,#3541),.UNSPECIFIED.,.T.,.F.) B_SPLINE_CURVE_WITH_KNOTS((1,2
    ,2,2,2,1),(-2.094395102393,0.,2.094395102393,4.188790204786,
6.28318530718,8.377580409573),.UNSPECIFIED.) CURVE() 
GEOMETRIC_REPRESENTATION_ITEM() RATIONAL_B_SPLINE_CURVE((1.,0.5,1.,0.5,
1.,0.5,1.)) REPRESENTATION_ITEM('') );
#3535 = CARTESIAN_POINT('',(38.5,22.3));
#3536 = CARTESIAN_POINT('',(38.5,19.355513627133));
#3537 = CARTESIAN_POINT('',(35.95,20.827756813566));
#3538 = CARTESIAN_POINT('',(33.4,22.3));
#3539 = CARTESIAN_POINT('',(35.95,23.772243186434));
#3540 = CARTESIAN_POINT('',(38.5,25.244486372867));
#3541 = CARTESIAN_POINT('',(38.5,22.3));
#3542 = ( GEOMETRIC_REPRESENTATION_CONTEXT(2) 
PARAMETRIC_REPRESENTATION_CONTEXT() REPRESENTATION_CONTEXT('2D SPACE',''
  ) );
#3543 = ORIENTED_EDGE('',*,*,#3495,.F.);
#3544 = ADVANCED_FACE('',(#3545),#1119,.F.);
#3545 = FACE_BOUND('',#3546,.F.);
#3546 = EDGE_LOOP('',(#3547,#3568,#3569,#3590));
#3547 = ORIENTED_EDGE('',*,*,#3548,.F.);
#3548 = EDGE_CURVE('',#1103,#2165,#3549,.T.);
#3549 = SURFACE_CURVE('',#3550,(#3554,#3561),.PCURVE_S1.);
#3550 = LINE('',#3551,#3552);
#3551 = CARTESIAN_POINT('',(-11.76304639864,-16.5,5.707872325063));
#3552 = VECTOR('',#3553,1.);
#3553 = DIRECTION('',(0.,1.,0.));
#3554 = PCURVE('',#1119,#3555);
#3555 = DEFINITIONAL_REPRESENTATION('',(#3556),#3560);
#3556 = LINE('',#3557,#3558);
#3557 = CARTESIAN_POINT('',(0.,0.));
#3558 = VECTOR('',#3559,1.);
#3559 = DIRECTION('',(0.,1.));
#3560 = ( GEOMETRIC_REPRESENTATION_CONTEXT(2) 
PARAMETRIC_REPRESENTATION_CONTEXT() REPRESENTATION_CONTEXT('2D SPACE',''
  ) );
#3561 = PCURVE('',#1145,#3562);
#3562 = DEFINITIONAL_REPRESENTATION('',(#3563),#3567);
#3563 = LINE('',#3564,#3565);
#3564 = CARTESIAN_POINT('',(2.8,0.));
#3565 = VECTOR('',#3566,1.);
#3566 = DIRECTION('',(0.,-1.));
#3567 = ( GEOMETRIC_REPRESENTATION_CONTEXT(2) 
PARAMETRIC_REPRESENTATION_CONTEXT() REPRESENTATION_CONTEXT('2D SPACE',''
  ) );
#3568 = ORIENTED_EDGE('',*,*,#1102,.T.);
#3569 = ORIENTED_EDGE('',*,*,#3570,.T.);
#3570 = EDGE_CURVE('',#1105,#2167,#3571,.T.);
#3571 = SURFACE_CURVE('',#3572,(#3576,#3583),.PCURVE_S1.);
#3572 = LINE('',#3573,#3574);
#3573 = CARTESIAN_POINT('',(-11.0022011856,-16.5,5.955085920563));
#3574 = VECTOR('',#3575,1.);
#3575 = DIRECTION('',(0.,1.,0.));
#3576 = PCURVE('',#1119,#3577);
#3577 = DEFINITIONAL_REPRESENTATION('',(#3578),#3582);
#3578 = LINE('',#3579,#3580);
#3579 = CARTESIAN_POINT('',(0.8,0.));
#3580 = VECTOR('',#3581,1.);
#3581 = DIRECTION('',(0.,1.));
#3582 = ( GEOMETRIC_REPRESENTATION_CONTEXT(2) 
PARAMETRIC_REPRESENTATION_CONTEXT() REPRESENTATION_CONTEXT('2D SPACE',''
  ) );
#3583 = PCURVE('',#1195,#3584);
#3584 = DEFINITIONAL_REPRESENTATION('',(#3585),#3589);
#3585 = LINE('',#3586,#3587);
#3586 = CARTESIAN_POINT('',(2.8,0.));
#3587 = VECTOR('',#3588,1.);
#3588 = DIRECTION('',(0.,-1.));
#3589 = ( GEOMETRIC_REPRESENTATION_CONTEXT(2) 
PARAMETRIC_REPRESENTATION_CONTEXT() REPRESENTATION_CONTEXT('2D SPACE',''
  ) );
#3590 = ORIENTED_EDGE('',*,*,#2164,.F.);
#3591 = ADVANCED_FACE('',(#3592),#1145,.T.);
#3592 = FACE_BOUND('',#3593,.T.);
#3593 = EDGE_LOOP('',(#3594,#3595,#3596,#3617));
#3594 = ORIENTED_EDGE('',*,*,#3548,.F.);
#3595 = ORIENTED_EDGE('',*,*,#1130,.T.);
#3596 = ORIENTED_EDGE('',*,*,#3597,.T.);
#3597 = EDGE_CURVE('',#1131,#2188,#3598,.T.);
#3598 = SURFACE_CURVE('',#3599,(#3603,#3610),.PCURVE_S1.);
#3599 = LINE('',#3600,#3601);
#3600 = CARTESIAN_POINT('',(-10.89779881439,-16.5,3.044914079437));
#3601 = VECTOR('',#3602,1.);
#3602 = DIRECTION('',(0.,1.,0.));
#3603 = PCURVE('',#1145,#3604);
#3604 = DEFINITIONAL_REPRESENTATION('',(#3605),#3609);
#3605 = LINE('',#3606,#3607);
#3606 = CARTESIAN_POINT('',(0.,0.));
#3607 = VECTOR('',#3608,1.);
#3608 = DIRECTION('',(0.,-1.));
#3609 = ( GEOMETRIC_REPRESENTATION_CONTEXT(2) 
PARAMETRIC_REPRESENTATION_CONTEXT() REPRESENTATION_CONTEXT('2D SPACE',''
  ) );
#3610 = PCURVE('',#1171,#3611);
#3611 = DEFINITIONAL_REPRESENTATION('',(#3612),#3616);
#3612 = LINE('',#3613,#3614);
#3613 = CARTESIAN_POINT('',(0.,0.));
#3614 = VECTOR('',#3615,1.);
#3615 = DIRECTION('',(0.,1.));
#3616 = ( GEOMETRIC_REPRESENTATION_CONTEXT(2) 
PARAMETRIC_REPRESENTATION_CONTEXT() REPRESENTATION_CONTEXT('2D SPACE',''
  ) );
#3617 = ORIENTED_EDGE('',*,*,#2187,.F.);
#3618 = ADVANCED_FACE('',(#3619),#1195,.F.);
#3619 = FACE_BOUND('',#3620,.F.);
#3620 = EDGE_LOOP('',(#3621,#3622,#3623,#3644));
#3621 = ORIENTED_EDGE('',*,*,#3570,.F.);
#3622 = ORIENTED_EDGE('',*,*,#1182,.T.);
#3623 = ORIENTED_EDGE('',*,*,#3624,.T.);
#3624 = EDGE_CURVE('',#1157,#2209,#3625,.T.);
#3625 = SURFACE_CURVE('',#3626,(#3630,#3637),.PCURVE_S1.);
#3626 = LINE('',#3627,#3628);
#3627 = CARTESIAN_POINT('',(-10.13695360135,-16.5,3.292127674937));
#3628 = VECTOR('',#3629,1.);
#3629 = DIRECTION('',(0.,1.,0.));
#3630 = PCURVE('',#1195,#3631);
#3631 = DEFINITIONAL_REPRESENTATION('',(#3632),#3636);
#3632 = LINE('',#3633,#3634);
#3633 = CARTESIAN_POINT('',(0.,0.));
#3634 = VECTOR('',#3635,1.);
#3635 = DIRECTION('',(0.,-1.));
#3636 = ( GEOMETRIC_REPRESENTATION_CONTEXT(2) 
PARAMETRIC_REPRESENTATION_CONTEXT() REPRESENTATION_CONTEXT('2D SPACE',''
  ) );
#3637 = PCURVE('',#1171,#3638);
#3638 = DEFINITIONAL_REPRESENTATION('',(#3639),#3643);
#3639 = LINE('',#3640,#3641);
#3640 = CARTESIAN_POINT('',(0.8,0.));
#3641 = VECTOR('',#3642,1.);
#3642 = DIRECTION('',(0.,1.));
#3643 = ( GEOMETRIC_REPRESENTATION_CONTEXT(2) 
PARAMETRIC_REPRESENTATION_CONTEXT() REPRESENTATION_CONTEXT('2D SPACE',''
  ) );
#3644 = ORIENTED_EDGE('',*,*,#2229,.F.);
#3645 = ADVANCED_FACE('',(#3646),#1171,.T.);
#3646 = FACE_BOUND('',#3647,.T.);
#3647 = EDGE_LOOP('',(#3648,#3649,#3650,#3651));
#3648 = ORIENTED_EDGE('',*,*,#3597,.F.);
#3649 = ORIENTED_EDGE('',*,*,#1156,.T.);
#3650 = ORIENTED_EDGE('',*,*,#3624,.T.);
#3651 = ORIENTED_EDGE('',*,*,#2208,.F.);
#3652 = ADVANCED_FACE('',(#3653),#1225,.F.);
#3653 = FACE_BOUND('',#3654,.F.);
#3654 = EDGE_LOOP('',(#3655,#3676,#3677,#3698));
#3655 = ORIENTED_EDGE('',*,*,#3656,.F.);
#3656 = EDGE_CURVE('',#1209,#2251,#3657,.T.);
#3657 = SURFACE_CURVE('',#3658,(#3662,#3669),.PCURVE_S1.);
#3658 = LINE('',#3659,#3660);
#3659 = CARTESIAN_POINT('',(-9.863046398643,-16.5,5.707872325063));
#3660 = VECTOR('',#3661,1.);
#3661 = DIRECTION('',(0.,1.,0.));
#3662 = PCURVE('',#1225,#3663);
#3663 = DEFINITIONAL_REPRESENTATION('',(#3664),#3668);
#3664 = LINE('',#3665,#3666);
#3665 = CARTESIAN_POINT('',(0.,0.));
#3666 = VECTOR('',#3667,1.);
#3667 = DIRECTION('',(0.,1.));
#3668 = ( GEOMETRIC_REPRESENTATION_CONTEXT(2) 
PARAMETRIC_REPRESENTATION_CONTEXT() REPRESENTATION_CONTEXT('2D SPACE',''
  ) );
#3669 = PCURVE('',#1251,#3670);
#3670 = DEFINITIONAL_REPRESENTATION('',(#3671),#3675);
#3671 = LINE('',#3672,#3673);
#3672 = CARTESIAN_POINT('',(2.8,0.));
#3673 = VECTOR('',#3674,1.);
#3674 = DIRECTION('',(0.,-1.));
#3675 = ( GEOMETRIC_REPRESENTATION_CONTEXT(2) 
PARAMETRIC_REPRESENTATION_CONTEXT() REPRESENTATION_CONTEXT('2D SPACE',''
  ) );
#3676 = ORIENTED_EDGE('',*,*,#1208,.T.);
#3677 = ORIENTED_EDGE('',*,*,#3678,.T.);
#3678 = EDGE_CURVE('',#1211,#2253,#3679,.T.);
#3679 = SURFACE_CURVE('',#3680,(#3684,#3691),.PCURVE_S1.);
#3680 = LINE('',#3681,#3682);
#3681 = CARTESIAN_POINT('',(-9.102201185607,-16.5,5.955085920563));
#3682 = VECTOR('',#3683,1.);
#3683 = DIRECTION('',(0.,1.,0.));
#3684 = PCURVE('',#1225,#3685);
#3685 = DEFINITIONAL_REPRESENTATION('',(#3686),#3690);
#3686 = LINE('',#3687,#3688);
#3687 = CARTESIAN_POINT('',(0.8,0.));
#3688 = VECTOR('',#3689,1.);
#3689 = DIRECTION('',(0.,1.));
#3690 = ( GEOMETRIC_REPRESENTATION_CONTEXT(2) 
PARAMETRIC_REPRESENTATION_CONTEXT() REPRESENTATION_CONTEXT('2D SPACE',''
  ) );
#3691 = PCURVE('',#1301,#3692);
#3692 = DEFINITIONAL_REPRESENTATION('',(#3693),#3697);
#3693 = LINE('',#3694,#3695);
#3694 = CARTESIAN_POINT('',(2.8,0.));
#3695 = VECTOR('',#3696,1.);
#3696 = DIRECTION('',(0.,-1.));
#3697 = ( GEOMETRIC_REPRESENTATION_CONTEXT(2) 
PARAMETRIC_REPRESENTATION_CONTEXT() REPRESENTATION_CONTEXT('2D SPACE',''
  ) );
#3698 = ORIENTED_EDGE('',*,*,#2250,.F.);
#3699 = ADVANCED_FACE('',(#3700),#1251,.T.);
#3700 = FACE_BOUND('',#3701,.T.);
#3701 = EDGE_LOOP('',(#3702,#3703,#3704,#3725));
#3702 = ORIENTED_EDGE('',*,*,#3656,.F.);
#3703 = ORIENTED_EDGE('',*,*,#1236,.T.);
#3704 = ORIENTED_EDGE('',*,*,#3705,.T.);
#3705 = EDGE_CURVE('',#1237,#2274,#3706,.T.);
#3706 = SURFACE_CURVE('',#3707,(#3711,#3718),.PCURVE_S1.);
#3707 = LINE('',#3708,#3709);
#3708 = CARTESIAN_POINT('',(-8.997798814393,-16.5,3.044914079437));
#3709 = VECTOR('',#3710,1.);
#3710 = DIRECTION('',(0.,1.,0.));
#3711 = PCURVE('',#1251,#3712);
#3712 = DEFINITIONAL_REPRESENTATION('',(#3713),#3717);
#3713 = LINE('',#3714,#3715);
#3714 = CARTESIAN_POINT('',(0.,0.));
#3715 = VECTOR('',#3716,1.);
#3716 = DIRECTION('',(0.,-1.));
#3717 = ( GEOMETRIC_REPRESENTATION_CONTEXT(2) 
PARAMETRIC_REPRESENTATION_CONTEXT() REPRESENTATION_CONTEXT('2D SPACE',''
  ) );
#3718 = PCURVE('',#1277,#3719);
#3719 = DEFINITIONAL_REPRESENTATION('',(#3720),#3724);
#3720 = LINE('',#3721,#3722);
#3721 = CARTESIAN_POINT('',(0.,0.));
#3722 = VECTOR('',#3723,1.);
#3723 = DIRECTION('',(0.,1.));
#3724 = ( GEOMETRIC_REPRESENTATION_CONTEXT(2) 
PARAMETRIC_REPRESENTATION_CONTEXT() REPRESENTATION_CONTEXT('2D SPACE',''
  ) );
#3725 = ORIENTED_EDGE('',*,*,#2273,.F.);
#3726 = ADVANCED_FACE('',(#3727),#1301,.F.);
#3727 = FACE_BOUND('',#3728,.F.);
#3728 = EDGE_LOOP('',(#3729,#3730,#3731,#3752));
#3729 = ORIENTED_EDGE('',*,*,#3678,.F.);
#3730 = ORIENTED_EDGE('',*,*,#1288,.T.);
#3731 = ORIENTED_EDGE('',*,*,#3732,.T.);
#3732 = EDGE_CURVE('',#1263,#2295,#3733,.T.);
#3733 = SURFACE_CURVE('',#3734,(#3738,#3745),.PCURVE_S1.);
#3734 = LINE('',#3735,#3736);
#3735 = CARTESIAN_POINT('',(-8.236953601357,-16.5,3.292127674937));
#3736 = VECTOR('',#3737,1.);
#3737 = DIRECTION('',(0.,1.,0.));
#3738 = PCURVE('',#1301,#3739);
#3739 = DEFINITIONAL_REPRESENTATION('',(#3740),#3744);
#3740 = LINE('',#3741,#3742);
#3741 = CARTESIAN_POINT('',(0.,0.));
#3742 = VECTOR('',#3743,1.);
#3743 = DIRECTION('',(0.,-1.));
#3744 = ( GEOMETRIC_REPRESENTATION_CONTEXT(2) 
PARAMETRIC_REPRESENTATION_CONTEXT() REPRESENTATION_CONTEXT('2D SPACE',''
  ) );
#3745 = PCURVE('',#1277,#3746);
#3746 = DEFINITIONAL_REPRESENTATION('',(#3747),#3751);
#3747 = LINE('',#3748,#3749);
#3748 = CARTESIAN_POINT('',(0.8,0.));
#3749 = VECTOR('',#3750,1.);
#3750 = DIRECTION('',(0.,1.));
#3751 = ( GEOMETRIC_REPRESENTATION_CONTEXT(2) 
PARAMETRIC_REPRESENTATION_CONTEXT() REPRESENTATION_CONTEXT('2D SPACE',''
  ) );
#3752 = ORIENTED_EDGE('',*,*,#2315,.F.);
#3753 = ADVANCED_FACE('',(#3754),#1277,.T.);
#3754 = FACE_BOUND('',#3755,.T.);
#3755 = EDGE_LOOP('',(#3756,#3757,#3758,#3759));
#3756 = ORIENTED_EDGE('',*,*,#3705,.F.);
#3757 = ORIENTED_EDGE('',*,*,#1262,.T.);
#3758 = ORIENTED_EDGE('',*,*,#3732,.T.);
#3759 = ORIENTED_EDGE('',*,*,#2294,.F.);
#3760 = ADVANCED_FACE('',(#3761),#1331,.F.);
#3761 = FACE_BOUND('',#3762,.F.);
#3762 = EDGE_LOOP('',(#3763,#3784,#3785,#3806));
#3763 = ORIENTED_EDGE('',*,*,#3764,.F.);
#3764 = EDGE_CURVE('',#1315,#2337,#3765,.T.);
#3765 = SURFACE_CURVE('',#3766,(#3770,#3777),.PCURVE_S1.);
#3766 = LINE('',#3767,#3768);
#3767 = CARTESIAN_POINT('',(8.236953601357,-16.5,5.707872325063));
#3768 = VECTOR('',#3769,1.);
#3769 = DIRECTION('',(0.,1.,0.));
#3770 = PCURVE('',#1331,#3771);
#3771 = DEFINITIONAL_REPRESENTATION('',(#3772),#3776);
#3772 = LINE('',#3773,#3774);
#3773 = CARTESIAN_POINT('',(0.,0.));
#3774 = VECTOR('',#3775,1.);
#3775 = DIRECTION('',(0.,1.));
#3776 = ( GEOMETRIC_REPRESENTATION_CONTEXT(2) 
PARAMETRIC_REPRESENTATION_CONTEXT() REPRESENTATION_CONTEXT('2D SPACE',''
  ) );
#3777 = PCURVE('',#1357,#3778);
#3778 = DEFINITIONAL_REPRESENTATION('',(#3779),#3783);
#3779 = LINE('',#3780,#3781);
#3780 = CARTESIAN_POINT('',(2.8,0.));
#3781 = VECTOR('',#3782,1.);
#3782 = DIRECTION('',(0.,-1.));
#3783 = ( GEOMETRIC_REPRESENTATION_CONTEXT(2) 
PARAMETRIC_REPRESENTATION_CONTEXT() REPRESENTATION_CONTEXT('2D SPACE',''
  ) );
#3784 = ORIENTED_EDGE('',*,*,#1314,.T.);
#3785 = ORIENTED_EDGE('',*,*,#3786,.T.);
#3786 = EDGE_CURVE('',#1317,#2339,#3787,.T.);
#3787 = SURFACE_CURVE('',#3788,(#3792,#3799),.PCURVE_S1.);
#3788 = LINE('',#3789,#3790);
#3789 = CARTESIAN_POINT('',(8.997798814393,-16.5,5.955085920563));
#3790 = VECTOR('',#3791,1.);
#3791 = DIRECTION('',(0.,1.,0.));
#3792 = PCURVE('',#1331,#3793);
#3793 = DEFINITIONAL_REPRESENTATION('',(#3794),#3798);
#3794 = LINE('',#3795,#3796);
#3795 = CARTESIAN_POINT('',(0.8,0.));
#3796 = VECTOR('',#3797,1.);
#3797 = DIRECTION('',(0.,1.));
#3798 = ( GEOMETRIC_REPRESENTATION_CONTEXT(2) 
PARAMETRIC_REPRESENTATION_CONTEXT() REPRESENTATION_CONTEXT('2D SPACE',''
  ) );
#3799 = PCURVE('',#1407,#3800);
#3800 = DEFINITIONAL_REPRESENTATION('',(#3801),#3805);
#3801 = LINE('',#3802,#3803);
#3802 = CARTESIAN_POINT('',(2.8,0.));
#3803 = VECTOR('',#3804,1.);
#3804 = DIRECTION('',(0.,-1.));
#3805 = ( GEOMETRIC_REPRESENTATION_CONTEXT(2) 
PARAMETRIC_REPRESENTATION_CONTEXT() REPRESENTATION_CONTEXT('2D SPACE',''
  ) );
#3806 = ORIENTED_EDGE('',*,*,#2336,.F.);
#3807 = ADVANCED_FACE('',(#3808),#1357,.T.);
#3808 = FACE_BOUND('',#3809,.T.);
#3809 = EDGE_LOOP('',(#3810,#3811,#3812,#3833));
#3810 = ORIENTED_EDGE('',*,*,#3764,.F.);
#3811 = ORIENTED_EDGE('',*,*,#1342,.T.);
#3812 = ORIENTED_EDGE('',*,*,#3813,.T.);
#3813 = EDGE_CURVE('',#1343,#2360,#3814,.T.);
#3814 = SURFACE_CURVE('',#3815,(#3819,#3826),.PCURVE_S1.);
#3815 = LINE('',#3816,#3817);
#3816 = CARTESIAN_POINT('',(9.102201185607,-16.5,3.044914079437));
#3817 = VECTOR('',#3818,1.);
#3818 = DIRECTION('',(0.,1.,0.));
#3819 = PCURVE('',#1357,#3820);
#3820 = DEFINITIONAL_REPRESENTATION('',(#3821),#3825);
#3821 = LINE('',#3822,#3823);
#3822 = CARTESIAN_POINT('',(0.,0.));
#3823 = VECTOR('',#3824,1.);
#3824 = DIRECTION('',(0.,-1.));
#3825 = ( GEOMETRIC_REPRESENTATION_CONTEXT(2) 
PARAMETRIC_REPRESENTATION_CONTEXT() REPRESENTATION_CONTEXT('2D SPACE',''
  ) );
#3826 = PCURVE('',#1383,#3827);
#3827 = DEFINITIONAL_REPRESENTATION('',(#3828),#3832);
#3828 = LINE('',#3829,#3830);
#3829 = CARTESIAN_POINT('',(0.,0.));
#3830 = VECTOR('',#3831,1.);
#3831 = DIRECTION('',(0.,1.));
#3832 = ( GEOMETRIC_REPRESENTATION_CONTEXT(2) 
PARAMETRIC_REPRESENTATION_CONTEXT() REPRESENTATION_CONTEXT('2D SPACE',''
  ) );
#3833 = ORIENTED_EDGE('',*,*,#2359,.F.);
#3834 = ADVANCED_FACE('',(#3835),#1407,.F.);
#3835 = FACE_BOUND('',#3836,.F.);
#3836 = EDGE_LOOP('',(#3837,#3838,#3839,#3860));
#3837 = ORIENTED_EDGE('',*,*,#3786,.F.);
#3838 = ORIENTED_EDGE('',*,*,#1394,.T.);
#3839 = ORIENTED_EDGE('',*,*,#3840,.T.);
#3840 = EDGE_CURVE('',#1369,#2381,#3841,.T.);
#3841 = SURFACE_CURVE('',#3842,(#3846,#3853),.PCURVE_S1.);
#3842 = LINE('',#3843,#3844);
#3843 = CARTESIAN_POINT('',(9.863046398643,-16.5,3.292127674937));
#3844 = VECTOR('',#3845,1.);
#3845 = DIRECTION('',(0.,1.,0.));
#3846 = PCURVE('',#1407,#3847);
#3847 = DEFINITIONAL_REPRESENTATION('',(#3848),#3852);
#3848 = LINE('',#3849,#3850);
#3849 = CARTESIAN_POINT('',(0.,0.));
#3850 = VECTOR('',#3851,1.);
#3851 = DIRECTION('',(0.,-1.));
#3852 = ( GEOMETRIC_REPRESENTATION_CONTEXT(2) 
PARAMETRIC_REPRESENTATION_CONTEXT() REPRESENTATION_CONTEXT('2D SPACE',''
  ) );
#3853 = PCURVE('',#1383,#3854);
#3854 = DEFINITIONAL_REPRESENTATION('',(#3855),#3859);
#3855 = LINE('',#3856,#3857);
#3856 = CARTESIAN_POINT('',(0.8,0.));
#3857 = VECTOR('',#3858,1.);
#3858 = DIRECTION('',(0.,1.));
#3859 = ( GEOMETRIC_REPRESENTATION_CONTEXT(2) 
PARAMETRIC_REPRESENTATION_CONTEXT() REPRESENTATION_CONTEXT('2D SPACE',''
  ) );
#3860 = ORIENTED_EDGE('',*,*,#2401,.F.);
#3861 = ADVANCED_FACE('',(#3862),#1383,.T.);
#3862 = FACE_BOUND('',#3863,.T.);
#3863 = EDGE_LOOP('',(#3864,#3865,#3866,#3867));
#3864 = ORIENTED_EDGE('',*,*,#3813,.F.);
#3865 = ORIENTED_EDGE('',*,*,#1368,.T.);
#3866 = ORIENTED_EDGE('',*,*,#3840,.T.);
#3867 = ORIENTED_EDGE('',*,*,#2380,.F.);
#3868 = ADVANCED_FACE('',(#3869),#1437,.F.);
#3869 = FACE_BOUND('',#3870,.F.);
#3870 = EDGE_LOOP('',(#3871,#3892,#3893,#3914));
#3871 = ORIENTED_EDGE('',*,*,#3872,.F.);
#3872 = EDGE_CURVE('',#1421,#2423,#3873,.T.);
#3873 = SURFACE_CURVE('',#3874,(#3878,#3885),.PCURVE_S1.);
#3874 = LINE('',#3875,#3876);
#3875 = CARTESIAN_POINT('',(10.136953601357,-16.5,5.707872325063));
#3876 = VECTOR('',#3877,1.);
#3877 = DIRECTION('',(0.,1.,0.));
#3878 = PCURVE('',#1437,#3879);
#3879 = DEFINITIONAL_REPRESENTATION('',(#3880),#3884);
#3880 = LINE('',#3881,#3882);
#3881 = CARTESIAN_POINT('',(0.,0.));
#3882 = VECTOR('',#3883,1.);
#3883 = DIRECTION('',(0.,1.));
#3884 = ( GEOMETRIC_REPRESENTATION_CONTEXT(2) 
PARAMETRIC_REPRESENTATION_CONTEXT() REPRESENTATION_CONTEXT('2D SPACE',''
  ) );
#3885 = PCURVE('',#1463,#3886);
#3886 = DEFINITIONAL_REPRESENTATION('',(#3887),#3891);
#3887 = LINE('',#3888,#3889);
#3888 = CARTESIAN_POINT('',(2.8,0.));
#3889 = VECTOR('',#3890,1.);
#3890 = DIRECTION('',(0.,-1.));
#3891 = ( GEOMETRIC_REPRESENTATION_CONTEXT(2) 
PARAMETRIC_REPRESENTATION_CONTEXT() REPRESENTATION_CONTEXT('2D SPACE',''
  ) );
#3892 = ORIENTED_EDGE('',*,*,#1420,.T.);
#3893 = ORIENTED_EDGE('',*,*,#3894,.T.);
#3894 = EDGE_CURVE('',#1423,#2425,#3895,.T.);
#3895 = SURFACE_CURVE('',#3896,(#3900,#3907),.PCURVE_S1.);
#3896 = LINE('',#3897,#3898);
#3897 = CARTESIAN_POINT('',(10.897798814393,-16.5,5.955085920563));
#3898 = VECTOR('',#3899,1.);
#3899 = DIRECTION('',(0.,1.,0.));
#3900 = PCURVE('',#1437,#3901);
#3901 = DEFINITIONAL_REPRESENTATION('',(#3902),#3906);
#3902 = LINE('',#3903,#3904);
#3903 = CARTESIAN_POINT('',(0.8,0.));
#3904 = VECTOR('',#3905,1.);
#3905 = DIRECTION('',(0.,1.));
#3906 = ( GEOMETRIC_REPRESENTATION_CONTEXT(2) 
PARAMETRIC_REPRESENTATION_CONTEXT() REPRESENTATION_CONTEXT('2D SPACE',''
  ) );
#3907 = PCURVE('',#1513,#3908);
#3908 = DEFINITIONAL_REPRESENTATION('',(#3909),#3913);
#3909 = LINE('',#3910,#3911);
#3910 = CARTESIAN_POINT('',(2.8,0.));
#3911 = VECTOR('',#3912,1.);
#3912 = DIRECTION('',(0.,-1.));
#3913 = ( GEOMETRIC_REPRESENTATION_CONTEXT(2) 
PARAMETRIC_REPRESENTATION_CONTEXT() REPRESENTATION_CONTEXT('2D SPACE',''
  ) );
#3914 = ORIENTED_EDGE('',*,*,#2422,.F.);
#3915 = ADVANCED_FACE('',(#3916),#1513,.F.);
#3916 = FACE_BOUND('',#3917,.F.);
#3917 = EDGE_LOOP('',(#3918,#3919,#3920,#3941));
#3918 = ORIENTED_EDGE('',*,*,#3894,.F.);
#3919 = ORIENTED_EDGE('',*,*,#1500,.T.);
#3920 = ORIENTED_EDGE('',*,*,#3921,.T.);
#3921 = EDGE_CURVE('',#1475,#2467,#3922,.T.);
#3922 = SURFACE_CURVE('',#3923,(#3927,#3934),.PCURVE_S1.);
#3923 = LINE('',#3924,#3925);
#3924 = CARTESIAN_POINT('',(11.763046398643,-16.5,3.292127674937));
#3925 = VECTOR('',#3926,1.);
#3926 = DIRECTION('',(0.,1.,0.));
#3927 = PCURVE('',#1513,#3928);
#3928 = DEFINITIONAL_REPRESENTATION('',(#3929),#3933);
#3929 = LINE('',#3930,#3931);
#3930 = CARTESIAN_POINT('',(0.,0.));
#3931 = VECTOR('',#3932,1.);
#3932 = DIRECTION('',(0.,-1.));
#3933 = ( GEOMETRIC_REPRESENTATION_CONTEXT(2) 
PARAMETRIC_REPRESENTATION_CONTEXT() REPRESENTATION_CONTEXT('2D SPACE',''
  ) );
#3934 = PCURVE('',#1489,#3935);
#3935 = DEFINITIONAL_REPRESENTATION('',(#3936),#3940);
#3936 = LINE('',#3937,#3938);
#3937 = CARTESIAN_POINT('',(0.8,0.));
#3938 = VECTOR('',#3939,1.);
#3939 = DIRECTION('',(0.,1.));
#3940 = ( GEOMETRIC_REPRESENTATION_CONTEXT(2) 
PARAMETRIC_REPRESENTATION_CONTEXT() REPRESENTATION_CONTEXT('2D SPACE',''
  ) );
#3941 = ORIENTED_EDGE('',*,*,#2487,.F.);
#3942 = ADVANCED_FACE('',(#3943),#1489,.T.);
#3943 = FACE_BOUND('',#3944,.T.);
#3944 = EDGE_LOOP('',(#3945,#3966,#3967,#3968));
#3945 = ORIENTED_EDGE('',*,*,#3946,.F.);
#3946 = EDGE_CURVE('',#1449,#2446,#3947,.T.);
#3947 = SURFACE_CURVE('',#3948,(#3952,#3959),.PCURVE_S1.);
#3948 = LINE('',#3949,#3950);
#3949 = CARTESIAN_POINT('',(11.002201185607,-16.5,3.044914079437));
#3950 = VECTOR('',#3951,1.);
#3951 = DIRECTION('',(0.,1.,0.));
#3952 = PCURVE('',#1489,#3953);
#3953 = DEFINITIONAL_REPRESENTATION('',(#3954),#3958);
#3954 = LINE('',#3955,#3956);
#3955 = CARTESIAN_POINT('',(0.,0.));
#3956 = VECTOR('',#3957,1.);
#3957 = DIRECTION('',(0.,1.));
#3958 = ( GEOMETRIC_REPRESENTATION_CONTEXT(2) 
PARAMETRIC_REPRESENTATION_CONTEXT() REPRESENTATION_CONTEXT('2D SPACE',''
  ) );
#3959 = PCURVE('',#1463,#3960);
#3960 = DEFINITIONAL_REPRESENTATION('',(#3961),#3965);
#3961 = LINE('',#3962,#3963);
#3962 = CARTESIAN_POINT('',(0.,0.));
#3963 = VECTOR('',#3964,1.);
#3964 = DIRECTION('',(0.,-1.));
#3965 = ( GEOMETRIC_REPRESENTATION_CONTEXT(2) 
PARAMETRIC_REPRESENTATION_CONTEXT() REPRESENTATION_CONTEXT('2D SPACE',''
  ) );
#3966 = ORIENTED_EDGE('',*,*,#1474,.T.);
#3967 = ORIENTED_EDGE('',*,*,#3921,.T.);
#3968 = ORIENTED_EDGE('',*,*,#2466,.F.);
#3969 = ADVANCED_FACE('',(#3970),#1463,.T.);
#3970 = FACE_BOUND('',#3971,.T.);
#3971 = EDGE_LOOP('',(#3972,#3973,#3974,#3975));
#3972 = ORIENTED_EDGE('',*,*,#3872,.F.);
#3973 = ORIENTED_EDGE('',*,*,#1448,.T.);
#3974 = ORIENTED_EDGE('',*,*,#3946,.T.);
#3975 = ORIENTED_EDGE('',*,*,#2445,.F.);
#3976 = ADVANCED_FACE('',(#3977),#1570,.F.);
#3977 = FACE_BOUND('',#3978,.F.);
#3978 = EDGE_LOOP('',(#3979,#4000,#4001,#4022));
#3979 = ORIENTED_EDGE('',*,*,#3980,.F.);
#3980 = EDGE_CURVE('',#2711,#1554,#3981,.T.);
#3981 = SURFACE_CURVE('',#3982,(#3986,#3993),.PCURVE_S1.);
#3982 = LINE('',#3983,#3984);
#3983 = CARTESIAN_POINT('',(-11.76304639864,11.5,5.707872325063));
#3984 = VECTOR('',#3985,1.);
#3985 = DIRECTION('',(0.,1.,0.));
#3986 = PCURVE('',#1570,#3987);
#3987 = DEFINITIONAL_REPRESENTATION('',(#3988),#3992);
#3988 = LINE('',#3989,#3990);
#3989 = CARTESIAN_POINT('',(0.,0.));
#3990 = VECTOR('',#3991,1.);
#3991 = DIRECTION('',(0.,1.));
#3992 = ( GEOMETRIC_REPRESENTATION_CONTEXT(2) 
PARAMETRIC_REPRESENTATION_CONTEXT() REPRESENTATION_CONTEXT('2D SPACE',''
  ) );
#3993 = PCURVE('',#1596,#3994);
#3994 = DEFINITIONAL_REPRESENTATION('',(#3995),#3999);
#3995 = LINE('',#3996,#3997);
#3996 = CARTESIAN_POINT('',(2.8,0.));
#3997 = VECTOR('',#3998,1.);
#3998 = DIRECTION('',(0.,-1.));
#3999 = ( GEOMETRIC_REPRESENTATION_CONTEXT(2) 
PARAMETRIC_REPRESENTATION_CONTEXT() REPRESENTATION_CONTEXT('2D SPACE',''
  ) );
#4000 = ORIENTED_EDGE('',*,*,#2710,.T.);
#4001 = ORIENTED_EDGE('',*,*,#4002,.T.);
#4002 = EDGE_CURVE('',#2713,#1556,#4003,.T.);
#4003 = SURFACE_CURVE('',#4004,(#4008,#4015),.PCURVE_S1.);
#4004 = LINE('',#4005,#4006);
#4005 = CARTESIAN_POINT('',(-11.0022011856,11.5,5.955085920563));
#4006 = VECTOR('',#4007,1.);
#4007 = DIRECTION('',(0.,1.,0.));
#4008 = PCURVE('',#1570,#4009);
#4009 = DEFINITIONAL_REPRESENTATION('',(#4010),#4014);
#4010 = LINE('',#4011,#4012);
#4011 = CARTESIAN_POINT('',(0.8,0.));
#4012 = VECTOR('',#4013,1.);
#4013 = DIRECTION('',(0.,1.));
#4014 = ( GEOMETRIC_REPRESENTATION_CONTEXT(2) 
PARAMETRIC_REPRESENTATION_CONTEXT() REPRESENTATION_CONTEXT('2D SPACE',''
  ) );
#4015 = PCURVE('',#1646,#4016);
#4016 = DEFINITIONAL_REPRESENTATION('',(#4017),#4021);
#4017 = LINE('',#4018,#4019);
#4018 = CARTESIAN_POINT('',(2.8,0.));
#4019 = VECTOR('',#4020,1.);
#4020 = DIRECTION('',(0.,-1.));
#4021 = ( GEOMETRIC_REPRESENTATION_CONTEXT(2) 
PARAMETRIC_REPRESENTATION_CONTEXT() REPRESENTATION_CONTEXT('2D SPACE',''
  ) );
#4022 = ORIENTED_EDGE('',*,*,#1553,.F.);
#4023 = ADVANCED_FACE('',(#4024),#1596,.T.);
#4024 = FACE_BOUND('',#4025,.T.);
#4025 = EDGE_LOOP('',(#4026,#4027,#4028,#4049));
#4026 = ORIENTED_EDGE('',*,*,#3980,.F.);
#4027 = ORIENTED_EDGE('',*,*,#2733,.T.);
#4028 = ORIENTED_EDGE('',*,*,#4029,.T.);
#4029 = EDGE_CURVE('',#2734,#1582,#4030,.T.);
#4030 = SURFACE_CURVE('',#4031,(#4035,#4042),.PCURVE_S1.);
#4031 = LINE('',#4032,#4033);
#4032 = CARTESIAN_POINT('',(-10.89779881439,11.5,3.044914079437));
#4033 = VECTOR('',#4034,1.);
#4034 = DIRECTION('',(0.,1.,0.));
#4035 = PCURVE('',#1596,#4036);
#4036 = DEFINITIONAL_REPRESENTATION('',(#4037),#4041);
#4037 = LINE('',#4038,#4039);
#4038 = CARTESIAN_POINT('',(0.,0.));
#4039 = VECTOR('',#4040,1.);
#4040 = DIRECTION('',(0.,-1.));
#4041 = ( GEOMETRIC_REPRESENTATION_CONTEXT(2) 
PARAMETRIC_REPRESENTATION_CONTEXT() REPRESENTATION_CONTEXT('2D SPACE',''
  ) );
#4042 = PCURVE('',#1622,#4043);
#4043 = DEFINITIONAL_REPRESENTATION('',(#4044),#4048);
#4044 = LINE('',#4045,#4046);
#4045 = CARTESIAN_POINT('',(0.,0.));
#4046 = VECTOR('',#4047,1.);
#4047 = DIRECTION('',(0.,1.));
#4048 = ( GEOMETRIC_REPRESENTATION_CONTEXT(2) 
PARAMETRIC_REPRESENTATION_CONTEXT() REPRESENTATION_CONTEXT('2D SPACE',''
  ) );
#4049 = ORIENTED_EDGE('',*,*,#1581,.F.);
#4050 = ADVANCED_FACE('',(#4051),#1646,.F.);
#4051 = FACE_BOUND('',#4052,.F.);
#4052 = EDGE_LOOP('',(#4053,#4054,#4055,#4076));
#4053 = ORIENTED_EDGE('',*,*,#4002,.F.);
#4054 = ORIENTED_EDGE('',*,*,#2775,.T.);
#4055 = ORIENTED_EDGE('',*,*,#4056,.T.);
#4056 = EDGE_CURVE('',#2755,#1608,#4057,.T.);
#4057 = SURFACE_CURVE('',#4058,(#4062,#4069),.PCURVE_S1.);
#4058 = LINE('',#4059,#4060);
#4059 = CARTESIAN_POINT('',(-10.13695360135,11.5,3.292127674937));
#4060 = VECTOR('',#4061,1.);
#4061 = DIRECTION('',(0.,1.,0.));
#4062 = PCURVE('',#1646,#4063);
#4063 = DEFINITIONAL_REPRESENTATION('',(#4064),#4068);
#4064 = LINE('',#4065,#4066);
#4065 = CARTESIAN_POINT('',(0.,0.));
#4066 = VECTOR('',#4067,1.);
#4067 = DIRECTION('',(0.,-1.));
#4068 = ( GEOMETRIC_REPRESENTATION_CONTEXT(2) 
PARAMETRIC_REPRESENTATION_CONTEXT() REPRESENTATION_CONTEXT('2D SPACE',''
  ) );
#4069 = PCURVE('',#1622,#4070);
#4070 = DEFINITIONAL_REPRESENTATION('',(#4071),#4075);
#4071 = LINE('',#4072,#4073);
#4072 = CARTESIAN_POINT('',(0.8,0.));
#4073 = VECTOR('',#4074,1.);
#4074 = DIRECTION('',(0.,1.));
#4075 = ( GEOMETRIC_REPRESENTATION_CONTEXT(2) 
PARAMETRIC_REPRESENTATION_CONTEXT() REPRESENTATION_CONTEXT('2D SPACE',''
  ) );
#4076 = ORIENTED_EDGE('',*,*,#1633,.F.);
#4077 = ADVANCED_FACE('',(#4078),#1622,.T.);
#4078 = FACE_BOUND('',#4079,.T.);
#4079 = EDGE_LOOP('',(#4080,#4081,#4082,#4083));
#4080 = ORIENTED_EDGE('',*,*,#4029,.F.);
#4081 = ORIENTED_EDGE('',*,*,#2754,.T.);
#4082 = ORIENTED_EDGE('',*,*,#4056,.T.);
#4083 = ORIENTED_EDGE('',*,*,#1607,.F.);
#4084 = ADVANCED_FACE('',(#4085),#1676,.F.);
#4085 = FACE_BOUND('',#4086,.F.);
#4086 = EDGE_LOOP('',(#4087,#4108,#4109,#4130));
#4087 = ORIENTED_EDGE('',*,*,#4088,.F.);
#4088 = EDGE_CURVE('',#2797,#1660,#4089,.T.);
#4089 = SURFACE_CURVE('',#4090,(#4094,#4101),.PCURVE_S1.);
#4090 = LINE('',#4091,#4092);
#4091 = CARTESIAN_POINT('',(-9.863046398643,11.5,5.707872325063));
#4092 = VECTOR('',#4093,1.);
#4093 = DIRECTION('',(0.,1.,0.));
#4094 = PCURVE('',#1676,#4095);
#4095 = DEFINITIONAL_REPRESENTATION('',(#4096),#4100);
#4096 = LINE('',#4097,#4098);
#4097 = CARTESIAN_POINT('',(0.,0.));
#4098 = VECTOR('',#4099,1.);
#4099 = DIRECTION('',(0.,1.));
#4100 = ( GEOMETRIC_REPRESENTATION_CONTEXT(2) 
PARAMETRIC_REPRESENTATION_CONTEXT() REPRESENTATION_CONTEXT('2D SPACE',''
  ) );
#4101 = PCURVE('',#1702,#4102);
#4102 = DEFINITIONAL_REPRESENTATION('',(#4103),#4107);
#4103 = LINE('',#4104,#4105);
#4104 = CARTESIAN_POINT('',(2.8,0.));
#4105 = VECTOR('',#4106,1.);
#4106 = DIRECTION('',(0.,-1.));
#4107 = ( GEOMETRIC_REPRESENTATION_CONTEXT(2) 
PARAMETRIC_REPRESENTATION_CONTEXT() REPRESENTATION_CONTEXT('2D SPACE',''
  ) );
#4108 = ORIENTED_EDGE('',*,*,#2796,.T.);
#4109 = ORIENTED_EDGE('',*,*,#4110,.T.);
#4110 = EDGE_CURVE('',#2799,#1662,#4111,.T.);
#4111 = SURFACE_CURVE('',#4112,(#4116,#4123),.PCURVE_S1.);
#4112 = LINE('',#4113,#4114);
#4113 = CARTESIAN_POINT('',(-9.102201185607,11.5,5.955085920563));
#4114 = VECTOR('',#4115,1.);
#4115 = DIRECTION('',(0.,1.,0.));
#4116 = PCURVE('',#1676,#4117);
#4117 = DEFINITIONAL_REPRESENTATION('',(#4118),#4122);
#4118 = LINE('',#4119,#4120);
#4119 = CARTESIAN_POINT('',(0.8,0.));
#4120 = VECTOR('',#4121,1.);
#4121 = DIRECTION('',(0.,1.));
#4122 = ( GEOMETRIC_REPRESENTATION_CONTEXT(2) 
PARAMETRIC_REPRESENTATION_CONTEXT() REPRESENTATION_CONTEXT('2D SPACE',''
  ) );
#4123 = PCURVE('',#1752,#4124);
#4124 = DEFINITIONAL_REPRESENTATION('',(#4125),#4129);
#4125 = LINE('',#4126,#4127);
#4126 = CARTESIAN_POINT('',(2.8,0.));
#4127 = VECTOR('',#4128,1.);
#4128 = DIRECTION('',(0.,-1.));
#4129 = ( GEOMETRIC_REPRESENTATION_CONTEXT(2) 
PARAMETRIC_REPRESENTATION_CONTEXT() REPRESENTATION_CONTEXT('2D SPACE',''
  ) );
#4130 = ORIENTED_EDGE('',*,*,#1659,.F.);
#4131 = ADVANCED_FACE('',(#4132),#1702,.T.);
#4132 = FACE_BOUND('',#4133,.T.);
#4133 = EDGE_LOOP('',(#4134,#4135,#4136,#4157));
#4134 = ORIENTED_EDGE('',*,*,#4088,.F.);
#4135 = ORIENTED_EDGE('',*,*,#2819,.T.);
#4136 = ORIENTED_EDGE('',*,*,#4137,.T.);
#4137 = EDGE_CURVE('',#2820,#1688,#4138,.T.);
#4138 = SURFACE_CURVE('',#4139,(#4143,#4150),.PCURVE_S1.);
#4139 = LINE('',#4140,#4141);
#4140 = CARTESIAN_POINT('',(-8.997798814393,11.5,3.044914079437));
#4141 = VECTOR('',#4142,1.);
#4142 = DIRECTION('',(0.,1.,0.));
#4143 = PCURVE('',#1702,#4144);
#4144 = DEFINITIONAL_REPRESENTATION('',(#4145),#4149);
#4145 = LINE('',#4146,#4147);
#4146 = CARTESIAN_POINT('',(0.,0.));
#4147 = VECTOR('',#4148,1.);
#4148 = DIRECTION('',(0.,-1.));
#4149 = ( GEOMETRIC_REPRESENTATION_CONTEXT(2) 
PARAMETRIC_REPRESENTATION_CONTEXT() REPRESENTATION_CONTEXT('2D SPACE',''
  ) );
#4150 = PCURVE('',#1728,#4151);
#4151 = DEFINITIONAL_REPRESENTATION('',(#4152),#4156);
#4152 = LINE('',#4153,#4154);
#4153 = CARTESIAN_POINT('',(0.,0.));
#4154 = VECTOR('',#4155,1.);
#4155 = DIRECTION('',(0.,1.));
#4156 = ( GEOMETRIC_REPRESENTATION_CONTEXT(2) 
PARAMETRIC_REPRESENTATION_CONTEXT() REPRESENTATION_CONTEXT('2D SPACE',''
  ) );
#4157 = ORIENTED_EDGE('',*,*,#1687,.F.);
#4158 = ADVANCED_FACE('',(#4159),#1752,.F.);
#4159 = FACE_BOUND('',#4160,.F.);
#4160 = EDGE_LOOP('',(#4161,#4162,#4163,#4184));
#4161 = ORIENTED_EDGE('',*,*,#4110,.F.);
#4162 = ORIENTED_EDGE('',*,*,#2861,.T.);
#4163 = ORIENTED_EDGE('',*,*,#4164,.T.);
#4164 = EDGE_CURVE('',#2841,#1714,#4165,.T.);
#4165 = SURFACE_CURVE('',#4166,(#4170,#4177),.PCURVE_S1.);
#4166 = LINE('',#4167,#4168);
#4167 = CARTESIAN_POINT('',(-8.236953601357,11.5,3.292127674937));
#4168 = VECTOR('',#4169,1.);
#4169 = DIRECTION('',(0.,1.,0.));
#4170 = PCURVE('',#1752,#4171);
#4171 = DEFINITIONAL_REPRESENTATION('',(#4172),#4176);
#4172 = LINE('',#4173,#4174);
#4173 = CARTESIAN_POINT('',(0.,0.));
#4174 = VECTOR('',#4175,1.);
#4175 = DIRECTION('',(0.,-1.));
#4176 = ( GEOMETRIC_REPRESENTATION_CONTEXT(2) 
PARAMETRIC_REPRESENTATION_CONTEXT() REPRESENTATION_CONTEXT('2D SPACE',''
  ) );
#4177 = PCURVE('',#1728,#4178);
#4178 = DEFINITIONAL_REPRESENTATION('',(#4179),#4183);
#4179 = LINE('',#4180,#4181);
#4180 = CARTESIAN_POINT('',(0.8,0.));
#4181 = VECTOR('',#4182,1.);
#4182 = DIRECTION('',(0.,1.));
#4183 = ( GEOMETRIC_REPRESENTATION_CONTEXT(2) 
PARAMETRIC_REPRESENTATION_CONTEXT() REPRESENTATION_CONTEXT('2D SPACE',''
  ) );
#4184 = ORIENTED_EDGE('',*,*,#1739,.F.);
#4185 = ADVANCED_FACE('',(#4186),#1728,.T.);
#4186 = FACE_BOUND('',#4187,.T.);
#4187 = EDGE_LOOP('',(#4188,#4189,#4190,#4191));
#4188 = ORIENTED_EDGE('',*,*,#4137,.F.);
#4189 = ORIENTED_EDGE('',*,*,#2840,.T.);
#4190 = ORIENTED_EDGE('',*,*,#4164,.T.);
#4191 = ORIENTED_EDGE('',*,*,#1713,.F.);
#4192 = ADVANCED_FACE('',(#4193),#1782,.F.);
#4193 = FACE_BOUND('',#4194,.F.);
#4194 = EDGE_LOOP('',(#4195,#4216,#4217,#4238));
#4195 = ORIENTED_EDGE('',*,*,#4196,.F.);
#4196 = EDGE_CURVE('',#2883,#1766,#4197,.T.);
#4197 = SURFACE_CURVE('',#4198,(#4202,#4209),.PCURVE_S1.);
#4198 = LINE('',#4199,#4200);
#4199 = CARTESIAN_POINT('',(8.236953601357,11.5,5.707872325063));
#4200 = VECTOR('',#4201,1.);
#4201 = DIRECTION('',(0.,1.,0.));
#4202 = PCURVE('',#1782,#4203);
#4203 = DEFINITIONAL_REPRESENTATION('',(#4204),#4208);
#4204 = LINE('',#4205,#4206);
#4205 = CARTESIAN_POINT('',(0.,0.));
#4206 = VECTOR('',#4207,1.);
#4207 = DIRECTION('',(0.,1.));
#4208 = ( GEOMETRIC_REPRESENTATION_CONTEXT(2) 
PARAMETRIC_REPRESENTATION_CONTEXT() REPRESENTATION_CONTEXT('2D SPACE',''
  ) );
#4209 = PCURVE('',#1808,#4210);
#4210 = DEFINITIONAL_REPRESENTATION('',(#4211),#4215);
#4211 = LINE('',#4212,#4213);
#4212 = CARTESIAN_POINT('',(2.8,0.));
#4213 = VECTOR('',#4214,1.);
#4214 = DIRECTION('',(0.,-1.));
#4215 = ( GEOMETRIC_REPRESENTATION_CONTEXT(2) 
PARAMETRIC_REPRESENTATION_CONTEXT() REPRESENTATION_CONTEXT('2D SPACE',''
  ) );
#4216 = ORIENTED_EDGE('',*,*,#2882,.T.);
#4217 = ORIENTED_EDGE('',*,*,#4218,.T.);
#4218 = EDGE_CURVE('',#2885,#1768,#4219,.T.);
#4219 = SURFACE_CURVE('',#4220,(#4224,#4231),.PCURVE_S1.);
#4220 = LINE('',#4221,#4222);
#4221 = CARTESIAN_POINT('',(8.997798814393,11.5,5.955085920563));
#4222 = VECTOR('',#4223,1.);
#4223 = DIRECTION('',(0.,1.,0.));
#4224 = PCURVE('',#1782,#4225);
#4225 = DEFINITIONAL_REPRESENTATION('',(#4226),#4230);
#4226 = LINE('',#4227,#4228);
#4227 = CARTESIAN_POINT('',(0.8,0.));
#4228 = VECTOR('',#4229,1.);
#4229 = DIRECTION('',(0.,1.));
#4230 = ( GEOMETRIC_REPRESENTATION_CONTEXT(2) 
PARAMETRIC_REPRESENTATION_CONTEXT() REPRESENTATION_CONTEXT('2D SPACE',''
  ) );
#4231 = PCURVE('',#1858,#4232);
#4232 = DEFINITIONAL_REPRESENTATION('',(#4233),#4237);
#4233 = LINE('',#4234,#4235);
#4234 = CARTESIAN_POINT('',(2.8,0.));
#4235 = VECTOR('',#4236,1.);
#4236 = DIRECTION('',(0.,-1.));
#4237 = ( GEOMETRIC_REPRESENTATION_CONTEXT(2) 
PARAMETRIC_REPRESENTATION_CONTEXT() REPRESENTATION_CONTEXT('2D SPACE',''
  ) );
#4238 = ORIENTED_EDGE('',*,*,#1765,.F.);
#4239 = ADVANCED_FACE('',(#4240),#1808,.T.);
#4240 = FACE_BOUND('',#4241,.T.);
#4241 = EDGE_LOOP('',(#4242,#4243,#4244,#4265));
#4242 = ORIENTED_EDGE('',*,*,#4196,.F.);
#4243 = ORIENTED_EDGE('',*,*,#2905,.T.);
#4244 = ORIENTED_EDGE('',*,*,#4245,.T.);
#4245 = EDGE_CURVE('',#2906,#1794,#4246,.T.);
#4246 = SURFACE_CURVE('',#4247,(#4251,#4258),.PCURVE_S1.);
#4247 = LINE('',#4248,#4249);
#4248 = CARTESIAN_POINT('',(9.102201185607,11.5,3.044914079437));
#4249 = VECTOR('',#4250,1.);
#4250 = DIRECTION('',(0.,1.,0.));
#4251 = PCURVE('',#1808,#4252);
#4252 = DEFINITIONAL_REPRESENTATION('',(#4253),#4257);
#4253 = LINE('',#4254,#4255);
#4254 = CARTESIAN_POINT('',(0.,0.));
#4255 = VECTOR('',#4256,1.);
#4256 = DIRECTION('',(0.,-1.));
#4257 = ( GEOMETRIC_REPRESENTATION_CONTEXT(2) 
PARAMETRIC_REPRESENTATION_CONTEXT() REPRESENTATION_CONTEXT('2D SPACE',''
  ) );
#4258 = PCURVE('',#1834,#4259);
#4259 = DEFINITIONAL_REPRESENTATION('',(#4260),#4264);
#4260 = LINE('',#4261,#4262);
#4261 = CARTESIAN_POINT('',(0.,0.));
#4262 = VECTOR('',#4263,1.);
#4263 = DIRECTION('',(0.,1.));
#4264 = ( GEOMETRIC_REPRESENTATION_CONTEXT(2) 
PARAMETRIC_REPRESENTATION_CONTEXT() REPRESENTATION_CONTEXT('2D SPACE',''
  ) );
#4265 = ORIENTED_EDGE('',*,*,#1793,.F.);
#4266 = ADVANCED_FACE('',(#4267),#1858,.F.);
#4267 = FACE_BOUND('',#4268,.F.);
#4268 = EDGE_LOOP('',(#4269,#4270,#4271,#4292));
#4269 = ORIENTED_EDGE('',*,*,#4218,.F.);
#4270 = ORIENTED_EDGE('',*,*,#2947,.T.);
#4271 = ORIENTED_EDGE('',*,*,#4272,.T.);
#4272 = EDGE_CURVE('',#2927,#1820,#4273,.T.);
#4273 = SURFACE_CURVE('',#4274,(#4278,#4285),.PCURVE_S1.);
#4274 = LINE('',#4275,#4276);
#4275 = CARTESIAN_POINT('',(9.863046398643,11.5,3.292127674937));
#4276 = VECTOR('',#4277,1.);
#4277 = DIRECTION('',(0.,1.,0.));
#4278 = PCURVE('',#1858,#4279);
#4279 = DEFINITIONAL_REPRESENTATION('',(#4280),#4284);
#4280 = LINE('',#4281,#4282);
#4281 = CARTESIAN_POINT('',(0.,0.));
#4282 = VECTOR('',#4283,1.);
#4283 = DIRECTION('',(0.,-1.));
#4284 = ( GEOMETRIC_REPRESENTATION_CONTEXT(2) 
PARAMETRIC_REPRESENTATION_CONTEXT() REPRESENTATION_CONTEXT('2D SPACE',''
  ) );
#4285 = PCURVE('',#1834,#4286);
#4286 = DEFINITIONAL_REPRESENTATION('',(#4287),#4291);
#4287 = LINE('',#4288,#4289);
#4288 = CARTESIAN_POINT('',(0.8,0.));
#4289 = VECTOR('',#4290,1.);
#4290 = DIRECTION('',(0.,1.));
#4291 = ( GEOMETRIC_REPRESENTATION_CONTEXT(2) 
PARAMETRIC_REPRESENTATION_CONTEXT() REPRESENTATION_CONTEXT('2D SPACE',''
  ) );
#4292 = ORIENTED_EDGE('',*,*,#1845,.F.);
#4293 = ADVANCED_FACE('',(#4294),#1834,.T.);
#4294 = FACE_BOUND('',#4295,.T.);
#4295 = EDGE_LOOP('',(#4296,#4297,#4298,#4299));
#4296 = ORIENTED_EDGE('',*,*,#4245,.F.);
#4297 = ORIENTED_EDGE('',*,*,#2926,.T.);
#4298 = ORIENTED_EDGE('',*,*,#4272,.T.);
#4299 = ORIENTED_EDGE('',*,*,#1819,.F.);
#4300 = ADVANCED_FACE('',(#4301),#1888,.F.);
#4301 = FACE_BOUND('',#4302,.F.);
#4302 = EDGE_LOOP('',(#4303,#4324,#4325,#4346));
#4303 = ORIENTED_EDGE('',*,*,#4304,.F.);
#4304 = EDGE_CURVE('',#2969,#1872,#4305,.T.);
#4305 = SURFACE_CURVE('',#4306,(#4310,#4317),.PCURVE_S1.);
#4306 = LINE('',#4307,#4308);
#4307 = CARTESIAN_POINT('',(10.136953601357,11.5,5.707872325063));
#4308 = VECTOR('',#4309,1.);
#4309 = DIRECTION('',(0.,1.,0.));
#4310 = PCURVE('',#1888,#4311);
#4311 = DEFINITIONAL_REPRESENTATION('',(#4312),#4316);
#4312 = LINE('',#4313,#4314);
#4313 = CARTESIAN_POINT('',(0.,0.));
#4314 = VECTOR('',#4315,1.);
#4315 = DIRECTION('',(0.,1.));
#4316 = ( GEOMETRIC_REPRESENTATION_CONTEXT(2) 
PARAMETRIC_REPRESENTATION_CONTEXT() REPRESENTATION_CONTEXT('2D SPACE',''
  ) );
#4317 = PCURVE('',#1914,#4318);
#4318 = DEFINITIONAL_REPRESENTATION('',(#4319),#4323);
#4319 = LINE('',#4320,#4321);
#4320 = CARTESIAN_POINT('',(2.8,0.));
#4321 = VECTOR('',#4322,1.);
#4322 = DIRECTION('',(0.,-1.));
#4323 = ( GEOMETRIC_REPRESENTATION_CONTEXT(2) 
PARAMETRIC_REPRESENTATION_CONTEXT() REPRESENTATION_CONTEXT('2D SPACE',''
  ) );
#4324 = ORIENTED_EDGE('',*,*,#2968,.T.);
#4325 = ORIENTED_EDGE('',*,*,#4326,.T.);
#4326 = EDGE_CURVE('',#2971,#1874,#4327,.T.);
#4327 = SURFACE_CURVE('',#4328,(#4332,#4339),.PCURVE_S1.);
#4328 = LINE('',#4329,#4330);
#4329 = CARTESIAN_POINT('',(10.897798814393,11.5,5.955085920563));
#4330 = VECTOR('',#4331,1.);
#4331 = DIRECTION('',(0.,1.,0.));
#4332 = PCURVE('',#1888,#4333);
#4333 = DEFINITIONAL_REPRESENTATION('',(#4334),#4338);
#4334 = LINE('',#4335,#4336);
#4335 = CARTESIAN_POINT('',(0.8,0.));
#4336 = VECTOR('',#4337,1.);
#4337 = DIRECTION('',(0.,1.));
#4338 = ( GEOMETRIC_REPRESENTATION_CONTEXT(2) 
PARAMETRIC_REPRESENTATION_CONTEXT() REPRESENTATION_CONTEXT('2D SPACE',''
  ) );
#4339 = PCURVE('',#1964,#4340);
#4340 = DEFINITIONAL_REPRESENTATION('',(#4341),#4345);
#4341 = LINE('',#4342,#4343);
#4342 = CARTESIAN_POINT('',(2.8,0.));
#4343 = VECTOR('',#4344,1.);
#4344 = DIRECTION('',(0.,-1.));
#4345 = ( GEOMETRIC_REPRESENTATION_CONTEXT(2) 
PARAMETRIC_REPRESENTATION_CONTEXT() REPRESENTATION_CONTEXT('2D SPACE',''
  ) );
#4346 = ORIENTED_EDGE('',*,*,#1871,.F.);
#4347 = ADVANCED_FACE('',(#4348),#1964,.F.);
#4348 = FACE_BOUND('',#4349,.F.);
#4349 = EDGE_LOOP('',(#4350,#4351,#4352,#4373));
#4350 = ORIENTED_EDGE('',*,*,#4326,.F.);
#4351 = ORIENTED_EDGE('',*,*,#3033,.T.);
#4352 = ORIENTED_EDGE('',*,*,#4353,.T.);
#4353 = EDGE_CURVE('',#3013,#1926,#4354,.T.);
#4354 = SURFACE_CURVE('',#4355,(#4359,#4366),.PCURVE_S1.);
#4355 = LINE('',#4356,#4357);
#4356 = CARTESIAN_POINT('',(11.763046398643,11.5,3.292127674937));
#4357 = VECTOR('',#4358,1.);
#4358 = DIRECTION('',(0.,1.,0.));
#4359 = PCURVE('',#1964,#4360);
#4360 = DEFINITIONAL_REPRESENTATION('',(#4361),#4365);
#4361 = LINE('',#4362,#4363);
#4362 = CARTESIAN_POINT('',(0.,0.));
#4363 = VECTOR('',#4364,1.);
#4364 = DIRECTION('',(0.,-1.));
#4365 = ( GEOMETRIC_REPRESENTATION_CONTEXT(2) 
PARAMETRIC_REPRESENTATION_CONTEXT() REPRESENTATION_CONTEXT('2D SPACE',''
  ) );
#4366 = PCURVE('',#1940,#4367);
#4367 = DEFINITIONAL_REPRESENTATION('',(#4368),#4372);
#4368 = LINE('',#4369,#4370);
#4369 = CARTESIAN_POINT('',(0.8,0.));
#4370 = VECTOR('',#4371,1.);
#4371 = DIRECTION('',(0.,1.));
#4372 = ( GEOMETRIC_REPRESENTATION_CONTEXT(2) 
PARAMETRIC_REPRESENTATION_CONTEXT() REPRESENTATION_CONTEXT('2D SPACE',''
  ) );
#4373 = ORIENTED_EDGE('',*,*,#1951,.F.);
#4374 = ADVANCED_FACE('',(#4375),#1940,.T.);
#4375 = FACE_BOUND('',#4376,.T.);
#4376 = EDGE_LOOP('',(#4377,#4398,#4399,#4400));
#4377 = ORIENTED_EDGE('',*,*,#4378,.F.);
#4378 = EDGE_CURVE('',#2992,#1900,#4379,.T.);
#4379 = SURFACE_CURVE('',#4380,(#4384,#4391),.PCURVE_S1.);
#4380 = LINE('',#4381,#4382);
#4381 = CARTESIAN_POINT('',(11.002201185607,11.5,3.044914079437));
#4382 = VECTOR('',#4383,1.);
#4383 = DIRECTION('',(0.,1.,0.));
#4384 = PCURVE('',#1940,#4385);
#4385 = DEFINITIONAL_REPRESENTATION('',(#4386),#4390);
#4386 = LINE('',#4387,#4388);
#4387 = CARTESIAN_POINT('',(0.,0.));
#4388 = VECTOR('',#4389,1.);
#4389 = DIRECTION('',(0.,1.));
#4390 = ( GEOMETRIC_REPRESENTATION_CONTEXT(2) 
PARAMETRIC_REPRESENTATION_CONTEXT() REPRESENTATION_CONTEXT('2D SPACE',''
  ) );
#4391 = PCURVE('',#1914,#4392);
#4392 = DEFINITIONAL_REPRESENTATION('',(#4393),#4397);
#4393 = LINE('',#4394,#4395);
#4394 = CARTESIAN_POINT('',(0.,0.));
#4395 = VECTOR('',#4396,1.);
#4396 = DIRECTION('',(0.,-1.));
#4397 = ( GEOMETRIC_REPRESENTATION_CONTEXT(2) 
PARAMETRIC_REPRESENTATION_CONTEXT() REPRESENTATION_CONTEXT('2D SPACE',''
  ) );
#4398 = ORIENTED_EDGE('',*,*,#3012,.T.);
#4399 = ORIENTED_EDGE('',*,*,#4353,.T.);
#4400 = ORIENTED_EDGE('',*,*,#1925,.F.);
#4401 = ADVANCED_FACE('',(#4402),#1914,.T.);
#4402 = FACE_BOUND('',#4403,.T.);
#4403 = EDGE_LOOP('',(#4404,#4405,#4406,#4407));
#4404 = ORIENTED_EDGE('',*,*,#4304,.F.);
#4405 = ORIENTED_EDGE('',*,*,#2991,.T.);
#4406 = ORIENTED_EDGE('',*,*,#4378,.T.);
#4407 = ORIENTED_EDGE('',*,*,#1899,.F.);
#4408 = ADVANCED_FACE('',(#4409,#4419,#4422,#4425,#4431,#4434),#2079,.T.
  );
#4409 = FACE_BOUND('',#4410,.T.);
#4410 = EDGE_LOOP('',(#4411,#4412,#4413,#4414,#4415,#4416,#4417,#4418));
#4411 = ORIENTED_EDGE('',*,*,#3111,.F.);
#4412 = ORIENTED_EDGE('',*,*,#2062,.T.);
#4413 = ORIENTED_EDGE('',*,*,#2116,.T.);
#4414 = ORIENTED_EDGE('',*,*,#2532,.F.);
#4415 = ORIENTED_EDGE('',*,*,#2565,.T.);
#4416 = ORIENTED_EDGE('',*,*,#2613,.T.);
#4417 = ORIENTED_EDGE('',*,*,#2662,.F.);
#4418 = ORIENTED_EDGE('',*,*,#3078,.F.);
#4419 = FACE_BOUND('',#4420,.T.);
#4420 = EDGE_LOOP('',(#4421));
#4421 = ORIENTED_EDGE('',*,*,#3160,.T.);
#4422 = FACE_BOUND('',#4423,.T.);
#4423 = EDGE_LOOP('',(#4424));
#4424 = ORIENTED_EDGE('',*,*,#3214,.T.);
#4425 = FACE_BOUND('',#4426,.T.);
#4426 = EDGE_LOOP('',(#4427,#4428,#4429,#4430));
#4427 = ORIENTED_EDGE('',*,*,#3416,.T.);
#4428 = ORIENTED_EDGE('',*,*,#3389,.T.);
#4429 = ORIENTED_EDGE('',*,*,#3340,.F.);
#4430 = ORIENTED_EDGE('',*,*,#3291,.F.);
#4431 = FACE_BOUND('',#4432,.T.);
#4432 = EDGE_LOOP('',(#4433));
#4433 = ORIENTED_EDGE('',*,*,#3464,.T.);
#4434 = FACE_BOUND('',#4435,.T.);
#4435 = EDGE_LOOP('',(#4436));
#4436 = ORIENTED_EDGE('',*,*,#3518,.T.);
#4437 = ( GEOMETRIC_REPRESENTATION_CONTEXT(3) 
GLOBAL_UNCERTAINTY_ASSIGNED_CONTEXT((#4441)) 
GLOBAL_UNIT_ASSIGNED_CONTEXT((#4438,#4439,#4440)) REPRESENTATION_CONTEXT
('Context #1','3D Context with UNIT and UNCERTAINTY') );
#4438 = ( LENGTH_UNIT() NAMED_UNIT(*) SI_UNIT(.MILLI.,.METRE.) );
#4439 = ( NAMED_UNIT(*) PLANE_ANGLE_UNIT() SI_UNIT($,.RADIAN.) );
#4440 = ( NAMED_UNIT(*) SI_UNIT($,.STERADIAN.) SOLID_ANGLE_UNIT() );
#4441 = UNCERTAINTY_MEASURE_WITH_UNIT(LENGTH_MEASURE(1.E-07),#4438,
  'distance_accuracy_value','confusion accuracy');
#4442 = CONTEXT_DEPENDENT_SHAPE_REPRESENTATION(#4443,#4445);
#4443 = ( REPRESENTATION_RELATIONSHIP('','',#68,#10) 
REPRESENTATION_RELATIONSHIP_WITH_TRANSFORMATION(#4444) 
SHAPE_REPRESENTATION_RELATIONSHIP() );
#4444 = ITEM_DEFINED_TRANSFORMATION('','',#11,#15);
#4445 = PRODUCT_DEFINITION_SHAPE('Placement','Placement of an item',
  #4446);
#4446 = NEXT_ASSEMBLY_USAGE_OCCURRENCE('1',
  'Lower_housing_estimated_holes_and_vents','',#5,#63,$);
#4447 = PRODUCT_RELATED_PRODUCT_CATEGORY('part',$,(#65));
#4448 = SHAPE_DEFINITION_REPRESENTATION(#4449,#4455);
#4449 = PRODUCT_DEFINITION_SHAPE('','',#4450);
#4450 = PRODUCT_DEFINITION('design','',#4451,#4454);
#4451 = PRODUCT_DEFINITION_FORMATION('','',#4452);
#4452 = PRODUCT('Upper_housing_44x29x18_assumption',
  'Upper_housing_44x29x18_assumption','',(#4453));
#4453 = PRODUCT_CONTEXT('',#2,'mechanical');
#4454 = PRODUCT_DEFINITION_CONTEXT('part definition',#2,'design');
#4455 = ADVANCED_BREP_SHAPE_REPRESENTATION('',(#11,#4456),#9114);
#4456 = MANIFOLD_SOLID_BREP('',#4457);
#4457 = CLOSED_SHELL('',(#4458,#4679,#5082,#5183,#5230,#5299,#5353,#5718
    ,#5745,#6196,#6221,#6248,#6342,#6433,#6480,#6931,#7000,#7007,#7062,
    #7157,#7360,#7387,#7758,#7785,#7834,#7861,#8232,#8239,#8286,#8313,
    #8340,#8347,#8394,#8421,#8448,#8455,#8502,#8529,#8556,#8563,#8610,
    #8637,#8664,#8671,#8678,#8725,#8752,#8779,#8786,#8833,#8860,#8887,
    #8894,#8941,#8968,#8995,#9002,#9049,#9076,#9103,#9110));
#4458 = ADVANCED_FACE('',(#4459),#4473,.F.);
#4459 = FACE_BOUND('',#4460,.F.);
#4460 = EDGE_LOOP('',(#4461,#4496,#4524,#4552,#4580,#4603,#4629,#4655));
#4461 = ORIENTED_EDGE('',*,*,#4462,.F.);
#4462 = EDGE_CURVE('',#4463,#4465,#4467,.T.);
#4463 = VERTEX_POINT('',#4464);
#4464 = CARTESIAN_POINT('',(-22.,-11.5,18.));
#4465 = VERTEX_POINT('',#4466);
#4466 = CARTESIAN_POINT('',(-22.,-8.2,18.));
#4467 = SURFACE_CURVE('',#4468,(#4472,#4484),.PCURVE_S1.);
#4468 = LINE('',#4469,#4470);
#4469 = CARTESIAN_POINT('',(-22.,-14.5,18.));
#4470 = VECTOR('',#4471,1.);
#4471 = DIRECTION('',(0.,1.,0.));
#4472 = PCURVE('',#4473,#4478);
#4473 = PLANE('',#4474);
#4474 = AXIS2_PLACEMENT_3D('',#4475,#4476,#4477);
#4475 = CARTESIAN_POINT('',(-22.,-14.5,9.1));
#4476 = DIRECTION('',(1.,0.,0.));
#4477 = DIRECTION('',(0.,0.,1.));
#4478 = DEFINITIONAL_REPRESENTATION('',(#4479),#4483);
#4479 = LINE('',#4480,#4481);
#4480 = CARTESIAN_POINT('',(8.9,0.));
#4481 = VECTOR('',#4482,1.);
#4482 = DIRECTION('',(0.,-1.));
#4483 = ( GEOMETRIC_REPRESENTATION_CONTEXT(2) 
PARAMETRIC_REPRESENTATION_CONTEXT() REPRESENTATION_CONTEXT('2D SPACE',''
  ) );
#4484 = PCURVE('',#4485,#4490);
#4485 = PLANE('',#4486);
#4486 = AXIS2_PLACEMENT_3D('',#4487,#4488,#4489);
#4487 = CARTESIAN_POINT('',(-22.,-14.5,18.));
#4488 = DIRECTION('',(0.,0.,1.));
#4489 = DIRECTION('',(1.,0.,0.));
#4490 = DEFINITIONAL_REPRESENTATION('',(#4491),#4495);
#4491 = LINE('',#4492,#4493);
#4492 = CARTESIAN_POINT('',(0.,0.));
#4493 = VECTOR('',#4494,1.);
#4494 = DIRECTION('',(0.,1.));
#4495 = ( GEOMETRIC_REPRESENTATION_CONTEXT(2) 
PARAMETRIC_REPRESENTATION_CONTEXT() REPRESENTATION_CONTEXT('2D SPACE',''
  ) );
#4496 = ORIENTED_EDGE('',*,*,#4497,.F.);
#4497 = EDGE_CURVE('',#4498,#4463,#4500,.T.);
#4498 = VERTEX_POINT('',#4499);
#4499 = CARTESIAN_POINT('',(-22.,-11.5,9.1));
#4500 = SURFACE_CURVE('',#4501,(#4505,#4512),.PCURVE_S1.);
#4501 = LINE('',#4502,#4503);
#4502 = CARTESIAN_POINT('',(-22.,-11.5,9.1));
#4503 = VECTOR('',#4504,1.);
#4504 = DIRECTION('',(0.,0.,1.));
#4505 = PCURVE('',#4473,#4506);
#4506 = DEFINITIONAL_REPRESENTATION('',(#4507),#4511);
#4507 = LINE('',#4508,#4509);
#4508 = CARTESIAN_POINT('',(0.,-3.));
#4509 = VECTOR('',#4510,1.);
#4510 = DIRECTION('',(1.,0.));
#4511 = ( GEOMETRIC_REPRESENTATION_CONTEXT(2) 
PARAMETRIC_REPRESENTATION_CONTEXT() REPRESENTATION_CONTEXT('2D SPACE',''
  ) );
#4512 = PCURVE('',#4513,#4518);
#4513 = CYLINDRICAL_SURFACE('',#4514,3.);
#4514 = AXIS2_PLACEMENT_3D('',#4515,#4516,#4517);
#4515 = CARTESIAN_POINT('',(-19.,-11.5,9.1));
#4516 = DIRECTION('',(0.,0.,1.));
#4517 = DIRECTION('',(-1.,-0.,0.));
#4518 = DEFINITIONAL_REPRESENTATION('',(#4519),#4523);
#4519 = LINE('',#4520,#4521);
#4520 = CARTESIAN_POINT('',(0.,0.));
#4521 = VECTOR('',#4522,1.);
#4522 = DIRECTION('',(0.,1.));
#4523 = ( GEOMETRIC_REPRESENTATION_CONTEXT(2) 
PARAMETRIC_REPRESENTATION_CONTEXT() REPRESENTATION_CONTEXT('2D SPACE',''
  ) );
#4524 = ORIENTED_EDGE('',*,*,#4525,.T.);
#4525 = EDGE_CURVE('',#4498,#4526,#4528,.T.);
#4526 = VERTEX_POINT('',#4527);
#4527 = CARTESIAN_POINT('',(-22.,11.5,9.1));
#4528 = SURFACE_CURVE('',#4529,(#4533,#4540),.PCURVE_S1.);
#4529 = LINE('',#4530,#4531);
#4530 = CARTESIAN_POINT('',(-22.,-14.5,9.1));
#4531 = VECTOR('',#4532,1.);
#4532 = DIRECTION('',(0.,1.,0.));
#4533 = PCURVE('',#4473,#4534);
#4534 = DEFINITIONAL_REPRESENTATION('',(#4535),#4539);
#4535 = LINE('',#4536,#4537);
#4536 = CARTESIAN_POINT('',(0.,0.));
#4537 = VECTOR('',#4538,1.);
#4538 = DIRECTION('',(0.,-1.));
#4539 = ( GEOMETRIC_REPRESENTATION_CONTEXT(2) 
PARAMETRIC_REPRESENTATION_CONTEXT() REPRESENTATION_CONTEXT('2D SPACE',''
  ) );
#4540 = PCURVE('',#4541,#4546);
#4541 = PLANE('',#4542);
#4542 = AXIS2_PLACEMENT_3D('',#4543,#4544,#4545);
#4543 = CARTESIAN_POINT('',(-22.,-14.5,9.1));
#4544 = DIRECTION('',(0.,0.,1.));
#4545 = DIRECTION('',(1.,0.,0.));
#4546 = DEFINITIONAL_REPRESENTATION('',(#4547),#4551);
#4547 = LINE('',#4548,#4549);
#4548 = CARTESIAN_POINT('',(0.,0.));
#4549 = VECTOR('',#4550,1.);
#4550 = DIRECTION('',(0.,1.));
#4551 = ( GEOMETRIC_REPRESENTATION_CONTEXT(2) 
PARAMETRIC_REPRESENTATION_CONTEXT() REPRESENTATION_CONTEXT('2D SPACE',''
  ) );
#4552 = ORIENTED_EDGE('',*,*,#4553,.T.);
#4553 = EDGE_CURVE('',#4526,#4554,#4556,.T.);
#4554 = VERTEX_POINT('',#4555);
#4555 = CARTESIAN_POINT('',(-22.,11.5,18.));
#4556 = SURFACE_CURVE('',#4557,(#4561,#4568),.PCURVE_S1.);
#4557 = LINE('',#4558,#4559);
#4558 = CARTESIAN_POINT('',(-22.,11.5,9.1));
#4559 = VECTOR('',#4560,1.);
#4560 = DIRECTION('',(0.,0.,1.));
#4561 = PCURVE('',#4473,#4562);
#4562 = DEFINITIONAL_REPRESENTATION('',(#4563),#4567);
#4563 = LINE('',#4564,#4565);
#4564 = CARTESIAN_POINT('',(0.,-26.));
#4565 = VECTOR('',#4566,1.);
#4566 = DIRECTION('',(1.,0.));
#4567 = ( GEOMETRIC_REPRESENTATION_CONTEXT(2) 
PARAMETRIC_REPRESENTATION_CONTEXT() REPRESENTATION_CONTEXT('2D SPACE',''
  ) );
#4568 = PCURVE('',#4569,#4574);
#4569 = CYLINDRICAL_SURFACE('',#4570,3.);
#4570 = AXIS2_PLACEMENT_3D('',#4571,#4572,#4573);
#4571 = CARTESIAN_POINT('',(-19.,11.5,9.1));
#4572 = DIRECTION('',(0.,0.,1.));
#4573 = DIRECTION('',(-1.,-0.,0.));
#4574 = DEFINITIONAL_REPRESENTATION('',(#4575),#4579);
#4575 = LINE('',#4576,#4577);
#4576 = CARTESIAN_POINT('',(-0.,0.));
#4577 = VECTOR('',#4578,1.);
#4578 = DIRECTION('',(-0.,1.));
#4579 = ( GEOMETRIC_REPRESENTATION_CONTEXT(2) 
PARAMETRIC_REPRESENTATION_CONTEXT() REPRESENTATION_CONTEXT('2D SPACE',''
  ) );
#4580 = ORIENTED_EDGE('',*,*,#4581,.F.);
#4581 = EDGE_CURVE('',#4582,#4554,#4584,.T.);
#4582 = VERTEX_POINT('',#4583);
#4583 = CARTESIAN_POINT('',(-22.,8.2,18.));
#4584 = SURFACE_CURVE('',#4585,(#4589,#4596),.PCURVE_S1.);
#4585 = LINE('',#4586,#4587);
#4586 = CARTESIAN_POINT('',(-22.,-14.5,18.));
#4587 = VECTOR('',#4588,1.);
#4588 = DIRECTION('',(0.,1.,0.));
#4589 = PCURVE('',#4473,#4590);
#4590 = DEFINITIONAL_REPRESENTATION('',(#4591),#4595);
#4591 = LINE('',#4592,#4593);
#4592 = CARTESIAN_POINT('',(8.9,0.));
#4593 = VECTOR('',#4594,1.);
#4594 = DIRECTION('',(0.,-1.));
#4595 = ( GEOMETRIC_REPRESENTATION_CONTEXT(2) 
PARAMETRIC_REPRESENTATION_CONTEXT() REPRESENTATION_CONTEXT('2D SPACE',''
  ) );
#4596 = PCURVE('',#4485,#4597);
#4597 = DEFINITIONAL_REPRESENTATION('',(#4598),#4602);
#4598 = LINE('',#4599,#4600);
#4599 = CARTESIAN_POINT('',(0.,0.));
#4600 = VECTOR('',#4601,1.);
#4601 = DIRECTION('',(0.,1.));
#4602 = ( GEOMETRIC_REPRESENTATION_CONTEXT(2) 
PARAMETRIC_REPRESENTATION_CONTEXT() REPRESENTATION_CONTEXT('2D SPACE',''
  ) );
#4603 = ORIENTED_EDGE('',*,*,#4604,.F.);
#4604 = EDGE_CURVE('',#4605,#4582,#4607,.T.);
#4605 = VERTEX_POINT('',#4606);
#4606 = CARTESIAN_POINT('',(-22.,8.2,9.5));
#4607 = SURFACE_CURVE('',#4608,(#4612,#4618),.PCURVE_S1.);
#4608 = LINE('',#4609,#4610);
#4609 = CARTESIAN_POINT('',(-22.,8.2,9.3));
#4610 = VECTOR('',#4611,1.);
#4611 = DIRECTION('',(0.,0.,1.));
#4612 = PCURVE('',#4473,#4613);
#4613 = DEFINITIONAL_REPRESENTATION('',(#4614),#4617);
#4614 = B_SPLINE_CURVE_WITH_KNOTS('',1,(#4615,#4616),.UNSPECIFIED.,.F.,
  .F.,(2,2),(0.2,8.7),.PIECEWISE_BEZIER_KNOTS.);
#4615 = CARTESIAN_POINT('',(0.4,-22.7));
#4616 = CARTESIAN_POINT('',(8.9,-22.7));
#4617 = ( GEOMETRIC_REPRESENTATION_CONTEXT(2) 
PARAMETRIC_REPRESENTATION_CONTEXT() REPRESENTATION_CONTEXT('2D SPACE',''
  ) );
#4618 = PCURVE('',#4619,#4624);
#4619 = PLANE('',#4620);
#4620 = AXIS2_PLACEMENT_3D('',#4621,#4622,#4623);
#4621 = CARTESIAN_POINT('',(-26.,8.2,9.5));
#4622 = DIRECTION('',(0.,1.,0.));
#4623 = DIRECTION('',(0.,0.,1.));
#4624 = DEFINITIONAL_REPRESENTATION('',(#4625),#4628);
#4625 = B_SPLINE_CURVE_WITH_KNOTS('',1,(#4626,#4627),.UNSPECIFIED.,.F.,
  .F.,(2,2),(0.2,8.7),.PIECEWISE_BEZIER_KNOTS.);
#4626 = CARTESIAN_POINT('',(0.,4.));
#4627 = CARTESIAN_POINT('',(8.5,4.));
#4628 = ( GEOMETRIC_REPRESENTATION_CONTEXT(2) 
PARAMETRIC_REPRESENTATION_CONTEXT() REPRESENTATION_CONTEXT('2D SPACE',''
  ) );
#4629 = ORIENTED_EDGE('',*,*,#4630,.T.);
#4630 = EDGE_CURVE('',#4605,#4631,#4633,.T.);
#4631 = VERTEX_POINT('',#4632);
#4632 = CARTESIAN_POINT('',(-22.,-8.2,9.5));
#4633 = SURFACE_CURVE('',#4634,(#4638,#4644),.PCURVE_S1.);
#4634 = LINE('',#4635,#4636);
#4635 = CARTESIAN_POINT('',(-22.,-11.35,9.5));
#4636 = VECTOR('',#4637,1.);
#4637 = DIRECTION('',(0.,-1.,0.));
#4638 = PCURVE('',#4473,#4639);
#4639 = DEFINITIONAL_REPRESENTATION('',(#4640),#4643);
#4640 = B_SPLINE_CURVE_WITH_KNOTS('',1,(#4641,#4642),.UNSPECIFIED.,.F.,
  .F.,(2,2),(-19.55,-3.15),.PIECEWISE_BEZIER_KNOTS.);
#4641 = CARTESIAN_POINT('',(0.4,-22.7));
#4642 = CARTESIAN_POINT('',(0.4,-6.3));
#4643 = ( GEOMETRIC_REPRESENTATION_CONTEXT(2) 
PARAMETRIC_REPRESENTATION_CONTEXT() REPRESENTATION_CONTEXT('2D SPACE',''
  ) );
#4644 = PCURVE('',#4645,#4650);
#4645 = PLANE('',#4646);
#4646 = AXIS2_PLACEMENT_3D('',#4647,#4648,#4649);
#4647 = CARTESIAN_POINT('',(-26.,-8.2,9.5));
#4648 = DIRECTION('',(0.,0.,1.));
#4649 = DIRECTION('',(1.,0.,0.));
#4650 = DEFINITIONAL_REPRESENTATION('',(#4651),#4654);
#4651 = B_SPLINE_CURVE_WITH_KNOTS('',1,(#4652,#4653),.UNSPECIFIED.,.F.,
  .F.,(2,2),(-19.55,-3.15),.PIECEWISE_BEZIER_KNOTS.);
#4652 = CARTESIAN_POINT('',(4.,16.4));
#4653 = CARTESIAN_POINT('',(4.,0.));
#4654 = ( GEOMETRIC_REPRESENTATION_CONTEXT(2) 
PARAMETRIC_REPRESENTATION_CONTEXT() REPRESENTATION_CONTEXT('2D SPACE',''
  ) );
#4655 = ORIENTED_EDGE('',*,*,#4656,.T.);
#4656 = EDGE_CURVE('',#4631,#4465,#4657,.T.);
#4657 = SURFACE_CURVE('',#4658,(#4662,#4668),.PCURVE_S1.);
#4658 = LINE('',#4659,#4660);
#4659 = CARTESIAN_POINT('',(-22.,-8.2,9.3));
#4660 = VECTOR('',#4661,1.);
#4661 = DIRECTION('',(0.,0.,1.));
#4662 = PCURVE('',#4473,#4663);
#4663 = DEFINITIONAL_REPRESENTATION('',(#4664),#4667);
#4664 = B_SPLINE_CURVE_WITH_KNOTS('',1,(#4665,#4666),.UNSPECIFIED.,.F.,
  .F.,(2,2),(0.2,8.7),.PIECEWISE_BEZIER_KNOTS.);
#4665 = CARTESIAN_POINT('',(0.4,-6.3));
#4666 = CARTESIAN_POINT('',(8.9,-6.3));
#4667 = ( GEOMETRIC_REPRESENTATION_CONTEXT(2) 
PARAMETRIC_REPRESENTATION_CONTEXT() REPRESENTATION_CONTEXT('2D SPACE',''
  ) );
#4668 = PCURVE('',#4669,#4674);
#4669 = PLANE('',#4670);
#4670 = AXIS2_PLACEMENT_3D('',#4671,#4672,#4673);
#4671 = CARTESIAN_POINT('',(-26.,-8.2,9.5));
#4672 = DIRECTION('',(0.,1.,0.));
#4673 = DIRECTION('',(0.,0.,1.));
#4674 = DEFINITIONAL_REPRESENTATION('',(#4675),#4678);
#4675 = B_SPLINE_CURVE_WITH_KNOTS('',1,(#4676,#4677),.UNSPECIFIED.,.F.,
  .F.,(2,2),(0.2,8.7),.PIECEWISE_BEZIER_KNOTS.);
#4676 = CARTESIAN_POINT('',(0.,4.));
#4677 = CARTESIAN_POINT('',(8.5,4.));
#4678 = ( GEOMETRIC_REPRESENTATION_CONTEXT(2) 
PARAMETRIC_REPRESENTATION_CONTEXT() REPRESENTATION_CONTEXT('2D SPACE',''
  ) );
#4679 = ADVANCED_FACE('',(#4680,#5047),#4485,.T.);
#4680 = FACE_BOUND('',#4681,.T.);
#4681 = EDGE_LOOP('',(#4682,#4683,#4707,#4735,#4768,#4796,#4822,#4848,
    #4874,#4897,#4926,#4954,#4980,#4981,#5002,#5028));
#4682 = ORIENTED_EDGE('',*,*,#4462,.F.);
#4683 = ORIENTED_EDGE('',*,*,#4684,.T.);
#4684 = EDGE_CURVE('',#4463,#4685,#4687,.T.);
#4685 = VERTEX_POINT('',#4686);
#4686 = CARTESIAN_POINT('',(-19.,-14.5,18.));
#4687 = SURFACE_CURVE('',#4688,(#4693,#4700),.PCURVE_S1.);
#4688 = CIRCLE('',#4689,3.);
#4689 = AXIS2_PLACEMENT_3D('',#4690,#4691,#4692);
#4690 = CARTESIAN_POINT('',(-19.,-11.5,18.));
#4691 = DIRECTION('',(0.,0.,1.));
#4692 = DIRECTION('',(0.,-1.,0.));
#4693 = PCURVE('',#4485,#4694);
#4694 = DEFINITIONAL_REPRESENTATION('',(#4695),#4699);
#4695 = CIRCLE('',#4696,3.);
#4696 = AXIS2_PLACEMENT_2D('',#4697,#4698);
#4697 = CARTESIAN_POINT('',(3.,3.));
#4698 = DIRECTION('',(0.,-1.));
#4699 = ( GEOMETRIC_REPRESENTATION_CONTEXT(2) 
PARAMETRIC_REPRESENTATION_CONTEXT() REPRESENTATION_CONTEXT('2D SPACE',''
  ) );
#4700 = PCURVE('',#4513,#4701);
#4701 = DEFINITIONAL_REPRESENTATION('',(#4702),#4706);
#4702 = LINE('',#4703,#4704);
#4703 = CARTESIAN_POINT('',(-4.712388980385,8.9));
#4704 = VECTOR('',#4705,1.);
#4705 = DIRECTION('',(1.,0.));
#4706 = ( GEOMETRIC_REPRESENTATION_CONTEXT(2) 
PARAMETRIC_REPRESENTATION_CONTEXT() REPRESENTATION_CONTEXT('2D SPACE',''
  ) );
#4707 = ORIENTED_EDGE('',*,*,#4708,.T.);
#4708 = EDGE_CURVE('',#4685,#4709,#4711,.T.);
#4709 = VERTEX_POINT('',#4710);
#4710 = CARTESIAN_POINT('',(19.,-14.5,18.));
#4711 = SURFACE_CURVE('',#4712,(#4716,#4723),.PCURVE_S1.);
#4712 = LINE('',#4713,#4714);
#4713 = CARTESIAN_POINT('',(-22.,-14.5,18.));
#4714 = VECTOR('',#4715,1.);
#4715 = DIRECTION('',(1.,0.,0.));
#4716 = PCURVE('',#4485,#4717);
#4717 = DEFINITIONAL_REPRESENTATION('',(#4718),#4722);
#4718 = LINE('',#4719,#4720);
#4719 = CARTESIAN_POINT('',(0.,0.));
#4720 = VECTOR('',#4721,1.);
#4721 = DIRECTION('',(1.,0.));
#4722 = ( GEOMETRIC_REPRESENTATION_CONTEXT(2) 
PARAMETRIC_REPRESENTATION_CONTEXT() REPRESENTATION_CONTEXT('2D SPACE',''
  ) );
#4723 = PCURVE('',#4724,#4729);
#4724 = PLANE('',#4725);
#4725 = AXIS2_PLACEMENT_3D('',#4726,#4727,#4728);
#4726 = CARTESIAN_POINT('',(-22.,-14.5,9.1));
#4727 = DIRECTION('',(0.,1.,0.));
#4728 = DIRECTION('',(0.,0.,1.));
#4729 = DEFINITIONAL_REPRESENTATION('',(#4730),#4734);
#4730 = LINE('',#4731,#4732);
#4731 = CARTESIAN_POINT('',(8.9,0.));
#4732 = VECTOR('',#4733,1.);
#4733 = DIRECTION('',(0.,1.));
#4734 = ( GEOMETRIC_REPRESENTATION_CONTEXT(2) 
PARAMETRIC_REPRESENTATION_CONTEXT() REPRESENTATION_CONTEXT('2D SPACE',''
  ) );
#4735 = ORIENTED_EDGE('',*,*,#4736,.F.);
#4736 = EDGE_CURVE('',#4737,#4709,#4739,.T.);
#4737 = VERTEX_POINT('',#4738);
#4738 = CARTESIAN_POINT('',(22.,-11.5,18.));
#4739 = SURFACE_CURVE('',#4740,(#4745,#4756),.PCURVE_S1.);
#4740 = CIRCLE('',#4741,3.);
#4741 = AXIS2_PLACEMENT_3D('',#4742,#4743,#4744);
#4742 = CARTESIAN_POINT('',(19.,-11.5,18.));
#4743 = DIRECTION('',(-0.,-0.,-1.));
#4744 = DIRECTION('',(0.,-1.,0.));
#4745 = PCURVE('',#4485,#4746);
#4746 = DEFINITIONAL_REPRESENTATION('',(#4747),#4755);
#4747 = ( BOUNDED_CURVE() B_SPLINE_CURVE(2,(#4748,#4749,#4750,#4751,
#4752,#4753,#4754),.UNSPECIFIED.,.T.,.F.) B_SPLINE_CURVE_WITH_KNOTS((1,2
    ,2,2,2,1),(-2.094395102393,0.,2.094395102393,4.188790204786,
6.28318530718,8.377580409573),.UNSPECIFIED.) CURVE() 
GEOMETRIC_REPRESENTATION_ITEM() RATIONAL_B_SPLINE_CURVE((1.,0.5,1.,0.5,
1.,0.5,1.)) REPRESENTATION_ITEM('') );
#4748 = CARTESIAN_POINT('',(41.,0.));
#4749 = CARTESIAN_POINT('',(35.803847577293,0.));
#4750 = CARTESIAN_POINT('',(38.401923788647,4.5));
#4751 = CARTESIAN_POINT('',(41.,9.));
#4752 = CARTESIAN_POINT('',(43.598076211353,4.5));
#4753 = CARTESIAN_POINT('',(46.196152422707,4.440892098501E-15));
#4754 = CARTESIAN_POINT('',(41.,0.));
#4755 = ( GEOMETRIC_REPRESENTATION_CONTEXT(2) 
PARAMETRIC_REPRESENTATION_CONTEXT() REPRESENTATION_CONTEXT('2D SPACE',''
  ) );
#4756 = PCURVE('',#4757,#4762);
#4757 = CYLINDRICAL_SURFACE('',#4758,3.);
#4758 = AXIS2_PLACEMENT_3D('',#4759,#4760,#4761);
#4759 = CARTESIAN_POINT('',(19.,-11.5,9.1));
#4760 = DIRECTION('',(0.,0.,1.));
#4761 = DIRECTION('',(1.,0.,-0.));
#4762 = DEFINITIONAL_REPRESENTATION('',(#4763),#4767);
#4763 = LINE('',#4764,#4765);
#4764 = CARTESIAN_POINT('',(4.712388980385,8.9));
#4765 = VECTOR('',#4766,1.);
#4766 = DIRECTION('',(-1.,0.));
#4767 = ( GEOMETRIC_REPRESENTATION_CONTEXT(2) 
PARAMETRIC_REPRESENTATION_CONTEXT() REPRESENTATION_CONTEXT('2D SPACE',''
  ) );
#4768 = ORIENTED_EDGE('',*,*,#4769,.T.);
#4769 = EDGE_CURVE('',#4737,#4770,#4772,.T.);
#4770 = VERTEX_POINT('',#4771);
#4771 = CARTESIAN_POINT('',(22.,-8.2,18.));
#4772 = SURFACE_CURVE('',#4773,(#4777,#4784),.PCURVE_S1.);
#4773 = LINE('',#4774,#4775);
#4774 = CARTESIAN_POINT('',(22.,-14.5,18.));
#4775 = VECTOR('',#4776,1.);
#4776 = DIRECTION('',(0.,1.,0.));
#4777 = PCURVE('',#4485,#4778);
#4778 = DEFINITIONAL_REPRESENTATION('',(#4779),#4783);
#4779 = LINE('',#4780,#4781);
#4780 = CARTESIAN_POINT('',(44.,0.));
#4781 = VECTOR('',#4782,1.);
#4782 = DIRECTION('',(0.,1.));
#4783 = ( GEOMETRIC_REPRESENTATION_CONTEXT(2) 
PARAMETRIC_REPRESENTATION_CONTEXT() REPRESENTATION_CONTEXT('2D SPACE',''
  ) );
#4784 = PCURVE('',#4785,#4790);
#4785 = PLANE('',#4786);
#4786 = AXIS2_PLACEMENT_3D('',#4787,#4788,#4789);
#4787 = CARTESIAN_POINT('',(22.,-14.5,9.1));
#4788 = DIRECTION('',(1.,0.,0.));
#4789 = DIRECTION('',(0.,0.,1.));
#4790 = DEFINITIONAL_REPRESENTATION('',(#4791),#4795);
#4791 = LINE('',#4792,#4793);
#4792 = CARTESIAN_POINT('',(8.9,0.));
#4793 = VECTOR('',#4794,1.);
#4794 = DIRECTION('',(0.,-1.));
#4795 = ( GEOMETRIC_REPRESENTATION_CONTEXT(2) 
PARAMETRIC_REPRESENTATION_CONTEXT() REPRESENTATION_CONTEXT('2D SPACE',''
  ) );
#4796 = ORIENTED_EDGE('',*,*,#4797,.T.);
#4797 = EDGE_CURVE('',#4770,#4798,#4800,.T.);
#4798 = VERTEX_POINT('',#4799);
#4799 = CARTESIAN_POINT('',(14.,-8.2,18.));
#4800 = SURFACE_CURVE('',#4801,(#4805,#4811),.PCURVE_S1.);
#4801 = LINE('',#4802,#4803);
#4802 = CARTESIAN_POINT('',(-4.,-8.2,18.));
#4803 = VECTOR('',#4804,1.);
#4804 = DIRECTION('',(-1.,0.,0.));
#4805 = PCURVE('',#4485,#4806);
#4806 = DEFINITIONAL_REPRESENTATION('',(#4807),#4810);
#4807 = B_SPLINE_CURVE_WITH_KNOTS('',1,(#4808,#4809),.UNSPECIFIED.,.F.,
  .F.,(2,2),(-26.,-18.),.PIECEWISE_BEZIER_KNOTS.);
#4808 = CARTESIAN_POINT('',(44.,6.3));
#4809 = CARTESIAN_POINT('',(36.,6.3));
#4810 = ( GEOMETRIC_REPRESENTATION_CONTEXT(2) 
PARAMETRIC_REPRESENTATION_CONTEXT() REPRESENTATION_CONTEXT('2D SPACE',''
  ) );
#4811 = PCURVE('',#4812,#4817);
#4812 = PLANE('',#4813);
#4813 = AXIS2_PLACEMENT_3D('',#4814,#4815,#4816);
#4814 = CARTESIAN_POINT('',(14.,-8.2,9.5));
#4815 = DIRECTION('',(0.,1.,0.));
#4816 = DIRECTION('',(0.,0.,1.));
#4817 = DEFINITIONAL_REPRESENTATION('',(#4818),#4821);
#4818 = B_SPLINE_CURVE_WITH_KNOTS('',1,(#4819,#4820),.UNSPECIFIED.,.F.,
  .F.,(2,2),(-26.,-18.),.PIECEWISE_BEZIER_KNOTS.);
#4819 = CARTESIAN_POINT('',(8.5,8.));
#4820 = CARTESIAN_POINT('',(8.5,0.));
#4821 = ( GEOMETRIC_REPRESENTATION_CONTEXT(2) 
PARAMETRIC_REPRESENTATION_CONTEXT() REPRESENTATION_CONTEXT('2D SPACE',''
  ) );
#4822 = ORIENTED_EDGE('',*,*,#4823,.T.);
#4823 = EDGE_CURVE('',#4798,#4824,#4826,.T.);
#4824 = VERTEX_POINT('',#4825);
#4825 = CARTESIAN_POINT('',(14.,8.2,18.));
#4826 = SURFACE_CURVE('',#4827,(#4831,#4837),.PCURVE_S1.);
#4827 = LINE('',#4828,#4829);
#4828 = CARTESIAN_POINT('',(14.,-11.35,18.));
#4829 = VECTOR('',#4830,1.);
#4830 = DIRECTION('',(0.,1.,0.));
#4831 = PCURVE('',#4485,#4832);
#4832 = DEFINITIONAL_REPRESENTATION('',(#4833),#4836);
#4833 = B_SPLINE_CURVE_WITH_KNOTS('',1,(#4834,#4835),.UNSPECIFIED.,.F.,
  .F.,(2,2),(3.15,19.55),.PIECEWISE_BEZIER_KNOTS.);
#4834 = CARTESIAN_POINT('',(36.,6.3));
#4835 = CARTESIAN_POINT('',(36.,22.7));
#4836 = ( GEOMETRIC_REPRESENTATION_CONTEXT(2) 
PARAMETRIC_REPRESENTATION_CONTEXT() REPRESENTATION_CONTEXT('2D SPACE',''
  ) );
#4837 = PCURVE('',#4838,#4843);
#4838 = PLANE('',#4839);
#4839 = AXIS2_PLACEMENT_3D('',#4840,#4841,#4842);
#4840 = CARTESIAN_POINT('',(14.,-8.2,9.5));
#4841 = DIRECTION('',(1.,0.,0.));
#4842 = DIRECTION('',(0.,0.,1.));
#4843 = DEFINITIONAL_REPRESENTATION('',(#4844),#4847);
#4844 = B_SPLINE_CURVE_WITH_KNOTS('',1,(#4845,#4846),.UNSPECIFIED.,.F.,
  .F.,(2,2),(3.15,19.55),.PIECEWISE_BEZIER_KNOTS.);
#4845 = CARTESIAN_POINT('',(8.5,0.));
#4846 = CARTESIAN_POINT('',(8.5,-16.4));
#4847 = ( GEOMETRIC_REPRESENTATION_CONTEXT(2) 
PARAMETRIC_REPRESENTATION_CONTEXT() REPRESENTATION_CONTEXT('2D SPACE',''
  ) );
#4848 = ORIENTED_EDGE('',*,*,#4849,.F.);
#4849 = EDGE_CURVE('',#4850,#4824,#4852,.T.);
#4850 = VERTEX_POINT('',#4851);
#4851 = CARTESIAN_POINT('',(22.,8.2,18.));
#4852 = SURFACE_CURVE('',#4853,(#4857,#4863),.PCURVE_S1.);
#4853 = LINE('',#4854,#4855);
#4854 = CARTESIAN_POINT('',(-4.,8.2,18.));
#4855 = VECTOR('',#4856,1.);
#4856 = DIRECTION('',(-1.,0.,0.));
#4857 = PCURVE('',#4485,#4858);
#4858 = DEFINITIONAL_REPRESENTATION('',(#4859),#4862);
#4859 = B_SPLINE_CURVE_WITH_KNOTS('',1,(#4860,#4861),.UNSPECIFIED.,.F.,
  .F.,(2,2),(-26.,-18.),.PIECEWISE_BEZIER_KNOTS.);
#4860 = CARTESIAN_POINT('',(44.,22.7));
#4861 = CARTESIAN_POINT('',(36.,22.7));
#4862 = ( GEOMETRIC_REPRESENTATION_CONTEXT(2) 
PARAMETRIC_REPRESENTATION_CONTEXT() REPRESENTATION_CONTEXT('2D SPACE',''
  ) );
#4863 = PCURVE('',#4864,#4869);
#4864 = PLANE('',#4865);
#4865 = AXIS2_PLACEMENT_3D('',#4866,#4867,#4868);
#4866 = CARTESIAN_POINT('',(14.,8.2,9.5));
#4867 = DIRECTION('',(0.,1.,0.));
#4868 = DIRECTION('',(0.,0.,1.));
#4869 = DEFINITIONAL_REPRESENTATION('',(#4870),#4873);
#4870 = B_SPLINE_CURVE_WITH_KNOTS('',1,(#4871,#4872),.UNSPECIFIED.,.F.,
  .F.,(2,2),(-26.,-18.),.PIECEWISE_BEZIER_KNOTS.);
#4871 = CARTESIAN_POINT('',(8.5,8.));
#4872 = CARTESIAN_POINT('',(8.5,0.));
#4873 = ( GEOMETRIC_REPRESENTATION_CONTEXT(2) 
PARAMETRIC_REPRESENTATION_CONTEXT() REPRESENTATION_CONTEXT('2D SPACE',''
  ) );
#4874 = ORIENTED_EDGE('',*,*,#4875,.T.);
#4875 = EDGE_CURVE('',#4850,#4876,#4878,.T.);
#4876 = VERTEX_POINT('',#4877);
#4877 = CARTESIAN_POINT('',(22.,11.5,18.));
#4878 = SURFACE_CURVE('',#4879,(#4883,#4890),.PCURVE_S1.);
#4879 = LINE('',#4880,#4881);
#4880 = CARTESIAN_POINT('',(22.,-14.5,18.));
#4881 = VECTOR('',#4882,1.);
#4882 = DIRECTION('',(0.,1.,0.));
#4883 = PCURVE('',#4485,#4884);
#4884 = DEFINITIONAL_REPRESENTATION('',(#4885),#4889);
#4885 = LINE('',#4886,#4887);
#4886 = CARTESIAN_POINT('',(44.,0.));
#4887 = VECTOR('',#4888,1.);
#4888 = DIRECTION('',(0.,1.));
#4889 = ( GEOMETRIC_REPRESENTATION_CONTEXT(2) 
PARAMETRIC_REPRESENTATION_CONTEXT() REPRESENTATION_CONTEXT('2D SPACE',''
  ) );
#4890 = PCURVE('',#4785,#4891);
#4891 = DEFINITIONAL_REPRESENTATION('',(#4892),#4896);
#4892 = LINE('',#4893,#4894);
#4893 = CARTESIAN_POINT('',(8.9,0.));
#4894 = VECTOR('',#4895,1.);
#4895 = DIRECTION('',(0.,-1.));
#4896 = ( GEOMETRIC_REPRESENTATION_CONTEXT(2) 
PARAMETRIC_REPRESENTATION_CONTEXT() REPRESENTATION_CONTEXT('2D SPACE',''
  ) );
#4897 = ORIENTED_EDGE('',*,*,#4898,.T.);
#4898 = EDGE_CURVE('',#4876,#4899,#4901,.T.);
#4899 = VERTEX_POINT('',#4900);
#4900 = CARTESIAN_POINT('',(19.,14.5,18.));
#4901 = SURFACE_CURVE('',#4902,(#4907,#4914),.PCURVE_S1.);
#4902 = CIRCLE('',#4903,3.);
#4903 = AXIS2_PLACEMENT_3D('',#4904,#4905,#4906);
#4904 = CARTESIAN_POINT('',(19.,11.5,18.));
#4905 = DIRECTION('',(0.,0.,1.));
#4906 = DIRECTION('',(0.,-1.,0.));
#4907 = PCURVE('',#4485,#4908);
#4908 = DEFINITIONAL_REPRESENTATION('',(#4909),#4913);
#4909 = CIRCLE('',#4910,3.);
#4910 = AXIS2_PLACEMENT_2D('',#4911,#4912);
#4911 = CARTESIAN_POINT('',(41.,26.));
#4912 = DIRECTION('',(0.,-1.));
#4913 = ( GEOMETRIC_REPRESENTATION_CONTEXT(2) 
PARAMETRIC_REPRESENTATION_CONTEXT() REPRESENTATION_CONTEXT('2D SPACE',''
  ) );
#4914 = PCURVE('',#4915,#4920);
#4915 = CYLINDRICAL_SURFACE('',#4916,3.);
#4916 = AXIS2_PLACEMENT_3D('',#4917,#4918,#4919);
#4917 = CARTESIAN_POINT('',(19.,11.5,9.1));
#4918 = DIRECTION('',(0.,0.,1.));
#4919 = DIRECTION('',(1.,0.,-0.));
#4920 = DEFINITIONAL_REPRESENTATION('',(#4921),#4925);
#4921 = LINE('',#4922,#4923);
#4922 = CARTESIAN_POINT('',(-1.570796326795,8.9));
#4923 = VECTOR('',#4924,1.);
#4924 = DIRECTION('',(1.,0.));
#4925 = ( GEOMETRIC_REPRESENTATION_CONTEXT(2) 
PARAMETRIC_REPRESENTATION_CONTEXT() REPRESENTATION_CONTEXT('2D SPACE',''
  ) );
#4926 = ORIENTED_EDGE('',*,*,#4927,.F.);
#4927 = EDGE_CURVE('',#4928,#4899,#4930,.T.);
#4928 = VERTEX_POINT('',#4929);
#4929 = CARTESIAN_POINT('',(-19.,14.5,18.));
#4930 = SURFACE_CURVE('',#4931,(#4935,#4942),.PCURVE_S1.);
#4931 = LINE('',#4932,#4933);
#4932 = CARTESIAN_POINT('',(-22.,14.5,18.));
#4933 = VECTOR('',#4934,1.);
#4934 = DIRECTION('',(1.,0.,0.));
#4935 = PCURVE('',#4485,#4936);
#4936 = DEFINITIONAL_REPRESENTATION('',(#4937),#4941);
#4937 = LINE('',#4938,#4939);
#4938 = CARTESIAN_POINT('',(0.,29.));
#4939 = VECTOR('',#4940,1.);
#4940 = DIRECTION('',(1.,0.));
#4941 = ( GEOMETRIC_REPRESENTATION_CONTEXT(2) 
PARAMETRIC_REPRESENTATION_CONTEXT() REPRESENTATION_CONTEXT('2D SPACE',''
  ) );
#4942 = PCURVE('',#4943,#4948);
#4943 = PLANE('',#4944);
#4944 = AXIS2_PLACEMENT_3D('',#4945,#4946,#4947);
#4945 = CARTESIAN_POINT('',(-22.,14.5,9.1));
#4946 = DIRECTION('',(0.,1.,0.));
#4947 = DIRECTION('',(0.,0.,1.));
#4948 = DEFINITIONAL_REPRESENTATION('',(#4949),#4953);
#4949 = LINE('',#4950,#4951);
#4950 = CARTESIAN_POINT('',(8.9,0.));
#4951 = VECTOR('',#4952,1.);
#4952 = DIRECTION('',(0.,1.));
#4953 = ( GEOMETRIC_REPRESENTATION_CONTEXT(2) 
PARAMETRIC_REPRESENTATION_CONTEXT() REPRESENTATION_CONTEXT('2D SPACE',''
  ) );
#4954 = ORIENTED_EDGE('',*,*,#4955,.F.);
#4955 = EDGE_CURVE('',#4554,#4928,#4956,.T.);
#4956 = SURFACE_CURVE('',#4957,(#4962,#4973),.PCURVE_S1.);
#4957 = CIRCLE('',#4958,3.);
#4958 = AXIS2_PLACEMENT_3D('',#4959,#4960,#4961);
#4959 = CARTESIAN_POINT('',(-19.,11.5,18.));
#4960 = DIRECTION('',(-0.,-0.,-1.));
#4961 = DIRECTION('',(0.,-1.,0.));
#4962 = PCURVE('',#4485,#4963);
#4963 = DEFINITIONAL_REPRESENTATION('',(#4964),#4972);
#4964 = ( BOUNDED_CURVE() B_SPLINE_CURVE(2,(#4965,#4966,#4967,#4968,
#4969,#4970,#4971),.UNSPECIFIED.,.T.,.F.) B_SPLINE_CURVE_WITH_KNOTS((1,2
    ,2,2,2,1),(-2.094395102393,0.,2.094395102393,4.188790204786,
6.28318530718,8.377580409573),.UNSPECIFIED.) CURVE() 
GEOMETRIC_REPRESENTATION_ITEM() RATIONAL_B_SPLINE_CURVE((1.,0.5,1.,0.5,
1.,0.5,1.)) REPRESENTATION_ITEM('') );
#4965 = CARTESIAN_POINT('',(3.,23.));
#4966 = CARTESIAN_POINT('',(-2.196152422707,23.));
#4967 = CARTESIAN_POINT('',(0.401923788647,27.5));
#4968 = CARTESIAN_POINT('',(3.,32.));
#4969 = CARTESIAN_POINT('',(5.598076211353,27.5));
#4970 = CARTESIAN_POINT('',(8.196152422707,23.));
#4971 = CARTESIAN_POINT('',(3.,23.));
#4972 = ( GEOMETRIC_REPRESENTATION_CONTEXT(2) 
PARAMETRIC_REPRESENTATION_CONTEXT() REPRESENTATION_CONTEXT('2D SPACE',''
  ) );
#4973 = PCURVE('',#4569,#4974);
#4974 = DEFINITIONAL_REPRESENTATION('',(#4975),#4979);
#4975 = LINE('',#4976,#4977);
#4976 = CARTESIAN_POINT('',(1.570796326795,8.9));
#4977 = VECTOR('',#4978,1.);
#4978 = DIRECTION('',(-1.,0.));
#4979 = ( GEOMETRIC_REPRESENTATION_CONTEXT(2) 
PARAMETRIC_REPRESENTATION_CONTEXT() REPRESENTATION_CONTEXT('2D SPACE',''
  ) );
#4980 = ORIENTED_EDGE('',*,*,#4581,.F.);
#4981 = ORIENTED_EDGE('',*,*,#4982,.F.);
#4982 = EDGE_CURVE('',#4983,#4582,#4985,.T.);
#4983 = VERTEX_POINT('',#4984);
#4984 = CARTESIAN_POINT('',(-14.,8.2,18.));
#4985 = SURFACE_CURVE('',#4986,(#4990,#4996),.PCURVE_S1.);
#4986 = LINE('',#4987,#4988);
#4987 = CARTESIAN_POINT('',(-24.,8.2,18.));
#4988 = VECTOR('',#4989,1.);
#4989 = DIRECTION('',(-1.,0.,0.));
#4990 = PCURVE('',#4485,#4991);
#4991 = DEFINITIONAL_REPRESENTATION('',(#4992),#4995);
#4992 = B_SPLINE_CURVE_WITH_KNOTS('',1,(#4993,#4994),.UNSPECIFIED.,.F.,
  .F.,(2,2),(-10.,-2.),.PIECEWISE_BEZIER_KNOTS.);
#4993 = CARTESIAN_POINT('',(8.,22.7));
#4994 = CARTESIAN_POINT('',(0.,22.7));
#4995 = ( GEOMETRIC_REPRESENTATION_CONTEXT(2) 
PARAMETRIC_REPRESENTATION_CONTEXT() REPRESENTATION_CONTEXT('2D SPACE',''
  ) );
#4996 = PCURVE('',#4619,#4997);
#4997 = DEFINITIONAL_REPRESENTATION('',(#4998),#5001);
#4998 = B_SPLINE_CURVE_WITH_KNOTS('',1,(#4999,#5000),.UNSPECIFIED.,.F.,
  .F.,(2,2),(-10.,-2.),.PIECEWISE_BEZIER_KNOTS.);
#4999 = CARTESIAN_POINT('',(8.5,12.));
#5000 = CARTESIAN_POINT('',(8.5,4.));
#5001 = ( GEOMETRIC_REPRESENTATION_CONTEXT(2) 
PARAMETRIC_REPRESENTATION_CONTEXT() REPRESENTATION_CONTEXT('2D SPACE',''
  ) );
#5002 = ORIENTED_EDGE('',*,*,#5003,.F.);
#5003 = EDGE_CURVE('',#5004,#4983,#5006,.T.);
#5004 = VERTEX_POINT('',#5005);
#5005 = CARTESIAN_POINT('',(-14.,-8.2,18.));
#5006 = SURFACE_CURVE('',#5007,(#5011,#5017),.PCURVE_S1.);
#5007 = LINE('',#5008,#5009);
#5008 = CARTESIAN_POINT('',(-14.,-11.35,18.));
#5009 = VECTOR('',#5010,1.);
#5010 = DIRECTION('',(0.,1.,0.));
#5011 = PCURVE('',#4485,#5012);
#5012 = DEFINITIONAL_REPRESENTATION('',(#5013),#5016);
#5013 = B_SPLINE_CURVE_WITH_KNOTS('',1,(#5014,#5015),.UNSPECIFIED.,.F.,
  .F.,(2,2),(3.15,19.55),.PIECEWISE_BEZIER_KNOTS.);
#5014 = CARTESIAN_POINT('',(8.,6.3));
#5015 = CARTESIAN_POINT('',(8.,22.7));
#5016 = ( GEOMETRIC_REPRESENTATION_CONTEXT(2) 
PARAMETRIC_REPRESENTATION_CONTEXT() REPRESENTATION_CONTEXT('2D SPACE',''
  ) );
#5017 = PCURVE('',#5018,#5023);
#5018 = PLANE('',#5019);
#5019 = AXIS2_PLACEMENT_3D('',#5020,#5021,#5022);
#5020 = CARTESIAN_POINT('',(-14.,-8.2,9.5));
#5021 = DIRECTION('',(1.,0.,0.));
#5022 = DIRECTION('',(0.,0.,1.));
#5023 = DEFINITIONAL_REPRESENTATION('',(#5024),#5027);
#5024 = B_SPLINE_CURVE_WITH_KNOTS('',1,(#5025,#5026),.UNSPECIFIED.,.F.,
  .F.,(2,2),(3.15,19.55),.PIECEWISE_BEZIER_KNOTS.);
#5025 = CARTESIAN_POINT('',(8.5,0.));
#5026 = CARTESIAN_POINT('',(8.5,-16.4));
#5027 = ( GEOMETRIC_REPRESENTATION_CONTEXT(2) 
PARAMETRIC_REPRESENTATION_CONTEXT() REPRESENTATION_CONTEXT('2D SPACE',''
  ) );
#5028 = ORIENTED_EDGE('',*,*,#5029,.T.);
#5029 = EDGE_CURVE('',#5004,#4465,#5030,.T.);
#5030 = SURFACE_CURVE('',#5031,(#5035,#5041),.PCURVE_S1.);
#5031 = LINE('',#5032,#5033);
#5032 = CARTESIAN_POINT('',(-24.,-8.2,18.));
#5033 = VECTOR('',#5034,1.);
#5034 = DIRECTION('',(-1.,0.,0.));
#5035 = PCURVE('',#4485,#5036);
#5036 = DEFINITIONAL_REPRESENTATION('',(#5037),#5040);
#5037 = B_SPLINE_CURVE_WITH_KNOTS('',1,(#5038,#5039),.UNSPECIFIED.,.F.,
  .F.,(2,2),(-10.,-2.),.PIECEWISE_BEZIER_KNOTS.);
#5038 = CARTESIAN_POINT('',(8.,6.3));
#5039 = CARTESIAN_POINT('',(0.,6.3));
#5040 = ( GEOMETRIC_REPRESENTATION_CONTEXT(2) 
PARAMETRIC_REPRESENTATION_CONTEXT() REPRESENTATION_CONTEXT('2D SPACE',''
  ) );
#5041 = PCURVE('',#4669,#5042);
#5042 = DEFINITIONAL_REPRESENTATION('',(#5043),#5046);
#5043 = B_SPLINE_CURVE_WITH_KNOTS('',1,(#5044,#5045),.UNSPECIFIED.,.F.,
  .F.,(2,2),(-10.,-2.),.PIECEWISE_BEZIER_KNOTS.);
#5044 = CARTESIAN_POINT('',(8.5,12.));
#5045 = CARTESIAN_POINT('',(8.5,4.));
#5046 = ( GEOMETRIC_REPRESENTATION_CONTEXT(2) 
PARAMETRIC_REPRESENTATION_CONTEXT() REPRESENTATION_CONTEXT('2D SPACE',''
  ) );
#5047 = FACE_BOUND('',#5048,.T.);
#5048 = EDGE_LOOP('',(#5049));
#5049 = ORIENTED_EDGE('',*,*,#5050,.T.);
#5050 = EDGE_CURVE('',#5051,#5051,#5053,.T.);
#5051 = VERTEX_POINT('',#5052);
#5052 = CARTESIAN_POINT('',(3.8,0.,18.));
#5053 = SURFACE_CURVE('',#5054,(#5059,#5070),.PCURVE_S1.);
#5054 = CIRCLE('',#5055,3.8);
#5055 = AXIS2_PLACEMENT_3D('',#5056,#5057,#5058);
#5056 = CARTESIAN_POINT('',(0.,0.,18.));
#5057 = DIRECTION('',(0.,0.,-1.));
#5058 = DIRECTION('',(1.,0.,0.));
#5059 = PCURVE('',#4485,#5060);
#5060 = DEFINITIONAL_REPRESENTATION('',(#5061),#5069);
#5061 = ( BOUNDED_CURVE() B_SPLINE_CURVE(2,(#5062,#5063,#5064,#5065,
#5066,#5067,#5068),.UNSPECIFIED.,.T.,.F.) B_SPLINE_CURVE_WITH_KNOTS((1,2
    ,2,2,2,1),(-2.094395102393,0.,2.094395102393,4.188790204786,
6.28318530718,8.377580409573),.UNSPECIFIED.) CURVE() 
GEOMETRIC_REPRESENTATION_ITEM() RATIONAL_B_SPLINE_CURVE((1.,0.5,1.,0.5,
1.,0.5,1.)) REPRESENTATION_ITEM('') );
#5062 = CARTESIAN_POINT('',(25.8,14.5));
#5063 = CARTESIAN_POINT('',(25.8,7.918206931238));
#5064 = CARTESIAN_POINT('',(20.1,11.209103465619));
#5065 = CARTESIAN_POINT('',(14.4,14.5));
#5066 = CARTESIAN_POINT('',(20.1,17.790896534381));
#5067 = CARTESIAN_POINT('',(25.8,21.081793068762));
#5068 = CARTESIAN_POINT('',(25.8,14.5));
#5069 = ( GEOMETRIC_REPRESENTATION_CONTEXT(2) 
PARAMETRIC_REPRESENTATION_CONTEXT() REPRESENTATION_CONTEXT('2D SPACE',''
  ) );
#5070 = PCURVE('',#5071,#5076);
#5071 = CYLINDRICAL_SURFACE('',#5072,3.8);
#5072 = AXIS2_PLACEMENT_3D('',#5073,#5074,#5075);
#5073 = CARTESIAN_POINT('',(0.,0.,17.5));
#5074 = DIRECTION('',(-0.,-0.,-1.));
#5075 = DIRECTION('',(1.,0.,0.));
#5076 = DEFINITIONAL_REPRESENTATION('',(#5077),#5081);
#5077 = LINE('',#5078,#5079);
#5078 = CARTESIAN_POINT('',(-6.28318530718,-0.5));
#5079 = VECTOR('',#5080,1.);
#5080 = DIRECTION('',(1.,-0.));
#5081 = ( GEOMETRIC_REPRESENTATION_CONTEXT(2) 
PARAMETRIC_REPRESENTATION_CONTEXT() REPRESENTATION_CONTEXT('2D SPACE',''
  ) );
#5082 = ADVANCED_FACE('',(#5083),#4669,.T.);
#5083 = FACE_BOUND('',#5084,.T.);
#5084 = EDGE_LOOP('',(#5085,#5108,#5109,#5110,#5133,#5159));
#5085 = ORIENTED_EDGE('',*,*,#5086,.F.);
#5086 = EDGE_CURVE('',#4631,#5087,#5089,.T.);
#5087 = VERTEX_POINT('',#5088);
#5088 = CARTESIAN_POINT('',(-19.8,-8.2,9.5));
#5089 = SURFACE_CURVE('',#5090,(#5094,#5101),.PCURVE_S1.);
#5090 = LINE('',#5091,#5092);
#5091 = CARTESIAN_POINT('',(-26.,-8.2,9.5));
#5092 = VECTOR('',#5093,1.);
#5093 = DIRECTION('',(1.,0.,0.));
#5094 = PCURVE('',#4669,#5095);
#5095 = DEFINITIONAL_REPRESENTATION('',(#5096),#5100);
#5096 = LINE('',#5097,#5098);
#5097 = CARTESIAN_POINT('',(0.,0.));
#5098 = VECTOR('',#5099,1.);
#5099 = DIRECTION('',(0.,1.));
#5100 = ( GEOMETRIC_REPRESENTATION_CONTEXT(2) 
PARAMETRIC_REPRESENTATION_CONTEXT() REPRESENTATION_CONTEXT('2D SPACE',''
  ) );
#5101 = PCURVE('',#4645,#5102);
#5102 = DEFINITIONAL_REPRESENTATION('',(#5103),#5107);
#5103 = LINE('',#5104,#5105);
#5104 = CARTESIAN_POINT('',(0.,0.));
#5105 = VECTOR('',#5106,1.);
#5106 = DIRECTION('',(1.,0.));
#5107 = ( GEOMETRIC_REPRESENTATION_CONTEXT(2) 
PARAMETRIC_REPRESENTATION_CONTEXT() REPRESENTATION_CONTEXT('2D SPACE',''
  ) );
#5108 = ORIENTED_EDGE('',*,*,#4656,.T.);
#5109 = ORIENTED_EDGE('',*,*,#5029,.F.);
#5110 = ORIENTED_EDGE('',*,*,#5111,.F.);
#5111 = EDGE_CURVE('',#5112,#5004,#5114,.T.);
#5112 = VERTEX_POINT('',#5113);
#5113 = CARTESIAN_POINT('',(-14.,-8.2,15.));
#5114 = SURFACE_CURVE('',#5115,(#5119,#5126),.PCURVE_S1.);
#5115 = LINE('',#5116,#5117);
#5116 = CARTESIAN_POINT('',(-14.,-8.2,9.5));
#5117 = VECTOR('',#5118,1.);
#5118 = DIRECTION('',(0.,0.,1.));
#5119 = PCURVE('',#4669,#5120);
#5120 = DEFINITIONAL_REPRESENTATION('',(#5121),#5125);
#5121 = LINE('',#5122,#5123);
#5122 = CARTESIAN_POINT('',(0.,12.));
#5123 = VECTOR('',#5124,1.);
#5124 = DIRECTION('',(1.,0.));
#5125 = ( GEOMETRIC_REPRESENTATION_CONTEXT(2) 
PARAMETRIC_REPRESENTATION_CONTEXT() REPRESENTATION_CONTEXT('2D SPACE',''
  ) );
#5126 = PCURVE('',#5018,#5127);
#5127 = DEFINITIONAL_REPRESENTATION('',(#5128),#5132);
#5128 = LINE('',#5129,#5130);
#5129 = CARTESIAN_POINT('',(0.,0.));
#5130 = VECTOR('',#5131,1.);
#5131 = DIRECTION('',(1.,0.));
#5132 = ( GEOMETRIC_REPRESENTATION_CONTEXT(2) 
PARAMETRIC_REPRESENTATION_CONTEXT() REPRESENTATION_CONTEXT('2D SPACE',''
  ) );
#5133 = ORIENTED_EDGE('',*,*,#5134,.T.);
#5134 = EDGE_CURVE('',#5112,#5135,#5137,.T.);
#5135 = VERTEX_POINT('',#5136);
#5136 = CARTESIAN_POINT('',(-19.8,-8.2,15.));
#5137 = SURFACE_CURVE('',#5138,(#5142,#5148),.PCURVE_S1.);
#5138 = LINE('',#5139,#5140);
#5139 = CARTESIAN_POINT('',(-22.9,-8.2,15.));
#5140 = VECTOR('',#5141,1.);
#5141 = DIRECTION('',(-1.,0.,0.));
#5142 = PCURVE('',#4669,#5143);
#5143 = DEFINITIONAL_REPRESENTATION('',(#5144),#5147);
#5144 = B_SPLINE_CURVE_WITH_KNOTS('',1,(#5145,#5146),.UNSPECIFIED.,.F.,
  .F.,(2,2),(-8.9,-3.1),.PIECEWISE_BEZIER_KNOTS.);
#5145 = CARTESIAN_POINT('',(5.5,12.));
#5146 = CARTESIAN_POINT('',(5.5,6.2));
#5147 = ( GEOMETRIC_REPRESENTATION_CONTEXT(2) 
PARAMETRIC_REPRESENTATION_CONTEXT() REPRESENTATION_CONTEXT('2D SPACE',''
  ) );
#5148 = PCURVE('',#5149,#5154);
#5149 = PLANE('',#5150);
#5150 = AXIS2_PLACEMENT_3D('',#5151,#5152,#5153);
#5151 = CARTESIAN_POINT('',(-19.8,-12.3,15.));
#5152 = DIRECTION('',(0.,0.,1.));
#5153 = DIRECTION('',(1.,0.,0.));
#5154 = DEFINITIONAL_REPRESENTATION('',(#5155),#5158);
#5155 = B_SPLINE_CURVE_WITH_KNOTS('',1,(#5156,#5157),.UNSPECIFIED.,.F.,
  .F.,(2,2),(-8.9,-3.1),.PIECEWISE_BEZIER_KNOTS.);
#5156 = CARTESIAN_POINT('',(5.8,4.1));
#5157 = CARTESIAN_POINT('',(0.,4.1));
#5158 = ( GEOMETRIC_REPRESENTATION_CONTEXT(2) 
PARAMETRIC_REPRESENTATION_CONTEXT() REPRESENTATION_CONTEXT('2D SPACE',''
  ) );
#5159 = ORIENTED_EDGE('',*,*,#5160,.F.);
#5160 = EDGE_CURVE('',#5087,#5135,#5161,.T.);
#5161 = SURFACE_CURVE('',#5162,(#5166,#5172),.PCURVE_S1.);
#5162 = LINE('',#5163,#5164);
#5163 = CARTESIAN_POINT('',(-19.8,-8.2,8.75));
#5164 = VECTOR('',#5165,1.);
#5165 = DIRECTION('',(0.,0.,1.));
#5166 = PCURVE('',#4669,#5167);
#5167 = DEFINITIONAL_REPRESENTATION('',(#5168),#5171);
#5168 = B_SPLINE_CURVE_WITH_KNOTS('',1,(#5169,#5170),.UNSPECIFIED.,.F.,
  .F.,(2,2),(0.75,6.25),.PIECEWISE_BEZIER_KNOTS.);
#5169 = CARTESIAN_POINT('',(0.,6.2));
#5170 = CARTESIAN_POINT('',(5.5,6.2));
#5171 = ( GEOMETRIC_REPRESENTATION_CONTEXT(2) 
PARAMETRIC_REPRESENTATION_CONTEXT() REPRESENTATION_CONTEXT('2D SPACE',''
  ) );
#5172 = PCURVE('',#5173,#5178);
#5173 = PLANE('',#5174);
#5174 = AXIS2_PLACEMENT_3D('',#5175,#5176,#5177);
#5175 = CARTESIAN_POINT('',(-19.8,-12.3,8.));
#5176 = DIRECTION('',(1.,0.,0.));
#5177 = DIRECTION('',(0.,0.,1.));
#5178 = DEFINITIONAL_REPRESENTATION('',(#5179),#5182);
#5179 = B_SPLINE_CURVE_WITH_KNOTS('',1,(#5180,#5181),.UNSPECIFIED.,.F.,
  .F.,(2,2),(0.75,6.25),.PIECEWISE_BEZIER_KNOTS.);
#5180 = CARTESIAN_POINT('',(1.5,-4.1));
#5181 = CARTESIAN_POINT('',(7.,-4.1));
#5182 = ( GEOMETRIC_REPRESENTATION_CONTEXT(2) 
PARAMETRIC_REPRESENTATION_CONTEXT() REPRESENTATION_CONTEXT('2D SPACE',''
  ) );
#5183 = ADVANCED_FACE('',(#5184),#4645,.T.);
#5184 = FACE_BOUND('',#5185,.T.);
#5185 = EDGE_LOOP('',(#5186,#5209,#5210,#5211));
#5186 = ORIENTED_EDGE('',*,*,#5187,.F.);
#5187 = EDGE_CURVE('',#4605,#5188,#5190,.T.);
#5188 = VERTEX_POINT('',#5189);
#5189 = CARTESIAN_POINT('',(-19.8,8.2,9.5));
#5190 = SURFACE_CURVE('',#5191,(#5195,#5202),.PCURVE_S1.);
#5191 = LINE('',#5192,#5193);
#5192 = CARTESIAN_POINT('',(-26.,8.2,9.5));
#5193 = VECTOR('',#5194,1.);
#5194 = DIRECTION('',(1.,0.,0.));
#5195 = PCURVE('',#4645,#5196);
#5196 = DEFINITIONAL_REPRESENTATION('',(#5197),#5201);
#5197 = LINE('',#5198,#5199);
#5198 = CARTESIAN_POINT('',(0.,16.4));
#5199 = VECTOR('',#5200,1.);
#5200 = DIRECTION('',(1.,0.));
#5201 = ( GEOMETRIC_REPRESENTATION_CONTEXT(2) 
PARAMETRIC_REPRESENTATION_CONTEXT() REPRESENTATION_CONTEXT('2D SPACE',''
  ) );
#5202 = PCURVE('',#4619,#5203);
#5203 = DEFINITIONAL_REPRESENTATION('',(#5204),#5208);
#5204 = LINE('',#5205,#5206);
#5205 = CARTESIAN_POINT('',(0.,0.));
#5206 = VECTOR('',#5207,1.);
#5207 = DIRECTION('',(0.,1.));
#5208 = ( GEOMETRIC_REPRESENTATION_CONTEXT(2) 
PARAMETRIC_REPRESENTATION_CONTEXT() REPRESENTATION_CONTEXT('2D SPACE',''
  ) );
#5209 = ORIENTED_EDGE('',*,*,#4630,.T.);
#5210 = ORIENTED_EDGE('',*,*,#5086,.T.);
#5211 = ORIENTED_EDGE('',*,*,#5212,.F.);
#5212 = EDGE_CURVE('',#5188,#5087,#5213,.T.);
#5213 = SURFACE_CURVE('',#5214,(#5218,#5224),.PCURVE_S1.);
#5214 = LINE('',#5215,#5216);
#5215 = CARTESIAN_POINT('',(-19.8,-10.25,9.5));
#5216 = VECTOR('',#5217,1.);
#5217 = DIRECTION('',(0.,-1.,0.));
#5218 = PCURVE('',#4645,#5219);
#5219 = DEFINITIONAL_REPRESENTATION('',(#5220),#5223);
#5220 = B_SPLINE_CURVE_WITH_KNOTS('',1,(#5221,#5222),.UNSPECIFIED.,.F.,
  .F.,(2,2),(-18.45,-2.05),.PIECEWISE_BEZIER_KNOTS.);
#5221 = CARTESIAN_POINT('',(6.2,16.4));
#5222 = CARTESIAN_POINT('',(6.2,0.));
#5223 = ( GEOMETRIC_REPRESENTATION_CONTEXT(2) 
PARAMETRIC_REPRESENTATION_CONTEXT() REPRESENTATION_CONTEXT('2D SPACE',''
  ) );
#5224 = PCURVE('',#5173,#5225);
#5225 = DEFINITIONAL_REPRESENTATION('',(#5226),#5229);
#5226 = B_SPLINE_CURVE_WITH_KNOTS('',1,(#5227,#5228),.UNSPECIFIED.,.F.,
  .F.,(2,2),(-18.45,-2.05),.PIECEWISE_BEZIER_KNOTS.);
#5227 = CARTESIAN_POINT('',(1.5,-20.5));
#5228 = CARTESIAN_POINT('',(1.5,-4.1));
#5229 = ( GEOMETRIC_REPRESENTATION_CONTEXT(2) 
PARAMETRIC_REPRESENTATION_CONTEXT() REPRESENTATION_CONTEXT('2D SPACE',''
  ) );
#5230 = ADVANCED_FACE('',(#5231),#4619,.F.);
#5231 = FACE_BOUND('',#5232,.F.);
#5232 = EDGE_LOOP('',(#5233,#5234,#5235,#5236,#5259,#5280));
#5233 = ORIENTED_EDGE('',*,*,#5187,.F.);
#5234 = ORIENTED_EDGE('',*,*,#4604,.T.);
#5235 = ORIENTED_EDGE('',*,*,#4982,.F.);
#5236 = ORIENTED_EDGE('',*,*,#5237,.F.);
#5237 = EDGE_CURVE('',#5238,#4983,#5240,.T.);
#5238 = VERTEX_POINT('',#5239);
#5239 = CARTESIAN_POINT('',(-14.,8.2,15.));
#5240 = SURFACE_CURVE('',#5241,(#5245,#5252),.PCURVE_S1.);
#5241 = LINE('',#5242,#5243);
#5242 = CARTESIAN_POINT('',(-14.,8.2,9.5));
#5243 = VECTOR('',#5244,1.);
#5244 = DIRECTION('',(0.,0.,1.));
#5245 = PCURVE('',#4619,#5246);
#5246 = DEFINITIONAL_REPRESENTATION('',(#5247),#5251);
#5247 = LINE('',#5248,#5249);
#5248 = CARTESIAN_POINT('',(0.,12.));
#5249 = VECTOR('',#5250,1.);
#5250 = DIRECTION('',(1.,0.));
#5251 = ( GEOMETRIC_REPRESENTATION_CONTEXT(2) 
PARAMETRIC_REPRESENTATION_CONTEXT() REPRESENTATION_CONTEXT('2D SPACE',''
  ) );
#5252 = PCURVE('',#5018,#5253);
#5253 = DEFINITIONAL_REPRESENTATION('',(#5254),#5258);
#5254 = LINE('',#5255,#5256);
#5255 = CARTESIAN_POINT('',(0.,-16.4));
#5256 = VECTOR('',#5257,1.);
#5257 = DIRECTION('',(1.,0.));
#5258 = ( GEOMETRIC_REPRESENTATION_CONTEXT(2) 
PARAMETRIC_REPRESENTATION_CONTEXT() REPRESENTATION_CONTEXT('2D SPACE',''
  ) );
#5259 = ORIENTED_EDGE('',*,*,#5260,.T.);
#5260 = EDGE_CURVE('',#5238,#5261,#5263,.T.);
#5261 = VERTEX_POINT('',#5262);
#5262 = CARTESIAN_POINT('',(-19.8,8.2,15.));
#5263 = SURFACE_CURVE('',#5264,(#5268,#5274),.PCURVE_S1.);
#5264 = LINE('',#5265,#5266);
#5265 = CARTESIAN_POINT('',(-22.9,8.2,15.));
#5266 = VECTOR('',#5267,1.);
#5267 = DIRECTION('',(-1.,0.,0.));
#5268 = PCURVE('',#4619,#5269);
#5269 = DEFINITIONAL_REPRESENTATION('',(#5270),#5273);
#5270 = B_SPLINE_CURVE_WITH_KNOTS('',1,(#5271,#5272),.UNSPECIFIED.,.F.,
  .F.,(2,2),(-8.9,-3.1),.PIECEWISE_BEZIER_KNOTS.);
#5271 = CARTESIAN_POINT('',(5.5,12.));
#5272 = CARTESIAN_POINT('',(5.5,6.2));
#5273 = ( GEOMETRIC_REPRESENTATION_CONTEXT(2) 
PARAMETRIC_REPRESENTATION_CONTEXT() REPRESENTATION_CONTEXT('2D SPACE',''
  ) );
#5274 = PCURVE('',#5149,#5275);
#5275 = DEFINITIONAL_REPRESENTATION('',(#5276),#5279);
#5276 = B_SPLINE_CURVE_WITH_KNOTS('',1,(#5277,#5278),.UNSPECIFIED.,.F.,
  .F.,(2,2),(-8.9,-3.1),.PIECEWISE_BEZIER_KNOTS.);
#5277 = CARTESIAN_POINT('',(5.8,20.5));
#5278 = CARTESIAN_POINT('',(0.,20.5));
#5279 = ( GEOMETRIC_REPRESENTATION_CONTEXT(2) 
PARAMETRIC_REPRESENTATION_CONTEXT() REPRESENTATION_CONTEXT('2D SPACE',''
  ) );
#5280 = ORIENTED_EDGE('',*,*,#5281,.F.);
#5281 = EDGE_CURVE('',#5188,#5261,#5282,.T.);
#5282 = SURFACE_CURVE('',#5283,(#5287,#5293),.PCURVE_S1.);
#5283 = LINE('',#5284,#5285);
#5284 = CARTESIAN_POINT('',(-19.8,8.2,8.75));
#5285 = VECTOR('',#5286,1.);
#5286 = DIRECTION('',(0.,0.,1.));
#5287 = PCURVE('',#4619,#5288);
#5288 = DEFINITIONAL_REPRESENTATION('',(#5289),#5292);
#5289 = B_SPLINE_CURVE_WITH_KNOTS('',1,(#5290,#5291),.UNSPECIFIED.,.F.,
  .F.,(2,2),(0.75,6.25),.PIECEWISE_BEZIER_KNOTS.);
#5290 = CARTESIAN_POINT('',(0.,6.2));
#5291 = CARTESIAN_POINT('',(5.5,6.2));
#5292 = ( GEOMETRIC_REPRESENTATION_CONTEXT(2) 
PARAMETRIC_REPRESENTATION_CONTEXT() REPRESENTATION_CONTEXT('2D SPACE',''
  ) );
#5293 = PCURVE('',#5173,#5294);
#5294 = DEFINITIONAL_REPRESENTATION('',(#5295),#5298);
#5295 = B_SPLINE_CURVE_WITH_KNOTS('',1,(#5296,#5297),.UNSPECIFIED.,.F.,
  .F.,(2,2),(0.75,6.25),.PIECEWISE_BEZIER_KNOTS.);
#5296 = CARTESIAN_POINT('',(1.5,-20.5));
#5297 = CARTESIAN_POINT('',(7.,-20.5));
#5298 = ( GEOMETRIC_REPRESENTATION_CONTEXT(2) 
PARAMETRIC_REPRESENTATION_CONTEXT() REPRESENTATION_CONTEXT('2D SPACE',''
  ) );
#5299 = ADVANCED_FACE('',(#5300),#4569,.T.);
#5300 = FACE_BOUND('',#5301,.F.);
#5301 = EDGE_LOOP('',(#5302,#5330,#5351,#5352));
#5302 = ORIENTED_EDGE('',*,*,#5303,.T.);
#5303 = EDGE_CURVE('',#4526,#5304,#5306,.T.);
#5304 = VERTEX_POINT('',#5305);
#5305 = CARTESIAN_POINT('',(-19.,14.5,9.1));
#5306 = SURFACE_CURVE('',#5307,(#5312,#5319),.PCURVE_S1.);
#5307 = CIRCLE('',#5308,3.);
#5308 = AXIS2_PLACEMENT_3D('',#5309,#5310,#5311);
#5309 = CARTESIAN_POINT('',(-19.,11.5,9.1));
#5310 = DIRECTION('',(-0.,-0.,-1.));
#5311 = DIRECTION('',(0.,-1.,0.));
#5312 = PCURVE('',#4569,#5313);
#5313 = DEFINITIONAL_REPRESENTATION('',(#5314),#5318);
#5314 = LINE('',#5315,#5316);
#5315 = CARTESIAN_POINT('',(1.570796326795,-0.));
#5316 = VECTOR('',#5317,1.);
#5317 = DIRECTION('',(-1.,0.));
#5318 = ( GEOMETRIC_REPRESENTATION_CONTEXT(2) 
PARAMETRIC_REPRESENTATION_CONTEXT() REPRESENTATION_CONTEXT('2D SPACE',''
  ) );
#5319 = PCURVE('',#4541,#5320);
#5320 = DEFINITIONAL_REPRESENTATION('',(#5321),#5329);
#5321 = ( BOUNDED_CURVE() B_SPLINE_CURVE(2,(#5322,#5323,#5324,#5325,
#5326,#5327,#5328),.UNSPECIFIED.,.T.,.F.) B_SPLINE_CURVE_WITH_KNOTS((1,2
    ,2,2,2,1),(-2.094395102393,0.,2.094395102393,4.188790204786,
6.28318530718,8.377580409573),.UNSPECIFIED.) CURVE() 
GEOMETRIC_REPRESENTATION_ITEM() RATIONAL_B_SPLINE_CURVE((1.,0.5,1.,0.5,
1.,0.5,1.)) REPRESENTATION_ITEM('') );
#5322 = CARTESIAN_POINT('',(3.,23.));
#5323 = CARTESIAN_POINT('',(-2.196152422707,23.));
#5324 = CARTESIAN_POINT('',(0.401923788647,27.5));
#5325 = CARTESIAN_POINT('',(3.,32.));
#5326 = CARTESIAN_POINT('',(5.598076211353,27.5));
#5327 = CARTESIAN_POINT('',(8.196152422707,23.));
#5328 = CARTESIAN_POINT('',(3.,23.));
#5329 = ( GEOMETRIC_REPRESENTATION_CONTEXT(2) 
PARAMETRIC_REPRESENTATION_CONTEXT() REPRESENTATION_CONTEXT('2D SPACE',''
  ) );
#5330 = ORIENTED_EDGE('',*,*,#5331,.T.);
#5331 = EDGE_CURVE('',#5304,#4928,#5332,.T.);
#5332 = SURFACE_CURVE('',#5333,(#5337,#5344),.PCURVE_S1.);
#5333 = LINE('',#5334,#5335);
#5334 = CARTESIAN_POINT('',(-19.,14.5,9.1));
#5335 = VECTOR('',#5336,1.);
#5336 = DIRECTION('',(0.,0.,1.));
#5337 = PCURVE('',#4569,#5338);
#5338 = DEFINITIONAL_REPRESENTATION('',(#5339),#5343);
#5339 = LINE('',#5340,#5341);
#5340 = CARTESIAN_POINT('',(-1.570796326795,0.));
#5341 = VECTOR('',#5342,1.);
#5342 = DIRECTION('',(-0.,1.));
#5343 = ( GEOMETRIC_REPRESENTATION_CONTEXT(2) 
PARAMETRIC_REPRESENTATION_CONTEXT() REPRESENTATION_CONTEXT('2D SPACE',''
  ) );
#5344 = PCURVE('',#4943,#5345);
#5345 = DEFINITIONAL_REPRESENTATION('',(#5346),#5350);
#5346 = LINE('',#5347,#5348);
#5347 = CARTESIAN_POINT('',(0.,3.));
#5348 = VECTOR('',#5349,1.);
#5349 = DIRECTION('',(1.,0.));
#5350 = ( GEOMETRIC_REPRESENTATION_CONTEXT(2) 
PARAMETRIC_REPRESENTATION_CONTEXT() REPRESENTATION_CONTEXT('2D SPACE',''
  ) );
#5351 = ORIENTED_EDGE('',*,*,#4955,.F.);
#5352 = ORIENTED_EDGE('',*,*,#4553,.F.);
#5353 = ADVANCED_FACE('',(#5354,#5501),#4541,.F.);
#5354 = FACE_BOUND('',#5355,.F.);
#5355 = EDGE_LOOP('',(#5356,#5357,#5381,#5404,#5432,#5455,#5479,#5500));
#5356 = ORIENTED_EDGE('',*,*,#4525,.F.);
#5357 = ORIENTED_EDGE('',*,*,#5358,.T.);
#5358 = EDGE_CURVE('',#4498,#5359,#5361,.T.);
#5359 = VERTEX_POINT('',#5360);
#5360 = CARTESIAN_POINT('',(-19.,-14.5,9.1));
#5361 = SURFACE_CURVE('',#5362,(#5367,#5374),.PCURVE_S1.);
#5362 = CIRCLE('',#5363,3.);
#5363 = AXIS2_PLACEMENT_3D('',#5364,#5365,#5366);
#5364 = CARTESIAN_POINT('',(-19.,-11.5,9.1));
#5365 = DIRECTION('',(0.,0.,1.));
#5366 = DIRECTION('',(0.,-1.,0.));
#5367 = PCURVE('',#4541,#5368);
#5368 = DEFINITIONAL_REPRESENTATION('',(#5369),#5373);
#5369 = CIRCLE('',#5370,3.);
#5370 = AXIS2_PLACEMENT_2D('',#5371,#5372);
#5371 = CARTESIAN_POINT('',(3.,3.));
#5372 = DIRECTION('',(0.,-1.));
#5373 = ( GEOMETRIC_REPRESENTATION_CONTEXT(2) 
PARAMETRIC_REPRESENTATION_CONTEXT() REPRESENTATION_CONTEXT('2D SPACE',''
  ) );
#5374 = PCURVE('',#4513,#5375);
#5375 = DEFINITIONAL_REPRESENTATION('',(#5376),#5380);
#5376 = LINE('',#5377,#5378);
#5377 = CARTESIAN_POINT('',(-4.712388980385,0.));
#5378 = VECTOR('',#5379,1.);
#5379 = DIRECTION('',(1.,0.));
#5380 = ( GEOMETRIC_REPRESENTATION_CONTEXT(2) 
PARAMETRIC_REPRESENTATION_CONTEXT() REPRESENTATION_CONTEXT('2D SPACE',''
  ) );
#5381 = ORIENTED_EDGE('',*,*,#5382,.T.);
#5382 = EDGE_CURVE('',#5359,#5383,#5385,.T.);
#5383 = VERTEX_POINT('',#5384);
#5384 = CARTESIAN_POINT('',(19.,-14.5,9.1));
#5385 = SURFACE_CURVE('',#5386,(#5390,#5397),.PCURVE_S1.);
#5386 = LINE('',#5387,#5388);
#5387 = CARTESIAN_POINT('',(-22.,-14.5,9.1));
#5388 = VECTOR('',#5389,1.);
#5389 = DIRECTION('',(1.,0.,0.));
#5390 = PCURVE('',#4541,#5391);
#5391 = DEFINITIONAL_REPRESENTATION('',(#5392),#5396);
#5392 = LINE('',#5393,#5394);
#5393 = CARTESIAN_POINT('',(0.,0.));
#5394 = VECTOR('',#5395,1.);
#5395 = DIRECTION('',(1.,0.));
#5396 = ( GEOMETRIC_REPRESENTATION_CONTEXT(2) 
PARAMETRIC_REPRESENTATION_CONTEXT() REPRESENTATION_CONTEXT('2D SPACE',''
  ) );
#5397 = PCURVE('',#4724,#5398);
#5398 = DEFINITIONAL_REPRESENTATION('',(#5399),#5403);
#5399 = LINE('',#5400,#5401);
#5400 = CARTESIAN_POINT('',(0.,0.));
#5401 = VECTOR('',#5402,1.);
#5402 = DIRECTION('',(0.,1.));
#5403 = ( GEOMETRIC_REPRESENTATION_CONTEXT(2) 
PARAMETRIC_REPRESENTATION_CONTEXT() REPRESENTATION_CONTEXT('2D SPACE',''
  ) );
#5404 = ORIENTED_EDGE('',*,*,#5405,.F.);
#5405 = EDGE_CURVE('',#5406,#5383,#5408,.T.);
#5406 = VERTEX_POINT('',#5407);
#5407 = CARTESIAN_POINT('',(22.,-11.5,9.1));
#5408 = SURFACE_CURVE('',#5409,(#5414,#5425),.PCURVE_S1.);
#5409 = CIRCLE('',#5410,3.);
#5410 = AXIS2_PLACEMENT_3D('',#5411,#5412,#5413);
#5411 = CARTESIAN_POINT('',(19.,-11.5,9.1));
#5412 = DIRECTION('',(-0.,-0.,-1.));
#5413 = DIRECTION('',(0.,-1.,0.));
#5414 = PCURVE('',#4541,#5415);
#5415 = DEFINITIONAL_REPRESENTATION('',(#5416),#5424);
#5416 = ( BOUNDED_CURVE() B_SPLINE_CURVE(2,(#5417,#5418,#5419,#5420,
#5421,#5422,#5423),.UNSPECIFIED.,.T.,.F.) B_SPLINE_CURVE_WITH_KNOTS((1,2
    ,2,2,2,1),(-2.094395102393,0.,2.094395102393,4.188790204786,
6.28318530718,8.377580409573),.UNSPECIFIED.) CURVE() 
GEOMETRIC_REPRESENTATION_ITEM() RATIONAL_B_SPLINE_CURVE((1.,0.5,1.,0.5,
1.,0.5,1.)) REPRESENTATION_ITEM('') );
#5417 = CARTESIAN_POINT('',(41.,0.));
#5418 = CARTESIAN_POINT('',(35.803847577293,0.));
#5419 = CARTESIAN_POINT('',(38.401923788647,4.5));
#5420 = CARTESIAN_POINT('',(41.,9.));
#5421 = CARTESIAN_POINT('',(43.598076211353,4.5));
#5422 = CARTESIAN_POINT('',(46.196152422707,4.440892098501E-15));
#5423 = CARTESIAN_POINT('',(41.,0.));
#5424 = ( GEOMETRIC_REPRESENTATION_CONTEXT(2) 
PARAMETRIC_REPRESENTATION_CONTEXT() REPRESENTATION_CONTEXT('2D SPACE',''
  ) );
#5425 = PCURVE('',#4757,#5426);
#5426 = DEFINITIONAL_REPRESENTATION('',(#5427),#5431);
#5427 = LINE('',#5428,#5429);
#5428 = CARTESIAN_POINT('',(4.712388980385,-0.));
#5429 = VECTOR('',#5430,1.);
#5430 = DIRECTION('',(-1.,0.));
#5431 = ( GEOMETRIC_REPRESENTATION_CONTEXT(2) 
PARAMETRIC_REPRESENTATION_CONTEXT() REPRESENTATION_CONTEXT('2D SPACE',''
  ) );
#5432 = ORIENTED_EDGE('',*,*,#5433,.T.);
#5433 = EDGE_CURVE('',#5406,#5434,#5436,.T.);
#5434 = VERTEX_POINT('',#5435);
#5435 = CARTESIAN_POINT('',(22.,11.5,9.1));
#5436 = SURFACE_CURVE('',#5437,(#5441,#5448),.PCURVE_S1.);
#5437 = LINE('',#5438,#5439);
#5438 = CARTESIAN_POINT('',(22.,-14.5,9.1));
#5439 = VECTOR('',#5440,1.);
#5440 = DIRECTION('',(0.,1.,0.));
#5441 = PCURVE('',#4541,#5442);
#5442 = DEFINITIONAL_REPRESENTATION('',(#5443),#5447);
#5443 = LINE('',#5444,#5445);
#5444 = CARTESIAN_POINT('',(44.,0.));
#5445 = VECTOR('',#5446,1.);
#5446 = DIRECTION('',(0.,1.));
#5447 = ( GEOMETRIC_REPRESENTATION_CONTEXT(2) 
PARAMETRIC_REPRESENTATION_CONTEXT() REPRESENTATION_CONTEXT('2D SPACE',''
  ) );
#5448 = PCURVE('',#4785,#5449);
#5449 = DEFINITIONAL_REPRESENTATION('',(#5450),#5454);
#5450 = LINE('',#5451,#5452);
#5451 = CARTESIAN_POINT('',(0.,0.));
#5452 = VECTOR('',#5453,1.);
#5453 = DIRECTION('',(0.,-1.));
#5454 = ( GEOMETRIC_REPRESENTATION_CONTEXT(2) 
PARAMETRIC_REPRESENTATION_CONTEXT() REPRESENTATION_CONTEXT('2D SPACE',''
  ) );
#5455 = ORIENTED_EDGE('',*,*,#5456,.T.);
#5456 = EDGE_CURVE('',#5434,#5457,#5459,.T.);
#5457 = VERTEX_POINT('',#5458);
#5458 = CARTESIAN_POINT('',(19.,14.5,9.1));
#5459 = SURFACE_CURVE('',#5460,(#5465,#5472),.PCURVE_S1.);
#5460 = CIRCLE('',#5461,3.);
#5461 = AXIS2_PLACEMENT_3D('',#5462,#5463,#5464);
#5462 = CARTESIAN_POINT('',(19.,11.5,9.1));
#5463 = DIRECTION('',(0.,0.,1.));
#5464 = DIRECTION('',(0.,-1.,0.));
#5465 = PCURVE('',#4541,#5466);
#5466 = DEFINITIONAL_REPRESENTATION('',(#5467),#5471);
#5467 = CIRCLE('',#5468,3.);
#5468 = AXIS2_PLACEMENT_2D('',#5469,#5470);
#5469 = CARTESIAN_POINT('',(41.,26.));
#5470 = DIRECTION('',(0.,-1.));
#5471 = ( GEOMETRIC_REPRESENTATION_CONTEXT(2) 
PARAMETRIC_REPRESENTATION_CONTEXT() REPRESENTATION_CONTEXT('2D SPACE',''
  ) );
#5472 = PCURVE('',#4915,#5473);
#5473 = DEFINITIONAL_REPRESENTATION('',(#5474),#5478);
#5474 = LINE('',#5475,#5476);
#5475 = CARTESIAN_POINT('',(-1.570796326795,0.));
#5476 = VECTOR('',#5477,1.);
#5477 = DIRECTION('',(1.,0.));
#5478 = ( GEOMETRIC_REPRESENTATION_CONTEXT(2) 
PARAMETRIC_REPRESENTATION_CONTEXT() REPRESENTATION_CONTEXT('2D SPACE',''
  ) );
#5479 = ORIENTED_EDGE('',*,*,#5480,.F.);
#5480 = EDGE_CURVE('',#5304,#5457,#5481,.T.);
#5481 = SURFACE_CURVE('',#5482,(#5486,#5493),.PCURVE_S1.);
#5482 = LINE('',#5483,#5484);
#5483 = CARTESIAN_POINT('',(-22.,14.5,9.1));
#5484 = VECTOR('',#5485,1.);
#5485 = DIRECTION('',(1.,0.,0.));
#5486 = PCURVE('',#4541,#5487);
#5487 = DEFINITIONAL_REPRESENTATION('',(#5488),#5492);
#5488 = LINE('',#5489,#5490);
#5489 = CARTESIAN_POINT('',(0.,29.));
#5490 = VECTOR('',#5491,1.);
#5491 = DIRECTION('',(1.,0.));
#5492 = ( GEOMETRIC_REPRESENTATION_CONTEXT(2) 
PARAMETRIC_REPRESENTATION_CONTEXT() REPRESENTATION_CONTEXT('2D SPACE',''
  ) );
#5493 = PCURVE('',#4943,#5494);
#5494 = DEFINITIONAL_REPRESENTATION('',(#5495),#5499);
#5495 = LINE('',#5496,#5497);
#5496 = CARTESIAN_POINT('',(0.,0.));
#5497 = VECTOR('',#5498,1.);
#5498 = DIRECTION('',(0.,1.));
#5499 = ( GEOMETRIC_REPRESENTATION_CONTEXT(2) 
PARAMETRIC_REPRESENTATION_CONTEXT() REPRESENTATION_CONTEXT('2D SPACE',''
  ) );
#5500 = ORIENTED_EDGE('',*,*,#5303,.F.);
#5501 = FACE_BOUND('',#5502,.F.);
#5502 = EDGE_LOOP('',(#5503,#5534,#5555,#5584,#5610,#5639,#5665,#5694));
#5503 = ORIENTED_EDGE('',*,*,#5504,.F.);
#5504 = EDGE_CURVE('',#5505,#5507,#5509,.T.);
#5505 = VERTEX_POINT('',#5506);
#5506 = CARTESIAN_POINT('',(-19.8,-10.8,9.1));
#5507 = VERTEX_POINT('',#5508);
#5508 = CARTESIAN_POINT('',(-18.3,-12.3,9.1));
#5509 = SURFACE_CURVE('',#5510,(#5515,#5522),.PCURVE_S1.);
#5510 = CIRCLE('',#5511,1.5);
#5511 = AXIS2_PLACEMENT_3D('',#5512,#5513,#5514);
#5512 = CARTESIAN_POINT('',(-18.3,-10.8,9.1));
#5513 = DIRECTION('',(0.,0.,1.));
#5514 = DIRECTION('',(-1.,-0.,0.));
#5515 = PCURVE('',#4541,#5516);
#5516 = DEFINITIONAL_REPRESENTATION('',(#5517),#5521);
#5517 = CIRCLE('',#5518,1.5);
#5518 = AXIS2_PLACEMENT_2D('',#5519,#5520);
#5519 = CARTESIAN_POINT('',(3.7,3.7));
#5520 = DIRECTION('',(-1.,0.));
#5521 = ( GEOMETRIC_REPRESENTATION_CONTEXT(2) 
PARAMETRIC_REPRESENTATION_CONTEXT() REPRESENTATION_CONTEXT('2D SPACE',''
  ) );
#5522 = PCURVE('',#5523,#5528);
#5523 = CYLINDRICAL_SURFACE('',#5524,1.5);
#5524 = AXIS2_PLACEMENT_3D('',#5525,#5526,#5527);
#5525 = CARTESIAN_POINT('',(-18.3,-10.8,8.));
#5526 = DIRECTION('',(0.,0.,1.));
#5527 = DIRECTION('',(-1.,-0.,0.));
#5528 = DEFINITIONAL_REPRESENTATION('',(#5529),#5533);
#5529 = LINE('',#5530,#5531);
#5530 = CARTESIAN_POINT('',(0.,1.1));
#5531 = VECTOR('',#5532,1.);
#5532 = DIRECTION('',(1.,0.));
#5533 = ( GEOMETRIC_REPRESENTATION_CONTEXT(2) 
PARAMETRIC_REPRESENTATION_CONTEXT() REPRESENTATION_CONTEXT('2D SPACE',''
  ) );
#5534 = ORIENTED_EDGE('',*,*,#5535,.T.);
#5535 = EDGE_CURVE('',#5505,#5536,#5538,.T.);
#5536 = VERTEX_POINT('',#5537);
#5537 = CARTESIAN_POINT('',(-19.8,10.8,9.1));
#5538 = SURFACE_CURVE('',#5539,(#5543,#5549),.PCURVE_S1.);
#5539 = LINE('',#5540,#5541);
#5540 = CARTESIAN_POINT('',(-19.8,-13.4,9.1));
#5541 = VECTOR('',#5542,1.);
#5542 = DIRECTION('',(0.,1.,0.));
#5543 = PCURVE('',#4541,#5544);
#5544 = DEFINITIONAL_REPRESENTATION('',(#5545),#5548);
#5545 = B_SPLINE_CURVE_WITH_KNOTS('',1,(#5546,#5547),.UNSPECIFIED.,.F.,
  .F.,(2,2),(2.6,24.2),.PIECEWISE_BEZIER_KNOTS.);
#5546 = CARTESIAN_POINT('',(2.2,3.7));
#5547 = CARTESIAN_POINT('',(2.2,25.3));
#5548 = ( GEOMETRIC_REPRESENTATION_CONTEXT(2) 
PARAMETRIC_REPRESENTATION_CONTEXT() REPRESENTATION_CONTEXT('2D SPACE',''
  ) );
#5549 = PCURVE('',#5173,#5550);
#5550 = DEFINITIONAL_REPRESENTATION('',(#5551),#5554);
#5551 = B_SPLINE_CURVE_WITH_KNOTS('',1,(#5552,#5553),.UNSPECIFIED.,.F.,
  .F.,(2,2),(2.6,24.2),.PIECEWISE_BEZIER_KNOTS.);
#5552 = CARTESIAN_POINT('',(1.1,-1.5));
#5553 = CARTESIAN_POINT('',(1.1,-23.1));
#5554 = ( GEOMETRIC_REPRESENTATION_CONTEXT(2) 
PARAMETRIC_REPRESENTATION_CONTEXT() REPRESENTATION_CONTEXT('2D SPACE',''
  ) );
#5555 = ORIENTED_EDGE('',*,*,#5556,.F.);
#5556 = EDGE_CURVE('',#5557,#5536,#5559,.T.);
#5557 = VERTEX_POINT('',#5558);
#5558 = CARTESIAN_POINT('',(-18.3,12.3,9.1));
#5559 = SURFACE_CURVE('',#5560,(#5565,#5572),.PCURVE_S1.);
#5560 = CIRCLE('',#5561,1.5);
#5561 = AXIS2_PLACEMENT_3D('',#5562,#5563,#5564);
#5562 = CARTESIAN_POINT('',(-18.3,10.8,9.1));
#5563 = DIRECTION('',(0.,0.,1.));
#5564 = DIRECTION('',(-1.,-0.,0.));
#5565 = PCURVE('',#4541,#5566);
#5566 = DEFINITIONAL_REPRESENTATION('',(#5567),#5571);
#5567 = CIRCLE('',#5568,1.5);
#5568 = AXIS2_PLACEMENT_2D('',#5569,#5570);
#5569 = CARTESIAN_POINT('',(3.7,25.3));
#5570 = DIRECTION('',(-1.,0.));
#5571 = ( GEOMETRIC_REPRESENTATION_CONTEXT(2) 
PARAMETRIC_REPRESENTATION_CONTEXT() REPRESENTATION_CONTEXT('2D SPACE',''
  ) );
#5572 = PCURVE('',#5573,#5578);
#5573 = CYLINDRICAL_SURFACE('',#5574,1.5);
#5574 = AXIS2_PLACEMENT_3D('',#5575,#5576,#5577);
#5575 = CARTESIAN_POINT('',(-18.3,10.8,8.));
#5576 = DIRECTION('',(0.,0.,1.));
#5577 = DIRECTION('',(-1.,-0.,0.));
#5578 = DEFINITIONAL_REPRESENTATION('',(#5579),#5583);
#5579 = LINE('',#5580,#5581);
#5580 = CARTESIAN_POINT('',(-6.28318530718,1.1));
#5581 = VECTOR('',#5582,1.);
#5582 = DIRECTION('',(1.,-0.));
#5583 = ( GEOMETRIC_REPRESENTATION_CONTEXT(2) 
PARAMETRIC_REPRESENTATION_CONTEXT() REPRESENTATION_CONTEXT('2D SPACE',''
  ) );
#5584 = ORIENTED_EDGE('',*,*,#5585,.F.);
#5585 = EDGE_CURVE('',#5586,#5557,#5588,.T.);
#5586 = VERTEX_POINT('',#5587);
#5587 = CARTESIAN_POINT('',(18.3,12.3,9.1));
#5588 = SURFACE_CURVE('',#5589,(#5593,#5599),.PCURVE_S1.);
#5589 = LINE('',#5590,#5591);
#5590 = CARTESIAN_POINT('',(-20.9,12.3,9.1));
#5591 = VECTOR('',#5592,1.);
#5592 = DIRECTION('',(-1.,0.,0.));
#5593 = PCURVE('',#4541,#5594);
#5594 = DEFINITIONAL_REPRESENTATION('',(#5595),#5598);
#5595 = B_SPLINE_CURVE_WITH_KNOTS('',1,(#5596,#5597),.UNSPECIFIED.,.F.,
  .F.,(2,2),(-39.2,-2.6),.PIECEWISE_BEZIER_KNOTS.);
#5596 = CARTESIAN_POINT('',(40.3,26.8));
#5597 = CARTESIAN_POINT('',(3.7,26.8));
#5598 = ( GEOMETRIC_REPRESENTATION_CONTEXT(2) 
PARAMETRIC_REPRESENTATION_CONTEXT() REPRESENTATION_CONTEXT('2D SPACE',''
  ) );
#5599 = PCURVE('',#5600,#5605);
#5600 = PLANE('',#5601);
#5601 = AXIS2_PLACEMENT_3D('',#5602,#5603,#5604);
#5602 = CARTESIAN_POINT('',(-19.8,12.3,8.));
#5603 = DIRECTION('',(0.,1.,0.));
#5604 = DIRECTION('',(0.,0.,1.));
#5605 = DEFINITIONAL_REPRESENTATION('',(#5606),#5609);
#5606 = B_SPLINE_CURVE_WITH_KNOTS('',1,(#5607,#5608),.UNSPECIFIED.,.F.,
  .F.,(2,2),(-39.2,-2.6),.PIECEWISE_BEZIER_KNOTS.);
#5607 = CARTESIAN_POINT('',(1.1,38.1));
#5608 = CARTESIAN_POINT('',(1.1,1.5));
#5609 = ( GEOMETRIC_REPRESENTATION_CONTEXT(2) 
PARAMETRIC_REPRESENTATION_CONTEXT() REPRESENTATION_CONTEXT('2D SPACE',''
  ) );
#5610 = ORIENTED_EDGE('',*,*,#5611,.F.);
#5611 = EDGE_CURVE('',#5612,#5586,#5614,.T.);
#5612 = VERTEX_POINT('',#5613);
#5613 = CARTESIAN_POINT('',(19.8,10.8,9.1));
#5614 = SURFACE_CURVE('',#5615,(#5620,#5627),.PCURVE_S1.);
#5615 = CIRCLE('',#5616,1.5);
#5616 = AXIS2_PLACEMENT_3D('',#5617,#5618,#5619);
#5617 = CARTESIAN_POINT('',(18.3,10.8,9.1));
#5618 = DIRECTION('',(0.,0.,1.));
#5619 = DIRECTION('',(1.,0.,-0.));
#5620 = PCURVE('',#4541,#5621);
#5621 = DEFINITIONAL_REPRESENTATION('',(#5622),#5626);
#5622 = CIRCLE('',#5623,1.5);
#5623 = AXIS2_PLACEMENT_2D('',#5624,#5625);
#5624 = CARTESIAN_POINT('',(40.3,25.3));
#5625 = DIRECTION('',(1.,0.));
#5626 = ( GEOMETRIC_REPRESENTATION_CONTEXT(2) 
PARAMETRIC_REPRESENTATION_CONTEXT() REPRESENTATION_CONTEXT('2D SPACE',''
  ) );
#5627 = PCURVE('',#5628,#5633);
#5628 = CYLINDRICAL_SURFACE('',#5629,1.5);
#5629 = AXIS2_PLACEMENT_3D('',#5630,#5631,#5632);
#5630 = CARTESIAN_POINT('',(18.3,10.8,8.));
#5631 = DIRECTION('',(0.,0.,1.));
#5632 = DIRECTION('',(1.,0.,-0.));
#5633 = DEFINITIONAL_REPRESENTATION('',(#5634),#5638);
#5634 = LINE('',#5635,#5636);
#5635 = CARTESIAN_POINT('',(0.,1.1));
#5636 = VECTOR('',#5637,1.);
#5637 = DIRECTION('',(1.,0.));
#5638 = ( GEOMETRIC_REPRESENTATION_CONTEXT(2) 
PARAMETRIC_REPRESENTATION_CONTEXT() REPRESENTATION_CONTEXT('2D SPACE',''
  ) );
#5639 = ORIENTED_EDGE('',*,*,#5640,.F.);
#5640 = EDGE_CURVE('',#5641,#5612,#5643,.T.);
#5641 = VERTEX_POINT('',#5642);
#5642 = CARTESIAN_POINT('',(19.8,-10.8,9.1));
#5643 = SURFACE_CURVE('',#5644,(#5648,#5654),.PCURVE_S1.);
#5644 = LINE('',#5645,#5646);
#5645 = CARTESIAN_POINT('',(19.8,-13.4,9.1));
#5646 = VECTOR('',#5647,1.);
#5647 = DIRECTION('',(0.,1.,0.));
#5648 = PCURVE('',#4541,#5649);
#5649 = DEFINITIONAL_REPRESENTATION('',(#5650),#5653);
#5650 = B_SPLINE_CURVE_WITH_KNOTS('',1,(#5651,#5652),.UNSPECIFIED.,.F.,
  .F.,(2,2),(2.6,24.2),.PIECEWISE_BEZIER_KNOTS.);
#5651 = CARTESIAN_POINT('',(41.8,3.7));
#5652 = CARTESIAN_POINT('',(41.8,25.3));
#5653 = ( GEOMETRIC_REPRESENTATION_CONTEXT(2) 
PARAMETRIC_REPRESENTATION_CONTEXT() REPRESENTATION_CONTEXT('2D SPACE',''
  ) );
#5654 = PCURVE('',#5655,#5660);
#5655 = PLANE('',#5656);
#5656 = AXIS2_PLACEMENT_3D('',#5657,#5658,#5659);
#5657 = CARTESIAN_POINT('',(19.8,-12.3,8.));
#5658 = DIRECTION('',(1.,0.,0.));
#5659 = DIRECTION('',(0.,0.,1.));
#5660 = DEFINITIONAL_REPRESENTATION('',(#5661),#5664);
#5661 = B_SPLINE_CURVE_WITH_KNOTS('',1,(#5662,#5663),.UNSPECIFIED.,.F.,
  .F.,(2,2),(2.6,24.2),.PIECEWISE_BEZIER_KNOTS.);
#5662 = CARTESIAN_POINT('',(1.1,-1.5));
#5663 = CARTESIAN_POINT('',(1.1,-23.1));
#5664 = ( GEOMETRIC_REPRESENTATION_CONTEXT(2) 
PARAMETRIC_REPRESENTATION_CONTEXT() REPRESENTATION_CONTEXT('2D SPACE',''
  ) );
#5665 = ORIENTED_EDGE('',*,*,#5666,.F.);
#5666 = EDGE_CURVE('',#5667,#5641,#5669,.T.);
#5667 = VERTEX_POINT('',#5668);
#5668 = CARTESIAN_POINT('',(18.3,-12.3,9.1));
#5669 = SURFACE_CURVE('',#5670,(#5675,#5682),.PCURVE_S1.);
#5670 = CIRCLE('',#5671,1.5);
#5671 = AXIS2_PLACEMENT_3D('',#5672,#5673,#5674);
#5672 = CARTESIAN_POINT('',(18.3,-10.8,9.1));
#5673 = DIRECTION('',(0.,0.,1.));
#5674 = DIRECTION('',(1.,0.,-0.));
#5675 = PCURVE('',#4541,#5676);
#5676 = DEFINITIONAL_REPRESENTATION('',(#5677),#5681);
#5677 = CIRCLE('',#5678,1.5);
#5678 = AXIS2_PLACEMENT_2D('',#5679,#5680);
#5679 = CARTESIAN_POINT('',(40.3,3.7));
#5680 = DIRECTION('',(1.,0.));
#5681 = ( GEOMETRIC_REPRESENTATION_CONTEXT(2) 
PARAMETRIC_REPRESENTATION_CONTEXT() REPRESENTATION_CONTEXT('2D SPACE',''
  ) );
#5682 = PCURVE('',#5683,#5688);
#5683 = CYLINDRICAL_SURFACE('',#5684,1.5);
#5684 = AXIS2_PLACEMENT_3D('',#5685,#5686,#5687);
#5685 = CARTESIAN_POINT('',(18.3,-10.8,8.));
#5686 = DIRECTION('',(0.,0.,1.));
#5687 = DIRECTION('',(1.,0.,-0.));
#5688 = DEFINITIONAL_REPRESENTATION('',(#5689),#5693);
#5689 = LINE('',#5690,#5691);
#5690 = CARTESIAN_POINT('',(-6.28318530718,1.1));
#5691 = VECTOR('',#5692,1.);
#5692 = DIRECTION('',(1.,-0.));
#5693 = ( GEOMETRIC_REPRESENTATION_CONTEXT(2) 
PARAMETRIC_REPRESENTATION_CONTEXT() REPRESENTATION_CONTEXT('2D SPACE',''
  ) );
#5694 = ORIENTED_EDGE('',*,*,#5695,.T.);
#5695 = EDGE_CURVE('',#5667,#5507,#5696,.T.);
#5696 = SURFACE_CURVE('',#5697,(#5701,#5707),.PCURVE_S1.);
#5697 = LINE('',#5698,#5699);
#5698 = CARTESIAN_POINT('',(-20.9,-12.3,9.1));
#5699 = VECTOR('',#5700,1.);
#5700 = DIRECTION('',(-1.,0.,0.));
#5701 = PCURVE('',#4541,#5702);
#5702 = DEFINITIONAL_REPRESENTATION('',(#5703),#5706);
#5703 = B_SPLINE_CURVE_WITH_KNOTS('',1,(#5704,#5705),.UNSPECIFIED.,.F.,
  .F.,(2,2),(-39.2,-2.6),.PIECEWISE_BEZIER_KNOTS.);
#5704 = CARTESIAN_POINT('',(40.3,2.2));
#5705 = CARTESIAN_POINT('',(3.7,2.2));
#5706 = ( GEOMETRIC_REPRESENTATION_CONTEXT(2) 
PARAMETRIC_REPRESENTATION_CONTEXT() REPRESENTATION_CONTEXT('2D SPACE',''
  ) );
#5707 = PCURVE('',#5708,#5713);
#5708 = PLANE('',#5709);
#5709 = AXIS2_PLACEMENT_3D('',#5710,#5711,#5712);
#5710 = CARTESIAN_POINT('',(-19.8,-12.3,8.));
#5711 = DIRECTION('',(0.,1.,0.));
#5712 = DIRECTION('',(0.,0.,1.));
#5713 = DEFINITIONAL_REPRESENTATION('',(#5714),#5717);
#5714 = B_SPLINE_CURVE_WITH_KNOTS('',1,(#5715,#5716),.UNSPECIFIED.,.F.,
  .F.,(2,2),(-39.2,-2.6),.PIECEWISE_BEZIER_KNOTS.);
#5715 = CARTESIAN_POINT('',(1.1,38.1));
#5716 = CARTESIAN_POINT('',(1.1,1.5));
#5717 = ( GEOMETRIC_REPRESENTATION_CONTEXT(2) 
PARAMETRIC_REPRESENTATION_CONTEXT() REPRESENTATION_CONTEXT('2D SPACE',''
  ) );
#5718 = ADVANCED_FACE('',(#5719),#4513,.T.);
#5719 = FACE_BOUND('',#5720,.T.);
#5720 = EDGE_LOOP('',(#5721,#5722,#5743,#5744));
#5721 = ORIENTED_EDGE('',*,*,#5358,.T.);
#5722 = ORIENTED_EDGE('',*,*,#5723,.T.);
#5723 = EDGE_CURVE('',#5359,#4685,#5724,.T.);
#5724 = SURFACE_CURVE('',#5725,(#5729,#5736),.PCURVE_S1.);
#5725 = LINE('',#5726,#5727);
#5726 = CARTESIAN_POINT('',(-19.,-14.5,9.1));
#5727 = VECTOR('',#5728,1.);
#5728 = DIRECTION('',(0.,0.,1.));
#5729 = PCURVE('',#4513,#5730);
#5730 = DEFINITIONAL_REPRESENTATION('',(#5731),#5735);
#5731 = LINE('',#5732,#5733);
#5732 = CARTESIAN_POINT('',(1.570796326795,0.));
#5733 = VECTOR('',#5734,1.);
#5734 = DIRECTION('',(0.,1.));
#5735 = ( GEOMETRIC_REPRESENTATION_CONTEXT(2) 
PARAMETRIC_REPRESENTATION_CONTEXT() REPRESENTATION_CONTEXT('2D SPACE',''
  ) );
#5736 = PCURVE('',#4724,#5737);
#5737 = DEFINITIONAL_REPRESENTATION('',(#5738),#5742);
#5738 = LINE('',#5739,#5740);
#5739 = CARTESIAN_POINT('',(0.,3.));
#5740 = VECTOR('',#5741,1.);
#5741 = DIRECTION('',(1.,0.));
#5742 = ( GEOMETRIC_REPRESENTATION_CONTEXT(2) 
PARAMETRIC_REPRESENTATION_CONTEXT() REPRESENTATION_CONTEXT('2D SPACE',''
  ) );
#5743 = ORIENTED_EDGE('',*,*,#4684,.F.);
#5744 = ORIENTED_EDGE('',*,*,#4497,.F.);
#5745 = ADVANCED_FACE('',(#5746,#5772,#5878,#5984,#6090),#4724,.F.);
#5746 = FACE_BOUND('',#5747,.F.);
#5747 = EDGE_LOOP('',(#5748,#5749,#5750,#5751));
#5748 = ORIENTED_EDGE('',*,*,#5382,.F.);
#5749 = ORIENTED_EDGE('',*,*,#5723,.T.);
#5750 = ORIENTED_EDGE('',*,*,#4708,.T.);
#5751 = ORIENTED_EDGE('',*,*,#5752,.F.);
#5752 = EDGE_CURVE('',#5383,#4709,#5753,.T.);
#5753 = SURFACE_CURVE('',#5754,(#5758,#5765),.PCURVE_S1.);
#5754 = LINE('',#5755,#5756);
#5755 = CARTESIAN_POINT('',(19.,-14.5,9.1));
#5756 = VECTOR('',#5757,1.);
#5757 = DIRECTION('',(0.,0.,1.));
#5758 = PCURVE('',#4724,#5759);
#5759 = DEFINITIONAL_REPRESENTATION('',(#5760),#5764);
#5760 = LINE('',#5761,#5762);
#5761 = CARTESIAN_POINT('',(0.,41.));
#5762 = VECTOR('',#5763,1.);
#5763 = DIRECTION('',(1.,0.));
#5764 = ( GEOMETRIC_REPRESENTATION_CONTEXT(2) 
PARAMETRIC_REPRESENTATION_CONTEXT() REPRESENTATION_CONTEXT('2D SPACE',''
  ) );
#5765 = PCURVE('',#4757,#5766);
#5766 = DEFINITIONAL_REPRESENTATION('',(#5767),#5771);
#5767 = LINE('',#5768,#5769);
#5768 = CARTESIAN_POINT('',(-1.570796326795,0.));
#5769 = VECTOR('',#5770,1.);
#5770 = DIRECTION('',(-0.,1.));
#5771 = ( GEOMETRIC_REPRESENTATION_CONTEXT(2) 
PARAMETRIC_REPRESENTATION_CONTEXT() REPRESENTATION_CONTEXT('2D SPACE',''
  ) );
#5772 = FACE_BOUND('',#5773,.F.);
#5773 = EDGE_LOOP('',(#5774,#5802,#5828,#5854));
#5774 = ORIENTED_EDGE('',*,*,#5775,.F.);
#5775 = EDGE_CURVE('',#5776,#5778,#5780,.T.);
#5776 = VERTEX_POINT('',#5777);
#5777 = CARTESIAN_POINT('',(-11.76304639864,-14.5,13.807872325063));
#5778 = VERTEX_POINT('',#5779);
#5779 = CARTESIAN_POINT('',(-11.0022011856,-14.5,14.055085920563));
#5780 = SURFACE_CURVE('',#5781,(#5785,#5791),.PCURVE_S1.);
#5781 = LINE('',#5782,#5783);
#5782 = CARTESIAN_POINT('',(-17.0845566381,-14.5,12.078808834558));
#5783 = VECTOR('',#5784,1.);
#5784 = DIRECTION('',(0.951056516295,-0.,0.309016994375));
#5785 = PCURVE('',#4724,#5786);
#5786 = DEFINITIONAL_REPRESENTATION('',(#5787),#5790);
#5787 = B_SPLINE_CURVE_WITH_KNOTS('',1,(#5788,#5789),.UNSPECIFIED.,.F.,
  .F.,(2,2),(5.595366992687,6.395366992687),.PIECEWISE_BEZIER_KNOTS.);
#5788 = CARTESIAN_POINT('',(4.707872325063,10.236953601357));
#5789 = CARTESIAN_POINT('',(4.955085920563,10.997798814393));
#5790 = ( GEOMETRIC_REPRESENTATION_CONTEXT(2) 
PARAMETRIC_REPRESENTATION_CONTEXT() REPRESENTATION_CONTEXT('2D SPACE',''
  ) );
#5791 = PCURVE('',#5792,#5797);
#5792 = PLANE('',#5793);
#5793 = AXIS2_PLACEMENT_3D('',#5794,#5795,#5796);
#5794 = CARTESIAN_POINT('',(-11.76304639864,-16.5,13.807872325063));
#5795 = DIRECTION('',(-0.309016994375,0.,0.951056516295));
#5796 = DIRECTION('',(0.951056516295,0.,0.309016994375));
#5797 = DEFINITIONAL_REPRESENTATION('',(#5798),#5801);
#5798 = B_SPLINE_CURVE_WITH_KNOTS('',1,(#5799,#5800),.UNSPECIFIED.,.F.,
  .F.,(2,2),(5.595366992687,6.395366992687),.PIECEWISE_BEZIER_KNOTS.);
#5799 = CARTESIAN_POINT('',(0.,2.));
#5800 = CARTESIAN_POINT('',(0.8,2.));
#5801 = ( GEOMETRIC_REPRESENTATION_CONTEXT(2) 
PARAMETRIC_REPRESENTATION_CONTEXT() REPRESENTATION_CONTEXT('2D SPACE',''
  ) );
#5802 = ORIENTED_EDGE('',*,*,#5803,.T.);
#5803 = EDGE_CURVE('',#5776,#5804,#5806,.T.);
#5804 = VERTEX_POINT('',#5805);
#5805 = CARTESIAN_POINT('',(-10.89779881439,-14.5,11.144914079437));
#5806 = SURFACE_CURVE('',#5807,(#5811,#5817),.PCURVE_S1.);
#5807 = LINE('',#5808,#5809);
#5808 = CARTESIAN_POINT('',(-11.12738916773,-14.5,11.851520530223));
#5809 = VECTOR('',#5810,1.);
#5810 = DIRECTION('',(0.309016994375,0.,-0.951056516295));
#5811 = PCURVE('',#4724,#5812);
#5812 = DEFINITIONAL_REPRESENTATION('',(#5813),#5816);
#5813 = B_SPLINE_CURVE_WITH_KNOTS('',1,(#5814,#5815),.UNSPECIFIED.,.F.,
  .F.,(2,2),(-2.057030009595,0.742969990405),.PIECEWISE_BEZIER_KNOTS.);
#5814 = CARTESIAN_POINT('',(4.707872325063,10.236953601357));
#5815 = CARTESIAN_POINT('',(2.044914079437,11.102201185607));
#5816 = ( GEOMETRIC_REPRESENTATION_CONTEXT(2) 
PARAMETRIC_REPRESENTATION_CONTEXT() REPRESENTATION_CONTEXT('2D SPACE',''
  ) );
#5817 = PCURVE('',#5818,#5823);
#5818 = PLANE('',#5819);
#5819 = AXIS2_PLACEMENT_3D('',#5820,#5821,#5822);
#5820 = CARTESIAN_POINT('',(-10.89779881439,-16.5,11.144914079437));
#5821 = DIRECTION('',(0.951056516295,0.,0.309016994375));
#5822 = DIRECTION('',(-0.309016994375,0.,0.951056516295));
#5823 = DEFINITIONAL_REPRESENTATION('',(#5824),#5827);
#5824 = B_SPLINE_CURVE_WITH_KNOTS('',1,(#5825,#5826),.UNSPECIFIED.,.F.,
  .F.,(2,2),(-2.057030009595,0.742969990405),.PIECEWISE_BEZIER_KNOTS.);
#5825 = CARTESIAN_POINT('',(2.8,-2.));
#5826 = CARTESIAN_POINT('',(0.,-2.));
#5827 = ( GEOMETRIC_REPRESENTATION_CONTEXT(2) 
PARAMETRIC_REPRESENTATION_CONTEXT() REPRESENTATION_CONTEXT('2D SPACE',''
  ) );
#5828 = ORIENTED_EDGE('',*,*,#5829,.T.);
#5829 = EDGE_CURVE('',#5804,#5830,#5832,.T.);
#5830 = VERTEX_POINT('',#5831);
#5831 = CARTESIAN_POINT('',(-10.13695360135,-14.5,11.392127674937));
#5832 = SURFACE_CURVE('',#5833,(#5837,#5843),.PCURVE_S1.);
#5833 = LINE('',#5834,#5835);
#5834 = CARTESIAN_POINT('',(-16.21930905385,-14.5,9.415850588932));
#5835 = VECTOR('',#5836,1.);
#5836 = DIRECTION('',(0.951056516295,-0.,0.309016994375));
#5837 = PCURVE('',#4724,#5838);
#5838 = DEFINITIONAL_REPRESENTATION('',(#5839),#5842);
#5839 = B_SPLINE_CURVE_WITH_KNOTS('',1,(#5840,#5841),.UNSPECIFIED.,.F.,
  .F.,(2,2),(5.595366992687,6.395366992687),.PIECEWISE_BEZIER_KNOTS.);
#5840 = CARTESIAN_POINT('',(2.044914079437,11.102201185607));
#5841 = CARTESIAN_POINT('',(2.292127674937,11.863046398643));
#5842 = ( GEOMETRIC_REPRESENTATION_CONTEXT(2) 
PARAMETRIC_REPRESENTATION_CONTEXT() REPRESENTATION_CONTEXT('2D SPACE',''
  ) );
#5843 = PCURVE('',#5844,#5849);
#5844 = PLANE('',#5845);
#5845 = AXIS2_PLACEMENT_3D('',#5846,#5847,#5848);
#5846 = CARTESIAN_POINT('',(-10.89779881439,-16.5,11.144914079437));
#5847 = DIRECTION('',(-0.309016994375,0.,0.951056516295));
#5848 = DIRECTION('',(0.951056516295,0.,0.309016994375));
#5849 = DEFINITIONAL_REPRESENTATION('',(#5850),#5853);
#5850 = B_SPLINE_CURVE_WITH_KNOTS('',1,(#5851,#5852),.UNSPECIFIED.,.F.,
  .F.,(2,2),(5.595366992687,6.395366992687),.PIECEWISE_BEZIER_KNOTS.);
#5851 = CARTESIAN_POINT('',(0.,2.));
#5852 = CARTESIAN_POINT('',(0.8,2.));
#5853 = ( GEOMETRIC_REPRESENTATION_CONTEXT(2) 
PARAMETRIC_REPRESENTATION_CONTEXT() REPRESENTATION_CONTEXT('2D SPACE',''
  ) );
#5854 = ORIENTED_EDGE('',*,*,#5855,.F.);
#5855 = EDGE_CURVE('',#5778,#5830,#5856,.T.);
#5856 = SURFACE_CURVE('',#5857,(#5861,#5867),.PCURVE_S1.);
#5857 = LINE('',#5858,#5859);
#5858 = CARTESIAN_POINT('',(-10.3665439547,-14.5,12.098734125723));
#5859 = VECTOR('',#5860,1.);
#5860 = DIRECTION('',(0.309016994375,0.,-0.951056516295));
#5861 = PCURVE('',#4724,#5862);
#5862 = DEFINITIONAL_REPRESENTATION('',(#5863),#5866);
#5863 = B_SPLINE_CURVE_WITH_KNOTS('',1,(#5864,#5865),.UNSPECIFIED.,.F.,
  .F.,(2,2),(-2.057030009595,0.742969990405),.PIECEWISE_BEZIER_KNOTS.);
#5864 = CARTESIAN_POINT('',(4.955085920563,10.997798814393));
#5865 = CARTESIAN_POINT('',(2.292127674937,11.863046398643));
#5866 = ( GEOMETRIC_REPRESENTATION_CONTEXT(2) 
PARAMETRIC_REPRESENTATION_CONTEXT() REPRESENTATION_CONTEXT('2D SPACE',''
  ) );
#5867 = PCURVE('',#5868,#5873);
#5868 = PLANE('',#5869);
#5869 = AXIS2_PLACEMENT_3D('',#5870,#5871,#5872);
#5870 = CARTESIAN_POINT('',(-10.13695360135,-16.5,11.392127674937));
#5871 = DIRECTION('',(0.951056516295,0.,0.309016994375));
#5872 = DIRECTION('',(-0.309016994375,0.,0.951056516295));
#5873 = DEFINITIONAL_REPRESENTATION('',(#5874),#5877);
#5874 = B_SPLINE_CURVE_WITH_KNOTS('',1,(#5875,#5876),.UNSPECIFIED.,.F.,
  .F.,(2,2),(-2.057030009595,0.742969990405),.PIECEWISE_BEZIER_KNOTS.);
#5875 = CARTESIAN_POINT('',(2.8,-2.));
#5876 = CARTESIAN_POINT('',(0.,-2.));
#5877 = ( GEOMETRIC_REPRESENTATION_CONTEXT(2) 
PARAMETRIC_REPRESENTATION_CONTEXT() REPRESENTATION_CONTEXT('2D SPACE',''
  ) );
#5878 = FACE_BOUND('',#5879,.F.);
#5879 = EDGE_LOOP('',(#5880,#5908,#5934,#5960));
#5880 = ORIENTED_EDGE('',*,*,#5881,.F.);
#5881 = EDGE_CURVE('',#5882,#5884,#5886,.T.);
#5882 = VERTEX_POINT('',#5883);
#5883 = CARTESIAN_POINT('',(-9.863046398643,-14.5,13.807872325063));
#5884 = VERTEX_POINT('',#5885);
#5885 = CARTESIAN_POINT('',(-9.102201185607,-14.5,14.055085920563));
#5886 = SURFACE_CURVE('',#5887,(#5891,#5897),.PCURVE_S1.);
#5887 = LINE('',#5888,#5889);
#5888 = CARTESIAN_POINT('',(-16.04383971042,-14.5,11.799610839719));
#5889 = VECTOR('',#5890,1.);
#5890 = DIRECTION('',(0.951056516295,-0.,0.309016994375));
#5891 = PCURVE('',#4724,#5892);
#5892 = DEFINITIONAL_REPRESENTATION('',(#5893),#5896);
#5893 = B_SPLINE_CURVE_WITH_KNOTS('',1,(#5894,#5895),.UNSPECIFIED.,.F.,
  .F.,(2,2),(6.498870683167,7.298870683167),.PIECEWISE_BEZIER_KNOTS.);
#5894 = CARTESIAN_POINT('',(4.707872325063,12.136953601357));
#5895 = CARTESIAN_POINT('',(4.955085920563,12.897798814393));
#5896 = ( GEOMETRIC_REPRESENTATION_CONTEXT(2) 
PARAMETRIC_REPRESENTATION_CONTEXT() REPRESENTATION_CONTEXT('2D SPACE',''
  ) );
#5897 = PCURVE('',#5898,#5903);
#5898 = PLANE('',#5899);
#5899 = AXIS2_PLACEMENT_3D('',#5900,#5901,#5902);
#5900 = CARTESIAN_POINT('',(-9.863046398643,-16.5,13.807872325063));
#5901 = DIRECTION('',(-0.309016994375,0.,0.951056516295));
#5902 = DIRECTION('',(0.951056516295,0.,0.309016994375));
#5903 = DEFINITIONAL_REPRESENTATION('',(#5904),#5907);
#5904 = B_SPLINE_CURVE_WITH_KNOTS('',1,(#5905,#5906),.UNSPECIFIED.,.F.,
  .F.,(2,2),(6.498870683167,7.298870683167),.PIECEWISE_BEZIER_KNOTS.);
#5905 = CARTESIAN_POINT('',(0.,2.));
#5906 = CARTESIAN_POINT('',(0.8,2.));
#5907 = ( GEOMETRIC_REPRESENTATION_CONTEXT(2) 
PARAMETRIC_REPRESENTATION_CONTEXT() REPRESENTATION_CONTEXT('2D SPACE',''
  ) );
#5908 = ORIENTED_EDGE('',*,*,#5909,.T.);
#5909 = EDGE_CURVE('',#5882,#5910,#5912,.T.);
#5910 = VERTEX_POINT('',#5911);
#5911 = CARTESIAN_POINT('',(-8.997798814393,-14.5,11.144914079437));
#5912 = SURFACE_CURVE('',#5913,(#5917,#5923),.PCURVE_S1.);
#5913 = LINE('',#5914,#5915);
#5914 = CARTESIAN_POINT('',(-9.318106095411,-14.5,12.130718525062));
#5915 = VECTOR('',#5916,1.);
#5916 = DIRECTION('',(0.309016994375,0.,-0.951056516295));
#5917 = PCURVE('',#4724,#5918);
#5918 = DEFINITIONAL_REPRESENTATION('',(#5919),#5922);
#5919 = B_SPLINE_CURVE_WITH_KNOTS('',1,(#5920,#5921),.UNSPECIFIED.,.F.,
  .F.,(2,2),(-1.763463864939,1.036536135061),.PIECEWISE_BEZIER_KNOTS.);
#5920 = CARTESIAN_POINT('',(4.707872325063,12.136953601357));
#5921 = CARTESIAN_POINT('',(2.044914079437,13.002201185607));
#5922 = ( GEOMETRIC_REPRESENTATION_CONTEXT(2) 
PARAMETRIC_REPRESENTATION_CONTEXT() REPRESENTATION_CONTEXT('2D SPACE',''
  ) );
#5923 = PCURVE('',#5924,#5929);
#5924 = PLANE('',#5925);
#5925 = AXIS2_PLACEMENT_3D('',#5926,#5927,#5928);
#5926 = CARTESIAN_POINT('',(-8.997798814393,-16.5,11.144914079437));
#5927 = DIRECTION('',(0.951056516295,0.,0.309016994375));
#5928 = DIRECTION('',(-0.309016994375,0.,0.951056516295));
#5929 = DEFINITIONAL_REPRESENTATION('',(#5930),#5933);
#5930 = B_SPLINE_CURVE_WITH_KNOTS('',1,(#5931,#5932),.UNSPECIFIED.,.F.,
  .F.,(2,2),(-1.763463864939,1.036536135061),.PIECEWISE_BEZIER_KNOTS.);
#5931 = CARTESIAN_POINT('',(2.8,-2.));
#5932 = CARTESIAN_POINT('',(0.,-2.));
#5933 = ( GEOMETRIC_REPRESENTATION_CONTEXT(2) 
PARAMETRIC_REPRESENTATION_CONTEXT() REPRESENTATION_CONTEXT('2D SPACE',''
  ) );
#5934 = ORIENTED_EDGE('',*,*,#5935,.T.);
#5935 = EDGE_CURVE('',#5910,#5936,#5938,.T.);
#5936 = VERTEX_POINT('',#5937);
#5937 = CARTESIAN_POINT('',(-8.236953601357,-14.5,11.392127674937));
#5938 = SURFACE_CURVE('',#5939,(#5943,#5949),.PCURVE_S1.);
#5939 = LINE('',#5940,#5941);
#5940 = CARTESIAN_POINT('',(-15.17859212617,-14.5,9.136652594093));
#5941 = VECTOR('',#5942,1.);
#5942 = DIRECTION('',(0.951056516295,-0.,0.309016994375));
#5943 = PCURVE('',#4724,#5944);
#5944 = DEFINITIONAL_REPRESENTATION('',(#5945),#5948);
#5945 = B_SPLINE_CURVE_WITH_KNOTS('',1,(#5946,#5947),.UNSPECIFIED.,.F.,
  .F.,(2,2),(6.498870683167,7.298870683167),.PIECEWISE_BEZIER_KNOTS.);
#5946 = CARTESIAN_POINT('',(2.044914079437,13.002201185607));
#5947 = CARTESIAN_POINT('',(2.292127674937,13.763046398643));
#5948 = ( GEOMETRIC_REPRESENTATION_CONTEXT(2) 
PARAMETRIC_REPRESENTATION_CONTEXT() REPRESENTATION_CONTEXT('2D SPACE',''
  ) );
#5949 = PCURVE('',#5950,#5955);
#5950 = PLANE('',#5951);
#5951 = AXIS2_PLACEMENT_3D('',#5952,#5953,#5954);
#5952 = CARTESIAN_POINT('',(-8.997798814393,-16.5,11.144914079437));
#5953 = DIRECTION('',(-0.309016994375,0.,0.951056516295));
#5954 = DIRECTION('',(0.951056516295,0.,0.309016994375));
#5955 = DEFINITIONAL_REPRESENTATION('',(#5956),#5959);
#5956 = B_SPLINE_CURVE_WITH_KNOTS('',1,(#5957,#5958),.UNSPECIFIED.,.F.,
  .F.,(2,2),(6.498870683167,7.298870683167),.PIECEWISE_BEZIER_KNOTS.);
#5957 = CARTESIAN_POINT('',(0.,2.));
#5958 = CARTESIAN_POINT('',(0.8,2.));
#5959 = ( GEOMETRIC_REPRESENTATION_CONTEXT(2) 
PARAMETRIC_REPRESENTATION_CONTEXT() REPRESENTATION_CONTEXT('2D SPACE',''
  ) );
#5960 = ORIENTED_EDGE('',*,*,#5961,.F.);
#5961 = EDGE_CURVE('',#5884,#5936,#5962,.T.);
#5962 = SURFACE_CURVE('',#5963,(#5967,#5973),.PCURVE_S1.);
#5963 = LINE('',#5964,#5965);
#5964 = CARTESIAN_POINT('',(-8.557260882375,-14.5,12.377932120562));
#5965 = VECTOR('',#5966,1.);
#5966 = DIRECTION('',(0.309016994375,0.,-0.951056516295));
#5967 = PCURVE('',#4724,#5968);
#5968 = DEFINITIONAL_REPRESENTATION('',(#5969),#5972);
#5969 = B_SPLINE_CURVE_WITH_KNOTS('',1,(#5970,#5971),.UNSPECIFIED.,.F.,
  .F.,(2,2),(-1.763463864939,1.036536135061),.PIECEWISE_BEZIER_KNOTS.);
#5970 = CARTESIAN_POINT('',(4.955085920563,12.897798814393));
#5971 = CARTESIAN_POINT('',(2.292127674937,13.763046398643));
#5972 = ( GEOMETRIC_REPRESENTATION_CONTEXT(2) 
PARAMETRIC_REPRESENTATION_CONTEXT() REPRESENTATION_CONTEXT('2D SPACE',''
  ) );
#5973 = PCURVE('',#5974,#5979);
#5974 = PLANE('',#5975);
#5975 = AXIS2_PLACEMENT_3D('',#5976,#5977,#5978);
#5976 = CARTESIAN_POINT('',(-8.236953601357,-16.5,11.392127674937));
#5977 = DIRECTION('',(0.951056516295,0.,0.309016994375));
#5978 = DIRECTION('',(-0.309016994375,0.,0.951056516295));
#5979 = DEFINITIONAL_REPRESENTATION('',(#5980),#5983);
#5980 = B_SPLINE_CURVE_WITH_KNOTS('',1,(#5981,#5982),.UNSPECIFIED.,.F.,
  .F.,(2,2),(-1.763463864939,1.036536135061),.PIECEWISE_BEZIER_KNOTS.);
#5981 = CARTESIAN_POINT('',(2.8,-2.));
#5982 = CARTESIAN_POINT('',(0.,-2.));
#5983 = ( GEOMETRIC_REPRESENTATION_CONTEXT(2) 
PARAMETRIC_REPRESENTATION_CONTEXT() REPRESENTATION_CONTEXT('2D SPACE',''
  ) );
#5984 = FACE_BOUND('',#5985,.F.);
#5985 = EDGE_LOOP('',(#5986,#6014,#6040,#6066));
#5986 = ORIENTED_EDGE('',*,*,#5987,.F.);
#5987 = EDGE_CURVE('',#5988,#5990,#5992,.T.);
#5988 = VERTEX_POINT('',#5989);
#5989 = CARTESIAN_POINT('',(8.236953601357,-14.5,13.807872325063));
#5990 = VERTEX_POINT('',#5991);
#5991 = CARTESIAN_POINT('',(8.997798814393,-14.5,14.055085920563));
#5992 = SURFACE_CURVE('',#5993,(#5997,#6003),.PCURVE_S1.);
#5993 = LINE('',#5994,#5995);
#5994 = CARTESIAN_POINT('',(-6.129641609975,-14.5,9.139882573096));
#5995 = VECTOR('',#5996,1.);
#5996 = DIRECTION('',(0.951056516295,-0.,0.309016994375));
#5997 = PCURVE('',#4724,#5998);
#5998 = DEFINITIONAL_REPRESENTATION('',(#5999),#6002);
#5999 = B_SPLINE_CURVE_WITH_KNOTS('',1,(#6000,#6001),.UNSPECIFIED.,.F.,
  .F.,(2,2),(15.105932155638,15.905932155638),.PIECEWISE_BEZIER_KNOTS.);
#6000 = CARTESIAN_POINT('',(4.707872325063,30.236953601357));
#6001 = CARTESIAN_POINT('',(4.955085920563,30.997798814393));
#6002 = ( GEOMETRIC_REPRESENTATION_CONTEXT(2) 
PARAMETRIC_REPRESENTATION_CONTEXT() REPRESENTATION_CONTEXT('2D SPACE',''
  ) );
#6003 = PCURVE('',#6004,#6009);
#6004 = PLANE('',#6005);
#6005 = AXIS2_PLACEMENT_3D('',#6006,#6007,#6008);
#6006 = CARTESIAN_POINT('',(8.236953601357,-16.5,13.807872325063));
#6007 = DIRECTION('',(-0.309016994375,0.,0.951056516295));
#6008 = DIRECTION('',(0.951056516295,0.,0.309016994375));
#6009 = DEFINITIONAL_REPRESENTATION('',(#6010),#6013);
#6010 = B_SPLINE_CURVE_WITH_KNOTS('',1,(#6011,#6012),.UNSPECIFIED.,.F.,
  .F.,(2,2),(15.105932155638,15.905932155638),.PIECEWISE_BEZIER_KNOTS.);
#6011 = CARTESIAN_POINT('',(0.,2.));
#6012 = CARTESIAN_POINT('',(0.8,2.));
#6013 = ( GEOMETRIC_REPRESENTATION_CONTEXT(2) 
PARAMETRIC_REPRESENTATION_CONTEXT() REPRESENTATION_CONTEXT('2D SPACE',''
  ) );
#6014 = ORIENTED_EDGE('',*,*,#6015,.T.);
#6015 = EDGE_CURVE('',#5988,#6016,#6018,.T.);
#6016 = VERTEX_POINT('',#6017);
#6017 = CARTESIAN_POINT('',(9.102201185607,-14.5,11.144914079437));
#6018 = SURFACE_CURVE('',#6019,(#6023,#6029),.PCURVE_S1.);
#6019 = LINE('',#6020,#6021);
#6020 = CARTESIAN_POINT('',(7.917695804136,-14.5,14.790446791686));
#6021 = VECTOR('',#6022,1.);
#6022 = DIRECTION('',(0.309016994375,0.,-0.951056516295));
#6023 = PCURVE('',#4724,#6024);
#6024 = DEFINITIONAL_REPRESENTATION('',(#6025),#6028);
#6025 = B_SPLINE_CURVE_WITH_KNOTS('',1,(#6026,#6027),.UNSPECIFIED.,.F.,
  .F.,(2,2),(1.033139934155,3.833139934155),.PIECEWISE_BEZIER_KNOTS.);
#6026 = CARTESIAN_POINT('',(4.707872325063,30.236953601357));
#6027 = CARTESIAN_POINT('',(2.044914079437,31.102201185607));
#6028 = ( GEOMETRIC_REPRESENTATION_CONTEXT(2) 
PARAMETRIC_REPRESENTATION_CONTEXT() REPRESENTATION_CONTEXT('2D SPACE',''
  ) );
#6029 = PCURVE('',#6030,#6035);
#6030 = PLANE('',#6031);
#6031 = AXIS2_PLACEMENT_3D('',#6032,#6033,#6034);
#6032 = CARTESIAN_POINT('',(9.102201185607,-16.5,11.144914079437));
#6033 = DIRECTION('',(0.951056516295,0.,0.309016994375));
#6034 = DIRECTION('',(-0.309016994375,0.,0.951056516295));
#6035 = DEFINITIONAL_REPRESENTATION('',(#6036),#6039);
#6036 = B_SPLINE_CURVE_WITH_KNOTS('',1,(#6037,#6038),.UNSPECIFIED.,.F.,
  .F.,(2,2),(1.033139934155,3.833139934155),.PIECEWISE_BEZIER_KNOTS.);
#6037 = CARTESIAN_POINT('',(2.8,-2.));
#6038 = CARTESIAN_POINT('',(0.,-2.));
#6039 = ( GEOMETRIC_REPRESENTATION_CONTEXT(2) 
PARAMETRIC_REPRESENTATION_CONTEXT() REPRESENTATION_CONTEXT('2D SPACE',''
  ) );
#6040 = ORIENTED_EDGE('',*,*,#6041,.T.);
#6041 = EDGE_CURVE('',#6016,#6042,#6044,.T.);
#6042 = VERTEX_POINT('',#6043);
#6043 = CARTESIAN_POINT('',(9.863046398643,-14.5,11.392127674937));
#6044 = SURFACE_CURVE('',#6045,(#6049,#6055),.PCURVE_S1.);
#6045 = LINE('',#6046,#6047);
#6046 = CARTESIAN_POINT('',(-5.264394025726,-14.5,6.47692432747));
#6047 = VECTOR('',#6048,1.);
#6048 = DIRECTION('',(0.951056516295,-0.,0.309016994375));
#6049 = PCURVE('',#4724,#6050);
#6050 = DEFINITIONAL_REPRESENTATION('',(#6051),#6054);
#6051 = B_SPLINE_CURVE_WITH_KNOTS('',1,(#6052,#6053),.UNSPECIFIED.,.F.,
  .F.,(2,2),(15.105932155638,15.905932155638),.PIECEWISE_BEZIER_KNOTS.);
#6052 = CARTESIAN_POINT('',(2.044914079437,31.102201185607));
#6053 = CARTESIAN_POINT('',(2.292127674937,31.863046398643));
#6054 = ( GEOMETRIC_REPRESENTATION_CONTEXT(2) 
PARAMETRIC_REPRESENTATION_CONTEXT() REPRESENTATION_CONTEXT('2D SPACE',''
  ) );
#6055 = PCURVE('',#6056,#6061);
#6056 = PLANE('',#6057);
#6057 = AXIS2_PLACEMENT_3D('',#6058,#6059,#6060);
#6058 = CARTESIAN_POINT('',(9.102201185607,-16.5,11.144914079437));
#6059 = DIRECTION('',(-0.309016994375,0.,0.951056516295));
#6060 = DIRECTION('',(0.951056516295,0.,0.309016994375));
#6061 = DEFINITIONAL_REPRESENTATION('',(#6062),#6065);
#6062 = B_SPLINE_CURVE_WITH_KNOTS('',1,(#6063,#6064),.UNSPECIFIED.,.F.,
  .F.,(2,2),(15.105932155638,15.905932155638),.PIECEWISE_BEZIER_KNOTS.);
#6063 = CARTESIAN_POINT('',(0.,2.));
#6064 = CARTESIAN_POINT('',(0.8,2.));
#6065 = ( GEOMETRIC_REPRESENTATION_CONTEXT(2) 
PARAMETRIC_REPRESENTATION_CONTEXT() REPRESENTATION_CONTEXT('2D SPACE',''
  ) );
#6066 = ORIENTED_EDGE('',*,*,#6067,.F.);
#6067 = EDGE_CURVE('',#5990,#6042,#6068,.T.);
#6068 = SURFACE_CURVE('',#6069,(#6073,#6079),.PCURVE_S1.);
#6069 = LINE('',#6070,#6071);
#6070 = CARTESIAN_POINT('',(8.678541017172,-14.5,15.037660387186));
#6071 = VECTOR('',#6072,1.);
#6072 = DIRECTION('',(0.309016994375,0.,-0.951056516295));
#6073 = PCURVE('',#4724,#6074);
#6074 = DEFINITIONAL_REPRESENTATION('',(#6075),#6078);
#6075 = B_SPLINE_CURVE_WITH_KNOTS('',1,(#6076,#6077),.UNSPECIFIED.,.F.,
  .F.,(2,2),(1.033139934155,3.833139934155),.PIECEWISE_BEZIER_KNOTS.);
#6076 = CARTESIAN_POINT('',(4.955085920563,30.997798814393));
#6077 = CARTESIAN_POINT('',(2.292127674937,31.863046398643));
#6078 = ( GEOMETRIC_REPRESENTATION_CONTEXT(2) 
PARAMETRIC_REPRESENTATION_CONTEXT() REPRESENTATION_CONTEXT('2D SPACE',''
  ) );
#6079 = PCURVE('',#6080,#6085);
#6080 = PLANE('',#6081);
#6081 = AXIS2_PLACEMENT_3D('',#6082,#6083,#6084);
#6082 = CARTESIAN_POINT('',(9.863046398643,-16.5,11.392127674937));
#6083 = DIRECTION('',(0.951056516295,0.,0.309016994375));
#6084 = DIRECTION('',(-0.309016994375,0.,0.951056516295));
#6085 = DEFINITIONAL_REPRESENTATION('',(#6086),#6089);
#6086 = B_SPLINE_CURVE_WITH_KNOTS('',1,(#6087,#6088),.UNSPECIFIED.,.F.,
  .F.,(2,2),(1.033139934155,3.833139934155),.PIECEWISE_BEZIER_KNOTS.);
#6087 = CARTESIAN_POINT('',(2.8,-2.));
#6088 = CARTESIAN_POINT('',(0.,-2.));
#6089 = ( GEOMETRIC_REPRESENTATION_CONTEXT(2) 
PARAMETRIC_REPRESENTATION_CONTEXT() REPRESENTATION_CONTEXT('2D SPACE',''
  ) );
#6090 = FACE_BOUND('',#6091,.F.);
#6091 = EDGE_LOOP('',(#6092,#6120,#6146,#6172));
#6092 = ORIENTED_EDGE('',*,*,#6093,.F.);
#6093 = EDGE_CURVE('',#6094,#6096,#6098,.T.);
#6094 = VERTEX_POINT('',#6095);
#6095 = CARTESIAN_POINT('',(10.136953601357,-14.5,13.807872325063));
#6096 = VERTEX_POINT('',#6097);
#6097 = CARTESIAN_POINT('',(10.897798814393,-14.5,14.055085920563));
#6098 = SURFACE_CURVE('',#6099,(#6103,#6109),.PCURVE_S1.);
#6099 = LINE('',#6100,#6101);
#6100 = CARTESIAN_POINT('',(-5.088924682304,-14.5,8.860684578257));
#6101 = VECTOR('',#6102,1.);
#6102 = DIRECTION('',(0.951056516295,-0.,0.309016994375));
#6103 = PCURVE('',#4724,#6104);
#6104 = DEFINITIONAL_REPRESENTATION('',(#6105),#6108);
#6105 = B_SPLINE_CURVE_WITH_KNOTS('',1,(#6106,#6107),.UNSPECIFIED.,.F.,
  .F.,(2,2),(16.009435846119,16.809435846119),.PIECEWISE_BEZIER_KNOTS.);
#6106 = CARTESIAN_POINT('',(4.707872325063,32.136953601357));
#6107 = CARTESIAN_POINT('',(4.955085920563,32.897798814393));
#6108 = ( GEOMETRIC_REPRESENTATION_CONTEXT(2) 
PARAMETRIC_REPRESENTATION_CONTEXT() REPRESENTATION_CONTEXT('2D SPACE',''
  ) );
#6109 = PCURVE('',#6110,#6115);
#6110 = PLANE('',#6111);
#6111 = AXIS2_PLACEMENT_3D('',#6112,#6113,#6114);
#6112 = CARTESIAN_POINT('',(10.136953601357,-16.5,13.807872325063));
#6113 = DIRECTION('',(-0.309016994375,0.,0.951056516295));
#6114 = DIRECTION('',(0.951056516295,0.,0.309016994375));
#6115 = DEFINITIONAL_REPRESENTATION('',(#6116),#6119);
#6116 = B_SPLINE_CURVE_WITH_KNOTS('',1,(#6117,#6118),.UNSPECIFIED.,.F.,
  .F.,(2,2),(16.009435846119,16.809435846119),.PIECEWISE_BEZIER_KNOTS.);
#6117 = CARTESIAN_POINT('',(0.,2.));
#6118 = CARTESIAN_POINT('',(0.8,2.));
#6119 = ( GEOMETRIC_REPRESENTATION_CONTEXT(2) 
PARAMETRIC_REPRESENTATION_CONTEXT() REPRESENTATION_CONTEXT('2D SPACE',''
  ) );
#6120 = ORIENTED_EDGE('',*,*,#6121,.T.);
#6121 = EDGE_CURVE('',#6094,#6122,#6124,.T.);
#6122 = VERTEX_POINT('',#6123);
#6123 = CARTESIAN_POINT('',(11.002201185607,-14.5,11.144914079437));
#6124 = SURFACE_CURVE('',#6125,(#6129,#6135),.PCURVE_S1.);
#6125 = LINE('',#6126,#6127);
#6126 = CARTESIAN_POINT('',(9.726978876464,-14.5,15.069644786525));
#6127 = VECTOR('',#6128,1.);
#6128 = DIRECTION('',(0.309016994375,0.,-0.951056516295));
#6129 = PCURVE('',#4724,#6130);
#6130 = DEFINITIONAL_REPRESENTATION('',(#6131),#6134);
#6131 = B_SPLINE_CURVE_WITH_KNOTS('',1,(#6132,#6133),.UNSPECIFIED.,.F.,
  .F.,(2,2),(1.326706078811,4.126706078811),.PIECEWISE_BEZIER_KNOTS.);
#6132 = CARTESIAN_POINT('',(4.707872325063,32.136953601357));
#6133 = CARTESIAN_POINT('',(2.044914079437,33.002201185607));
#6134 = ( GEOMETRIC_REPRESENTATION_CONTEXT(2) 
PARAMETRIC_REPRESENTATION_CONTEXT() REPRESENTATION_CONTEXT('2D SPACE',''
  ) );
#6135 = PCURVE('',#6136,#6141);
#6136 = PLANE('',#6137);
#6137 = AXIS2_PLACEMENT_3D('',#6138,#6139,#6140);
#6138 = CARTESIAN_POINT('',(11.002201185607,-16.5,11.144914079437));
#6139 = DIRECTION('',(0.951056516295,0.,0.309016994375));
#6140 = DIRECTION('',(-0.309016994375,0.,0.951056516295));
#6141 = DEFINITIONAL_REPRESENTATION('',(#6142),#6145);
#6142 = B_SPLINE_CURVE_WITH_KNOTS('',1,(#6143,#6144),.UNSPECIFIED.,.F.,
  .F.,(2,2),(1.326706078811,4.126706078811),.PIECEWISE_BEZIER_KNOTS.);
#6143 = CARTESIAN_POINT('',(2.8,-2.));
#6144 = CARTESIAN_POINT('',(0.,-2.));
#6145 = ( GEOMETRIC_REPRESENTATION_CONTEXT(2) 
PARAMETRIC_REPRESENTATION_CONTEXT() REPRESENTATION_CONTEXT('2D SPACE',''
  ) );
#6146 = ORIENTED_EDGE('',*,*,#6147,.T.);
#6147 = EDGE_CURVE('',#6122,#6148,#6150,.T.);
#6148 = VERTEX_POINT('',#6149);
#6149 = CARTESIAN_POINT('',(11.763046398643,-14.5,11.392127674937));
#6150 = SURFACE_CURVE('',#6151,(#6155,#6161),.PCURVE_S1.);
#6151 = LINE('',#6152,#6153);
#6152 = CARTESIAN_POINT('',(-4.223677098054,-14.5,6.197726332631));
#6153 = VECTOR('',#6154,1.);
#6154 = DIRECTION('',(0.951056516295,-0.,0.309016994375));
#6155 = PCURVE('',#4724,#6156);
#6156 = DEFINITIONAL_REPRESENTATION('',(#6157),#6160);
#6157 = B_SPLINE_CURVE_WITH_KNOTS('',1,(#6158,#6159),.UNSPECIFIED.,.F.,
  .F.,(2,2),(16.009435846119,16.809435846119),.PIECEWISE_BEZIER_KNOTS.);
#6158 = CARTESIAN_POINT('',(2.044914079437,33.002201185607));
#6159 = CARTESIAN_POINT('',(2.292127674937,33.763046398643));
#6160 = ( GEOMETRIC_REPRESENTATION_CONTEXT(2) 
PARAMETRIC_REPRESENTATION_CONTEXT() REPRESENTATION_CONTEXT('2D SPACE',''
  ) );
#6161 = PCURVE('',#6162,#6167);
#6162 = PLANE('',#6163);
#6163 = AXIS2_PLACEMENT_3D('',#6164,#6165,#6166);
#6164 = CARTESIAN_POINT('',(11.002201185607,-16.5,11.144914079437));
#6165 = DIRECTION('',(-0.309016994375,0.,0.951056516295));
#6166 = DIRECTION('',(0.951056516295,0.,0.309016994375));
#6167 = DEFINITIONAL_REPRESENTATION('',(#6168),#6171);
#6168 = B_SPLINE_CURVE_WITH_KNOTS('',1,(#6169,#6170),.UNSPECIFIED.,.F.,
  .F.,(2,2),(16.009435846119,16.809435846119),.PIECEWISE_BEZIER_KNOTS.);
#6169 = CARTESIAN_POINT('',(0.,2.));
#6170 = CARTESIAN_POINT('',(0.8,2.));
#6171 = ( GEOMETRIC_REPRESENTATION_CONTEXT(2) 
PARAMETRIC_REPRESENTATION_CONTEXT() REPRESENTATION_CONTEXT('2D SPACE',''
  ) );
#6172 = ORIENTED_EDGE('',*,*,#6173,.F.);
#6173 = EDGE_CURVE('',#6096,#6148,#6174,.T.);
#6174 = SURFACE_CURVE('',#6175,(#6179,#6185),.PCURVE_S1.);
#6175 = LINE('',#6176,#6177);
#6176 = CARTESIAN_POINT('',(10.4878240895,-14.5,15.316858382025));
#6177 = VECTOR('',#6178,1.);
#6178 = DIRECTION('',(0.309016994375,0.,-0.951056516295));
#6179 = PCURVE('',#4724,#6180);
#6180 = DEFINITIONAL_REPRESENTATION('',(#6181),#6184);
#6181 = B_SPLINE_CURVE_WITH_KNOTS('',1,(#6182,#6183),.UNSPECIFIED.,.F.,
  .F.,(2,2),(1.326706078811,4.126706078811),.PIECEWISE_BEZIER_KNOTS.);
#6182 = CARTESIAN_POINT('',(4.955085920563,32.897798814393));
#6183 = CARTESIAN_POINT('',(2.292127674937,33.763046398643));
#6184 = ( GEOMETRIC_REPRESENTATION_CONTEXT(2) 
PARAMETRIC_REPRESENTATION_CONTEXT() REPRESENTATION_CONTEXT('2D SPACE',''
  ) );
#6185 = PCURVE('',#6186,#6191);
#6186 = PLANE('',#6187);
#6187 = AXIS2_PLACEMENT_3D('',#6188,#6189,#6190);
#6188 = CARTESIAN_POINT('',(11.763046398643,-16.5,11.392127674937));
#6189 = DIRECTION('',(0.951056516295,0.,0.309016994375));
#6190 = DIRECTION('',(-0.309016994375,0.,0.951056516295));
#6191 = DEFINITIONAL_REPRESENTATION('',(#6192),#6195);
#6192 = B_SPLINE_CURVE_WITH_KNOTS('',1,(#6193,#6194),.UNSPECIFIED.,.F.,
  .F.,(2,2),(1.326706078811,4.126706078811),.PIECEWISE_BEZIER_KNOTS.);
#6193 = CARTESIAN_POINT('',(2.8,-2.));
#6194 = CARTESIAN_POINT('',(0.,-2.));
#6195 = ( GEOMETRIC_REPRESENTATION_CONTEXT(2) 
PARAMETRIC_REPRESENTATION_CONTEXT() REPRESENTATION_CONTEXT('2D SPACE',''
  ) );
#6196 = ADVANCED_FACE('',(#6197),#5018,.F.);
#6197 = FACE_BOUND('',#6198,.F.);
#6198 = EDGE_LOOP('',(#6199,#6200,#6219,#6220));
#6199 = ORIENTED_EDGE('',*,*,#5111,.F.);
#6200 = ORIENTED_EDGE('',*,*,#6201,.T.);
#6201 = EDGE_CURVE('',#5112,#5238,#6202,.T.);
#6202 = SURFACE_CURVE('',#6203,(#6207,#6213),.PCURVE_S1.);
#6203 = LINE('',#6204,#6205);
#6204 = CARTESIAN_POINT('',(-14.,-10.25,15.));
#6205 = VECTOR('',#6206,1.);
#6206 = DIRECTION('',(0.,1.,0.));
#6207 = PCURVE('',#5018,#6208);
#6208 = DEFINITIONAL_REPRESENTATION('',(#6209),#6212);
#6209 = B_SPLINE_CURVE_WITH_KNOTS('',1,(#6210,#6211),.UNSPECIFIED.,.F.,
  .F.,(2,2),(2.05,18.45),.PIECEWISE_BEZIER_KNOTS.);
#6210 = CARTESIAN_POINT('',(5.5,0.));
#6211 = CARTESIAN_POINT('',(5.5,-16.4));
#6212 = ( GEOMETRIC_REPRESENTATION_CONTEXT(2) 
PARAMETRIC_REPRESENTATION_CONTEXT() REPRESENTATION_CONTEXT('2D SPACE',''
  ) );
#6213 = PCURVE('',#5149,#6214);
#6214 = DEFINITIONAL_REPRESENTATION('',(#6215),#6218);
#6215 = B_SPLINE_CURVE_WITH_KNOTS('',1,(#6216,#6217),.UNSPECIFIED.,.F.,
  .F.,(2,2),(2.05,18.45),.PIECEWISE_BEZIER_KNOTS.);
#6216 = CARTESIAN_POINT('',(5.8,4.1));
#6217 = CARTESIAN_POINT('',(5.8,20.5));
#6218 = ( GEOMETRIC_REPRESENTATION_CONTEXT(2) 
PARAMETRIC_REPRESENTATION_CONTEXT() REPRESENTATION_CONTEXT('2D SPACE',''
  ) );
#6219 = ORIENTED_EDGE('',*,*,#5237,.T.);
#6220 = ORIENTED_EDGE('',*,*,#5003,.F.);
#6221 = ADVANCED_FACE('',(#6222),#4757,.T.);
#6222 = FACE_BOUND('',#6223,.F.);
#6223 = EDGE_LOOP('',(#6224,#6225,#6226,#6227));
#6224 = ORIENTED_EDGE('',*,*,#5405,.T.);
#6225 = ORIENTED_EDGE('',*,*,#5752,.T.);
#6226 = ORIENTED_EDGE('',*,*,#4736,.F.);
#6227 = ORIENTED_EDGE('',*,*,#6228,.F.);
#6228 = EDGE_CURVE('',#5406,#4737,#6229,.T.);
#6229 = SURFACE_CURVE('',#6230,(#6234,#6241),.PCURVE_S1.);
#6230 = LINE('',#6231,#6232);
#6231 = CARTESIAN_POINT('',(22.,-11.5,9.1));
#6232 = VECTOR('',#6233,1.);
#6233 = DIRECTION('',(0.,0.,1.));
#6234 = PCURVE('',#4757,#6235);
#6235 = DEFINITIONAL_REPRESENTATION('',(#6236),#6240);
#6236 = LINE('',#6237,#6238);
#6237 = CARTESIAN_POINT('',(-0.,0.));
#6238 = VECTOR('',#6239,1.);
#6239 = DIRECTION('',(-0.,1.));
#6240 = ( GEOMETRIC_REPRESENTATION_CONTEXT(2) 
PARAMETRIC_REPRESENTATION_CONTEXT() REPRESENTATION_CONTEXT('2D SPACE',''
  ) );
#6241 = PCURVE('',#4785,#6242);
#6242 = DEFINITIONAL_REPRESENTATION('',(#6243),#6247);
#6243 = LINE('',#6244,#6245);
#6244 = CARTESIAN_POINT('',(0.,-3.));
#6245 = VECTOR('',#6246,1.);
#6246 = DIRECTION('',(1.,0.));
#6247 = ( GEOMETRIC_REPRESENTATION_CONTEXT(2) 
PARAMETRIC_REPRESENTATION_CONTEXT() REPRESENTATION_CONTEXT('2D SPACE',''
  ) );
#6248 = ADVANCED_FACE('',(#6249),#4785,.T.);
#6249 = FACE_BOUND('',#6250,.T.);
#6250 = EDGE_LOOP('',(#6251,#6252,#6253,#6254,#6275,#6276,#6297,#6323));
#6251 = ORIENTED_EDGE('',*,*,#4769,.F.);
#6252 = ORIENTED_EDGE('',*,*,#6228,.F.);
#6253 = ORIENTED_EDGE('',*,*,#5433,.T.);
#6254 = ORIENTED_EDGE('',*,*,#6255,.T.);
#6255 = EDGE_CURVE('',#5434,#4876,#6256,.T.);
#6256 = SURFACE_CURVE('',#6257,(#6261,#6268),.PCURVE_S1.);
#6257 = LINE('',#6258,#6259);
#6258 = CARTESIAN_POINT('',(22.,11.5,9.1));
#6259 = VECTOR('',#6260,1.);
#6260 = DIRECTION('',(0.,0.,1.));
#6261 = PCURVE('',#4785,#6262);
#6262 = DEFINITIONAL_REPRESENTATION('',(#6263),#6267);
#6263 = LINE('',#6264,#6265);
#6264 = CARTESIAN_POINT('',(0.,-26.));
#6265 = VECTOR('',#6266,1.);
#6266 = DIRECTION('',(1.,0.));
#6267 = ( GEOMETRIC_REPRESENTATION_CONTEXT(2) 
PARAMETRIC_REPRESENTATION_CONTEXT() REPRESENTATION_CONTEXT('2D SPACE',''
  ) );
#6268 = PCURVE('',#4915,#6269);
#6269 = DEFINITIONAL_REPRESENTATION('',(#6270),#6274);
#6270 = LINE('',#6271,#6272);
#6271 = CARTESIAN_POINT('',(0.,0.));
#6272 = VECTOR('',#6273,1.);
#6273 = DIRECTION('',(0.,1.));
#6274 = ( GEOMETRIC_REPRESENTATION_CONTEXT(2) 
PARAMETRIC_REPRESENTATION_CONTEXT() REPRESENTATION_CONTEXT('2D SPACE',''
  ) );
#6275 = ORIENTED_EDGE('',*,*,#4875,.F.);
#6276 = ORIENTED_EDGE('',*,*,#6277,.F.);
#6277 = EDGE_CURVE('',#6278,#4850,#6280,.T.);
#6278 = VERTEX_POINT('',#6279);
#6279 = CARTESIAN_POINT('',(22.,8.2,9.5));
#6280 = SURFACE_CURVE('',#6281,(#6285,#6291),.PCURVE_S1.);
#6281 = LINE('',#6282,#6283);
#6282 = CARTESIAN_POINT('',(22.,8.2,9.3));
#6283 = VECTOR('',#6284,1.);
#6284 = DIRECTION('',(0.,0.,1.));
#6285 = PCURVE('',#4785,#6286);
#6286 = DEFINITIONAL_REPRESENTATION('',(#6287),#6290);
#6287 = B_SPLINE_CURVE_WITH_KNOTS('',1,(#6288,#6289),.UNSPECIFIED.,.F.,
  .F.,(2,2),(0.2,8.7),.PIECEWISE_BEZIER_KNOTS.);
#6288 = CARTESIAN_POINT('',(0.4,-22.7));
#6289 = CARTESIAN_POINT('',(8.9,-22.7));
#6290 = ( GEOMETRIC_REPRESENTATION_CONTEXT(2) 
PARAMETRIC_REPRESENTATION_CONTEXT() REPRESENTATION_CONTEXT('2D SPACE',''
  ) );
#6291 = PCURVE('',#4864,#6292);
#6292 = DEFINITIONAL_REPRESENTATION('',(#6293),#6296);
#6293 = B_SPLINE_CURVE_WITH_KNOTS('',1,(#6294,#6295),.UNSPECIFIED.,.F.,
  .F.,(2,2),(0.2,8.7),.PIECEWISE_BEZIER_KNOTS.);
#6294 = CARTESIAN_POINT('',(0.,8.));
#6295 = CARTESIAN_POINT('',(8.5,8.));
#6296 = ( GEOMETRIC_REPRESENTATION_CONTEXT(2) 
PARAMETRIC_REPRESENTATION_CONTEXT() REPRESENTATION_CONTEXT('2D SPACE',''
  ) );
#6297 = ORIENTED_EDGE('',*,*,#6298,.T.);
#6298 = EDGE_CURVE('',#6278,#6299,#6301,.T.);
#6299 = VERTEX_POINT('',#6300);
#6300 = CARTESIAN_POINT('',(22.,-8.2,9.5));
#6301 = SURFACE_CURVE('',#6302,(#6306,#6312),.PCURVE_S1.);
#6302 = LINE('',#6303,#6304);
#6303 = CARTESIAN_POINT('',(22.,-11.35,9.5));
#6304 = VECTOR('',#6305,1.);
#6305 = DIRECTION('',(0.,-1.,0.));
#6306 = PCURVE('',#4785,#6307);
#6307 = DEFINITIONAL_REPRESENTATION('',(#6308),#6311);
#6308 = B_SPLINE_CURVE_WITH_KNOTS('',1,(#6309,#6310),.UNSPECIFIED.,.F.,
  .F.,(2,2),(-19.55,-3.15),.PIECEWISE_BEZIER_KNOTS.);
#6309 = CARTESIAN_POINT('',(0.4,-22.7));
#6310 = CARTESIAN_POINT('',(0.4,-6.3));
#6311 = ( GEOMETRIC_REPRESENTATION_CONTEXT(2) 
PARAMETRIC_REPRESENTATION_CONTEXT() REPRESENTATION_CONTEXT('2D SPACE',''
  ) );
#6312 = PCURVE('',#6313,#6318);
#6313 = PLANE('',#6314);
#6314 = AXIS2_PLACEMENT_3D('',#6315,#6316,#6317);
#6315 = CARTESIAN_POINT('',(14.,-8.2,9.5));
#6316 = DIRECTION('',(0.,0.,1.));
#6317 = DIRECTION('',(1.,0.,0.));
#6318 = DEFINITIONAL_REPRESENTATION('',(#6319),#6322);
#6319 = B_SPLINE_CURVE_WITH_KNOTS('',1,(#6320,#6321),.UNSPECIFIED.,.F.,
  .F.,(2,2),(-19.55,-3.15),.PIECEWISE_BEZIER_KNOTS.);
#6320 = CARTESIAN_POINT('',(8.,16.4));
#6321 = CARTESIAN_POINT('',(8.,0.));
#6322 = ( GEOMETRIC_REPRESENTATION_CONTEXT(2) 
PARAMETRIC_REPRESENTATION_CONTEXT() REPRESENTATION_CONTEXT('2D SPACE',''
  ) );
#6323 = ORIENTED_EDGE('',*,*,#6324,.T.);
#6324 = EDGE_CURVE('',#6299,#4770,#6325,.T.);
#6325 = SURFACE_CURVE('',#6326,(#6330,#6336),.PCURVE_S1.);
#6326 = LINE('',#6327,#6328);
#6327 = CARTESIAN_POINT('',(22.,-8.2,9.3));
#6328 = VECTOR('',#6329,1.);
#6329 = DIRECTION('',(0.,0.,1.));
#6330 = PCURVE('',#4785,#6331);
#6331 = DEFINITIONAL_REPRESENTATION('',(#6332),#6335);
#6332 = B_SPLINE_CURVE_WITH_KNOTS('',1,(#6333,#6334),.UNSPECIFIED.,.F.,
  .F.,(2,2),(0.2,8.7),.PIECEWISE_BEZIER_KNOTS.);
#6333 = CARTESIAN_POINT('',(0.4,-6.3));
#6334 = CARTESIAN_POINT('',(8.9,-6.3));
#6335 = ( GEOMETRIC_REPRESENTATION_CONTEXT(2) 
PARAMETRIC_REPRESENTATION_CONTEXT() REPRESENTATION_CONTEXT('2D SPACE',''
  ) );
#6336 = PCURVE('',#4812,#6337);
#6337 = DEFINITIONAL_REPRESENTATION('',(#6338),#6341);
#6338 = B_SPLINE_CURVE_WITH_KNOTS('',1,(#6339,#6340),.UNSPECIFIED.,.F.,
  .F.,(2,2),(0.2,8.7),.PIECEWISE_BEZIER_KNOTS.);
#6339 = CARTESIAN_POINT('',(0.,8.));
#6340 = CARTESIAN_POINT('',(8.5,8.));
#6341 = ( GEOMETRIC_REPRESENTATION_CONTEXT(2) 
PARAMETRIC_REPRESENTATION_CONTEXT() REPRESENTATION_CONTEXT('2D SPACE',''
  ) );
#6342 = ADVANCED_FACE('',(#6343),#4812,.T.);
#6343 = FACE_BOUND('',#6344,.T.);
#6344 = EDGE_LOOP('',(#6345,#6368,#6389,#6410,#6431,#6432));
#6345 = ORIENTED_EDGE('',*,*,#6346,.F.);
#6346 = EDGE_CURVE('',#6347,#6299,#6349,.T.);
#6347 = VERTEX_POINT('',#6348);
#6348 = CARTESIAN_POINT('',(19.8,-8.2,9.5));
#6349 = SURFACE_CURVE('',#6350,(#6354,#6361),.PCURVE_S1.);
#6350 = LINE('',#6351,#6352);
#6351 = CARTESIAN_POINT('',(14.,-8.2,9.5));
#6352 = VECTOR('',#6353,1.);
#6353 = DIRECTION('',(1.,0.,0.));
#6354 = PCURVE('',#4812,#6355);
#6355 = DEFINITIONAL_REPRESENTATION('',(#6356),#6360);
#6356 = LINE('',#6357,#6358);
#6357 = CARTESIAN_POINT('',(0.,0.));
#6358 = VECTOR('',#6359,1.);
#6359 = DIRECTION('',(0.,1.));
#6360 = ( GEOMETRIC_REPRESENTATION_CONTEXT(2) 
PARAMETRIC_REPRESENTATION_CONTEXT() REPRESENTATION_CONTEXT('2D SPACE',''
  ) );
#6361 = PCURVE('',#6313,#6362);
#6362 = DEFINITIONAL_REPRESENTATION('',(#6363),#6367);
#6363 = LINE('',#6364,#6365);
#6364 = CARTESIAN_POINT('',(0.,0.));
#6365 = VECTOR('',#6366,1.);
#6366 = DIRECTION('',(1.,0.));
#6367 = ( GEOMETRIC_REPRESENTATION_CONTEXT(2) 
PARAMETRIC_REPRESENTATION_CONTEXT() REPRESENTATION_CONTEXT('2D SPACE',''
  ) );
#6368 = ORIENTED_EDGE('',*,*,#6369,.T.);
#6369 = EDGE_CURVE('',#6347,#6370,#6372,.T.);
#6370 = VERTEX_POINT('',#6371);
#6371 = CARTESIAN_POINT('',(19.8,-8.2,15.));
#6372 = SURFACE_CURVE('',#6373,(#6377,#6383),.PCURVE_S1.);
#6373 = LINE('',#6374,#6375);
#6374 = CARTESIAN_POINT('',(19.8,-8.2,8.75));
#6375 = VECTOR('',#6376,1.);
#6376 = DIRECTION('',(0.,0.,1.));
#6377 = PCURVE('',#4812,#6378);
#6378 = DEFINITIONAL_REPRESENTATION('',(#6379),#6382);
#6379 = B_SPLINE_CURVE_WITH_KNOTS('',1,(#6380,#6381),.UNSPECIFIED.,.F.,
  .F.,(2,2),(0.75,6.25),.PIECEWISE_BEZIER_KNOTS.);
#6380 = CARTESIAN_POINT('',(0.,5.8));
#6381 = CARTESIAN_POINT('',(5.5,5.8));
#6382 = ( GEOMETRIC_REPRESENTATION_CONTEXT(2) 
PARAMETRIC_REPRESENTATION_CONTEXT() REPRESENTATION_CONTEXT('2D SPACE',''
  ) );
#6383 = PCURVE('',#5655,#6384);
#6384 = DEFINITIONAL_REPRESENTATION('',(#6385),#6388);
#6385 = B_SPLINE_CURVE_WITH_KNOTS('',1,(#6386,#6387),.UNSPECIFIED.,.F.,
  .F.,(2,2),(0.75,6.25),.PIECEWISE_BEZIER_KNOTS.);
#6386 = CARTESIAN_POINT('',(1.5,-4.1));
#6387 = CARTESIAN_POINT('',(7.,-4.1));
#6388 = ( GEOMETRIC_REPRESENTATION_CONTEXT(2) 
PARAMETRIC_REPRESENTATION_CONTEXT() REPRESENTATION_CONTEXT('2D SPACE',''
  ) );
#6389 = ORIENTED_EDGE('',*,*,#6390,.T.);
#6390 = EDGE_CURVE('',#6370,#6391,#6393,.T.);
#6391 = VERTEX_POINT('',#6392);
#6392 = CARTESIAN_POINT('',(14.,-8.2,15.));
#6393 = SURFACE_CURVE('',#6394,(#6398,#6404),.PCURVE_S1.);
#6394 = LINE('',#6395,#6396);
#6395 = CARTESIAN_POINT('',(-2.9,-8.2,15.));
#6396 = VECTOR('',#6397,1.);
#6397 = DIRECTION('',(-1.,0.,0.));
#6398 = PCURVE('',#4812,#6399);
#6399 = DEFINITIONAL_REPRESENTATION('',(#6400),#6403);
#6400 = B_SPLINE_CURVE_WITH_KNOTS('',1,(#6401,#6402),.UNSPECIFIED.,.F.,
  .F.,(2,2),(-22.7,-16.9),.PIECEWISE_BEZIER_KNOTS.);
#6401 = CARTESIAN_POINT('',(5.5,5.8));
#6402 = CARTESIAN_POINT('',(5.5,0.));
#6403 = ( GEOMETRIC_REPRESENTATION_CONTEXT(2) 
PARAMETRIC_REPRESENTATION_CONTEXT() REPRESENTATION_CONTEXT('2D SPACE',''
  ) );
#6404 = PCURVE('',#5149,#6405);
#6405 = DEFINITIONAL_REPRESENTATION('',(#6406),#6409);
#6406 = B_SPLINE_CURVE_WITH_KNOTS('',1,(#6407,#6408),.UNSPECIFIED.,.F.,
  .F.,(2,2),(-22.7,-16.9),.PIECEWISE_BEZIER_KNOTS.);
#6407 = CARTESIAN_POINT('',(39.6,4.1));
#6408 = CARTESIAN_POINT('',(33.8,4.1));
#6409 = ( GEOMETRIC_REPRESENTATION_CONTEXT(2) 
PARAMETRIC_REPRESENTATION_CONTEXT() REPRESENTATION_CONTEXT('2D SPACE',''
  ) );
#6410 = ORIENTED_EDGE('',*,*,#6411,.T.);
#6411 = EDGE_CURVE('',#6391,#4798,#6412,.T.);
#6412 = SURFACE_CURVE('',#6413,(#6417,#6424),.PCURVE_S1.);
#6413 = LINE('',#6414,#6415);
#6414 = CARTESIAN_POINT('',(14.,-8.2,9.5));
#6415 = VECTOR('',#6416,1.);
#6416 = DIRECTION('',(0.,0.,1.));
#6417 = PCURVE('',#4812,#6418);
#6418 = DEFINITIONAL_REPRESENTATION('',(#6419),#6423);
#6419 = LINE('',#6420,#6421);
#6420 = CARTESIAN_POINT('',(0.,0.));
#6421 = VECTOR('',#6422,1.);
#6422 = DIRECTION('',(1.,0.));
#6423 = ( GEOMETRIC_REPRESENTATION_CONTEXT(2) 
PARAMETRIC_REPRESENTATION_CONTEXT() REPRESENTATION_CONTEXT('2D SPACE',''
  ) );
#6424 = PCURVE('',#4838,#6425);
#6425 = DEFINITIONAL_REPRESENTATION('',(#6426),#6430);
#6426 = LINE('',#6427,#6428);
#6427 = CARTESIAN_POINT('',(0.,0.));
#6428 = VECTOR('',#6429,1.);
#6429 = DIRECTION('',(1.,0.));
#6430 = ( GEOMETRIC_REPRESENTATION_CONTEXT(2) 
PARAMETRIC_REPRESENTATION_CONTEXT() REPRESENTATION_CONTEXT('2D SPACE',''
  ) );
#6431 = ORIENTED_EDGE('',*,*,#4797,.F.);
#6432 = ORIENTED_EDGE('',*,*,#6324,.F.);
#6433 = ADVANCED_FACE('',(#6434),#4838,.T.);
#6434 = FACE_BOUND('',#6435,.T.);
#6435 = EDGE_LOOP('',(#6436,#6437,#6458,#6479));
#6436 = ORIENTED_EDGE('',*,*,#6411,.F.);
#6437 = ORIENTED_EDGE('',*,*,#6438,.T.);
#6438 = EDGE_CURVE('',#6391,#6439,#6441,.T.);
#6439 = VERTEX_POINT('',#6440);
#6440 = CARTESIAN_POINT('',(14.,8.2,15.));
#6441 = SURFACE_CURVE('',#6442,(#6446,#6452),.PCURVE_S1.);
#6442 = LINE('',#6443,#6444);
#6443 = CARTESIAN_POINT('',(14.,-10.25,15.));
#6444 = VECTOR('',#6445,1.);
#6445 = DIRECTION('',(0.,1.,0.));
#6446 = PCURVE('',#4838,#6447);
#6447 = DEFINITIONAL_REPRESENTATION('',(#6448),#6451);
#6448 = B_SPLINE_CURVE_WITH_KNOTS('',1,(#6449,#6450),.UNSPECIFIED.,.F.,
  .F.,(2,2),(2.05,18.45),.PIECEWISE_BEZIER_KNOTS.);
#6449 = CARTESIAN_POINT('',(5.5,0.));
#6450 = CARTESIAN_POINT('',(5.5,-16.4));
#6451 = ( GEOMETRIC_REPRESENTATION_CONTEXT(2) 
PARAMETRIC_REPRESENTATION_CONTEXT() REPRESENTATION_CONTEXT('2D SPACE',''
  ) );
#6452 = PCURVE('',#5149,#6453);
#6453 = DEFINITIONAL_REPRESENTATION('',(#6454),#6457);
#6454 = B_SPLINE_CURVE_WITH_KNOTS('',1,(#6455,#6456),.UNSPECIFIED.,.F.,
  .F.,(2,2),(2.05,18.45),.PIECEWISE_BEZIER_KNOTS.);
#6455 = CARTESIAN_POINT('',(33.8,4.1));
#6456 = CARTESIAN_POINT('',(33.8,20.5));
#6457 = ( GEOMETRIC_REPRESENTATION_CONTEXT(2) 
PARAMETRIC_REPRESENTATION_CONTEXT() REPRESENTATION_CONTEXT('2D SPACE',''
  ) );
#6458 = ORIENTED_EDGE('',*,*,#6459,.T.);
#6459 = EDGE_CURVE('',#6439,#4824,#6460,.T.);
#6460 = SURFACE_CURVE('',#6461,(#6465,#6472),.PCURVE_S1.);
#6461 = LINE('',#6462,#6463);
#6462 = CARTESIAN_POINT('',(14.,8.2,9.5));
#6463 = VECTOR('',#6464,1.);
#6464 = DIRECTION('',(0.,0.,1.));
#6465 = PCURVE('',#4838,#6466);
#6466 = DEFINITIONAL_REPRESENTATION('',(#6467),#6471);
#6467 = LINE('',#6468,#6469);
#6468 = CARTESIAN_POINT('',(0.,-16.4));
#6469 = VECTOR('',#6470,1.);
#6470 = DIRECTION('',(1.,0.));
#6471 = ( GEOMETRIC_REPRESENTATION_CONTEXT(2) 
PARAMETRIC_REPRESENTATION_CONTEXT() REPRESENTATION_CONTEXT('2D SPACE',''
  ) );
#6472 = PCURVE('',#4864,#6473);
#6473 = DEFINITIONAL_REPRESENTATION('',(#6474),#6478);
#6474 = LINE('',#6475,#6476);
#6475 = CARTESIAN_POINT('',(0.,0.));
#6476 = VECTOR('',#6477,1.);
#6477 = DIRECTION('',(1.,0.));
#6478 = ( GEOMETRIC_REPRESENTATION_CONTEXT(2) 
PARAMETRIC_REPRESENTATION_CONTEXT() REPRESENTATION_CONTEXT('2D SPACE',''
  ) );
#6479 = ORIENTED_EDGE('',*,*,#4823,.F.);
#6480 = ADVANCED_FACE('',(#6481,#6507,#6613,#6719,#6825),#4943,.T.);
#6481 = FACE_BOUND('',#6482,.T.);
#6482 = EDGE_LOOP('',(#6483,#6484,#6485,#6486));
#6483 = ORIENTED_EDGE('',*,*,#5480,.F.);
#6484 = ORIENTED_EDGE('',*,*,#5331,.T.);
#6485 = ORIENTED_EDGE('',*,*,#4927,.T.);
#6486 = ORIENTED_EDGE('',*,*,#6487,.F.);
#6487 = EDGE_CURVE('',#5457,#4899,#6488,.T.);
#6488 = SURFACE_CURVE('',#6489,(#6493,#6500),.PCURVE_S1.);
#6489 = LINE('',#6490,#6491);
#6490 = CARTESIAN_POINT('',(19.,14.5,9.1));
#6491 = VECTOR('',#6492,1.);
#6492 = DIRECTION('',(0.,0.,1.));
#6493 = PCURVE('',#4943,#6494);
#6494 = DEFINITIONAL_REPRESENTATION('',(#6495),#6499);
#6495 = LINE('',#6496,#6497);
#6496 = CARTESIAN_POINT('',(0.,41.));
#6497 = VECTOR('',#6498,1.);
#6498 = DIRECTION('',(1.,0.));
#6499 = ( GEOMETRIC_REPRESENTATION_CONTEXT(2) 
PARAMETRIC_REPRESENTATION_CONTEXT() REPRESENTATION_CONTEXT('2D SPACE',''
  ) );
#6500 = PCURVE('',#4915,#6501);
#6501 = DEFINITIONAL_REPRESENTATION('',(#6502),#6506);
#6502 = LINE('',#6503,#6504);
#6503 = CARTESIAN_POINT('',(1.570796326795,0.));
#6504 = VECTOR('',#6505,1.);
#6505 = DIRECTION('',(0.,1.));
#6506 = ( GEOMETRIC_REPRESENTATION_CONTEXT(2) 
PARAMETRIC_REPRESENTATION_CONTEXT() REPRESENTATION_CONTEXT('2D SPACE',''
  ) );
#6507 = FACE_BOUND('',#6508,.T.);
#6508 = EDGE_LOOP('',(#6509,#6537,#6563,#6589));
#6509 = ORIENTED_EDGE('',*,*,#6510,.F.);
#6510 = EDGE_CURVE('',#6511,#6513,#6515,.T.);
#6511 = VERTEX_POINT('',#6512);
#6512 = CARTESIAN_POINT('',(-11.76304639864,14.5,13.807872325063));
#6513 = VERTEX_POINT('',#6514);
#6514 = CARTESIAN_POINT('',(-11.0022011856,14.5,14.055085920563));
#6515 = SURFACE_CURVE('',#6516,(#6520,#6526),.PCURVE_S1.);
#6516 = LINE('',#6517,#6518);
#6517 = CARTESIAN_POINT('',(-17.0845566381,14.5,12.078808834558));
#6518 = VECTOR('',#6519,1.);
#6519 = DIRECTION('',(0.951056516295,-0.,0.309016994375));
#6520 = PCURVE('',#4943,#6521);
#6521 = DEFINITIONAL_REPRESENTATION('',(#6522),#6525);
#6522 = B_SPLINE_CURVE_WITH_KNOTS('',1,(#6523,#6524),.UNSPECIFIED.,.F.,
  .F.,(2,2),(5.595366992687,6.395366992687),.PIECEWISE_BEZIER_KNOTS.);
#6523 = CARTESIAN_POINT('',(4.707872325063,10.236953601357));
#6524 = CARTESIAN_POINT('',(4.955085920563,10.997798814393));
#6525 = ( GEOMETRIC_REPRESENTATION_CONTEXT(2) 
PARAMETRIC_REPRESENTATION_CONTEXT() REPRESENTATION_CONTEXT('2D SPACE',''
  ) );
#6526 = PCURVE('',#6527,#6532);
#6527 = PLANE('',#6528);
#6528 = AXIS2_PLACEMENT_3D('',#6529,#6530,#6531);
#6529 = CARTESIAN_POINT('',(-11.76304639864,11.5,13.807872325063));
#6530 = DIRECTION('',(-0.309016994375,0.,0.951056516295));
#6531 = DIRECTION('',(0.951056516295,0.,0.309016994375));
#6532 = DEFINITIONAL_REPRESENTATION('',(#6533),#6536);
#6533 = B_SPLINE_CURVE_WITH_KNOTS('',1,(#6534,#6535),.UNSPECIFIED.,.F.,
  .F.,(2,2),(5.595366992687,6.395366992687),.PIECEWISE_BEZIER_KNOTS.);
#6534 = CARTESIAN_POINT('',(0.,3.));
#6535 = CARTESIAN_POINT('',(0.8,3.));
#6536 = ( GEOMETRIC_REPRESENTATION_CONTEXT(2) 
PARAMETRIC_REPRESENTATION_CONTEXT() REPRESENTATION_CONTEXT('2D SPACE',''
  ) );
#6537 = ORIENTED_EDGE('',*,*,#6538,.T.);
#6538 = EDGE_CURVE('',#6511,#6539,#6541,.T.);
#6539 = VERTEX_POINT('',#6540);
#6540 = CARTESIAN_POINT('',(-10.89779881439,14.5,11.144914079437));
#6541 = SURFACE_CURVE('',#6542,(#6546,#6552),.PCURVE_S1.);
#6542 = LINE('',#6543,#6544);
#6543 = CARTESIAN_POINT('',(-11.12738916773,14.5,11.851520530223));
#6544 = VECTOR('',#6545,1.);
#6545 = DIRECTION('',(0.309016994375,0.,-0.951056516295));
#6546 = PCURVE('',#4943,#6547);
#6547 = DEFINITIONAL_REPRESENTATION('',(#6548),#6551);
#6548 = B_SPLINE_CURVE_WITH_KNOTS('',1,(#6549,#6550),.UNSPECIFIED.,.F.,
  .F.,(2,2),(-2.057030009595,0.742969990405),.PIECEWISE_BEZIER_KNOTS.);
#6549 = CARTESIAN_POINT('',(4.707872325063,10.236953601357));
#6550 = CARTESIAN_POINT('',(2.044914079437,11.102201185607));
#6551 = ( GEOMETRIC_REPRESENTATION_CONTEXT(2) 
PARAMETRIC_REPRESENTATION_CONTEXT() REPRESENTATION_CONTEXT('2D SPACE',''
  ) );
#6552 = PCURVE('',#6553,#6558);
#6553 = PLANE('',#6554);
#6554 = AXIS2_PLACEMENT_3D('',#6555,#6556,#6557);
#6555 = CARTESIAN_POINT('',(-10.89779881439,11.5,11.144914079437));
#6556 = DIRECTION('',(0.951056516295,0.,0.309016994375));
#6557 = DIRECTION('',(-0.309016994375,0.,0.951056516295));
#6558 = DEFINITIONAL_REPRESENTATION('',(#6559),#6562);
#6559 = B_SPLINE_CURVE_WITH_KNOTS('',1,(#6560,#6561),.UNSPECIFIED.,.F.,
  .F.,(2,2),(-2.057030009595,0.742969990405),.PIECEWISE_BEZIER_KNOTS.);
#6560 = CARTESIAN_POINT('',(2.8,-3.));
#6561 = CARTESIAN_POINT('',(0.,-3.));
#6562 = ( GEOMETRIC_REPRESENTATION_CONTEXT(2) 
PARAMETRIC_REPRESENTATION_CONTEXT() REPRESENTATION_CONTEXT('2D SPACE',''
  ) );
#6563 = ORIENTED_EDGE('',*,*,#6564,.T.);
#6564 = EDGE_CURVE('',#6539,#6565,#6567,.T.);
#6565 = VERTEX_POINT('',#6566);
#6566 = CARTESIAN_POINT('',(-10.13695360135,14.5,11.392127674937));
#6567 = SURFACE_CURVE('',#6568,(#6572,#6578),.PCURVE_S1.);
#6568 = LINE('',#6569,#6570);
#6569 = CARTESIAN_POINT('',(-16.21930905385,14.5,9.415850588932));
#6570 = VECTOR('',#6571,1.);
#6571 = DIRECTION('',(0.951056516295,-0.,0.309016994375));
#6572 = PCURVE('',#4943,#6573);
#6573 = DEFINITIONAL_REPRESENTATION('',(#6574),#6577);
#6574 = B_SPLINE_CURVE_WITH_KNOTS('',1,(#6575,#6576),.UNSPECIFIED.,.F.,
  .F.,(2,2),(5.595366992687,6.395366992687),.PIECEWISE_BEZIER_KNOTS.);
#6575 = CARTESIAN_POINT('',(2.044914079437,11.102201185607));
#6576 = CARTESIAN_POINT('',(2.292127674937,11.863046398643));
#6577 = ( GEOMETRIC_REPRESENTATION_CONTEXT(2) 
PARAMETRIC_REPRESENTATION_CONTEXT() REPRESENTATION_CONTEXT('2D SPACE',''
  ) );
#6578 = PCURVE('',#6579,#6584);
#6579 = PLANE('',#6580);
#6580 = AXIS2_PLACEMENT_3D('',#6581,#6582,#6583);
#6581 = CARTESIAN_POINT('',(-10.89779881439,11.5,11.144914079437));
#6582 = DIRECTION('',(-0.309016994375,0.,0.951056516295));
#6583 = DIRECTION('',(0.951056516295,0.,0.309016994375));
#6584 = DEFINITIONAL_REPRESENTATION('',(#6585),#6588);
#6585 = B_SPLINE_CURVE_WITH_KNOTS('',1,(#6586,#6587),.UNSPECIFIED.,.F.,
  .F.,(2,2),(5.595366992687,6.395366992687),.PIECEWISE_BEZIER_KNOTS.);
#6586 = CARTESIAN_POINT('',(0.,3.));
#6587 = CARTESIAN_POINT('',(0.8,3.));
#6588 = ( GEOMETRIC_REPRESENTATION_CONTEXT(2) 
PARAMETRIC_REPRESENTATION_CONTEXT() REPRESENTATION_CONTEXT('2D SPACE',''
  ) );
#6589 = ORIENTED_EDGE('',*,*,#6590,.F.);
#6590 = EDGE_CURVE('',#6513,#6565,#6591,.T.);
#6591 = SURFACE_CURVE('',#6592,(#6596,#6602),.PCURVE_S1.);
#6592 = LINE('',#6593,#6594);
#6593 = CARTESIAN_POINT('',(-10.3665439547,14.5,12.098734125723));
#6594 = VECTOR('',#6595,1.);
#6595 = DIRECTION('',(0.309016994375,0.,-0.951056516295));
#6596 = PCURVE('',#4943,#6597);
#6597 = DEFINITIONAL_REPRESENTATION('',(#6598),#6601);
#6598 = B_SPLINE_CURVE_WITH_KNOTS('',1,(#6599,#6600),.UNSPECIFIED.,.F.,
  .F.,(2,2),(-2.057030009595,0.742969990405),.PIECEWISE_BEZIER_KNOTS.);
#6599 = CARTESIAN_POINT('',(4.955085920563,10.997798814393));
#6600 = CARTESIAN_POINT('',(2.292127674937,11.863046398643));
#6601 = ( GEOMETRIC_REPRESENTATION_CONTEXT(2) 
PARAMETRIC_REPRESENTATION_CONTEXT() REPRESENTATION_CONTEXT('2D SPACE',''
  ) );
#6602 = PCURVE('',#6603,#6608);
#6603 = PLANE('',#6604);
#6604 = AXIS2_PLACEMENT_3D('',#6605,#6606,#6607);
#6605 = CARTESIAN_POINT('',(-10.13695360135,11.5,11.392127674937));
#6606 = DIRECTION('',(0.951056516295,0.,0.309016994375));
#6607 = DIRECTION('',(-0.309016994375,0.,0.951056516295));
#6608 = DEFINITIONAL_REPRESENTATION('',(#6609),#6612);
#6609 = B_SPLINE_CURVE_WITH_KNOTS('',1,(#6610,#6611),.UNSPECIFIED.,.F.,
  .F.,(2,2),(-2.057030009595,0.742969990405),.PIECEWISE_BEZIER_KNOTS.);
#6610 = CARTESIAN_POINT('',(2.8,-3.));
#6611 = CARTESIAN_POINT('',(0.,-3.));
#6612 = ( GEOMETRIC_REPRESENTATION_CONTEXT(2) 
PARAMETRIC_REPRESENTATION_CONTEXT() REPRESENTATION_CONTEXT('2D SPACE',''
  ) );
#6613 = FACE_BOUND('',#6614,.T.);
#6614 = EDGE_LOOP('',(#6615,#6643,#6669,#6695));
#6615 = ORIENTED_EDGE('',*,*,#6616,.F.);
#6616 = EDGE_CURVE('',#6617,#6619,#6621,.T.);
#6617 = VERTEX_POINT('',#6618);
#6618 = CARTESIAN_POINT('',(-9.863046398643,14.5,13.807872325063));
#6619 = VERTEX_POINT('',#6620);
#6620 = CARTESIAN_POINT('',(-9.102201185607,14.5,14.055085920563));
#6621 = SURFACE_CURVE('',#6622,(#6626,#6632),.PCURVE_S1.);
#6622 = LINE('',#6623,#6624);
#6623 = CARTESIAN_POINT('',(-16.04383971042,14.5,11.799610839719));
#6624 = VECTOR('',#6625,1.);
#6625 = DIRECTION('',(0.951056516295,-0.,0.309016994375));
#6626 = PCURVE('',#4943,#6627);
#6627 = DEFINITIONAL_REPRESENTATION('',(#6628),#6631);
#6628 = B_SPLINE_CURVE_WITH_KNOTS('',1,(#6629,#6630),.UNSPECIFIED.,.F.,
  .F.,(2,2),(6.498870683167,7.298870683167),.PIECEWISE_BEZIER_KNOTS.);
#6629 = CARTESIAN_POINT('',(4.707872325063,12.136953601357));
#6630 = CARTESIAN_POINT('',(4.955085920563,12.897798814393));
#6631 = ( GEOMETRIC_REPRESENTATION_CONTEXT(2) 
PARAMETRIC_REPRESENTATION_CONTEXT() REPRESENTATION_CONTEXT('2D SPACE',''
  ) );
#6632 = PCURVE('',#6633,#6638);
#6633 = PLANE('',#6634);
#6634 = AXIS2_PLACEMENT_3D('',#6635,#6636,#6637);
#6635 = CARTESIAN_POINT('',(-9.863046398643,11.5,13.807872325063));
#6636 = DIRECTION('',(-0.309016994375,0.,0.951056516295));
#6637 = DIRECTION('',(0.951056516295,0.,0.309016994375));
#6638 = DEFINITIONAL_REPRESENTATION('',(#6639),#6642);
#6639 = B_SPLINE_CURVE_WITH_KNOTS('',1,(#6640,#6641),.UNSPECIFIED.,.F.,
  .F.,(2,2),(6.498870683167,7.298870683167),.PIECEWISE_BEZIER_KNOTS.);
#6640 = CARTESIAN_POINT('',(0.,3.));
#6641 = CARTESIAN_POINT('',(0.8,3.));
#6642 = ( GEOMETRIC_REPRESENTATION_CONTEXT(2) 
PARAMETRIC_REPRESENTATION_CONTEXT() REPRESENTATION_CONTEXT('2D SPACE',''
  ) );
#6643 = ORIENTED_EDGE('',*,*,#6644,.T.);
#6644 = EDGE_CURVE('',#6617,#6645,#6647,.T.);
#6645 = VERTEX_POINT('',#6646);
#6646 = CARTESIAN_POINT('',(-8.997798814393,14.5,11.144914079437));
#6647 = SURFACE_CURVE('',#6648,(#6652,#6658),.PCURVE_S1.);
#6648 = LINE('',#6649,#6650);
#6649 = CARTESIAN_POINT('',(-9.318106095411,14.5,12.130718525062));
#6650 = VECTOR('',#6651,1.);
#6651 = DIRECTION('',(0.309016994375,0.,-0.951056516295));
#6652 = PCURVE('',#4943,#6653);
#6653 = DEFINITIONAL_REPRESENTATION('',(#6654),#6657);
#6654 = B_SPLINE_CURVE_WITH_KNOTS('',1,(#6655,#6656),.UNSPECIFIED.,.F.,
  .F.,(2,2),(-1.763463864939,1.036536135061),.PIECEWISE_BEZIER_KNOTS.);
#6655 = CARTESIAN_POINT('',(4.707872325063,12.136953601357));
#6656 = CARTESIAN_POINT('',(2.044914079437,13.002201185607));
#6657 = ( GEOMETRIC_REPRESENTATION_CONTEXT(2) 
PARAMETRIC_REPRESENTATION_CONTEXT() REPRESENTATION_CONTEXT('2D SPACE',''
  ) );
#6658 = PCURVE('',#6659,#6664);
#6659 = PLANE('',#6660);
#6660 = AXIS2_PLACEMENT_3D('',#6661,#6662,#6663);
#6661 = CARTESIAN_POINT('',(-8.997798814393,11.5,11.144914079437));
#6662 = DIRECTION('',(0.951056516295,0.,0.309016994375));
#6663 = DIRECTION('',(-0.309016994375,0.,0.951056516295));
#6664 = DEFINITIONAL_REPRESENTATION('',(#6665),#6668);
#6665 = B_SPLINE_CURVE_WITH_KNOTS('',1,(#6666,#6667),.UNSPECIFIED.,.F.,
  .F.,(2,2),(-1.763463864939,1.036536135061),.PIECEWISE_BEZIER_KNOTS.);
#6666 = CARTESIAN_POINT('',(2.8,-3.));
#6667 = CARTESIAN_POINT('',(0.,-3.));
#6668 = ( GEOMETRIC_REPRESENTATION_CONTEXT(2) 
PARAMETRIC_REPRESENTATION_CONTEXT() REPRESENTATION_CONTEXT('2D SPACE',''
  ) );
#6669 = ORIENTED_EDGE('',*,*,#6670,.T.);
#6670 = EDGE_CURVE('',#6645,#6671,#6673,.T.);
#6671 = VERTEX_POINT('',#6672);
#6672 = CARTESIAN_POINT('',(-8.236953601357,14.5,11.392127674937));
#6673 = SURFACE_CURVE('',#6674,(#6678,#6684),.PCURVE_S1.);
#6674 = LINE('',#6675,#6676);
#6675 = CARTESIAN_POINT('',(-15.17859212617,14.5,9.136652594093));
#6676 = VECTOR('',#6677,1.);
#6677 = DIRECTION('',(0.951056516295,-0.,0.309016994375));
#6678 = PCURVE('',#4943,#6679);
#6679 = DEFINITIONAL_REPRESENTATION('',(#6680),#6683);
#6680 = B_SPLINE_CURVE_WITH_KNOTS('',1,(#6681,#6682),.UNSPECIFIED.,.F.,
  .F.,(2,2),(6.498870683167,7.298870683167),.PIECEWISE_BEZIER_KNOTS.);
#6681 = CARTESIAN_POINT('',(2.044914079437,13.002201185607));
#6682 = CARTESIAN_POINT('',(2.292127674937,13.763046398643));
#6683 = ( GEOMETRIC_REPRESENTATION_CONTEXT(2) 
PARAMETRIC_REPRESENTATION_CONTEXT() REPRESENTATION_CONTEXT('2D SPACE',''
  ) );
#6684 = PCURVE('',#6685,#6690);
#6685 = PLANE('',#6686);
#6686 = AXIS2_PLACEMENT_3D('',#6687,#6688,#6689);
#6687 = CARTESIAN_POINT('',(-8.997798814393,11.5,11.144914079437));
#6688 = DIRECTION('',(-0.309016994375,0.,0.951056516295));
#6689 = DIRECTION('',(0.951056516295,0.,0.309016994375));
#6690 = DEFINITIONAL_REPRESENTATION('',(#6691),#6694);
#6691 = B_SPLINE_CURVE_WITH_KNOTS('',1,(#6692,#6693),.UNSPECIFIED.,.F.,
  .F.,(2,2),(6.498870683167,7.298870683167),.PIECEWISE_BEZIER_KNOTS.);
#6692 = CARTESIAN_POINT('',(0.,3.));
#6693 = CARTESIAN_POINT('',(0.8,3.));
#6694 = ( GEOMETRIC_REPRESENTATION_CONTEXT(2) 
PARAMETRIC_REPRESENTATION_CONTEXT() REPRESENTATION_CONTEXT('2D SPACE',''
  ) );
#6695 = ORIENTED_EDGE('',*,*,#6696,.F.);
#6696 = EDGE_CURVE('',#6619,#6671,#6697,.T.);
#6697 = SURFACE_CURVE('',#6698,(#6702,#6708),.PCURVE_S1.);
#6698 = LINE('',#6699,#6700);
#6699 = CARTESIAN_POINT('',(-8.557260882375,14.5,12.377932120562));
#6700 = VECTOR('',#6701,1.);
#6701 = DIRECTION('',(0.309016994375,0.,-0.951056516295));
#6702 = PCURVE('',#4943,#6703);
#6703 = DEFINITIONAL_REPRESENTATION('',(#6704),#6707);
#6704 = B_SPLINE_CURVE_WITH_KNOTS('',1,(#6705,#6706),.UNSPECIFIED.,.F.,
  .F.,(2,2),(-1.763463864939,1.036536135061),.PIECEWISE_BEZIER_KNOTS.);
#6705 = CARTESIAN_POINT('',(4.955085920563,12.897798814393));
#6706 = CARTESIAN_POINT('',(2.292127674937,13.763046398643));
#6707 = ( GEOMETRIC_REPRESENTATION_CONTEXT(2) 
PARAMETRIC_REPRESENTATION_CONTEXT() REPRESENTATION_CONTEXT('2D SPACE',''
  ) );
#6708 = PCURVE('',#6709,#6714);
#6709 = PLANE('',#6710);
#6710 = AXIS2_PLACEMENT_3D('',#6711,#6712,#6713);
#6711 = CARTESIAN_POINT('',(-8.236953601357,11.5,11.392127674937));
#6712 = DIRECTION('',(0.951056516295,0.,0.309016994375));
#6713 = DIRECTION('',(-0.309016994375,0.,0.951056516295));
#6714 = DEFINITIONAL_REPRESENTATION('',(#6715),#6718);
#6715 = B_SPLINE_CURVE_WITH_KNOTS('',1,(#6716,#6717),.UNSPECIFIED.,.F.,
  .F.,(2,2),(-1.763463864939,1.036536135061),.PIECEWISE_BEZIER_KNOTS.);
#6716 = CARTESIAN_POINT('',(2.8,-3.));
#6717 = CARTESIAN_POINT('',(0.,-3.));
#6718 = ( GEOMETRIC_REPRESENTATION_CONTEXT(2) 
PARAMETRIC_REPRESENTATION_CONTEXT() REPRESENTATION_CONTEXT('2D SPACE',''
  ) );
#6719 = FACE_BOUND('',#6720,.T.);
#6720 = EDGE_LOOP('',(#6721,#6749,#6775,#6801));
#6721 = ORIENTED_EDGE('',*,*,#6722,.F.);
#6722 = EDGE_CURVE('',#6723,#6725,#6727,.T.);
#6723 = VERTEX_POINT('',#6724);
#6724 = CARTESIAN_POINT('',(8.236953601357,14.5,13.807872325063));
#6725 = VERTEX_POINT('',#6726);
#6726 = CARTESIAN_POINT('',(8.997798814393,14.5,14.055085920563));
#6727 = SURFACE_CURVE('',#6728,(#6732,#6738),.PCURVE_S1.);
#6728 = LINE('',#6729,#6730);
#6729 = CARTESIAN_POINT('',(-6.129641609975,14.5,9.139882573096));
#6730 = VECTOR('',#6731,1.);
#6731 = DIRECTION('',(0.951056516295,-0.,0.309016994375));
#6732 = PCURVE('',#4943,#6733);
#6733 = DEFINITIONAL_REPRESENTATION('',(#6734),#6737);
#6734 = B_SPLINE_CURVE_WITH_KNOTS('',1,(#6735,#6736),.UNSPECIFIED.,.F.,
  .F.,(2,2),(15.105932155638,15.905932155638),.PIECEWISE_BEZIER_KNOTS.);
#6735 = CARTESIAN_POINT('',(4.707872325063,30.236953601357));
#6736 = CARTESIAN_POINT('',(4.955085920563,30.997798814393));
#6737 = ( GEOMETRIC_REPRESENTATION_CONTEXT(2) 
PARAMETRIC_REPRESENTATION_CONTEXT() REPRESENTATION_CONTEXT('2D SPACE',''
  ) );
#6738 = PCURVE('',#6739,#6744);
#6739 = PLANE('',#6740);
#6740 = AXIS2_PLACEMENT_3D('',#6741,#6742,#6743);
#6741 = CARTESIAN_POINT('',(8.236953601357,11.5,13.807872325063));
#6742 = DIRECTION('',(-0.309016994375,0.,0.951056516295));
#6743 = DIRECTION('',(0.951056516295,0.,0.309016994375));
#6744 = DEFINITIONAL_REPRESENTATION('',(#6745),#6748);
#6745 = B_SPLINE_CURVE_WITH_KNOTS('',1,(#6746,#6747),.UNSPECIFIED.,.F.,
  .F.,(2,2),(15.105932155638,15.905932155638),.PIECEWISE_BEZIER_KNOTS.);
#6746 = CARTESIAN_POINT('',(0.,3.));
#6747 = CARTESIAN_POINT('',(0.8,3.));
#6748 = ( GEOMETRIC_REPRESENTATION_CONTEXT(2) 
PARAMETRIC_REPRESENTATION_CONTEXT() REPRESENTATION_CONTEXT('2D SPACE',''
  ) );
#6749 = ORIENTED_EDGE('',*,*,#6750,.T.);
#6750 = EDGE_CURVE('',#6723,#6751,#6753,.T.);
#6751 = VERTEX_POINT('',#6752);
#6752 = CARTESIAN_POINT('',(9.102201185607,14.5,11.144914079437));
#6753 = SURFACE_CURVE('',#6754,(#6758,#6764),.PCURVE_S1.);
#6754 = LINE('',#6755,#6756);
#6755 = CARTESIAN_POINT('',(7.917695804136,14.5,14.790446791686));
#6756 = VECTOR('',#6757,1.);
#6757 = DIRECTION('',(0.309016994375,0.,-0.951056516295));
#6758 = PCURVE('',#4943,#6759);
#6759 = DEFINITIONAL_REPRESENTATION('',(#6760),#6763);
#6760 = B_SPLINE_CURVE_WITH_KNOTS('',1,(#6761,#6762),.UNSPECIFIED.,.F.,
  .F.,(2,2),(1.033139934155,3.833139934155),.PIECEWISE_BEZIER_KNOTS.);
#6761 = CARTESIAN_POINT('',(4.707872325063,30.236953601357));
#6762 = CARTESIAN_POINT('',(2.044914079437,31.102201185607));
#6763 = ( GEOMETRIC_REPRESENTATION_CONTEXT(2) 
PARAMETRIC_REPRESENTATION_CONTEXT() REPRESENTATION_CONTEXT('2D SPACE',''
  ) );
#6764 = PCURVE('',#6765,#6770);
#6765 = PLANE('',#6766);
#6766 = AXIS2_PLACEMENT_3D('',#6767,#6768,#6769);
#6767 = CARTESIAN_POINT('',(9.102201185607,11.5,11.144914079437));
#6768 = DIRECTION('',(0.951056516295,0.,0.309016994375));
#6769 = DIRECTION('',(-0.309016994375,0.,0.951056516295));
#6770 = DEFINITIONAL_REPRESENTATION('',(#6771),#6774);
#6771 = B_SPLINE_CURVE_WITH_KNOTS('',1,(#6772,#6773),.UNSPECIFIED.,.F.,
  .F.,(2,2),(1.033139934155,3.833139934155),.PIECEWISE_BEZIER_KNOTS.);
#6772 = CARTESIAN_POINT('',(2.8,-3.));
#6773 = CARTESIAN_POINT('',(0.,-3.));
#6774 = ( GEOMETRIC_REPRESENTATION_CONTEXT(2) 
PARAMETRIC_REPRESENTATION_CONTEXT() REPRESENTATION_CONTEXT('2D SPACE',''
  ) );
#6775 = ORIENTED_EDGE('',*,*,#6776,.T.);
#6776 = EDGE_CURVE('',#6751,#6777,#6779,.T.);
#6777 = VERTEX_POINT('',#6778);
#6778 = CARTESIAN_POINT('',(9.863046398643,14.5,11.392127674937));
#6779 = SURFACE_CURVE('',#6780,(#6784,#6790),.PCURVE_S1.);
#6780 = LINE('',#6781,#6782);
#6781 = CARTESIAN_POINT('',(-5.264394025726,14.5,6.47692432747));
#6782 = VECTOR('',#6783,1.);
#6783 = DIRECTION('',(0.951056516295,-0.,0.309016994375));
#6784 = PCURVE('',#4943,#6785);
#6785 = DEFINITIONAL_REPRESENTATION('',(#6786),#6789);
#6786 = B_SPLINE_CURVE_WITH_KNOTS('',1,(#6787,#6788),.UNSPECIFIED.,.F.,
  .F.,(2,2),(15.105932155638,15.905932155638),.PIECEWISE_BEZIER_KNOTS.);
#6787 = CARTESIAN_POINT('',(2.044914079437,31.102201185607));
#6788 = CARTESIAN_POINT('',(2.292127674937,31.863046398643));
#6789 = ( GEOMETRIC_REPRESENTATION_CONTEXT(2) 
PARAMETRIC_REPRESENTATION_CONTEXT() REPRESENTATION_CONTEXT('2D SPACE',''
  ) );
#6790 = PCURVE('',#6791,#6796);
#6791 = PLANE('',#6792);
#6792 = AXIS2_PLACEMENT_3D('',#6793,#6794,#6795);
#6793 = CARTESIAN_POINT('',(9.102201185607,11.5,11.144914079437));
#6794 = DIRECTION('',(-0.309016994375,0.,0.951056516295));
#6795 = DIRECTION('',(0.951056516295,0.,0.309016994375));
#6796 = DEFINITIONAL_REPRESENTATION('',(#6797),#6800);
#6797 = B_SPLINE_CURVE_WITH_KNOTS('',1,(#6798,#6799),.UNSPECIFIED.,.F.,
  .F.,(2,2),(15.105932155638,15.905932155638),.PIECEWISE_BEZIER_KNOTS.);
#6798 = CARTESIAN_POINT('',(0.,3.));
#6799 = CARTESIAN_POINT('',(0.8,3.));
#6800 = ( GEOMETRIC_REPRESENTATION_CONTEXT(2) 
PARAMETRIC_REPRESENTATION_CONTEXT() REPRESENTATION_CONTEXT('2D SPACE',''
  ) );
#6801 = ORIENTED_EDGE('',*,*,#6802,.F.);
#6802 = EDGE_CURVE('',#6725,#6777,#6803,.T.);
#6803 = SURFACE_CURVE('',#6804,(#6808,#6814),.PCURVE_S1.);
#6804 = LINE('',#6805,#6806);
#6805 = CARTESIAN_POINT('',(8.678541017172,14.5,15.037660387186));
#6806 = VECTOR('',#6807,1.);
#6807 = DIRECTION('',(0.309016994375,0.,-0.951056516295));
#6808 = PCURVE('',#4943,#6809);
#6809 = DEFINITIONAL_REPRESENTATION('',(#6810),#6813);
#6810 = B_SPLINE_CURVE_WITH_KNOTS('',1,(#6811,#6812),.UNSPECIFIED.,.F.,
  .F.,(2,2),(1.033139934155,3.833139934155),.PIECEWISE_BEZIER_KNOTS.);
#6811 = CARTESIAN_POINT('',(4.955085920563,30.997798814393));
#6812 = CARTESIAN_POINT('',(2.292127674937,31.863046398643));
#6813 = ( GEOMETRIC_REPRESENTATION_CONTEXT(2) 
PARAMETRIC_REPRESENTATION_CONTEXT() REPRESENTATION_CONTEXT('2D SPACE',''
  ) );
#6814 = PCURVE('',#6815,#6820);
#6815 = PLANE('',#6816);
#6816 = AXIS2_PLACEMENT_3D('',#6817,#6818,#6819);
#6817 = CARTESIAN_POINT('',(9.863046398643,11.5,11.392127674937));
#6818 = DIRECTION('',(0.951056516295,0.,0.309016994375));
#6819 = DIRECTION('',(-0.309016994375,0.,0.951056516295));
#6820 = DEFINITIONAL_REPRESENTATION('',(#6821),#6824);
#6821 = B_SPLINE_CURVE_WITH_KNOTS('',1,(#6822,#6823),.UNSPECIFIED.,.F.,
  .F.,(2,2),(1.033139934155,3.833139934155),.PIECEWISE_BEZIER_KNOTS.);
#6822 = CARTESIAN_POINT('',(2.8,-3.));
#6823 = CARTESIAN_POINT('',(0.,-3.));
#6824 = ( GEOMETRIC_REPRESENTATION_CONTEXT(2) 
PARAMETRIC_REPRESENTATION_CONTEXT() REPRESENTATION_CONTEXT('2D SPACE',''
  ) );
#6825 = FACE_BOUND('',#6826,.T.);
#6826 = EDGE_LOOP('',(#6827,#6855,#6881,#6907));
#6827 = ORIENTED_EDGE('',*,*,#6828,.F.);
#6828 = EDGE_CURVE('',#6829,#6831,#6833,.T.);
#6829 = VERTEX_POINT('',#6830);
#6830 = CARTESIAN_POINT('',(10.136953601357,14.5,13.807872325063));
#6831 = VERTEX_POINT('',#6832);
#6832 = CARTESIAN_POINT('',(10.897798814393,14.5,14.055085920563));
#6833 = SURFACE_CURVE('',#6834,(#6838,#6844),.PCURVE_S1.);
#6834 = LINE('',#6835,#6836);
#6835 = CARTESIAN_POINT('',(-5.088924682304,14.5,8.860684578257));
#6836 = VECTOR('',#6837,1.);
#6837 = DIRECTION('',(0.951056516295,-0.,0.309016994375));
#6838 = PCURVE('',#4943,#6839);
#6839 = DEFINITIONAL_REPRESENTATION('',(#6840),#6843);
#6840 = B_SPLINE_CURVE_WITH_KNOTS('',1,(#6841,#6842),.UNSPECIFIED.,.F.,
  .F.,(2,2),(16.009435846119,16.809435846119),.PIECEWISE_BEZIER_KNOTS.);
#6841 = CARTESIAN_POINT('',(4.707872325063,32.136953601357));
#6842 = CARTESIAN_POINT('',(4.955085920563,32.897798814393));
#6843 = ( GEOMETRIC_REPRESENTATION_CONTEXT(2) 
PARAMETRIC_REPRESENTATION_CONTEXT() REPRESENTATION_CONTEXT('2D SPACE',''
  ) );
#6844 = PCURVE('',#6845,#6850);
#6845 = PLANE('',#6846);
#6846 = AXIS2_PLACEMENT_3D('',#6847,#6848,#6849);
#6847 = CARTESIAN_POINT('',(10.136953601357,11.5,13.807872325063));
#6848 = DIRECTION('',(-0.309016994375,0.,0.951056516295));
#6849 = DIRECTION('',(0.951056516295,0.,0.309016994375));
#6850 = DEFINITIONAL_REPRESENTATION('',(#6851),#6854);
#6851 = B_SPLINE_CURVE_WITH_KNOTS('',1,(#6852,#6853),.UNSPECIFIED.,.F.,
  .F.,(2,2),(16.009435846119,16.809435846119),.PIECEWISE_BEZIER_KNOTS.);
#6852 = CARTESIAN_POINT('',(0.,3.));
#6853 = CARTESIAN_POINT('',(0.8,3.));
#6854 = ( GEOMETRIC_REPRESENTATION_CONTEXT(2) 
PARAMETRIC_REPRESENTATION_CONTEXT() REPRESENTATION_CONTEXT('2D SPACE',''
  ) );
#6855 = ORIENTED_EDGE('',*,*,#6856,.T.);
#6856 = EDGE_CURVE('',#6829,#6857,#6859,.T.);
#6857 = VERTEX_POINT('',#6858);
#6858 = CARTESIAN_POINT('',(11.002201185607,14.5,11.144914079437));
#6859 = SURFACE_CURVE('',#6860,(#6864,#6870),.PCURVE_S1.);
#6860 = LINE('',#6861,#6862);
#6861 = CARTESIAN_POINT('',(9.726978876464,14.5,15.069644786525));
#6862 = VECTOR('',#6863,1.);
#6863 = DIRECTION('',(0.309016994375,0.,-0.951056516295));
#6864 = PCURVE('',#4943,#6865);
#6865 = DEFINITIONAL_REPRESENTATION('',(#6866),#6869);
#6866 = B_SPLINE_CURVE_WITH_KNOTS('',1,(#6867,#6868),.UNSPECIFIED.,.F.,
  .F.,(2,2),(1.326706078811,4.126706078811),.PIECEWISE_BEZIER_KNOTS.);
#6867 = CARTESIAN_POINT('',(4.707872325063,32.136953601357));
#6868 = CARTESIAN_POINT('',(2.044914079437,33.002201185607));
#6869 = ( GEOMETRIC_REPRESENTATION_CONTEXT(2) 
PARAMETRIC_REPRESENTATION_CONTEXT() REPRESENTATION_CONTEXT('2D SPACE',''
  ) );
#6870 = PCURVE('',#6871,#6876);
#6871 = PLANE('',#6872);
#6872 = AXIS2_PLACEMENT_3D('',#6873,#6874,#6875);
#6873 = CARTESIAN_POINT('',(11.002201185607,11.5,11.144914079437));
#6874 = DIRECTION('',(0.951056516295,0.,0.309016994375));
#6875 = DIRECTION('',(-0.309016994375,0.,0.951056516295));
#6876 = DEFINITIONAL_REPRESENTATION('',(#6877),#6880);
#6877 = B_SPLINE_CURVE_WITH_KNOTS('',1,(#6878,#6879),.UNSPECIFIED.,.F.,
  .F.,(2,2),(1.326706078811,4.126706078811),.PIECEWISE_BEZIER_KNOTS.);
#6878 = CARTESIAN_POINT('',(2.8,-3.));
#6879 = CARTESIAN_POINT('',(0.,-3.));
#6880 = ( GEOMETRIC_REPRESENTATION_CONTEXT(2) 
PARAMETRIC_REPRESENTATION_CONTEXT() REPRESENTATION_CONTEXT('2D SPACE',''
  ) );
#6881 = ORIENTED_EDGE('',*,*,#6882,.T.);
#6882 = EDGE_CURVE('',#6857,#6883,#6885,.T.);
#6883 = VERTEX_POINT('',#6884);
#6884 = CARTESIAN_POINT('',(11.763046398643,14.5,11.392127674937));
#6885 = SURFACE_CURVE('',#6886,(#6890,#6896),.PCURVE_S1.);
#6886 = LINE('',#6887,#6888);
#6887 = CARTESIAN_POINT('',(-4.223677098054,14.5,6.197726332631));
#6888 = VECTOR('',#6889,1.);
#6889 = DIRECTION('',(0.951056516295,-0.,0.309016994375));
#6890 = PCURVE('',#4943,#6891);
#6891 = DEFINITIONAL_REPRESENTATION('',(#6892),#6895);
#6892 = B_SPLINE_CURVE_WITH_KNOTS('',1,(#6893,#6894),.UNSPECIFIED.,.F.,
  .F.,(2,2),(16.009435846119,16.809435846119),.PIECEWISE_BEZIER_KNOTS.);
#6893 = CARTESIAN_POINT('',(2.044914079437,33.002201185607));
#6894 = CARTESIAN_POINT('',(2.292127674937,33.763046398643));
#6895 = ( GEOMETRIC_REPRESENTATION_CONTEXT(2) 
PARAMETRIC_REPRESENTATION_CONTEXT() REPRESENTATION_CONTEXT('2D SPACE',''
  ) );
#6896 = PCURVE('',#6897,#6902);
#6897 = PLANE('',#6898);
#6898 = AXIS2_PLACEMENT_3D('',#6899,#6900,#6901);
#6899 = CARTESIAN_POINT('',(11.002201185607,11.5,11.144914079437));
#6900 = DIRECTION('',(-0.309016994375,0.,0.951056516295));
#6901 = DIRECTION('',(0.951056516295,0.,0.309016994375));
#6902 = DEFINITIONAL_REPRESENTATION('',(#6903),#6906);
#6903 = B_SPLINE_CURVE_WITH_KNOTS('',1,(#6904,#6905),.UNSPECIFIED.,.F.,
  .F.,(2,2),(16.009435846119,16.809435846119),.PIECEWISE_BEZIER_KNOTS.);
#6904 = CARTESIAN_POINT('',(0.,3.));
#6905 = CARTESIAN_POINT('',(0.8,3.));
#6906 = ( GEOMETRIC_REPRESENTATION_CONTEXT(2) 
PARAMETRIC_REPRESENTATION_CONTEXT() REPRESENTATION_CONTEXT('2D SPACE',''
  ) );
#6907 = ORIENTED_EDGE('',*,*,#6908,.F.);
#6908 = EDGE_CURVE('',#6831,#6883,#6909,.T.);
#6909 = SURFACE_CURVE('',#6910,(#6914,#6920),.PCURVE_S1.);
#6910 = LINE('',#6911,#6912);
#6911 = CARTESIAN_POINT('',(10.4878240895,14.5,15.316858382025));
#6912 = VECTOR('',#6913,1.);
#6913 = DIRECTION('',(0.309016994375,0.,-0.951056516295));
#6914 = PCURVE('',#4943,#6915);
#6915 = DEFINITIONAL_REPRESENTATION('',(#6916),#6919);
#6916 = B_SPLINE_CURVE_WITH_KNOTS('',1,(#6917,#6918),.UNSPECIFIED.,.F.,
  .F.,(2,2),(1.326706078811,4.126706078811),.PIECEWISE_BEZIER_KNOTS.);
#6917 = CARTESIAN_POINT('',(4.955085920563,32.897798814393));
#6918 = CARTESIAN_POINT('',(2.292127674937,33.763046398643));
#6919 = ( GEOMETRIC_REPRESENTATION_CONTEXT(2) 
PARAMETRIC_REPRESENTATION_CONTEXT() REPRESENTATION_CONTEXT('2D SPACE',''
  ) );
#6920 = PCURVE('',#6921,#6926);
#6921 = PLANE('',#6922);
#6922 = AXIS2_PLACEMENT_3D('',#6923,#6924,#6925);
#6923 = CARTESIAN_POINT('',(11.763046398643,11.5,11.392127674937));
#6924 = DIRECTION('',(0.951056516295,0.,0.309016994375));
#6925 = DIRECTION('',(-0.309016994375,0.,0.951056516295));
#6926 = DEFINITIONAL_REPRESENTATION('',(#6927),#6930);
#6927 = B_SPLINE_CURVE_WITH_KNOTS('',1,(#6928,#6929),.UNSPECIFIED.,.F.,
  .F.,(2,2),(1.326706078811,4.126706078811),.PIECEWISE_BEZIER_KNOTS.);
#6928 = CARTESIAN_POINT('',(2.8,-3.));
#6929 = CARTESIAN_POINT('',(0.,-3.));
#6930 = ( GEOMETRIC_REPRESENTATION_CONTEXT(2) 
PARAMETRIC_REPRESENTATION_CONTEXT() REPRESENTATION_CONTEXT('2D SPACE',''
  ) );
#6931 = ADVANCED_FACE('',(#6932),#4864,.F.);
#6932 = FACE_BOUND('',#6933,.F.);
#6933 = EDGE_LOOP('',(#6934,#6957,#6978,#6997,#6998,#6999));
#6934 = ORIENTED_EDGE('',*,*,#6935,.F.);
#6935 = EDGE_CURVE('',#6936,#6278,#6938,.T.);
#6936 = VERTEX_POINT('',#6937);
#6937 = CARTESIAN_POINT('',(19.8,8.2,9.5));
#6938 = SURFACE_CURVE('',#6939,(#6943,#6950),.PCURVE_S1.);
#6939 = LINE('',#6940,#6941);
#6940 = CARTESIAN_POINT('',(14.,8.2,9.5));
#6941 = VECTOR('',#6942,1.);
#6942 = DIRECTION('',(1.,0.,0.));
#6943 = PCURVE('',#4864,#6944);
#6944 = DEFINITIONAL_REPRESENTATION('',(#6945),#6949);
#6945 = LINE('',#6946,#6947);
#6946 = CARTESIAN_POINT('',(0.,0.));
#6947 = VECTOR('',#6948,1.);
#6948 = DIRECTION('',(0.,1.));
#6949 = ( GEOMETRIC_REPRESENTATION_CONTEXT(2) 
PARAMETRIC_REPRESENTATION_CONTEXT() REPRESENTATION_CONTEXT('2D SPACE',''
  ) );
#6950 = PCURVE('',#6313,#6951);
#6951 = DEFINITIONAL_REPRESENTATION('',(#6952),#6956);
#6952 = LINE('',#6953,#6954);
#6953 = CARTESIAN_POINT('',(0.,16.4));
#6954 = VECTOR('',#6955,1.);
#6955 = DIRECTION('',(1.,0.));
#6956 = ( GEOMETRIC_REPRESENTATION_CONTEXT(2) 
PARAMETRIC_REPRESENTATION_CONTEXT() REPRESENTATION_CONTEXT('2D SPACE',''
  ) );
#6957 = ORIENTED_EDGE('',*,*,#6958,.T.);
#6958 = EDGE_CURVE('',#6936,#6959,#6961,.T.);
#6959 = VERTEX_POINT('',#6960);
#6960 = CARTESIAN_POINT('',(19.8,8.2,15.));
#6961 = SURFACE_CURVE('',#6962,(#6966,#6972),.PCURVE_S1.);
#6962 = LINE('',#6963,#6964);
#6963 = CARTESIAN_POINT('',(19.8,8.2,8.75));
#6964 = VECTOR('',#6965,1.);
#6965 = DIRECTION('',(0.,0.,1.));
#6966 = PCURVE('',#4864,#6967);
#6967 = DEFINITIONAL_REPRESENTATION('',(#6968),#6971);
#6968 = B_SPLINE_CURVE_WITH_KNOTS('',1,(#6969,#6970),.UNSPECIFIED.,.F.,
  .F.,(2,2),(0.75,6.25),.PIECEWISE_BEZIER_KNOTS.);
#6969 = CARTESIAN_POINT('',(0.,5.8));
#6970 = CARTESIAN_POINT('',(5.5,5.8));
#6971 = ( GEOMETRIC_REPRESENTATION_CONTEXT(2) 
PARAMETRIC_REPRESENTATION_CONTEXT() REPRESENTATION_CONTEXT('2D SPACE',''
  ) );
#6972 = PCURVE('',#5655,#6973);
#6973 = DEFINITIONAL_REPRESENTATION('',(#6974),#6977);
#6974 = B_SPLINE_CURVE_WITH_KNOTS('',1,(#6975,#6976),.UNSPECIFIED.,.F.,
  .F.,(2,2),(0.75,6.25),.PIECEWISE_BEZIER_KNOTS.);
#6975 = CARTESIAN_POINT('',(1.5,-20.5));
#6976 = CARTESIAN_POINT('',(7.,-20.5));
#6977 = ( GEOMETRIC_REPRESENTATION_CONTEXT(2) 
PARAMETRIC_REPRESENTATION_CONTEXT() REPRESENTATION_CONTEXT('2D SPACE',''
  ) );
#6978 = ORIENTED_EDGE('',*,*,#6979,.T.);
#6979 = EDGE_CURVE('',#6959,#6439,#6980,.T.);
#6980 = SURFACE_CURVE('',#6981,(#6985,#6991),.PCURVE_S1.);
#6981 = LINE('',#6982,#6983);
#6982 = CARTESIAN_POINT('',(-2.9,8.2,15.));
#6983 = VECTOR('',#6984,1.);
#6984 = DIRECTION('',(-1.,0.,0.));
#6985 = PCURVE('',#4864,#6986);
#6986 = DEFINITIONAL_REPRESENTATION('',(#6987),#6990);
#6987 = B_SPLINE_CURVE_WITH_KNOTS('',1,(#6988,#6989),.UNSPECIFIED.,.F.,
  .F.,(2,2),(-22.7,-16.9),.PIECEWISE_BEZIER_KNOTS.);
#6988 = CARTESIAN_POINT('',(5.5,5.8));
#6989 = CARTESIAN_POINT('',(5.5,0.));
#6990 = ( GEOMETRIC_REPRESENTATION_CONTEXT(2) 
PARAMETRIC_REPRESENTATION_CONTEXT() REPRESENTATION_CONTEXT('2D SPACE',''
  ) );
#6991 = PCURVE('',#5149,#6992);
#6992 = DEFINITIONAL_REPRESENTATION('',(#6993),#6996);
#6993 = B_SPLINE_CURVE_WITH_KNOTS('',1,(#6994,#6995),.UNSPECIFIED.,.F.,
  .F.,(2,2),(-22.7,-16.9),.PIECEWISE_BEZIER_KNOTS.);
#6994 = CARTESIAN_POINT('',(39.6,20.5));
#6995 = CARTESIAN_POINT('',(33.8,20.5));
#6996 = ( GEOMETRIC_REPRESENTATION_CONTEXT(2) 
PARAMETRIC_REPRESENTATION_CONTEXT() REPRESENTATION_CONTEXT('2D SPACE',''
  ) );
#6997 = ORIENTED_EDGE('',*,*,#6459,.T.);
#6998 = ORIENTED_EDGE('',*,*,#4849,.F.);
#6999 = ORIENTED_EDGE('',*,*,#6277,.F.);
#7000 = ADVANCED_FACE('',(#7001),#4915,.T.);
#7001 = FACE_BOUND('',#7002,.T.);
#7002 = EDGE_LOOP('',(#7003,#7004,#7005,#7006));
#7003 = ORIENTED_EDGE('',*,*,#5456,.T.);
#7004 = ORIENTED_EDGE('',*,*,#6487,.T.);
#7005 = ORIENTED_EDGE('',*,*,#4898,.F.);
#7006 = ORIENTED_EDGE('',*,*,#6255,.F.);
#7007 = ADVANCED_FACE('',(#7008),#5071,.F.);
#7008 = FACE_BOUND('',#7009,.T.);
#7009 = EDGE_LOOP('',(#7010,#7039,#7060,#7061));
#7010 = ORIENTED_EDGE('',*,*,#7011,.F.);
#7011 = EDGE_CURVE('',#7012,#7012,#7014,.T.);
#7012 = VERTEX_POINT('',#7013);
#7013 = CARTESIAN_POINT('',(3.8,0.,17.5));
#7014 = SURFACE_CURVE('',#7015,(#7020,#7027),.PCURVE_S1.);
#7015 = CIRCLE('',#7016,3.8);
#7016 = AXIS2_PLACEMENT_3D('',#7017,#7018,#7019);
#7017 = CARTESIAN_POINT('',(0.,0.,17.5));
#7018 = DIRECTION('',(0.,0.,1.));
#7019 = DIRECTION('',(1.,0.,0.));
#7020 = PCURVE('',#5071,#7021);
#7021 = DEFINITIONAL_REPRESENTATION('',(#7022),#7026);
#7022 = LINE('',#7023,#7024);
#7023 = CARTESIAN_POINT('',(-0.,0.));
#7024 = VECTOR('',#7025,1.);
#7025 = DIRECTION('',(-1.,0.));
#7026 = ( GEOMETRIC_REPRESENTATION_CONTEXT(2) 
PARAMETRIC_REPRESENTATION_CONTEXT() REPRESENTATION_CONTEXT('2D SPACE',''
  ) );
#7027 = PCURVE('',#7028,#7033);
#7028 = PLANE('',#7029);
#7029 = AXIS2_PLACEMENT_3D('',#7030,#7031,#7032);
#7030 = CARTESIAN_POINT('',(-3.598526664577E-16,2.047307385657E-16,17.5)
  );
#7031 = DIRECTION('',(0.,0.,1.));
#7032 = DIRECTION('',(1.,0.,-0.));
#7033 = DEFINITIONAL_REPRESENTATION('',(#7034),#7038);
#7034 = CIRCLE('',#7035,3.8);
#7035 = AXIS2_PLACEMENT_2D('',#7036,#7037);
#7036 = CARTESIAN_POINT('',(3.598526664577E-16,-2.047307385657E-16));
#7037 = DIRECTION('',(1.,0.));
#7038 = ( GEOMETRIC_REPRESENTATION_CONTEXT(2) 
PARAMETRIC_REPRESENTATION_CONTEXT() REPRESENTATION_CONTEXT('2D SPACE',''
  ) );
#7039 = ORIENTED_EDGE('',*,*,#7040,.T.);
#7040 = EDGE_CURVE('',#7012,#5051,#7041,.T.);
#7041 = SEAM_CURVE('',#7042,(#7046,#7053),.PCURVE_S1.);
#7042 = LINE('',#7043,#7044);
#7043 = CARTESIAN_POINT('',(3.8,0.,17.5));
#7044 = VECTOR('',#7045,1.);
#7045 = DIRECTION('',(0.,0.,1.));
#7046 = PCURVE('',#5071,#7047);
#7047 = DEFINITIONAL_REPRESENTATION('',(#7048),#7052);
#7048 = LINE('',#7049,#7050);
#7049 = CARTESIAN_POINT('',(-6.28318530718,0.));
#7050 = VECTOR('',#7051,1.);
#7051 = DIRECTION('',(-0.,-1.));
#7052 = ( GEOMETRIC_REPRESENTATION_CONTEXT(2) 
PARAMETRIC_REPRESENTATION_CONTEXT() REPRESENTATION_CONTEXT('2D SPACE',''
  ) );
#7053 = PCURVE('',#5071,#7054);
#7054 = DEFINITIONAL_REPRESENTATION('',(#7055),#7059);
#7055 = LINE('',#7056,#7057);
#7056 = CARTESIAN_POINT('',(-0.,0.));
#7057 = VECTOR('',#7058,1.);
#7058 = DIRECTION('',(-0.,-1.));
#7059 = ( GEOMETRIC_REPRESENTATION_CONTEXT(2) 
PARAMETRIC_REPRESENTATION_CONTEXT() REPRESENTATION_CONTEXT('2D SPACE',''
  ) );
#7060 = ORIENTED_EDGE('',*,*,#5050,.F.);
#7061 = ORIENTED_EDGE('',*,*,#7040,.F.);
#7062 = ADVANCED_FACE('',(#7063),#5173,.T.);
#7063 = FACE_BOUND('',#7064,.T.);
#7064 = EDGE_LOOP('',(#7065,#7088,#7109,#7110,#7133,#7154,#7155,#7156));
#7065 = ORIENTED_EDGE('',*,*,#7066,.F.);
#7066 = EDGE_CURVE('',#7067,#5135,#7069,.T.);
#7067 = VERTEX_POINT('',#7068);
#7068 = CARTESIAN_POINT('',(-19.8,-10.8,15.));
#7069 = SURFACE_CURVE('',#7070,(#7074,#7081),.PCURVE_S1.);
#7070 = LINE('',#7071,#7072);
#7071 = CARTESIAN_POINT('',(-19.8,-12.3,15.));
#7072 = VECTOR('',#7073,1.);
#7073 = DIRECTION('',(0.,1.,0.));
#7074 = PCURVE('',#5173,#7075);
#7075 = DEFINITIONAL_REPRESENTATION('',(#7076),#7080);
#7076 = LINE('',#7077,#7078);
#7077 = CARTESIAN_POINT('',(7.,0.));
#7078 = VECTOR('',#7079,1.);
#7079 = DIRECTION('',(0.,-1.));
#7080 = ( GEOMETRIC_REPRESENTATION_CONTEXT(2) 
PARAMETRIC_REPRESENTATION_CONTEXT() REPRESENTATION_CONTEXT('2D SPACE',''
  ) );
#7081 = PCURVE('',#5149,#7082);
#7082 = DEFINITIONAL_REPRESENTATION('',(#7083),#7087);
#7083 = LINE('',#7084,#7085);
#7084 = CARTESIAN_POINT('',(0.,0.));
#7085 = VECTOR('',#7086,1.);
#7086 = DIRECTION('',(0.,1.));
#7087 = ( GEOMETRIC_REPRESENTATION_CONTEXT(2) 
PARAMETRIC_REPRESENTATION_CONTEXT() REPRESENTATION_CONTEXT('2D SPACE',''
  ) );
#7088 = ORIENTED_EDGE('',*,*,#7089,.F.);
#7089 = EDGE_CURVE('',#5505,#7067,#7090,.T.);
#7090 = SURFACE_CURVE('',#7091,(#7095,#7102),.PCURVE_S1.);
#7091 = LINE('',#7092,#7093);
#7092 = CARTESIAN_POINT('',(-19.8,-10.8,8.));
#7093 = VECTOR('',#7094,1.);
#7094 = DIRECTION('',(0.,0.,1.));
#7095 = PCURVE('',#5173,#7096);
#7096 = DEFINITIONAL_REPRESENTATION('',(#7097),#7101);
#7097 = LINE('',#7098,#7099);
#7098 = CARTESIAN_POINT('',(0.,-1.5));
#7099 = VECTOR('',#7100,1.);
#7100 = DIRECTION('',(1.,0.));
#7101 = ( GEOMETRIC_REPRESENTATION_CONTEXT(2) 
PARAMETRIC_REPRESENTATION_CONTEXT() REPRESENTATION_CONTEXT('2D SPACE',''
  ) );
#7102 = PCURVE('',#5523,#7103);
#7103 = DEFINITIONAL_REPRESENTATION('',(#7104),#7108);
#7104 = LINE('',#7105,#7106);
#7105 = CARTESIAN_POINT('',(0.,0.));
#7106 = VECTOR('',#7107,1.);
#7107 = DIRECTION('',(0.,1.));
#7108 = ( GEOMETRIC_REPRESENTATION_CONTEXT(2) 
PARAMETRIC_REPRESENTATION_CONTEXT() REPRESENTATION_CONTEXT('2D SPACE',''
  ) );
#7109 = ORIENTED_EDGE('',*,*,#5535,.T.);
#7110 = ORIENTED_EDGE('',*,*,#7111,.T.);
#7111 = EDGE_CURVE('',#5536,#7112,#7114,.T.);
#7112 = VERTEX_POINT('',#7113);
#7113 = CARTESIAN_POINT('',(-19.8,10.8,15.));
#7114 = SURFACE_CURVE('',#7115,(#7119,#7126),.PCURVE_S1.);
#7115 = LINE('',#7116,#7117);
#7116 = CARTESIAN_POINT('',(-19.8,10.8,8.));
#7117 = VECTOR('',#7118,1.);
#7118 = DIRECTION('',(0.,0.,1.));
#7119 = PCURVE('',#5173,#7120);
#7120 = DEFINITIONAL_REPRESENTATION('',(#7121),#7125);
#7121 = LINE('',#7122,#7123);
#7122 = CARTESIAN_POINT('',(0.,-23.1));
#7123 = VECTOR('',#7124,1.);
#7124 = DIRECTION('',(1.,0.));
#7125 = ( GEOMETRIC_REPRESENTATION_CONTEXT(2) 
PARAMETRIC_REPRESENTATION_CONTEXT() REPRESENTATION_CONTEXT('2D SPACE',''
  ) );
#7126 = PCURVE('',#5573,#7127);
#7127 = DEFINITIONAL_REPRESENTATION('',(#7128),#7132);
#7128 = LINE('',#7129,#7130);
#7129 = CARTESIAN_POINT('',(-0.,0.));
#7130 = VECTOR('',#7131,1.);
#7131 = DIRECTION('',(-0.,1.));
#7132 = ( GEOMETRIC_REPRESENTATION_CONTEXT(2) 
PARAMETRIC_REPRESENTATION_CONTEXT() REPRESENTATION_CONTEXT('2D SPACE',''
  ) );
#7133 = ORIENTED_EDGE('',*,*,#7134,.F.);
#7134 = EDGE_CURVE('',#5261,#7112,#7135,.T.);
#7135 = SURFACE_CURVE('',#7136,(#7140,#7147),.PCURVE_S1.);
#7136 = LINE('',#7137,#7138);
#7137 = CARTESIAN_POINT('',(-19.8,-12.3,15.));
#7138 = VECTOR('',#7139,1.);
#7139 = DIRECTION('',(0.,1.,0.));
#7140 = PCURVE('',#5173,#7141);
#7141 = DEFINITIONAL_REPRESENTATION('',(#7142),#7146);
#7142 = LINE('',#7143,#7144);
#7143 = CARTESIAN_POINT('',(7.,0.));
#7144 = VECTOR('',#7145,1.);
#7145 = DIRECTION('',(0.,-1.));
#7146 = ( GEOMETRIC_REPRESENTATION_CONTEXT(2) 
PARAMETRIC_REPRESENTATION_CONTEXT() REPRESENTATION_CONTEXT('2D SPACE',''
  ) );
#7147 = PCURVE('',#5149,#7148);
#7148 = DEFINITIONAL_REPRESENTATION('',(#7149),#7153);
#7149 = LINE('',#7150,#7151);
#7150 = CARTESIAN_POINT('',(0.,0.));
#7151 = VECTOR('',#7152,1.);
#7152 = DIRECTION('',(0.,1.));
#7153 = ( GEOMETRIC_REPRESENTATION_CONTEXT(2) 
PARAMETRIC_REPRESENTATION_CONTEXT() REPRESENTATION_CONTEXT('2D SPACE',''
  ) );
#7154 = ORIENTED_EDGE('',*,*,#5281,.F.);
#7155 = ORIENTED_EDGE('',*,*,#5212,.T.);
#7156 = ORIENTED_EDGE('',*,*,#5160,.T.);
#7157 = ADVANCED_FACE('',(#7158),#5149,.F.);
#7158 = FACE_BOUND('',#7159,.F.);
#7159 = EDGE_LOOP('',(#7160,#7161,#7185,#7208,#7236,#7257,#7258,#7259,
    #7260,#7283,#7307,#7330,#7356,#7357,#7358,#7359));
#7160 = ORIENTED_EDGE('',*,*,#7066,.F.);
#7161 = ORIENTED_EDGE('',*,*,#7162,.T.);
#7162 = EDGE_CURVE('',#7067,#7163,#7165,.T.);
#7163 = VERTEX_POINT('',#7164);
#7164 = CARTESIAN_POINT('',(-18.3,-12.3,15.));
#7165 = SURFACE_CURVE('',#7166,(#7171,#7178),.PCURVE_S1.);
#7166 = CIRCLE('',#7167,1.5);
#7167 = AXIS2_PLACEMENT_3D('',#7168,#7169,#7170);
#7168 = CARTESIAN_POINT('',(-18.3,-10.8,15.));
#7169 = DIRECTION('',(0.,0.,1.));
#7170 = DIRECTION('',(0.,-1.,0.));
#7171 = PCURVE('',#5149,#7172);
#7172 = DEFINITIONAL_REPRESENTATION('',(#7173),#7177);
#7173 = CIRCLE('',#7174,1.5);
#7174 = AXIS2_PLACEMENT_2D('',#7175,#7176);
#7175 = CARTESIAN_POINT('',(1.5,1.5));
#7176 = DIRECTION('',(0.,-1.));
#7177 = ( GEOMETRIC_REPRESENTATION_CONTEXT(2) 
PARAMETRIC_REPRESENTATION_CONTEXT() REPRESENTATION_CONTEXT('2D SPACE',''
  ) );
#7178 = PCURVE('',#5523,#7179);
#7179 = DEFINITIONAL_REPRESENTATION('',(#7180),#7184);
#7180 = LINE('',#7181,#7182);
#7181 = CARTESIAN_POINT('',(-4.712388980385,7.));
#7182 = VECTOR('',#7183,1.);
#7183 = DIRECTION('',(1.,0.));
#7184 = ( GEOMETRIC_REPRESENTATION_CONTEXT(2) 
PARAMETRIC_REPRESENTATION_CONTEXT() REPRESENTATION_CONTEXT('2D SPACE',''
  ) );
#7185 = ORIENTED_EDGE('',*,*,#7186,.T.);
#7186 = EDGE_CURVE('',#7163,#7187,#7189,.T.);
#7187 = VERTEX_POINT('',#7188);
#7188 = CARTESIAN_POINT('',(18.3,-12.3,15.));
#7189 = SURFACE_CURVE('',#7190,(#7194,#7201),.PCURVE_S1.);
#7190 = LINE('',#7191,#7192);
#7191 = CARTESIAN_POINT('',(-19.8,-12.3,15.));
#7192 = VECTOR('',#7193,1.);
#7193 = DIRECTION('',(1.,0.,0.));
#7194 = PCURVE('',#5149,#7195);
#7195 = DEFINITIONAL_REPRESENTATION('',(#7196),#7200);
#7196 = LINE('',#7197,#7198);
#7197 = CARTESIAN_POINT('',(0.,0.));
#7198 = VECTOR('',#7199,1.);
#7199 = DIRECTION('',(1.,0.));
#7200 = ( GEOMETRIC_REPRESENTATION_CONTEXT(2) 
PARAMETRIC_REPRESENTATION_CONTEXT() REPRESENTATION_CONTEXT('2D SPACE',''
  ) );
#7201 = PCURVE('',#5708,#7202);
#7202 = DEFINITIONAL_REPRESENTATION('',(#7203),#7207);
#7203 = LINE('',#7204,#7205);
#7204 = CARTESIAN_POINT('',(7.,0.));
#7205 = VECTOR('',#7206,1.);
#7206 = DIRECTION('',(0.,1.));
#7207 = ( GEOMETRIC_REPRESENTATION_CONTEXT(2) 
PARAMETRIC_REPRESENTATION_CONTEXT() REPRESENTATION_CONTEXT('2D SPACE',''
  ) );
#7208 = ORIENTED_EDGE('',*,*,#7209,.F.);
#7209 = EDGE_CURVE('',#7210,#7187,#7212,.T.);
#7210 = VERTEX_POINT('',#7211);
#7211 = CARTESIAN_POINT('',(19.8,-10.8,15.));
#7212 = SURFACE_CURVE('',#7213,(#7218,#7229),.PCURVE_S1.);
#7213 = CIRCLE('',#7214,1.5);
#7214 = AXIS2_PLACEMENT_3D('',#7215,#7216,#7217);
#7215 = CARTESIAN_POINT('',(18.3,-10.8,15.));
#7216 = DIRECTION('',(-0.,-0.,-1.));
#7217 = DIRECTION('',(0.,-1.,0.));
#7218 = PCURVE('',#5149,#7219);
#7219 = DEFINITIONAL_REPRESENTATION('',(#7220),#7228);
#7220 = ( BOUNDED_CURVE() B_SPLINE_CURVE(2,(#7221,#7222,#7223,#7224,
#7225,#7226,#7227),.UNSPECIFIED.,.T.,.F.) B_SPLINE_CURVE_WITH_KNOTS((1,2
    ,2,2,2,1),(-2.094395102393,0.,2.094395102393,4.188790204786,
6.28318530718,8.377580409573),.UNSPECIFIED.) CURVE() 
GEOMETRIC_REPRESENTATION_ITEM() RATIONAL_B_SPLINE_CURVE((1.,0.5,1.,0.5,
1.,0.5,1.)) REPRESENTATION_ITEM('') );
#7221 = CARTESIAN_POINT('',(38.1,0.));
#7222 = CARTESIAN_POINT('',(35.501923788647,0.));
#7223 = CARTESIAN_POINT('',(36.800961894323,2.25));
#7224 = CARTESIAN_POINT('',(38.1,4.5));
#7225 = CARTESIAN_POINT('',(39.399038105677,2.25));
#7226 = CARTESIAN_POINT('',(40.698076211353,2.22044604925E-15));
#7227 = CARTESIAN_POINT('',(38.1,0.));
#7228 = ( GEOMETRIC_REPRESENTATION_CONTEXT(2) 
PARAMETRIC_REPRESENTATION_CONTEXT() REPRESENTATION_CONTEXT('2D SPACE',''
  ) );
#7229 = PCURVE('',#5683,#7230);
#7230 = DEFINITIONAL_REPRESENTATION('',(#7231),#7235);
#7231 = LINE('',#7232,#7233);
#7232 = CARTESIAN_POINT('',(4.712388980385,7.));
#7233 = VECTOR('',#7234,1.);
#7234 = DIRECTION('',(-1.,0.));
#7235 = ( GEOMETRIC_REPRESENTATION_CONTEXT(2) 
PARAMETRIC_REPRESENTATION_CONTEXT() REPRESENTATION_CONTEXT('2D SPACE',''
  ) );
#7236 = ORIENTED_EDGE('',*,*,#7237,.T.);
#7237 = EDGE_CURVE('',#7210,#6370,#7238,.T.);
#7238 = SURFACE_CURVE('',#7239,(#7243,#7250),.PCURVE_S1.);
#7239 = LINE('',#7240,#7241);
#7240 = CARTESIAN_POINT('',(19.8,-12.3,15.));
#7241 = VECTOR('',#7242,1.);
#7242 = DIRECTION('',(0.,1.,0.));
#7243 = PCURVE('',#5149,#7244);
#7244 = DEFINITIONAL_REPRESENTATION('',(#7245),#7249);
#7245 = LINE('',#7246,#7247);
#7246 = CARTESIAN_POINT('',(39.6,0.));
#7247 = VECTOR('',#7248,1.);
#7248 = DIRECTION('',(0.,1.));
#7249 = ( GEOMETRIC_REPRESENTATION_CONTEXT(2) 
PARAMETRIC_REPRESENTATION_CONTEXT() REPRESENTATION_CONTEXT('2D SPACE',''
  ) );
#7250 = PCURVE('',#5655,#7251);
#7251 = DEFINITIONAL_REPRESENTATION('',(#7252),#7256);
#7252 = LINE('',#7253,#7254);
#7253 = CARTESIAN_POINT('',(7.,0.));
#7254 = VECTOR('',#7255,1.);
#7255 = DIRECTION('',(0.,-1.));
#7256 = ( GEOMETRIC_REPRESENTATION_CONTEXT(2) 
PARAMETRIC_REPRESENTATION_CONTEXT() REPRESENTATION_CONTEXT('2D SPACE',''
  ) );
#7257 = ORIENTED_EDGE('',*,*,#6390,.T.);
#7258 = ORIENTED_EDGE('',*,*,#6438,.T.);
#7259 = ORIENTED_EDGE('',*,*,#6979,.F.);
#7260 = ORIENTED_EDGE('',*,*,#7261,.T.);
#7261 = EDGE_CURVE('',#6959,#7262,#7264,.T.);
#7262 = VERTEX_POINT('',#7263);
#7263 = CARTESIAN_POINT('',(19.8,10.8,15.));
#7264 = SURFACE_CURVE('',#7265,(#7269,#7276),.PCURVE_S1.);
#7265 = LINE('',#7266,#7267);
#7266 = CARTESIAN_POINT('',(19.8,-12.3,15.));
#7267 = VECTOR('',#7268,1.);
#7268 = DIRECTION('',(0.,1.,0.));
#7269 = PCURVE('',#5149,#7270);
#7270 = DEFINITIONAL_REPRESENTATION('',(#7271),#7275);
#7271 = LINE('',#7272,#7273);
#7272 = CARTESIAN_POINT('',(39.6,0.));
#7273 = VECTOR('',#7274,1.);
#7274 = DIRECTION('',(0.,1.));
#7275 = ( GEOMETRIC_REPRESENTATION_CONTEXT(2) 
PARAMETRIC_REPRESENTATION_CONTEXT() REPRESENTATION_CONTEXT('2D SPACE',''
  ) );
#7276 = PCURVE('',#5655,#7277);
#7277 = DEFINITIONAL_REPRESENTATION('',(#7278),#7282);
#7278 = LINE('',#7279,#7280);
#7279 = CARTESIAN_POINT('',(7.,0.));
#7280 = VECTOR('',#7281,1.);
#7281 = DIRECTION('',(0.,-1.));
#7282 = ( GEOMETRIC_REPRESENTATION_CONTEXT(2) 
PARAMETRIC_REPRESENTATION_CONTEXT() REPRESENTATION_CONTEXT('2D SPACE',''
  ) );
#7283 = ORIENTED_EDGE('',*,*,#7284,.T.);
#7284 = EDGE_CURVE('',#7262,#7285,#7287,.T.);
#7285 = VERTEX_POINT('',#7286);
#7286 = CARTESIAN_POINT('',(18.3,12.3,15.));
#7287 = SURFACE_CURVE('',#7288,(#7293,#7300),.PCURVE_S1.);
#7288 = CIRCLE('',#7289,1.5);
#7289 = AXIS2_PLACEMENT_3D('',#7290,#7291,#7292);
#7290 = CARTESIAN_POINT('',(18.3,10.8,15.));
#7291 = DIRECTION('',(0.,0.,1.));
#7292 = DIRECTION('',(0.,-1.,0.));
#7293 = PCURVE('',#5149,#7294);
#7294 = DEFINITIONAL_REPRESENTATION('',(#7295),#7299);
#7295 = CIRCLE('',#7296,1.5);
#7296 = AXIS2_PLACEMENT_2D('',#7297,#7298);
#7297 = CARTESIAN_POINT('',(38.1,23.1));
#7298 = DIRECTION('',(0.,-1.));
#7299 = ( GEOMETRIC_REPRESENTATION_CONTEXT(2) 
PARAMETRIC_REPRESENTATION_CONTEXT() REPRESENTATION_CONTEXT('2D SPACE',''
  ) );
#7300 = PCURVE('',#5628,#7301);
#7301 = DEFINITIONAL_REPRESENTATION('',(#7302),#7306);
#7302 = LINE('',#7303,#7304);
#7303 = CARTESIAN_POINT('',(-1.570796326795,7.));
#7304 = VECTOR('',#7305,1.);
#7305 = DIRECTION('',(1.,0.));
#7306 = ( GEOMETRIC_REPRESENTATION_CONTEXT(2) 
PARAMETRIC_REPRESENTATION_CONTEXT() REPRESENTATION_CONTEXT('2D SPACE',''
  ) );
#7307 = ORIENTED_EDGE('',*,*,#7308,.F.);
#7308 = EDGE_CURVE('',#7309,#7285,#7311,.T.);
#7309 = VERTEX_POINT('',#7310);
#7310 = CARTESIAN_POINT('',(-18.3,12.3,15.));
#7311 = SURFACE_CURVE('',#7312,(#7316,#7323),.PCURVE_S1.);
#7312 = LINE('',#7313,#7314);
#7313 = CARTESIAN_POINT('',(-19.8,12.3,15.));
#7314 = VECTOR('',#7315,1.);
#7315 = DIRECTION('',(1.,0.,0.));
#7316 = PCURVE('',#5149,#7317);
#7317 = DEFINITIONAL_REPRESENTATION('',(#7318),#7322);
#7318 = LINE('',#7319,#7320);
#7319 = CARTESIAN_POINT('',(0.,24.6));
#7320 = VECTOR('',#7321,1.);
#7321 = DIRECTION('',(1.,0.));
#7322 = ( GEOMETRIC_REPRESENTATION_CONTEXT(2) 
PARAMETRIC_REPRESENTATION_CONTEXT() REPRESENTATION_CONTEXT('2D SPACE',''
  ) );
#7323 = PCURVE('',#5600,#7324);
#7324 = DEFINITIONAL_REPRESENTATION('',(#7325),#7329);
#7325 = LINE('',#7326,#7327);
#7326 = CARTESIAN_POINT('',(7.,0.));
#7327 = VECTOR('',#7328,1.);
#7328 = DIRECTION('',(0.,1.));
#7329 = ( GEOMETRIC_REPRESENTATION_CONTEXT(2) 
PARAMETRIC_REPRESENTATION_CONTEXT() REPRESENTATION_CONTEXT('2D SPACE',''
  ) );
#7330 = ORIENTED_EDGE('',*,*,#7331,.F.);
#7331 = EDGE_CURVE('',#7112,#7309,#7332,.T.);
#7332 = SURFACE_CURVE('',#7333,(#7338,#7349),.PCURVE_S1.);
#7333 = CIRCLE('',#7334,1.5);
#7334 = AXIS2_PLACEMENT_3D('',#7335,#7336,#7337);
#7335 = CARTESIAN_POINT('',(-18.3,10.8,15.));
#7336 = DIRECTION('',(-0.,-0.,-1.));
#7337 = DIRECTION('',(0.,-1.,0.));
#7338 = PCURVE('',#5149,#7339);
#7339 = DEFINITIONAL_REPRESENTATION('',(#7340),#7348);
#7340 = ( BOUNDED_CURVE() B_SPLINE_CURVE(2,(#7341,#7342,#7343,#7344,
#7345,#7346,#7347),.UNSPECIFIED.,.T.,.F.) B_SPLINE_CURVE_WITH_KNOTS((1,2
    ,2,2,2,1),(-2.094395102393,0.,2.094395102393,4.188790204786,
6.28318530718,8.377580409573),.UNSPECIFIED.) CURVE() 
GEOMETRIC_REPRESENTATION_ITEM() RATIONAL_B_SPLINE_CURVE((1.,0.5,1.,0.5,
1.,0.5,1.)) REPRESENTATION_ITEM('') );
#7341 = CARTESIAN_POINT('',(1.5,21.6));
#7342 = CARTESIAN_POINT('',(-1.098076211353,21.6));
#7343 = CARTESIAN_POINT('',(0.200961894323,23.85));
#7344 = CARTESIAN_POINT('',(1.5,26.1));
#7345 = CARTESIAN_POINT('',(2.799038105677,23.85));
#7346 = CARTESIAN_POINT('',(4.098076211353,21.6));
#7347 = CARTESIAN_POINT('',(1.5,21.6));
#7348 = ( GEOMETRIC_REPRESENTATION_CONTEXT(2) 
PARAMETRIC_REPRESENTATION_CONTEXT() REPRESENTATION_CONTEXT('2D SPACE',''
  ) );
#7349 = PCURVE('',#5573,#7350);
#7350 = DEFINITIONAL_REPRESENTATION('',(#7351),#7355);
#7351 = LINE('',#7352,#7353);
#7352 = CARTESIAN_POINT('',(1.570796326795,7.));
#7353 = VECTOR('',#7354,1.);
#7354 = DIRECTION('',(-1.,0.));
#7355 = ( GEOMETRIC_REPRESENTATION_CONTEXT(2) 
PARAMETRIC_REPRESENTATION_CONTEXT() REPRESENTATION_CONTEXT('2D SPACE',''
  ) );
#7356 = ORIENTED_EDGE('',*,*,#7134,.F.);
#7357 = ORIENTED_EDGE('',*,*,#5260,.F.);
#7358 = ORIENTED_EDGE('',*,*,#6201,.F.);
#7359 = ORIENTED_EDGE('',*,*,#5134,.T.);
#7360 = ADVANCED_FACE('',(#7361),#5523,.F.);
#7361 = FACE_BOUND('',#7362,.F.);
#7362 = EDGE_LOOP('',(#7363,#7364,#7365,#7386));
#7363 = ORIENTED_EDGE('',*,*,#7089,.F.);
#7364 = ORIENTED_EDGE('',*,*,#5504,.T.);
#7365 = ORIENTED_EDGE('',*,*,#7366,.T.);
#7366 = EDGE_CURVE('',#5507,#7163,#7367,.T.);
#7367 = SURFACE_CURVE('',#7368,(#7372,#7379),.PCURVE_S1.);
#7368 = LINE('',#7369,#7370);
#7369 = CARTESIAN_POINT('',(-18.3,-12.3,8.));
#7370 = VECTOR('',#7371,1.);
#7371 = DIRECTION('',(0.,0.,1.));
#7372 = PCURVE('',#5523,#7373);
#7373 = DEFINITIONAL_REPRESENTATION('',(#7374),#7378);
#7374 = LINE('',#7375,#7376);
#7375 = CARTESIAN_POINT('',(1.570796326795,0.));
#7376 = VECTOR('',#7377,1.);
#7377 = DIRECTION('',(0.,1.));
#7378 = ( GEOMETRIC_REPRESENTATION_CONTEXT(2) 
PARAMETRIC_REPRESENTATION_CONTEXT() REPRESENTATION_CONTEXT('2D SPACE',''
  ) );
#7379 = PCURVE('',#5708,#7380);
#7380 = DEFINITIONAL_REPRESENTATION('',(#7381),#7385);
#7381 = LINE('',#7382,#7383);
#7382 = CARTESIAN_POINT('',(0.,1.5));
#7383 = VECTOR('',#7384,1.);
#7384 = DIRECTION('',(1.,0.));
#7385 = ( GEOMETRIC_REPRESENTATION_CONTEXT(2) 
PARAMETRIC_REPRESENTATION_CONTEXT() REPRESENTATION_CONTEXT('2D SPACE',''
  ) );
#7386 = ORIENTED_EDGE('',*,*,#7162,.F.);
#7387 = ADVANCED_FACE('',(#7388,#7414,#7500,#7586,#7672),#5708,.T.);
#7388 = FACE_BOUND('',#7389,.T.);
#7389 = EDGE_LOOP('',(#7390,#7391,#7392,#7393));
#7390 = ORIENTED_EDGE('',*,*,#5695,.T.);
#7391 = ORIENTED_EDGE('',*,*,#7366,.T.);
#7392 = ORIENTED_EDGE('',*,*,#7186,.T.);
#7393 = ORIENTED_EDGE('',*,*,#7394,.F.);
#7394 = EDGE_CURVE('',#5667,#7187,#7395,.T.);
#7395 = SURFACE_CURVE('',#7396,(#7400,#7407),.PCURVE_S1.);
#7396 = LINE('',#7397,#7398);
#7397 = CARTESIAN_POINT('',(18.3,-12.3,8.));
#7398 = VECTOR('',#7399,1.);
#7399 = DIRECTION('',(0.,0.,1.));
#7400 = PCURVE('',#5708,#7401);
#7401 = DEFINITIONAL_REPRESENTATION('',(#7402),#7406);
#7402 = LINE('',#7403,#7404);
#7403 = CARTESIAN_POINT('',(0.,38.1));
#7404 = VECTOR('',#7405,1.);
#7405 = DIRECTION('',(1.,0.));
#7406 = ( GEOMETRIC_REPRESENTATION_CONTEXT(2) 
PARAMETRIC_REPRESENTATION_CONTEXT() REPRESENTATION_CONTEXT('2D SPACE',''
  ) );
#7407 = PCURVE('',#5683,#7408);
#7408 = DEFINITIONAL_REPRESENTATION('',(#7409),#7413);
#7409 = LINE('',#7410,#7411);
#7410 = CARTESIAN_POINT('',(-1.570796326795,0.));
#7411 = VECTOR('',#7412,1.);
#7412 = DIRECTION('',(-0.,1.));
#7413 = ( GEOMETRIC_REPRESENTATION_CONTEXT(2) 
PARAMETRIC_REPRESENTATION_CONTEXT() REPRESENTATION_CONTEXT('2D SPACE',''
  ) );
#7414 = FACE_BOUND('',#7415,.T.);
#7415 = EDGE_LOOP('',(#7416,#7439,#7460,#7481));
#7416 = ORIENTED_EDGE('',*,*,#7417,.F.);
#7417 = EDGE_CURVE('',#7418,#7420,#7422,.T.);
#7418 = VERTEX_POINT('',#7419);
#7419 = CARTESIAN_POINT('',(-9.863046398643,-12.3,13.807872325063));
#7420 = VERTEX_POINT('',#7421);
#7421 = CARTESIAN_POINT('',(-9.102201185607,-12.3,14.055085920563));
#7422 = SURFACE_CURVE('',#7423,(#7427,#7433),.PCURVE_S1.);
#7423 = LINE('',#7424,#7425);
#7424 = CARTESIAN_POINT('',(-15.2105213079,-12.3,12.070372401933));
#7425 = VECTOR('',#7426,1.);
#7426 = DIRECTION('',(0.951056516295,-0.,0.309016994375));
#7427 = PCURVE('',#5708,#7428);
#7428 = DEFINITIONAL_REPRESENTATION('',(#7429),#7432);
#7429 = B_SPLINE_CURVE_WITH_KNOTS('',1,(#7430,#7431),.UNSPECIFIED.,.F.,
  .F.,(2,2),(5.622667862149,6.422667862149),.PIECEWISE_BEZIER_KNOTS.);
#7430 = CARTESIAN_POINT('',(5.807872325063,9.936953601357));
#7431 = CARTESIAN_POINT('',(6.055085920563,10.697798814393));
#7432 = ( GEOMETRIC_REPRESENTATION_CONTEXT(2) 
PARAMETRIC_REPRESENTATION_CONTEXT() REPRESENTATION_CONTEXT('2D SPACE',''
  ) );
#7433 = PCURVE('',#5898,#7434);
#7434 = DEFINITIONAL_REPRESENTATION('',(#7435),#7438);
#7435 = B_SPLINE_CURVE_WITH_KNOTS('',1,(#7436,#7437),.UNSPECIFIED.,.F.,
  .F.,(2,2),(5.622667862149,6.422667862149),.PIECEWISE_BEZIER_KNOTS.);
#7436 = CARTESIAN_POINT('',(0.,4.2));
#7437 = CARTESIAN_POINT('',(0.8,4.2));
#7438 = ( GEOMETRIC_REPRESENTATION_CONTEXT(2) 
PARAMETRIC_REPRESENTATION_CONTEXT() REPRESENTATION_CONTEXT('2D SPACE',''
  ) );
#7439 = ORIENTED_EDGE('',*,*,#7440,.T.);
#7440 = EDGE_CURVE('',#7418,#7441,#7443,.T.);
#7441 = VERTEX_POINT('',#7442);
#7442 = CARTESIAN_POINT('',(-8.997798814393,-12.3,11.144914079437));
#7443 = SURFACE_CURVE('',#7444,(#7448,#7454),.PCURVE_S1.);
#7444 = LINE('',#7445,#7446);
#7445 = CARTESIAN_POINT('',(-9.051424497937,-12.3,11.309956962848));
#7446 = VECTOR('',#7447,1.);
#7447 = DIRECTION('',(0.309016994375,0.,-0.951056516295));
#7448 = PCURVE('',#5708,#7449);
#7449 = DEFINITIONAL_REPRESENTATION('',(#7450),#7453);
#7450 = B_SPLINE_CURVE_WITH_KNOTS('',1,(#7451,#7452),.UNSPECIFIED.,.F.,
  .F.,(2,2),(-2.626463642714,0.173536357286),.PIECEWISE_BEZIER_KNOTS.);
#7451 = CARTESIAN_POINT('',(5.807872325063,9.936953601357));
#7452 = CARTESIAN_POINT('',(3.144914079437,10.802201185607));
#7453 = ( GEOMETRIC_REPRESENTATION_CONTEXT(2) 
PARAMETRIC_REPRESENTATION_CONTEXT() REPRESENTATION_CONTEXT('2D SPACE',''
  ) );
#7454 = PCURVE('',#5924,#7455);
#7455 = DEFINITIONAL_REPRESENTATION('',(#7456),#7459);
#7456 = B_SPLINE_CURVE_WITH_KNOTS('',1,(#7457,#7458),.UNSPECIFIED.,.F.,
  .F.,(2,2),(-2.626463642714,0.173536357286),.PIECEWISE_BEZIER_KNOTS.);
#7457 = CARTESIAN_POINT('',(2.8,-4.2));
#7458 = CARTESIAN_POINT('',(0.,-4.2));
#7459 = ( GEOMETRIC_REPRESENTATION_CONTEXT(2) 
PARAMETRIC_REPRESENTATION_CONTEXT() REPRESENTATION_CONTEXT('2D SPACE',''
  ) );
#7460 = ORIENTED_EDGE('',*,*,#7461,.T.);
#7461 = EDGE_CURVE('',#7441,#7462,#7464,.T.);
#7462 = VERTEX_POINT('',#7463);
#7463 = CARTESIAN_POINT('',(-8.236953601357,-12.3,11.392127674937));
#7464 = SURFACE_CURVE('',#7465,(#7469,#7475),.PCURVE_S1.);
#7465 = LINE('',#7466,#7467);
#7466 = CARTESIAN_POINT('',(-14.34527372365,-12.3,9.407414156307));
#7467 = VECTOR('',#7468,1.);
#7468 = DIRECTION('',(0.951056516295,-0.,0.309016994375));
#7469 = PCURVE('',#5708,#7470);
#7470 = DEFINITIONAL_REPRESENTATION('',(#7471),#7474);
#7471 = B_SPLINE_CURVE_WITH_KNOTS('',1,(#7472,#7473),.UNSPECIFIED.,.F.,
  .F.,(2,2),(5.622667862149,6.422667862149),.PIECEWISE_BEZIER_KNOTS.);
#7472 = CARTESIAN_POINT('',(3.144914079437,10.802201185607));
#7473 = CARTESIAN_POINT('',(3.392127674937,11.563046398643));
#7474 = ( GEOMETRIC_REPRESENTATION_CONTEXT(2) 
PARAMETRIC_REPRESENTATION_CONTEXT() REPRESENTATION_CONTEXT('2D SPACE',''
  ) );
#7475 = PCURVE('',#5950,#7476);
#7476 = DEFINITIONAL_REPRESENTATION('',(#7477),#7480);
#7477 = B_SPLINE_CURVE_WITH_KNOTS('',1,(#7478,#7479),.UNSPECIFIED.,.F.,
  .F.,(2,2),(5.622667862149,6.422667862149),.PIECEWISE_BEZIER_KNOTS.);
#7478 = CARTESIAN_POINT('',(0.,4.2));
#7479 = CARTESIAN_POINT('',(0.8,4.2));
#7480 = ( GEOMETRIC_REPRESENTATION_CONTEXT(2) 
PARAMETRIC_REPRESENTATION_CONTEXT() REPRESENTATION_CONTEXT('2D SPACE',''
  ) );
#7481 = ORIENTED_EDGE('',*,*,#7482,.F.);
#7482 = EDGE_CURVE('',#7420,#7462,#7483,.T.);
#7483 = SURFACE_CURVE('',#7484,(#7488,#7494),.PCURVE_S1.);
#7484 = LINE('',#7485,#7486);
#7485 = CARTESIAN_POINT('',(-8.2905792849,-12.3,11.557170558348));
#7486 = VECTOR('',#7487,1.);
#7487 = DIRECTION('',(0.309016994375,0.,-0.951056516295));
#7488 = PCURVE('',#5708,#7489);
#7489 = DEFINITIONAL_REPRESENTATION('',(#7490),#7493);
#7490 = B_SPLINE_CURVE_WITH_KNOTS('',1,(#7491,#7492),.UNSPECIFIED.,.F.,
  .F.,(2,2),(-2.626463642714,0.173536357286),.PIECEWISE_BEZIER_KNOTS.);
#7491 = CARTESIAN_POINT('',(6.055085920563,10.697798814393));
#7492 = CARTESIAN_POINT('',(3.392127674937,11.563046398643));
#7493 = ( GEOMETRIC_REPRESENTATION_CONTEXT(2) 
PARAMETRIC_REPRESENTATION_CONTEXT() REPRESENTATION_CONTEXT('2D SPACE',''
  ) );
#7494 = PCURVE('',#5974,#7495);
#7495 = DEFINITIONAL_REPRESENTATION('',(#7496),#7499);
#7496 = B_SPLINE_CURVE_WITH_KNOTS('',1,(#7497,#7498),.UNSPECIFIED.,.F.,
  .F.,(2,2),(-2.626463642714,0.173536357286),.PIECEWISE_BEZIER_KNOTS.);
#7497 = CARTESIAN_POINT('',(2.8,-4.2));
#7498 = CARTESIAN_POINT('',(0.,-4.2));
#7499 = ( GEOMETRIC_REPRESENTATION_CONTEXT(2) 
PARAMETRIC_REPRESENTATION_CONTEXT() REPRESENTATION_CONTEXT('2D SPACE',''
  ) );
#7500 = FACE_BOUND('',#7501,.T.);
#7501 = EDGE_LOOP('',(#7502,#7525,#7546,#7567));
#7502 = ORIENTED_EDGE('',*,*,#7503,.F.);
#7503 = EDGE_CURVE('',#7504,#7506,#7508,.T.);
#7504 = VERTEX_POINT('',#7505);
#7505 = CARTESIAN_POINT('',(-11.76304639864,-12.3,13.807872325063));
#7506 = VERTEX_POINT('',#7507);
#7507 = CARTESIAN_POINT('',(-11.0022011856,-12.3,14.055085920563));
#7508 = SURFACE_CURVE('',#7509,(#7513,#7519),.PCURVE_S1.);
#7509 = LINE('',#7510,#7511);
#7510 = CARTESIAN_POINT('',(-16.25123823557,-12.3,12.349570396772));
#7511 = VECTOR('',#7512,1.);
#7512 = DIRECTION('',(0.951056516295,-0.,0.309016994375));
#7513 = PCURVE('',#5708,#7514);
#7514 = DEFINITIONAL_REPRESENTATION('',(#7515),#7518);
#7515 = B_SPLINE_CURVE_WITH_KNOTS('',1,(#7516,#7517),.UNSPECIFIED.,.F.,
  .F.,(2,2),(4.719164171668,5.519164171668),.PIECEWISE_BEZIER_KNOTS.);
#7516 = CARTESIAN_POINT('',(5.807872325063,8.036953601357));
#7517 = CARTESIAN_POINT('',(6.055085920563,8.797798814393));
#7518 = ( GEOMETRIC_REPRESENTATION_CONTEXT(2) 
PARAMETRIC_REPRESENTATION_CONTEXT() REPRESENTATION_CONTEXT('2D SPACE',''
  ) );
#7519 = PCURVE('',#5792,#7520);
#7520 = DEFINITIONAL_REPRESENTATION('',(#7521),#7524);
#7521 = B_SPLINE_CURVE_WITH_KNOTS('',1,(#7522,#7523),.UNSPECIFIED.,.F.,
  .F.,(2,2),(4.719164171668,5.519164171668),.PIECEWISE_BEZIER_KNOTS.);
#7522 = CARTESIAN_POINT('',(0.,4.2));
#7523 = CARTESIAN_POINT('',(0.8,4.2));
#7524 = ( GEOMETRIC_REPRESENTATION_CONTEXT(2) 
PARAMETRIC_REPRESENTATION_CONTEXT() REPRESENTATION_CONTEXT('2D SPACE',''
  ) );
#7525 = ORIENTED_EDGE('',*,*,#7526,.T.);
#7526 = EDGE_CURVE('',#7504,#7527,#7529,.T.);
#7527 = VERTEX_POINT('',#7528);
#7528 = CARTESIAN_POINT('',(-10.89779881439,-12.3,11.144914079437));
#7529 = SURFACE_CURVE('',#7530,(#7534,#7540),.PCURVE_S1.);
#7530 = LINE('',#7531,#7532);
#7531 = CARTESIAN_POINT('',(-10.86070757026,-12.3,11.030758968009));
#7532 = VECTOR('',#7533,1.);
#7533 = DIRECTION('',(0.309016994375,0.,-0.951056516295));
#7534 = PCURVE('',#5708,#7535);
#7535 = DEFINITIONAL_REPRESENTATION('',(#7536),#7539);
#7536 = B_SPLINE_CURVE_WITH_KNOTS('',1,(#7537,#7538),.UNSPECIFIED.,.F.,
  .F.,(2,2),(-2.92002978737,-0.12002978737),.PIECEWISE_BEZIER_KNOTS.);
#7537 = CARTESIAN_POINT('',(5.807872325063,8.036953601357));
#7538 = CARTESIAN_POINT('',(3.144914079437,8.902201185607));
#7539 = ( GEOMETRIC_REPRESENTATION_CONTEXT(2) 
PARAMETRIC_REPRESENTATION_CONTEXT() REPRESENTATION_CONTEXT('2D SPACE',''
  ) );
#7540 = PCURVE('',#5818,#7541);
#7541 = DEFINITIONAL_REPRESENTATION('',(#7542),#7545);
#7542 = B_SPLINE_CURVE_WITH_KNOTS('',1,(#7543,#7544),.UNSPECIFIED.,.F.,
  .F.,(2,2),(-2.92002978737,-0.12002978737),.PIECEWISE_BEZIER_KNOTS.);
#7543 = CARTESIAN_POINT('',(2.8,-4.2));
#7544 = CARTESIAN_POINT('',(0.,-4.2));
#7545 = ( GEOMETRIC_REPRESENTATION_CONTEXT(2) 
PARAMETRIC_REPRESENTATION_CONTEXT() REPRESENTATION_CONTEXT('2D SPACE',''
  ) );
#7546 = ORIENTED_EDGE('',*,*,#7547,.T.);
#7547 = EDGE_CURVE('',#7527,#7548,#7550,.T.);
#7548 = VERTEX_POINT('',#7549);
#7549 = CARTESIAN_POINT('',(-10.13695360135,-12.3,11.392127674937));
#7550 = SURFACE_CURVE('',#7551,(#7555,#7561),.PCURVE_S1.);
#7551 = LINE('',#7552,#7553);
#7552 = CARTESIAN_POINT('',(-15.38599065132,-12.3,9.686612151146));
#7553 = VECTOR('',#7554,1.);
#7554 = DIRECTION('',(0.951056516295,-0.,0.309016994375));
#7555 = PCURVE('',#5708,#7556);
#7556 = DEFINITIONAL_REPRESENTATION('',(#7557),#7560);
#7557 = B_SPLINE_CURVE_WITH_KNOTS('',1,(#7558,#7559),.UNSPECIFIED.,.F.,
  .F.,(2,2),(4.719164171668,5.519164171668),.PIECEWISE_BEZIER_KNOTS.);
#7558 = CARTESIAN_POINT('',(3.144914079437,8.902201185607));
#7559 = CARTESIAN_POINT('',(3.392127674937,9.663046398643));
#7560 = ( GEOMETRIC_REPRESENTATION_CONTEXT(2) 
PARAMETRIC_REPRESENTATION_CONTEXT() REPRESENTATION_CONTEXT('2D SPACE',''
  ) );
#7561 = PCURVE('',#5844,#7562);
#7562 = DEFINITIONAL_REPRESENTATION('',(#7563),#7566);
#7563 = B_SPLINE_CURVE_WITH_KNOTS('',1,(#7564,#7565),.UNSPECIFIED.,.F.,
  .F.,(2,2),(4.719164171668,5.519164171668),.PIECEWISE_BEZIER_KNOTS.);
#7564 = CARTESIAN_POINT('',(0.,4.2));
#7565 = CARTESIAN_POINT('',(0.8,4.2));
#7566 = ( GEOMETRIC_REPRESENTATION_CONTEXT(2) 
PARAMETRIC_REPRESENTATION_CONTEXT() REPRESENTATION_CONTEXT('2D SPACE',''
  ) );
#7567 = ORIENTED_EDGE('',*,*,#7568,.F.);
#7568 = EDGE_CURVE('',#7506,#7548,#7569,.T.);
#7569 = SURFACE_CURVE('',#7570,(#7574,#7580),.PCURVE_S1.);
#7570 = LINE('',#7571,#7572);
#7571 = CARTESIAN_POINT('',(-10.09986235722,-12.3,11.277972563509));
#7572 = VECTOR('',#7573,1.);
#7573 = DIRECTION('',(0.309016994375,0.,-0.951056516295));
#7574 = PCURVE('',#5708,#7575);
#7575 = DEFINITIONAL_REPRESENTATION('',(#7576),#7579);
#7576 = B_SPLINE_CURVE_WITH_KNOTS('',1,(#7577,#7578),.UNSPECIFIED.,.F.,
  .F.,(2,2),(-2.92002978737,-0.12002978737),.PIECEWISE_BEZIER_KNOTS.);
#7577 = CARTESIAN_POINT('',(6.055085920563,8.797798814393));
#7578 = CARTESIAN_POINT('',(3.392127674937,9.663046398643));
#7579 = ( GEOMETRIC_REPRESENTATION_CONTEXT(2) 
PARAMETRIC_REPRESENTATION_CONTEXT() REPRESENTATION_CONTEXT('2D SPACE',''
  ) );
#7580 = PCURVE('',#5868,#7581);
#7581 = DEFINITIONAL_REPRESENTATION('',(#7582),#7585);
#7582 = B_SPLINE_CURVE_WITH_KNOTS('',1,(#7583,#7584),.UNSPECIFIED.,.F.,
  .F.,(2,2),(-2.92002978737,-0.12002978737),.PIECEWISE_BEZIER_KNOTS.);
#7583 = CARTESIAN_POINT('',(2.8,-4.2));
#7584 = CARTESIAN_POINT('',(0.,-4.2));
#7585 = ( GEOMETRIC_REPRESENTATION_CONTEXT(2) 
PARAMETRIC_REPRESENTATION_CONTEXT() REPRESENTATION_CONTEXT('2D SPACE',''
  ) );
#7586 = FACE_BOUND('',#7587,.T.);
#7587 = EDGE_LOOP('',(#7588,#7611,#7632,#7653));
#7588 = ORIENTED_EDGE('',*,*,#7589,.F.);
#7589 = EDGE_CURVE('',#7590,#7592,#7594,.T.);
#7590 = VERTEX_POINT('',#7591);
#7591 = CARTESIAN_POINT('',(8.236953601357,-12.3,13.807872325063));
#7592 = VERTEX_POINT('',#7593);
#7593 = CARTESIAN_POINT('',(8.997798814393,-12.3,14.055085920563));
#7594 = SURFACE_CURVE('',#7595,(#7599,#7605),.PCURVE_S1.);
#7595 = LINE('',#7596,#7597);
#7596 = CARTESIAN_POINT('',(-5.29632320745,-12.3,9.41064413531));
#7597 = VECTOR('',#7598,1.);
#7598 = DIRECTION('',(0.951056516295,-0.,0.309016994375));
#7599 = PCURVE('',#5708,#7600);
#7600 = DEFINITIONAL_REPRESENTATION('',(#7601),#7604);
#7601 = B_SPLINE_CURVE_WITH_KNOTS('',1,(#7602,#7603),.UNSPECIFIED.,.F.,
  .F.,(2,2),(14.22972933462,15.02972933462),.PIECEWISE_BEZIER_KNOTS.);
#7602 = CARTESIAN_POINT('',(5.807872325063,28.036953601357));
#7603 = CARTESIAN_POINT('',(6.055085920563,28.797798814393));
#7604 = ( GEOMETRIC_REPRESENTATION_CONTEXT(2) 
PARAMETRIC_REPRESENTATION_CONTEXT() REPRESENTATION_CONTEXT('2D SPACE',''
  ) );
#7605 = PCURVE('',#6004,#7606);
#7606 = DEFINITIONAL_REPRESENTATION('',(#7607),#7610);
#7607 = B_SPLINE_CURVE_WITH_KNOTS('',1,(#7608,#7609),.UNSPECIFIED.,.F.,
  .F.,(2,2),(14.22972933462,15.02972933462),.PIECEWISE_BEZIER_KNOTS.);
#7608 = CARTESIAN_POINT('',(0.,4.2));
#7609 = CARTESIAN_POINT('',(0.8,4.2));
#7610 = ( GEOMETRIC_REPRESENTATION_CONTEXT(2) 
PARAMETRIC_REPRESENTATION_CONTEXT() REPRESENTATION_CONTEXT('2D SPACE',''
  ) );
#7611 = ORIENTED_EDGE('',*,*,#7612,.T.);
#7612 = EDGE_CURVE('',#7590,#7613,#7615,.T.);
#7613 = VERTEX_POINT('',#7614);
#7614 = CARTESIAN_POINT('',(9.102201185607,-12.3,11.144914079437));
#7615 = SURFACE_CURVE('',#7616,(#7620,#7626),.PCURVE_S1.);
#7616 = LINE('',#7617,#7618);
#7617 = CARTESIAN_POINT('',(8.18437740161,-12.3,13.969685229472));
#7618 = VECTOR('',#7619,1.);
#7619 = DIRECTION('',(0.309016994375,0.,-0.951056516295));
#7620 = PCURVE('',#5708,#7621);
#7621 = DEFINITIONAL_REPRESENTATION('',(#7622),#7625);
#7622 = B_SPLINE_CURVE_WITH_KNOTS('',1,(#7623,#7624),.UNSPECIFIED.,.F.,
  .F.,(2,2),(0.17014015638,2.97014015638),.PIECEWISE_BEZIER_KNOTS.);
#7623 = CARTESIAN_POINT('',(5.807872325063,28.036953601357));
#7624 = CARTESIAN_POINT('',(3.144914079437,28.902201185607));
#7625 = ( GEOMETRIC_REPRESENTATION_CONTEXT(2) 
PARAMETRIC_REPRESENTATION_CONTEXT() REPRESENTATION_CONTEXT('2D SPACE',''
  ) );
#7626 = PCURVE('',#6030,#7627);
#7627 = DEFINITIONAL_REPRESENTATION('',(#7628),#7631);
#7628 = B_SPLINE_CURVE_WITH_KNOTS('',1,(#7629,#7630),.UNSPECIFIED.,.F.,
  .F.,(2,2),(0.17014015638,2.97014015638),.PIECEWISE_BEZIER_KNOTS.);
#7629 = CARTESIAN_POINT('',(2.8,-4.2));
#7630 = CARTESIAN_POINT('',(0.,-4.2));
#7631 = ( GEOMETRIC_REPRESENTATION_CONTEXT(2) 
PARAMETRIC_REPRESENTATION_CONTEXT() REPRESENTATION_CONTEXT('2D SPACE',''
  ) );
#7632 = ORIENTED_EDGE('',*,*,#7633,.T.);
#7633 = EDGE_CURVE('',#7613,#7634,#7636,.T.);
#7634 = VERTEX_POINT('',#7635);
#7635 = CARTESIAN_POINT('',(9.863046398643,-12.3,11.392127674937));
#7636 = SURFACE_CURVE('',#7637,(#7641,#7647),.PCURVE_S1.);
#7637 = LINE('',#7638,#7639);
#7638 = CARTESIAN_POINT('',(-4.4310756232,-12.3,6.747685889684));
#7639 = VECTOR('',#7640,1.);
#7640 = DIRECTION('',(0.951056516295,-0.,0.309016994375));
#7641 = PCURVE('',#5708,#7642);
#7642 = DEFINITIONAL_REPRESENTATION('',(#7643),#7646);
#7643 = B_SPLINE_CURVE_WITH_KNOTS('',1,(#7644,#7645),.UNSPECIFIED.,.F.,
  .F.,(2,2),(14.22972933462,15.02972933462),.PIECEWISE_BEZIER_KNOTS.);
#7644 = CARTESIAN_POINT('',(3.144914079437,28.902201185607));
#7645 = CARTESIAN_POINT('',(3.392127674937,29.663046398643));
#7646 = ( GEOMETRIC_REPRESENTATION_CONTEXT(2) 
PARAMETRIC_REPRESENTATION_CONTEXT() REPRESENTATION_CONTEXT('2D SPACE',''
  ) );
#7647 = PCURVE('',#6056,#7648);
#7648 = DEFINITIONAL_REPRESENTATION('',(#7649),#7652);
#7649 = B_SPLINE_CURVE_WITH_KNOTS('',1,(#7650,#7651),.UNSPECIFIED.,.F.,
  .F.,(2,2),(14.22972933462,15.02972933462),.PIECEWISE_BEZIER_KNOTS.);
#7650 = CARTESIAN_POINT('',(0.,4.2));
#7651 = CARTESIAN_POINT('',(0.8,4.2));
#7652 = ( GEOMETRIC_REPRESENTATION_CONTEXT(2) 
PARAMETRIC_REPRESENTATION_CONTEXT() REPRESENTATION_CONTEXT('2D SPACE',''
  ) );
#7653 = ORIENTED_EDGE('',*,*,#7654,.F.);
#7654 = EDGE_CURVE('',#7592,#7634,#7655,.T.);
#7655 = SURFACE_CURVE('',#7656,(#7660,#7666),.PCURVE_S1.);
#7656 = LINE('',#7657,#7658);
#7657 = CARTESIAN_POINT('',(8.945222614646,-12.3,14.216898824972));
#7658 = VECTOR('',#7659,1.);
#7659 = DIRECTION('',(0.309016994375,0.,-0.951056516295));
#7660 = PCURVE('',#5708,#7661);
#7661 = DEFINITIONAL_REPRESENTATION('',(#7662),#7665);
#7662 = B_SPLINE_CURVE_WITH_KNOTS('',1,(#7663,#7664),.UNSPECIFIED.,.F.,
  .F.,(2,2),(0.17014015638,2.97014015638),.PIECEWISE_BEZIER_KNOTS.);
#7663 = CARTESIAN_POINT('',(6.055085920563,28.797798814393));
#7664 = CARTESIAN_POINT('',(3.392127674937,29.663046398643));
#7665 = ( GEOMETRIC_REPRESENTATION_CONTEXT(2) 
PARAMETRIC_REPRESENTATION_CONTEXT() REPRESENTATION_CONTEXT('2D SPACE',''
  ) );
#7666 = PCURVE('',#6080,#7667);
#7667 = DEFINITIONAL_REPRESENTATION('',(#7668),#7671);
#7668 = B_SPLINE_CURVE_WITH_KNOTS('',1,(#7669,#7670),.UNSPECIFIED.,.F.,
  .F.,(2,2),(0.17014015638,2.97014015638),.PIECEWISE_BEZIER_KNOTS.);
#7669 = CARTESIAN_POINT('',(2.8,-4.2));
#7670 = CARTESIAN_POINT('',(0.,-4.2));
#7671 = ( GEOMETRIC_REPRESENTATION_CONTEXT(2) 
PARAMETRIC_REPRESENTATION_CONTEXT() REPRESENTATION_CONTEXT('2D SPACE',''
  ) );
#7672 = FACE_BOUND('',#7673,.T.);
#7673 = EDGE_LOOP('',(#7674,#7697,#7718,#7739));
#7674 = ORIENTED_EDGE('',*,*,#7675,.F.);
#7675 = EDGE_CURVE('',#7676,#7678,#7680,.T.);
#7676 = VERTEX_POINT('',#7677);
#7677 = CARTESIAN_POINT('',(10.136953601357,-12.3,13.807872325063));
#7678 = VERTEX_POINT('',#7679);
#7679 = CARTESIAN_POINT('',(10.897798814393,-12.3,14.055085920563));
#7680 = SURFACE_CURVE('',#7681,(#7685,#7691),.PCURVE_S1.);
#7681 = LINE('',#7682,#7683);
#7682 = CARTESIAN_POINT('',(-4.255606279778,-12.3,9.131446140471));
#7683 = VECTOR('',#7684,1.);
#7684 = DIRECTION('',(0.951056516295,-0.,0.309016994375));
#7685 = PCURVE('',#5708,#7686);
#7686 = DEFINITIONAL_REPRESENTATION('',(#7687),#7690);
#7687 = B_SPLINE_CURVE_WITH_KNOTS('',1,(#7688,#7689),.UNSPECIFIED.,.F.,
  .F.,(2,2),(15.1332330251,15.9332330251),.PIECEWISE_BEZIER_KNOTS.);
#7688 = CARTESIAN_POINT('',(5.807872325063,29.936953601357));
#7689 = CARTESIAN_POINT('',(6.055085920563,30.697798814393));
#7690 = ( GEOMETRIC_REPRESENTATION_CONTEXT(2) 
PARAMETRIC_REPRESENTATION_CONTEXT() REPRESENTATION_CONTEXT('2D SPACE',''
  ) );
#7691 = PCURVE('',#6110,#7692);
#7692 = DEFINITIONAL_REPRESENTATION('',(#7693),#7696);
#7693 = B_SPLINE_CURVE_WITH_KNOTS('',1,(#7694,#7695),.UNSPECIFIED.,.F.,
  .F.,(2,2),(15.1332330251,15.9332330251),.PIECEWISE_BEZIER_KNOTS.);
#7694 = CARTESIAN_POINT('',(0.,4.2));
#7695 = CARTESIAN_POINT('',(0.8,4.2));
#7696 = ( GEOMETRIC_REPRESENTATION_CONTEXT(2) 
PARAMETRIC_REPRESENTATION_CONTEXT() REPRESENTATION_CONTEXT('2D SPACE',''
  ) );
#7697 = ORIENTED_EDGE('',*,*,#7698,.T.);
#7698 = EDGE_CURVE('',#7676,#7699,#7701,.T.);
#7699 = VERTEX_POINT('',#7700);
#7700 = CARTESIAN_POINT('',(11.002201185607,-12.3,11.144914079437));
#7701 = SURFACE_CURVE('',#7702,(#7706,#7712),.PCURVE_S1.);
#7702 = LINE('',#7703,#7704);
#7703 = CARTESIAN_POINT('',(9.993660473938,-12.3,14.248883224311));
#7704 = VECTOR('',#7705,1.);
#7705 = DIRECTION('',(0.309016994375,0.,-0.951056516295));
#7706 = PCURVE('',#5708,#7707);
#7707 = DEFINITIONAL_REPRESENTATION('',(#7708),#7711);
#7708 = B_SPLINE_CURVE_WITH_KNOTS('',1,(#7709,#7710),.UNSPECIFIED.,.F.,
  .F.,(2,2),(0.463706301036,3.263706301036),.PIECEWISE_BEZIER_KNOTS.);
#7709 = CARTESIAN_POINT('',(5.807872325063,29.936953601357));
#7710 = CARTESIAN_POINT('',(3.144914079437,30.802201185607));
#7711 = ( GEOMETRIC_REPRESENTATION_CONTEXT(2) 
PARAMETRIC_REPRESENTATION_CONTEXT() REPRESENTATION_CONTEXT('2D SPACE',''
  ) );
#7712 = PCURVE('',#6136,#7713);
#7713 = DEFINITIONAL_REPRESENTATION('',(#7714),#7717);
#7714 = B_SPLINE_CURVE_WITH_KNOTS('',1,(#7715,#7716),.UNSPECIFIED.,.F.,
  .F.,(2,2),(0.463706301036,3.263706301036),.PIECEWISE_BEZIER_KNOTS.);
#7715 = CARTESIAN_POINT('',(2.8,-4.2));
#7716 = CARTESIAN_POINT('',(0.,-4.2));
#7717 = ( GEOMETRIC_REPRESENTATION_CONTEXT(2) 
PARAMETRIC_REPRESENTATION_CONTEXT() REPRESENTATION_CONTEXT('2D SPACE',''
  ) );
#7718 = ORIENTED_EDGE('',*,*,#7719,.T.);
#7719 = EDGE_CURVE('',#7699,#7720,#7722,.T.);
#7720 = VERTEX_POINT('',#7721);
#7721 = CARTESIAN_POINT('',(11.763046398643,-12.3,11.392127674937));
#7722 = SURFACE_CURVE('',#7723,(#7727,#7733),.PCURVE_S1.);
#7723 = LINE('',#7724,#7725);
#7724 = CARTESIAN_POINT('',(-3.390358695528,-12.3,6.468487894845));
#7725 = VECTOR('',#7726,1.);
#7726 = DIRECTION('',(0.951056516295,-0.,0.309016994375));
#7727 = PCURVE('',#5708,#7728);
#7728 = DEFINITIONAL_REPRESENTATION('',(#7729),#7732);
#7729 = B_SPLINE_CURVE_WITH_KNOTS('',1,(#7730,#7731),.UNSPECIFIED.,.F.,
  .F.,(2,2),(15.1332330251,15.9332330251),.PIECEWISE_BEZIER_KNOTS.);
#7730 = CARTESIAN_POINT('',(3.144914079437,30.802201185607));
#7731 = CARTESIAN_POINT('',(3.392127674937,31.563046398643));
#7732 = ( GEOMETRIC_REPRESENTATION_CONTEXT(2) 
PARAMETRIC_REPRESENTATION_CONTEXT() REPRESENTATION_CONTEXT('2D SPACE',''
  ) );
#7733 = PCURVE('',#6162,#7734);
#7734 = DEFINITIONAL_REPRESENTATION('',(#7735),#7738);
#7735 = B_SPLINE_CURVE_WITH_KNOTS('',1,(#7736,#7737),.UNSPECIFIED.,.F.,
  .F.,(2,2),(15.1332330251,15.9332330251),.PIECEWISE_BEZIER_KNOTS.);
#7736 = CARTESIAN_POINT('',(0.,4.2));
#7737 = CARTESIAN_POINT('',(0.8,4.2));
#7738 = ( GEOMETRIC_REPRESENTATION_CONTEXT(2) 
PARAMETRIC_REPRESENTATION_CONTEXT() REPRESENTATION_CONTEXT('2D SPACE',''
  ) );
#7739 = ORIENTED_EDGE('',*,*,#7740,.F.);
#7740 = EDGE_CURVE('',#7678,#7720,#7741,.T.);
#7741 = SURFACE_CURVE('',#7742,(#7746,#7752),.PCURVE_S1.);
#7742 = LINE('',#7743,#7744);
#7743 = CARTESIAN_POINT('',(10.754505686974,-12.3,14.496096819811));
#7744 = VECTOR('',#7745,1.);
#7745 = DIRECTION('',(0.309016994375,0.,-0.951056516295));
#7746 = PCURVE('',#5708,#7747);
#7747 = DEFINITIONAL_REPRESENTATION('',(#7748),#7751);
#7748 = B_SPLINE_CURVE_WITH_KNOTS('',1,(#7749,#7750),.UNSPECIFIED.,.F.,
  .F.,(2,2),(0.463706301036,3.263706301036),.PIECEWISE_BEZIER_KNOTS.);
#7749 = CARTESIAN_POINT('',(6.055085920563,30.697798814393));
#7750 = CARTESIAN_POINT('',(3.392127674937,31.563046398643));
#7751 = ( GEOMETRIC_REPRESENTATION_CONTEXT(2) 
PARAMETRIC_REPRESENTATION_CONTEXT() REPRESENTATION_CONTEXT('2D SPACE',''
  ) );
#7752 = PCURVE('',#6186,#7753);
#7753 = DEFINITIONAL_REPRESENTATION('',(#7754),#7757);
#7754 = B_SPLINE_CURVE_WITH_KNOTS('',1,(#7755,#7756),.UNSPECIFIED.,.F.,
  .F.,(2,2),(0.463706301036,3.263706301036),.PIECEWISE_BEZIER_KNOTS.);
#7755 = CARTESIAN_POINT('',(2.8,-4.2));
#7756 = CARTESIAN_POINT('',(0.,-4.2));
#7757 = ( GEOMETRIC_REPRESENTATION_CONTEXT(2) 
PARAMETRIC_REPRESENTATION_CONTEXT() REPRESENTATION_CONTEXT('2D SPACE',''
  ) );
#7758 = ADVANCED_FACE('',(#7759),#5683,.F.);
#7759 = FACE_BOUND('',#7760,.T.);
#7760 = EDGE_LOOP('',(#7761,#7782,#7783,#7784));
#7761 = ORIENTED_EDGE('',*,*,#7762,.F.);
#7762 = EDGE_CURVE('',#5641,#7210,#7763,.T.);
#7763 = SURFACE_CURVE('',#7764,(#7768,#7775),.PCURVE_S1.);
#7764 = LINE('',#7765,#7766);
#7765 = CARTESIAN_POINT('',(19.8,-10.8,8.));
#7766 = VECTOR('',#7767,1.);
#7767 = DIRECTION('',(0.,0.,1.));
#7768 = PCURVE('',#5683,#7769);
#7769 = DEFINITIONAL_REPRESENTATION('',(#7770),#7774);
#7770 = LINE('',#7771,#7772);
#7771 = CARTESIAN_POINT('',(-0.,0.));
#7772 = VECTOR('',#7773,1.);
#7773 = DIRECTION('',(-0.,1.));
#7774 = ( GEOMETRIC_REPRESENTATION_CONTEXT(2) 
PARAMETRIC_REPRESENTATION_CONTEXT() REPRESENTATION_CONTEXT('2D SPACE',''
  ) );
#7775 = PCURVE('',#5655,#7776);
#7776 = DEFINITIONAL_REPRESENTATION('',(#7777),#7781);
#7777 = LINE('',#7778,#7779);
#7778 = CARTESIAN_POINT('',(0.,-1.5));
#7779 = VECTOR('',#7780,1.);
#7780 = DIRECTION('',(1.,0.));
#7781 = ( GEOMETRIC_REPRESENTATION_CONTEXT(2) 
PARAMETRIC_REPRESENTATION_CONTEXT() REPRESENTATION_CONTEXT('2D SPACE',''
  ) );
#7782 = ORIENTED_EDGE('',*,*,#5666,.F.);
#7783 = ORIENTED_EDGE('',*,*,#7394,.T.);
#7784 = ORIENTED_EDGE('',*,*,#7209,.F.);
#7785 = ADVANCED_FACE('',(#7786),#5655,.F.);
#7786 = FACE_BOUND('',#7787,.F.);
#7787 = EDGE_LOOP('',(#7788,#7789,#7790,#7791,#7812,#7813,#7814,#7833));
#7788 = ORIENTED_EDGE('',*,*,#7237,.F.);
#7789 = ORIENTED_EDGE('',*,*,#7762,.F.);
#7790 = ORIENTED_EDGE('',*,*,#5640,.T.);
#7791 = ORIENTED_EDGE('',*,*,#7792,.T.);
#7792 = EDGE_CURVE('',#5612,#7262,#7793,.T.);
#7793 = SURFACE_CURVE('',#7794,(#7798,#7805),.PCURVE_S1.);
#7794 = LINE('',#7795,#7796);
#7795 = CARTESIAN_POINT('',(19.8,10.8,8.));
#7796 = VECTOR('',#7797,1.);
#7797 = DIRECTION('',(0.,0.,1.));
#7798 = PCURVE('',#5655,#7799);
#7799 = DEFINITIONAL_REPRESENTATION('',(#7800),#7804);
#7800 = LINE('',#7801,#7802);
#7801 = CARTESIAN_POINT('',(0.,-23.1));
#7802 = VECTOR('',#7803,1.);
#7803 = DIRECTION('',(1.,0.));
#7804 = ( GEOMETRIC_REPRESENTATION_CONTEXT(2) 
PARAMETRIC_REPRESENTATION_CONTEXT() REPRESENTATION_CONTEXT('2D SPACE',''
  ) );
#7805 = PCURVE('',#5628,#7806);
#7806 = DEFINITIONAL_REPRESENTATION('',(#7807),#7811);
#7807 = LINE('',#7808,#7809);
#7808 = CARTESIAN_POINT('',(0.,0.));
#7809 = VECTOR('',#7810,1.);
#7810 = DIRECTION('',(0.,1.));
#7811 = ( GEOMETRIC_REPRESENTATION_CONTEXT(2) 
PARAMETRIC_REPRESENTATION_CONTEXT() REPRESENTATION_CONTEXT('2D SPACE',''
  ) );
#7812 = ORIENTED_EDGE('',*,*,#7261,.F.);
#7813 = ORIENTED_EDGE('',*,*,#6958,.F.);
#7814 = ORIENTED_EDGE('',*,*,#7815,.T.);
#7815 = EDGE_CURVE('',#6936,#6347,#7816,.T.);
#7816 = SURFACE_CURVE('',#7817,(#7821,#7827),.PCURVE_S1.);
#7817 = LINE('',#7818,#7819);
#7818 = CARTESIAN_POINT('',(19.8,-10.25,9.5));
#7819 = VECTOR('',#7820,1.);
#7820 = DIRECTION('',(0.,-1.,0.));
#7821 = PCURVE('',#5655,#7822);
#7822 = DEFINITIONAL_REPRESENTATION('',(#7823),#7826);
#7823 = B_SPLINE_CURVE_WITH_KNOTS('',1,(#7824,#7825),.UNSPECIFIED.,.F.,
  .F.,(2,2),(-18.45,-2.05),.PIECEWISE_BEZIER_KNOTS.);
#7824 = CARTESIAN_POINT('',(1.5,-20.5));
#7825 = CARTESIAN_POINT('',(1.5,-4.1));
#7826 = ( GEOMETRIC_REPRESENTATION_CONTEXT(2) 
PARAMETRIC_REPRESENTATION_CONTEXT() REPRESENTATION_CONTEXT('2D SPACE',''
  ) );
#7827 = PCURVE('',#6313,#7828);
#7828 = DEFINITIONAL_REPRESENTATION('',(#7829),#7832);
#7829 = B_SPLINE_CURVE_WITH_KNOTS('',1,(#7830,#7831),.UNSPECIFIED.,.F.,
  .F.,(2,2),(-18.45,-2.05),.PIECEWISE_BEZIER_KNOTS.);
#7830 = CARTESIAN_POINT('',(5.8,16.4));
#7831 = CARTESIAN_POINT('',(5.8,0.));
#7832 = ( GEOMETRIC_REPRESENTATION_CONTEXT(2) 
PARAMETRIC_REPRESENTATION_CONTEXT() REPRESENTATION_CONTEXT('2D SPACE',''
  ) );
#7833 = ORIENTED_EDGE('',*,*,#6369,.T.);
#7834 = ADVANCED_FACE('',(#7835),#5628,.F.);
#7835 = FACE_BOUND('',#7836,.F.);
#7836 = EDGE_LOOP('',(#7837,#7838,#7839,#7860));
#7837 = ORIENTED_EDGE('',*,*,#7792,.F.);
#7838 = ORIENTED_EDGE('',*,*,#5611,.T.);
#7839 = ORIENTED_EDGE('',*,*,#7840,.T.);
#7840 = EDGE_CURVE('',#5586,#7285,#7841,.T.);
#7841 = SURFACE_CURVE('',#7842,(#7846,#7853),.PCURVE_S1.);
#7842 = LINE('',#7843,#7844);
#7843 = CARTESIAN_POINT('',(18.3,12.3,8.));
#7844 = VECTOR('',#7845,1.);
#7845 = DIRECTION('',(0.,0.,1.));
#7846 = PCURVE('',#5628,#7847);
#7847 = DEFINITIONAL_REPRESENTATION('',(#7848),#7852);
#7848 = LINE('',#7849,#7850);
#7849 = CARTESIAN_POINT('',(1.570796326795,0.));
#7850 = VECTOR('',#7851,1.);
#7851 = DIRECTION('',(0.,1.));
#7852 = ( GEOMETRIC_REPRESENTATION_CONTEXT(2) 
PARAMETRIC_REPRESENTATION_CONTEXT() REPRESENTATION_CONTEXT('2D SPACE',''
  ) );
#7853 = PCURVE('',#5600,#7854);
#7854 = DEFINITIONAL_REPRESENTATION('',(#7855),#7859);
#7855 = LINE('',#7856,#7857);
#7856 = CARTESIAN_POINT('',(0.,38.1));
#7857 = VECTOR('',#7858,1.);
#7858 = DIRECTION('',(1.,0.));
#7859 = ( GEOMETRIC_REPRESENTATION_CONTEXT(2) 
PARAMETRIC_REPRESENTATION_CONTEXT() REPRESENTATION_CONTEXT('2D SPACE',''
  ) );
#7860 = ORIENTED_EDGE('',*,*,#7284,.F.);
#7861 = ADVANCED_FACE('',(#7862,#7888,#7974,#8060,#8146),#5600,.F.);
#7862 = FACE_BOUND('',#7863,.F.);
#7863 = EDGE_LOOP('',(#7864,#7865,#7886,#7887));
#7864 = ORIENTED_EDGE('',*,*,#5585,.T.);
#7865 = ORIENTED_EDGE('',*,*,#7866,.T.);
#7866 = EDGE_CURVE('',#5557,#7309,#7867,.T.);
#7867 = SURFACE_CURVE('',#7868,(#7872,#7879),.PCURVE_S1.);
#7868 = LINE('',#7869,#7870);
#7869 = CARTESIAN_POINT('',(-18.3,12.3,8.));
#7870 = VECTOR('',#7871,1.);
#7871 = DIRECTION('',(0.,0.,1.));
#7872 = PCURVE('',#5600,#7873);
#7873 = DEFINITIONAL_REPRESENTATION('',(#7874),#7878);
#7874 = LINE('',#7875,#7876);
#7875 = CARTESIAN_POINT('',(0.,1.5));
#7876 = VECTOR('',#7877,1.);
#7877 = DIRECTION('',(1.,0.));
#7878 = ( GEOMETRIC_REPRESENTATION_CONTEXT(2) 
PARAMETRIC_REPRESENTATION_CONTEXT() REPRESENTATION_CONTEXT('2D SPACE',''
  ) );
#7879 = PCURVE('',#5573,#7880);
#7880 = DEFINITIONAL_REPRESENTATION('',(#7881),#7885);
#7881 = LINE('',#7882,#7883);
#7882 = CARTESIAN_POINT('',(-1.570796326795,0.));
#7883 = VECTOR('',#7884,1.);
#7884 = DIRECTION('',(-0.,1.));
#7885 = ( GEOMETRIC_REPRESENTATION_CONTEXT(2) 
PARAMETRIC_REPRESENTATION_CONTEXT() REPRESENTATION_CONTEXT('2D SPACE',''
  ) );
#7886 = ORIENTED_EDGE('',*,*,#7308,.T.);
#7887 = ORIENTED_EDGE('',*,*,#7840,.F.);
#7888 = FACE_BOUND('',#7889,.F.);
#7889 = EDGE_LOOP('',(#7890,#7913,#7934,#7955));
#7890 = ORIENTED_EDGE('',*,*,#7891,.F.);
#7891 = EDGE_CURVE('',#7892,#7894,#7896,.T.);
#7892 = VERTEX_POINT('',#7893);
#7893 = CARTESIAN_POINT('',(-9.863046398643,12.3,13.807872325063));
#7894 = VERTEX_POINT('',#7895);
#7895 = CARTESIAN_POINT('',(-9.102201185607,12.3,14.055085920563));
#7896 = SURFACE_CURVE('',#7897,(#7901,#7907),.PCURVE_S1.);
#7897 = LINE('',#7898,#7899);
#7898 = CARTESIAN_POINT('',(-15.2105213079,12.3,12.070372401933));
#7899 = VECTOR('',#7900,1.);
#7900 = DIRECTION('',(0.951056516295,-0.,0.309016994375));
#7901 = PCURVE('',#5600,#7902);
#7902 = DEFINITIONAL_REPRESENTATION('',(#7903),#7906);
#7903 = B_SPLINE_CURVE_WITH_KNOTS('',1,(#7904,#7905),.UNSPECIFIED.,.F.,
  .F.,(2,2),(5.622667862149,6.422667862149),.PIECEWISE_BEZIER_KNOTS.);
#7904 = CARTESIAN_POINT('',(5.807872325063,9.936953601357));
#7905 = CARTESIAN_POINT('',(6.055085920563,10.697798814393));
#7906 = ( GEOMETRIC_REPRESENTATION_CONTEXT(2) 
PARAMETRIC_REPRESENTATION_CONTEXT() REPRESENTATION_CONTEXT('2D SPACE',''
  ) );
#7907 = PCURVE('',#6633,#7908);
#7908 = DEFINITIONAL_REPRESENTATION('',(#7909),#7912);
#7909 = B_SPLINE_CURVE_WITH_KNOTS('',1,(#7910,#7911),.UNSPECIFIED.,.F.,
  .F.,(2,2),(5.622667862149,6.422667862149),.PIECEWISE_BEZIER_KNOTS.);
#7910 = CARTESIAN_POINT('',(0.,0.8));
#7911 = CARTESIAN_POINT('',(0.8,0.8));
#7912 = ( GEOMETRIC_REPRESENTATION_CONTEXT(2) 
PARAMETRIC_REPRESENTATION_CONTEXT() REPRESENTATION_CONTEXT('2D SPACE',''
  ) );
#7913 = ORIENTED_EDGE('',*,*,#7914,.T.);
#7914 = EDGE_CURVE('',#7892,#7915,#7917,.T.);
#7915 = VERTEX_POINT('',#7916);
#7916 = CARTESIAN_POINT('',(-8.997798814393,12.3,11.144914079437));
#7917 = SURFACE_CURVE('',#7918,(#7922,#7928),.PCURVE_S1.);
#7918 = LINE('',#7919,#7920);
#7919 = CARTESIAN_POINT('',(-9.051424497937,12.3,11.309956962848));
#7920 = VECTOR('',#7921,1.);
#7921 = DIRECTION('',(0.309016994375,0.,-0.951056516295));
#7922 = PCURVE('',#5600,#7923);
#7923 = DEFINITIONAL_REPRESENTATION('',(#7924),#7927);
#7924 = B_SPLINE_CURVE_WITH_KNOTS('',1,(#7925,#7926),.UNSPECIFIED.,.F.,
  .F.,(2,2),(-2.626463642714,0.173536357286),.PIECEWISE_BEZIER_KNOTS.);
#7925 = CARTESIAN_POINT('',(5.807872325063,9.936953601357));
#7926 = CARTESIAN_POINT('',(3.144914079437,10.802201185607));
#7927 = ( GEOMETRIC_REPRESENTATION_CONTEXT(2) 
PARAMETRIC_REPRESENTATION_CONTEXT() REPRESENTATION_CONTEXT('2D SPACE',''
  ) );
#7928 = PCURVE('',#6659,#7929);
#7929 = DEFINITIONAL_REPRESENTATION('',(#7930),#7933);
#7930 = B_SPLINE_CURVE_WITH_KNOTS('',1,(#7931,#7932),.UNSPECIFIED.,.F.,
  .F.,(2,2),(-2.626463642714,0.173536357286),.PIECEWISE_BEZIER_KNOTS.);
#7931 = CARTESIAN_POINT('',(2.8,-0.8));
#7932 = CARTESIAN_POINT('',(0.,-0.8));
#7933 = ( GEOMETRIC_REPRESENTATION_CONTEXT(2) 
PARAMETRIC_REPRESENTATION_CONTEXT() REPRESENTATION_CONTEXT('2D SPACE',''
  ) );
#7934 = ORIENTED_EDGE('',*,*,#7935,.T.);
#7935 = EDGE_CURVE('',#7915,#7936,#7938,.T.);
#7936 = VERTEX_POINT('',#7937);
#7937 = CARTESIAN_POINT('',(-8.236953601357,12.3,11.392127674937));
#7938 = SURFACE_CURVE('',#7939,(#7943,#7949),.PCURVE_S1.);
#7939 = LINE('',#7940,#7941);
#7940 = CARTESIAN_POINT('',(-14.34527372365,12.3,9.407414156307));
#7941 = VECTOR('',#7942,1.);
#7942 = DIRECTION('',(0.951056516295,-0.,0.309016994375));
#7943 = PCURVE('',#5600,#7944);
#7944 = DEFINITIONAL_REPRESENTATION('',(#7945),#7948);
#7945 = B_SPLINE_CURVE_WITH_KNOTS('',1,(#7946,#7947),.UNSPECIFIED.,.F.,
  .F.,(2,2),(5.622667862149,6.422667862149),.PIECEWISE_BEZIER_KNOTS.);
#7946 = CARTESIAN_POINT('',(3.144914079437,10.802201185607));
#7947 = CARTESIAN_POINT('',(3.392127674937,11.563046398643));
#7948 = ( GEOMETRIC_REPRESENTATION_CONTEXT(2) 
PARAMETRIC_REPRESENTATION_CONTEXT() REPRESENTATION_CONTEXT('2D SPACE',''
  ) );
#7949 = PCURVE('',#6685,#7950);
#7950 = DEFINITIONAL_REPRESENTATION('',(#7951),#7954);
#7951 = B_SPLINE_CURVE_WITH_KNOTS('',1,(#7952,#7953),.UNSPECIFIED.,.F.,
  .F.,(2,2),(5.622667862149,6.422667862149),.PIECEWISE_BEZIER_KNOTS.);
#7952 = CARTESIAN_POINT('',(0.,0.8));
#7953 = CARTESIAN_POINT('',(0.8,0.8));
#7954 = ( GEOMETRIC_REPRESENTATION_CONTEXT(2) 
PARAMETRIC_REPRESENTATION_CONTEXT() REPRESENTATION_CONTEXT('2D SPACE',''
  ) );
#7955 = ORIENTED_EDGE('',*,*,#7956,.F.);
#7956 = EDGE_CURVE('',#7894,#7936,#7957,.T.);
#7957 = SURFACE_CURVE('',#7958,(#7962,#7968),.PCURVE_S1.);
#7958 = LINE('',#7959,#7960);
#7959 = CARTESIAN_POINT('',(-8.2905792849,12.3,11.557170558348));
#7960 = VECTOR('',#7961,1.);
#7961 = DIRECTION('',(0.309016994375,0.,-0.951056516295));
#7962 = PCURVE('',#5600,#7963);
#7963 = DEFINITIONAL_REPRESENTATION('',(#7964),#7967);
#7964 = B_SPLINE_CURVE_WITH_KNOTS('',1,(#7965,#7966),.UNSPECIFIED.,.F.,
  .F.,(2,2),(-2.626463642714,0.173536357286),.PIECEWISE_BEZIER_KNOTS.);
#7965 = CARTESIAN_POINT('',(6.055085920563,10.697798814393));
#7966 = CARTESIAN_POINT('',(3.392127674937,11.563046398643));
#7967 = ( GEOMETRIC_REPRESENTATION_CONTEXT(2) 
PARAMETRIC_REPRESENTATION_CONTEXT() REPRESENTATION_CONTEXT('2D SPACE',''
  ) );
#7968 = PCURVE('',#6709,#7969);
#7969 = DEFINITIONAL_REPRESENTATION('',(#7970),#7973);
#7970 = B_SPLINE_CURVE_WITH_KNOTS('',1,(#7971,#7972),.UNSPECIFIED.,.F.,
  .F.,(2,2),(-2.626463642714,0.173536357286),.PIECEWISE_BEZIER_KNOTS.);
#7971 = CARTESIAN_POINT('',(2.8,-0.8));
#7972 = CARTESIAN_POINT('',(0.,-0.8));
#7973 = ( GEOMETRIC_REPRESENTATION_CONTEXT(2) 
PARAMETRIC_REPRESENTATION_CONTEXT() REPRESENTATION_CONTEXT('2D SPACE',''
  ) );
#7974 = FACE_BOUND('',#7975,.F.);
#7975 = EDGE_LOOP('',(#7976,#7999,#8020,#8041));
#7976 = ORIENTED_EDGE('',*,*,#7977,.F.);
#7977 = EDGE_CURVE('',#7978,#7980,#7982,.T.);
#7978 = VERTEX_POINT('',#7979);
#7979 = CARTESIAN_POINT('',(-11.76304639864,12.3,13.807872325063));
#7980 = VERTEX_POINT('',#7981);
#7981 = CARTESIAN_POINT('',(-11.0022011856,12.3,14.055085920563));
#7982 = SURFACE_CURVE('',#7983,(#7987,#7993),.PCURVE_S1.);
#7983 = LINE('',#7984,#7985);
#7984 = CARTESIAN_POINT('',(-16.25123823557,12.3,12.349570396772));
#7985 = VECTOR('',#7986,1.);
#7986 = DIRECTION('',(0.951056516295,-0.,0.309016994375));
#7987 = PCURVE('',#5600,#7988);
#7988 = DEFINITIONAL_REPRESENTATION('',(#7989),#7992);
#7989 = B_SPLINE_CURVE_WITH_KNOTS('',1,(#7990,#7991),.UNSPECIFIED.,.F.,
  .F.,(2,2),(4.719164171668,5.519164171668),.PIECEWISE_BEZIER_KNOTS.);
#7990 = CARTESIAN_POINT('',(5.807872325063,8.036953601357));
#7991 = CARTESIAN_POINT('',(6.055085920563,8.797798814393));
#7992 = ( GEOMETRIC_REPRESENTATION_CONTEXT(2) 
PARAMETRIC_REPRESENTATION_CONTEXT() REPRESENTATION_CONTEXT('2D SPACE',''
  ) );
#7993 = PCURVE('',#6527,#7994);
#7994 = DEFINITIONAL_REPRESENTATION('',(#7995),#7998);
#7995 = B_SPLINE_CURVE_WITH_KNOTS('',1,(#7996,#7997),.UNSPECIFIED.,.F.,
  .F.,(2,2),(4.719164171668,5.519164171668),.PIECEWISE_BEZIER_KNOTS.);
#7996 = CARTESIAN_POINT('',(0.,0.8));
#7997 = CARTESIAN_POINT('',(0.8,0.8));
#7998 = ( GEOMETRIC_REPRESENTATION_CONTEXT(2) 
PARAMETRIC_REPRESENTATION_CONTEXT() REPRESENTATION_CONTEXT('2D SPACE',''
  ) );
#7999 = ORIENTED_EDGE('',*,*,#8000,.T.);
#8000 = EDGE_CURVE('',#7978,#8001,#8003,.T.);
#8001 = VERTEX_POINT('',#8002);
#8002 = CARTESIAN_POINT('',(-10.89779881439,12.3,11.144914079437));
#8003 = SURFACE_CURVE('',#8004,(#8008,#8014),.PCURVE_S1.);
#8004 = LINE('',#8005,#8006);
#8005 = CARTESIAN_POINT('',(-10.86070757026,12.3,11.030758968009));
#8006 = VECTOR('',#8007,1.);
#8007 = DIRECTION('',(0.309016994375,0.,-0.951056516295));
#8008 = PCURVE('',#5600,#8009);
#8009 = DEFINITIONAL_REPRESENTATION('',(#8010),#8013);
#8010 = B_SPLINE_CURVE_WITH_KNOTS('',1,(#8011,#8012),.UNSPECIFIED.,.F.,
  .F.,(2,2),(-2.92002978737,-0.12002978737),.PIECEWISE_BEZIER_KNOTS.);
#8011 = CARTESIAN_POINT('',(5.807872325063,8.036953601357));
#8012 = CARTESIAN_POINT('',(3.144914079437,8.902201185607));
#8013 = ( GEOMETRIC_REPRESENTATION_CONTEXT(2) 
PARAMETRIC_REPRESENTATION_CONTEXT() REPRESENTATION_CONTEXT('2D SPACE',''
  ) );
#8014 = PCURVE('',#6553,#8015);
#8015 = DEFINITIONAL_REPRESENTATION('',(#8016),#8019);
#8016 = B_SPLINE_CURVE_WITH_KNOTS('',1,(#8017,#8018),.UNSPECIFIED.,.F.,
  .F.,(2,2),(-2.92002978737,-0.12002978737),.PIECEWISE_BEZIER_KNOTS.);
#8017 = CARTESIAN_POINT('',(2.8,-0.8));
#8018 = CARTESIAN_POINT('',(0.,-0.8));
#8019 = ( GEOMETRIC_REPRESENTATION_CONTEXT(2) 
PARAMETRIC_REPRESENTATION_CONTEXT() REPRESENTATION_CONTEXT('2D SPACE',''
  ) );
#8020 = ORIENTED_EDGE('',*,*,#8021,.T.);
#8021 = EDGE_CURVE('',#8001,#8022,#8024,.T.);
#8022 = VERTEX_POINT('',#8023);
#8023 = CARTESIAN_POINT('',(-10.13695360135,12.3,11.392127674937));
#8024 = SURFACE_CURVE('',#8025,(#8029,#8035),.PCURVE_S1.);
#8025 = LINE('',#8026,#8027);
#8026 = CARTESIAN_POINT('',(-15.38599065132,12.3,9.686612151146));
#8027 = VECTOR('',#8028,1.);
#8028 = DIRECTION('',(0.951056516295,-0.,0.309016994375));
#8029 = PCURVE('',#5600,#8030);
#8030 = DEFINITIONAL_REPRESENTATION('',(#8031),#8034);
#8031 = B_SPLINE_CURVE_WITH_KNOTS('',1,(#8032,#8033),.UNSPECIFIED.,.F.,
  .F.,(2,2),(4.719164171668,5.519164171668),.PIECEWISE_BEZIER_KNOTS.);
#8032 = CARTESIAN_POINT('',(3.144914079437,8.902201185607));
#8033 = CARTESIAN_POINT('',(3.392127674937,9.663046398643));
#8034 = ( GEOMETRIC_REPRESENTATION_CONTEXT(2) 
PARAMETRIC_REPRESENTATION_CONTEXT() REPRESENTATION_CONTEXT('2D SPACE',''
  ) );
#8035 = PCURVE('',#6579,#8036);
#8036 = DEFINITIONAL_REPRESENTATION('',(#8037),#8040);
#8037 = B_SPLINE_CURVE_WITH_KNOTS('',1,(#8038,#8039),.UNSPECIFIED.,.F.,
  .F.,(2,2),(4.719164171668,5.519164171668),.PIECEWISE_BEZIER_KNOTS.);
#8038 = CARTESIAN_POINT('',(0.,0.8));
#8039 = CARTESIAN_POINT('',(0.8,0.8));
#8040 = ( GEOMETRIC_REPRESENTATION_CONTEXT(2) 
PARAMETRIC_REPRESENTATION_CONTEXT() REPRESENTATION_CONTEXT('2D SPACE',''
  ) );
#8041 = ORIENTED_EDGE('',*,*,#8042,.F.);
#8042 = EDGE_CURVE('',#7980,#8022,#8043,.T.);
#8043 = SURFACE_CURVE('',#8044,(#8048,#8054),.PCURVE_S1.);
#8044 = LINE('',#8045,#8046);
#8045 = CARTESIAN_POINT('',(-10.09986235722,12.3,11.277972563509));
#8046 = VECTOR('',#8047,1.);
#8047 = DIRECTION('',(0.309016994375,0.,-0.951056516295));
#8048 = PCURVE('',#5600,#8049);
#8049 = DEFINITIONAL_REPRESENTATION('',(#8050),#8053);
#8050 = B_SPLINE_CURVE_WITH_KNOTS('',1,(#8051,#8052),.UNSPECIFIED.,.F.,
  .F.,(2,2),(-2.92002978737,-0.12002978737),.PIECEWISE_BEZIER_KNOTS.);
#8051 = CARTESIAN_POINT('',(6.055085920563,8.797798814393));
#8052 = CARTESIAN_POINT('',(3.392127674937,9.663046398643));
#8053 = ( GEOMETRIC_REPRESENTATION_CONTEXT(2) 
PARAMETRIC_REPRESENTATION_CONTEXT() REPRESENTATION_CONTEXT('2D SPACE',''
  ) );
#8054 = PCURVE('',#6603,#8055);
#8055 = DEFINITIONAL_REPRESENTATION('',(#8056),#8059);
#8056 = B_SPLINE_CURVE_WITH_KNOTS('',1,(#8057,#8058),.UNSPECIFIED.,.F.,
  .F.,(2,2),(-2.92002978737,-0.12002978737),.PIECEWISE_BEZIER_KNOTS.);
#8057 = CARTESIAN_POINT('',(2.8,-0.8));
#8058 = CARTESIAN_POINT('',(0.,-0.8));
#8059 = ( GEOMETRIC_REPRESENTATION_CONTEXT(2) 
PARAMETRIC_REPRESENTATION_CONTEXT() REPRESENTATION_CONTEXT('2D SPACE',''
  ) );
#8060 = FACE_BOUND('',#8061,.F.);
#8061 = EDGE_LOOP('',(#8062,#8085,#8106,#8127));
#8062 = ORIENTED_EDGE('',*,*,#8063,.F.);
#8063 = EDGE_CURVE('',#8064,#8066,#8068,.T.);
#8064 = VERTEX_POINT('',#8065);
#8065 = CARTESIAN_POINT('',(8.236953601357,12.3,13.807872325063));
#8066 = VERTEX_POINT('',#8067);
#8067 = CARTESIAN_POINT('',(8.997798814393,12.3,14.055085920563));
#8068 = SURFACE_CURVE('',#8069,(#8073,#8079),.PCURVE_S1.);
#8069 = LINE('',#8070,#8071);
#8070 = CARTESIAN_POINT('',(-5.29632320745,12.3,9.41064413531));
#8071 = VECTOR('',#8072,1.);
#8072 = DIRECTION('',(0.951056516295,-0.,0.309016994375));
#8073 = PCURVE('',#5600,#8074);
#8074 = DEFINITIONAL_REPRESENTATION('',(#8075),#8078);
#8075 = B_SPLINE_CURVE_WITH_KNOTS('',1,(#8076,#8077),.UNSPECIFIED.,.F.,
  .F.,(2,2),(14.22972933462,15.02972933462),.PIECEWISE_BEZIER_KNOTS.);
#8076 = CARTESIAN_POINT('',(5.807872325063,28.036953601357));
#8077 = CARTESIAN_POINT('',(6.055085920563,28.797798814393));
#8078 = ( GEOMETRIC_REPRESENTATION_CONTEXT(2) 
PARAMETRIC_REPRESENTATION_CONTEXT() REPRESENTATION_CONTEXT('2D SPACE',''
  ) );
#8079 = PCURVE('',#6739,#8080);
#8080 = DEFINITIONAL_REPRESENTATION('',(#8081),#8084);
#8081 = B_SPLINE_CURVE_WITH_KNOTS('',1,(#8082,#8083),.UNSPECIFIED.,.F.,
  .F.,(2,2),(14.22972933462,15.02972933462),.PIECEWISE_BEZIER_KNOTS.);
#8082 = CARTESIAN_POINT('',(0.,0.8));
#8083 = CARTESIAN_POINT('',(0.8,0.8));
#8084 = ( GEOMETRIC_REPRESENTATION_CONTEXT(2) 
PARAMETRIC_REPRESENTATION_CONTEXT() REPRESENTATION_CONTEXT('2D SPACE',''
  ) );
#8085 = ORIENTED_EDGE('',*,*,#8086,.T.);
#8086 = EDGE_CURVE('',#8064,#8087,#8089,.T.);
#8087 = VERTEX_POINT('',#8088);
#8088 = CARTESIAN_POINT('',(9.102201185607,12.3,11.144914079437));
#8089 = SURFACE_CURVE('',#8090,(#8094,#8100),.PCURVE_S1.);
#8090 = LINE('',#8091,#8092);
#8091 = CARTESIAN_POINT('',(8.18437740161,12.3,13.969685229472));
#8092 = VECTOR('',#8093,1.);
#8093 = DIRECTION('',(0.309016994375,0.,-0.951056516295));
#8094 = PCURVE('',#5600,#8095);
#8095 = DEFINITIONAL_REPRESENTATION('',(#8096),#8099);
#8096 = B_SPLINE_CURVE_WITH_KNOTS('',1,(#8097,#8098),.UNSPECIFIED.,.F.,
  .F.,(2,2),(0.17014015638,2.97014015638),.PIECEWISE_BEZIER_KNOTS.);
#8097 = CARTESIAN_POINT('',(5.807872325063,28.036953601357));
#8098 = CARTESIAN_POINT('',(3.144914079437,28.902201185607));
#8099 = ( GEOMETRIC_REPRESENTATION_CONTEXT(2) 
PARAMETRIC_REPRESENTATION_CONTEXT() REPRESENTATION_CONTEXT('2D SPACE',''
  ) );
#8100 = PCURVE('',#6765,#8101);
#8101 = DEFINITIONAL_REPRESENTATION('',(#8102),#8105);
#8102 = B_SPLINE_CURVE_WITH_KNOTS('',1,(#8103,#8104),.UNSPECIFIED.,.F.,
  .F.,(2,2),(0.17014015638,2.97014015638),.PIECEWISE_BEZIER_KNOTS.);
#8103 = CARTESIAN_POINT('',(2.8,-0.8));
#8104 = CARTESIAN_POINT('',(0.,-0.8));
#8105 = ( GEOMETRIC_REPRESENTATION_CONTEXT(2) 
PARAMETRIC_REPRESENTATION_CONTEXT() REPRESENTATION_CONTEXT('2D SPACE',''
  ) );
#8106 = ORIENTED_EDGE('',*,*,#8107,.T.);
#8107 = EDGE_CURVE('',#8087,#8108,#8110,.T.);
#8108 = VERTEX_POINT('',#8109);
#8109 = CARTESIAN_POINT('',(9.863046398643,12.3,11.392127674937));
#8110 = SURFACE_CURVE('',#8111,(#8115,#8121),.PCURVE_S1.);
#8111 = LINE('',#8112,#8113);
#8112 = CARTESIAN_POINT('',(-4.4310756232,12.3,6.747685889684));
#8113 = VECTOR('',#8114,1.);
#8114 = DIRECTION('',(0.951056516295,-0.,0.309016994375));
#8115 = PCURVE('',#5600,#8116);
#8116 = DEFINITIONAL_REPRESENTATION('',(#8117),#8120);
#8117 = B_SPLINE_CURVE_WITH_KNOTS('',1,(#8118,#8119),.UNSPECIFIED.,.F.,
  .F.,(2,2),(14.22972933462,15.02972933462),.PIECEWISE_BEZIER_KNOTS.);
#8118 = CARTESIAN_POINT('',(3.144914079437,28.902201185607));
#8119 = CARTESIAN_POINT('',(3.392127674937,29.663046398643));
#8120 = ( GEOMETRIC_REPRESENTATION_CONTEXT(2) 
PARAMETRIC_REPRESENTATION_CONTEXT() REPRESENTATION_CONTEXT('2D SPACE',''
  ) );
#8121 = PCURVE('',#6791,#8122);
#8122 = DEFINITIONAL_REPRESENTATION('',(#8123),#8126);
#8123 = B_SPLINE_CURVE_WITH_KNOTS('',1,(#8124,#8125),.UNSPECIFIED.,.F.,
  .F.,(2,2),(14.22972933462,15.02972933462),.PIECEWISE_BEZIER_KNOTS.);
#8124 = CARTESIAN_POINT('',(0.,0.8));
#8125 = CARTESIAN_POINT('',(0.8,0.8));
#8126 = ( GEOMETRIC_REPRESENTATION_CONTEXT(2) 
PARAMETRIC_REPRESENTATION_CONTEXT() REPRESENTATION_CONTEXT('2D SPACE',''
  ) );
#8127 = ORIENTED_EDGE('',*,*,#8128,.F.);
#8128 = EDGE_CURVE('',#8066,#8108,#8129,.T.);
#8129 = SURFACE_CURVE('',#8130,(#8134,#8140),.PCURVE_S1.);
#8130 = LINE('',#8131,#8132);
#8131 = CARTESIAN_POINT('',(8.945222614646,12.3,14.216898824972));
#8132 = VECTOR('',#8133,1.);
#8133 = DIRECTION('',(0.309016994375,0.,-0.951056516295));
#8134 = PCURVE('',#5600,#8135);
#8135 = DEFINITIONAL_REPRESENTATION('',(#8136),#8139);
#8136 = B_SPLINE_CURVE_WITH_KNOTS('',1,(#8137,#8138),.UNSPECIFIED.,.F.,
  .F.,(2,2),(0.17014015638,2.97014015638),.PIECEWISE_BEZIER_KNOTS.);
#8137 = CARTESIAN_POINT('',(6.055085920563,28.797798814393));
#8138 = CARTESIAN_POINT('',(3.392127674937,29.663046398643));
#8139 = ( GEOMETRIC_REPRESENTATION_CONTEXT(2) 
PARAMETRIC_REPRESENTATION_CONTEXT() REPRESENTATION_CONTEXT('2D SPACE',''
  ) );
#8140 = PCURVE('',#6815,#8141);
#8141 = DEFINITIONAL_REPRESENTATION('',(#8142),#8145);
#8142 = B_SPLINE_CURVE_WITH_KNOTS('',1,(#8143,#8144),.UNSPECIFIED.,.F.,
  .F.,(2,2),(0.17014015638,2.97014015638),.PIECEWISE_BEZIER_KNOTS.);
#8143 = CARTESIAN_POINT('',(2.8,-0.8));
#8144 = CARTESIAN_POINT('',(0.,-0.8));
#8145 = ( GEOMETRIC_REPRESENTATION_CONTEXT(2) 
PARAMETRIC_REPRESENTATION_CONTEXT() REPRESENTATION_CONTEXT('2D SPACE',''
  ) );
#8146 = FACE_BOUND('',#8147,.F.);
#8147 = EDGE_LOOP('',(#8148,#8171,#8192,#8213));
#8148 = ORIENTED_EDGE('',*,*,#8149,.F.);
#8149 = EDGE_CURVE('',#8150,#8152,#8154,.T.);
#8150 = VERTEX_POINT('',#8151);
#8151 = CARTESIAN_POINT('',(10.136953601357,12.3,13.807872325063));
#8152 = VERTEX_POINT('',#8153);
#8153 = CARTESIAN_POINT('',(10.897798814393,12.3,14.055085920563));
#8154 = SURFACE_CURVE('',#8155,(#8159,#8165),.PCURVE_S1.);
#8155 = LINE('',#8156,#8157);
#8156 = CARTESIAN_POINT('',(-4.255606279778,12.3,9.131446140471));
#8157 = VECTOR('',#8158,1.);
#8158 = DIRECTION('',(0.951056516295,-0.,0.309016994375));
#8159 = PCURVE('',#5600,#8160);
#8160 = DEFINITIONAL_REPRESENTATION('',(#8161),#8164);
#8161 = B_SPLINE_CURVE_WITH_KNOTS('',1,(#8162,#8163),.UNSPECIFIED.,.F.,
  .F.,(2,2),(15.1332330251,15.9332330251),.PIECEWISE_BEZIER_KNOTS.);
#8162 = CARTESIAN_POINT('',(5.807872325063,29.936953601357));
#8163 = CARTESIAN_POINT('',(6.055085920563,30.697798814393));
#8164 = ( GEOMETRIC_REPRESENTATION_CONTEXT(2) 
PARAMETRIC_REPRESENTATION_CONTEXT() REPRESENTATION_CONTEXT('2D SPACE',''
  ) );
#8165 = PCURVE('',#6845,#8166);
#8166 = DEFINITIONAL_REPRESENTATION('',(#8167),#8170);
#8167 = B_SPLINE_CURVE_WITH_KNOTS('',1,(#8168,#8169),.UNSPECIFIED.,.F.,
  .F.,(2,2),(15.1332330251,15.9332330251),.PIECEWISE_BEZIER_KNOTS.);
#8168 = CARTESIAN_POINT('',(0.,0.8));
#8169 = CARTESIAN_POINT('',(0.8,0.8));
#8170 = ( GEOMETRIC_REPRESENTATION_CONTEXT(2) 
PARAMETRIC_REPRESENTATION_CONTEXT() REPRESENTATION_CONTEXT('2D SPACE',''
  ) );
#8171 = ORIENTED_EDGE('',*,*,#8172,.T.);
#8172 = EDGE_CURVE('',#8150,#8173,#8175,.T.);
#8173 = VERTEX_POINT('',#8174);
#8174 = CARTESIAN_POINT('',(11.002201185607,12.3,11.144914079437));
#8175 = SURFACE_CURVE('',#8176,(#8180,#8186),.PCURVE_S1.);
#8176 = LINE('',#8177,#8178);
#8177 = CARTESIAN_POINT('',(9.993660473938,12.3,14.248883224311));
#8178 = VECTOR('',#8179,1.);
#8179 = DIRECTION('',(0.309016994375,0.,-0.951056516295));
#8180 = PCURVE('',#5600,#8181);
#8181 = DEFINITIONAL_REPRESENTATION('',(#8182),#8185);
#8182 = B_SPLINE_CURVE_WITH_KNOTS('',1,(#8183,#8184),.UNSPECIFIED.,.F.,
  .F.,(2,2),(0.463706301036,3.263706301036),.PIECEWISE_BEZIER_KNOTS.);
#8183 = CARTESIAN_POINT('',(5.807872325063,29.936953601357));
#8184 = CARTESIAN_POINT('',(3.144914079437,30.802201185607));
#8185 = ( GEOMETRIC_REPRESENTATION_CONTEXT(2) 
PARAMETRIC_REPRESENTATION_CONTEXT() REPRESENTATION_CONTEXT('2D SPACE',''
  ) );
#8186 = PCURVE('',#6871,#8187);
#8187 = DEFINITIONAL_REPRESENTATION('',(#8188),#8191);
#8188 = B_SPLINE_CURVE_WITH_KNOTS('',1,(#8189,#8190),.UNSPECIFIED.,.F.,
  .F.,(2,2),(0.463706301036,3.263706301036),.PIECEWISE_BEZIER_KNOTS.);
#8189 = CARTESIAN_POINT('',(2.8,-0.8));
#8190 = CARTESIAN_POINT('',(0.,-0.8));
#8191 = ( GEOMETRIC_REPRESENTATION_CONTEXT(2) 
PARAMETRIC_REPRESENTATION_CONTEXT() REPRESENTATION_CONTEXT('2D SPACE',''
  ) );
#8192 = ORIENTED_EDGE('',*,*,#8193,.T.);
#8193 = EDGE_CURVE('',#8173,#8194,#8196,.T.);
#8194 = VERTEX_POINT('',#8195);
#8195 = CARTESIAN_POINT('',(11.763046398643,12.3,11.392127674937));
#8196 = SURFACE_CURVE('',#8197,(#8201,#8207),.PCURVE_S1.);
#8197 = LINE('',#8198,#8199);
#8198 = CARTESIAN_POINT('',(-3.390358695528,12.3,6.468487894845));
#8199 = VECTOR('',#8200,1.);
#8200 = DIRECTION('',(0.951056516295,-0.,0.309016994375));
#8201 = PCURVE('',#5600,#8202);
#8202 = DEFINITIONAL_REPRESENTATION('',(#8203),#8206);
#8203 = B_SPLINE_CURVE_WITH_KNOTS('',1,(#8204,#8205),.UNSPECIFIED.,.F.,
  .F.,(2,2),(15.1332330251,15.9332330251),.PIECEWISE_BEZIER_KNOTS.);
#8204 = CARTESIAN_POINT('',(3.144914079437,30.802201185607));
#8205 = CARTESIAN_POINT('',(3.392127674937,31.563046398643));
#8206 = ( GEOMETRIC_REPRESENTATION_CONTEXT(2) 
PARAMETRIC_REPRESENTATION_CONTEXT() REPRESENTATION_CONTEXT('2D SPACE',''
  ) );
#8207 = PCURVE('',#6897,#8208);
#8208 = DEFINITIONAL_REPRESENTATION('',(#8209),#8212);
#8209 = B_SPLINE_CURVE_WITH_KNOTS('',1,(#8210,#8211),.UNSPECIFIED.,.F.,
  .F.,(2,2),(15.1332330251,15.9332330251),.PIECEWISE_BEZIER_KNOTS.);
#8210 = CARTESIAN_POINT('',(0.,0.8));
#8211 = CARTESIAN_POINT('',(0.8,0.8));
#8212 = ( GEOMETRIC_REPRESENTATION_CONTEXT(2) 
PARAMETRIC_REPRESENTATION_CONTEXT() REPRESENTATION_CONTEXT('2D SPACE',''
  ) );
#8213 = ORIENTED_EDGE('',*,*,#8214,.F.);
#8214 = EDGE_CURVE('',#8152,#8194,#8215,.T.);
#8215 = SURFACE_CURVE('',#8216,(#8220,#8226),.PCURVE_S1.);
#8216 = LINE('',#8217,#8218);
#8217 = CARTESIAN_POINT('',(10.754505686974,12.3,14.496096819811));
#8218 = VECTOR('',#8219,1.);
#8219 = DIRECTION('',(0.309016994375,0.,-0.951056516295));
#8220 = PCURVE('',#5600,#8221);
#8221 = DEFINITIONAL_REPRESENTATION('',(#8222),#8225);
#8222 = B_SPLINE_CURVE_WITH_KNOTS('',1,(#8223,#8224),.UNSPECIFIED.,.F.,
  .F.,(2,2),(0.463706301036,3.263706301036),.PIECEWISE_BEZIER_KNOTS.);
#8223 = CARTESIAN_POINT('',(6.055085920563,30.697798814393));
#8224 = CARTESIAN_POINT('',(3.392127674937,31.563046398643));
#8225 = ( GEOMETRIC_REPRESENTATION_CONTEXT(2) 
PARAMETRIC_REPRESENTATION_CONTEXT() REPRESENTATION_CONTEXT('2D SPACE',''
  ) );
#8226 = PCURVE('',#6921,#8227);
#8227 = DEFINITIONAL_REPRESENTATION('',(#8228),#8231);
#8228 = B_SPLINE_CURVE_WITH_KNOTS('',1,(#8229,#8230),.UNSPECIFIED.,.F.,
  .F.,(2,2),(0.463706301036,3.263706301036),.PIECEWISE_BEZIER_KNOTS.);
#8229 = CARTESIAN_POINT('',(2.8,-0.8));
#8230 = CARTESIAN_POINT('',(0.,-0.8));
#8231 = ( GEOMETRIC_REPRESENTATION_CONTEXT(2) 
PARAMETRIC_REPRESENTATION_CONTEXT() REPRESENTATION_CONTEXT('2D SPACE',''
  ) );
#8232 = ADVANCED_FACE('',(#8233),#5573,.F.);
#8233 = FACE_BOUND('',#8234,.T.);
#8234 = EDGE_LOOP('',(#8235,#8236,#8237,#8238));
#8235 = ORIENTED_EDGE('',*,*,#7111,.F.);
#8236 = ORIENTED_EDGE('',*,*,#5556,.F.);
#8237 = ORIENTED_EDGE('',*,*,#7866,.T.);
#8238 = ORIENTED_EDGE('',*,*,#7331,.F.);
#8239 = ADVANCED_FACE('',(#8240),#5792,.F.);
#8240 = FACE_BOUND('',#8241,.F.);
#8241 = EDGE_LOOP('',(#8242,#8263,#8264,#8285));
#8242 = ORIENTED_EDGE('',*,*,#8243,.F.);
#8243 = EDGE_CURVE('',#5776,#7504,#8244,.T.);
#8244 = SURFACE_CURVE('',#8245,(#8249,#8256),.PCURVE_S1.);
#8245 = LINE('',#8246,#8247);
#8246 = CARTESIAN_POINT('',(-11.76304639864,-16.5,13.807872325063));
#8247 = VECTOR('',#8248,1.);
#8248 = DIRECTION('',(0.,1.,0.));
#8249 = PCURVE('',#5792,#8250);
#8250 = DEFINITIONAL_REPRESENTATION('',(#8251),#8255);
#8251 = LINE('',#8252,#8253);
#8252 = CARTESIAN_POINT('',(0.,0.));
#8253 = VECTOR('',#8254,1.);
#8254 = DIRECTION('',(0.,1.));
#8255 = ( GEOMETRIC_REPRESENTATION_CONTEXT(2) 
PARAMETRIC_REPRESENTATION_CONTEXT() REPRESENTATION_CONTEXT('2D SPACE',''
  ) );
#8256 = PCURVE('',#5818,#8257);
#8257 = DEFINITIONAL_REPRESENTATION('',(#8258),#8262);
#8258 = LINE('',#8259,#8260);
#8259 = CARTESIAN_POINT('',(2.8,0.));
#8260 = VECTOR('',#8261,1.);
#8261 = DIRECTION('',(0.,-1.));
#8262 = ( GEOMETRIC_REPRESENTATION_CONTEXT(2) 
PARAMETRIC_REPRESENTATION_CONTEXT() REPRESENTATION_CONTEXT('2D SPACE',''
  ) );
#8263 = ORIENTED_EDGE('',*,*,#5775,.T.);
#8264 = ORIENTED_EDGE('',*,*,#8265,.T.);
#8265 = EDGE_CURVE('',#5778,#7506,#8266,.T.);
#8266 = SURFACE_CURVE('',#8267,(#8271,#8278),.PCURVE_S1.);
#8267 = LINE('',#8268,#8269);
#8268 = CARTESIAN_POINT('',(-11.0022011856,-16.5,14.055085920563));
#8269 = VECTOR('',#8270,1.);
#8270 = DIRECTION('',(0.,1.,0.));
#8271 = PCURVE('',#5792,#8272);
#8272 = DEFINITIONAL_REPRESENTATION('',(#8273),#8277);
#8273 = LINE('',#8274,#8275);
#8274 = CARTESIAN_POINT('',(0.8,0.));
#8275 = VECTOR('',#8276,1.);
#8276 = DIRECTION('',(0.,1.));
#8277 = ( GEOMETRIC_REPRESENTATION_CONTEXT(2) 
PARAMETRIC_REPRESENTATION_CONTEXT() REPRESENTATION_CONTEXT('2D SPACE',''
  ) );
#8278 = PCURVE('',#5868,#8279);
#8279 = DEFINITIONAL_REPRESENTATION('',(#8280),#8284);
#8280 = LINE('',#8281,#8282);
#8281 = CARTESIAN_POINT('',(2.8,0.));
#8282 = VECTOR('',#8283,1.);
#8283 = DIRECTION('',(0.,-1.));
#8284 = ( GEOMETRIC_REPRESENTATION_CONTEXT(2) 
PARAMETRIC_REPRESENTATION_CONTEXT() REPRESENTATION_CONTEXT('2D SPACE',''
  ) );
#8285 = ORIENTED_EDGE('',*,*,#7503,.F.);
#8286 = ADVANCED_FACE('',(#8287),#5818,.T.);
#8287 = FACE_BOUND('',#8288,.T.);
#8288 = EDGE_LOOP('',(#8289,#8290,#8291,#8312));
#8289 = ORIENTED_EDGE('',*,*,#8243,.F.);
#8290 = ORIENTED_EDGE('',*,*,#5803,.T.);
#8291 = ORIENTED_EDGE('',*,*,#8292,.T.);
#8292 = EDGE_CURVE('',#5804,#7527,#8293,.T.);
#8293 = SURFACE_CURVE('',#8294,(#8298,#8305),.PCURVE_S1.);
#8294 = LINE('',#8295,#8296);
#8295 = CARTESIAN_POINT('',(-10.89779881439,-16.5,11.144914079437));
#8296 = VECTOR('',#8297,1.);
#8297 = DIRECTION('',(0.,1.,0.));
#8298 = PCURVE('',#5818,#8299);
#8299 = DEFINITIONAL_REPRESENTATION('',(#8300),#8304);
#8300 = LINE('',#8301,#8302);
#8301 = CARTESIAN_POINT('',(0.,0.));
#8302 = VECTOR('',#8303,1.);
#8303 = DIRECTION('',(0.,-1.));
#8304 = ( GEOMETRIC_REPRESENTATION_CONTEXT(2) 
PARAMETRIC_REPRESENTATION_CONTEXT() REPRESENTATION_CONTEXT('2D SPACE',''
  ) );
#8305 = PCURVE('',#5844,#8306);
#8306 = DEFINITIONAL_REPRESENTATION('',(#8307),#8311);
#8307 = LINE('',#8308,#8309);
#8308 = CARTESIAN_POINT('',(0.,0.));
#8309 = VECTOR('',#8310,1.);
#8310 = DIRECTION('',(0.,1.));
#8311 = ( GEOMETRIC_REPRESENTATION_CONTEXT(2) 
PARAMETRIC_REPRESENTATION_CONTEXT() REPRESENTATION_CONTEXT('2D SPACE',''
  ) );
#8312 = ORIENTED_EDGE('',*,*,#7526,.F.);
#8313 = ADVANCED_FACE('',(#8314),#5868,.F.);
#8314 = FACE_BOUND('',#8315,.F.);
#8315 = EDGE_LOOP('',(#8316,#8317,#8318,#8339));
#8316 = ORIENTED_EDGE('',*,*,#8265,.F.);
#8317 = ORIENTED_EDGE('',*,*,#5855,.T.);
#8318 = ORIENTED_EDGE('',*,*,#8319,.T.);
#8319 = EDGE_CURVE('',#5830,#7548,#8320,.T.);
#8320 = SURFACE_CURVE('',#8321,(#8325,#8332),.PCURVE_S1.);
#8321 = LINE('',#8322,#8323);
#8322 = CARTESIAN_POINT('',(-10.13695360135,-16.5,11.392127674937));
#8323 = VECTOR('',#8324,1.);
#8324 = DIRECTION('',(0.,1.,0.));
#8325 = PCURVE('',#5868,#8326);
#8326 = DEFINITIONAL_REPRESENTATION('',(#8327),#8331);
#8327 = LINE('',#8328,#8329);
#8328 = CARTESIAN_POINT('',(0.,0.));
#8329 = VECTOR('',#8330,1.);
#8330 = DIRECTION('',(0.,-1.));
#8331 = ( GEOMETRIC_REPRESENTATION_CONTEXT(2) 
PARAMETRIC_REPRESENTATION_CONTEXT() REPRESENTATION_CONTEXT('2D SPACE',''
  ) );
#8332 = PCURVE('',#5844,#8333);
#8333 = DEFINITIONAL_REPRESENTATION('',(#8334),#8338);
#8334 = LINE('',#8335,#8336);
#8335 = CARTESIAN_POINT('',(0.8,0.));
#8336 = VECTOR('',#8337,1.);
#8337 = DIRECTION('',(0.,1.));
#8338 = ( GEOMETRIC_REPRESENTATION_CONTEXT(2) 
PARAMETRIC_REPRESENTATION_CONTEXT() REPRESENTATION_CONTEXT('2D SPACE',''
  ) );
#8339 = ORIENTED_EDGE('',*,*,#7568,.F.);
#8340 = ADVANCED_FACE('',(#8341),#5844,.T.);
#8341 = FACE_BOUND('',#8342,.T.);
#8342 = EDGE_LOOP('',(#8343,#8344,#8345,#8346));
#8343 = ORIENTED_EDGE('',*,*,#8292,.F.);
#8344 = ORIENTED_EDGE('',*,*,#5829,.T.);
#8345 = ORIENTED_EDGE('',*,*,#8319,.T.);
#8346 = ORIENTED_EDGE('',*,*,#7547,.F.);
#8347 = ADVANCED_FACE('',(#8348),#5898,.F.);
#8348 = FACE_BOUND('',#8349,.F.);
#8349 = EDGE_LOOP('',(#8350,#8371,#8372,#8393));
#8350 = ORIENTED_EDGE('',*,*,#8351,.F.);
#8351 = EDGE_CURVE('',#5882,#7418,#8352,.T.);
#8352 = SURFACE_CURVE('',#8353,(#8357,#8364),.PCURVE_S1.);
#8353 = LINE('',#8354,#8355);
#8354 = CARTESIAN_POINT('',(-9.863046398643,-16.5,13.807872325063));
#8355 = VECTOR('',#8356,1.);
#8356 = DIRECTION('',(0.,1.,0.));
#8357 = PCURVE('',#5898,#8358);
#8358 = DEFINITIONAL_REPRESENTATION('',(#8359),#8363);
#8359 = LINE('',#8360,#8361);
#8360 = CARTESIAN_POINT('',(0.,0.));
#8361 = VECTOR('',#8362,1.);
#8362 = DIRECTION('',(0.,1.));
#8363 = ( GEOMETRIC_REPRESENTATION_CONTEXT(2) 
PARAMETRIC_REPRESENTATION_CONTEXT() REPRESENTATION_CONTEXT('2D SPACE',''
  ) );
#8364 = PCURVE('',#5924,#8365);
#8365 = DEFINITIONAL_REPRESENTATION('',(#8366),#8370);
#8366 = LINE('',#8367,#8368);
#8367 = CARTESIAN_POINT('',(2.8,0.));
#8368 = VECTOR('',#8369,1.);
#8369 = DIRECTION('',(0.,-1.));
#8370 = ( GEOMETRIC_REPRESENTATION_CONTEXT(2) 
PARAMETRIC_REPRESENTATION_CONTEXT() REPRESENTATION_CONTEXT('2D SPACE',''
  ) );
#8371 = ORIENTED_EDGE('',*,*,#5881,.T.);
#8372 = ORIENTED_EDGE('',*,*,#8373,.T.);
#8373 = EDGE_CURVE('',#5884,#7420,#8374,.T.);
#8374 = SURFACE_CURVE('',#8375,(#8379,#8386),.PCURVE_S1.);
#8375 = LINE('',#8376,#8377);
#8376 = CARTESIAN_POINT('',(-9.102201185607,-16.5,14.055085920563));
#8377 = VECTOR('',#8378,1.);
#8378 = DIRECTION('',(0.,1.,0.));
#8379 = PCURVE('',#5898,#8380);
#8380 = DEFINITIONAL_REPRESENTATION('',(#8381),#8385);
#8381 = LINE('',#8382,#8383);
#8382 = CARTESIAN_POINT('',(0.8,0.));
#8383 = VECTOR('',#8384,1.);
#8384 = DIRECTION('',(0.,1.));
#8385 = ( GEOMETRIC_REPRESENTATION_CONTEXT(2) 
PARAMETRIC_REPRESENTATION_CONTEXT() REPRESENTATION_CONTEXT('2D SPACE',''
  ) );
#8386 = PCURVE('',#5974,#8387);
#8387 = DEFINITIONAL_REPRESENTATION('',(#8388),#8392);
#8388 = LINE('',#8389,#8390);
#8389 = CARTESIAN_POINT('',(2.8,0.));
#8390 = VECTOR('',#8391,1.);
#8391 = DIRECTION('',(0.,-1.));
#8392 = ( GEOMETRIC_REPRESENTATION_CONTEXT(2) 
PARAMETRIC_REPRESENTATION_CONTEXT() REPRESENTATION_CONTEXT('2D SPACE',''
  ) );
#8393 = ORIENTED_EDGE('',*,*,#7417,.F.);
#8394 = ADVANCED_FACE('',(#8395),#5924,.T.);
#8395 = FACE_BOUND('',#8396,.T.);
#8396 = EDGE_LOOP('',(#8397,#8398,#8399,#8420));
#8397 = ORIENTED_EDGE('',*,*,#8351,.F.);
#8398 = ORIENTED_EDGE('',*,*,#5909,.T.);
#8399 = ORIENTED_EDGE('',*,*,#8400,.T.);
#8400 = EDGE_CURVE('',#5910,#7441,#8401,.T.);
#8401 = SURFACE_CURVE('',#8402,(#8406,#8413),.PCURVE_S1.);
#8402 = LINE('',#8403,#8404);
#8403 = CARTESIAN_POINT('',(-8.997798814393,-16.5,11.144914079437));
#8404 = VECTOR('',#8405,1.);
#8405 = DIRECTION('',(0.,1.,0.));
#8406 = PCURVE('',#5924,#8407);
#8407 = DEFINITIONAL_REPRESENTATION('',(#8408),#8412);
#8408 = LINE('',#8409,#8410);
#8409 = CARTESIAN_POINT('',(0.,0.));
#8410 = VECTOR('',#8411,1.);
#8411 = DIRECTION('',(0.,-1.));
#8412 = ( GEOMETRIC_REPRESENTATION_CONTEXT(2) 
PARAMETRIC_REPRESENTATION_CONTEXT() REPRESENTATION_CONTEXT('2D SPACE',''
  ) );
#8413 = PCURVE('',#5950,#8414);
#8414 = DEFINITIONAL_REPRESENTATION('',(#8415),#8419);
#8415 = LINE('',#8416,#8417);
#8416 = CARTESIAN_POINT('',(0.,0.));
#8417 = VECTOR('',#8418,1.);
#8418 = DIRECTION('',(0.,1.));
#8419 = ( GEOMETRIC_REPRESENTATION_CONTEXT(2) 
PARAMETRIC_REPRESENTATION_CONTEXT() REPRESENTATION_CONTEXT('2D SPACE',''
  ) );
#8420 = ORIENTED_EDGE('',*,*,#7440,.F.);
#8421 = ADVANCED_FACE('',(#8422),#5974,.F.);
#8422 = FACE_BOUND('',#8423,.F.);
#8423 = EDGE_LOOP('',(#8424,#8425,#8426,#8447));
#8424 = ORIENTED_EDGE('',*,*,#8373,.F.);
#8425 = ORIENTED_EDGE('',*,*,#5961,.T.);
#8426 = ORIENTED_EDGE('',*,*,#8427,.T.);
#8427 = EDGE_CURVE('',#5936,#7462,#8428,.T.);
#8428 = SURFACE_CURVE('',#8429,(#8433,#8440),.PCURVE_S1.);
#8429 = LINE('',#8430,#8431);
#8430 = CARTESIAN_POINT('',(-8.236953601357,-16.5,11.392127674937));
#8431 = VECTOR('',#8432,1.);
#8432 = DIRECTION('',(0.,1.,0.));
#8433 = PCURVE('',#5974,#8434);
#8434 = DEFINITIONAL_REPRESENTATION('',(#8435),#8439);
#8435 = LINE('',#8436,#8437);
#8436 = CARTESIAN_POINT('',(0.,0.));
#8437 = VECTOR('',#8438,1.);
#8438 = DIRECTION('',(0.,-1.));
#8439 = ( GEOMETRIC_REPRESENTATION_CONTEXT(2) 
PARAMETRIC_REPRESENTATION_CONTEXT() REPRESENTATION_CONTEXT('2D SPACE',''
  ) );
#8440 = PCURVE('',#5950,#8441);
#8441 = DEFINITIONAL_REPRESENTATION('',(#8442),#8446);
#8442 = LINE('',#8443,#8444);
#8443 = CARTESIAN_POINT('',(0.8,0.));
#8444 = VECTOR('',#8445,1.);
#8445 = DIRECTION('',(0.,1.));
#8446 = ( GEOMETRIC_REPRESENTATION_CONTEXT(2) 
PARAMETRIC_REPRESENTATION_CONTEXT() REPRESENTATION_CONTEXT('2D SPACE',''
  ) );
#8447 = ORIENTED_EDGE('',*,*,#7482,.F.);
#8448 = ADVANCED_FACE('',(#8449),#5950,.T.);
#8449 = FACE_BOUND('',#8450,.T.);
#8450 = EDGE_LOOP('',(#8451,#8452,#8453,#8454));
#8451 = ORIENTED_EDGE('',*,*,#8400,.F.);
#8452 = ORIENTED_EDGE('',*,*,#5935,.T.);
#8453 = ORIENTED_EDGE('',*,*,#8427,.T.);
#8454 = ORIENTED_EDGE('',*,*,#7461,.F.);
#8455 = ADVANCED_FACE('',(#8456),#6004,.F.);
#8456 = FACE_BOUND('',#8457,.F.);
#8457 = EDGE_LOOP('',(#8458,#8479,#8480,#8501));
#8458 = ORIENTED_EDGE('',*,*,#8459,.F.);
#8459 = EDGE_CURVE('',#5988,#7590,#8460,.T.);
#8460 = SURFACE_CURVE('',#8461,(#8465,#8472),.PCURVE_S1.);
#8461 = LINE('',#8462,#8463);
#8462 = CARTESIAN_POINT('',(8.236953601357,-16.5,13.807872325063));
#8463 = VECTOR('',#8464,1.);
#8464 = DIRECTION('',(0.,1.,0.));
#8465 = PCURVE('',#6004,#8466);
#8466 = DEFINITIONAL_REPRESENTATION('',(#8467),#8471);
#8467 = LINE('',#8468,#8469);
#8468 = CARTESIAN_POINT('',(0.,0.));
#8469 = VECTOR('',#8470,1.);
#8470 = DIRECTION('',(0.,1.));
#8471 = ( GEOMETRIC_REPRESENTATION_CONTEXT(2) 
PARAMETRIC_REPRESENTATION_CONTEXT() REPRESENTATION_CONTEXT('2D SPACE',''
  ) );
#8472 = PCURVE('',#6030,#8473);
#8473 = DEFINITIONAL_REPRESENTATION('',(#8474),#8478);
#8474 = LINE('',#8475,#8476);
#8475 = CARTESIAN_POINT('',(2.8,0.));
#8476 = VECTOR('',#8477,1.);
#8477 = DIRECTION('',(0.,-1.));
#8478 = ( GEOMETRIC_REPRESENTATION_CONTEXT(2) 
PARAMETRIC_REPRESENTATION_CONTEXT() REPRESENTATION_CONTEXT('2D SPACE',''
  ) );
#8479 = ORIENTED_EDGE('',*,*,#5987,.T.);
#8480 = ORIENTED_EDGE('',*,*,#8481,.T.);
#8481 = EDGE_CURVE('',#5990,#7592,#8482,.T.);
#8482 = SURFACE_CURVE('',#8483,(#8487,#8494),.PCURVE_S1.);
#8483 = LINE('',#8484,#8485);
#8484 = CARTESIAN_POINT('',(8.997798814393,-16.5,14.055085920563));
#8485 = VECTOR('',#8486,1.);
#8486 = DIRECTION('',(0.,1.,0.));
#8487 = PCURVE('',#6004,#8488);
#8488 = DEFINITIONAL_REPRESENTATION('',(#8489),#8493);
#8489 = LINE('',#8490,#8491);
#8490 = CARTESIAN_POINT('',(0.8,0.));
#8491 = VECTOR('',#8492,1.);
#8492 = DIRECTION('',(0.,1.));
#8493 = ( GEOMETRIC_REPRESENTATION_CONTEXT(2) 
PARAMETRIC_REPRESENTATION_CONTEXT() REPRESENTATION_CONTEXT('2D SPACE',''
  ) );
#8494 = PCURVE('',#6080,#8495);
#8495 = DEFINITIONAL_REPRESENTATION('',(#8496),#8500);
#8496 = LINE('',#8497,#8498);
#8497 = CARTESIAN_POINT('',(2.8,0.));
#8498 = VECTOR('',#8499,1.);
#8499 = DIRECTION('',(0.,-1.));
#8500 = ( GEOMETRIC_REPRESENTATION_CONTEXT(2) 
PARAMETRIC_REPRESENTATION_CONTEXT() REPRESENTATION_CONTEXT('2D SPACE',''
  ) );
#8501 = ORIENTED_EDGE('',*,*,#7589,.F.);
#8502 = ADVANCED_FACE('',(#8503),#6030,.T.);
#8503 = FACE_BOUND('',#8504,.T.);
#8504 = EDGE_LOOP('',(#8505,#8506,#8507,#8528));
#8505 = ORIENTED_EDGE('',*,*,#8459,.F.);
#8506 = ORIENTED_EDGE('',*,*,#6015,.T.);
#8507 = ORIENTED_EDGE('',*,*,#8508,.T.);
#8508 = EDGE_CURVE('',#6016,#7613,#8509,.T.);
#8509 = SURFACE_CURVE('',#8510,(#8514,#8521),.PCURVE_S1.);
#8510 = LINE('',#8511,#8512);
#8511 = CARTESIAN_POINT('',(9.102201185607,-16.5,11.144914079437));
#8512 = VECTOR('',#8513,1.);
#8513 = DIRECTION('',(0.,1.,0.));
#8514 = PCURVE('',#6030,#8515);
#8515 = DEFINITIONAL_REPRESENTATION('',(#8516),#8520);
#8516 = LINE('',#8517,#8518);
#8517 = CARTESIAN_POINT('',(0.,0.));
#8518 = VECTOR('',#8519,1.);
#8519 = DIRECTION('',(0.,-1.));
#8520 = ( GEOMETRIC_REPRESENTATION_CONTEXT(2) 
PARAMETRIC_REPRESENTATION_CONTEXT() REPRESENTATION_CONTEXT('2D SPACE',''
  ) );
#8521 = PCURVE('',#6056,#8522);
#8522 = DEFINITIONAL_REPRESENTATION('',(#8523),#8527);
#8523 = LINE('',#8524,#8525);
#8524 = CARTESIAN_POINT('',(0.,0.));
#8525 = VECTOR('',#8526,1.);
#8526 = DIRECTION('',(0.,1.));
#8527 = ( GEOMETRIC_REPRESENTATION_CONTEXT(2) 
PARAMETRIC_REPRESENTATION_CONTEXT() REPRESENTATION_CONTEXT('2D SPACE',''
  ) );
#8528 = ORIENTED_EDGE('',*,*,#7612,.F.);
#8529 = ADVANCED_FACE('',(#8530),#6080,.F.);
#8530 = FACE_BOUND('',#8531,.F.);
#8531 = EDGE_LOOP('',(#8532,#8533,#8534,#8555));
#8532 = ORIENTED_EDGE('',*,*,#8481,.F.);
#8533 = ORIENTED_EDGE('',*,*,#6067,.T.);
#8534 = ORIENTED_EDGE('',*,*,#8535,.T.);
#8535 = EDGE_CURVE('',#6042,#7634,#8536,.T.);
#8536 = SURFACE_CURVE('',#8537,(#8541,#8548),.PCURVE_S1.);
#8537 = LINE('',#8538,#8539);
#8538 = CARTESIAN_POINT('',(9.863046398643,-16.5,11.392127674937));
#8539 = VECTOR('',#8540,1.);
#8540 = DIRECTION('',(0.,1.,0.));
#8541 = PCURVE('',#6080,#8542);
#8542 = DEFINITIONAL_REPRESENTATION('',(#8543),#8547);
#8543 = LINE('',#8544,#8545);
#8544 = CARTESIAN_POINT('',(0.,0.));
#8545 = VECTOR('',#8546,1.);
#8546 = DIRECTION('',(0.,-1.));
#8547 = ( GEOMETRIC_REPRESENTATION_CONTEXT(2) 
PARAMETRIC_REPRESENTATION_CONTEXT() REPRESENTATION_CONTEXT('2D SPACE',''
  ) );
#8548 = PCURVE('',#6056,#8549);
#8549 = DEFINITIONAL_REPRESENTATION('',(#8550),#8554);
#8550 = LINE('',#8551,#8552);
#8551 = CARTESIAN_POINT('',(0.8,0.));
#8552 = VECTOR('',#8553,1.);
#8553 = DIRECTION('',(0.,1.));
#8554 = ( GEOMETRIC_REPRESENTATION_CONTEXT(2) 
PARAMETRIC_REPRESENTATION_CONTEXT() REPRESENTATION_CONTEXT('2D SPACE',''
  ) );
#8555 = ORIENTED_EDGE('',*,*,#7654,.F.);
#8556 = ADVANCED_FACE('',(#8557),#6056,.T.);
#8557 = FACE_BOUND('',#8558,.T.);
#8558 = EDGE_LOOP('',(#8559,#8560,#8561,#8562));
#8559 = ORIENTED_EDGE('',*,*,#8508,.F.);
#8560 = ORIENTED_EDGE('',*,*,#6041,.T.);
#8561 = ORIENTED_EDGE('',*,*,#8535,.T.);
#8562 = ORIENTED_EDGE('',*,*,#7633,.F.);
#8563 = ADVANCED_FACE('',(#8564),#6110,.F.);
#8564 = FACE_BOUND('',#8565,.F.);
#8565 = EDGE_LOOP('',(#8566,#8587,#8588,#8609));
#8566 = ORIENTED_EDGE('',*,*,#8567,.F.);
#8567 = EDGE_CURVE('',#6094,#7676,#8568,.T.);
#8568 = SURFACE_CURVE('',#8569,(#8573,#8580),.PCURVE_S1.);
#8569 = LINE('',#8570,#8571);
#8570 = CARTESIAN_POINT('',(10.136953601357,-16.5,13.807872325063));
#8571 = VECTOR('',#8572,1.);
#8572 = DIRECTION('',(0.,1.,0.));
#8573 = PCURVE('',#6110,#8574);
#8574 = DEFINITIONAL_REPRESENTATION('',(#8575),#8579);
#8575 = LINE('',#8576,#8577);
#8576 = CARTESIAN_POINT('',(0.,0.));
#8577 = VECTOR('',#8578,1.);
#8578 = DIRECTION('',(0.,1.));
#8579 = ( GEOMETRIC_REPRESENTATION_CONTEXT(2) 
PARAMETRIC_REPRESENTATION_CONTEXT() REPRESENTATION_CONTEXT('2D SPACE',''
  ) );
#8580 = PCURVE('',#6136,#8581);
#8581 = DEFINITIONAL_REPRESENTATION('',(#8582),#8586);
#8582 = LINE('',#8583,#8584);
#8583 = CARTESIAN_POINT('',(2.8,0.));
#8584 = VECTOR('',#8585,1.);
#8585 = DIRECTION('',(0.,-1.));
#8586 = ( GEOMETRIC_REPRESENTATION_CONTEXT(2) 
PARAMETRIC_REPRESENTATION_CONTEXT() REPRESENTATION_CONTEXT('2D SPACE',''
  ) );
#8587 = ORIENTED_EDGE('',*,*,#6093,.T.);
#8588 = ORIENTED_EDGE('',*,*,#8589,.T.);
#8589 = EDGE_CURVE('',#6096,#7678,#8590,.T.);
#8590 = SURFACE_CURVE('',#8591,(#8595,#8602),.PCURVE_S1.);
#8591 = LINE('',#8592,#8593);
#8592 = CARTESIAN_POINT('',(10.897798814393,-16.5,14.055085920563));
#8593 = VECTOR('',#8594,1.);
#8594 = DIRECTION('',(0.,1.,0.));
#8595 = PCURVE('',#6110,#8596);
#8596 = DEFINITIONAL_REPRESENTATION('',(#8597),#8601);
#8597 = LINE('',#8598,#8599);
#8598 = CARTESIAN_POINT('',(0.8,0.));
#8599 = VECTOR('',#8600,1.);
#8600 = DIRECTION('',(0.,1.));
#8601 = ( GEOMETRIC_REPRESENTATION_CONTEXT(2) 
PARAMETRIC_REPRESENTATION_CONTEXT() REPRESENTATION_CONTEXT('2D SPACE',''
  ) );
#8602 = PCURVE('',#6186,#8603);
#8603 = DEFINITIONAL_REPRESENTATION('',(#8604),#8608);
#8604 = LINE('',#8605,#8606);
#8605 = CARTESIAN_POINT('',(2.8,0.));
#8606 = VECTOR('',#8607,1.);
#8607 = DIRECTION('',(0.,-1.));
#8608 = ( GEOMETRIC_REPRESENTATION_CONTEXT(2) 
PARAMETRIC_REPRESENTATION_CONTEXT() REPRESENTATION_CONTEXT('2D SPACE',''
  ) );
#8609 = ORIENTED_EDGE('',*,*,#7675,.F.);
#8610 = ADVANCED_FACE('',(#8611),#6186,.F.);
#8611 = FACE_BOUND('',#8612,.F.);
#8612 = EDGE_LOOP('',(#8613,#8614,#8615,#8636));
#8613 = ORIENTED_EDGE('',*,*,#8589,.F.);
#8614 = ORIENTED_EDGE('',*,*,#6173,.T.);
#8615 = ORIENTED_EDGE('',*,*,#8616,.T.);
#8616 = EDGE_CURVE('',#6148,#7720,#8617,.T.);
#8617 = SURFACE_CURVE('',#8618,(#8622,#8629),.PCURVE_S1.);
#8618 = LINE('',#8619,#8620);
#8619 = CARTESIAN_POINT('',(11.763046398643,-16.5,11.392127674937));
#8620 = VECTOR('',#8621,1.);
#8621 = DIRECTION('',(0.,1.,0.));
#8622 = PCURVE('',#6186,#8623);
#8623 = DEFINITIONAL_REPRESENTATION('',(#8624),#8628);
#8624 = LINE('',#8625,#8626);
#8625 = CARTESIAN_POINT('',(0.,0.));
#8626 = VECTOR('',#8627,1.);
#8627 = DIRECTION('',(0.,-1.));
#8628 = ( GEOMETRIC_REPRESENTATION_CONTEXT(2) 
PARAMETRIC_REPRESENTATION_CONTEXT() REPRESENTATION_CONTEXT('2D SPACE',''
  ) );
#8629 = PCURVE('',#6162,#8630);
#8630 = DEFINITIONAL_REPRESENTATION('',(#8631),#8635);
#8631 = LINE('',#8632,#8633);
#8632 = CARTESIAN_POINT('',(0.8,0.));
#8633 = VECTOR('',#8634,1.);
#8634 = DIRECTION('',(0.,1.));
#8635 = ( GEOMETRIC_REPRESENTATION_CONTEXT(2) 
PARAMETRIC_REPRESENTATION_CONTEXT() REPRESENTATION_CONTEXT('2D SPACE',''
  ) );
#8636 = ORIENTED_EDGE('',*,*,#7740,.F.);
#8637 = ADVANCED_FACE('',(#8638),#6162,.T.);
#8638 = FACE_BOUND('',#8639,.T.);
#8639 = EDGE_LOOP('',(#8640,#8661,#8662,#8663));
#8640 = ORIENTED_EDGE('',*,*,#8641,.F.);
#8641 = EDGE_CURVE('',#6122,#7699,#8642,.T.);
#8642 = SURFACE_CURVE('',#8643,(#8647,#8654),.PCURVE_S1.);
#8643 = LINE('',#8644,#8645);
#8644 = CARTESIAN_POINT('',(11.002201185607,-16.5,11.144914079437));
#8645 = VECTOR('',#8646,1.);
#8646 = DIRECTION('',(0.,1.,0.));
#8647 = PCURVE('',#6162,#8648);
#8648 = DEFINITIONAL_REPRESENTATION('',(#8649),#8653);
#8649 = LINE('',#8650,#8651);
#8650 = CARTESIAN_POINT('',(0.,0.));
#8651 = VECTOR('',#8652,1.);
#8652 = DIRECTION('',(0.,1.));
#8653 = ( GEOMETRIC_REPRESENTATION_CONTEXT(2) 
PARAMETRIC_REPRESENTATION_CONTEXT() REPRESENTATION_CONTEXT('2D SPACE',''
  ) );
#8654 = PCURVE('',#6136,#8655);
#8655 = DEFINITIONAL_REPRESENTATION('',(#8656),#8660);
#8656 = LINE('',#8657,#8658);
#8657 = CARTESIAN_POINT('',(0.,0.));
#8658 = VECTOR('',#8659,1.);
#8659 = DIRECTION('',(0.,-1.));
#8660 = ( GEOMETRIC_REPRESENTATION_CONTEXT(2) 
PARAMETRIC_REPRESENTATION_CONTEXT() REPRESENTATION_CONTEXT('2D SPACE',''
  ) );
#8661 = ORIENTED_EDGE('',*,*,#6147,.T.);
#8662 = ORIENTED_EDGE('',*,*,#8616,.T.);
#8663 = ORIENTED_EDGE('',*,*,#7719,.F.);
#8664 = ADVANCED_FACE('',(#8665),#6136,.T.);
#8665 = FACE_BOUND('',#8666,.T.);
#8666 = EDGE_LOOP('',(#8667,#8668,#8669,#8670));
#8667 = ORIENTED_EDGE('',*,*,#8567,.F.);
#8668 = ORIENTED_EDGE('',*,*,#6121,.T.);
#8669 = ORIENTED_EDGE('',*,*,#8641,.T.);
#8670 = ORIENTED_EDGE('',*,*,#7698,.F.);
#8671 = ADVANCED_FACE('',(#8672),#6313,.T.);
#8672 = FACE_BOUND('',#8673,.T.);
#8673 = EDGE_LOOP('',(#8674,#8675,#8676,#8677));
#8674 = ORIENTED_EDGE('',*,*,#6935,.F.);
#8675 = ORIENTED_EDGE('',*,*,#7815,.T.);
#8676 = ORIENTED_EDGE('',*,*,#6346,.T.);
#8677 = ORIENTED_EDGE('',*,*,#6298,.F.);
#8678 = ADVANCED_FACE('',(#8679),#6527,.F.);
#8679 = FACE_BOUND('',#8680,.F.);
#8680 = EDGE_LOOP('',(#8681,#8702,#8703,#8724));
#8681 = ORIENTED_EDGE('',*,*,#8682,.F.);
#8682 = EDGE_CURVE('',#7978,#6511,#8683,.T.);
#8683 = SURFACE_CURVE('',#8684,(#8688,#8695),.PCURVE_S1.);
#8684 = LINE('',#8685,#8686);
#8685 = CARTESIAN_POINT('',(-11.76304639864,11.5,13.807872325063));
#8686 = VECTOR('',#8687,1.);
#8687 = DIRECTION('',(0.,1.,0.));
#8688 = PCURVE('',#6527,#8689);
#8689 = DEFINITIONAL_REPRESENTATION('',(#8690),#8694);
#8690 = LINE('',#8691,#8692);
#8691 = CARTESIAN_POINT('',(0.,0.));
#8692 = VECTOR('',#8693,1.);
#8693 = DIRECTION('',(0.,1.));
#8694 = ( GEOMETRIC_REPRESENTATION_CONTEXT(2) 
PARAMETRIC_REPRESENTATION_CONTEXT() REPRESENTATION_CONTEXT('2D SPACE',''
  ) );
#8695 = PCURVE('',#6553,#8696);
#8696 = DEFINITIONAL_REPRESENTATION('',(#8697),#8701);
#8697 = LINE('',#8698,#8699);
#8698 = CARTESIAN_POINT('',(2.8,0.));
#8699 = VECTOR('',#8700,1.);
#8700 = DIRECTION('',(0.,-1.));
#8701 = ( GEOMETRIC_REPRESENTATION_CONTEXT(2) 
PARAMETRIC_REPRESENTATION_CONTEXT() REPRESENTATION_CONTEXT('2D SPACE',''
  ) );
#8702 = ORIENTED_EDGE('',*,*,#7977,.T.);
#8703 = ORIENTED_EDGE('',*,*,#8704,.T.);
#8704 = EDGE_CURVE('',#7980,#6513,#8705,.T.);
#8705 = SURFACE_CURVE('',#8706,(#8710,#8717),.PCURVE_S1.);
#8706 = LINE('',#8707,#8708);
#8707 = CARTESIAN_POINT('',(-11.0022011856,11.5,14.055085920563));
#8708 = VECTOR('',#8709,1.);
#8709 = DIRECTION('',(0.,1.,0.));
#8710 = PCURVE('',#6527,#8711);
#8711 = DEFINITIONAL_REPRESENTATION('',(#8712),#8716);
#8712 = LINE('',#8713,#8714);
#8713 = CARTESIAN_POINT('',(0.8,0.));
#8714 = VECTOR('',#8715,1.);
#8715 = DIRECTION('',(0.,1.));
#8716 = ( GEOMETRIC_REPRESENTATION_CONTEXT(2) 
PARAMETRIC_REPRESENTATION_CONTEXT() REPRESENTATION_CONTEXT('2D SPACE',''
  ) );
#8717 = PCURVE('',#6603,#8718);
#8718 = DEFINITIONAL_REPRESENTATION('',(#8719),#8723);
#8719 = LINE('',#8720,#8721);
#8720 = CARTESIAN_POINT('',(2.8,0.));
#8721 = VECTOR('',#8722,1.);
#8722 = DIRECTION('',(0.,-1.));
#8723 = ( GEOMETRIC_REPRESENTATION_CONTEXT(2) 
PARAMETRIC_REPRESENTATION_CONTEXT() REPRESENTATION_CONTEXT('2D SPACE',''
  ) );
#8724 = ORIENTED_EDGE('',*,*,#6510,.F.);
#8725 = ADVANCED_FACE('',(#8726),#6553,.T.);
#8726 = FACE_BOUND('',#8727,.T.);
#8727 = EDGE_LOOP('',(#8728,#8729,#8730,#8751));
#8728 = ORIENTED_EDGE('',*,*,#8682,.F.);
#8729 = ORIENTED_EDGE('',*,*,#8000,.T.);
#8730 = ORIENTED_EDGE('',*,*,#8731,.T.);
#8731 = EDGE_CURVE('',#8001,#6539,#8732,.T.);
#8732 = SURFACE_CURVE('',#8733,(#8737,#8744),.PCURVE_S1.);
#8733 = LINE('',#8734,#8735);
#8734 = CARTESIAN_POINT('',(-10.89779881439,11.5,11.144914079437));
#8735 = VECTOR('',#8736,1.);
#8736 = DIRECTION('',(0.,1.,0.));
#8737 = PCURVE('',#6553,#8738);
#8738 = DEFINITIONAL_REPRESENTATION('',(#8739),#8743);
#8739 = LINE('',#8740,#8741);
#8740 = CARTESIAN_POINT('',(0.,0.));
#8741 = VECTOR('',#8742,1.);
#8742 = DIRECTION('',(0.,-1.));
#8743 = ( GEOMETRIC_REPRESENTATION_CONTEXT(2) 
PARAMETRIC_REPRESENTATION_CONTEXT() REPRESENTATION_CONTEXT('2D SPACE',''
  ) );
#8744 = PCURVE('',#6579,#8745);
#8745 = DEFINITIONAL_REPRESENTATION('',(#8746),#8750);
#8746 = LINE('',#8747,#8748);
#8747 = CARTESIAN_POINT('',(0.,0.));
#8748 = VECTOR('',#8749,1.);
#8749 = DIRECTION('',(0.,1.));
#8750 = ( GEOMETRIC_REPRESENTATION_CONTEXT(2) 
PARAMETRIC_REPRESENTATION_CONTEXT() REPRESENTATION_CONTEXT('2D SPACE',''
  ) );
#8751 = ORIENTED_EDGE('',*,*,#6538,.F.);
#8752 = ADVANCED_FACE('',(#8753),#6603,.F.);
#8753 = FACE_BOUND('',#8754,.F.);
#8754 = EDGE_LOOP('',(#8755,#8756,#8757,#8778));
#8755 = ORIENTED_EDGE('',*,*,#8704,.F.);
#8756 = ORIENTED_EDGE('',*,*,#8042,.T.);
#8757 = ORIENTED_EDGE('',*,*,#8758,.T.);
#8758 = EDGE_CURVE('',#8022,#6565,#8759,.T.);
#8759 = SURFACE_CURVE('',#8760,(#8764,#8771),.PCURVE_S1.);
#8760 = LINE('',#8761,#8762);
#8761 = CARTESIAN_POINT('',(-10.13695360135,11.5,11.392127674937));
#8762 = VECTOR('',#8763,1.);
#8763 = DIRECTION('',(0.,1.,0.));
#8764 = PCURVE('',#6603,#8765);
#8765 = DEFINITIONAL_REPRESENTATION('',(#8766),#8770);
#8766 = LINE('',#8767,#8768);
#8767 = CARTESIAN_POINT('',(0.,0.));
#8768 = VECTOR('',#8769,1.);
#8769 = DIRECTION('',(0.,-1.));
#8770 = ( GEOMETRIC_REPRESENTATION_CONTEXT(2) 
PARAMETRIC_REPRESENTATION_CONTEXT() REPRESENTATION_CONTEXT('2D SPACE',''
  ) );
#8771 = PCURVE('',#6579,#8772);
#8772 = DEFINITIONAL_REPRESENTATION('',(#8773),#8777);
#8773 = LINE('',#8774,#8775);
#8774 = CARTESIAN_POINT('',(0.8,0.));
#8775 = VECTOR('',#8776,1.);
#8776 = DIRECTION('',(0.,1.));
#8777 = ( GEOMETRIC_REPRESENTATION_CONTEXT(2) 
PARAMETRIC_REPRESENTATION_CONTEXT() REPRESENTATION_CONTEXT('2D SPACE',''
  ) );
#8778 = ORIENTED_EDGE('',*,*,#6590,.F.);
#8779 = ADVANCED_FACE('',(#8780),#6579,.T.);
#8780 = FACE_BOUND('',#8781,.T.);
#8781 = EDGE_LOOP('',(#8782,#8783,#8784,#8785));
#8782 = ORIENTED_EDGE('',*,*,#8731,.F.);
#8783 = ORIENTED_EDGE('',*,*,#8021,.T.);
#8784 = ORIENTED_EDGE('',*,*,#8758,.T.);
#8785 = ORIENTED_EDGE('',*,*,#6564,.F.);
#8786 = ADVANCED_FACE('',(#8787),#6633,.F.);
#8787 = FACE_BOUND('',#8788,.F.);
#8788 = EDGE_LOOP('',(#8789,#8810,#8811,#8832));
#8789 = ORIENTED_EDGE('',*,*,#8790,.F.);
#8790 = EDGE_CURVE('',#7892,#6617,#8791,.T.);
#8791 = SURFACE_CURVE('',#8792,(#8796,#8803),.PCURVE_S1.);
#8792 = LINE('',#8793,#8794);
#8793 = CARTESIAN_POINT('',(-9.863046398643,11.5,13.807872325063));
#8794 = VECTOR('',#8795,1.);
#8795 = DIRECTION('',(0.,1.,0.));
#8796 = PCURVE('',#6633,#8797);
#8797 = DEFINITIONAL_REPRESENTATION('',(#8798),#8802);
#8798 = LINE('',#8799,#8800);
#8799 = CARTESIAN_POINT('',(0.,0.));
#8800 = VECTOR('',#8801,1.);
#8801 = DIRECTION('',(0.,1.));
#8802 = ( GEOMETRIC_REPRESENTATION_CONTEXT(2) 
PARAMETRIC_REPRESENTATION_CONTEXT() REPRESENTATION_CONTEXT('2D SPACE',''
  ) );
#8803 = PCURVE('',#6659,#8804);
#8804 = DEFINITIONAL_REPRESENTATION('',(#8805),#8809);
#8805 = LINE('',#8806,#8807);
#8806 = CARTESIAN_POINT('',(2.8,0.));
#8807 = VECTOR('',#8808,1.);
#8808 = DIRECTION('',(0.,-1.));
#8809 = ( GEOMETRIC_REPRESENTATION_CONTEXT(2) 
PARAMETRIC_REPRESENTATION_CONTEXT() REPRESENTATION_CONTEXT('2D SPACE',''
  ) );
#8810 = ORIENTED_EDGE('',*,*,#7891,.T.);
#8811 = ORIENTED_EDGE('',*,*,#8812,.T.);
#8812 = EDGE_CURVE('',#7894,#6619,#8813,.T.);
#8813 = SURFACE_CURVE('',#8814,(#8818,#8825),.PCURVE_S1.);
#8814 = LINE('',#8815,#8816);
#8815 = CARTESIAN_POINT('',(-9.102201185607,11.5,14.055085920563));
#8816 = VECTOR('',#8817,1.);
#8817 = DIRECTION('',(0.,1.,0.));
#8818 = PCURVE('',#6633,#8819);
#8819 = DEFINITIONAL_REPRESENTATION('',(#8820),#8824);
#8820 = LINE('',#8821,#8822);
#8821 = CARTESIAN_POINT('',(0.8,0.));
#8822 = VECTOR('',#8823,1.);
#8823 = DIRECTION('',(0.,1.));
#8824 = ( GEOMETRIC_REPRESENTATION_CONTEXT(2) 
PARAMETRIC_REPRESENTATION_CONTEXT() REPRESENTATION_CONTEXT('2D SPACE',''
  ) );
#8825 = PCURVE('',#6709,#8826);
#8826 = DEFINITIONAL_REPRESENTATION('',(#8827),#8831);
#8827 = LINE('',#8828,#8829);
#8828 = CARTESIAN_POINT('',(2.8,0.));
#8829 = VECTOR('',#8830,1.);
#8830 = DIRECTION('',(0.,-1.));
#8831 = ( GEOMETRIC_REPRESENTATION_CONTEXT(2) 
PARAMETRIC_REPRESENTATION_CONTEXT() REPRESENTATION_CONTEXT('2D SPACE',''
  ) );
#8832 = ORIENTED_EDGE('',*,*,#6616,.F.);
#8833 = ADVANCED_FACE('',(#8834),#6659,.T.);
#8834 = FACE_BOUND('',#8835,.T.);
#8835 = EDGE_LOOP('',(#8836,#8837,#8838,#8859));
#8836 = ORIENTED_EDGE('',*,*,#8790,.F.);
#8837 = ORIENTED_EDGE('',*,*,#7914,.T.);
#8838 = ORIENTED_EDGE('',*,*,#8839,.T.);
#8839 = EDGE_CURVE('',#7915,#6645,#8840,.T.);
#8840 = SURFACE_CURVE('',#8841,(#8845,#8852),.PCURVE_S1.);
#8841 = LINE('',#8842,#8843);
#8842 = CARTESIAN_POINT('',(-8.997798814393,11.5,11.144914079437));
#8843 = VECTOR('',#8844,1.);
#8844 = DIRECTION('',(0.,1.,0.));
#8845 = PCURVE('',#6659,#8846);
#8846 = DEFINITIONAL_REPRESENTATION('',(#8847),#8851);
#8847 = LINE('',#8848,#8849);
#8848 = CARTESIAN_POINT('',(0.,0.));
#8849 = VECTOR('',#8850,1.);
#8850 = DIRECTION('',(0.,-1.));
#8851 = ( GEOMETRIC_REPRESENTATION_CONTEXT(2) 
PARAMETRIC_REPRESENTATION_CONTEXT() REPRESENTATION_CONTEXT('2D SPACE',''
  ) );
#8852 = PCURVE('',#6685,#8853);
#8853 = DEFINITIONAL_REPRESENTATION('',(#8854),#8858);
#8854 = LINE('',#8855,#8856);
#8855 = CARTESIAN_POINT('',(0.,0.));
#8856 = VECTOR('',#8857,1.);
#8857 = DIRECTION('',(0.,1.));
#8858 = ( GEOMETRIC_REPRESENTATION_CONTEXT(2) 
PARAMETRIC_REPRESENTATION_CONTEXT() REPRESENTATION_CONTEXT('2D SPACE',''
  ) );
#8859 = ORIENTED_EDGE('',*,*,#6644,.F.);
#8860 = ADVANCED_FACE('',(#8861),#6709,.F.);
#8861 = FACE_BOUND('',#8862,.F.);
#8862 = EDGE_LOOP('',(#8863,#8864,#8865,#8886));
#8863 = ORIENTED_EDGE('',*,*,#8812,.F.);
#8864 = ORIENTED_EDGE('',*,*,#7956,.T.);
#8865 = ORIENTED_EDGE('',*,*,#8866,.T.);
#8866 = EDGE_CURVE('',#7936,#6671,#8867,.T.);
#8867 = SURFACE_CURVE('',#8868,(#8872,#8879),.PCURVE_S1.);
#8868 = LINE('',#8869,#8870);
#8869 = CARTESIAN_POINT('',(-8.236953601357,11.5,11.392127674937));
#8870 = VECTOR('',#8871,1.);
#8871 = DIRECTION('',(0.,1.,0.));
#8872 = PCURVE('',#6709,#8873);
#8873 = DEFINITIONAL_REPRESENTATION('',(#8874),#8878);
#8874 = LINE('',#8875,#8876);
#8875 = CARTESIAN_POINT('',(0.,0.));
#8876 = VECTOR('',#8877,1.);
#8877 = DIRECTION('',(0.,-1.));
#8878 = ( GEOMETRIC_REPRESENTATION_CONTEXT(2) 
PARAMETRIC_REPRESENTATION_CONTEXT() REPRESENTATION_CONTEXT('2D SPACE',''
  ) );
#8879 = PCURVE('',#6685,#8880);
#8880 = DEFINITIONAL_REPRESENTATION('',(#8881),#8885);
#8881 = LINE('',#8882,#8883);
#8882 = CARTESIAN_POINT('',(0.8,0.));
#8883 = VECTOR('',#8884,1.);
#8884 = DIRECTION('',(0.,1.));
#8885 = ( GEOMETRIC_REPRESENTATION_CONTEXT(2) 
PARAMETRIC_REPRESENTATION_CONTEXT() REPRESENTATION_CONTEXT('2D SPACE',''
  ) );
#8886 = ORIENTED_EDGE('',*,*,#6696,.F.);
#8887 = ADVANCED_FACE('',(#8888),#6685,.T.);
#8888 = FACE_BOUND('',#8889,.T.);
#8889 = EDGE_LOOP('',(#8890,#8891,#8892,#8893));
#8890 = ORIENTED_EDGE('',*,*,#8839,.F.);
#8891 = ORIENTED_EDGE('',*,*,#7935,.T.);
#8892 = ORIENTED_EDGE('',*,*,#8866,.T.);
#8893 = ORIENTED_EDGE('',*,*,#6670,.F.);
#8894 = ADVANCED_FACE('',(#8895),#6739,.F.);
#8895 = FACE_BOUND('',#8896,.F.);
#8896 = EDGE_LOOP('',(#8897,#8918,#8919,#8940));
#8897 = ORIENTED_EDGE('',*,*,#8898,.F.);
#8898 = EDGE_CURVE('',#8064,#6723,#8899,.T.);
#8899 = SURFACE_CURVE('',#8900,(#8904,#8911),.PCURVE_S1.);
#8900 = LINE('',#8901,#8902);
#8901 = CARTESIAN_POINT('',(8.236953601357,11.5,13.807872325063));
#8902 = VECTOR('',#8903,1.);
#8903 = DIRECTION('',(0.,1.,0.));
#8904 = PCURVE('',#6739,#8905);
#8905 = DEFINITIONAL_REPRESENTATION('',(#8906),#8910);
#8906 = LINE('',#8907,#8908);
#8907 = CARTESIAN_POINT('',(0.,0.));
#8908 = VECTOR('',#8909,1.);
#8909 = DIRECTION('',(0.,1.));
#8910 = ( GEOMETRIC_REPRESENTATION_CONTEXT(2) 
PARAMETRIC_REPRESENTATION_CONTEXT() REPRESENTATION_CONTEXT('2D SPACE',''
  ) );
#8911 = PCURVE('',#6765,#8912);
#8912 = DEFINITIONAL_REPRESENTATION('',(#8913),#8917);
#8913 = LINE('',#8914,#8915);
#8914 = CARTESIAN_POINT('',(2.8,0.));
#8915 = VECTOR('',#8916,1.);
#8916 = DIRECTION('',(0.,-1.));
#8917 = ( GEOMETRIC_REPRESENTATION_CONTEXT(2) 
PARAMETRIC_REPRESENTATION_CONTEXT() REPRESENTATION_CONTEXT('2D SPACE',''
  ) );
#8918 = ORIENTED_EDGE('',*,*,#8063,.T.);
#8919 = ORIENTED_EDGE('',*,*,#8920,.T.);
#8920 = EDGE_CURVE('',#8066,#6725,#8921,.T.);
#8921 = SURFACE_CURVE('',#8922,(#8926,#8933),.PCURVE_S1.);
#8922 = LINE('',#8923,#8924);
#8923 = CARTESIAN_POINT('',(8.997798814393,11.5,14.055085920563));
#8924 = VECTOR('',#8925,1.);
#8925 = DIRECTION('',(0.,1.,0.));
#8926 = PCURVE('',#6739,#8927);
#8927 = DEFINITIONAL_REPRESENTATION('',(#8928),#8932);
#8928 = LINE('',#8929,#8930);
#8929 = CARTESIAN_POINT('',(0.8,0.));
#8930 = VECTOR('',#8931,1.);
#8931 = DIRECTION('',(0.,1.));
#8932 = ( GEOMETRIC_REPRESENTATION_CONTEXT(2) 
PARAMETRIC_REPRESENTATION_CONTEXT() REPRESENTATION_CONTEXT('2D SPACE',''
  ) );
#8933 = PCURVE('',#6815,#8934);
#8934 = DEFINITIONAL_REPRESENTATION('',(#8935),#8939);
#8935 = LINE('',#8936,#8937);
#8936 = CARTESIAN_POINT('',(2.8,0.));
#8937 = VECTOR('',#8938,1.);
#8938 = DIRECTION('',(0.,-1.));
#8939 = ( GEOMETRIC_REPRESENTATION_CONTEXT(2) 
PARAMETRIC_REPRESENTATION_CONTEXT() REPRESENTATION_CONTEXT('2D SPACE',''
  ) );
#8940 = ORIENTED_EDGE('',*,*,#6722,.F.);
#8941 = ADVANCED_FACE('',(#8942),#6765,.T.);
#8942 = FACE_BOUND('',#8943,.T.);
#8943 = EDGE_LOOP('',(#8944,#8945,#8946,#8967));
#8944 = ORIENTED_EDGE('',*,*,#8898,.F.);
#8945 = ORIENTED_EDGE('',*,*,#8086,.T.);
#8946 = ORIENTED_EDGE('',*,*,#8947,.T.);
#8947 = EDGE_CURVE('',#8087,#6751,#8948,.T.);
#8948 = SURFACE_CURVE('',#8949,(#8953,#8960),.PCURVE_S1.);
#8949 = LINE('',#8950,#8951);
#8950 = CARTESIAN_POINT('',(9.102201185607,11.5,11.144914079437));
#8951 = VECTOR('',#8952,1.);
#8952 = DIRECTION('',(0.,1.,0.));
#8953 = PCURVE('',#6765,#8954);
#8954 = DEFINITIONAL_REPRESENTATION('',(#8955),#8959);
#8955 = LINE('',#8956,#8957);
#8956 = CARTESIAN_POINT('',(0.,0.));
#8957 = VECTOR('',#8958,1.);
#8958 = DIRECTION('',(0.,-1.));
#8959 = ( GEOMETRIC_REPRESENTATION_CONTEXT(2) 
PARAMETRIC_REPRESENTATION_CONTEXT() REPRESENTATION_CONTEXT('2D SPACE',''
  ) );
#8960 = PCURVE('',#6791,#8961);
#8961 = DEFINITIONAL_REPRESENTATION('',(#8962),#8966);
#8962 = LINE('',#8963,#8964);
#8963 = CARTESIAN_POINT('',(0.,0.));
#8964 = VECTOR('',#8965,1.);
#8965 = DIRECTION('',(0.,1.));
#8966 = ( GEOMETRIC_REPRESENTATION_CONTEXT(2) 
PARAMETRIC_REPRESENTATION_CONTEXT() REPRESENTATION_CONTEXT('2D SPACE',''
  ) );
#8967 = ORIENTED_EDGE('',*,*,#6750,.F.);
#8968 = ADVANCED_FACE('',(#8969),#6815,.F.);
#8969 = FACE_BOUND('',#8970,.F.);
#8970 = EDGE_LOOP('',(#8971,#8972,#8973,#8994));
#8971 = ORIENTED_EDGE('',*,*,#8920,.F.);
#8972 = ORIENTED_EDGE('',*,*,#8128,.T.);
#8973 = ORIENTED_EDGE('',*,*,#8974,.T.);
#8974 = EDGE_CURVE('',#8108,#6777,#8975,.T.);
#8975 = SURFACE_CURVE('',#8976,(#8980,#8987),.PCURVE_S1.);
#8976 = LINE('',#8977,#8978);
#8977 = CARTESIAN_POINT('',(9.863046398643,11.5,11.392127674937));
#8978 = VECTOR('',#8979,1.);
#8979 = DIRECTION('',(0.,1.,0.));
#8980 = PCURVE('',#6815,#8981);
#8981 = DEFINITIONAL_REPRESENTATION('',(#8982),#8986);
#8982 = LINE('',#8983,#8984);
#8983 = CARTESIAN_POINT('',(0.,0.));
#8984 = VECTOR('',#8985,1.);
#8985 = DIRECTION('',(0.,-1.));
#8986 = ( GEOMETRIC_REPRESENTATION_CONTEXT(2) 
PARAMETRIC_REPRESENTATION_CONTEXT() REPRESENTATION_CONTEXT('2D SPACE',''
  ) );
#8987 = PCURVE('',#6791,#8988);
#8988 = DEFINITIONAL_REPRESENTATION('',(#8989),#8993);
#8989 = LINE('',#8990,#8991);
#8990 = CARTESIAN_POINT('',(0.8,0.));
#8991 = VECTOR('',#8992,1.);
#8992 = DIRECTION('',(0.,1.));
#8993 = ( GEOMETRIC_REPRESENTATION_CONTEXT(2) 
PARAMETRIC_REPRESENTATION_CONTEXT() REPRESENTATION_CONTEXT('2D SPACE',''
  ) );
#8994 = ORIENTED_EDGE('',*,*,#6802,.F.);
#8995 = ADVANCED_FACE('',(#8996),#6791,.T.);
#8996 = FACE_BOUND('',#8997,.T.);
#8997 = EDGE_LOOP('',(#8998,#8999,#9000,#9001));
#8998 = ORIENTED_EDGE('',*,*,#8947,.F.);
#8999 = ORIENTED_EDGE('',*,*,#8107,.T.);
#9000 = ORIENTED_EDGE('',*,*,#8974,.T.);
#9001 = ORIENTED_EDGE('',*,*,#6776,.F.);
#9002 = ADVANCED_FACE('',(#9003),#6845,.F.);
#9003 = FACE_BOUND('',#9004,.F.);
#9004 = EDGE_LOOP('',(#9005,#9026,#9027,#9048));
#9005 = ORIENTED_EDGE('',*,*,#9006,.F.);
#9006 = EDGE_CURVE('',#8150,#6829,#9007,.T.);
#9007 = SURFACE_CURVE('',#9008,(#9012,#9019),.PCURVE_S1.);
#9008 = LINE('',#9009,#9010);
#9009 = CARTESIAN_POINT('',(10.136953601357,11.5,13.807872325063));
#9010 = VECTOR('',#9011,1.);
#9011 = DIRECTION('',(0.,1.,0.));
#9012 = PCURVE('',#6845,#9013);
#9013 = DEFINITIONAL_REPRESENTATION('',(#9014),#9018);
#9014 = LINE('',#9015,#9016);
#9015 = CARTESIAN_POINT('',(0.,0.));
#9016 = VECTOR('',#9017,1.);
#9017 = DIRECTION('',(0.,1.));
#9018 = ( GEOMETRIC_REPRESENTATION_CONTEXT(2) 
PARAMETRIC_REPRESENTATION_CONTEXT() REPRESENTATION_CONTEXT('2D SPACE',''
  ) );
#9019 = PCURVE('',#6871,#9020);
#9020 = DEFINITIONAL_REPRESENTATION('',(#9021),#9025);
#9021 = LINE('',#9022,#9023);
#9022 = CARTESIAN_POINT('',(2.8,0.));
#9023 = VECTOR('',#9024,1.);
#9024 = DIRECTION('',(0.,-1.));
#9025 = ( GEOMETRIC_REPRESENTATION_CONTEXT(2) 
PARAMETRIC_REPRESENTATION_CONTEXT() REPRESENTATION_CONTEXT('2D SPACE',''
  ) );
#9026 = ORIENTED_EDGE('',*,*,#8149,.T.);
#9027 = ORIENTED_EDGE('',*,*,#9028,.T.);
#9028 = EDGE_CURVE('',#8152,#6831,#9029,.T.);
#9029 = SURFACE_CURVE('',#9030,(#9034,#9041),.PCURVE_S1.);
#9030 = LINE('',#9031,#9032);
#9031 = CARTESIAN_POINT('',(10.897798814393,11.5,14.055085920563));
#9032 = VECTOR('',#9033,1.);
#9033 = DIRECTION('',(0.,1.,0.));
#9034 = PCURVE('',#6845,#9035);
#9035 = DEFINITIONAL_REPRESENTATION('',(#9036),#9040);
#9036 = LINE('',#9037,#9038);
#9037 = CARTESIAN_POINT('',(0.8,0.));
#9038 = VECTOR('',#9039,1.);
#9039 = DIRECTION('',(0.,1.));
#9040 = ( GEOMETRIC_REPRESENTATION_CONTEXT(2) 
PARAMETRIC_REPRESENTATION_CONTEXT() REPRESENTATION_CONTEXT('2D SPACE',''
  ) );
#9041 = PCURVE('',#6921,#9042);
#9042 = DEFINITIONAL_REPRESENTATION('',(#9043),#9047);
#9043 = LINE('',#9044,#9045);
#9044 = CARTESIAN_POINT('',(2.8,0.));
#9045 = VECTOR('',#9046,1.);
#9046 = DIRECTION('',(0.,-1.));
#9047 = ( GEOMETRIC_REPRESENTATION_CONTEXT(2) 
PARAMETRIC_REPRESENTATION_CONTEXT() REPRESENTATION_CONTEXT('2D SPACE',''
  ) );
#9048 = ORIENTED_EDGE('',*,*,#6828,.F.);
#9049 = ADVANCED_FACE('',(#9050),#6921,.F.);
#9050 = FACE_BOUND('',#9051,.F.);
#9051 = EDGE_LOOP('',(#9052,#9053,#9054,#9075));
#9052 = ORIENTED_EDGE('',*,*,#9028,.F.);
#9053 = ORIENTED_EDGE('',*,*,#8214,.T.);
#9054 = ORIENTED_EDGE('',*,*,#9055,.T.);
#9055 = EDGE_CURVE('',#8194,#6883,#9056,.T.);
#9056 = SURFACE_CURVE('',#9057,(#9061,#9068),.PCURVE_S1.);
#9057 = LINE('',#9058,#9059);
#9058 = CARTESIAN_POINT('',(11.763046398643,11.5,11.392127674937));
#9059 = VECTOR('',#9060,1.);
#9060 = DIRECTION('',(0.,1.,0.));
#9061 = PCURVE('',#6921,#9062);
#9062 = DEFINITIONAL_REPRESENTATION('',(#9063),#9067);
#9063 = LINE('',#9064,#9065);
#9064 = CARTESIAN_POINT('',(0.,0.));
#9065 = VECTOR('',#9066,1.);
#9066 = DIRECTION('',(0.,-1.));
#9067 = ( GEOMETRIC_REPRESENTATION_CONTEXT(2) 
PARAMETRIC_REPRESENTATION_CONTEXT() REPRESENTATION_CONTEXT('2D SPACE',''
  ) );
#9068 = PCURVE('',#6897,#9069);
#9069 = DEFINITIONAL_REPRESENTATION('',(#9070),#9074);
#9070 = LINE('',#9071,#9072);
#9071 = CARTESIAN_POINT('',(0.8,0.));
#9072 = VECTOR('',#9073,1.);
#9073 = DIRECTION('',(0.,1.));
#9074 = ( GEOMETRIC_REPRESENTATION_CONTEXT(2) 
PARAMETRIC_REPRESENTATION_CONTEXT() REPRESENTATION_CONTEXT('2D SPACE',''
  ) );
#9075 = ORIENTED_EDGE('',*,*,#6908,.F.);
#9076 = ADVANCED_FACE('',(#9077),#6897,.T.);
#9077 = FACE_BOUND('',#9078,.T.);
#9078 = EDGE_LOOP('',(#9079,#9100,#9101,#9102));
#9079 = ORIENTED_EDGE('',*,*,#9080,.F.);
#9080 = EDGE_CURVE('',#8173,#6857,#9081,.T.);
#9081 = SURFACE_CURVE('',#9082,(#9086,#9093),.PCURVE_S1.);
#9082 = LINE('',#9083,#9084);
#9083 = CARTESIAN_POINT('',(11.002201185607,11.5,11.144914079437));
#9084 = VECTOR('',#9085,1.);
#9085 = DIRECTION('',(0.,1.,0.));
#9086 = PCURVE('',#6897,#9087);
#9087 = DEFINITIONAL_REPRESENTATION('',(#9088),#9092);
#9088 = LINE('',#9089,#9090);
#9089 = CARTESIAN_POINT('',(0.,0.));
#9090 = VECTOR('',#9091,1.);
#9091 = DIRECTION('',(0.,1.));
#9092 = ( GEOMETRIC_REPRESENTATION_CONTEXT(2) 
PARAMETRIC_REPRESENTATION_CONTEXT() REPRESENTATION_CONTEXT('2D SPACE',''
  ) );
#9093 = PCURVE('',#6871,#9094);
#9094 = DEFINITIONAL_REPRESENTATION('',(#9095),#9099);
#9095 = LINE('',#9096,#9097);
#9096 = CARTESIAN_POINT('',(0.,0.));
#9097 = VECTOR('',#9098,1.);
#9098 = DIRECTION('',(0.,-1.));
#9099 = ( GEOMETRIC_REPRESENTATION_CONTEXT(2) 
PARAMETRIC_REPRESENTATION_CONTEXT() REPRESENTATION_CONTEXT('2D SPACE',''
  ) );
#9100 = ORIENTED_EDGE('',*,*,#8193,.T.);
#9101 = ORIENTED_EDGE('',*,*,#9055,.T.);
#9102 = ORIENTED_EDGE('',*,*,#6882,.F.);
#9103 = ADVANCED_FACE('',(#9104),#6871,.T.);
#9104 = FACE_BOUND('',#9105,.T.);
#9105 = EDGE_LOOP('',(#9106,#9107,#9108,#9109));
#9106 = ORIENTED_EDGE('',*,*,#9006,.F.);
#9107 = ORIENTED_EDGE('',*,*,#8172,.T.);
#9108 = ORIENTED_EDGE('',*,*,#9080,.T.);
#9109 = ORIENTED_EDGE('',*,*,#6856,.F.);
#9110 = ADVANCED_FACE('',(#9111),#7028,.T.);
#9111 = FACE_BOUND('',#9112,.T.);
#9112 = EDGE_LOOP('',(#9113));
#9113 = ORIENTED_EDGE('',*,*,#7011,.T.);
#9114 = ( GEOMETRIC_REPRESENTATION_CONTEXT(3) 
GLOBAL_UNCERTAINTY_ASSIGNED_CONTEXT((#9118)) 
GLOBAL_UNIT_ASSIGNED_CONTEXT((#9115,#9116,#9117)) REPRESENTATION_CONTEXT
('Context #1','3D Context with UNIT and UNCERTAINTY') );
#9115 = ( LENGTH_UNIT() NAMED_UNIT(*) SI_UNIT(.MILLI.,.METRE.) );
#9116 = ( NAMED_UNIT(*) PLANE_ANGLE_UNIT() SI_UNIT($,.RADIAN.) );
#9117 = ( NAMED_UNIT(*) SI_UNIT($,.STERADIAN.) SOLID_ANGLE_UNIT() );
#9118 = UNCERTAINTY_MEASURE_WITH_UNIT(LENGTH_MEASURE(1.E-07),#9115,
  'distance_accuracy_value','confusion accuracy');
#9119 = CONTEXT_DEPENDENT_SHAPE_REPRESENTATION(#9120,#9122);
#9120 = ( REPRESENTATION_RELATIONSHIP('','',#4455,#10) 
REPRESENTATION_RELATIONSHIP_WITH_TRANSFORMATION(#9121) 
SHAPE_REPRESENTATION_RELATIONSHIP() );
#9121 = ITEM_DEFINED_TRANSFORMATION('','',#11,#19);
#9122 = PRODUCT_DEFINITION_SHAPE('Placement','Placement of an item',
  #9123);
#9123 = NEXT_ASSEMBLY_USAGE_OCCURRENCE('2',
  'Upper_housing_44x29x18_assumption','',#5,#4450,$);
#9124 = PRODUCT_RELATED_PRODUCT_CATEGORY('part',$,(#4452));
#9125 = SHAPE_DEFINITION_REPRESENTATION(#9126,#9132);
#9126 = PRODUCT_DEFINITION_SHAPE('','',#9127);
#9127 = PRODUCT_DEFINITION('design','',#9128,#9131);
#9128 = PRODUCT_DEFINITION_FORMATION('','',#9129);
#9129 = PRODUCT('Recessed_power_button_estimated',
  'Recessed_power_button_estimated','',(#9130));
#9130 = PRODUCT_CONTEXT('',#2,'mechanical');
#9131 = PRODUCT_DEFINITION_CONTEXT('part definition',#2,'design');
#9132 = ADVANCED_BREP_SHAPE_REPRESENTATION('',(#11,#9133),#9863);
#9133 = MANIFOLD_SOLID_BREP('',#9134);
#9134 = CLOSED_SHELL('',(#9135,#9223,#9227,#9457,#9527,#9575,#9623,#9648
    ,#9724,#9773,#9822,#9849,#9856));
#9135 = ADVANCED_FACE('',(#9136),#9150,.T.);
#9136 = FACE_BOUND('',#9137,.F.);
#9137 = EDGE_LOOP('',(#9138,#9168,#9195,#9196));
#9138 = ORIENTED_EDGE('',*,*,#9139,.T.);
#9139 = EDGE_CURVE('',#9140,#9142,#9144,.T.);
#9140 = VERTEX_POINT('',#9141);
#9141 = CARTESIAN_POINT('',(3.55,0.,17.5));
#9142 = VERTEX_POINT('',#9143);
#9143 = CARTESIAN_POINT('',(3.55,0.,17.9));
#9144 = SEAM_CURVE('',#9145,(#9149,#9161),.PCURVE_S1.);
#9145 = LINE('',#9146,#9147);
#9146 = CARTESIAN_POINT('',(3.55,0.,17.5));
#9147 = VECTOR('',#9148,1.);
#9148 = DIRECTION('',(0.,0.,1.));
#9149 = PCURVE('',#9150,#9155);
#9150 = CYLINDRICAL_SURFACE('',#9151,3.55);
#9151 = AXIS2_PLACEMENT_3D('',#9152,#9153,#9154);
#9152 = CARTESIAN_POINT('',(0.,0.,17.5));
#9153 = DIRECTION('',(-0.,-0.,-1.));
#9154 = DIRECTION('',(1.,0.,0.));
#9155 = DEFINITIONAL_REPRESENTATION('',(#9156),#9160);
#9156 = LINE('',#9157,#9158);
#9157 = CARTESIAN_POINT('',(-0.,0.));
#9158 = VECTOR('',#9159,1.);
#9159 = DIRECTION('',(-0.,-1.));
#9160 = ( GEOMETRIC_REPRESENTATION_CONTEXT(2) 
PARAMETRIC_REPRESENTATION_CONTEXT() REPRESENTATION_CONTEXT('2D SPACE',''
  ) );
#9161 = PCURVE('',#9150,#9162);
#9162 = DEFINITIONAL_REPRESENTATION('',(#9163),#9167);
#9163 = LINE('',#9164,#9165);
#9164 = CARTESIAN_POINT('',(-6.28318530718,0.));
#9165 = VECTOR('',#9166,1.);
#9166 = DIRECTION('',(-0.,-1.));
#9167 = ( GEOMETRIC_REPRESENTATION_CONTEXT(2) 
PARAMETRIC_REPRESENTATION_CONTEXT() REPRESENTATION_CONTEXT('2D SPACE',''
  ) );
#9168 = ORIENTED_EDGE('',*,*,#9169,.T.);
#9169 = EDGE_CURVE('',#9142,#9142,#9170,.T.);
#9170 = SURFACE_CURVE('',#9171,(#9176,#9183),.PCURVE_S1.);
#9171 = CIRCLE('',#9172,3.55);
#9172 = AXIS2_PLACEMENT_3D('',#9173,#9174,#9175);
#9173 = CARTESIAN_POINT('',(0.,0.,17.9));
#9174 = DIRECTION('',(0.,0.,1.));
#9175 = DIRECTION('',(1.,0.,0.));
#9176 = PCURVE('',#9150,#9177);
#9177 = DEFINITIONAL_REPRESENTATION('',(#9178),#9182);
#9178 = LINE('',#9179,#9180);
#9179 = CARTESIAN_POINT('',(-0.,-0.4));
#9180 = VECTOR('',#9181,1.);
#9181 = DIRECTION('',(-1.,0.));
#9182 = ( GEOMETRIC_REPRESENTATION_CONTEXT(2) 
PARAMETRIC_REPRESENTATION_CONTEXT() REPRESENTATION_CONTEXT('2D SPACE',''
  ) );
#9183 = PCURVE('',#9184,#9189);
#9184 = PLANE('',#9185);
#9185 = AXIS2_PLACEMENT_3D('',#9186,#9187,#9188);
#9186 = CARTESIAN_POINT('',(0.,2.402778656331E-16,17.9));
#9187 = DIRECTION('',(0.,0.,1.));
#9188 = DIRECTION('',(1.,0.,-0.));
#9189 = DEFINITIONAL_REPRESENTATION('',(#9190),#9194);
#9190 = CIRCLE('',#9191,3.55);
#9191 = AXIS2_PLACEMENT_2D('',#9192,#9193);
#9192 = CARTESIAN_POINT('',(0.,-2.402778656331E-16));
#9193 = DIRECTION('',(1.,0.));
#9194 = ( GEOMETRIC_REPRESENTATION_CONTEXT(2) 
PARAMETRIC_REPRESENTATION_CONTEXT() REPRESENTATION_CONTEXT('2D SPACE',''
  ) );
#9195 = ORIENTED_EDGE('',*,*,#9139,.F.);
#9196 = ORIENTED_EDGE('',*,*,#9197,.F.);
#9197 = EDGE_CURVE('',#9140,#9140,#9198,.T.);
#9198 = SURFACE_CURVE('',#9199,(#9204,#9211),.PCURVE_S1.);
#9199 = CIRCLE('',#9200,3.55);
#9200 = AXIS2_PLACEMENT_3D('',#9201,#9202,#9203);
#9201 = CARTESIAN_POINT('',(0.,0.,17.5));
#9202 = DIRECTION('',(0.,0.,1.));
#9203 = DIRECTION('',(1.,0.,0.));
#9204 = PCURVE('',#9150,#9205);
#9205 = DEFINITIONAL_REPRESENTATION('',(#9206),#9210);
#9206 = LINE('',#9207,#9208);
#9207 = CARTESIAN_POINT('',(-0.,0.));
#9208 = VECTOR('',#9209,1.);
#9209 = DIRECTION('',(-1.,0.));
#9210 = ( GEOMETRIC_REPRESENTATION_CONTEXT(2) 
PARAMETRIC_REPRESENTATION_CONTEXT() REPRESENTATION_CONTEXT('2D SPACE',''
  ) );
#9211 = PCURVE('',#9212,#9217);
#9212 = PLANE('',#9213);
#9213 = AXIS2_PLACEMENT_3D('',#9214,#9215,#9216);
#9214 = CARTESIAN_POINT('',(0.,2.402778656331E-16,17.5));
#9215 = DIRECTION('',(0.,0.,1.));
#9216 = DIRECTION('',(1.,0.,-0.));
#9217 = DEFINITIONAL_REPRESENTATION('',(#9218),#9222);
#9218 = CIRCLE('',#9219,3.55);
#9219 = AXIS2_PLACEMENT_2D('',#9220,#9221);
#9220 = CARTESIAN_POINT('',(0.,-2.402778656331E-16));
#9221 = DIRECTION('',(1.,0.));
#9222 = ( GEOMETRIC_REPRESENTATION_CONTEXT(2) 
PARAMETRIC_REPRESENTATION_CONTEXT() REPRESENTATION_CONTEXT('2D SPACE',''
  ) );
#9223 = ADVANCED_FACE('',(#9224),#9212,.F.);
#9224 = FACE_BOUND('',#9225,.F.);
#9225 = EDGE_LOOP('',(#9226));
#9226 = ORIENTED_EDGE('',*,*,#9197,.T.);
#9227 = ADVANCED_FACE('',(#9228,#9231,#9351),#9184,.T.);
#9228 = FACE_BOUND('',#9229,.T.);
#9229 = EDGE_LOOP('',(#9230));
#9230 = ORIENTED_EDGE('',*,*,#9169,.T.);
#9231 = FACE_BOUND('',#9232,.T.);
#9232 = EDGE_LOOP('',(#9233,#9261,#9294,#9320));
#9233 = ORIENTED_EDGE('',*,*,#9234,.T.);
#9234 = EDGE_CURVE('',#9235,#9237,#9239,.T.);
#9235 = VERTEX_POINT('',#9236);
#9236 = CARTESIAN_POINT('',(0.7,1.712454378954,17.9));
#9237 = VERTEX_POINT('',#9238);
#9238 = CARTESIAN_POINT('',(0.7,2.190890230021,17.9));
#9239 = SURFACE_CURVE('',#9240,(#9244,#9250),.PCURVE_S1.);
#9240 = LINE('',#9241,#9242);
#9241 = CARTESIAN_POINT('',(0.7,0.25,17.9));
#9242 = VECTOR('',#9243,1.);
#9243 = DIRECTION('',(0.,1.,0.));
#9244 = PCURVE('',#9184,#9245);
#9245 = DEFINITIONAL_REPRESENTATION('',(#9246),#9249);
#9246 = B_SPLINE_CURVE_WITH_KNOTS('',1,(#9247,#9248),.UNSPECIFIED.,.F.,
  .F.,(2,2),(1.462454378954,1.940890230021),.PIECEWISE_BEZIER_KNOTS.);
#9247 = CARTESIAN_POINT('',(0.7,1.712454378954));
#9248 = CARTESIAN_POINT('',(0.7,2.190890230021));
#9249 = ( GEOMETRIC_REPRESENTATION_CONTEXT(2) 
PARAMETRIC_REPRESENTATION_CONTEXT() REPRESENTATION_CONTEXT('2D SPACE',''
  ) );
#9250 = PCURVE('',#9251,#9256);
#9251 = PLANE('',#9252);
#9252 = AXIS2_PLACEMENT_3D('',#9253,#9254,#9255);
#9253 = CARTESIAN_POINT('',(0.7,0.5,17.5));
#9254 = DIRECTION('',(1.,0.,0.));
#9255 = DIRECTION('',(0.,0.,1.));
#9256 = DEFINITIONAL_REPRESENTATION('',(#9257),#9260);
#9257 = B_SPLINE_CURVE_WITH_KNOTS('',1,(#9258,#9259),.UNSPECIFIED.,.F.,
  .F.,(2,2),(1.462454378954,1.940890230021),.PIECEWISE_BEZIER_KNOTS.);
#9258 = CARTESIAN_POINT('',(0.4,-1.212454378954));
#9259 = CARTESIAN_POINT('',(0.4,-1.690890230021));
#9260 = ( GEOMETRIC_REPRESENTATION_CONTEXT(2) 
PARAMETRIC_REPRESENTATION_CONTEXT() REPRESENTATION_CONTEXT('2D SPACE',''
  ) );
#9261 = ORIENTED_EDGE('',*,*,#9262,.T.);
#9262 = EDGE_CURVE('',#9237,#9263,#9265,.T.);
#9263 = VERTEX_POINT('',#9264);
#9264 = CARTESIAN_POINT('',(-0.7,2.190890230021,17.9));
#9265 = SURFACE_CURVE('',#9266,(#9271,#9282),.PCURVE_S1.);
#9266 = CIRCLE('',#9267,2.3);
#9267 = AXIS2_PLACEMENT_3D('',#9268,#9269,#9270);
#9268 = CARTESIAN_POINT('',(0.,0.,17.9));
#9269 = DIRECTION('',(0.,0.,-1.));
#9270 = DIRECTION('',(1.,0.,0.));
#9271 = PCURVE('',#9184,#9272);
#9272 = DEFINITIONAL_REPRESENTATION('',(#9273),#9281);
#9273 = ( BOUNDED_CURVE() B_SPLINE_CURVE(2,(#9274,#9275,#9276,#9277,
#9278,#9279,#9280),.UNSPECIFIED.,.T.,.F.) B_SPLINE_CURVE_WITH_KNOTS((1,2
    ,2,2,2,1),(-2.094395102393,0.,2.094395102393,4.188790204786,
6.28318530718,8.377580409573),.UNSPECIFIED.) CURVE() 
GEOMETRIC_REPRESENTATION_ITEM() RATIONAL_B_SPLINE_CURVE((1.,0.5,1.,0.5,
1.,0.5,1.)) REPRESENTATION_ITEM('') );
#9274 = CARTESIAN_POINT('',(2.3,-2.402778656331E-16));
#9275 = CARTESIAN_POINT('',(2.3,-3.983716857408));
#9276 = CARTESIAN_POINT('',(-1.15,-1.991858428704));
#9277 = CARTESIAN_POINT('',(-4.6,-8.036153932409E-16));
#9278 = CARTESIAN_POINT('',(-1.15,1.991858428704));
#9279 = CARTESIAN_POINT('',(2.3,3.983716857408));
#9280 = CARTESIAN_POINT('',(2.3,-2.402778656331E-16));
#9281 = ( GEOMETRIC_REPRESENTATION_CONTEXT(2) 
PARAMETRIC_REPRESENTATION_CONTEXT() REPRESENTATION_CONTEXT('2D SPACE',''
  ) );
#9282 = PCURVE('',#9283,#9288);
#9283 = CYLINDRICAL_SURFACE('',#9284,2.3);
#9284 = AXIS2_PLACEMENT_3D('',#9285,#9286,#9287);
#9285 = CARTESIAN_POINT('',(0.,0.,17.75));
#9286 = DIRECTION('',(-0.,-0.,-1.));
#9287 = DIRECTION('',(1.,0.,0.));
#9288 = DEFINITIONAL_REPRESENTATION('',(#9289),#9293);
#9289 = LINE('',#9290,#9291);
#9290 = CARTESIAN_POINT('',(-12.56637061435,-0.15));
#9291 = VECTOR('',#9292,1.);
#9292 = DIRECTION('',(1.,-0.));
#9293 = ( GEOMETRIC_REPRESENTATION_CONTEXT(2) 
PARAMETRIC_REPRESENTATION_CONTEXT() REPRESENTATION_CONTEXT('2D SPACE',''
  ) );
#9294 = ORIENTED_EDGE('',*,*,#9295,.F.);
#9295 = EDGE_CURVE('',#9296,#9263,#9298,.T.);
#9296 = VERTEX_POINT('',#9297);
#9297 = CARTESIAN_POINT('',(-0.7,1.712454378954,17.9));
#9298 = SURFACE_CURVE('',#9299,(#9303,#9309),.PCURVE_S1.);
#9299 = LINE('',#9300,#9301);
#9300 = CARTESIAN_POINT('',(-0.7,0.25,17.9));
#9301 = VECTOR('',#9302,1.);
#9302 = DIRECTION('',(0.,1.,0.));
#9303 = PCURVE('',#9184,#9304);
#9304 = DEFINITIONAL_REPRESENTATION('',(#9305),#9308);
#9305 = B_SPLINE_CURVE_WITH_KNOTS('',1,(#9306,#9307),.UNSPECIFIED.,.F.,
  .F.,(2,2),(1.462454378954,1.940890230021),.PIECEWISE_BEZIER_KNOTS.);
#9306 = CARTESIAN_POINT('',(-0.7,1.712454378954));
#9307 = CARTESIAN_POINT('',(-0.7,2.190890230021));
#9308 = ( GEOMETRIC_REPRESENTATION_CONTEXT(2) 
PARAMETRIC_REPRESENTATION_CONTEXT() REPRESENTATION_CONTEXT('2D SPACE',''
  ) );
#9309 = PCURVE('',#9310,#9315);
#9310 = PLANE('',#9311);
#9311 = AXIS2_PLACEMENT_3D('',#9312,#9313,#9314);
#9312 = CARTESIAN_POINT('',(-0.7,0.5,17.5));
#9313 = DIRECTION('',(1.,0.,0.));
#9314 = DIRECTION('',(0.,0.,1.));
#9315 = DEFINITIONAL_REPRESENTATION('',(#9316),#9319);
#9316 = B_SPLINE_CURVE_WITH_KNOTS('',1,(#9317,#9318),.UNSPECIFIED.,.F.,
  .F.,(2,2),(1.462454378954,1.940890230021),.PIECEWISE_BEZIER_KNOTS.);
#9317 = CARTESIAN_POINT('',(0.4,-1.212454378954));
#9318 = CARTESIAN_POINT('',(0.4,-1.690890230021));
#9319 = ( GEOMETRIC_REPRESENTATION_CONTEXT(2) 
PARAMETRIC_REPRESENTATION_CONTEXT() REPRESENTATION_CONTEXT('2D SPACE',''
  ) );
#9320 = ORIENTED_EDGE('',*,*,#9321,.F.);
#9321 = EDGE_CURVE('',#9235,#9296,#9322,.T.);
#9322 = SURFACE_CURVE('',#9323,(#9328,#9339),.PCURVE_S1.);
#9323 = CIRCLE('',#9324,1.85);
#9324 = AXIS2_PLACEMENT_3D('',#9325,#9326,#9327);
#9325 = CARTESIAN_POINT('',(1.09091479811E-14,1.206764157201E-16,17.9));
#9326 = DIRECTION('',(0.,0.,-1.));
#9327 = DIRECTION('',(1.,0.,0.));
#9328 = PCURVE('',#9184,#9329);
#9329 = DEFINITIONAL_REPRESENTATION('',(#9330),#9338);
#9330 = ( BOUNDED_CURVE() B_SPLINE_CURVE(2,(#9331,#9332,#9333,#9334,
#9335,#9336,#9337),.UNSPECIFIED.,.T.,.F.) B_SPLINE_CURVE_WITH_KNOTS((1,2
    ,2,2,2,1),(-2.094395102393,0.,2.094395102393,4.188790204786,
6.28318530718,8.377580409573),.UNSPECIFIED.) CURVE() 
GEOMETRIC_REPRESENTATION_ITEM() RATIONAL_B_SPLINE_CURVE((1.,0.5,1.,0.5,
1.,0.5,1.)) REPRESENTATION_ITEM('') );
#9331 = CARTESIAN_POINT('',(1.85,-1.19601449913E-16));
#9332 = CARTESIAN_POINT('',(1.85,-3.204293994002));
#9333 = CARTESIAN_POINT('',(-0.925,-1.602146997001));
#9334 = CARTESIAN_POINT('',(-3.7,-5.727207655975E-16));
#9335 = CARTESIAN_POINT('',(-0.925,1.602146997001));
#9336 = CARTESIAN_POINT('',(1.85,3.204293994002));
#9337 = CARTESIAN_POINT('',(1.85,-1.19601449913E-16));
#9338 = ( GEOMETRIC_REPRESENTATION_CONTEXT(2) 
PARAMETRIC_REPRESENTATION_CONTEXT() REPRESENTATION_CONTEXT('2D SPACE',''
  ) );
#9339 = PCURVE('',#9340,#9345);
#9340 = CYLINDRICAL_SURFACE('',#9341,1.85);
#9341 = AXIS2_PLACEMENT_3D('',#9342,#9343,#9344);
#9342 = CARTESIAN_POINT('',(1.09091479811E-14,1.206764157201E-16,17.75)
  );
#9343 = DIRECTION('',(-0.,-0.,-1.));
#9344 = DIRECTION('',(1.,0.,0.));
#9345 = DEFINITIONAL_REPRESENTATION('',(#9346),#9350);
#9346 = LINE('',#9347,#9348);
#9347 = CARTESIAN_POINT('',(-12.56637061435,-0.15));
#9348 = VECTOR('',#9349,1.);
#9349 = DIRECTION('',(1.,-0.));
#9350 = ( GEOMETRIC_REPRESENTATION_CONTEXT(2) 
PARAMETRIC_REPRESENTATION_CONTEXT() REPRESENTATION_CONTEXT('2D SPACE',''
  ) );
#9351 = FACE_BOUND('',#9352,.T.);
#9352 = EDGE_LOOP('',(#9353,#9381,#9407,#9433));
#9353 = ORIENTED_EDGE('',*,*,#9354,.T.);
#9354 = EDGE_CURVE('',#9355,#9357,#9359,.T.);
#9355 = VERTEX_POINT('',#9356);
#9356 = CARTESIAN_POINT('',(0.225,0.4,17.9));
#9357 = VERTEX_POINT('',#9358);
#9358 = CARTESIAN_POINT('',(-0.225,0.4,17.9));
#9359 = SURFACE_CURVE('',#9360,(#9364,#9370),.PCURVE_S1.);
#9360 = LINE('',#9361,#9362);
#9361 = CARTESIAN_POINT('',(-0.1125,0.4,17.9));
#9362 = VECTOR('',#9363,1.);
#9363 = DIRECTION('',(-1.,0.,0.));
#9364 = PCURVE('',#9184,#9365);
#9365 = DEFINITIONAL_REPRESENTATION('',(#9366),#9369);
#9366 = B_SPLINE_CURVE_WITH_KNOTS('',1,(#9367,#9368),.UNSPECIFIED.,.F.,
  .F.,(2,2),(-0.3375,0.1125),.PIECEWISE_BEZIER_KNOTS.);
#9367 = CARTESIAN_POINT('',(0.225,0.4));
#9368 = CARTESIAN_POINT('',(-0.225,0.4));
#9369 = ( GEOMETRIC_REPRESENTATION_CONTEXT(2) 
PARAMETRIC_REPRESENTATION_CONTEXT() REPRESENTATION_CONTEXT('2D SPACE',''
  ) );
#9370 = PCURVE('',#9371,#9376);
#9371 = PLANE('',#9372);
#9372 = AXIS2_PLACEMENT_3D('',#9373,#9374,#9375);
#9373 = CARTESIAN_POINT('',(-0.225,0.4,17.75));
#9374 = DIRECTION('',(0.,1.,0.));
#9375 = DIRECTION('',(0.,0.,1.));
#9376 = DEFINITIONAL_REPRESENTATION('',(#9377),#9380);
#9377 = B_SPLINE_CURVE_WITH_KNOTS('',1,(#9378,#9379),.UNSPECIFIED.,.F.,
  .F.,(2,2),(-0.3375,0.1125),.PIECEWISE_BEZIER_KNOTS.);
#9378 = CARTESIAN_POINT('',(0.15,0.45));
#9379 = CARTESIAN_POINT('',(0.15,0.));
#9380 = ( GEOMETRIC_REPRESENTATION_CONTEXT(2) 
PARAMETRIC_REPRESENTATION_CONTEXT() REPRESENTATION_CONTEXT('2D SPACE',''
  ) );
#9381 = ORIENTED_EDGE('',*,*,#9382,.T.);
#9382 = EDGE_CURVE('',#9357,#9383,#9385,.T.);
#9383 = VERTEX_POINT('',#9384);
#9384 = CARTESIAN_POINT('',(-0.225,2.7,17.9));
#9385 = SURFACE_CURVE('',#9386,(#9390,#9396),.PCURVE_S1.);
#9386 = LINE('',#9387,#9388);
#9387 = CARTESIAN_POINT('',(-0.225,0.2,17.9));
#9388 = VECTOR('',#9389,1.);
#9389 = DIRECTION('',(0.,1.,0.));
#9390 = PCURVE('',#9184,#9391);
#9391 = DEFINITIONAL_REPRESENTATION('',(#9392),#9395);
#9392 = B_SPLINE_CURVE_WITH_KNOTS('',1,(#9393,#9394),.UNSPECIFIED.,.F.,
  .F.,(2,2),(0.2,2.5),.PIECEWISE_BEZIER_KNOTS.);
#9393 = CARTESIAN_POINT('',(-0.225,0.4));
#9394 = CARTESIAN_POINT('',(-0.225,2.7));
#9395 = ( GEOMETRIC_REPRESENTATION_CONTEXT(2) 
PARAMETRIC_REPRESENTATION_CONTEXT() REPRESENTATION_CONTEXT('2D SPACE',''
  ) );
#9396 = PCURVE('',#9397,#9402);
#9397 = PLANE('',#9398);
#9398 = AXIS2_PLACEMENT_3D('',#9399,#9400,#9401);
#9399 = CARTESIAN_POINT('',(-0.225,0.4,17.75));
#9400 = DIRECTION('',(1.,0.,0.));
#9401 = DIRECTION('',(0.,0.,1.));
#9402 = DEFINITIONAL_REPRESENTATION('',(#9403),#9406);
#9403 = B_SPLINE_CURVE_WITH_KNOTS('',1,(#9404,#9405),.UNSPECIFIED.,.F.,
  .F.,(2,2),(0.2,2.5),.PIECEWISE_BEZIER_KNOTS.);
#9404 = CARTESIAN_POINT('',(0.15,0.));
#9405 = CARTESIAN_POINT('',(0.15,-2.3));
#9406 = ( GEOMETRIC_REPRESENTATION_CONTEXT(2) 
PARAMETRIC_REPRESENTATION_CONTEXT() REPRESENTATION_CONTEXT('2D SPACE',''
  ) );
#9407 = ORIENTED_EDGE('',*,*,#9408,.F.);
#9408 = EDGE_CURVE('',#9409,#9383,#9411,.T.);
#9409 = VERTEX_POINT('',#9410);
#9410 = CARTESIAN_POINT('',(0.225,2.7,17.9));
#9411 = SURFACE_CURVE('',#9412,(#9416,#9422),.PCURVE_S1.);
#9412 = LINE('',#9413,#9414);
#9413 = CARTESIAN_POINT('',(-0.1125,2.7,17.9));
#9414 = VECTOR('',#9415,1.);
#9415 = DIRECTION('',(-1.,0.,0.));
#9416 = PCURVE('',#9184,#9417);
#9417 = DEFINITIONAL_REPRESENTATION('',(#9418),#9421);
#9418 = B_SPLINE_CURVE_WITH_KNOTS('',1,(#9419,#9420),.UNSPECIFIED.,.F.,
  .F.,(2,2),(-0.3375,0.1125),.PIECEWISE_BEZIER_KNOTS.);
#9419 = CARTESIAN_POINT('',(0.225,2.7));
#9420 = CARTESIAN_POINT('',(-0.225,2.7));
#9421 = ( GEOMETRIC_REPRESENTATION_CONTEXT(2) 
PARAMETRIC_REPRESENTATION_CONTEXT() REPRESENTATION_CONTEXT('2D SPACE',''
  ) );
#9422 = PCURVE('',#9423,#9428);
#9423 = PLANE('',#9424);
#9424 = AXIS2_PLACEMENT_3D('',#9425,#9426,#9427);
#9425 = CARTESIAN_POINT('',(-0.225,2.7,17.75));
#9426 = DIRECTION('',(0.,1.,0.));
#9427 = DIRECTION('',(0.,0.,1.));
#9428 = DEFINITIONAL_REPRESENTATION('',(#9429),#9432);
#9429 = B_SPLINE_CURVE_WITH_KNOTS('',1,(#9430,#9431),.UNSPECIFIED.,.F.,
  .F.,(2,2),(-0.3375,0.1125),.PIECEWISE_BEZIER_KNOTS.);
#9430 = CARTESIAN_POINT('',(0.15,0.45));
#9431 = CARTESIAN_POINT('',(0.15,0.));
#9432 = ( GEOMETRIC_REPRESENTATION_CONTEXT(2) 
PARAMETRIC_REPRESENTATION_CONTEXT() REPRESENTATION_CONTEXT('2D SPACE',''
  ) );
#9433 = ORIENTED_EDGE('',*,*,#9434,.F.);
#9434 = EDGE_CURVE('',#9355,#9409,#9435,.T.);
#9435 = SURFACE_CURVE('',#9436,(#9440,#9446),.PCURVE_S1.);
#9436 = LINE('',#9437,#9438);
#9437 = CARTESIAN_POINT('',(0.225,0.2,17.9));
#9438 = VECTOR('',#9439,1.);
#9439 = DIRECTION('',(0.,1.,0.));
#9440 = PCURVE('',#9184,#9441);
#9441 = DEFINITIONAL_REPRESENTATION('',(#9442),#9445);
#9442 = B_SPLINE_CURVE_WITH_KNOTS('',1,(#9443,#9444),.UNSPECIFIED.,.F.,
  .F.,(2,2),(0.2,2.5),.PIECEWISE_BEZIER_KNOTS.);
#9443 = CARTESIAN_POINT('',(0.225,0.4));
#9444 = CARTESIAN_POINT('',(0.225,2.7));
#9445 = ( GEOMETRIC_REPRESENTATION_CONTEXT(2) 
PARAMETRIC_REPRESENTATION_CONTEXT() REPRESENTATION_CONTEXT('2D SPACE',''
  ) );
#9446 = PCURVE('',#9447,#9452);
#9447 = PLANE('',#9448);
#9448 = AXIS2_PLACEMENT_3D('',#9449,#9450,#9451);
#9449 = CARTESIAN_POINT('',(0.225,0.4,17.75));
#9450 = DIRECTION('',(1.,0.,0.));
#9451 = DIRECTION('',(0.,0.,1.));
#9452 = DEFINITIONAL_REPRESENTATION('',(#9453),#9456);
#9453 = B_SPLINE_CURVE_WITH_KNOTS('',1,(#9454,#9455),.UNSPECIFIED.,.F.,
  .F.,(2,2),(0.2,2.5),.PIECEWISE_BEZIER_KNOTS.);
#9454 = CARTESIAN_POINT('',(0.15,0.));
#9455 = CARTESIAN_POINT('',(0.15,-2.3));
#9456 = ( GEOMETRIC_REPRESENTATION_CONTEXT(2) 
PARAMETRIC_REPRESENTATION_CONTEXT() REPRESENTATION_CONTEXT('2D SPACE',''
  ) );
#9457 = ADVANCED_FACE('',(#9458),#9251,.T.);
#9458 = FACE_BOUND('',#9459,.T.);
#9459 = EDGE_LOOP('',(#9460,#9481,#9482,#9503));
#9460 = ORIENTED_EDGE('',*,*,#9461,.F.);
#9461 = EDGE_CURVE('',#9237,#9462,#9464,.T.);
#9462 = VERTEX_POINT('',#9463);
#9463 = CARTESIAN_POINT('',(0.7,2.190890230021,17.75));
#9464 = SURFACE_CURVE('',#9465,(#9469,#9475),.PCURVE_S1.);
#9465 = LINE('',#9466,#9467);
#9466 = CARTESIAN_POINT('',(0.7,2.190890230021,17.75));
#9467 = VECTOR('',#9468,1.);
#9468 = DIRECTION('',(-0.,-0.,-1.));
#9469 = PCURVE('',#9251,#9470);
#9470 = DEFINITIONAL_REPRESENTATION('',(#9471),#9474);
#9471 = B_SPLINE_CURVE_WITH_KNOTS('',1,(#9472,#9473),.UNSPECIFIED.,.F.,
  .F.,(2,2),(-0.3000006,5.999999999062E-07),.PIECEWISE_BEZIER_KNOTS.);
#9472 = CARTESIAN_POINT('',(0.5500006,-1.690890230021));
#9473 = CARTESIAN_POINT('',(0.2499994,-1.690890230021));
#9474 = ( GEOMETRIC_REPRESENTATION_CONTEXT(2) 
PARAMETRIC_REPRESENTATION_CONTEXT() REPRESENTATION_CONTEXT('2D SPACE',''
  ) );
#9475 = PCURVE('',#9283,#9476);
#9476 = DEFINITIONAL_REPRESENTATION('',(#9477),#9480);
#9477 = B_SPLINE_CURVE_WITH_KNOTS('',1,(#9478,#9479),.UNSPECIFIED.,.F.,
  .F.,(2,2),(-0.3,0.),.PIECEWISE_BEZIER_KNOTS.);
#9478 = CARTESIAN_POINT('',(-7.544727932847,-0.3));
#9479 = CARTESIAN_POINT('',(-7.544727932847,0.));
#9480 = ( GEOMETRIC_REPRESENTATION_CONTEXT(2) 
PARAMETRIC_REPRESENTATION_CONTEXT() REPRESENTATION_CONTEXT('2D SPACE',''
  ) );
#9481 = ORIENTED_EDGE('',*,*,#9234,.F.);
#9482 = ORIENTED_EDGE('',*,*,#9483,.T.);
#9483 = EDGE_CURVE('',#9235,#9484,#9486,.T.);
#9484 = VERTEX_POINT('',#9485);
#9485 = CARTESIAN_POINT('',(0.7,1.712454378954,17.75));
#9486 = SURFACE_CURVE('',#9487,(#9491,#9497),.PCURVE_S1.);
#9487 = LINE('',#9488,#9489);
#9488 = CARTESIAN_POINT('',(0.7,1.712454378954,17.75));
#9489 = VECTOR('',#9490,1.);
#9490 = DIRECTION('',(-0.,-0.,-1.));
#9491 = PCURVE('',#9251,#9492);
#9492 = DEFINITIONAL_REPRESENTATION('',(#9493),#9496);
#9493 = B_SPLINE_CURVE_WITH_KNOTS('',1,(#9494,#9495),.UNSPECIFIED.,.F.,
  .F.,(2,2),(-0.3000006,5.999999999062E-07),.PIECEWISE_BEZIER_KNOTS.);
#9494 = CARTESIAN_POINT('',(0.5500006,-1.212454378954));
#9495 = CARTESIAN_POINT('',(0.2499994,-1.212454378954));
#9496 = ( GEOMETRIC_REPRESENTATION_CONTEXT(2) 
PARAMETRIC_REPRESENTATION_CONTEXT() REPRESENTATION_CONTEXT('2D SPACE',''
  ) );
#9497 = PCURVE('',#9340,#9498);
#9498 = DEFINITIONAL_REPRESENTATION('',(#9499),#9502);
#9499 = B_SPLINE_CURVE_WITH_KNOTS('',1,(#9500,#9501),.UNSPECIFIED.,.F.,
  .F.,(2,2),(-0.3,0.),.PIECEWISE_BEZIER_KNOTS.);
#9500 = CARTESIAN_POINT('',(-7.465937837603,-0.3));
#9501 = CARTESIAN_POINT('',(-7.465937837603,0.));
#9502 = ( GEOMETRIC_REPRESENTATION_CONTEXT(2) 
PARAMETRIC_REPRESENTATION_CONTEXT() REPRESENTATION_CONTEXT('2D SPACE',''
  ) );
#9503 = ORIENTED_EDGE('',*,*,#9504,.T.);
#9504 = EDGE_CURVE('',#9484,#9462,#9505,.T.);
#9505 = SURFACE_CURVE('',#9506,(#9510,#9516),.PCURVE_S1.);
#9506 = LINE('',#9507,#9508);
#9507 = CARTESIAN_POINT('',(0.7,0.25,17.75));
#9508 = VECTOR('',#9509,1.);
#9509 = DIRECTION('',(0.,1.,0.));
#9510 = PCURVE('',#9251,#9511);
#9511 = DEFINITIONAL_REPRESENTATION('',(#9512),#9515);
#9512 = B_SPLINE_CURVE_WITH_KNOTS('',1,(#9513,#9514),.UNSPECIFIED.,.F.,
  .F.,(2,2),(0.25,2.05),.PIECEWISE_BEZIER_KNOTS.);
#9513 = CARTESIAN_POINT('',(0.25,0.));
#9514 = CARTESIAN_POINT('',(0.25,-1.8));
#9515 = ( GEOMETRIC_REPRESENTATION_CONTEXT(2) 
PARAMETRIC_REPRESENTATION_CONTEXT() REPRESENTATION_CONTEXT('2D SPACE',''
  ) );
#9516 = PCURVE('',#9517,#9522);
#9517 = PLANE('',#9518);
#9518 = AXIS2_PLACEMENT_3D('',#9519,#9520,#9521);
#9519 = CARTESIAN_POINT('',(-2.229521955227E-16,1.290626075881E-16,17.75
    ));
#9520 = DIRECTION('',(0.,0.,1.));
#9521 = DIRECTION('',(1.,0.,-0.));
#9522 = DEFINITIONAL_REPRESENTATION('',(#9523),#9526);
#9523 = B_SPLINE_CURVE_WITH_KNOTS('',1,(#9524,#9525),.UNSPECIFIED.,.F.,
  .F.,(2,2),(0.25,2.05),.PIECEWISE_BEZIER_KNOTS.);
#9524 = CARTESIAN_POINT('',(0.7,0.5));
#9525 = CARTESIAN_POINT('',(0.7,2.3));
#9526 = ( GEOMETRIC_REPRESENTATION_CONTEXT(2) 
PARAMETRIC_REPRESENTATION_CONTEXT() REPRESENTATION_CONTEXT('2D SPACE',''
  ) );
#9527 = ADVANCED_FACE('',(#9528),#9340,.T.);
#9528 = FACE_BOUND('',#9529,.F.);
#9529 = EDGE_LOOP('',(#9530,#9531,#9532,#9556));
#9530 = ORIENTED_EDGE('',*,*,#9321,.F.);
#9531 = ORIENTED_EDGE('',*,*,#9483,.T.);
#9532 = ORIENTED_EDGE('',*,*,#9533,.F.);
#9533 = EDGE_CURVE('',#9534,#9484,#9536,.T.);
#9534 = VERTEX_POINT('',#9535);
#9535 = CARTESIAN_POINT('',(-0.7,1.712454378954,17.75));
#9536 = SURFACE_CURVE('',#9537,(#9542,#9549),.PCURVE_S1.);
#9537 = CIRCLE('',#9538,1.85);
#9538 = AXIS2_PLACEMENT_3D('',#9539,#9540,#9541);
#9539 = CARTESIAN_POINT('',(1.09091479811E-14,1.206764157201E-16,17.75)
  );
#9540 = DIRECTION('',(0.,0.,1.));
#9541 = DIRECTION('',(-0.378378378378,0.925651015651,0.));
#9542 = PCURVE('',#9340,#9543);
#9543 = DEFINITIONAL_REPRESENTATION('',(#9544),#9548);
#9544 = LINE('',#9545,#9546);
#9545 = CARTESIAN_POINT('',(-1.958840123166,0.));
#9546 = VECTOR('',#9547,1.);
#9547 = DIRECTION('',(-1.,0.));
#9548 = ( GEOMETRIC_REPRESENTATION_CONTEXT(2) 
PARAMETRIC_REPRESENTATION_CONTEXT() REPRESENTATION_CONTEXT('2D SPACE',''
  ) );
#9549 = PCURVE('',#9517,#9550);
#9550 = DEFINITIONAL_REPRESENTATION('',(#9551),#9555);
#9551 = CIRCLE('',#9552,1.85);
#9552 = AXIS2_PLACEMENT_2D('',#9553,#9554);
#9553 = CARTESIAN_POINT('',(1.113210017662E-14,-8.386191867976E-18));
#9554 = DIRECTION('',(-0.378378378378,0.925651015651));
#9555 = ( GEOMETRIC_REPRESENTATION_CONTEXT(2) 
PARAMETRIC_REPRESENTATION_CONTEXT() REPRESENTATION_CONTEXT('2D SPACE',''
  ) );
#9556 = ORIENTED_EDGE('',*,*,#9557,.F.);
#9557 = EDGE_CURVE('',#9296,#9534,#9558,.T.);
#9558 = SURFACE_CURVE('',#9559,(#9563,#9569),.PCURVE_S1.);
#9559 = LINE('',#9560,#9561);
#9560 = CARTESIAN_POINT('',(-0.7,1.712454378954,17.75));
#9561 = VECTOR('',#9562,1.);
#9562 = DIRECTION('',(-0.,-0.,-1.));
#9563 = PCURVE('',#9340,#9564);
#9564 = DEFINITIONAL_REPRESENTATION('',(#9565),#9568);
#9565 = B_SPLINE_CURVE_WITH_KNOTS('',1,(#9566,#9567),.UNSPECIFIED.,.F.,
  .F.,(2,2),(-0.3,-0.),.PIECEWISE_BEZIER_KNOTS.);
#9566 = CARTESIAN_POINT('',(-1.958840123166,-0.3));
#9567 = CARTESIAN_POINT('',(-1.958840123166,0.));
#9568 = ( GEOMETRIC_REPRESENTATION_CONTEXT(2) 
PARAMETRIC_REPRESENTATION_CONTEXT() REPRESENTATION_CONTEXT('2D SPACE',''
  ) );
#9569 = PCURVE('',#9310,#9570);
#9570 = DEFINITIONAL_REPRESENTATION('',(#9571),#9574);
#9571 = B_SPLINE_CURVE_WITH_KNOTS('',1,(#9572,#9573),.UNSPECIFIED.,.F.,
  .F.,(2,2),(-0.3000006,5.999999999062E-07),.PIECEWISE_BEZIER_KNOTS.);
#9572 = CARTESIAN_POINT('',(0.5500006,-1.212454378954));
#9573 = CARTESIAN_POINT('',(0.2499994,-1.212454378954));
#9574 = ( GEOMETRIC_REPRESENTATION_CONTEXT(2) 
PARAMETRIC_REPRESENTATION_CONTEXT() REPRESENTATION_CONTEXT('2D SPACE',''
  ) );
#9575 = ADVANCED_FACE('',(#9576),#9283,.F.);
#9576 = FACE_BOUND('',#9577,.T.);
#9577 = EDGE_LOOP('',(#9578,#9602,#9621,#9622));
#9578 = ORIENTED_EDGE('',*,*,#9579,.F.);
#9579 = EDGE_CURVE('',#9580,#9462,#9582,.T.);
#9580 = VERTEX_POINT('',#9581);
#9581 = CARTESIAN_POINT('',(-0.7,2.190890230021,17.75));
#9582 = SURFACE_CURVE('',#9583,(#9588,#9595),.PCURVE_S1.);
#9583 = CIRCLE('',#9584,2.3);
#9584 = AXIS2_PLACEMENT_3D('',#9585,#9586,#9587);
#9585 = CARTESIAN_POINT('',(0.,0.,17.75));
#9586 = DIRECTION('',(0.,0.,1.));
#9587 = DIRECTION('',(-0.304347826087,0.952560969574,0.));
#9588 = PCURVE('',#9283,#9589);
#9589 = DEFINITIONAL_REPRESENTATION('',(#9590),#9594);
#9590 = LINE('',#9591,#9592);
#9591 = CARTESIAN_POINT('',(-1.880050027922,0.));
#9592 = VECTOR('',#9593,1.);
#9593 = DIRECTION('',(-1.,0.));
#9594 = ( GEOMETRIC_REPRESENTATION_CONTEXT(2) 
PARAMETRIC_REPRESENTATION_CONTEXT() REPRESENTATION_CONTEXT('2D SPACE',''
  ) );
#9595 = PCURVE('',#9517,#9596);
#9596 = DEFINITIONAL_REPRESENTATION('',(#9597),#9601);
#9597 = CIRCLE('',#9598,2.3);
#9598 = AXIS2_PLACEMENT_2D('',#9599,#9600);
#9599 = CARTESIAN_POINT('',(2.229521955227E-16,-1.290626075881E-16));
#9600 = DIRECTION('',(-0.304347826087,0.952560969574));
#9601 = ( GEOMETRIC_REPRESENTATION_CONTEXT(2) 
PARAMETRIC_REPRESENTATION_CONTEXT() REPRESENTATION_CONTEXT('2D SPACE',''
  ) );
#9602 = ORIENTED_EDGE('',*,*,#9603,.F.);
#9603 = EDGE_CURVE('',#9263,#9580,#9604,.T.);
#9604 = SURFACE_CURVE('',#9605,(#9609,#9615),.PCURVE_S1.);
#9605 = LINE('',#9606,#9607);
#9606 = CARTESIAN_POINT('',(-0.7,2.190890230021,17.75));
#9607 = VECTOR('',#9608,1.);
#9608 = DIRECTION('',(-0.,-0.,-1.));
#9609 = PCURVE('',#9283,#9610);
#9610 = DEFINITIONAL_REPRESENTATION('',(#9611),#9614);
#9611 = B_SPLINE_CURVE_WITH_KNOTS('',1,(#9612,#9613),.UNSPECIFIED.,.F.,
  .F.,(2,2),(-0.3,0.),.PIECEWISE_BEZIER_KNOTS.);
#9612 = CARTESIAN_POINT('',(-1.880050027922,-0.3));
#9613 = CARTESIAN_POINT('',(-1.880050027922,0.));
#9614 = ( GEOMETRIC_REPRESENTATION_CONTEXT(2) 
PARAMETRIC_REPRESENTATION_CONTEXT() REPRESENTATION_CONTEXT('2D SPACE',''
  ) );
#9615 = PCURVE('',#9310,#9616);
#9616 = DEFINITIONAL_REPRESENTATION('',(#9617),#9620);
#9617 = B_SPLINE_CURVE_WITH_KNOTS('',1,(#9618,#9619),.UNSPECIFIED.,.F.,
  .F.,(2,2),(-0.3000006,5.999999999062E-07),.PIECEWISE_BEZIER_KNOTS.);
#9618 = CARTESIAN_POINT('',(0.5500006,-1.690890230021));
#9619 = CARTESIAN_POINT('',(0.2499994,-1.690890230021));
#9620 = ( GEOMETRIC_REPRESENTATION_CONTEXT(2) 
PARAMETRIC_REPRESENTATION_CONTEXT() REPRESENTATION_CONTEXT('2D SPACE',''
  ) );
#9621 = ORIENTED_EDGE('',*,*,#9262,.F.);
#9622 = ORIENTED_EDGE('',*,*,#9461,.T.);
#9623 = ADVANCED_FACE('',(#9624),#9310,.F.);
#9624 = FACE_BOUND('',#9625,.F.);
#9625 = EDGE_LOOP('',(#9626,#9627,#9628,#9629));
#9626 = ORIENTED_EDGE('',*,*,#9603,.F.);
#9627 = ORIENTED_EDGE('',*,*,#9295,.F.);
#9628 = ORIENTED_EDGE('',*,*,#9557,.T.);
#9629 = ORIENTED_EDGE('',*,*,#9630,.T.);
#9630 = EDGE_CURVE('',#9534,#9580,#9631,.T.);
#9631 = SURFACE_CURVE('',#9632,(#9636,#9642),.PCURVE_S1.);
#9632 = LINE('',#9633,#9634);
#9633 = CARTESIAN_POINT('',(-0.7,0.25,17.75));
#9634 = VECTOR('',#9635,1.);
#9635 = DIRECTION('',(0.,1.,0.));
#9636 = PCURVE('',#9310,#9637);
#9637 = DEFINITIONAL_REPRESENTATION('',(#9638),#9641);
#9638 = B_SPLINE_CURVE_WITH_KNOTS('',1,(#9639,#9640),.UNSPECIFIED.,.F.,
  .F.,(2,2),(0.25,2.05),.PIECEWISE_BEZIER_KNOTS.);
#9639 = CARTESIAN_POINT('',(0.25,0.));
#9640 = CARTESIAN_POINT('',(0.25,-1.8));
#9641 = ( GEOMETRIC_REPRESENTATION_CONTEXT(2) 
PARAMETRIC_REPRESENTATION_CONTEXT() REPRESENTATION_CONTEXT('2D SPACE',''
  ) );
#9642 = PCURVE('',#9517,#9643);
#9643 = DEFINITIONAL_REPRESENTATION('',(#9644),#9647);
#9644 = B_SPLINE_CURVE_WITH_KNOTS('',1,(#9645,#9646),.UNSPECIFIED.,.F.,
  .F.,(2,2),(0.25,2.05),.PIECEWISE_BEZIER_KNOTS.);
#9645 = CARTESIAN_POINT('',(-0.7,0.5));
#9646 = CARTESIAN_POINT('',(-0.7,2.3));
#9647 = ( GEOMETRIC_REPRESENTATION_CONTEXT(2) 
PARAMETRIC_REPRESENTATION_CONTEXT() REPRESENTATION_CONTEXT('2D SPACE',''
  ) );
#9648 = ADVANCED_FACE('',(#9649),#9371,.T.);
#9649 = FACE_BOUND('',#9650,.T.);
#9650 = EDGE_LOOP('',(#9651,#9674,#9702,#9723));
#9651 = ORIENTED_EDGE('',*,*,#9652,.F.);
#9652 = EDGE_CURVE('',#9653,#9355,#9655,.T.);
#9653 = VERTEX_POINT('',#9654);
#9654 = CARTESIAN_POINT('',(0.225,0.4,17.75));
#9655 = SURFACE_CURVE('',#9656,(#9660,#9667),.PCURVE_S1.);
#9656 = LINE('',#9657,#9658);
#9657 = CARTESIAN_POINT('',(0.225,0.4,17.75));
#9658 = VECTOR('',#9659,1.);
#9659 = DIRECTION('',(0.,0.,1.));
#9660 = PCURVE('',#9371,#9661);
#9661 = DEFINITIONAL_REPRESENTATION('',(#9662),#9666);
#9662 = LINE('',#9663,#9664);
#9663 = CARTESIAN_POINT('',(0.,0.45));
#9664 = VECTOR('',#9665,1.);
#9665 = DIRECTION('',(1.,0.));
#9666 = ( GEOMETRIC_REPRESENTATION_CONTEXT(2) 
PARAMETRIC_REPRESENTATION_CONTEXT() REPRESENTATION_CONTEXT('2D SPACE',''
  ) );
#9667 = PCURVE('',#9447,#9668);
#9668 = DEFINITIONAL_REPRESENTATION('',(#9669),#9673);
#9669 = LINE('',#9670,#9671);
#9670 = CARTESIAN_POINT('',(0.,0.));
#9671 = VECTOR('',#9672,1.);
#9672 = DIRECTION('',(1.,0.));
#9673 = ( GEOMETRIC_REPRESENTATION_CONTEXT(2) 
PARAMETRIC_REPRESENTATION_CONTEXT() REPRESENTATION_CONTEXT('2D SPACE',''
  ) );
#9674 = ORIENTED_EDGE('',*,*,#9675,.F.);
#9675 = EDGE_CURVE('',#9676,#9653,#9678,.T.);
#9676 = VERTEX_POINT('',#9677);
#9677 = CARTESIAN_POINT('',(-0.225,0.4,17.75));
#9678 = SURFACE_CURVE('',#9679,(#9683,#9690),.PCURVE_S1.);
#9679 = LINE('',#9680,#9681);
#9680 = CARTESIAN_POINT('',(-0.225,0.4,17.75));
#9681 = VECTOR('',#9682,1.);
#9682 = DIRECTION('',(1.,0.,0.));
#9683 = PCURVE('',#9371,#9684);
#9684 = DEFINITIONAL_REPRESENTATION('',(#9685),#9689);
#9685 = LINE('',#9686,#9687);
#9686 = CARTESIAN_POINT('',(0.,0.));
#9687 = VECTOR('',#9688,1.);
#9688 = DIRECTION('',(0.,1.));
#9689 = ( GEOMETRIC_REPRESENTATION_CONTEXT(2) 
PARAMETRIC_REPRESENTATION_CONTEXT() REPRESENTATION_CONTEXT('2D SPACE',''
  ) );
#9690 = PCURVE('',#9691,#9696);
#9691 = PLANE('',#9692);
#9692 = AXIS2_PLACEMENT_3D('',#9693,#9694,#9695);
#9693 = CARTESIAN_POINT('',(-0.225,0.4,17.75));
#9694 = DIRECTION('',(0.,0.,1.));
#9695 = DIRECTION('',(1.,0.,0.));
#9696 = DEFINITIONAL_REPRESENTATION('',(#9697),#9701);
#9697 = LINE('',#9698,#9699);
#9698 = CARTESIAN_POINT('',(0.,0.));
#9699 = VECTOR('',#9700,1.);
#9700 = DIRECTION('',(1.,0.));
#9701 = ( GEOMETRIC_REPRESENTATION_CONTEXT(2) 
PARAMETRIC_REPRESENTATION_CONTEXT() REPRESENTATION_CONTEXT('2D SPACE',''
  ) );
#9702 = ORIENTED_EDGE('',*,*,#9703,.T.);
#9703 = EDGE_CURVE('',#9676,#9357,#9704,.T.);
#9704 = SURFACE_CURVE('',#9705,(#9709,#9716),.PCURVE_S1.);
#9705 = LINE('',#9706,#9707);
#9706 = CARTESIAN_POINT('',(-0.225,0.4,17.75));
#9707 = VECTOR('',#9708,1.);
#9708 = DIRECTION('',(0.,0.,1.));
#9709 = PCURVE('',#9371,#9710);
#9710 = DEFINITIONAL_REPRESENTATION('',(#9711),#9715);
#9711 = LINE('',#9712,#9713);
#9712 = CARTESIAN_POINT('',(0.,0.));
#9713 = VECTOR('',#9714,1.);
#9714 = DIRECTION('',(1.,0.));
#9715 = ( GEOMETRIC_REPRESENTATION_CONTEXT(2) 
PARAMETRIC_REPRESENTATION_CONTEXT() REPRESENTATION_CONTEXT('2D SPACE',''
  ) );
#9716 = PCURVE('',#9397,#9717);
#9717 = DEFINITIONAL_REPRESENTATION('',(#9718),#9722);
#9718 = LINE('',#9719,#9720);
#9719 = CARTESIAN_POINT('',(0.,0.));
#9720 = VECTOR('',#9721,1.);
#9721 = DIRECTION('',(1.,0.));
#9722 = ( GEOMETRIC_REPRESENTATION_CONTEXT(2) 
PARAMETRIC_REPRESENTATION_CONTEXT() REPRESENTATION_CONTEXT('2D SPACE',''
  ) );
#9723 = ORIENTED_EDGE('',*,*,#9354,.F.);
#9724 = ADVANCED_FACE('',(#9725),#9447,.F.);
#9725 = FACE_BOUND('',#9726,.F.);
#9726 = EDGE_LOOP('',(#9727,#9728,#9751,#9772));
#9727 = ORIENTED_EDGE('',*,*,#9652,.F.);
#9728 = ORIENTED_EDGE('',*,*,#9729,.T.);
#9729 = EDGE_CURVE('',#9653,#9730,#9732,.T.);
#9730 = VERTEX_POINT('',#9731);
#9731 = CARTESIAN_POINT('',(0.225,2.7,17.75));
#9732 = SURFACE_CURVE('',#9733,(#9737,#9744),.PCURVE_S1.);
#9733 = LINE('',#9734,#9735);
#9734 = CARTESIAN_POINT('',(0.225,0.4,17.75));
#9735 = VECTOR('',#9736,1.);
#9736 = DIRECTION('',(0.,1.,0.));
#9737 = PCURVE('',#9447,#9738);
#9738 = DEFINITIONAL_REPRESENTATION('',(#9739),#9743);
#9739 = LINE('',#9740,#9741);
#9740 = CARTESIAN_POINT('',(0.,0.));
#9741 = VECTOR('',#9742,1.);
#9742 = DIRECTION('',(0.,-1.));
#9743 = ( GEOMETRIC_REPRESENTATION_CONTEXT(2) 
PARAMETRIC_REPRESENTATION_CONTEXT() REPRESENTATION_CONTEXT('2D SPACE',''
  ) );
#9744 = PCURVE('',#9691,#9745);
#9745 = DEFINITIONAL_REPRESENTATION('',(#9746),#9750);
#9746 = LINE('',#9747,#9748);
#9747 = CARTESIAN_POINT('',(0.45,0.));
#9748 = VECTOR('',#9749,1.);
#9749 = DIRECTION('',(0.,1.));
#9750 = ( GEOMETRIC_REPRESENTATION_CONTEXT(2) 
PARAMETRIC_REPRESENTATION_CONTEXT() REPRESENTATION_CONTEXT('2D SPACE',''
  ) );
#9751 = ORIENTED_EDGE('',*,*,#9752,.T.);
#9752 = EDGE_CURVE('',#9730,#9409,#9753,.T.);
#9753 = SURFACE_CURVE('',#9754,(#9758,#9765),.PCURVE_S1.);
#9754 = LINE('',#9755,#9756);
#9755 = CARTESIAN_POINT('',(0.225,2.7,17.75));
#9756 = VECTOR('',#9757,1.);
#9757 = DIRECTION('',(0.,0.,1.));
#9758 = PCURVE('',#9447,#9759);
#9759 = DEFINITIONAL_REPRESENTATION('',(#9760),#9764);
#9760 = LINE('',#9761,#9762);
#9761 = CARTESIAN_POINT('',(0.,-2.3));
#9762 = VECTOR('',#9763,1.);
#9763 = DIRECTION('',(1.,0.));
#9764 = ( GEOMETRIC_REPRESENTATION_CONTEXT(2) 
PARAMETRIC_REPRESENTATION_CONTEXT() REPRESENTATION_CONTEXT('2D SPACE',''
  ) );
#9765 = PCURVE('',#9423,#9766);
#9766 = DEFINITIONAL_REPRESENTATION('',(#9767),#9771);
#9767 = LINE('',#9768,#9769);
#9768 = CARTESIAN_POINT('',(0.,0.45));
#9769 = VECTOR('',#9770,1.);
#9770 = DIRECTION('',(1.,0.));
#9771 = ( GEOMETRIC_REPRESENTATION_CONTEXT(2) 
PARAMETRIC_REPRESENTATION_CONTEXT() REPRESENTATION_CONTEXT('2D SPACE',''
  ) );
#9772 = ORIENTED_EDGE('',*,*,#9434,.F.);
#9773 = ADVANCED_FACE('',(#9774),#9423,.F.);
#9774 = FACE_BOUND('',#9775,.F.);
#9775 = EDGE_LOOP('',(#9776,#9777,#9800,#9821));
#9776 = ORIENTED_EDGE('',*,*,#9752,.F.);
#9777 = ORIENTED_EDGE('',*,*,#9778,.F.);
#9778 = EDGE_CURVE('',#9779,#9730,#9781,.T.);
#9779 = VERTEX_POINT('',#9780);
#9780 = CARTESIAN_POINT('',(-0.225,2.7,17.75));
#9781 = SURFACE_CURVE('',#9782,(#9786,#9793),.PCURVE_S1.);
#9782 = LINE('',#9783,#9784);
#9783 = CARTESIAN_POINT('',(-0.225,2.7,17.75));
#9784 = VECTOR('',#9785,1.);
#9785 = DIRECTION('',(1.,0.,0.));
#9786 = PCURVE('',#9423,#9787);
#9787 = DEFINITIONAL_REPRESENTATION('',(#9788),#9792);
#9788 = LINE('',#9789,#9790);
#9789 = CARTESIAN_POINT('',(0.,0.));
#9790 = VECTOR('',#9791,1.);
#9791 = DIRECTION('',(0.,1.));
#9792 = ( GEOMETRIC_REPRESENTATION_CONTEXT(2) 
PARAMETRIC_REPRESENTATION_CONTEXT() REPRESENTATION_CONTEXT('2D SPACE',''
  ) );
#9793 = PCURVE('',#9691,#9794);
#9794 = DEFINITIONAL_REPRESENTATION('',(#9795),#9799);
#9795 = LINE('',#9796,#9797);
#9796 = CARTESIAN_POINT('',(0.,2.3));
#9797 = VECTOR('',#9798,1.);
#9798 = DIRECTION('',(1.,0.));
#9799 = ( GEOMETRIC_REPRESENTATION_CONTEXT(2) 
PARAMETRIC_REPRESENTATION_CONTEXT() REPRESENTATION_CONTEXT('2D SPACE',''
  ) );
#9800 = ORIENTED_EDGE('',*,*,#9801,.T.);
#9801 = EDGE_CURVE('',#9779,#9383,#9802,.T.);
#9802 = SURFACE_CURVE('',#9803,(#9807,#9814),.PCURVE_S1.);
#9803 = LINE('',#9804,#9805);
#9804 = CARTESIAN_POINT('',(-0.225,2.7,17.75));
#9805 = VECTOR('',#9806,1.);
#9806 = DIRECTION('',(0.,0.,1.));
#9807 = PCURVE('',#9423,#9808);
#9808 = DEFINITIONAL_REPRESENTATION('',(#9809),#9813);
#9809 = LINE('',#9810,#9811);
#9810 = CARTESIAN_POINT('',(0.,0.));
#9811 = VECTOR('',#9812,1.);
#9812 = DIRECTION('',(1.,0.));
#9813 = ( GEOMETRIC_REPRESENTATION_CONTEXT(2) 
PARAMETRIC_REPRESENTATION_CONTEXT() REPRESENTATION_CONTEXT('2D SPACE',''
  ) );
#9814 = PCURVE('',#9397,#9815);
#9815 = DEFINITIONAL_REPRESENTATION('',(#9816),#9820);
#9816 = LINE('',#9817,#9818);
#9817 = CARTESIAN_POINT('',(0.,-2.3));
#9818 = VECTOR('',#9819,1.);
#9819 = DIRECTION('',(1.,0.));
#9820 = ( GEOMETRIC_REPRESENTATION_CONTEXT(2) 
PARAMETRIC_REPRESENTATION_CONTEXT() REPRESENTATION_CONTEXT('2D SPACE',''
  ) );
#9821 = ORIENTED_EDGE('',*,*,#9408,.F.);
#9822 = ADVANCED_FACE('',(#9823),#9397,.T.);
#9823 = FACE_BOUND('',#9824,.T.);
#9824 = EDGE_LOOP('',(#9825,#9826,#9847,#9848));
#9825 = ORIENTED_EDGE('',*,*,#9703,.F.);
#9826 = ORIENTED_EDGE('',*,*,#9827,.T.);
#9827 = EDGE_CURVE('',#9676,#9779,#9828,.T.);
#9828 = SURFACE_CURVE('',#9829,(#9833,#9840),.PCURVE_S1.);
#9829 = LINE('',#9830,#9831);
#9830 = CARTESIAN_POINT('',(-0.225,0.4,17.75));
#9831 = VECTOR('',#9832,1.);
#9832 = DIRECTION('',(0.,1.,0.));
#9833 = PCURVE('',#9397,#9834);
#9834 = DEFINITIONAL_REPRESENTATION('',(#9835),#9839);
#9835 = LINE('',#9836,#9837);
#9836 = CARTESIAN_POINT('',(0.,0.));
#9837 = VECTOR('',#9838,1.);
#9838 = DIRECTION('',(0.,-1.));
#9839 = ( GEOMETRIC_REPRESENTATION_CONTEXT(2) 
PARAMETRIC_REPRESENTATION_CONTEXT() REPRESENTATION_CONTEXT('2D SPACE',''
  ) );
#9840 = PCURVE('',#9691,#9841);
#9841 = DEFINITIONAL_REPRESENTATION('',(#9842),#9846);
#9842 = LINE('',#9843,#9844);
#9843 = CARTESIAN_POINT('',(0.,0.));
#9844 = VECTOR('',#9845,1.);
#9845 = DIRECTION('',(0.,1.));
#9846 = ( GEOMETRIC_REPRESENTATION_CONTEXT(2) 
PARAMETRIC_REPRESENTATION_CONTEXT() REPRESENTATION_CONTEXT('2D SPACE',''
  ) );
#9847 = ORIENTED_EDGE('',*,*,#9801,.T.);
#9848 = ORIENTED_EDGE('',*,*,#9382,.F.);
#9849 = ADVANCED_FACE('',(#9850),#9517,.T.);
#9850 = FACE_BOUND('',#9851,.T.);
#9851 = EDGE_LOOP('',(#9852,#9853,#9854,#9855));
#9852 = ORIENTED_EDGE('',*,*,#9579,.T.);
#9853 = ORIENTED_EDGE('',*,*,#9504,.F.);
#9854 = ORIENTED_EDGE('',*,*,#9533,.F.);
#9855 = ORIENTED_EDGE('',*,*,#9630,.T.);
#9856 = ADVANCED_FACE('',(#9857),#9691,.T.);
#9857 = FACE_BOUND('',#9858,.T.);
#9858 = EDGE_LOOP('',(#9859,#9860,#9861,#9862));
#9859 = ORIENTED_EDGE('',*,*,#9827,.F.);
#9860 = ORIENTED_EDGE('',*,*,#9675,.T.);
#9861 = ORIENTED_EDGE('',*,*,#9729,.T.);
#9862 = ORIENTED_EDGE('',*,*,#9778,.F.);
#9863 = ( GEOMETRIC_REPRESENTATION_CONTEXT(3) 
GLOBAL_UNCERTAINTY_ASSIGNED_CONTEXT((#9867)) 
GLOBAL_UNIT_ASSIGNED_CONTEXT((#9864,#9865,#9866)) REPRESENTATION_CONTEXT
('Context #1','3D Context with UNIT and UNCERTAINTY') );
#9864 = ( LENGTH_UNIT() NAMED_UNIT(*) SI_UNIT(.MILLI.,.METRE.) );
#9865 = ( NAMED_UNIT(*) PLANE_ANGLE_UNIT() SI_UNIT($,.RADIAN.) );
#9866 = ( NAMED_UNIT(*) SI_UNIT($,.STERADIAN.) SOLID_ANGLE_UNIT() );
#9867 = UNCERTAINTY_MEASURE_WITH_UNIT(LENGTH_MEASURE(1.E-07),#9864,
  'distance_accuracy_value','confusion accuracy');
#9868 = CONTEXT_DEPENDENT_SHAPE_REPRESENTATION(#9869,#9871);
#9869 = ( REPRESENTATION_RELATIONSHIP('','',#9132,#10) 
REPRESENTATION_RELATIONSHIP_WITH_TRANSFORMATION(#9870) 
SHAPE_REPRESENTATION_RELATIONSHIP() );
#9870 = ITEM_DEFINED_TRANSFORMATION('','',#11,#23);
#9871 = PRODUCT_DEFINITION_SHAPE('Placement','Placement of an item',
  #9872);
#9872 = NEXT_ASSEMBLY_USAGE_OCCURRENCE('3',
  'Recessed_power_button_estimated','',#5,#9127,$);
#9873 = PRODUCT_RELATED_PRODUCT_CATEGORY('part',$,(#9129));
#9874 = SHAPE_DEFINITION_REPRESENTATION(#9875,#9881);
#9875 = PRODUCT_DEFINITION_SHAPE('','',#9876);
#9876 = PRODUCT_DEFINITION('design','',#9877,#9880);
#9877 = PRODUCT_DEFINITION_FORMATION('','',#9878);
#9878 = PRODUCT('Visible_bottom_heat_sink_estimated',
  'Visible_bottom_heat_sink_estimated','',(#9879));
#9879 = PRODUCT_CONTEXT('',#2,'mechanical');
#9880 = PRODUCT_DEFINITION_CONTEXT('part definition',#2,'design');
#9881 = ADVANCED_BREP_SHAPE_REPRESENTATION('',(#11,#9882),#11772);
#9882 = MANIFOLD_SOLID_BREP('',#9883);
#9883 = CLOSED_SHELL('',(#9884,#10564,#10640,#10689,#10738,#10787,#10836
    ,#10885,#10934,#10983,#11032,#11081,#11130,#11179,#11228,#11277,
    #11326,#11375,#11424,#11473,#11544,#11593,#11620,#11711,#11738,
    #11765));
#9884 = ADVANCED_FACE('',(#9885),#9899,.F.);
#9885 = FACE_BOUND('',#9886,.F.);
#9886 = EDGE_LOOP('',(#9887,#9922,#9950,#9978,#10006,#10034,#10062,
    #10090,#10118,#10146,#10174,#10202,#10230,#10258,#10286,#10314,
    #10342,#10370,#10398,#10426,#10454,#10482,#10510,#10538));
#9887 = ORIENTED_EDGE('',*,*,#9888,.F.);
#9888 = EDGE_CURVE('',#9889,#9891,#9893,.T.);
#9889 = VERTEX_POINT('',#9890);
#9890 = CARTESIAN_POINT('',(-5.75,-4.75,1.8));
#9891 = VERTEX_POINT('',#9892);
#9892 = CARTESIAN_POINT('',(-5.75,-4.75,2.8));
#9893 = SURFACE_CURVE('',#9894,(#9898,#9910),.PCURVE_S1.);
#9894 = LINE('',#9895,#9896);
#9895 = CARTESIAN_POINT('',(-5.75,-4.75,1.8));
#9896 = VECTOR('',#9897,1.);
#9897 = DIRECTION('',(0.,0.,1.));
#9898 = PCURVE('',#9899,#9904);
#9899 = PLANE('',#9900);
#9900 = AXIS2_PLACEMENT_3D('',#9901,#9902,#9903);
#9901 = CARTESIAN_POINT('',(-5.75,-4.75,1.8));
#9902 = DIRECTION('',(1.,0.,0.));
#9903 = DIRECTION('',(0.,0.,1.));
#9904 = DEFINITIONAL_REPRESENTATION('',(#9905),#9909);
#9905 = LINE('',#9906,#9907);
#9906 = CARTESIAN_POINT('',(0.,0.));
#9907 = VECTOR('',#9908,1.);
#9908 = DIRECTION('',(1.,0.));
#9909 = ( GEOMETRIC_REPRESENTATION_CONTEXT(2) 
PARAMETRIC_REPRESENTATION_CONTEXT() REPRESENTATION_CONTEXT('2D SPACE',''
  ) );
#9910 = PCURVE('',#9911,#9916);
#9911 = PLANE('',#9912);
#9912 = AXIS2_PLACEMENT_3D('',#9913,#9914,#9915);
#9913 = CARTESIAN_POINT('',(-5.75,-4.75,1.8));
#9914 = DIRECTION('',(0.,1.,0.));
#9915 = DIRECTION('',(0.,0.,1.));
#9916 = DEFINITIONAL_REPRESENTATION('',(#9917),#9921);
#9917 = LINE('',#9918,#9919);
#9918 = CARTESIAN_POINT('',(0.,0.));
#9919 = VECTOR('',#9920,1.);
#9920 = DIRECTION('',(1.,0.));
#9921 = ( GEOMETRIC_REPRESENTATION_CONTEXT(2) 
PARAMETRIC_REPRESENTATION_CONTEXT() REPRESENTATION_CONTEXT('2D SPACE',''
  ) );
#9922 = ORIENTED_EDGE('',*,*,#9923,.T.);
#9923 = EDGE_CURVE('',#9889,#9924,#9926,.T.);
#9924 = VERTEX_POINT('',#9925);
#9925 = CARTESIAN_POINT('',(-5.75,-4.125,1.8));
#9926 = SURFACE_CURVE('',#9927,(#9931,#9938),.PCURVE_S1.);
#9927 = LINE('',#9928,#9929);
#9928 = CARTESIAN_POINT('',(-5.75,-4.75,1.8));
#9929 = VECTOR('',#9930,1.);
#9930 = DIRECTION('',(0.,1.,0.));
#9931 = PCURVE('',#9899,#9932);
#9932 = DEFINITIONAL_REPRESENTATION('',(#9933),#9937);
#9933 = LINE('',#9934,#9935);
#9934 = CARTESIAN_POINT('',(0.,0.));
#9935 = VECTOR('',#9936,1.);
#9936 = DIRECTION('',(0.,-1.));
#9937 = ( GEOMETRIC_REPRESENTATION_CONTEXT(2) 
PARAMETRIC_REPRESENTATION_CONTEXT() REPRESENTATION_CONTEXT('2D SPACE',''
  ) );
#9938 = PCURVE('',#9939,#9944);
#9939 = PLANE('',#9940);
#9940 = AXIS2_PLACEMENT_3D('',#9941,#9942,#9943);
#9941 = CARTESIAN_POINT('',(-5.75,-4.75,1.8));
#9942 = DIRECTION('',(0.,0.,1.));
#9943 = DIRECTION('',(1.,0.,0.));
#9944 = DEFINITIONAL_REPRESENTATION('',(#9945),#9949);
#9945 = LINE('',#9946,#9947);
#9946 = CARTESIAN_POINT('',(0.,0.));
#9947 = VECTOR('',#9948,1.);
#9948 = DIRECTION('',(0.,1.));
#9949 = ( GEOMETRIC_REPRESENTATION_CONTEXT(2) 
PARAMETRIC_REPRESENTATION_CONTEXT() REPRESENTATION_CONTEXT('2D SPACE',''
  ) );
#9950 = ORIENTED_EDGE('',*,*,#9951,.F.);
#9951 = EDGE_CURVE('',#9952,#9924,#9954,.T.);
#9952 = VERTEX_POINT('',#9953);
#9953 = CARTESIAN_POINT('',(-5.75,-4.125,0.6));
#9954 = SURFACE_CURVE('',#9955,(#9959,#9966),.PCURVE_S1.);
#9955 = LINE('',#9956,#9957);
#9956 = CARTESIAN_POINT('',(-5.75,-4.125,0.6));
#9957 = VECTOR('',#9958,1.);
#9958 = DIRECTION('',(0.,0.,1.));
#9959 = PCURVE('',#9899,#9960);
#9960 = DEFINITIONAL_REPRESENTATION('',(#9961),#9965);
#9961 = LINE('',#9962,#9963);
#9962 = CARTESIAN_POINT('',(-1.2,-0.625));
#9963 = VECTOR('',#9964,1.);
#9964 = DIRECTION('',(1.,0.));
#9965 = ( GEOMETRIC_REPRESENTATION_CONTEXT(2) 
PARAMETRIC_REPRESENTATION_CONTEXT() REPRESENTATION_CONTEXT('2D SPACE',''
  ) );
#9966 = PCURVE('',#9967,#9972);
#9967 = PLANE('',#9968);
#9968 = AXIS2_PLACEMENT_3D('',#9969,#9970,#9971);
#9969 = CARTESIAN_POINT('',(-5.75,-4.125,0.6));
#9970 = DIRECTION('',(0.,1.,0.));
#9971 = DIRECTION('',(0.,0.,1.));
#9972 = DEFINITIONAL_REPRESENTATION('',(#9973),#9977);
#9973 = LINE('',#9974,#9975);
#9974 = CARTESIAN_POINT('',(0.,0.));
#9975 = VECTOR('',#9976,1.);
#9976 = DIRECTION('',(1.,0.));
#9977 = ( GEOMETRIC_REPRESENTATION_CONTEXT(2) 
PARAMETRIC_REPRESENTATION_CONTEXT() REPRESENTATION_CONTEXT('2D SPACE',''
  ) );
#9978 = ORIENTED_EDGE('',*,*,#9979,.T.);
#9979 = EDGE_CURVE('',#9952,#9980,#9982,.T.);
#9980 = VERTEX_POINT('',#9981);
#9981 = CARTESIAN_POINT('',(-5.75,-3.475,0.6));
#9982 = SURFACE_CURVE('',#9983,(#9987,#9994),.PCURVE_S1.);
#9983 = LINE('',#9984,#9985);
#9984 = CARTESIAN_POINT('',(-5.75,-4.125,0.6));
#9985 = VECTOR('',#9986,1.);
#9986 = DIRECTION('',(0.,1.,0.));
#9987 = PCURVE('',#9899,#9988);
#9988 = DEFINITIONAL_REPRESENTATION('',(#9989),#9993);
#9989 = LINE('',#9990,#9991);
#9990 = CARTESIAN_POINT('',(-1.2,-0.625));
#9991 = VECTOR('',#9992,1.);
#9992 = DIRECTION('',(0.,-1.));
#9993 = ( GEOMETRIC_REPRESENTATION_CONTEXT(2) 
PARAMETRIC_REPRESENTATION_CONTEXT() REPRESENTATION_CONTEXT('2D SPACE',''
  ) );
#9994 = PCURVE('',#9995,#10000);
#9995 = PLANE('',#9996);
#9996 = AXIS2_PLACEMENT_3D('',#9997,#9998,#9999);
#9997 = CARTESIAN_POINT('',(-5.75,-4.125,0.6));
#9998 = DIRECTION('',(0.,0.,1.));
#9999 = DIRECTION('',(1.,0.,0.));
#10000 = DEFINITIONAL_REPRESENTATION('',(#10001),#10005);
#10001 = LINE('',#10002,#10003);
#10002 = CARTESIAN_POINT('',(0.,0.));
#10003 = VECTOR('',#10004,1.);
#10004 = DIRECTION('',(0.,1.));
#10005 = ( GEOMETRIC_REPRESENTATION_CONTEXT(2) 
PARAMETRIC_REPRESENTATION_CONTEXT() REPRESENTATION_CONTEXT('2D SPACE',''
  ) );
#10006 = ORIENTED_EDGE('',*,*,#10007,.T.);
#10007 = EDGE_CURVE('',#9980,#10008,#10010,.T.);
#10008 = VERTEX_POINT('',#10009);
#10009 = CARTESIAN_POINT('',(-5.75,-3.475,1.8));
#10010 = SURFACE_CURVE('',#10011,(#10015,#10022),.PCURVE_S1.);
#10011 = LINE('',#10012,#10013);
#10012 = CARTESIAN_POINT('',(-5.75,-3.475,0.6));
#10013 = VECTOR('',#10014,1.);
#10014 = DIRECTION('',(0.,0.,1.));
#10015 = PCURVE('',#9899,#10016);
#10016 = DEFINITIONAL_REPRESENTATION('',(#10017),#10021);
#10017 = LINE('',#10018,#10019);
#10018 = CARTESIAN_POINT('',(-1.2,-1.275));
#10019 = VECTOR('',#10020,1.);
#10020 = DIRECTION('',(1.,0.));
#10021 = ( GEOMETRIC_REPRESENTATION_CONTEXT(2) 
PARAMETRIC_REPRESENTATION_CONTEXT() REPRESENTATION_CONTEXT('2D SPACE',''
  ) );
#10022 = PCURVE('',#10023,#10028);
#10023 = PLANE('',#10024);
#10024 = AXIS2_PLACEMENT_3D('',#10025,#10026,#10027);
#10025 = CARTESIAN_POINT('',(-5.75,-3.475,0.6));
#10026 = DIRECTION('',(0.,1.,0.));
#10027 = DIRECTION('',(0.,0.,1.));
#10028 = DEFINITIONAL_REPRESENTATION('',(#10029),#10033);
#10029 = LINE('',#10030,#10031);
#10030 = CARTESIAN_POINT('',(0.,0.));
#10031 = VECTOR('',#10032,1.);
#10032 = DIRECTION('',(1.,0.));
#10033 = ( GEOMETRIC_REPRESENTATION_CONTEXT(2) 
PARAMETRIC_REPRESENTATION_CONTEXT() REPRESENTATION_CONTEXT('2D SPACE',''
  ) );
#10034 = ORIENTED_EDGE('',*,*,#10035,.T.);
#10035 = EDGE_CURVE('',#10008,#10036,#10038,.T.);
#10036 = VERTEX_POINT('',#10037);
#10037 = CARTESIAN_POINT('',(-5.75,-2.225,1.8));
#10038 = SURFACE_CURVE('',#10039,(#10043,#10050),.PCURVE_S1.);
#10039 = LINE('',#10040,#10041);
#10040 = CARTESIAN_POINT('',(-5.75,-4.75,1.8));
#10041 = VECTOR('',#10042,1.);
#10042 = DIRECTION('',(0.,1.,0.));
#10043 = PCURVE('',#9899,#10044);
#10044 = DEFINITIONAL_REPRESENTATION('',(#10045),#10049);
#10045 = LINE('',#10046,#10047);
#10046 = CARTESIAN_POINT('',(0.,0.));
#10047 = VECTOR('',#10048,1.);
#10048 = DIRECTION('',(0.,-1.));
#10049 = ( GEOMETRIC_REPRESENTATION_CONTEXT(2) 
PARAMETRIC_REPRESENTATION_CONTEXT() REPRESENTATION_CONTEXT('2D SPACE',''
  ) );
#10050 = PCURVE('',#10051,#10056);
#10051 = PLANE('',#10052);
#10052 = AXIS2_PLACEMENT_3D('',#10053,#10054,#10055);
#10053 = CARTESIAN_POINT('',(-5.75,-4.75,1.8));
#10054 = DIRECTION('',(0.,0.,1.));
#10055 = DIRECTION('',(1.,0.,0.));
#10056 = DEFINITIONAL_REPRESENTATION('',(#10057),#10061);
#10057 = LINE('',#10058,#10059);
#10058 = CARTESIAN_POINT('',(0.,0.));
#10059 = VECTOR('',#10060,1.);
#10060 = DIRECTION('',(0.,1.));
#10061 = ( GEOMETRIC_REPRESENTATION_CONTEXT(2) 
PARAMETRIC_REPRESENTATION_CONTEXT() REPRESENTATION_CONTEXT('2D SPACE',''
  ) );
#10062 = ORIENTED_EDGE('',*,*,#10063,.F.);
#10063 = EDGE_CURVE('',#10064,#10036,#10066,.T.);
#10064 = VERTEX_POINT('',#10065);
#10065 = CARTESIAN_POINT('',(-5.75,-2.225,0.6));
#10066 = SURFACE_CURVE('',#10067,(#10071,#10078),.PCURVE_S1.);
#10067 = LINE('',#10068,#10069);
#10068 = CARTESIAN_POINT('',(-5.75,-2.225,0.6));
#10069 = VECTOR('',#10070,1.);
#10070 = DIRECTION('',(0.,0.,1.));
#10071 = PCURVE('',#9899,#10072);
#10072 = DEFINITIONAL_REPRESENTATION('',(#10073),#10077);
#10073 = LINE('',#10074,#10075);
#10074 = CARTESIAN_POINT('',(-1.2,-2.525));
#10075 = VECTOR('',#10076,1.);
#10076 = DIRECTION('',(1.,0.));
#10077 = ( GEOMETRIC_REPRESENTATION_CONTEXT(2) 
PARAMETRIC_REPRESENTATION_CONTEXT() REPRESENTATION_CONTEXT('2D SPACE',''
  ) );
#10078 = PCURVE('',#10079,#10084);
#10079 = PLANE('',#10080);
#10080 = AXIS2_PLACEMENT_3D('',#10081,#10082,#10083);
#10081 = CARTESIAN_POINT('',(-5.75,-2.225,0.6));
#10082 = DIRECTION('',(0.,1.,0.));
#10083 = DIRECTION('',(0.,0.,1.));
#10084 = DEFINITIONAL_REPRESENTATION('',(#10085),#10089);
#10085 = LINE('',#10086,#10087);
#10086 = CARTESIAN_POINT('',(0.,0.));
#10087 = VECTOR('',#10088,1.);
#10088 = DIRECTION('',(1.,0.));
#10089 = ( GEOMETRIC_REPRESENTATION_CONTEXT(2) 
PARAMETRIC_REPRESENTATION_CONTEXT() REPRESENTATION_CONTEXT('2D SPACE',''
  ) );
#10090 = ORIENTED_EDGE('',*,*,#10091,.T.);
#10091 = EDGE_CURVE('',#10064,#10092,#10094,.T.);
#10092 = VERTEX_POINT('',#10093);
#10093 = CARTESIAN_POINT('',(-5.75,-1.575,0.6));
#10094 = SURFACE_CURVE('',#10095,(#10099,#10106),.PCURVE_S1.);
#10095 = LINE('',#10096,#10097);
#10096 = CARTESIAN_POINT('',(-5.75,-2.225,0.6));
#10097 = VECTOR('',#10098,1.);
#10098 = DIRECTION('',(0.,1.,0.));
#10099 = PCURVE('',#9899,#10100);
#10100 = DEFINITIONAL_REPRESENTATION('',(#10101),#10105);
#10101 = LINE('',#10102,#10103);
#10102 = CARTESIAN_POINT('',(-1.2,-2.525));
#10103 = VECTOR('',#10104,1.);
#10104 = DIRECTION('',(0.,-1.));
#10105 = ( GEOMETRIC_REPRESENTATION_CONTEXT(2) 
PARAMETRIC_REPRESENTATION_CONTEXT() REPRESENTATION_CONTEXT('2D SPACE',''
  ) );
#10106 = PCURVE('',#10107,#10112);
#10107 = PLANE('',#10108);
#10108 = AXIS2_PLACEMENT_3D('',#10109,#10110,#10111);
#10109 = CARTESIAN_POINT('',(-5.75,-2.225,0.6));
#10110 = DIRECTION('',(0.,0.,1.));
#10111 = DIRECTION('',(1.,0.,0.));
#10112 = DEFINITIONAL_REPRESENTATION('',(#10113),#10117);
#10113 = LINE('',#10114,#10115);
#10114 = CARTESIAN_POINT('',(0.,0.));
#10115 = VECTOR('',#10116,1.);
#10116 = DIRECTION('',(0.,1.));
#10117 = ( GEOMETRIC_REPRESENTATION_CONTEXT(2) 
PARAMETRIC_REPRESENTATION_CONTEXT() REPRESENTATION_CONTEXT('2D SPACE',''
  ) );
#10118 = ORIENTED_EDGE('',*,*,#10119,.T.);
#10119 = EDGE_CURVE('',#10092,#10120,#10122,.T.);
#10120 = VERTEX_POINT('',#10121);
#10121 = CARTESIAN_POINT('',(-5.75,-1.575,1.8));
#10122 = SURFACE_CURVE('',#10123,(#10127,#10134),.PCURVE_S1.);
#10123 = LINE('',#10124,#10125);
#10124 = CARTESIAN_POINT('',(-5.75,-1.575,0.6));
#10125 = VECTOR('',#10126,1.);
#10126 = DIRECTION('',(0.,0.,1.));
#10127 = PCURVE('',#9899,#10128);
#10128 = DEFINITIONAL_REPRESENTATION('',(#10129),#10133);
#10129 = LINE('',#10130,#10131);
#10130 = CARTESIAN_POINT('',(-1.2,-3.175));
#10131 = VECTOR('',#10132,1.);
#10132 = DIRECTION('',(1.,0.));
#10133 = ( GEOMETRIC_REPRESENTATION_CONTEXT(2) 
PARAMETRIC_REPRESENTATION_CONTEXT() REPRESENTATION_CONTEXT('2D SPACE',''
  ) );
#10134 = PCURVE('',#10135,#10140);
#10135 = PLANE('',#10136);
#10136 = AXIS2_PLACEMENT_3D('',#10137,#10138,#10139);
#10137 = CARTESIAN_POINT('',(-5.75,-1.575,0.6));
#10138 = DIRECTION('',(0.,1.,0.));
#10139 = DIRECTION('',(0.,0.,1.));
#10140 = DEFINITIONAL_REPRESENTATION('',(#10141),#10145);
#10141 = LINE('',#10142,#10143);
#10142 = CARTESIAN_POINT('',(0.,0.));
#10143 = VECTOR('',#10144,1.);
#10144 = DIRECTION('',(1.,0.));
#10145 = ( GEOMETRIC_REPRESENTATION_CONTEXT(2) 
PARAMETRIC_REPRESENTATION_CONTEXT() REPRESENTATION_CONTEXT('2D SPACE',''
  ) );
#10146 = ORIENTED_EDGE('',*,*,#10147,.T.);
#10147 = EDGE_CURVE('',#10120,#10148,#10150,.T.);
#10148 = VERTEX_POINT('',#10149);
#10149 = CARTESIAN_POINT('',(-5.75,-0.325,1.8));
#10150 = SURFACE_CURVE('',#10151,(#10155,#10162),.PCURVE_S1.);
#10151 = LINE('',#10152,#10153);
#10152 = CARTESIAN_POINT('',(-5.75,-4.75,1.8));
#10153 = VECTOR('',#10154,1.);
#10154 = DIRECTION('',(0.,1.,0.));
#10155 = PCURVE('',#9899,#10156);
#10156 = DEFINITIONAL_REPRESENTATION('',(#10157),#10161);
#10157 = LINE('',#10158,#10159);
#10158 = CARTESIAN_POINT('',(0.,0.));
#10159 = VECTOR('',#10160,1.);
#10160 = DIRECTION('',(0.,-1.));
#10161 = ( GEOMETRIC_REPRESENTATION_CONTEXT(2) 
PARAMETRIC_REPRESENTATION_CONTEXT() REPRESENTATION_CONTEXT('2D SPACE',''
  ) );
#10162 = PCURVE('',#10163,#10168);
#10163 = PLANE('',#10164);
#10164 = AXIS2_PLACEMENT_3D('',#10165,#10166,#10167);
#10165 = CARTESIAN_POINT('',(-5.75,-4.75,1.8));
#10166 = DIRECTION('',(0.,0.,1.));
#10167 = DIRECTION('',(1.,0.,0.));
#10168 = DEFINITIONAL_REPRESENTATION('',(#10169),#10173);
#10169 = LINE('',#10170,#10171);
#10170 = CARTESIAN_POINT('',(0.,0.));
#10171 = VECTOR('',#10172,1.);
#10172 = DIRECTION('',(0.,1.));
#10173 = ( GEOMETRIC_REPRESENTATION_CONTEXT(2) 
PARAMETRIC_REPRESENTATION_CONTEXT() REPRESENTATION_CONTEXT('2D SPACE',''
  ) );
#10174 = ORIENTED_EDGE('',*,*,#10175,.F.);
#10175 = EDGE_CURVE('',#10176,#10148,#10178,.T.);
#10176 = VERTEX_POINT('',#10177);
#10177 = CARTESIAN_POINT('',(-5.75,-0.325,0.6));
#10178 = SURFACE_CURVE('',#10179,(#10183,#10190),.PCURVE_S1.);
#10179 = LINE('',#10180,#10181);
#10180 = CARTESIAN_POINT('',(-5.75,-0.325,0.6));
#10181 = VECTOR('',#10182,1.);
#10182 = DIRECTION('',(0.,0.,1.));
#10183 = PCURVE('',#9899,#10184);
#10184 = DEFINITIONAL_REPRESENTATION('',(#10185),#10189);
#10185 = LINE('',#10186,#10187);
#10186 = CARTESIAN_POINT('',(-1.2,-4.425));
#10187 = VECTOR('',#10188,1.);
#10188 = DIRECTION('',(1.,0.));
#10189 = ( GEOMETRIC_REPRESENTATION_CONTEXT(2) 
PARAMETRIC_REPRESENTATION_CONTEXT() REPRESENTATION_CONTEXT('2D SPACE',''
  ) );
#10190 = PCURVE('',#10191,#10196);
#10191 = PLANE('',#10192);
#10192 = AXIS2_PLACEMENT_3D('',#10193,#10194,#10195);
#10193 = CARTESIAN_POINT('',(-5.75,-0.325,0.6));
#10194 = DIRECTION('',(0.,1.,0.));
#10195 = DIRECTION('',(0.,0.,1.));
#10196 = DEFINITIONAL_REPRESENTATION('',(#10197),#10201);
#10197 = LINE('',#10198,#10199);
#10198 = CARTESIAN_POINT('',(0.,0.));
#10199 = VECTOR('',#10200,1.);
#10200 = DIRECTION('',(1.,0.));
#10201 = ( GEOMETRIC_REPRESENTATION_CONTEXT(2) 
PARAMETRIC_REPRESENTATION_CONTEXT() REPRESENTATION_CONTEXT('2D SPACE',''
  ) );
#10202 = ORIENTED_EDGE('',*,*,#10203,.T.);
#10203 = EDGE_CURVE('',#10176,#10204,#10206,.T.);
#10204 = VERTEX_POINT('',#10205);
#10205 = CARTESIAN_POINT('',(-5.75,0.325,0.6));
#10206 = SURFACE_CURVE('',#10207,(#10211,#10218),.PCURVE_S1.);
#10207 = LINE('',#10208,#10209);
#10208 = CARTESIAN_POINT('',(-5.75,-0.325,0.6));
#10209 = VECTOR('',#10210,1.);
#10210 = DIRECTION('',(0.,1.,0.));
#10211 = PCURVE('',#9899,#10212);
#10212 = DEFINITIONAL_REPRESENTATION('',(#10213),#10217);
#10213 = LINE('',#10214,#10215);
#10214 = CARTESIAN_POINT('',(-1.2,-4.425));
#10215 = VECTOR('',#10216,1.);
#10216 = DIRECTION('',(0.,-1.));
#10217 = ( GEOMETRIC_REPRESENTATION_CONTEXT(2) 
PARAMETRIC_REPRESENTATION_CONTEXT() REPRESENTATION_CONTEXT('2D SPACE',''
  ) );
#10218 = PCURVE('',#10219,#10224);
#10219 = PLANE('',#10220);
#10220 = AXIS2_PLACEMENT_3D('',#10221,#10222,#10223);
#10221 = CARTESIAN_POINT('',(-5.75,-0.325,0.6));
#10222 = DIRECTION('',(0.,0.,1.));
#10223 = DIRECTION('',(1.,0.,0.));
#10224 = DEFINITIONAL_REPRESENTATION('',(#10225),#10229);
#10225 = LINE('',#10226,#10227);
#10226 = CARTESIAN_POINT('',(0.,0.));
#10227 = VECTOR('',#10228,1.);
#10228 = DIRECTION('',(0.,1.));
#10229 = ( GEOMETRIC_REPRESENTATION_CONTEXT(2) 
PARAMETRIC_REPRESENTATION_CONTEXT() REPRESENTATION_CONTEXT('2D SPACE',''
  ) );
#10230 = ORIENTED_EDGE('',*,*,#10231,.T.);
#10231 = EDGE_CURVE('',#10204,#10232,#10234,.T.);
#10232 = VERTEX_POINT('',#10233);
#10233 = CARTESIAN_POINT('',(-5.75,0.325,1.8));
#10234 = SURFACE_CURVE('',#10235,(#10239,#10246),.PCURVE_S1.);
#10235 = LINE('',#10236,#10237);
#10236 = CARTESIAN_POINT('',(-5.75,0.325,0.6));
#10237 = VECTOR('',#10238,1.);
#10238 = DIRECTION('',(0.,0.,1.));
#10239 = PCURVE('',#9899,#10240);
#10240 = DEFINITIONAL_REPRESENTATION('',(#10241),#10245);
#10241 = LINE('',#10242,#10243);
#10242 = CARTESIAN_POINT('',(-1.2,-5.075));
#10243 = VECTOR('',#10244,1.);
#10244 = DIRECTION('',(1.,0.));
#10245 = ( GEOMETRIC_REPRESENTATION_CONTEXT(2) 
PARAMETRIC_REPRESENTATION_CONTEXT() REPRESENTATION_CONTEXT('2D SPACE',''
  ) );
#10246 = PCURVE('',#10247,#10252);
#10247 = PLANE('',#10248);
#10248 = AXIS2_PLACEMENT_3D('',#10249,#10250,#10251);
#10249 = CARTESIAN_POINT('',(-5.75,0.325,0.6));
#10250 = DIRECTION('',(0.,1.,0.));
#10251 = DIRECTION('',(0.,0.,1.));
#10252 = DEFINITIONAL_REPRESENTATION('',(#10253),#10257);
#10253 = LINE('',#10254,#10255);
#10254 = CARTESIAN_POINT('',(0.,0.));
#10255 = VECTOR('',#10256,1.);
#10256 = DIRECTION('',(1.,0.));
#10257 = ( GEOMETRIC_REPRESENTATION_CONTEXT(2) 
PARAMETRIC_REPRESENTATION_CONTEXT() REPRESENTATION_CONTEXT('2D SPACE',''
  ) );
#10258 = ORIENTED_EDGE('',*,*,#10259,.T.);
#10259 = EDGE_CURVE('',#10232,#10260,#10262,.T.);
#10260 = VERTEX_POINT('',#10261);
#10261 = CARTESIAN_POINT('',(-5.75,1.575,1.8));
#10262 = SURFACE_CURVE('',#10263,(#10267,#10274),.PCURVE_S1.);
#10263 = LINE('',#10264,#10265);
#10264 = CARTESIAN_POINT('',(-5.75,-4.75,1.8));
#10265 = VECTOR('',#10266,1.);
#10266 = DIRECTION('',(0.,1.,0.));
#10267 = PCURVE('',#9899,#10268);
#10268 = DEFINITIONAL_REPRESENTATION('',(#10269),#10273);
#10269 = LINE('',#10270,#10271);
#10270 = CARTESIAN_POINT('',(0.,0.));
#10271 = VECTOR('',#10272,1.);
#10272 = DIRECTION('',(0.,-1.));
#10273 = ( GEOMETRIC_REPRESENTATION_CONTEXT(2) 
PARAMETRIC_REPRESENTATION_CONTEXT() REPRESENTATION_CONTEXT('2D SPACE',''
  ) );
#10274 = PCURVE('',#10275,#10280);
#10275 = PLANE('',#10276);
#10276 = AXIS2_PLACEMENT_3D('',#10277,#10278,#10279);
#10277 = CARTESIAN_POINT('',(-5.75,-4.75,1.8));
#10278 = DIRECTION('',(0.,0.,1.));
#10279 = DIRECTION('',(1.,0.,0.));
#10280 = DEFINITIONAL_REPRESENTATION('',(#10281),#10285);
#10281 = LINE('',#10282,#10283);
#10282 = CARTESIAN_POINT('',(0.,0.));
#10283 = VECTOR('',#10284,1.);
#10284 = DIRECTION('',(0.,1.));
#10285 = ( GEOMETRIC_REPRESENTATION_CONTEXT(2) 
PARAMETRIC_REPRESENTATION_CONTEXT() REPRESENTATION_CONTEXT('2D SPACE',''
  ) );
#10286 = ORIENTED_EDGE('',*,*,#10287,.F.);
#10287 = EDGE_CURVE('',#10288,#10260,#10290,.T.);
#10288 = VERTEX_POINT('',#10289);
#10289 = CARTESIAN_POINT('',(-5.75,1.575,0.6));
#10290 = SURFACE_CURVE('',#10291,(#10295,#10302),.PCURVE_S1.);
#10291 = LINE('',#10292,#10293);
#10292 = CARTESIAN_POINT('',(-5.75,1.575,0.6));
#10293 = VECTOR('',#10294,1.);
#10294 = DIRECTION('',(0.,0.,1.));
#10295 = PCURVE('',#9899,#10296);
#10296 = DEFINITIONAL_REPRESENTATION('',(#10297),#10301);
#10297 = LINE('',#10298,#10299);
#10298 = CARTESIAN_POINT('',(-1.2,-6.325));
#10299 = VECTOR('',#10300,1.);
#10300 = DIRECTION('',(1.,0.));
#10301 = ( GEOMETRIC_REPRESENTATION_CONTEXT(2) 
PARAMETRIC_REPRESENTATION_CONTEXT() REPRESENTATION_CONTEXT('2D SPACE',''
  ) );
#10302 = PCURVE('',#10303,#10308);
#10303 = PLANE('',#10304);
#10304 = AXIS2_PLACEMENT_3D('',#10305,#10306,#10307);
#10305 = CARTESIAN_POINT('',(-5.75,1.575,0.6));
#10306 = DIRECTION('',(0.,1.,0.));
#10307 = DIRECTION('',(0.,0.,1.));
#10308 = DEFINITIONAL_REPRESENTATION('',(#10309),#10313);
#10309 = LINE('',#10310,#10311);
#10310 = CARTESIAN_POINT('',(0.,0.));
#10311 = VECTOR('',#10312,1.);
#10312 = DIRECTION('',(1.,0.));
#10313 = ( GEOMETRIC_REPRESENTATION_CONTEXT(2) 
PARAMETRIC_REPRESENTATION_CONTEXT() REPRESENTATION_CONTEXT('2D SPACE',''
  ) );
#10314 = ORIENTED_EDGE('',*,*,#10315,.T.);
#10315 = EDGE_CURVE('',#10288,#10316,#10318,.T.);
#10316 = VERTEX_POINT('',#10317);
#10317 = CARTESIAN_POINT('',(-5.75,2.225,0.6));
#10318 = SURFACE_CURVE('',#10319,(#10323,#10330),.PCURVE_S1.);
#10319 = LINE('',#10320,#10321);
#10320 = CARTESIAN_POINT('',(-5.75,1.575,0.6));
#10321 = VECTOR('',#10322,1.);
#10322 = DIRECTION('',(0.,1.,0.));
#10323 = PCURVE('',#9899,#10324);
#10324 = DEFINITIONAL_REPRESENTATION('',(#10325),#10329);
#10325 = LINE('',#10326,#10327);
#10326 = CARTESIAN_POINT('',(-1.2,-6.325));
#10327 = VECTOR('',#10328,1.);
#10328 = DIRECTION('',(0.,-1.));
#10329 = ( GEOMETRIC_REPRESENTATION_CONTEXT(2) 
PARAMETRIC_REPRESENTATION_CONTEXT() REPRESENTATION_CONTEXT('2D SPACE',''
  ) );
#10330 = PCURVE('',#10331,#10336);
#10331 = PLANE('',#10332);
#10332 = AXIS2_PLACEMENT_3D('',#10333,#10334,#10335);
#10333 = CARTESIAN_POINT('',(-5.75,1.575,0.6));
#10334 = DIRECTION('',(0.,0.,1.));
#10335 = DIRECTION('',(1.,0.,0.));
#10336 = DEFINITIONAL_REPRESENTATION('',(#10337),#10341);
#10337 = LINE('',#10338,#10339);
#10338 = CARTESIAN_POINT('',(0.,0.));
#10339 = VECTOR('',#10340,1.);
#10340 = DIRECTION('',(0.,1.));
#10341 = ( GEOMETRIC_REPRESENTATION_CONTEXT(2) 
PARAMETRIC_REPRESENTATION_CONTEXT() REPRESENTATION_CONTEXT('2D SPACE',''
  ) );
#10342 = ORIENTED_EDGE('',*,*,#10343,.T.);
#10343 = EDGE_CURVE('',#10316,#10344,#10346,.T.);
#10344 = VERTEX_POINT('',#10345);
#10345 = CARTESIAN_POINT('',(-5.75,2.225,1.8));
#10346 = SURFACE_CURVE('',#10347,(#10351,#10358),.PCURVE_S1.);
#10347 = LINE('',#10348,#10349);
#10348 = CARTESIAN_POINT('',(-5.75,2.225,0.6));
#10349 = VECTOR('',#10350,1.);
#10350 = DIRECTION('',(0.,0.,1.));
#10351 = PCURVE('',#9899,#10352);
#10352 = DEFINITIONAL_REPRESENTATION('',(#10353),#10357);
#10353 = LINE('',#10354,#10355);
#10354 = CARTESIAN_POINT('',(-1.2,-6.975));
#10355 = VECTOR('',#10356,1.);
#10356 = DIRECTION('',(1.,0.));
#10357 = ( GEOMETRIC_REPRESENTATION_CONTEXT(2) 
PARAMETRIC_REPRESENTATION_CONTEXT() REPRESENTATION_CONTEXT('2D SPACE',''
  ) );
#10358 = PCURVE('',#10359,#10364);
#10359 = PLANE('',#10360);
#10360 = AXIS2_PLACEMENT_3D('',#10361,#10362,#10363);
#10361 = CARTESIAN_POINT('',(-5.75,2.225,0.6));
#10362 = DIRECTION('',(0.,1.,0.));
#10363 = DIRECTION('',(0.,0.,1.));
#10364 = DEFINITIONAL_REPRESENTATION('',(#10365),#10369);
#10365 = LINE('',#10366,#10367);
#10366 = CARTESIAN_POINT('',(0.,0.));
#10367 = VECTOR('',#10368,1.);
#10368 = DIRECTION('',(1.,0.));
#10369 = ( GEOMETRIC_REPRESENTATION_CONTEXT(2) 
PARAMETRIC_REPRESENTATION_CONTEXT() REPRESENTATION_CONTEXT('2D SPACE',''
  ) );
#10370 = ORIENTED_EDGE('',*,*,#10371,.T.);
#10371 = EDGE_CURVE('',#10344,#10372,#10374,.T.);
#10372 = VERTEX_POINT('',#10373);
#10373 = CARTESIAN_POINT('',(-5.75,3.475,1.8));
#10374 = SURFACE_CURVE('',#10375,(#10379,#10386),.PCURVE_S1.);
#10375 = LINE('',#10376,#10377);
#10376 = CARTESIAN_POINT('',(-5.75,-4.75,1.8));
#10377 = VECTOR('',#10378,1.);
#10378 = DIRECTION('',(0.,1.,0.));
#10379 = PCURVE('',#9899,#10380);
#10380 = DEFINITIONAL_REPRESENTATION('',(#10381),#10385);
#10381 = LINE('',#10382,#10383);
#10382 = CARTESIAN_POINT('',(0.,0.));
#10383 = VECTOR('',#10384,1.);
#10384 = DIRECTION('',(0.,-1.));
#10385 = ( GEOMETRIC_REPRESENTATION_CONTEXT(2) 
PARAMETRIC_REPRESENTATION_CONTEXT() REPRESENTATION_CONTEXT('2D SPACE',''
  ) );
#10386 = PCURVE('',#10387,#10392);
#10387 = PLANE('',#10388);
#10388 = AXIS2_PLACEMENT_3D('',#10389,#10390,#10391);
#10389 = CARTESIAN_POINT('',(-5.75,-4.75,1.8));
#10390 = DIRECTION('',(0.,0.,1.));
#10391 = DIRECTION('',(1.,0.,0.));
#10392 = DEFINITIONAL_REPRESENTATION('',(#10393),#10397);
#10393 = LINE('',#10394,#10395);
#10394 = CARTESIAN_POINT('',(0.,0.));
#10395 = VECTOR('',#10396,1.);
#10396 = DIRECTION('',(0.,1.));
#10397 = ( GEOMETRIC_REPRESENTATION_CONTEXT(2) 
PARAMETRIC_REPRESENTATION_CONTEXT() REPRESENTATION_CONTEXT('2D SPACE',''
  ) );
#10398 = ORIENTED_EDGE('',*,*,#10399,.F.);
#10399 = EDGE_CURVE('',#10400,#10372,#10402,.T.);
#10400 = VERTEX_POINT('',#10401);
#10401 = CARTESIAN_POINT('',(-5.75,3.475,0.6));
#10402 = SURFACE_CURVE('',#10403,(#10407,#10414),.PCURVE_S1.);
#10403 = LINE('',#10404,#10405);
#10404 = CARTESIAN_POINT('',(-5.75,3.475,0.6));
#10405 = VECTOR('',#10406,1.);
#10406 = DIRECTION('',(0.,0.,1.));
#10407 = PCURVE('',#9899,#10408);
#10408 = DEFINITIONAL_REPRESENTATION('',(#10409),#10413);
#10409 = LINE('',#10410,#10411);
#10410 = CARTESIAN_POINT('',(-1.2,-8.225));
#10411 = VECTOR('',#10412,1.);
#10412 = DIRECTION('',(1.,0.));
#10413 = ( GEOMETRIC_REPRESENTATION_CONTEXT(2) 
PARAMETRIC_REPRESENTATION_CONTEXT() REPRESENTATION_CONTEXT('2D SPACE',''
  ) );
#10414 = PCURVE('',#10415,#10420);
#10415 = PLANE('',#10416);
#10416 = AXIS2_PLACEMENT_3D('',#10417,#10418,#10419);
#10417 = CARTESIAN_POINT('',(-5.75,3.475,0.6));
#10418 = DIRECTION('',(0.,1.,0.));
#10419 = DIRECTION('',(0.,0.,1.));
#10420 = DEFINITIONAL_REPRESENTATION('',(#10421),#10425);
#10421 = LINE('',#10422,#10423);
#10422 = CARTESIAN_POINT('',(0.,0.));
#10423 = VECTOR('',#10424,1.);
#10424 = DIRECTION('',(1.,0.));
#10425 = ( GEOMETRIC_REPRESENTATION_CONTEXT(2) 
PARAMETRIC_REPRESENTATION_CONTEXT() REPRESENTATION_CONTEXT('2D SPACE',''
  ) );
#10426 = ORIENTED_EDGE('',*,*,#10427,.T.);
#10427 = EDGE_CURVE('',#10400,#10428,#10430,.T.);
#10428 = VERTEX_POINT('',#10429);
#10429 = CARTESIAN_POINT('',(-5.75,4.125,0.6));
#10430 = SURFACE_CURVE('',#10431,(#10435,#10442),.PCURVE_S1.);
#10431 = LINE('',#10432,#10433);
#10432 = CARTESIAN_POINT('',(-5.75,3.475,0.6));
#10433 = VECTOR('',#10434,1.);
#10434 = DIRECTION('',(0.,1.,0.));
#10435 = PCURVE('',#9899,#10436);
#10436 = DEFINITIONAL_REPRESENTATION('',(#10437),#10441);
#10437 = LINE('',#10438,#10439);
#10438 = CARTESIAN_POINT('',(-1.2,-8.225));
#10439 = VECTOR('',#10440,1.);
#10440 = DIRECTION('',(0.,-1.));
#10441 = ( GEOMETRIC_REPRESENTATION_CONTEXT(2) 
PARAMETRIC_REPRESENTATION_CONTEXT() REPRESENTATION_CONTEXT('2D SPACE',''
  ) );
#10442 = PCURVE('',#10443,#10448);
#10443 = PLANE('',#10444);
#10444 = AXIS2_PLACEMENT_3D('',#10445,#10446,#10447);
#10445 = CARTESIAN_POINT('',(-5.75,3.475,0.6));
#10446 = DIRECTION('',(0.,0.,1.));
#10447 = DIRECTION('',(1.,0.,0.));
#10448 = DEFINITIONAL_REPRESENTATION('',(#10449),#10453);
#10449 = LINE('',#10450,#10451);
#10450 = CARTESIAN_POINT('',(0.,0.));
#10451 = VECTOR('',#10452,1.);
#10452 = DIRECTION('',(0.,1.));
#10453 = ( GEOMETRIC_REPRESENTATION_CONTEXT(2) 
PARAMETRIC_REPRESENTATION_CONTEXT() REPRESENTATION_CONTEXT('2D SPACE',''
  ) );
#10454 = ORIENTED_EDGE('',*,*,#10455,.T.);
#10455 = EDGE_CURVE('',#10428,#10456,#10458,.T.);
#10456 = VERTEX_POINT('',#10457);
#10457 = CARTESIAN_POINT('',(-5.75,4.125,1.8));
#10458 = SURFACE_CURVE('',#10459,(#10463,#10470),.PCURVE_S1.);
#10459 = LINE('',#10460,#10461);
#10460 = CARTESIAN_POINT('',(-5.75,4.125,0.6));
#10461 = VECTOR('',#10462,1.);
#10462 = DIRECTION('',(0.,0.,1.));
#10463 = PCURVE('',#9899,#10464);
#10464 = DEFINITIONAL_REPRESENTATION('',(#10465),#10469);
#10465 = LINE('',#10466,#10467);
#10466 = CARTESIAN_POINT('',(-1.2,-8.875));
#10467 = VECTOR('',#10468,1.);
#10468 = DIRECTION('',(1.,0.));
#10469 = ( GEOMETRIC_REPRESENTATION_CONTEXT(2) 
PARAMETRIC_REPRESENTATION_CONTEXT() REPRESENTATION_CONTEXT('2D SPACE',''
  ) );
#10470 = PCURVE('',#10471,#10476);
#10471 = PLANE('',#10472);
#10472 = AXIS2_PLACEMENT_3D('',#10473,#10474,#10475);
#10473 = CARTESIAN_POINT('',(-5.75,4.125,0.6));
#10474 = DIRECTION('',(0.,1.,0.));
#10475 = DIRECTION('',(0.,0.,1.));
#10476 = DEFINITIONAL_REPRESENTATION('',(#10477),#10481);
#10477 = LINE('',#10478,#10479);
#10478 = CARTESIAN_POINT('',(0.,0.));
#10479 = VECTOR('',#10480,1.);
#10480 = DIRECTION('',(1.,0.));
#10481 = ( GEOMETRIC_REPRESENTATION_CONTEXT(2) 
PARAMETRIC_REPRESENTATION_CONTEXT() REPRESENTATION_CONTEXT('2D SPACE',''
  ) );
#10482 = ORIENTED_EDGE('',*,*,#10483,.T.);
#10483 = EDGE_CURVE('',#10456,#10484,#10486,.T.);
#10484 = VERTEX_POINT('',#10485);
#10485 = CARTESIAN_POINT('',(-5.75,4.75,1.8));
#10486 = SURFACE_CURVE('',#10487,(#10491,#10498),.PCURVE_S1.);
#10487 = LINE('',#10488,#10489);
#10488 = CARTESIAN_POINT('',(-5.75,-4.75,1.8));
#10489 = VECTOR('',#10490,1.);
#10490 = DIRECTION('',(0.,1.,0.));
#10491 = PCURVE('',#9899,#10492);
#10492 = DEFINITIONAL_REPRESENTATION('',(#10493),#10497);
#10493 = LINE('',#10494,#10495);
#10494 = CARTESIAN_POINT('',(0.,0.));
#10495 = VECTOR('',#10496,1.);
#10496 = DIRECTION('',(0.,-1.));
#10497 = ( GEOMETRIC_REPRESENTATION_CONTEXT(2) 
PARAMETRIC_REPRESENTATION_CONTEXT() REPRESENTATION_CONTEXT('2D SPACE',''
  ) );
#10498 = PCURVE('',#10499,#10504);
#10499 = PLANE('',#10500);
#10500 = AXIS2_PLACEMENT_3D('',#10501,#10502,#10503);
#10501 = CARTESIAN_POINT('',(-5.75,-4.75,1.8));
#10502 = DIRECTION('',(0.,0.,1.));
#10503 = DIRECTION('',(1.,0.,0.));
#10504 = DEFINITIONAL_REPRESENTATION('',(#10505),#10509);
#10505 = LINE('',#10506,#10507);
#10506 = CARTESIAN_POINT('',(0.,0.));
#10507 = VECTOR('',#10508,1.);
#10508 = DIRECTION('',(0.,1.));
#10509 = ( GEOMETRIC_REPRESENTATION_CONTEXT(2) 
PARAMETRIC_REPRESENTATION_CONTEXT() REPRESENTATION_CONTEXT('2D SPACE',''
  ) );
#10510 = ORIENTED_EDGE('',*,*,#10511,.T.);
#10511 = EDGE_CURVE('',#10484,#10512,#10514,.T.);
#10512 = VERTEX_POINT('',#10513);
#10513 = CARTESIAN_POINT('',(-5.75,4.75,2.8));
#10514 = SURFACE_CURVE('',#10515,(#10519,#10526),.PCURVE_S1.);
#10515 = LINE('',#10516,#10517);
#10516 = CARTESIAN_POINT('',(-5.75,4.75,1.8));
#10517 = VECTOR('',#10518,1.);
#10518 = DIRECTION('',(0.,0.,1.));
#10519 = PCURVE('',#9899,#10520);
#10520 = DEFINITIONAL_REPRESENTATION('',(#10521),#10525);
#10521 = LINE('',#10522,#10523);
#10522 = CARTESIAN_POINT('',(0.,-9.5));
#10523 = VECTOR('',#10524,1.);
#10524 = DIRECTION('',(1.,0.));
#10525 = ( GEOMETRIC_REPRESENTATION_CONTEXT(2) 
PARAMETRIC_REPRESENTATION_CONTEXT() REPRESENTATION_CONTEXT('2D SPACE',''
  ) );
#10526 = PCURVE('',#10527,#10532);
#10527 = PLANE('',#10528);
#10528 = AXIS2_PLACEMENT_3D('',#10529,#10530,#10531);
#10529 = CARTESIAN_POINT('',(-5.75,4.75,1.8));
#10530 = DIRECTION('',(0.,1.,0.));
#10531 = DIRECTION('',(0.,0.,1.));
#10532 = DEFINITIONAL_REPRESENTATION('',(#10533),#10537);
#10533 = LINE('',#10534,#10535);
#10534 = CARTESIAN_POINT('',(0.,0.));
#10535 = VECTOR('',#10536,1.);
#10536 = DIRECTION('',(1.,0.));
#10537 = ( GEOMETRIC_REPRESENTATION_CONTEXT(2) 
PARAMETRIC_REPRESENTATION_CONTEXT() REPRESENTATION_CONTEXT('2D SPACE',''
  ) );
#10538 = ORIENTED_EDGE('',*,*,#10539,.F.);
#10539 = EDGE_CURVE('',#9891,#10512,#10540,.T.);
#10540 = SURFACE_CURVE('',#10541,(#10545,#10552),.PCURVE_S1.);
#10541 = LINE('',#10542,#10543);
#10542 = CARTESIAN_POINT('',(-5.75,-4.75,2.8));
#10543 = VECTOR('',#10544,1.);
#10544 = DIRECTION('',(0.,1.,0.));
#10545 = PCURVE('',#9899,#10546);
#10546 = DEFINITIONAL_REPRESENTATION('',(#10547),#10551);
#10547 = LINE('',#10548,#10549);
#10548 = CARTESIAN_POINT('',(1.,0.));
#10549 = VECTOR('',#10550,1.);
#10550 = DIRECTION('',(0.,-1.));
#10551 = ( GEOMETRIC_REPRESENTATION_CONTEXT(2) 
PARAMETRIC_REPRESENTATION_CONTEXT() REPRESENTATION_CONTEXT('2D SPACE',''
  ) );
#10552 = PCURVE('',#10553,#10558);
#10553 = PLANE('',#10554);
#10554 = AXIS2_PLACEMENT_3D('',#10555,#10556,#10557);
#10555 = CARTESIAN_POINT('',(-5.75,-4.75,2.8));
#10556 = DIRECTION('',(0.,0.,1.));
#10557 = DIRECTION('',(1.,0.,0.));
#10558 = DEFINITIONAL_REPRESENTATION('',(#10559),#10563);
#10559 = LINE('',#10560,#10561);
#10560 = CARTESIAN_POINT('',(0.,0.));
#10561 = VECTOR('',#10562,1.);
#10562 = DIRECTION('',(0.,1.));
#10563 = ( GEOMETRIC_REPRESENTATION_CONTEXT(2) 
PARAMETRIC_REPRESENTATION_CONTEXT() REPRESENTATION_CONTEXT('2D SPACE',''
  ) );
#10564 = ADVANCED_FACE('',(#10565),#9911,.F.);
#10565 = FACE_BOUND('',#10566,.F.);
#10566 = EDGE_LOOP('',(#10567,#10590,#10591,#10614));
#10567 = ORIENTED_EDGE('',*,*,#10568,.F.);
#10568 = EDGE_CURVE('',#9889,#10569,#10571,.T.);
#10569 = VERTEX_POINT('',#10570);
#10570 = CARTESIAN_POINT('',(5.75,-4.75,1.8));
#10571 = SURFACE_CURVE('',#10572,(#10576,#10583),.PCURVE_S1.);
#10572 = LINE('',#10573,#10574);
#10573 = CARTESIAN_POINT('',(-5.75,-4.75,1.8));
#10574 = VECTOR('',#10575,1.);
#10575 = DIRECTION('',(1.,0.,0.));
#10576 = PCURVE('',#9911,#10577);
#10577 = DEFINITIONAL_REPRESENTATION('',(#10578),#10582);
#10578 = LINE('',#10579,#10580);
#10579 = CARTESIAN_POINT('',(0.,0.));
#10580 = VECTOR('',#10581,1.);
#10581 = DIRECTION('',(0.,1.));
#10582 = ( GEOMETRIC_REPRESENTATION_CONTEXT(2) 
PARAMETRIC_REPRESENTATION_CONTEXT() REPRESENTATION_CONTEXT('2D SPACE',''
  ) );
#10583 = PCURVE('',#9939,#10584);
#10584 = DEFINITIONAL_REPRESENTATION('',(#10585),#10589);
#10585 = LINE('',#10586,#10587);
#10586 = CARTESIAN_POINT('',(0.,0.));
#10587 = VECTOR('',#10588,1.);
#10588 = DIRECTION('',(1.,0.));
#10589 = ( GEOMETRIC_REPRESENTATION_CONTEXT(2) 
PARAMETRIC_REPRESENTATION_CONTEXT() REPRESENTATION_CONTEXT('2D SPACE',''
  ) );
#10590 = ORIENTED_EDGE('',*,*,#9888,.T.);
#10591 = ORIENTED_EDGE('',*,*,#10592,.T.);
#10592 = EDGE_CURVE('',#9891,#10593,#10595,.T.);
#10593 = VERTEX_POINT('',#10594);
#10594 = CARTESIAN_POINT('',(5.75,-4.75,2.8));
#10595 = SURFACE_CURVE('',#10596,(#10600,#10607),.PCURVE_S1.);
#10596 = LINE('',#10597,#10598);
#10597 = CARTESIAN_POINT('',(-5.75,-4.75,2.8));
#10598 = VECTOR('',#10599,1.);
#10599 = DIRECTION('',(1.,0.,0.));
#10600 = PCURVE('',#9911,#10601);
#10601 = DEFINITIONAL_REPRESENTATION('',(#10602),#10606);
#10602 = LINE('',#10603,#10604);
#10603 = CARTESIAN_POINT('',(1.,0.));
#10604 = VECTOR('',#10605,1.);
#10605 = DIRECTION('',(0.,1.));
#10606 = ( GEOMETRIC_REPRESENTATION_CONTEXT(2) 
PARAMETRIC_REPRESENTATION_CONTEXT() REPRESENTATION_CONTEXT('2D SPACE',''
  ) );
#10607 = PCURVE('',#10553,#10608);
#10608 = DEFINITIONAL_REPRESENTATION('',(#10609),#10613);
#10609 = LINE('',#10610,#10611);
#10610 = CARTESIAN_POINT('',(0.,0.));
#10611 = VECTOR('',#10612,1.);
#10612 = DIRECTION('',(1.,0.));
#10613 = ( GEOMETRIC_REPRESENTATION_CONTEXT(2) 
PARAMETRIC_REPRESENTATION_CONTEXT() REPRESENTATION_CONTEXT('2D SPACE',''
  ) );
#10614 = ORIENTED_EDGE('',*,*,#10615,.F.);
#10615 = EDGE_CURVE('',#10569,#10593,#10616,.T.);
#10616 = SURFACE_CURVE('',#10617,(#10621,#10628),.PCURVE_S1.);
#10617 = LINE('',#10618,#10619);
#10618 = CARTESIAN_POINT('',(5.75,-4.75,1.8));
#10619 = VECTOR('',#10620,1.);
#10620 = DIRECTION('',(0.,0.,1.));
#10621 = PCURVE('',#9911,#10622);
#10622 = DEFINITIONAL_REPRESENTATION('',(#10623),#10627);
#10623 = LINE('',#10624,#10625);
#10624 = CARTESIAN_POINT('',(0.,11.5));
#10625 = VECTOR('',#10626,1.);
#10626 = DIRECTION('',(1.,0.));
#10627 = ( GEOMETRIC_REPRESENTATION_CONTEXT(2) 
PARAMETRIC_REPRESENTATION_CONTEXT() REPRESENTATION_CONTEXT('2D SPACE',''
  ) );
#10628 = PCURVE('',#10629,#10634);
#10629 = PLANE('',#10630);
#10630 = AXIS2_PLACEMENT_3D('',#10631,#10632,#10633);
#10631 = CARTESIAN_POINT('',(5.75,-4.75,1.8));
#10632 = DIRECTION('',(1.,0.,0.));
#10633 = DIRECTION('',(0.,0.,1.));
#10634 = DEFINITIONAL_REPRESENTATION('',(#10635),#10639);
#10635 = LINE('',#10636,#10637);
#10636 = CARTESIAN_POINT('',(0.,0.));
#10637 = VECTOR('',#10638,1.);
#10638 = DIRECTION('',(1.,0.));
#10639 = ( GEOMETRIC_REPRESENTATION_CONTEXT(2) 
PARAMETRIC_REPRESENTATION_CONTEXT() REPRESENTATION_CONTEXT('2D SPACE',''
  ) );
#10640 = ADVANCED_FACE('',(#10641),#9939,.F.);
#10641 = FACE_BOUND('',#10642,.F.);
#10642 = EDGE_LOOP('',(#10643,#10644,#10645,#10668));
#10643 = ORIENTED_EDGE('',*,*,#9923,.F.);
#10644 = ORIENTED_EDGE('',*,*,#10568,.T.);
#10645 = ORIENTED_EDGE('',*,*,#10646,.T.);
#10646 = EDGE_CURVE('',#10569,#10647,#10649,.T.);
#10647 = VERTEX_POINT('',#10648);
#10648 = CARTESIAN_POINT('',(5.75,-4.125,1.8));
#10649 = SURFACE_CURVE('',#10650,(#10654,#10661),.PCURVE_S1.);
#10650 = LINE('',#10651,#10652);
#10651 = CARTESIAN_POINT('',(5.75,-4.75,1.8));
#10652 = VECTOR('',#10653,1.);
#10653 = DIRECTION('',(0.,1.,0.));
#10654 = PCURVE('',#9939,#10655);
#10655 = DEFINITIONAL_REPRESENTATION('',(#10656),#10660);
#10656 = LINE('',#10657,#10658);
#10657 = CARTESIAN_POINT('',(11.5,0.));
#10658 = VECTOR('',#10659,1.);
#10659 = DIRECTION('',(0.,1.));
#10660 = ( GEOMETRIC_REPRESENTATION_CONTEXT(2) 
PARAMETRIC_REPRESENTATION_CONTEXT() REPRESENTATION_CONTEXT('2D SPACE',''
  ) );
#10661 = PCURVE('',#10629,#10662);
#10662 = DEFINITIONAL_REPRESENTATION('',(#10663),#10667);
#10663 = LINE('',#10664,#10665);
#10664 = CARTESIAN_POINT('',(0.,0.));
#10665 = VECTOR('',#10666,1.);
#10666 = DIRECTION('',(0.,-1.));
#10667 = ( GEOMETRIC_REPRESENTATION_CONTEXT(2) 
PARAMETRIC_REPRESENTATION_CONTEXT() REPRESENTATION_CONTEXT('2D SPACE',''
  ) );
#10668 = ORIENTED_EDGE('',*,*,#10669,.F.);
#10669 = EDGE_CURVE('',#9924,#10647,#10670,.T.);
#10670 = SURFACE_CURVE('',#10671,(#10675,#10682),.PCURVE_S1.);
#10671 = LINE('',#10672,#10673);
#10672 = CARTESIAN_POINT('',(-5.75,-4.125,1.8));
#10673 = VECTOR('',#10674,1.);
#10674 = DIRECTION('',(1.,0.,0.));
#10675 = PCURVE('',#9939,#10676);
#10676 = DEFINITIONAL_REPRESENTATION('',(#10677),#10681);
#10677 = LINE('',#10678,#10679);
#10678 = CARTESIAN_POINT('',(0.,0.625));
#10679 = VECTOR('',#10680,1.);
#10680 = DIRECTION('',(1.,0.));
#10681 = ( GEOMETRIC_REPRESENTATION_CONTEXT(2) 
PARAMETRIC_REPRESENTATION_CONTEXT() REPRESENTATION_CONTEXT('2D SPACE',''
  ) );
#10682 = PCURVE('',#9967,#10683);
#10683 = DEFINITIONAL_REPRESENTATION('',(#10684),#10688);
#10684 = LINE('',#10685,#10686);
#10685 = CARTESIAN_POINT('',(1.2,0.));
#10686 = VECTOR('',#10687,1.);
#10687 = DIRECTION('',(0.,1.));
#10688 = ( GEOMETRIC_REPRESENTATION_CONTEXT(2) 
PARAMETRIC_REPRESENTATION_CONTEXT() REPRESENTATION_CONTEXT('2D SPACE',''
  ) );
#10689 = ADVANCED_FACE('',(#10690),#9967,.F.);
#10690 = FACE_BOUND('',#10691,.F.);
#10691 = EDGE_LOOP('',(#10692,#10715,#10716,#10717));
#10692 = ORIENTED_EDGE('',*,*,#10693,.F.);
#10693 = EDGE_CURVE('',#9952,#10694,#10696,.T.);
#10694 = VERTEX_POINT('',#10695);
#10695 = CARTESIAN_POINT('',(5.75,-4.125,0.6));
#10696 = SURFACE_CURVE('',#10697,(#10701,#10708),.PCURVE_S1.);
#10697 = LINE('',#10698,#10699);
#10698 = CARTESIAN_POINT('',(-5.75,-4.125,0.6));
#10699 = VECTOR('',#10700,1.);
#10700 = DIRECTION('',(1.,0.,0.));
#10701 = PCURVE('',#9967,#10702);
#10702 = DEFINITIONAL_REPRESENTATION('',(#10703),#10707);
#10703 = LINE('',#10704,#10705);
#10704 = CARTESIAN_POINT('',(0.,0.));
#10705 = VECTOR('',#10706,1.);
#10706 = DIRECTION('',(0.,1.));
#10707 = ( GEOMETRIC_REPRESENTATION_CONTEXT(2) 
PARAMETRIC_REPRESENTATION_CONTEXT() REPRESENTATION_CONTEXT('2D SPACE',''
  ) );
#10708 = PCURVE('',#9995,#10709);
#10709 = DEFINITIONAL_REPRESENTATION('',(#10710),#10714);
#10710 = LINE('',#10711,#10712);
#10711 = CARTESIAN_POINT('',(0.,0.));
#10712 = VECTOR('',#10713,1.);
#10713 = DIRECTION('',(1.,0.));
#10714 = ( GEOMETRIC_REPRESENTATION_CONTEXT(2) 
PARAMETRIC_REPRESENTATION_CONTEXT() REPRESENTATION_CONTEXT('2D SPACE',''
  ) );
#10715 = ORIENTED_EDGE('',*,*,#9951,.T.);
#10716 = ORIENTED_EDGE('',*,*,#10669,.T.);
#10717 = ORIENTED_EDGE('',*,*,#10718,.F.);
#10718 = EDGE_CURVE('',#10694,#10647,#10719,.T.);
#10719 = SURFACE_CURVE('',#10720,(#10724,#10731),.PCURVE_S1.);
#10720 = LINE('',#10721,#10722);
#10721 = CARTESIAN_POINT('',(5.75,-4.125,0.6));
#10722 = VECTOR('',#10723,1.);
#10723 = DIRECTION('',(0.,0.,1.));
#10724 = PCURVE('',#9967,#10725);
#10725 = DEFINITIONAL_REPRESENTATION('',(#10726),#10730);
#10726 = LINE('',#10727,#10728);
#10727 = CARTESIAN_POINT('',(0.,11.5));
#10728 = VECTOR('',#10729,1.);
#10729 = DIRECTION('',(1.,0.));
#10730 = ( GEOMETRIC_REPRESENTATION_CONTEXT(2) 
PARAMETRIC_REPRESENTATION_CONTEXT() REPRESENTATION_CONTEXT('2D SPACE',''
  ) );
#10731 = PCURVE('',#10629,#10732);
#10732 = DEFINITIONAL_REPRESENTATION('',(#10733),#10737);
#10733 = LINE('',#10734,#10735);
#10734 = CARTESIAN_POINT('',(-1.2,-0.625));
#10735 = VECTOR('',#10736,1.);
#10736 = DIRECTION('',(1.,0.));
#10737 = ( GEOMETRIC_REPRESENTATION_CONTEXT(2) 
PARAMETRIC_REPRESENTATION_CONTEXT() REPRESENTATION_CONTEXT('2D SPACE',''
  ) );
#10738 = ADVANCED_FACE('',(#10739),#9995,.F.);
#10739 = FACE_BOUND('',#10740,.F.);
#10740 = EDGE_LOOP('',(#10741,#10742,#10743,#10766));
#10741 = ORIENTED_EDGE('',*,*,#9979,.F.);
#10742 = ORIENTED_EDGE('',*,*,#10693,.T.);
#10743 = ORIENTED_EDGE('',*,*,#10744,.T.);
#10744 = EDGE_CURVE('',#10694,#10745,#10747,.T.);
#10745 = VERTEX_POINT('',#10746);
#10746 = CARTESIAN_POINT('',(5.75,-3.475,0.6));
#10747 = SURFACE_CURVE('',#10748,(#10752,#10759),.PCURVE_S1.);
#10748 = LINE('',#10749,#10750);
#10749 = CARTESIAN_POINT('',(5.75,-4.125,0.6));
#10750 = VECTOR('',#10751,1.);
#10751 = DIRECTION('',(0.,1.,0.));
#10752 = PCURVE('',#9995,#10753);
#10753 = DEFINITIONAL_REPRESENTATION('',(#10754),#10758);
#10754 = LINE('',#10755,#10756);
#10755 = CARTESIAN_POINT('',(11.5,0.));
#10756 = VECTOR('',#10757,1.);
#10757 = DIRECTION('',(0.,1.));
#10758 = ( GEOMETRIC_REPRESENTATION_CONTEXT(2) 
PARAMETRIC_REPRESENTATION_CONTEXT() REPRESENTATION_CONTEXT('2D SPACE',''
  ) );
#10759 = PCURVE('',#10629,#10760);
#10760 = DEFINITIONAL_REPRESENTATION('',(#10761),#10765);
#10761 = LINE('',#10762,#10763);
#10762 = CARTESIAN_POINT('',(-1.2,-0.625));
#10763 = VECTOR('',#10764,1.);
#10764 = DIRECTION('',(0.,-1.));
#10765 = ( GEOMETRIC_REPRESENTATION_CONTEXT(2) 
PARAMETRIC_REPRESENTATION_CONTEXT() REPRESENTATION_CONTEXT('2D SPACE',''
  ) );
#10766 = ORIENTED_EDGE('',*,*,#10767,.F.);
#10767 = EDGE_CURVE('',#9980,#10745,#10768,.T.);
#10768 = SURFACE_CURVE('',#10769,(#10773,#10780),.PCURVE_S1.);
#10769 = LINE('',#10770,#10771);
#10770 = CARTESIAN_POINT('',(-5.75,-3.475,0.6));
#10771 = VECTOR('',#10772,1.);
#10772 = DIRECTION('',(1.,0.,0.));
#10773 = PCURVE('',#9995,#10774);
#10774 = DEFINITIONAL_REPRESENTATION('',(#10775),#10779);
#10775 = LINE('',#10776,#10777);
#10776 = CARTESIAN_POINT('',(0.,0.65));
#10777 = VECTOR('',#10778,1.);
#10778 = DIRECTION('',(1.,0.));
#10779 = ( GEOMETRIC_REPRESENTATION_CONTEXT(2) 
PARAMETRIC_REPRESENTATION_CONTEXT() REPRESENTATION_CONTEXT('2D SPACE',''
  ) );
#10780 = PCURVE('',#10023,#10781);
#10781 = DEFINITIONAL_REPRESENTATION('',(#10782),#10786);
#10782 = LINE('',#10783,#10784);
#10783 = CARTESIAN_POINT('',(0.,0.));
#10784 = VECTOR('',#10785,1.);
#10785 = DIRECTION('',(0.,1.));
#10786 = ( GEOMETRIC_REPRESENTATION_CONTEXT(2) 
PARAMETRIC_REPRESENTATION_CONTEXT() REPRESENTATION_CONTEXT('2D SPACE',''
  ) );
#10787 = ADVANCED_FACE('',(#10788),#10023,.T.);
#10788 = FACE_BOUND('',#10789,.T.);
#10789 = EDGE_LOOP('',(#10790,#10791,#10792,#10815));
#10790 = ORIENTED_EDGE('',*,*,#10767,.F.);
#10791 = ORIENTED_EDGE('',*,*,#10007,.T.);
#10792 = ORIENTED_EDGE('',*,*,#10793,.T.);
#10793 = EDGE_CURVE('',#10008,#10794,#10796,.T.);
#10794 = VERTEX_POINT('',#10795);
#10795 = CARTESIAN_POINT('',(5.75,-3.475,1.8));
#10796 = SURFACE_CURVE('',#10797,(#10801,#10808),.PCURVE_S1.);
#10797 = LINE('',#10798,#10799);
#10798 = CARTESIAN_POINT('',(-5.75,-3.475,1.8));
#10799 = VECTOR('',#10800,1.);
#10800 = DIRECTION('',(1.,0.,0.));
#10801 = PCURVE('',#10023,#10802);
#10802 = DEFINITIONAL_REPRESENTATION('',(#10803),#10807);
#10803 = LINE('',#10804,#10805);
#10804 = CARTESIAN_POINT('',(1.2,0.));
#10805 = VECTOR('',#10806,1.);
#10806 = DIRECTION('',(0.,1.));
#10807 = ( GEOMETRIC_REPRESENTATION_CONTEXT(2) 
PARAMETRIC_REPRESENTATION_CONTEXT() REPRESENTATION_CONTEXT('2D SPACE',''
  ) );
#10808 = PCURVE('',#10051,#10809);
#10809 = DEFINITIONAL_REPRESENTATION('',(#10810),#10814);
#10810 = LINE('',#10811,#10812);
#10811 = CARTESIAN_POINT('',(0.,1.275));
#10812 = VECTOR('',#10813,1.);
#10813 = DIRECTION('',(1.,0.));
#10814 = ( GEOMETRIC_REPRESENTATION_CONTEXT(2) 
PARAMETRIC_REPRESENTATION_CONTEXT() REPRESENTATION_CONTEXT('2D SPACE',''
  ) );
#10815 = ORIENTED_EDGE('',*,*,#10816,.F.);
#10816 = EDGE_CURVE('',#10745,#10794,#10817,.T.);
#10817 = SURFACE_CURVE('',#10818,(#10822,#10829),.PCURVE_S1.);
#10818 = LINE('',#10819,#10820);
#10819 = CARTESIAN_POINT('',(5.75,-3.475,0.6));
#10820 = VECTOR('',#10821,1.);
#10821 = DIRECTION('',(0.,0.,1.));
#10822 = PCURVE('',#10023,#10823);
#10823 = DEFINITIONAL_REPRESENTATION('',(#10824),#10828);
#10824 = LINE('',#10825,#10826);
#10825 = CARTESIAN_POINT('',(0.,11.5));
#10826 = VECTOR('',#10827,1.);
#10827 = DIRECTION('',(1.,0.));
#10828 = ( GEOMETRIC_REPRESENTATION_CONTEXT(2) 
PARAMETRIC_REPRESENTATION_CONTEXT() REPRESENTATION_CONTEXT('2D SPACE',''
  ) );
#10829 = PCURVE('',#10629,#10830);
#10830 = DEFINITIONAL_REPRESENTATION('',(#10831),#10835);
#10831 = LINE('',#10832,#10833);
#10832 = CARTESIAN_POINT('',(-1.2,-1.275));
#10833 = VECTOR('',#10834,1.);
#10834 = DIRECTION('',(1.,0.));
#10835 = ( GEOMETRIC_REPRESENTATION_CONTEXT(2) 
PARAMETRIC_REPRESENTATION_CONTEXT() REPRESENTATION_CONTEXT('2D SPACE',''
  ) );
#10836 = ADVANCED_FACE('',(#10837),#10051,.F.);
#10837 = FACE_BOUND('',#10838,.F.);
#10838 = EDGE_LOOP('',(#10839,#10840,#10841,#10864));
#10839 = ORIENTED_EDGE('',*,*,#10035,.F.);
#10840 = ORIENTED_EDGE('',*,*,#10793,.T.);
#10841 = ORIENTED_EDGE('',*,*,#10842,.T.);
#10842 = EDGE_CURVE('',#10794,#10843,#10845,.T.);
#10843 = VERTEX_POINT('',#10844);
#10844 = CARTESIAN_POINT('',(5.75,-2.225,1.8));
#10845 = SURFACE_CURVE('',#10846,(#10850,#10857),.PCURVE_S1.);
#10846 = LINE('',#10847,#10848);
#10847 = CARTESIAN_POINT('',(5.75,-4.75,1.8));
#10848 = VECTOR('',#10849,1.);
#10849 = DIRECTION('',(0.,1.,0.));
#10850 = PCURVE('',#10051,#10851);
#10851 = DEFINITIONAL_REPRESENTATION('',(#10852),#10856);
#10852 = LINE('',#10853,#10854);
#10853 = CARTESIAN_POINT('',(11.5,0.));
#10854 = VECTOR('',#10855,1.);
#10855 = DIRECTION('',(0.,1.));
#10856 = ( GEOMETRIC_REPRESENTATION_CONTEXT(2) 
PARAMETRIC_REPRESENTATION_CONTEXT() REPRESENTATION_CONTEXT('2D SPACE',''
  ) );
#10857 = PCURVE('',#10629,#10858);
#10858 = DEFINITIONAL_REPRESENTATION('',(#10859),#10863);
#10859 = LINE('',#10860,#10861);
#10860 = CARTESIAN_POINT('',(0.,0.));
#10861 = VECTOR('',#10862,1.);
#10862 = DIRECTION('',(0.,-1.));
#10863 = ( GEOMETRIC_REPRESENTATION_CONTEXT(2) 
PARAMETRIC_REPRESENTATION_CONTEXT() REPRESENTATION_CONTEXT('2D SPACE',''
  ) );
#10864 = ORIENTED_EDGE('',*,*,#10865,.F.);
#10865 = EDGE_CURVE('',#10036,#10843,#10866,.T.);
#10866 = SURFACE_CURVE('',#10867,(#10871,#10878),.PCURVE_S1.);
#10867 = LINE('',#10868,#10869);
#10868 = CARTESIAN_POINT('',(-5.75,-2.225,1.8));
#10869 = VECTOR('',#10870,1.);
#10870 = DIRECTION('',(1.,0.,0.));
#10871 = PCURVE('',#10051,#10872);
#10872 = DEFINITIONAL_REPRESENTATION('',(#10873),#10877);
#10873 = LINE('',#10874,#10875);
#10874 = CARTESIAN_POINT('',(0.,2.525));
#10875 = VECTOR('',#10876,1.);
#10876 = DIRECTION('',(1.,0.));
#10877 = ( GEOMETRIC_REPRESENTATION_CONTEXT(2) 
PARAMETRIC_REPRESENTATION_CONTEXT() REPRESENTATION_CONTEXT('2D SPACE',''
  ) );
#10878 = PCURVE('',#10079,#10879);
#10879 = DEFINITIONAL_REPRESENTATION('',(#10880),#10884);
#10880 = LINE('',#10881,#10882);
#10881 = CARTESIAN_POINT('',(1.2,0.));
#10882 = VECTOR('',#10883,1.);
#10883 = DIRECTION('',(0.,1.));
#10884 = ( GEOMETRIC_REPRESENTATION_CONTEXT(2) 
PARAMETRIC_REPRESENTATION_CONTEXT() REPRESENTATION_CONTEXT('2D SPACE',''
  ) );
#10885 = ADVANCED_FACE('',(#10886),#10079,.F.);
#10886 = FACE_BOUND('',#10887,.F.);
#10887 = EDGE_LOOP('',(#10888,#10911,#10912,#10913));
#10888 = ORIENTED_EDGE('',*,*,#10889,.F.);
#10889 = EDGE_CURVE('',#10064,#10890,#10892,.T.);
#10890 = VERTEX_POINT('',#10891);
#10891 = CARTESIAN_POINT('',(5.75,-2.225,0.6));
#10892 = SURFACE_CURVE('',#10893,(#10897,#10904),.PCURVE_S1.);
#10893 = LINE('',#10894,#10895);
#10894 = CARTESIAN_POINT('',(-5.75,-2.225,0.6));
#10895 = VECTOR('',#10896,1.);
#10896 = DIRECTION('',(1.,0.,0.));
#10897 = PCURVE('',#10079,#10898);
#10898 = DEFINITIONAL_REPRESENTATION('',(#10899),#10903);
#10899 = LINE('',#10900,#10901);
#10900 = CARTESIAN_POINT('',(0.,0.));
#10901 = VECTOR('',#10902,1.);
#10902 = DIRECTION('',(0.,1.));
#10903 = ( GEOMETRIC_REPRESENTATION_CONTEXT(2) 
PARAMETRIC_REPRESENTATION_CONTEXT() REPRESENTATION_CONTEXT('2D SPACE',''
  ) );
#10904 = PCURVE('',#10107,#10905);
#10905 = DEFINITIONAL_REPRESENTATION('',(#10906),#10910);
#10906 = LINE('',#10907,#10908);
#10907 = CARTESIAN_POINT('',(0.,0.));
#10908 = VECTOR('',#10909,1.);
#10909 = DIRECTION('',(1.,0.));
#10910 = ( GEOMETRIC_REPRESENTATION_CONTEXT(2) 
PARAMETRIC_REPRESENTATION_CONTEXT() REPRESENTATION_CONTEXT('2D SPACE',''
  ) );
#10911 = ORIENTED_EDGE('',*,*,#10063,.T.);
#10912 = ORIENTED_EDGE('',*,*,#10865,.T.);
#10913 = ORIENTED_EDGE('',*,*,#10914,.F.);
#10914 = EDGE_CURVE('',#10890,#10843,#10915,.T.);
#10915 = SURFACE_CURVE('',#10916,(#10920,#10927),.PCURVE_S1.);
#10916 = LINE('',#10917,#10918);
#10917 = CARTESIAN_POINT('',(5.75,-2.225,0.6));
#10918 = VECTOR('',#10919,1.);
#10919 = DIRECTION('',(0.,0.,1.));
#10920 = PCURVE('',#10079,#10921);
#10921 = DEFINITIONAL_REPRESENTATION('',(#10922),#10926);
#10922 = LINE('',#10923,#10924);
#10923 = CARTESIAN_POINT('',(0.,11.5));
#10924 = VECTOR('',#10925,1.);
#10925 = DIRECTION('',(1.,0.));
#10926 = ( GEOMETRIC_REPRESENTATION_CONTEXT(2) 
PARAMETRIC_REPRESENTATION_CONTEXT() REPRESENTATION_CONTEXT('2D SPACE',''
  ) );
#10927 = PCURVE('',#10629,#10928);
#10928 = DEFINITIONAL_REPRESENTATION('',(#10929),#10933);
#10929 = LINE('',#10930,#10931);
#10930 = CARTESIAN_POINT('',(-1.2,-2.525));
#10931 = VECTOR('',#10932,1.);
#10932 = DIRECTION('',(1.,0.));
#10933 = ( GEOMETRIC_REPRESENTATION_CONTEXT(2) 
PARAMETRIC_REPRESENTATION_CONTEXT() REPRESENTATION_CONTEXT('2D SPACE',''
  ) );
#10934 = ADVANCED_FACE('',(#10935),#10107,.F.);
#10935 = FACE_BOUND('',#10936,.F.);
#10936 = EDGE_LOOP('',(#10937,#10938,#10939,#10962));
#10937 = ORIENTED_EDGE('',*,*,#10091,.F.);
#10938 = ORIENTED_EDGE('',*,*,#10889,.T.);
#10939 = ORIENTED_EDGE('',*,*,#10940,.T.);
#10940 = EDGE_CURVE('',#10890,#10941,#10943,.T.);
#10941 = VERTEX_POINT('',#10942);
#10942 = CARTESIAN_POINT('',(5.75,-1.575,0.6));
#10943 = SURFACE_CURVE('',#10944,(#10948,#10955),.PCURVE_S1.);
#10944 = LINE('',#10945,#10946);
#10945 = CARTESIAN_POINT('',(5.75,-2.225,0.6));
#10946 = VECTOR('',#10947,1.);
#10947 = DIRECTION('',(0.,1.,0.));
#10948 = PCURVE('',#10107,#10949);
#10949 = DEFINITIONAL_REPRESENTATION('',(#10950),#10954);
#10950 = LINE('',#10951,#10952);
#10951 = CARTESIAN_POINT('',(11.5,0.));
#10952 = VECTOR('',#10953,1.);
#10953 = DIRECTION('',(0.,1.));
#10954 = ( GEOMETRIC_REPRESENTATION_CONTEXT(2) 
PARAMETRIC_REPRESENTATION_CONTEXT() REPRESENTATION_CONTEXT('2D SPACE',''
  ) );
#10955 = PCURVE('',#10629,#10956);
#10956 = DEFINITIONAL_REPRESENTATION('',(#10957),#10961);
#10957 = LINE('',#10958,#10959);
#10958 = CARTESIAN_POINT('',(-1.2,-2.525));
#10959 = VECTOR('',#10960,1.);
#10960 = DIRECTION('',(0.,-1.));
#10961 = ( GEOMETRIC_REPRESENTATION_CONTEXT(2) 
PARAMETRIC_REPRESENTATION_CONTEXT() REPRESENTATION_CONTEXT('2D SPACE',''
  ) );
#10962 = ORIENTED_EDGE('',*,*,#10963,.F.);
#10963 = EDGE_CURVE('',#10092,#10941,#10964,.T.);
#10964 = SURFACE_CURVE('',#10965,(#10969,#10976),.PCURVE_S1.);
#10965 = LINE('',#10966,#10967);
#10966 = CARTESIAN_POINT('',(-5.75,-1.575,0.6));
#10967 = VECTOR('',#10968,1.);
#10968 = DIRECTION('',(1.,0.,0.));
#10969 = PCURVE('',#10107,#10970);
#10970 = DEFINITIONAL_REPRESENTATION('',(#10971),#10975);
#10971 = LINE('',#10972,#10973);
#10972 = CARTESIAN_POINT('',(0.,0.65));
#10973 = VECTOR('',#10974,1.);
#10974 = DIRECTION('',(1.,0.));
#10975 = ( GEOMETRIC_REPRESENTATION_CONTEXT(2) 
PARAMETRIC_REPRESENTATION_CONTEXT() REPRESENTATION_CONTEXT('2D SPACE',''
  ) );
#10976 = PCURVE('',#10135,#10977);
#10977 = DEFINITIONAL_REPRESENTATION('',(#10978),#10982);
#10978 = LINE('',#10979,#10980);
#10979 = CARTESIAN_POINT('',(0.,0.));
#10980 = VECTOR('',#10981,1.);
#10981 = DIRECTION('',(0.,1.));
#10982 = ( GEOMETRIC_REPRESENTATION_CONTEXT(2) 
PARAMETRIC_REPRESENTATION_CONTEXT() REPRESENTATION_CONTEXT('2D SPACE',''
  ) );
#10983 = ADVANCED_FACE('',(#10984),#10135,.T.);
#10984 = FACE_BOUND('',#10985,.T.);
#10985 = EDGE_LOOP('',(#10986,#10987,#10988,#11011));
#10986 = ORIENTED_EDGE('',*,*,#10963,.F.);
#10987 = ORIENTED_EDGE('',*,*,#10119,.T.);
#10988 = ORIENTED_EDGE('',*,*,#10989,.T.);
#10989 = EDGE_CURVE('',#10120,#10990,#10992,.T.);
#10990 = VERTEX_POINT('',#10991);
#10991 = CARTESIAN_POINT('',(5.75,-1.575,1.8));
#10992 = SURFACE_CURVE('',#10993,(#10997,#11004),.PCURVE_S1.);
#10993 = LINE('',#10994,#10995);
#10994 = CARTESIAN_POINT('',(-5.75,-1.575,1.8));
#10995 = VECTOR('',#10996,1.);
#10996 = DIRECTION('',(1.,0.,0.));
#10997 = PCURVE('',#10135,#10998);
#10998 = DEFINITIONAL_REPRESENTATION('',(#10999),#11003);
#10999 = LINE('',#11000,#11001);
#11000 = CARTESIAN_POINT('',(1.2,0.));
#11001 = VECTOR('',#11002,1.);
#11002 = DIRECTION('',(0.,1.));
#11003 = ( GEOMETRIC_REPRESENTATION_CONTEXT(2) 
PARAMETRIC_REPRESENTATION_CONTEXT() REPRESENTATION_CONTEXT('2D SPACE',''
  ) );
#11004 = PCURVE('',#10163,#11005);
#11005 = DEFINITIONAL_REPRESENTATION('',(#11006),#11010);
#11006 = LINE('',#11007,#11008);
#11007 = CARTESIAN_POINT('',(0.,3.175));
#11008 = VECTOR('',#11009,1.);
#11009 = DIRECTION('',(1.,0.));
#11010 = ( GEOMETRIC_REPRESENTATION_CONTEXT(2) 
PARAMETRIC_REPRESENTATION_CONTEXT() REPRESENTATION_CONTEXT('2D SPACE',''
  ) );
#11011 = ORIENTED_EDGE('',*,*,#11012,.F.);
#11012 = EDGE_CURVE('',#10941,#10990,#11013,.T.);
#11013 = SURFACE_CURVE('',#11014,(#11018,#11025),.PCURVE_S1.);
#11014 = LINE('',#11015,#11016);
#11015 = CARTESIAN_POINT('',(5.75,-1.575,0.6));
#11016 = VECTOR('',#11017,1.);
#11017 = DIRECTION('',(0.,0.,1.));
#11018 = PCURVE('',#10135,#11019);
#11019 = DEFINITIONAL_REPRESENTATION('',(#11020),#11024);
#11020 = LINE('',#11021,#11022);
#11021 = CARTESIAN_POINT('',(0.,11.5));
#11022 = VECTOR('',#11023,1.);
#11023 = DIRECTION('',(1.,0.));
#11024 = ( GEOMETRIC_REPRESENTATION_CONTEXT(2) 
PARAMETRIC_REPRESENTATION_CONTEXT() REPRESENTATION_CONTEXT('2D SPACE',''
  ) );
#11025 = PCURVE('',#10629,#11026);
#11026 = DEFINITIONAL_REPRESENTATION('',(#11027),#11031);
#11027 = LINE('',#11028,#11029);
#11028 = CARTESIAN_POINT('',(-1.2,-3.175));
#11029 = VECTOR('',#11030,1.);
#11030 = DIRECTION('',(1.,0.));
#11031 = ( GEOMETRIC_REPRESENTATION_CONTEXT(2) 
PARAMETRIC_REPRESENTATION_CONTEXT() REPRESENTATION_CONTEXT('2D SPACE',''
  ) );
#11032 = ADVANCED_FACE('',(#11033),#10163,.F.);
#11033 = FACE_BOUND('',#11034,.F.);
#11034 = EDGE_LOOP('',(#11035,#11036,#11037,#11060));
#11035 = ORIENTED_EDGE('',*,*,#10147,.F.);
#11036 = ORIENTED_EDGE('',*,*,#10989,.T.);
#11037 = ORIENTED_EDGE('',*,*,#11038,.T.);
#11038 = EDGE_CURVE('',#10990,#11039,#11041,.T.);
#11039 = VERTEX_POINT('',#11040);
#11040 = CARTESIAN_POINT('',(5.75,-0.325,1.8));
#11041 = SURFACE_CURVE('',#11042,(#11046,#11053),.PCURVE_S1.);
#11042 = LINE('',#11043,#11044);
#11043 = CARTESIAN_POINT('',(5.75,-4.75,1.8));
#11044 = VECTOR('',#11045,1.);
#11045 = DIRECTION('',(0.,1.,0.));
#11046 = PCURVE('',#10163,#11047);
#11047 = DEFINITIONAL_REPRESENTATION('',(#11048),#11052);
#11048 = LINE('',#11049,#11050);
#11049 = CARTESIAN_POINT('',(11.5,0.));
#11050 = VECTOR('',#11051,1.);
#11051 = DIRECTION('',(0.,1.));
#11052 = ( GEOMETRIC_REPRESENTATION_CONTEXT(2) 
PARAMETRIC_REPRESENTATION_CONTEXT() REPRESENTATION_CONTEXT('2D SPACE',''
  ) );
#11053 = PCURVE('',#10629,#11054);
#11054 = DEFINITIONAL_REPRESENTATION('',(#11055),#11059);
#11055 = LINE('',#11056,#11057);
#11056 = CARTESIAN_POINT('',(0.,0.));
#11057 = VECTOR('',#11058,1.);
#11058 = DIRECTION('',(0.,-1.));
#11059 = ( GEOMETRIC_REPRESENTATION_CONTEXT(2) 
PARAMETRIC_REPRESENTATION_CONTEXT() REPRESENTATION_CONTEXT('2D SPACE',''
  ) );
#11060 = ORIENTED_EDGE('',*,*,#11061,.F.);
#11061 = EDGE_CURVE('',#10148,#11039,#11062,.T.);
#11062 = SURFACE_CURVE('',#11063,(#11067,#11074),.PCURVE_S1.);
#11063 = LINE('',#11064,#11065);
#11064 = CARTESIAN_POINT('',(-5.75,-0.325,1.8));
#11065 = VECTOR('',#11066,1.);
#11066 = DIRECTION('',(1.,0.,0.));
#11067 = PCURVE('',#10163,#11068);
#11068 = DEFINITIONAL_REPRESENTATION('',(#11069),#11073);
#11069 = LINE('',#11070,#11071);
#11070 = CARTESIAN_POINT('',(0.,4.425));
#11071 = VECTOR('',#11072,1.);
#11072 = DIRECTION('',(1.,0.));
#11073 = ( GEOMETRIC_REPRESENTATION_CONTEXT(2) 
PARAMETRIC_REPRESENTATION_CONTEXT() REPRESENTATION_CONTEXT('2D SPACE',''
  ) );
#11074 = PCURVE('',#10191,#11075);
#11075 = DEFINITIONAL_REPRESENTATION('',(#11076),#11080);
#11076 = LINE('',#11077,#11078);
#11077 = CARTESIAN_POINT('',(1.2,0.));
#11078 = VECTOR('',#11079,1.);
#11079 = DIRECTION('',(0.,1.));
#11080 = ( GEOMETRIC_REPRESENTATION_CONTEXT(2) 
PARAMETRIC_REPRESENTATION_CONTEXT() REPRESENTATION_CONTEXT('2D SPACE',''
  ) );
#11081 = ADVANCED_FACE('',(#11082),#10191,.F.);
#11082 = FACE_BOUND('',#11083,.F.);
#11083 = EDGE_LOOP('',(#11084,#11107,#11108,#11109));
#11084 = ORIENTED_EDGE('',*,*,#11085,.F.);
#11085 = EDGE_CURVE('',#10176,#11086,#11088,.T.);
#11086 = VERTEX_POINT('',#11087);
#11087 = CARTESIAN_POINT('',(5.75,-0.325,0.6));
#11088 = SURFACE_CURVE('',#11089,(#11093,#11100),.PCURVE_S1.);
#11089 = LINE('',#11090,#11091);
#11090 = CARTESIAN_POINT('',(-5.75,-0.325,0.6));
#11091 = VECTOR('',#11092,1.);
#11092 = DIRECTION('',(1.,0.,0.));
#11093 = PCURVE('',#10191,#11094);
#11094 = DEFINITIONAL_REPRESENTATION('',(#11095),#11099);
#11095 = LINE('',#11096,#11097);
#11096 = CARTESIAN_POINT('',(0.,0.));
#11097 = VECTOR('',#11098,1.);
#11098 = DIRECTION('',(0.,1.));
#11099 = ( GEOMETRIC_REPRESENTATION_CONTEXT(2) 
PARAMETRIC_REPRESENTATION_CONTEXT() REPRESENTATION_CONTEXT('2D SPACE',''
  ) );
#11100 = PCURVE('',#10219,#11101);
#11101 = DEFINITIONAL_REPRESENTATION('',(#11102),#11106);
#11102 = LINE('',#11103,#11104);
#11103 = CARTESIAN_POINT('',(0.,0.));
#11104 = VECTOR('',#11105,1.);
#11105 = DIRECTION('',(1.,0.));
#11106 = ( GEOMETRIC_REPRESENTATION_CONTEXT(2) 
PARAMETRIC_REPRESENTATION_CONTEXT() REPRESENTATION_CONTEXT('2D SPACE',''
  ) );
#11107 = ORIENTED_EDGE('',*,*,#10175,.T.);
#11108 = ORIENTED_EDGE('',*,*,#11061,.T.);
#11109 = ORIENTED_EDGE('',*,*,#11110,.F.);
#11110 = EDGE_CURVE('',#11086,#11039,#11111,.T.);
#11111 = SURFACE_CURVE('',#11112,(#11116,#11123),.PCURVE_S1.);
#11112 = LINE('',#11113,#11114);
#11113 = CARTESIAN_POINT('',(5.75,-0.325,0.6));
#11114 = VECTOR('',#11115,1.);
#11115 = DIRECTION('',(0.,0.,1.));
#11116 = PCURVE('',#10191,#11117);
#11117 = DEFINITIONAL_REPRESENTATION('',(#11118),#11122);
#11118 = LINE('',#11119,#11120);
#11119 = CARTESIAN_POINT('',(0.,11.5));
#11120 = VECTOR('',#11121,1.);
#11121 = DIRECTION('',(1.,0.));
#11122 = ( GEOMETRIC_REPRESENTATION_CONTEXT(2) 
PARAMETRIC_REPRESENTATION_CONTEXT() REPRESENTATION_CONTEXT('2D SPACE',''
  ) );
#11123 = PCURVE('',#10629,#11124);
#11124 = DEFINITIONAL_REPRESENTATION('',(#11125),#11129);
#11125 = LINE('',#11126,#11127);
#11126 = CARTESIAN_POINT('',(-1.2,-4.425));
#11127 = VECTOR('',#11128,1.);
#11128 = DIRECTION('',(1.,0.));
#11129 = ( GEOMETRIC_REPRESENTATION_CONTEXT(2) 
PARAMETRIC_REPRESENTATION_CONTEXT() REPRESENTATION_CONTEXT('2D SPACE',''
  ) );
#11130 = ADVANCED_FACE('',(#11131),#10219,.F.);
#11131 = FACE_BOUND('',#11132,.F.);
#11132 = EDGE_LOOP('',(#11133,#11134,#11135,#11158));
#11133 = ORIENTED_EDGE('',*,*,#10203,.F.);
#11134 = ORIENTED_EDGE('',*,*,#11085,.T.);
#11135 = ORIENTED_EDGE('',*,*,#11136,.T.);
#11136 = EDGE_CURVE('',#11086,#11137,#11139,.T.);
#11137 = VERTEX_POINT('',#11138);
#11138 = CARTESIAN_POINT('',(5.75,0.325,0.6));
#11139 = SURFACE_CURVE('',#11140,(#11144,#11151),.PCURVE_S1.);
#11140 = LINE('',#11141,#11142);
#11141 = CARTESIAN_POINT('',(5.75,-0.325,0.6));
#11142 = VECTOR('',#11143,1.);
#11143 = DIRECTION('',(0.,1.,0.));
#11144 = PCURVE('',#10219,#11145);
#11145 = DEFINITIONAL_REPRESENTATION('',(#11146),#11150);
#11146 = LINE('',#11147,#11148);
#11147 = CARTESIAN_POINT('',(11.5,0.));
#11148 = VECTOR('',#11149,1.);
#11149 = DIRECTION('',(0.,1.));
#11150 = ( GEOMETRIC_REPRESENTATION_CONTEXT(2) 
PARAMETRIC_REPRESENTATION_CONTEXT() REPRESENTATION_CONTEXT('2D SPACE',''
  ) );
#11151 = PCURVE('',#10629,#11152);
#11152 = DEFINITIONAL_REPRESENTATION('',(#11153),#11157);
#11153 = LINE('',#11154,#11155);
#11154 = CARTESIAN_POINT('',(-1.2,-4.425));
#11155 = VECTOR('',#11156,1.);
#11156 = DIRECTION('',(0.,-1.));
#11157 = ( GEOMETRIC_REPRESENTATION_CONTEXT(2) 
PARAMETRIC_REPRESENTATION_CONTEXT() REPRESENTATION_CONTEXT('2D SPACE',''
  ) );
#11158 = ORIENTED_EDGE('',*,*,#11159,.F.);
#11159 = EDGE_CURVE('',#10204,#11137,#11160,.T.);
#11160 = SURFACE_CURVE('',#11161,(#11165,#11172),.PCURVE_S1.);
#11161 = LINE('',#11162,#11163);
#11162 = CARTESIAN_POINT('',(-5.75,0.325,0.6));
#11163 = VECTOR('',#11164,1.);
#11164 = DIRECTION('',(1.,0.,0.));
#11165 = PCURVE('',#10219,#11166);
#11166 = DEFINITIONAL_REPRESENTATION('',(#11167),#11171);
#11167 = LINE('',#11168,#11169);
#11168 = CARTESIAN_POINT('',(0.,0.65));
#11169 = VECTOR('',#11170,1.);
#11170 = DIRECTION('',(1.,0.));
#11171 = ( GEOMETRIC_REPRESENTATION_CONTEXT(2) 
PARAMETRIC_REPRESENTATION_CONTEXT() REPRESENTATION_CONTEXT('2D SPACE',''
  ) );
#11172 = PCURVE('',#10247,#11173);
#11173 = DEFINITIONAL_REPRESENTATION('',(#11174),#11178);
#11174 = LINE('',#11175,#11176);
#11175 = CARTESIAN_POINT('',(0.,0.));
#11176 = VECTOR('',#11177,1.);
#11177 = DIRECTION('',(0.,1.));
#11178 = ( GEOMETRIC_REPRESENTATION_CONTEXT(2) 
PARAMETRIC_REPRESENTATION_CONTEXT() REPRESENTATION_CONTEXT('2D SPACE',''
  ) );
#11179 = ADVANCED_FACE('',(#11180),#10247,.T.);
#11180 = FACE_BOUND('',#11181,.T.);
#11181 = EDGE_LOOP('',(#11182,#11183,#11184,#11207));
#11182 = ORIENTED_EDGE('',*,*,#11159,.F.);
#11183 = ORIENTED_EDGE('',*,*,#10231,.T.);
#11184 = ORIENTED_EDGE('',*,*,#11185,.T.);
#11185 = EDGE_CURVE('',#10232,#11186,#11188,.T.);
#11186 = VERTEX_POINT('',#11187);
#11187 = CARTESIAN_POINT('',(5.75,0.325,1.8));
#11188 = SURFACE_CURVE('',#11189,(#11193,#11200),.PCURVE_S1.);
#11189 = LINE('',#11190,#11191);
#11190 = CARTESIAN_POINT('',(-5.75,0.325,1.8));
#11191 = VECTOR('',#11192,1.);
#11192 = DIRECTION('',(1.,0.,0.));
#11193 = PCURVE('',#10247,#11194);
#11194 = DEFINITIONAL_REPRESENTATION('',(#11195),#11199);
#11195 = LINE('',#11196,#11197);
#11196 = CARTESIAN_POINT('',(1.2,0.));
#11197 = VECTOR('',#11198,1.);
#11198 = DIRECTION('',(0.,1.));
#11199 = ( GEOMETRIC_REPRESENTATION_CONTEXT(2) 
PARAMETRIC_REPRESENTATION_CONTEXT() REPRESENTATION_CONTEXT('2D SPACE',''
  ) );
#11200 = PCURVE('',#10275,#11201);
#11201 = DEFINITIONAL_REPRESENTATION('',(#11202),#11206);
#11202 = LINE('',#11203,#11204);
#11203 = CARTESIAN_POINT('',(0.,5.075));
#11204 = VECTOR('',#11205,1.);
#11205 = DIRECTION('',(1.,0.));
#11206 = ( GEOMETRIC_REPRESENTATION_CONTEXT(2) 
PARAMETRIC_REPRESENTATION_CONTEXT() REPRESENTATION_CONTEXT('2D SPACE',''
  ) );
#11207 = ORIENTED_EDGE('',*,*,#11208,.F.);
#11208 = EDGE_CURVE('',#11137,#11186,#11209,.T.);
#11209 = SURFACE_CURVE('',#11210,(#11214,#11221),.PCURVE_S1.);
#11210 = LINE('',#11211,#11212);
#11211 = CARTESIAN_POINT('',(5.75,0.325,0.6));
#11212 = VECTOR('',#11213,1.);
#11213 = DIRECTION('',(0.,0.,1.));
#11214 = PCURVE('',#10247,#11215);
#11215 = DEFINITIONAL_REPRESENTATION('',(#11216),#11220);
#11216 = LINE('',#11217,#11218);
#11217 = CARTESIAN_POINT('',(0.,11.5));
#11218 = VECTOR('',#11219,1.);
#11219 = DIRECTION('',(1.,0.));
#11220 = ( GEOMETRIC_REPRESENTATION_CONTEXT(2) 
PARAMETRIC_REPRESENTATION_CONTEXT() REPRESENTATION_CONTEXT('2D SPACE',''
  ) );
#11221 = PCURVE('',#10629,#11222);
#11222 = DEFINITIONAL_REPRESENTATION('',(#11223),#11227);
#11223 = LINE('',#11224,#11225);
#11224 = CARTESIAN_POINT('',(-1.2,-5.075));
#11225 = VECTOR('',#11226,1.);
#11226 = DIRECTION('',(1.,0.));
#11227 = ( GEOMETRIC_REPRESENTATION_CONTEXT(2) 
PARAMETRIC_REPRESENTATION_CONTEXT() REPRESENTATION_CONTEXT('2D SPACE',''
  ) );
#11228 = ADVANCED_FACE('',(#11229),#10275,.F.);
#11229 = FACE_BOUND('',#11230,.F.);
#11230 = EDGE_LOOP('',(#11231,#11232,#11233,#11256));
#11231 = ORIENTED_EDGE('',*,*,#10259,.F.);
#11232 = ORIENTED_EDGE('',*,*,#11185,.T.);
#11233 = ORIENTED_EDGE('',*,*,#11234,.T.);
#11234 = EDGE_CURVE('',#11186,#11235,#11237,.T.);
#11235 = VERTEX_POINT('',#11236);
#11236 = CARTESIAN_POINT('',(5.75,1.575,1.8));
#11237 = SURFACE_CURVE('',#11238,(#11242,#11249),.PCURVE_S1.);
#11238 = LINE('',#11239,#11240);
#11239 = CARTESIAN_POINT('',(5.75,-4.75,1.8));
#11240 = VECTOR('',#11241,1.);
#11241 = DIRECTION('',(0.,1.,0.));
#11242 = PCURVE('',#10275,#11243);
#11243 = DEFINITIONAL_REPRESENTATION('',(#11244),#11248);
#11244 = LINE('',#11245,#11246);
#11245 = CARTESIAN_POINT('',(11.5,0.));
#11246 = VECTOR('',#11247,1.);
#11247 = DIRECTION('',(0.,1.));
#11248 = ( GEOMETRIC_REPRESENTATION_CONTEXT(2) 
PARAMETRIC_REPRESENTATION_CONTEXT() REPRESENTATION_CONTEXT('2D SPACE',''
  ) );
#11249 = PCURVE('',#10629,#11250);
#11250 = DEFINITIONAL_REPRESENTATION('',(#11251),#11255);
#11251 = LINE('',#11252,#11253);
#11252 = CARTESIAN_POINT('',(0.,0.));
#11253 = VECTOR('',#11254,1.);
#11254 = DIRECTION('',(0.,-1.));
#11255 = ( GEOMETRIC_REPRESENTATION_CONTEXT(2) 
PARAMETRIC_REPRESENTATION_CONTEXT() REPRESENTATION_CONTEXT('2D SPACE',''
  ) );
#11256 = ORIENTED_EDGE('',*,*,#11257,.F.);
#11257 = EDGE_CURVE('',#10260,#11235,#11258,.T.);
#11258 = SURFACE_CURVE('',#11259,(#11263,#11270),.PCURVE_S1.);
#11259 = LINE('',#11260,#11261);
#11260 = CARTESIAN_POINT('',(-5.75,1.575,1.8));
#11261 = VECTOR('',#11262,1.);
#11262 = DIRECTION('',(1.,0.,0.));
#11263 = PCURVE('',#10275,#11264);
#11264 = DEFINITIONAL_REPRESENTATION('',(#11265),#11269);
#11265 = LINE('',#11266,#11267);
#11266 = CARTESIAN_POINT('',(0.,6.325));
#11267 = VECTOR('',#11268,1.);
#11268 = DIRECTION('',(1.,0.));
#11269 = ( GEOMETRIC_REPRESENTATION_CONTEXT(2) 
PARAMETRIC_REPRESENTATION_CONTEXT() REPRESENTATION_CONTEXT('2D SPACE',''
  ) );
#11270 = PCURVE('',#10303,#11271);
#11271 = DEFINITIONAL_REPRESENTATION('',(#11272),#11276);
#11272 = LINE('',#11273,#11274);
#11273 = CARTESIAN_POINT('',(1.2,0.));
#11274 = VECTOR('',#11275,1.);
#11275 = DIRECTION('',(0.,1.));
#11276 = ( GEOMETRIC_REPRESENTATION_CONTEXT(2) 
PARAMETRIC_REPRESENTATION_CONTEXT() REPRESENTATION_CONTEXT('2D SPACE',''
  ) );
#11277 = ADVANCED_FACE('',(#11278),#10303,.F.);
#11278 = FACE_BOUND('',#11279,.F.);
#11279 = EDGE_LOOP('',(#11280,#11303,#11304,#11305));
#11280 = ORIENTED_EDGE('',*,*,#11281,.F.);
#11281 = EDGE_CURVE('',#10288,#11282,#11284,.T.);
#11282 = VERTEX_POINT('',#11283);
#11283 = CARTESIAN_POINT('',(5.75,1.575,0.6));
#11284 = SURFACE_CURVE('',#11285,(#11289,#11296),.PCURVE_S1.);
#11285 = LINE('',#11286,#11287);
#11286 = CARTESIAN_POINT('',(-5.75,1.575,0.6));
#11287 = VECTOR('',#11288,1.);
#11288 = DIRECTION('',(1.,0.,0.));
#11289 = PCURVE('',#10303,#11290);
#11290 = DEFINITIONAL_REPRESENTATION('',(#11291),#11295);
#11291 = LINE('',#11292,#11293);
#11292 = CARTESIAN_POINT('',(0.,0.));
#11293 = VECTOR('',#11294,1.);
#11294 = DIRECTION('',(0.,1.));
#11295 = ( GEOMETRIC_REPRESENTATION_CONTEXT(2) 
PARAMETRIC_REPRESENTATION_CONTEXT() REPRESENTATION_CONTEXT('2D SPACE',''
  ) );
#11296 = PCURVE('',#10331,#11297);
#11297 = DEFINITIONAL_REPRESENTATION('',(#11298),#11302);
#11298 = LINE('',#11299,#11300);
#11299 = CARTESIAN_POINT('',(0.,0.));
#11300 = VECTOR('',#11301,1.);
#11301 = DIRECTION('',(1.,0.));
#11302 = ( GEOMETRIC_REPRESENTATION_CONTEXT(2) 
PARAMETRIC_REPRESENTATION_CONTEXT() REPRESENTATION_CONTEXT('2D SPACE',''
  ) );
#11303 = ORIENTED_EDGE('',*,*,#10287,.T.);
#11304 = ORIENTED_EDGE('',*,*,#11257,.T.);
#11305 = ORIENTED_EDGE('',*,*,#11306,.F.);
#11306 = EDGE_CURVE('',#11282,#11235,#11307,.T.);
#11307 = SURFACE_CURVE('',#11308,(#11312,#11319),.PCURVE_S1.);
#11308 = LINE('',#11309,#11310);
#11309 = CARTESIAN_POINT('',(5.75,1.575,0.6));
#11310 = VECTOR('',#11311,1.);
#11311 = DIRECTION('',(0.,0.,1.));
#11312 = PCURVE('',#10303,#11313);
#11313 = DEFINITIONAL_REPRESENTATION('',(#11314),#11318);
#11314 = LINE('',#11315,#11316);
#11315 = CARTESIAN_POINT('',(0.,11.5));
#11316 = VECTOR('',#11317,1.);
#11317 = DIRECTION('',(1.,0.));
#11318 = ( GEOMETRIC_REPRESENTATION_CONTEXT(2) 
PARAMETRIC_REPRESENTATION_CONTEXT() REPRESENTATION_CONTEXT('2D SPACE',''
  ) );
#11319 = PCURVE('',#10629,#11320);
#11320 = DEFINITIONAL_REPRESENTATION('',(#11321),#11325);
#11321 = LINE('',#11322,#11323);
#11322 = CARTESIAN_POINT('',(-1.2,-6.325));
#11323 = VECTOR('',#11324,1.);
#11324 = DIRECTION('',(1.,0.));
#11325 = ( GEOMETRIC_REPRESENTATION_CONTEXT(2) 
PARAMETRIC_REPRESENTATION_CONTEXT() REPRESENTATION_CONTEXT('2D SPACE',''
  ) );
#11326 = ADVANCED_FACE('',(#11327),#10331,.F.);
#11327 = FACE_BOUND('',#11328,.F.);
#11328 = EDGE_LOOP('',(#11329,#11330,#11331,#11354));
#11329 = ORIENTED_EDGE('',*,*,#10315,.F.);
#11330 = ORIENTED_EDGE('',*,*,#11281,.T.);
#11331 = ORIENTED_EDGE('',*,*,#11332,.T.);
#11332 = EDGE_CURVE('',#11282,#11333,#11335,.T.);
#11333 = VERTEX_POINT('',#11334);
#11334 = CARTESIAN_POINT('',(5.75,2.225,0.6));
#11335 = SURFACE_CURVE('',#11336,(#11340,#11347),.PCURVE_S1.);
#11336 = LINE('',#11337,#11338);
#11337 = CARTESIAN_POINT('',(5.75,1.575,0.6));
#11338 = VECTOR('',#11339,1.);
#11339 = DIRECTION('',(0.,1.,0.));
#11340 = PCURVE('',#10331,#11341);
#11341 = DEFINITIONAL_REPRESENTATION('',(#11342),#11346);
#11342 = LINE('',#11343,#11344);
#11343 = CARTESIAN_POINT('',(11.5,0.));
#11344 = VECTOR('',#11345,1.);
#11345 = DIRECTION('',(0.,1.));
#11346 = ( GEOMETRIC_REPRESENTATION_CONTEXT(2) 
PARAMETRIC_REPRESENTATION_CONTEXT() REPRESENTATION_CONTEXT('2D SPACE',''
  ) );
#11347 = PCURVE('',#10629,#11348);
#11348 = DEFINITIONAL_REPRESENTATION('',(#11349),#11353);
#11349 = LINE('',#11350,#11351);
#11350 = CARTESIAN_POINT('',(-1.2,-6.325));
#11351 = VECTOR('',#11352,1.);
#11352 = DIRECTION('',(0.,-1.));
#11353 = ( GEOMETRIC_REPRESENTATION_CONTEXT(2) 
PARAMETRIC_REPRESENTATION_CONTEXT() REPRESENTATION_CONTEXT('2D SPACE',''
  ) );
#11354 = ORIENTED_EDGE('',*,*,#11355,.F.);
#11355 = EDGE_CURVE('',#10316,#11333,#11356,.T.);
#11356 = SURFACE_CURVE('',#11357,(#11361,#11368),.PCURVE_S1.);
#11357 = LINE('',#11358,#11359);
#11358 = CARTESIAN_POINT('',(-5.75,2.225,0.6));
#11359 = VECTOR('',#11360,1.);
#11360 = DIRECTION('',(1.,0.,0.));
#11361 = PCURVE('',#10331,#11362);
#11362 = DEFINITIONAL_REPRESENTATION('',(#11363),#11367);
#11363 = LINE('',#11364,#11365);
#11364 = CARTESIAN_POINT('',(0.,0.65));
#11365 = VECTOR('',#11366,1.);
#11366 = DIRECTION('',(1.,0.));
#11367 = ( GEOMETRIC_REPRESENTATION_CONTEXT(2) 
PARAMETRIC_REPRESENTATION_CONTEXT() REPRESENTATION_CONTEXT('2D SPACE',''
  ) );
#11368 = PCURVE('',#10359,#11369);
#11369 = DEFINITIONAL_REPRESENTATION('',(#11370),#11374);
#11370 = LINE('',#11371,#11372);
#11371 = CARTESIAN_POINT('',(0.,0.));
#11372 = VECTOR('',#11373,1.);
#11373 = DIRECTION('',(0.,1.));
#11374 = ( GEOMETRIC_REPRESENTATION_CONTEXT(2) 
PARAMETRIC_REPRESENTATION_CONTEXT() REPRESENTATION_CONTEXT('2D SPACE',''
  ) );
#11375 = ADVANCED_FACE('',(#11376),#10359,.T.);
#11376 = FACE_BOUND('',#11377,.T.);
#11377 = EDGE_LOOP('',(#11378,#11379,#11380,#11403));
#11378 = ORIENTED_EDGE('',*,*,#11355,.F.);
#11379 = ORIENTED_EDGE('',*,*,#10343,.T.);
#11380 = ORIENTED_EDGE('',*,*,#11381,.T.);
#11381 = EDGE_CURVE('',#10344,#11382,#11384,.T.);
#11382 = VERTEX_POINT('',#11383);
#11383 = CARTESIAN_POINT('',(5.75,2.225,1.8));
#11384 = SURFACE_CURVE('',#11385,(#11389,#11396),.PCURVE_S1.);
#11385 = LINE('',#11386,#11387);
#11386 = CARTESIAN_POINT('',(-5.75,2.225,1.8));
#11387 = VECTOR('',#11388,1.);
#11388 = DIRECTION('',(1.,0.,0.));
#11389 = PCURVE('',#10359,#11390);
#11390 = DEFINITIONAL_REPRESENTATION('',(#11391),#11395);
#11391 = LINE('',#11392,#11393);
#11392 = CARTESIAN_POINT('',(1.2,0.));
#11393 = VECTOR('',#11394,1.);
#11394 = DIRECTION('',(0.,1.));
#11395 = ( GEOMETRIC_REPRESENTATION_CONTEXT(2) 
PARAMETRIC_REPRESENTATION_CONTEXT() REPRESENTATION_CONTEXT('2D SPACE',''
  ) );
#11396 = PCURVE('',#10387,#11397);
#11397 = DEFINITIONAL_REPRESENTATION('',(#11398),#11402);
#11398 = LINE('',#11399,#11400);
#11399 = CARTESIAN_POINT('',(0.,6.975));
#11400 = VECTOR('',#11401,1.);
#11401 = DIRECTION('',(1.,0.));
#11402 = ( GEOMETRIC_REPRESENTATION_CONTEXT(2) 
PARAMETRIC_REPRESENTATION_CONTEXT() REPRESENTATION_CONTEXT('2D SPACE',''
  ) );
#11403 = ORIENTED_EDGE('',*,*,#11404,.F.);
#11404 = EDGE_CURVE('',#11333,#11382,#11405,.T.);
#11405 = SURFACE_CURVE('',#11406,(#11410,#11417),.PCURVE_S1.);
#11406 = LINE('',#11407,#11408);
#11407 = CARTESIAN_POINT('',(5.75,2.225,0.6));
#11408 = VECTOR('',#11409,1.);
#11409 = DIRECTION('',(0.,0.,1.));
#11410 = PCURVE('',#10359,#11411);
#11411 = DEFINITIONAL_REPRESENTATION('',(#11412),#11416);
#11412 = LINE('',#11413,#11414);
#11413 = CARTESIAN_POINT('',(0.,11.5));
#11414 = VECTOR('',#11415,1.);
#11415 = DIRECTION('',(1.,0.));
#11416 = ( GEOMETRIC_REPRESENTATION_CONTEXT(2) 
PARAMETRIC_REPRESENTATION_CONTEXT() REPRESENTATION_CONTEXT('2D SPACE',''
  ) );
#11417 = PCURVE('',#10629,#11418);
#11418 = DEFINITIONAL_REPRESENTATION('',(#11419),#11423);
#11419 = LINE('',#11420,#11421);
#11420 = CARTESIAN_POINT('',(-1.2,-6.975));
#11421 = VECTOR('',#11422,1.);
#11422 = DIRECTION('',(1.,0.));
#11423 = ( GEOMETRIC_REPRESENTATION_CONTEXT(2) 
PARAMETRIC_REPRESENTATION_CONTEXT() REPRESENTATION_CONTEXT('2D SPACE',''
  ) );
#11424 = ADVANCED_FACE('',(#11425),#10387,.F.);
#11425 = FACE_BOUND('',#11426,.F.);
#11426 = EDGE_LOOP('',(#11427,#11428,#11429,#11452));
#11427 = ORIENTED_EDGE('',*,*,#10371,.F.);
#11428 = ORIENTED_EDGE('',*,*,#11381,.T.);
#11429 = ORIENTED_EDGE('',*,*,#11430,.T.);
#11430 = EDGE_CURVE('',#11382,#11431,#11433,.T.);
#11431 = VERTEX_POINT('',#11432);
#11432 = CARTESIAN_POINT('',(5.75,3.475,1.8));
#11433 = SURFACE_CURVE('',#11434,(#11438,#11445),.PCURVE_S1.);
#11434 = LINE('',#11435,#11436);
#11435 = CARTESIAN_POINT('',(5.75,-4.75,1.8));
#11436 = VECTOR('',#11437,1.);
#11437 = DIRECTION('',(0.,1.,0.));
#11438 = PCURVE('',#10387,#11439);
#11439 = DEFINITIONAL_REPRESENTATION('',(#11440),#11444);
#11440 = LINE('',#11441,#11442);
#11441 = CARTESIAN_POINT('',(11.5,0.));
#11442 = VECTOR('',#11443,1.);
#11443 = DIRECTION('',(0.,1.));
#11444 = ( GEOMETRIC_REPRESENTATION_CONTEXT(2) 
PARAMETRIC_REPRESENTATION_CONTEXT() REPRESENTATION_CONTEXT('2D SPACE',''
  ) );
#11445 = PCURVE('',#10629,#11446);
#11446 = DEFINITIONAL_REPRESENTATION('',(#11447),#11451);
#11447 = LINE('',#11448,#11449);
#11448 = CARTESIAN_POINT('',(0.,0.));
#11449 = VECTOR('',#11450,1.);
#11450 = DIRECTION('',(0.,-1.));
#11451 = ( GEOMETRIC_REPRESENTATION_CONTEXT(2) 
PARAMETRIC_REPRESENTATION_CONTEXT() REPRESENTATION_CONTEXT('2D SPACE',''
  ) );
#11452 = ORIENTED_EDGE('',*,*,#11453,.F.);
#11453 = EDGE_CURVE('',#10372,#11431,#11454,.T.);
#11454 = SURFACE_CURVE('',#11455,(#11459,#11466),.PCURVE_S1.);
#11455 = LINE('',#11456,#11457);
#11456 = CARTESIAN_POINT('',(-5.75,3.475,1.8));
#11457 = VECTOR('',#11458,1.);
#11458 = DIRECTION('',(1.,0.,0.));
#11459 = PCURVE('',#10387,#11460);
#11460 = DEFINITIONAL_REPRESENTATION('',(#11461),#11465);
#11461 = LINE('',#11462,#11463);
#11462 = CARTESIAN_POINT('',(0.,8.225));
#11463 = VECTOR('',#11464,1.);
#11464 = DIRECTION('',(1.,0.));
#11465 = ( GEOMETRIC_REPRESENTATION_CONTEXT(2) 
PARAMETRIC_REPRESENTATION_CONTEXT() REPRESENTATION_CONTEXT('2D SPACE',''
  ) );
#11466 = PCURVE('',#10415,#11467);
#11467 = DEFINITIONAL_REPRESENTATION('',(#11468),#11472);
#11468 = LINE('',#11469,#11470);
#11469 = CARTESIAN_POINT('',(1.2,0.));
#11470 = VECTOR('',#11471,1.);
#11471 = DIRECTION('',(0.,1.));
#11472 = ( GEOMETRIC_REPRESENTATION_CONTEXT(2) 
PARAMETRIC_REPRESENTATION_CONTEXT() REPRESENTATION_CONTEXT('2D SPACE',''
  ) );
#11473 = ADVANCED_FACE('',(#11474),#10499,.F.);
#11474 = FACE_BOUND('',#11475,.F.);
#11475 = EDGE_LOOP('',(#11476,#11477,#11500,#11523));
#11476 = ORIENTED_EDGE('',*,*,#10483,.F.);
#11477 = ORIENTED_EDGE('',*,*,#11478,.T.);
#11478 = EDGE_CURVE('',#10456,#11479,#11481,.T.);
#11479 = VERTEX_POINT('',#11480);
#11480 = CARTESIAN_POINT('',(5.75,4.125,1.8));
#11481 = SURFACE_CURVE('',#11482,(#11486,#11493),.PCURVE_S1.);
#11482 = LINE('',#11483,#11484);
#11483 = CARTESIAN_POINT('',(-5.75,4.125,1.8));
#11484 = VECTOR('',#11485,1.);
#11485 = DIRECTION('',(1.,0.,0.));
#11486 = PCURVE('',#10499,#11487);
#11487 = DEFINITIONAL_REPRESENTATION('',(#11488),#11492);
#11488 = LINE('',#11489,#11490);
#11489 = CARTESIAN_POINT('',(0.,8.875));
#11490 = VECTOR('',#11491,1.);
#11491 = DIRECTION('',(1.,0.));
#11492 = ( GEOMETRIC_REPRESENTATION_CONTEXT(2) 
PARAMETRIC_REPRESENTATION_CONTEXT() REPRESENTATION_CONTEXT('2D SPACE',''
  ) );
#11493 = PCURVE('',#10471,#11494);
#11494 = DEFINITIONAL_REPRESENTATION('',(#11495),#11499);
#11495 = LINE('',#11496,#11497);
#11496 = CARTESIAN_POINT('',(1.2,0.));
#11497 = VECTOR('',#11498,1.);
#11498 = DIRECTION('',(0.,1.));
#11499 = ( GEOMETRIC_REPRESENTATION_CONTEXT(2) 
PARAMETRIC_REPRESENTATION_CONTEXT() REPRESENTATION_CONTEXT('2D SPACE',''
  ) );
#11500 = ORIENTED_EDGE('',*,*,#11501,.T.);
#11501 = EDGE_CURVE('',#11479,#11502,#11504,.T.);
#11502 = VERTEX_POINT('',#11503);
#11503 = CARTESIAN_POINT('',(5.75,4.75,1.8));
#11504 = SURFACE_CURVE('',#11505,(#11509,#11516),.PCURVE_S1.);
#11505 = LINE('',#11506,#11507);
#11506 = CARTESIAN_POINT('',(5.75,-4.75,1.8));
#11507 = VECTOR('',#11508,1.);
#11508 = DIRECTION('',(0.,1.,0.));
#11509 = PCURVE('',#10499,#11510);
#11510 = DEFINITIONAL_REPRESENTATION('',(#11511),#11515);
#11511 = LINE('',#11512,#11513);
#11512 = CARTESIAN_POINT('',(11.5,0.));
#11513 = VECTOR('',#11514,1.);
#11514 = DIRECTION('',(0.,1.));
#11515 = ( GEOMETRIC_REPRESENTATION_CONTEXT(2) 
PARAMETRIC_REPRESENTATION_CONTEXT() REPRESENTATION_CONTEXT('2D SPACE',''
  ) );
#11516 = PCURVE('',#10629,#11517);
#11517 = DEFINITIONAL_REPRESENTATION('',(#11518),#11522);
#11518 = LINE('',#11519,#11520);
#11519 = CARTESIAN_POINT('',(0.,0.));
#11520 = VECTOR('',#11521,1.);
#11521 = DIRECTION('',(0.,-1.));
#11522 = ( GEOMETRIC_REPRESENTATION_CONTEXT(2) 
PARAMETRIC_REPRESENTATION_CONTEXT() REPRESENTATION_CONTEXT('2D SPACE',''
  ) );
#11523 = ORIENTED_EDGE('',*,*,#11524,.F.);
#11524 = EDGE_CURVE('',#10484,#11502,#11525,.T.);
#11525 = SURFACE_CURVE('',#11526,(#11530,#11537),.PCURVE_S1.);
#11526 = LINE('',#11527,#11528);
#11527 = CARTESIAN_POINT('',(-5.75,4.75,1.8));
#11528 = VECTOR('',#11529,1.);
#11529 = DIRECTION('',(1.,0.,0.));
#11530 = PCURVE('',#10499,#11531);
#11531 = DEFINITIONAL_REPRESENTATION('',(#11532),#11536);
#11532 = LINE('',#11533,#11534);
#11533 = CARTESIAN_POINT('',(0.,9.5));
#11534 = VECTOR('',#11535,1.);
#11535 = DIRECTION('',(1.,0.));
#11536 = ( GEOMETRIC_REPRESENTATION_CONTEXT(2) 
PARAMETRIC_REPRESENTATION_CONTEXT() REPRESENTATION_CONTEXT('2D SPACE',''
  ) );
#11537 = PCURVE('',#10527,#11538);
#11538 = DEFINITIONAL_REPRESENTATION('',(#11539),#11543);
#11539 = LINE('',#11540,#11541);
#11540 = CARTESIAN_POINT('',(0.,0.));
#11541 = VECTOR('',#11542,1.);
#11542 = DIRECTION('',(0.,1.));
#11543 = ( GEOMETRIC_REPRESENTATION_CONTEXT(2) 
PARAMETRIC_REPRESENTATION_CONTEXT() REPRESENTATION_CONTEXT('2D SPACE',''
  ) );
#11544 = ADVANCED_FACE('',(#11545),#10527,.T.);
#11545 = FACE_BOUND('',#11546,.T.);
#11546 = EDGE_LOOP('',(#11547,#11548,#11549,#11572));
#11547 = ORIENTED_EDGE('',*,*,#11524,.F.);
#11548 = ORIENTED_EDGE('',*,*,#10511,.T.);
#11549 = ORIENTED_EDGE('',*,*,#11550,.T.);
#11550 = EDGE_CURVE('',#10512,#11551,#11553,.T.);
#11551 = VERTEX_POINT('',#11552);
#11552 = CARTESIAN_POINT('',(5.75,4.75,2.8));
#11553 = SURFACE_CURVE('',#11554,(#11558,#11565),.PCURVE_S1.);
#11554 = LINE('',#11555,#11556);
#11555 = CARTESIAN_POINT('',(-5.75,4.75,2.8));
#11556 = VECTOR('',#11557,1.);
#11557 = DIRECTION('',(1.,0.,0.));
#11558 = PCURVE('',#10527,#11559);
#11559 = DEFINITIONAL_REPRESENTATION('',(#11560),#11564);
#11560 = LINE('',#11561,#11562);
#11561 = CARTESIAN_POINT('',(1.,0.));
#11562 = VECTOR('',#11563,1.);
#11563 = DIRECTION('',(0.,1.));
#11564 = ( GEOMETRIC_REPRESENTATION_CONTEXT(2) 
PARAMETRIC_REPRESENTATION_CONTEXT() REPRESENTATION_CONTEXT('2D SPACE',''
  ) );
#11565 = PCURVE('',#10553,#11566);
#11566 = DEFINITIONAL_REPRESENTATION('',(#11567),#11571);
#11567 = LINE('',#11568,#11569);
#11568 = CARTESIAN_POINT('',(0.,9.5));
#11569 = VECTOR('',#11570,1.);
#11570 = DIRECTION('',(1.,0.));
#11571 = ( GEOMETRIC_REPRESENTATION_CONTEXT(2) 
PARAMETRIC_REPRESENTATION_CONTEXT() REPRESENTATION_CONTEXT('2D SPACE',''
  ) );
#11572 = ORIENTED_EDGE('',*,*,#11573,.F.);
#11573 = EDGE_CURVE('',#11502,#11551,#11574,.T.);
#11574 = SURFACE_CURVE('',#11575,(#11579,#11586),.PCURVE_S1.);
#11575 = LINE('',#11576,#11577);
#11576 = CARTESIAN_POINT('',(5.75,4.75,1.8));
#11577 = VECTOR('',#11578,1.);
#11578 = DIRECTION('',(0.,0.,1.));
#11579 = PCURVE('',#10527,#11580);
#11580 = DEFINITIONAL_REPRESENTATION('',(#11581),#11585);
#11581 = LINE('',#11582,#11583);
#11582 = CARTESIAN_POINT('',(0.,11.5));
#11583 = VECTOR('',#11584,1.);
#11584 = DIRECTION('',(1.,0.));
#11585 = ( GEOMETRIC_REPRESENTATION_CONTEXT(2) 
PARAMETRIC_REPRESENTATION_CONTEXT() REPRESENTATION_CONTEXT('2D SPACE',''
  ) );
#11586 = PCURVE('',#10629,#11587);
#11587 = DEFINITIONAL_REPRESENTATION('',(#11588),#11592);
#11588 = LINE('',#11589,#11590);
#11589 = CARTESIAN_POINT('',(0.,-9.5));
#11590 = VECTOR('',#11591,1.);
#11591 = DIRECTION('',(1.,0.));
#11592 = ( GEOMETRIC_REPRESENTATION_CONTEXT(2) 
PARAMETRIC_REPRESENTATION_CONTEXT() REPRESENTATION_CONTEXT('2D SPACE',''
  ) );
#11593 = ADVANCED_FACE('',(#11594),#10553,.T.);
#11594 = FACE_BOUND('',#11595,.T.);
#11595 = EDGE_LOOP('',(#11596,#11597,#11598,#11619));
#11596 = ORIENTED_EDGE('',*,*,#10539,.F.);
#11597 = ORIENTED_EDGE('',*,*,#10592,.T.);
#11598 = ORIENTED_EDGE('',*,*,#11599,.T.);
#11599 = EDGE_CURVE('',#10593,#11551,#11600,.T.);
#11600 = SURFACE_CURVE('',#11601,(#11605,#11612),.PCURVE_S1.);
#11601 = LINE('',#11602,#11603);
#11602 = CARTESIAN_POINT('',(5.75,-4.75,2.8));
#11603 = VECTOR('',#11604,1.);
#11604 = DIRECTION('',(0.,1.,0.));
#11605 = PCURVE('',#10553,#11606);
#11606 = DEFINITIONAL_REPRESENTATION('',(#11607),#11611);
#11607 = LINE('',#11608,#11609);
#11608 = CARTESIAN_POINT('',(11.5,0.));
#11609 = VECTOR('',#11610,1.);
#11610 = DIRECTION('',(0.,1.));
#11611 = ( GEOMETRIC_REPRESENTATION_CONTEXT(2) 
PARAMETRIC_REPRESENTATION_CONTEXT() REPRESENTATION_CONTEXT('2D SPACE',''
  ) );
#11612 = PCURVE('',#10629,#11613);
#11613 = DEFINITIONAL_REPRESENTATION('',(#11614),#11618);
#11614 = LINE('',#11615,#11616);
#11615 = CARTESIAN_POINT('',(1.,0.));
#11616 = VECTOR('',#11617,1.);
#11617 = DIRECTION('',(0.,-1.));
#11618 = ( GEOMETRIC_REPRESENTATION_CONTEXT(2) 
PARAMETRIC_REPRESENTATION_CONTEXT() REPRESENTATION_CONTEXT('2D SPACE',''
  ) );
#11619 = ORIENTED_EDGE('',*,*,#11550,.F.);
#11620 = ADVANCED_FACE('',(#11621),#10629,.T.);
#11621 = FACE_BOUND('',#11622,.T.);
#11622 = EDGE_LOOP('',(#11623,#11624,#11625,#11626,#11627,#11628,#11629,
    #11630,#11631,#11632,#11633,#11634,#11635,#11636,#11637,#11638,
    #11639,#11640,#11641,#11664,#11687,#11708,#11709,#11710));
#11623 = ORIENTED_EDGE('',*,*,#10615,.F.);
#11624 = ORIENTED_EDGE('',*,*,#10646,.T.);
#11625 = ORIENTED_EDGE('',*,*,#10718,.F.);
#11626 = ORIENTED_EDGE('',*,*,#10744,.T.);
#11627 = ORIENTED_EDGE('',*,*,#10816,.T.);
#11628 = ORIENTED_EDGE('',*,*,#10842,.T.);
#11629 = ORIENTED_EDGE('',*,*,#10914,.F.);
#11630 = ORIENTED_EDGE('',*,*,#10940,.T.);
#11631 = ORIENTED_EDGE('',*,*,#11012,.T.);
#11632 = ORIENTED_EDGE('',*,*,#11038,.T.);
#11633 = ORIENTED_EDGE('',*,*,#11110,.F.);
#11634 = ORIENTED_EDGE('',*,*,#11136,.T.);
#11635 = ORIENTED_EDGE('',*,*,#11208,.T.);
#11636 = ORIENTED_EDGE('',*,*,#11234,.T.);
#11637 = ORIENTED_EDGE('',*,*,#11306,.F.);
#11638 = ORIENTED_EDGE('',*,*,#11332,.T.);
#11639 = ORIENTED_EDGE('',*,*,#11404,.T.);
#11640 = ORIENTED_EDGE('',*,*,#11430,.T.);
#11641 = ORIENTED_EDGE('',*,*,#11642,.F.);
#11642 = EDGE_CURVE('',#11643,#11431,#11645,.T.);
#11643 = VERTEX_POINT('',#11644);
#11644 = CARTESIAN_POINT('',(5.75,3.475,0.6));
#11645 = SURFACE_CURVE('',#11646,(#11650,#11657),.PCURVE_S1.);
#11646 = LINE('',#11647,#11648);
#11647 = CARTESIAN_POINT('',(5.75,3.475,0.6));
#11648 = VECTOR('',#11649,1.);
#11649 = DIRECTION('',(0.,0.,1.));
#11650 = PCURVE('',#10629,#11651);
#11651 = DEFINITIONAL_REPRESENTATION('',(#11652),#11656);
#11652 = LINE('',#11653,#11654);
#11653 = CARTESIAN_POINT('',(-1.2,-8.225));
#11654 = VECTOR('',#11655,1.);
#11655 = DIRECTION('',(1.,0.));
#11656 = ( GEOMETRIC_REPRESENTATION_CONTEXT(2) 
PARAMETRIC_REPRESENTATION_CONTEXT() REPRESENTATION_CONTEXT('2D SPACE',''
  ) );
#11657 = PCURVE('',#10415,#11658);
#11658 = DEFINITIONAL_REPRESENTATION('',(#11659),#11663);
#11659 = LINE('',#11660,#11661);
#11660 = CARTESIAN_POINT('',(0.,11.5));
#11661 = VECTOR('',#11662,1.);
#11662 = DIRECTION('',(1.,0.));
#11663 = ( GEOMETRIC_REPRESENTATION_CONTEXT(2) 
PARAMETRIC_REPRESENTATION_CONTEXT() REPRESENTATION_CONTEXT('2D SPACE',''
  ) );
#11664 = ORIENTED_EDGE('',*,*,#11665,.T.);
#11665 = EDGE_CURVE('',#11643,#11666,#11668,.T.);
#11666 = VERTEX_POINT('',#11667);
#11667 = CARTESIAN_POINT('',(5.75,4.125,0.6));
#11668 = SURFACE_CURVE('',#11669,(#11673,#11680),.PCURVE_S1.);
#11669 = LINE('',#11670,#11671);
#11670 = CARTESIAN_POINT('',(5.75,3.475,0.6));
#11671 = VECTOR('',#11672,1.);
#11672 = DIRECTION('',(0.,1.,0.));
#11673 = PCURVE('',#10629,#11674);
#11674 = DEFINITIONAL_REPRESENTATION('',(#11675),#11679);
#11675 = LINE('',#11676,#11677);
#11676 = CARTESIAN_POINT('',(-1.2,-8.225));
#11677 = VECTOR('',#11678,1.);
#11678 = DIRECTION('',(0.,-1.));
#11679 = ( GEOMETRIC_REPRESENTATION_CONTEXT(2) 
PARAMETRIC_REPRESENTATION_CONTEXT() REPRESENTATION_CONTEXT('2D SPACE',''
  ) );
#11680 = PCURVE('',#10443,#11681);
#11681 = DEFINITIONAL_REPRESENTATION('',(#11682),#11686);
#11682 = LINE('',#11683,#11684);
#11683 = CARTESIAN_POINT('',(11.5,0.));
#11684 = VECTOR('',#11685,1.);
#11685 = DIRECTION('',(0.,1.));
#11686 = ( GEOMETRIC_REPRESENTATION_CONTEXT(2) 
PARAMETRIC_REPRESENTATION_CONTEXT() REPRESENTATION_CONTEXT('2D SPACE',''
  ) );
#11687 = ORIENTED_EDGE('',*,*,#11688,.T.);
#11688 = EDGE_CURVE('',#11666,#11479,#11689,.T.);
#11689 = SURFACE_CURVE('',#11690,(#11694,#11701),.PCURVE_S1.);
#11690 = LINE('',#11691,#11692);
#11691 = CARTESIAN_POINT('',(5.75,4.125,0.6));
#11692 = VECTOR('',#11693,1.);
#11693 = DIRECTION('',(0.,0.,1.));
#11694 = PCURVE('',#10629,#11695);
#11695 = DEFINITIONAL_REPRESENTATION('',(#11696),#11700);
#11696 = LINE('',#11697,#11698);
#11697 = CARTESIAN_POINT('',(-1.2,-8.875));
#11698 = VECTOR('',#11699,1.);
#11699 = DIRECTION('',(1.,0.));
#11700 = ( GEOMETRIC_REPRESENTATION_CONTEXT(2) 
PARAMETRIC_REPRESENTATION_CONTEXT() REPRESENTATION_CONTEXT('2D SPACE',''
  ) );
#11701 = PCURVE('',#10471,#11702);
#11702 = DEFINITIONAL_REPRESENTATION('',(#11703),#11707);
#11703 = LINE('',#11704,#11705);
#11704 = CARTESIAN_POINT('',(0.,11.5));
#11705 = VECTOR('',#11706,1.);
#11706 = DIRECTION('',(1.,0.));
#11707 = ( GEOMETRIC_REPRESENTATION_CONTEXT(2) 
PARAMETRIC_REPRESENTATION_CONTEXT() REPRESENTATION_CONTEXT('2D SPACE',''
  ) );
#11708 = ORIENTED_EDGE('',*,*,#11501,.T.);
#11709 = ORIENTED_EDGE('',*,*,#11573,.T.);
#11710 = ORIENTED_EDGE('',*,*,#11599,.F.);
#11711 = ADVANCED_FACE('',(#11712),#10415,.F.);
#11712 = FACE_BOUND('',#11713,.F.);
#11713 = EDGE_LOOP('',(#11714,#11735,#11736,#11737));
#11714 = ORIENTED_EDGE('',*,*,#11715,.F.);
#11715 = EDGE_CURVE('',#10400,#11643,#11716,.T.);
#11716 = SURFACE_CURVE('',#11717,(#11721,#11728),.PCURVE_S1.);
#11717 = LINE('',#11718,#11719);
#11718 = CARTESIAN_POINT('',(-5.75,3.475,0.6));
#11719 = VECTOR('',#11720,1.);
#11720 = DIRECTION('',(1.,0.,0.));
#11721 = PCURVE('',#10415,#11722);
#11722 = DEFINITIONAL_REPRESENTATION('',(#11723),#11727);
#11723 = LINE('',#11724,#11725);
#11724 = CARTESIAN_POINT('',(0.,0.));
#11725 = VECTOR('',#11726,1.);
#11726 = DIRECTION('',(0.,1.));
#11727 = ( GEOMETRIC_REPRESENTATION_CONTEXT(2) 
PARAMETRIC_REPRESENTATION_CONTEXT() REPRESENTATION_CONTEXT('2D SPACE',''
  ) );
#11728 = PCURVE('',#10443,#11729);
#11729 = DEFINITIONAL_REPRESENTATION('',(#11730),#11734);
#11730 = LINE('',#11731,#11732);
#11731 = CARTESIAN_POINT('',(0.,0.));
#11732 = VECTOR('',#11733,1.);
#11733 = DIRECTION('',(1.,0.));
#11734 = ( GEOMETRIC_REPRESENTATION_CONTEXT(2) 
PARAMETRIC_REPRESENTATION_CONTEXT() REPRESENTATION_CONTEXT('2D SPACE',''
  ) );
#11735 = ORIENTED_EDGE('',*,*,#10399,.T.);
#11736 = ORIENTED_EDGE('',*,*,#11453,.T.);
#11737 = ORIENTED_EDGE('',*,*,#11642,.F.);
#11738 = ADVANCED_FACE('',(#11739),#10471,.T.);
#11739 = FACE_BOUND('',#11740,.T.);
#11740 = EDGE_LOOP('',(#11741,#11762,#11763,#11764));
#11741 = ORIENTED_EDGE('',*,*,#11742,.F.);
#11742 = EDGE_CURVE('',#10428,#11666,#11743,.T.);
#11743 = SURFACE_CURVE('',#11744,(#11748,#11755),.PCURVE_S1.);
#11744 = LINE('',#11745,#11746);
#11745 = CARTESIAN_POINT('',(-5.75,4.125,0.6));
#11746 = VECTOR('',#11747,1.);
#11747 = DIRECTION('',(1.,0.,0.));
#11748 = PCURVE('',#10471,#11749);
#11749 = DEFINITIONAL_REPRESENTATION('',(#11750),#11754);
#11750 = LINE('',#11751,#11752);
#11751 = CARTESIAN_POINT('',(0.,0.));
#11752 = VECTOR('',#11753,1.);
#11753 = DIRECTION('',(0.,1.));
#11754 = ( GEOMETRIC_REPRESENTATION_CONTEXT(2) 
PARAMETRIC_REPRESENTATION_CONTEXT() REPRESENTATION_CONTEXT('2D SPACE',''
  ) );
#11755 = PCURVE('',#10443,#11756);
#11756 = DEFINITIONAL_REPRESENTATION('',(#11757),#11761);
#11757 = LINE('',#11758,#11759);
#11758 = CARTESIAN_POINT('',(0.,0.65));
#11759 = VECTOR('',#11760,1.);
#11760 = DIRECTION('',(1.,0.));
#11761 = ( GEOMETRIC_REPRESENTATION_CONTEXT(2) 
PARAMETRIC_REPRESENTATION_CONTEXT() REPRESENTATION_CONTEXT('2D SPACE',''
  ) );
#11762 = ORIENTED_EDGE('',*,*,#10455,.T.);
#11763 = ORIENTED_EDGE('',*,*,#11478,.T.);
#11764 = ORIENTED_EDGE('',*,*,#11688,.F.);
#11765 = ADVANCED_FACE('',(#11766),#10443,.F.);
#11766 = FACE_BOUND('',#11767,.F.);
#11767 = EDGE_LOOP('',(#11768,#11769,#11770,#11771));
#11768 = ORIENTED_EDGE('',*,*,#10427,.F.);
#11769 = ORIENTED_EDGE('',*,*,#11715,.T.);
#11770 = ORIENTED_EDGE('',*,*,#11665,.T.);
#11771 = ORIENTED_EDGE('',*,*,#11742,.F.);
#11772 = ( GEOMETRIC_REPRESENTATION_CONTEXT(3) 
GLOBAL_UNCERTAINTY_ASSIGNED_CONTEXT((#11776)) 
GLOBAL_UNIT_ASSIGNED_CONTEXT((#11773,#11774,#11775)) 
REPRESENTATION_CONTEXT('Context #1',
  '3D Context with UNIT and UNCERTAINTY') );
#11773 = ( LENGTH_UNIT() NAMED_UNIT(*) SI_UNIT(.MILLI.,.METRE.) );
#11774 = ( NAMED_UNIT(*) PLANE_ANGLE_UNIT() SI_UNIT($,.RADIAN.) );
#11775 = ( NAMED_UNIT(*) SI_UNIT($,.STERADIAN.) SOLID_ANGLE_UNIT() );
#11776 = UNCERTAINTY_MEASURE_WITH_UNIT(LENGTH_MEASURE(1.E-07),#11773,
  'distance_accuracy_value','confusion accuracy');
#11777 = CONTEXT_DEPENDENT_SHAPE_REPRESENTATION(#11778,#11780);
#11778 = ( REPRESENTATION_RELATIONSHIP('','',#9881,#10) 
REPRESENTATION_RELATIONSHIP_WITH_TRANSFORMATION(#11779) 
SHAPE_REPRESENTATION_RELATIONSHIP() );
#11779 = ITEM_DEFINED_TRANSFORMATION('','',#11,#27);
#11780 = PRODUCT_DEFINITION_SHAPE('Placement','Placement of an item',
  #11781);
#11781 = NEXT_ASSEMBLY_USAGE_OCCURRENCE('4',
  'Visible_bottom_heat_sink_estimated','',#5,#9876,$);
#11782 = PRODUCT_RELATED_PRODUCT_CATEGORY('part',$,(#9878));
#11783 = SHAPE_DEFINITION_REPRESENTATION(#11784,#11790);
#11784 = PRODUCT_DEFINITION_SHAPE('','',#11785);
#11785 = PRODUCT_DEFINITION('design','',#11786,#11789);
#11786 = PRODUCT_DEFINITION_FORMATION('','',#11787);
#11787 = PRODUCT('Input_contact_-3.6','Input_contact_-3.6','',(#11788));
#11788 = PRODUCT_CONTEXT('',#2,'mechanical');
#11789 = PRODUCT_DEFINITION_CONTEXT('part definition',#2,'design');
#11790 = ADVANCED_BREP_SHAPE_REPRESENTATION('',(#11,#11791),#11889);
#11791 = MANIFOLD_SOLID_BREP('',#11792);
#11792 = CLOSED_SHELL('',(#11793,#11881,#11885));
#11793 = ADVANCED_FACE('',(#11794),#11807,.T.);
#11794 = FACE_BOUND('',#11795,.T.);
#11795 = EDGE_LOOP('',(#11796,#11830,#11853,#11880));
#11796 = ORIENTED_EDGE('',*,*,#11797,.F.);
#11797 = EDGE_CURVE('',#11798,#11798,#11800,.T.);
#11798 = VERTEX_POINT('',#11799);
#11799 = CARTESIAN_POINT('',(-26.5,-3.6,11.35));
#11800 = SURFACE_CURVE('',#11801,(#11806,#11818),.PCURVE_S1.);
#11801 = CIRCLE('',#11802,1.65);
#11802 = AXIS2_PLACEMENT_3D('',#11803,#11804,#11805);
#11803 = CARTESIAN_POINT('',(-26.5,-3.6,13.));
#11804 = DIRECTION('',(-1.,0.,0.));
#11805 = DIRECTION('',(0.,0.,-1.));
#11806 = PCURVE('',#11807,#11812);
#11807 = CYLINDRICAL_SURFACE('',#11808,1.65);
#11808 = AXIS2_PLACEMENT_3D('',#11809,#11810,#11811);
#11809 = CARTESIAN_POINT('',(-21.,-3.6,13.));
#11810 = DIRECTION('',(-1.,0.,0.));
#11811 = DIRECTION('',(0.,0.,-1.));
#11812 = DEFINITIONAL_REPRESENTATION('',(#11813),#11817);
#11813 = LINE('',#11814,#11815);
#11814 = CARTESIAN_POINT('',(0.,5.5));
#11815 = VECTOR('',#11816,1.);
#11816 = DIRECTION('',(1.,0.));
#11817 = ( GEOMETRIC_REPRESENTATION_CONTEXT(2) 
PARAMETRIC_REPRESENTATION_CONTEXT() REPRESENTATION_CONTEXT('2D SPACE',''
  ) );
#11818 = PCURVE('',#11819,#11824);
#11819 = PLANE('',#11820);
#11820 = AXIS2_PLACEMENT_3D('',#11821,#11822,#11823);
#11821 = CARTESIAN_POINT('',(-26.5,-3.6,13.));
#11822 = DIRECTION('',(-1.,0.,0.));
#11823 = DIRECTION('',(0.,0.,-1.));
#11824 = DEFINITIONAL_REPRESENTATION('',(#11825),#11829);
#11825 = CIRCLE('',#11826,1.65);
#11826 = AXIS2_PLACEMENT_2D('',#11827,#11828);
#11827 = CARTESIAN_POINT('',(0.,0.));
#11828 = DIRECTION('',(1.,0.));
#11829 = ( GEOMETRIC_REPRESENTATION_CONTEXT(2) 
PARAMETRIC_REPRESENTATION_CONTEXT() REPRESENTATION_CONTEXT('2D SPACE',''
  ) );
#11830 = ORIENTED_EDGE('',*,*,#11831,.F.);
#11831 = EDGE_CURVE('',#11832,#11798,#11834,.T.);
#11832 = VERTEX_POINT('',#11833);
#11833 = CARTESIAN_POINT('',(-21.,-3.6,11.35));
#11834 = SEAM_CURVE('',#11835,(#11839,#11846),.PCURVE_S1.);
#11835 = LINE('',#11836,#11837);
#11836 = CARTESIAN_POINT('',(-21.,-3.6,11.35));
#11837 = VECTOR('',#11838,1.);
#11838 = DIRECTION('',(-1.,0.,0.));
#11839 = PCURVE('',#11807,#11840);
#11840 = DEFINITIONAL_REPRESENTATION('',(#11841),#11845);
#11841 = LINE('',#11842,#11843);
#11842 = CARTESIAN_POINT('',(6.28318530718,-0.));
#11843 = VECTOR('',#11844,1.);
#11844 = DIRECTION('',(0.,1.));
#11845 = ( GEOMETRIC_REPRESENTATION_CONTEXT(2) 
PARAMETRIC_REPRESENTATION_CONTEXT() REPRESENTATION_CONTEXT('2D SPACE',''
  ) );
#11846 = PCURVE('',#11807,#11847);
#11847 = DEFINITIONAL_REPRESENTATION('',(#11848),#11852);
#11848 = LINE('',#11849,#11850);
#11849 = CARTESIAN_POINT('',(0.,-0.));
#11850 = VECTOR('',#11851,1.);
#11851 = DIRECTION('',(0.,1.));
#11852 = ( GEOMETRIC_REPRESENTATION_CONTEXT(2) 
PARAMETRIC_REPRESENTATION_CONTEXT() REPRESENTATION_CONTEXT('2D SPACE',''
  ) );
#11853 = ORIENTED_EDGE('',*,*,#11854,.T.);
#11854 = EDGE_CURVE('',#11832,#11832,#11855,.T.);
#11855 = SURFACE_CURVE('',#11856,(#11861,#11868),.PCURVE_S1.);
#11856 = CIRCLE('',#11857,1.65);
#11857 = AXIS2_PLACEMENT_3D('',#11858,#11859,#11860);
#11858 = CARTESIAN_POINT('',(-21.,-3.6,13.));
#11859 = DIRECTION('',(-1.,0.,0.));
#11860 = DIRECTION('',(0.,0.,-1.));
#11861 = PCURVE('',#11807,#11862);
#11862 = DEFINITIONAL_REPRESENTATION('',(#11863),#11867);
#11863 = LINE('',#11864,#11865);
#11864 = CARTESIAN_POINT('',(0.,0.));
#11865 = VECTOR('',#11866,1.);
#11866 = DIRECTION('',(1.,0.));
#11867 = ( GEOMETRIC_REPRESENTATION_CONTEXT(2) 
PARAMETRIC_REPRESENTATION_CONTEXT() REPRESENTATION_CONTEXT('2D SPACE',''
  ) );
#11868 = PCURVE('',#11869,#11874);
#11869 = PLANE('',#11870);
#11870 = AXIS2_PLACEMENT_3D('',#11871,#11872,#11873);
#11871 = CARTESIAN_POINT('',(-21.,-3.6,13.));
#11872 = DIRECTION('',(-1.,0.,0.));
#11873 = DIRECTION('',(0.,0.,-1.));
#11874 = DEFINITIONAL_REPRESENTATION('',(#11875),#11879);
#11875 = CIRCLE('',#11876,1.65);
#11876 = AXIS2_PLACEMENT_2D('',#11877,#11878);
#11877 = CARTESIAN_POINT('',(0.,0.));
#11878 = DIRECTION('',(1.,0.));
#11879 = ( GEOMETRIC_REPRESENTATION_CONTEXT(2) 
PARAMETRIC_REPRESENTATION_CONTEXT() REPRESENTATION_CONTEXT('2D SPACE',''
  ) );
#11880 = ORIENTED_EDGE('',*,*,#11831,.T.);
#11881 = ADVANCED_FACE('',(#11882),#11819,.T.);
#11882 = FACE_BOUND('',#11883,.T.);
#11883 = EDGE_LOOP('',(#11884));
#11884 = ORIENTED_EDGE('',*,*,#11797,.T.);
#11885 = ADVANCED_FACE('',(#11886),#11869,.F.);
#11886 = FACE_BOUND('',#11887,.T.);
#11887 = EDGE_LOOP('',(#11888));
#11888 = ORIENTED_EDGE('',*,*,#11854,.F.);
#11889 = ( GEOMETRIC_REPRESENTATION_CONTEXT(3) 
GLOBAL_UNCERTAINTY_ASSIGNED_CONTEXT((#11893)) 
GLOBAL_UNIT_ASSIGNED_CONTEXT((#11890,#11891,#11892)) 
REPRESENTATION_CONTEXT('Context #1',
  '3D Context with UNIT and UNCERTAINTY') );
#11890 = ( LENGTH_UNIT() NAMED_UNIT(*) SI_UNIT(.MILLI.,.METRE.) );
#11891 = ( NAMED_UNIT(*) PLANE_ANGLE_UNIT() SI_UNIT($,.RADIAN.) );
#11892 = ( NAMED_UNIT(*) SI_UNIT($,.STERADIAN.) SOLID_ANGLE_UNIT() );
#11893 = UNCERTAINTY_MEASURE_WITH_UNIT(LENGTH_MEASURE(1.E-07),#11890,
  'distance_accuracy_value','confusion accuracy');
#11894 = CONTEXT_DEPENDENT_SHAPE_REPRESENTATION(#11895,#11897);
#11895 = ( REPRESENTATION_RELATIONSHIP('','',#11790,#10) 
REPRESENTATION_RELATIONSHIP_WITH_TRANSFORMATION(#11896) 
SHAPE_REPRESENTATION_RELATIONSHIP() );
#11896 = ITEM_DEFINED_TRANSFORMATION('','',#11,#31);
#11897 = PRODUCT_DEFINITION_SHAPE('Placement','Placement of an item',
  #11898);
#11898 = NEXT_ASSEMBLY_USAGE_OCCURRENCE('5','Input_contact_-3.6','',#5,
  #11785,$);
#11899 = PRODUCT_RELATED_PRODUCT_CATEGORY('part',$,(#11787));
#11900 = SHAPE_DEFINITION_REPRESENTATION(#11901,#11907);
#11901 = PRODUCT_DEFINITION_SHAPE('','',#11902);
#11902 = PRODUCT_DEFINITION('design','',#11903,#11906);
#11903 = PRODUCT_DEFINITION_FORMATION('','',#11904);
#11904 = PRODUCT('Input_contact_3.6','Input_contact_3.6','',(#11905));
#11905 = PRODUCT_CONTEXT('',#2,'mechanical');
#11906 = PRODUCT_DEFINITION_CONTEXT('part definition',#2,'design');
#11907 = ADVANCED_BREP_SHAPE_REPRESENTATION('',(#11,#11908),#12006);
#11908 = MANIFOLD_SOLID_BREP('',#11909);
#11909 = CLOSED_SHELL('',(#11910,#11998,#12002));
#11910 = ADVANCED_FACE('',(#11911),#11924,.T.);
#11911 = FACE_BOUND('',#11912,.T.);
#11912 = EDGE_LOOP('',(#11913,#11947,#11970,#11997));
#11913 = ORIENTED_EDGE('',*,*,#11914,.F.);
#11914 = EDGE_CURVE('',#11915,#11915,#11917,.T.);
#11915 = VERTEX_POINT('',#11916);
#11916 = CARTESIAN_POINT('',(-26.5,3.6,11.35));
#11917 = SURFACE_CURVE('',#11918,(#11923,#11935),.PCURVE_S1.);
#11918 = CIRCLE('',#11919,1.65);
#11919 = AXIS2_PLACEMENT_3D('',#11920,#11921,#11922);
#11920 = CARTESIAN_POINT('',(-26.5,3.6,13.));
#11921 = DIRECTION('',(-1.,0.,0.));
#11922 = DIRECTION('',(0.,0.,-1.));
#11923 = PCURVE('',#11924,#11929);
#11924 = CYLINDRICAL_SURFACE('',#11925,1.65);
#11925 = AXIS2_PLACEMENT_3D('',#11926,#11927,#11928);
#11926 = CARTESIAN_POINT('',(-21.,3.6,13.));
#11927 = DIRECTION('',(-1.,0.,0.));
#11928 = DIRECTION('',(0.,0.,-1.));
#11929 = DEFINITIONAL_REPRESENTATION('',(#11930),#11934);
#11930 = LINE('',#11931,#11932);
#11931 = CARTESIAN_POINT('',(0.,5.5));
#11932 = VECTOR('',#11933,1.);
#11933 = DIRECTION('',(1.,0.));
#11934 = ( GEOMETRIC_REPRESENTATION_CONTEXT(2) 
PARAMETRIC_REPRESENTATION_CONTEXT() REPRESENTATION_CONTEXT('2D SPACE',''
  ) );
#11935 = PCURVE('',#11936,#11941);
#11936 = PLANE('',#11937);
#11937 = AXIS2_PLACEMENT_3D('',#11938,#11939,#11940);
#11938 = CARTESIAN_POINT('',(-26.5,3.6,13.));
#11939 = DIRECTION('',(-1.,0.,0.));
#11940 = DIRECTION('',(0.,0.,-1.));
#11941 = DEFINITIONAL_REPRESENTATION('',(#11942),#11946);
#11942 = CIRCLE('',#11943,1.65);
#11943 = AXIS2_PLACEMENT_2D('',#11944,#11945);
#11944 = CARTESIAN_POINT('',(0.,0.));
#11945 = DIRECTION('',(1.,0.));
#11946 = ( GEOMETRIC_REPRESENTATION_CONTEXT(2) 
PARAMETRIC_REPRESENTATION_CONTEXT() REPRESENTATION_CONTEXT('2D SPACE',''
  ) );
#11947 = ORIENTED_EDGE('',*,*,#11948,.F.);
#11948 = EDGE_CURVE('',#11949,#11915,#11951,.T.);
#11949 = VERTEX_POINT('',#11950);
#11950 = CARTESIAN_POINT('',(-21.,3.6,11.35));
#11951 = SEAM_CURVE('',#11952,(#11956,#11963),.PCURVE_S1.);
#11952 = LINE('',#11953,#11954);
#11953 = CARTESIAN_POINT('',(-21.,3.6,11.35));
#11954 = VECTOR('',#11955,1.);
#11955 = DIRECTION('',(-1.,0.,0.));
#11956 = PCURVE('',#11924,#11957);
#11957 = DEFINITIONAL_REPRESENTATION('',(#11958),#11962);
#11958 = LINE('',#11959,#11960);
#11959 = CARTESIAN_POINT('',(6.28318530718,-0.));
#11960 = VECTOR('',#11961,1.);
#11961 = DIRECTION('',(0.,1.));
#11962 = ( GEOMETRIC_REPRESENTATION_CONTEXT(2) 
PARAMETRIC_REPRESENTATION_CONTEXT() REPRESENTATION_CONTEXT('2D SPACE',''
  ) );
#11963 = PCURVE('',#11924,#11964);
#11964 = DEFINITIONAL_REPRESENTATION('',(#11965),#11969);
#11965 = LINE('',#11966,#11967);
#11966 = CARTESIAN_POINT('',(0.,-0.));
#11967 = VECTOR('',#11968,1.);
#11968 = DIRECTION('',(0.,1.));
#11969 = ( GEOMETRIC_REPRESENTATION_CONTEXT(2) 
PARAMETRIC_REPRESENTATION_CONTEXT() REPRESENTATION_CONTEXT('2D SPACE',''
  ) );
#11970 = ORIENTED_EDGE('',*,*,#11971,.T.);
#11971 = EDGE_CURVE('',#11949,#11949,#11972,.T.);
#11972 = SURFACE_CURVE('',#11973,(#11978,#11985),.PCURVE_S1.);
#11973 = CIRCLE('',#11974,1.65);
#11974 = AXIS2_PLACEMENT_3D('',#11975,#11976,#11977);
#11975 = CARTESIAN_POINT('',(-21.,3.6,13.));
#11976 = DIRECTION('',(-1.,0.,0.));
#11977 = DIRECTION('',(0.,0.,-1.));
#11978 = PCURVE('',#11924,#11979);
#11979 = DEFINITIONAL_REPRESENTATION('',(#11980),#11984);
#11980 = LINE('',#11981,#11982);
#11981 = CARTESIAN_POINT('',(0.,0.));
#11982 = VECTOR('',#11983,1.);
#11983 = DIRECTION('',(1.,0.));
#11984 = ( GEOMETRIC_REPRESENTATION_CONTEXT(2) 
PARAMETRIC_REPRESENTATION_CONTEXT() REPRESENTATION_CONTEXT('2D SPACE',''
  ) );
#11985 = PCURVE('',#11986,#11991);
#11986 = PLANE('',#11987);
#11987 = AXIS2_PLACEMENT_3D('',#11988,#11989,#11990);
#11988 = CARTESIAN_POINT('',(-21.,3.6,13.));
#11989 = DIRECTION('',(-1.,0.,0.));
#11990 = DIRECTION('',(0.,0.,-1.));
#11991 = DEFINITIONAL_REPRESENTATION('',(#11992),#11996);
#11992 = CIRCLE('',#11993,1.65);
#11993 = AXIS2_PLACEMENT_2D('',#11994,#11995);
#11994 = CARTESIAN_POINT('',(0.,0.));
#11995 = DIRECTION('',(1.,0.));
#11996 = ( GEOMETRIC_REPRESENTATION_CONTEXT(2) 
PARAMETRIC_REPRESENTATION_CONTEXT() REPRESENTATION_CONTEXT('2D SPACE',''
  ) );
#11997 = ORIENTED_EDGE('',*,*,#11948,.T.);
#11998 = ADVANCED_FACE('',(#11999),#11936,.T.);
#11999 = FACE_BOUND('',#12000,.T.);
#12000 = EDGE_LOOP('',(#12001));
#12001 = ORIENTED_EDGE('',*,*,#11914,.T.);
#12002 = ADVANCED_FACE('',(#12003),#11986,.F.);
#12003 = FACE_BOUND('',#12004,.T.);
#12004 = EDGE_LOOP('',(#12005));
#12005 = ORIENTED_EDGE('',*,*,#11971,.F.);
#12006 = ( GEOMETRIC_REPRESENTATION_CONTEXT(3) 
GLOBAL_UNCERTAINTY_ASSIGNED_CONTEXT((#12010)) 
GLOBAL_UNIT_ASSIGNED_CONTEXT((#12007,#12008,#12009)) 
REPRESENTATION_CONTEXT('Context #1',
  '3D Context with UNIT and UNCERTAINTY') );
#12007 = ( LENGTH_UNIT() NAMED_UNIT(*) SI_UNIT(.MILLI.,.METRE.) );
#12008 = ( NAMED_UNIT(*) PLANE_ANGLE_UNIT() SI_UNIT($,.RADIAN.) );
#12009 = ( NAMED_UNIT(*) SI_UNIT($,.STERADIAN.) SOLID_ANGLE_UNIT() );
#12010 = UNCERTAINTY_MEASURE_WITH_UNIT(LENGTH_MEASURE(1.E-07),#12007,
  'distance_accuracy_value','confusion accuracy');
#12011 = CONTEXT_DEPENDENT_SHAPE_REPRESENTATION(#12012,#12014);
#12012 = ( REPRESENTATION_RELATIONSHIP('','',#11907,#10) 
REPRESENTATION_RELATIONSHIP_WITH_TRANSFORMATION(#12013) 
SHAPE_REPRESENTATION_RELATIONSHIP() );
#12013 = ITEM_DEFINED_TRANSFORMATION('','',#11,#35);
#12014 = PRODUCT_DEFINITION_SHAPE('Placement','Placement of an item',
  #12015);
#12015 = NEXT_ASSEMBLY_USAGE_OCCURRENCE('6','Input_contact_3.6','',#5,
  #11902,$);
#12016 = PRODUCT_RELATED_PRODUCT_CATEGORY('part',$,(#11904));
#12017 = SHAPE_DEFINITION_REPRESENTATION(#12018,#12024);
#12018 = PRODUCT_DEFINITION_SHAPE('','',#12019);
#12019 = PRODUCT_DEFINITION('design','',#12020,#12023);
#12020 = PRODUCT_DEFINITION_FORMATION('','',#12021);
#12021 = PRODUCT('Input_XT60_approximate','Input_XT60_approximate','',(
    #12022));
#12022 = PRODUCT_CONTEXT('',#2,'mechanical');
#12023 = PRODUCT_DEFINITION_CONTEXT('part definition',#2,'design');
#12024 = ADVANCED_BREP_SHAPE_REPRESENTATION('',(#11,#12025),#12699);
#12025 = MANIFOLD_SOLID_BREP('',#12026);
#12026 = CLOSED_SHELL('',(#12027,#12147,#12223,#12299,#12377,#12520,
    #12547,#12574,#12581,#12636,#12691,#12695));
#12027 = ADVANCED_FACE('',(#12028),#12042,.F.);
#12028 = FACE_BOUND('',#12029,.F.);
#12029 = EDGE_LOOP('',(#12030,#12065,#12093,#12121));
#12030 = ORIENTED_EDGE('',*,*,#12031,.T.);
#12031 = EDGE_CURVE('',#12032,#12034,#12036,.T.);
#12032 = VERTEX_POINT('',#12033);
#12033 = CARTESIAN_POINT('',(-14.,-7.7,17.2));
#12034 = VERTEX_POINT('',#12035);
#12035 = CARTESIAN_POINT('',(-28.,-7.7,17.2));
#12036 = SURFACE_CURVE('',#12037,(#12041,#12053),.PCURVE_S1.);
#12037 = LINE('',#12038,#12039);
#12038 = CARTESIAN_POINT('',(-14.,-7.7,17.2));
#12039 = VECTOR('',#12040,1.);
#12040 = DIRECTION('',(-1.,0.,0.));
#12041 = PCURVE('',#12042,#12047);
#12042 = PLANE('',#12043);
#12043 = AXIS2_PLACEMENT_3D('',#12044,#12045,#12046);
#12044 = CARTESIAN_POINT('',(-14.,-7.7,17.2));
#12045 = DIRECTION('',(0.,0.,-1.));
#12046 = DIRECTION('',(0.,1.,0.));
#12047 = DEFINITIONAL_REPRESENTATION('',(#12048),#12052);
#12048 = LINE('',#12049,#12050);
#12049 = CARTESIAN_POINT('',(0.,0.));
#12050 = VECTOR('',#12051,1.);
#12051 = DIRECTION('',(0.,-1.));
#12052 = ( GEOMETRIC_REPRESENTATION_CONTEXT(2) 
PARAMETRIC_REPRESENTATION_CONTEXT() REPRESENTATION_CONTEXT('2D SPACE',''
  ) );
#12053 = PCURVE('',#12054,#12059);
#12054 = PLANE('',#12055);
#12055 = AXIS2_PLACEMENT_3D('',#12056,#12057,#12058);
#12056 = CARTESIAN_POINT('',(-14.,-7.7,8.8));
#12057 = DIRECTION('',(0.,1.,-0.));
#12058 = DIRECTION('',(0.,0.,1.));
#12059 = DEFINITIONAL_REPRESENTATION('',(#12060),#12064);
#12060 = LINE('',#12061,#12062);
#12061 = CARTESIAN_POINT('',(8.4,0.));
#12062 = VECTOR('',#12063,1.);
#12063 = DIRECTION('',(0.,-1.));
#12064 = ( GEOMETRIC_REPRESENTATION_CONTEXT(2) 
PARAMETRIC_REPRESENTATION_CONTEXT() REPRESENTATION_CONTEXT('2D SPACE',''
  ) );
#12065 = ORIENTED_EDGE('',*,*,#12066,.T.);
#12066 = EDGE_CURVE('',#12034,#12067,#12069,.T.);
#12067 = VERTEX_POINT('',#12068);
#12068 = CARTESIAN_POINT('',(-28.,5.8,17.2));
#12069 = SURFACE_CURVE('',#12070,(#12074,#12081),.PCURVE_S1.);
#12070 = LINE('',#12071,#12072);
#12071 = CARTESIAN_POINT('',(-28.,-7.7,17.2));
#12072 = VECTOR('',#12073,1.);
#12073 = DIRECTION('',(0.,1.,0.));
#12074 = PCURVE('',#12042,#12075);
#12075 = DEFINITIONAL_REPRESENTATION('',(#12076),#12080);
#12076 = LINE('',#12077,#12078);
#12077 = CARTESIAN_POINT('',(0.,-14.));
#12078 = VECTOR('',#12079,1.);
#12079 = DIRECTION('',(1.,0.));
#12080 = ( GEOMETRIC_REPRESENTATION_CONTEXT(2) 
PARAMETRIC_REPRESENTATION_CONTEXT() REPRESENTATION_CONTEXT('2D SPACE',''
  ) );
#12081 = PCURVE('',#12082,#12087);
#12082 = PLANE('',#12083);
#12083 = AXIS2_PLACEMENT_3D('',#12084,#12085,#12086);
#12084 = CARTESIAN_POINT('',(-28.,-0.410706955234,13.));
#12085 = DIRECTION('',(-1.,-0.,-0.));
#12086 = DIRECTION('',(0.,0.,-1.));
#12087 = DEFINITIONAL_REPRESENTATION('',(#12088),#12092);
#12088 = LINE('',#12089,#12090);
#12089 = CARTESIAN_POINT('',(-4.2,7.289293044766));
#12090 = VECTOR('',#12091,1.);
#12091 = DIRECTION('',(0.,-1.));
#12092 = ( GEOMETRIC_REPRESENTATION_CONTEXT(2) 
PARAMETRIC_REPRESENTATION_CONTEXT() REPRESENTATION_CONTEXT('2D SPACE',''
  ) );
#12093 = ORIENTED_EDGE('',*,*,#12094,.F.);
#12094 = EDGE_CURVE('',#12095,#12067,#12097,.T.);
#12095 = VERTEX_POINT('',#12096);
#12096 = CARTESIAN_POINT('',(-14.,5.8,17.2));
#12097 = SURFACE_CURVE('',#12098,(#12102,#12109),.PCURVE_S1.);
#12098 = LINE('',#12099,#12100);
#12099 = CARTESIAN_POINT('',(-14.,5.8,17.2));
#12100 = VECTOR('',#12101,1.);
#12101 = DIRECTION('',(-1.,0.,0.));
#12102 = PCURVE('',#12042,#12103);
#12103 = DEFINITIONAL_REPRESENTATION('',(#12104),#12108);
#12104 = LINE('',#12105,#12106);
#12105 = CARTESIAN_POINT('',(13.5,0.));
#12106 = VECTOR('',#12107,1.);
#12107 = DIRECTION('',(0.,-1.));
#12108 = ( GEOMETRIC_REPRESENTATION_CONTEXT(2) 
PARAMETRIC_REPRESENTATION_CONTEXT() REPRESENTATION_CONTEXT('2D SPACE',''
  ) );
#12109 = PCURVE('',#12110,#12115);
#12110 = PLANE('',#12111);
#12111 = AXIS2_PLACEMENT_3D('',#12112,#12113,#12114);
#12112 = CARTESIAN_POINT('',(-14.,5.8,17.2));
#12113 = DIRECTION('',(-0.,-0.707106781187,-0.707106781187));
#12114 = DIRECTION('',(0.,0.707106781187,-0.707106781187));
#12115 = DEFINITIONAL_REPRESENTATION('',(#12116),#12120);
#12116 = LINE('',#12117,#12118);
#12117 = CARTESIAN_POINT('',(0.,0.));
#12118 = VECTOR('',#12119,1.);
#12119 = DIRECTION('',(0.,-1.));
#12120 = ( GEOMETRIC_REPRESENTATION_CONTEXT(2) 
PARAMETRIC_REPRESENTATION_CONTEXT() REPRESENTATION_CONTEXT('2D SPACE',''
  ) );
#12121 = ORIENTED_EDGE('',*,*,#12122,.F.);
#12122 = EDGE_CURVE('',#12032,#12095,#12123,.T.);
#12123 = SURFACE_CURVE('',#12124,(#12128,#12135),.PCURVE_S1.);
#12124 = LINE('',#12125,#12126);
#12125 = CARTESIAN_POINT('',(-14.,-7.7,17.2));
#12126 = VECTOR('',#12127,1.);
#12127 = DIRECTION('',(0.,1.,0.));
#12128 = PCURVE('',#12042,#12129);
#12129 = DEFINITIONAL_REPRESENTATION('',(#12130),#12134);
#12130 = LINE('',#12131,#12132);
#12131 = CARTESIAN_POINT('',(0.,0.));
#12132 = VECTOR('',#12133,1.);
#12133 = DIRECTION('',(1.,0.));
#12134 = ( GEOMETRIC_REPRESENTATION_CONTEXT(2) 
PARAMETRIC_REPRESENTATION_CONTEXT() REPRESENTATION_CONTEXT('2D SPACE',''
  ) );
#12135 = PCURVE('',#12136,#12141);
#12136 = PLANE('',#12137);
#12137 = AXIS2_PLACEMENT_3D('',#12138,#12139,#12140);
#12138 = CARTESIAN_POINT('',(-14.,-0.410706955234,13.));
#12139 = DIRECTION('',(-1.,-0.,-0.));
#12140 = DIRECTION('',(0.,0.,-1.));
#12141 = DEFINITIONAL_REPRESENTATION('',(#12142),#12146);
#12142 = LINE('',#12143,#12144);
#12143 = CARTESIAN_POINT('',(-4.2,7.289293044766));
#12144 = VECTOR('',#12145,1.);
#12145 = DIRECTION('',(0.,-1.));
#12146 = ( GEOMETRIC_REPRESENTATION_CONTEXT(2) 
PARAMETRIC_REPRESENTATION_CONTEXT() REPRESENTATION_CONTEXT('2D SPACE',''
  ) );
#12147 = ADVANCED_FACE('',(#12148),#12054,.F.);
#12148 = FACE_BOUND('',#12149,.F.);
#12149 = EDGE_LOOP('',(#12150,#12180,#12201,#12202));
#12150 = ORIENTED_EDGE('',*,*,#12151,.T.);
#12151 = EDGE_CURVE('',#12152,#12154,#12156,.T.);
#12152 = VERTEX_POINT('',#12153);
#12153 = CARTESIAN_POINT('',(-14.,-7.7,8.8));
#12154 = VERTEX_POINT('',#12155);
#12155 = CARTESIAN_POINT('',(-28.,-7.7,8.8));
#12156 = SURFACE_CURVE('',#12157,(#12161,#12168),.PCURVE_S1.);
#12157 = LINE('',#12158,#12159);
#12158 = CARTESIAN_POINT('',(-14.,-7.7,8.8));
#12159 = VECTOR('',#12160,1.);
#12160 = DIRECTION('',(-1.,0.,0.));
#12161 = PCURVE('',#12054,#12162);
#12162 = DEFINITIONAL_REPRESENTATION('',(#12163),#12167);
#12163 = LINE('',#12164,#12165);
#12164 = CARTESIAN_POINT('',(0.,0.));
#12165 = VECTOR('',#12166,1.);
#12166 = DIRECTION('',(0.,-1.));
#12167 = ( GEOMETRIC_REPRESENTATION_CONTEXT(2) 
PARAMETRIC_REPRESENTATION_CONTEXT() REPRESENTATION_CONTEXT('2D SPACE',''
  ) );
#12168 = PCURVE('',#12169,#12174);
#12169 = PLANE('',#12170);
#12170 = AXIS2_PLACEMENT_3D('',#12171,#12172,#12173);
#12171 = CARTESIAN_POINT('',(-14.,5.8,8.8));
#12172 = DIRECTION('',(0.,0.,1.));
#12173 = DIRECTION('',(0.,-1.,0.));
#12174 = DEFINITIONAL_REPRESENTATION('',(#12175),#12179);
#12175 = LINE('',#12176,#12177);
#12176 = CARTESIAN_POINT('',(13.5,0.));
#12177 = VECTOR('',#12178,1.);
#12178 = DIRECTION('',(0.,-1.));
#12179 = ( GEOMETRIC_REPRESENTATION_CONTEXT(2) 
PARAMETRIC_REPRESENTATION_CONTEXT() REPRESENTATION_CONTEXT('2D SPACE',''
  ) );
#12180 = ORIENTED_EDGE('',*,*,#12181,.T.);
#12181 = EDGE_CURVE('',#12154,#12034,#12182,.T.);
#12182 = SURFACE_CURVE('',#12183,(#12187,#12194),.PCURVE_S1.);
#12183 = LINE('',#12184,#12185);
#12184 = CARTESIAN_POINT('',(-28.,-7.7,8.8));
#12185 = VECTOR('',#12186,1.);
#12186 = DIRECTION('',(0.,0.,1.));
#12187 = PCURVE('',#12054,#12188);
#12188 = DEFINITIONAL_REPRESENTATION('',(#12189),#12193);
#12189 = LINE('',#12190,#12191);
#12190 = CARTESIAN_POINT('',(0.,-14.));
#12191 = VECTOR('',#12192,1.);
#12192 = DIRECTION('',(1.,0.));
#12193 = ( GEOMETRIC_REPRESENTATION_CONTEXT(2) 
PARAMETRIC_REPRESENTATION_CONTEXT() REPRESENTATION_CONTEXT('2D SPACE',''
  ) );
#12194 = PCURVE('',#12082,#12195);
#12195 = DEFINITIONAL_REPRESENTATION('',(#12196),#12200);
#12196 = LINE('',#12197,#12198);
#12197 = CARTESIAN_POINT('',(4.2,7.289293044766));
#12198 = VECTOR('',#12199,1.);
#12199 = DIRECTION('',(-1.,0.));
#12200 = ( GEOMETRIC_REPRESENTATION_CONTEXT(2) 
PARAMETRIC_REPRESENTATION_CONTEXT() REPRESENTATION_CONTEXT('2D SPACE',''
  ) );
#12201 = ORIENTED_EDGE('',*,*,#12031,.F.);
#12202 = ORIENTED_EDGE('',*,*,#12203,.F.);
#12203 = EDGE_CURVE('',#12152,#12032,#12204,.T.);
#12204 = SURFACE_CURVE('',#12205,(#12209,#12216),.PCURVE_S1.);
#12205 = LINE('',#12206,#12207);
#12206 = CARTESIAN_POINT('',(-14.,-7.7,8.8));
#12207 = VECTOR('',#12208,1.);
#12208 = DIRECTION('',(0.,0.,1.));
#12209 = PCURVE('',#12054,#12210);
#12210 = DEFINITIONAL_REPRESENTATION('',(#12211),#12215);
#12211 = LINE('',#12212,#12213);
#12212 = CARTESIAN_POINT('',(0.,0.));
#12213 = VECTOR('',#12214,1.);
#12214 = DIRECTION('',(1.,0.));
#12215 = ( GEOMETRIC_REPRESENTATION_CONTEXT(2) 
PARAMETRIC_REPRESENTATION_CONTEXT() REPRESENTATION_CONTEXT('2D SPACE',''
  ) );
#12216 = PCURVE('',#12136,#12217);
#12217 = DEFINITIONAL_REPRESENTATION('',(#12218),#12222);
#12218 = LINE('',#12219,#12220);
#12219 = CARTESIAN_POINT('',(4.2,7.289293044766));
#12220 = VECTOR('',#12221,1.);
#12221 = DIRECTION('',(-1.,0.));
#12222 = ( GEOMETRIC_REPRESENTATION_CONTEXT(2) 
PARAMETRIC_REPRESENTATION_CONTEXT() REPRESENTATION_CONTEXT('2D SPACE',''
  ) );
#12223 = ADVANCED_FACE('',(#12224),#12110,.F.);
#12224 = FACE_BOUND('',#12225,.F.);
#12225 = EDGE_LOOP('',(#12226,#12227,#12250,#12278));
#12226 = ORIENTED_EDGE('',*,*,#12094,.T.);
#12227 = ORIENTED_EDGE('',*,*,#12228,.T.);
#12228 = EDGE_CURVE('',#12067,#12229,#12231,.T.);
#12229 = VERTEX_POINT('',#12230);
#12230 = CARTESIAN_POINT('',(-28.,7.7,15.3));
#12231 = SURFACE_CURVE('',#12232,(#12236,#12243),.PCURVE_S1.);
#12232 = LINE('',#12233,#12234);
#12233 = CARTESIAN_POINT('',(-28.,5.8,17.2));
#12234 = VECTOR('',#12235,1.);
#12235 = DIRECTION('',(0.,0.707106781187,-0.707106781187));
#12236 = PCURVE('',#12110,#12237);
#12237 = DEFINITIONAL_REPRESENTATION('',(#12238),#12242);
#12238 = LINE('',#12239,#12240);
#12239 = CARTESIAN_POINT('',(0.,-14.));
#12240 = VECTOR('',#12241,1.);
#12241 = DIRECTION('',(1.,0.));
#12242 = ( GEOMETRIC_REPRESENTATION_CONTEXT(2) 
PARAMETRIC_REPRESENTATION_CONTEXT() REPRESENTATION_CONTEXT('2D SPACE',''
  ) );
#12243 = PCURVE('',#12082,#12244);
#12244 = DEFINITIONAL_REPRESENTATION('',(#12245),#12249);
#12245 = LINE('',#12246,#12247);
#12246 = CARTESIAN_POINT('',(-4.2,-6.210706955234));
#12247 = VECTOR('',#12248,1.);
#12248 = DIRECTION('',(0.707106781187,-0.707106781187));
#12249 = ( GEOMETRIC_REPRESENTATION_CONTEXT(2) 
PARAMETRIC_REPRESENTATION_CONTEXT() REPRESENTATION_CONTEXT('2D SPACE',''
  ) );
#12250 = ORIENTED_EDGE('',*,*,#12251,.F.);
#12251 = EDGE_CURVE('',#12252,#12229,#12254,.T.);
#12252 = VERTEX_POINT('',#12253);
#12253 = CARTESIAN_POINT('',(-14.,7.7,15.3));
#12254 = SURFACE_CURVE('',#12255,(#12259,#12266),.PCURVE_S1.);
#12255 = LINE('',#12256,#12257);
#12256 = CARTESIAN_POINT('',(-14.,7.7,15.3));
#12257 = VECTOR('',#12258,1.);
#12258 = DIRECTION('',(-1.,0.,0.));
#12259 = PCURVE('',#12110,#12260);
#12260 = DEFINITIONAL_REPRESENTATION('',(#12261),#12265);
#12261 = LINE('',#12262,#12263);
#12262 = CARTESIAN_POINT('',(2.687005768509,0.));
#12263 = VECTOR('',#12264,1.);
#12264 = DIRECTION('',(0.,-1.));
#12265 = ( GEOMETRIC_REPRESENTATION_CONTEXT(2) 
PARAMETRIC_REPRESENTATION_CONTEXT() REPRESENTATION_CONTEXT('2D SPACE',''
  ) );
#12266 = PCURVE('',#12267,#12272);
#12267 = PLANE('',#12268);
#12268 = AXIS2_PLACEMENT_3D('',#12269,#12270,#12271);
#12269 = CARTESIAN_POINT('',(-14.,7.7,15.3));
#12270 = DIRECTION('',(-0.,-1.,-0.));
#12271 = DIRECTION('',(0.,0.,-1.));
#12272 = DEFINITIONAL_REPRESENTATION('',(#12273),#12277);
#12273 = LINE('',#12274,#12275);
#12274 = CARTESIAN_POINT('',(0.,0.));
#12275 = VECTOR('',#12276,1.);
#12276 = DIRECTION('',(0.,-1.));
#12277 = ( GEOMETRIC_REPRESENTATION_CONTEXT(2) 
PARAMETRIC_REPRESENTATION_CONTEXT() REPRESENTATION_CONTEXT('2D SPACE',''
  ) );
#12278 = ORIENTED_EDGE('',*,*,#12279,.F.);
#12279 = EDGE_CURVE('',#12095,#12252,#12280,.T.);
#12280 = SURFACE_CURVE('',#12281,(#12285,#12292),.PCURVE_S1.);
#12281 = LINE('',#12282,#12283);
#12282 = CARTESIAN_POINT('',(-14.,5.8,17.2));
#12283 = VECTOR('',#12284,1.);
#12284 = DIRECTION('',(0.,0.707106781187,-0.707106781187));
#12285 = PCURVE('',#12110,#12286);
#12286 = DEFINITIONAL_REPRESENTATION('',(#12287),#12291);
#12287 = LINE('',#12288,#12289);
#12288 = CARTESIAN_POINT('',(0.,0.));
#12289 = VECTOR('',#12290,1.);
#12290 = DIRECTION('',(1.,0.));
#12291 = ( GEOMETRIC_REPRESENTATION_CONTEXT(2) 
PARAMETRIC_REPRESENTATION_CONTEXT() REPRESENTATION_CONTEXT('2D SPACE',''
  ) );
#12292 = PCURVE('',#12136,#12293);
#12293 = DEFINITIONAL_REPRESENTATION('',(#12294),#12298);
#12294 = LINE('',#12295,#12296);
#12295 = CARTESIAN_POINT('',(-4.2,-6.210706955234));
#12296 = VECTOR('',#12297,1.);
#12297 = DIRECTION('',(0.707106781187,-0.707106781187));
#12298 = ( GEOMETRIC_REPRESENTATION_CONTEXT(2) 
PARAMETRIC_REPRESENTATION_CONTEXT() REPRESENTATION_CONTEXT('2D SPACE',''
  ) );
#12299 = ADVANCED_FACE('',(#12300),#12136,.F.);
#12300 = FACE_BOUND('',#12301,.F.);
#12301 = EDGE_LOOP('',(#12302,#12303,#12304,#12327,#12355,#12376));
#12302 = ORIENTED_EDGE('',*,*,#12122,.T.);
#12303 = ORIENTED_EDGE('',*,*,#12279,.T.);
#12304 = ORIENTED_EDGE('',*,*,#12305,.T.);
#12305 = EDGE_CURVE('',#12252,#12306,#12308,.T.);
#12306 = VERTEX_POINT('',#12307);
#12307 = CARTESIAN_POINT('',(-14.,7.7,10.7));
#12308 = SURFACE_CURVE('',#12309,(#12313,#12320),.PCURVE_S1.);
#12309 = LINE('',#12310,#12311);
#12310 = CARTESIAN_POINT('',(-14.,7.7,15.3));
#12311 = VECTOR('',#12312,1.);
#12312 = DIRECTION('',(0.,0.,-1.));
#12313 = PCURVE('',#12136,#12314);
#12314 = DEFINITIONAL_REPRESENTATION('',(#12315),#12319);
#12315 = LINE('',#12316,#12317);
#12316 = CARTESIAN_POINT('',(-2.3,-8.110706955234));
#12317 = VECTOR('',#12318,1.);
#12318 = DIRECTION('',(1.,0.));
#12319 = ( GEOMETRIC_REPRESENTATION_CONTEXT(2) 
PARAMETRIC_REPRESENTATION_CONTEXT() REPRESENTATION_CONTEXT('2D SPACE',''
  ) );
#12320 = PCURVE('',#12267,#12321);
#12321 = DEFINITIONAL_REPRESENTATION('',(#12322),#12326);
#12322 = LINE('',#12323,#12324);
#12323 = CARTESIAN_POINT('',(0.,0.));
#12324 = VECTOR('',#12325,1.);
#12325 = DIRECTION('',(1.,0.));
#12326 = ( GEOMETRIC_REPRESENTATION_CONTEXT(2) 
PARAMETRIC_REPRESENTATION_CONTEXT() REPRESENTATION_CONTEXT('2D SPACE',''
  ) );
#12327 = ORIENTED_EDGE('',*,*,#12328,.T.);
#12328 = EDGE_CURVE('',#12306,#12329,#12331,.T.);
#12329 = VERTEX_POINT('',#12330);
#12330 = CARTESIAN_POINT('',(-14.,5.8,8.8));
#12331 = SURFACE_CURVE('',#12332,(#12336,#12343),.PCURVE_S1.);
#12332 = LINE('',#12333,#12334);
#12333 = CARTESIAN_POINT('',(-14.,7.7,10.7));
#12334 = VECTOR('',#12335,1.);
#12335 = DIRECTION('',(0.,-0.707106781187,-0.707106781187));
#12336 = PCURVE('',#12136,#12337);
#12337 = DEFINITIONAL_REPRESENTATION('',(#12338),#12342);
#12338 = LINE('',#12339,#12340);
#12339 = CARTESIAN_POINT('',(2.3,-8.110706955234));
#12340 = VECTOR('',#12341,1.);
#12341 = DIRECTION('',(0.707106781187,0.707106781187));
#12342 = ( GEOMETRIC_REPRESENTATION_CONTEXT(2) 
PARAMETRIC_REPRESENTATION_CONTEXT() REPRESENTATION_CONTEXT('2D SPACE',''
  ) );
#12343 = PCURVE('',#12344,#12349);
#12344 = PLANE('',#12345);
#12345 = AXIS2_PLACEMENT_3D('',#12346,#12347,#12348);
#12346 = CARTESIAN_POINT('',(-14.,7.7,10.7));
#12347 = DIRECTION('',(0.,-0.707106781187,0.707106781187));
#12348 = DIRECTION('',(0.,-0.707106781187,-0.707106781187));
#12349 = DEFINITIONAL_REPRESENTATION('',(#12350),#12354);
#12350 = LINE('',#12351,#12352);
#12351 = CARTESIAN_POINT('',(0.,0.));
#12352 = VECTOR('',#12353,1.);
#12353 = DIRECTION('',(1.,0.));
#12354 = ( GEOMETRIC_REPRESENTATION_CONTEXT(2) 
PARAMETRIC_REPRESENTATION_CONTEXT() REPRESENTATION_CONTEXT('2D SPACE',''
  ) );
#12355 = ORIENTED_EDGE('',*,*,#12356,.T.);
#12356 = EDGE_CURVE('',#12329,#12152,#12357,.T.);
#12357 = SURFACE_CURVE('',#12358,(#12362,#12369),.PCURVE_S1.);
#12358 = LINE('',#12359,#12360);
#12359 = CARTESIAN_POINT('',(-14.,5.8,8.8));
#12360 = VECTOR('',#12361,1.);
#12361 = DIRECTION('',(0.,-1.,0.));
#12362 = PCURVE('',#12136,#12363);
#12363 = DEFINITIONAL_REPRESENTATION('',(#12364),#12368);
#12364 = LINE('',#12365,#12366);
#12365 = CARTESIAN_POINT('',(4.2,-6.210706955234));
#12366 = VECTOR('',#12367,1.);
#12367 = DIRECTION('',(0.,1.));
#12368 = ( GEOMETRIC_REPRESENTATION_CONTEXT(2) 
PARAMETRIC_REPRESENTATION_CONTEXT() REPRESENTATION_CONTEXT('2D SPACE',''
  ) );
#12369 = PCURVE('',#12169,#12370);
#12370 = DEFINITIONAL_REPRESENTATION('',(#12371),#12375);
#12371 = LINE('',#12372,#12373);
#12372 = CARTESIAN_POINT('',(0.,0.));
#12373 = VECTOR('',#12374,1.);
#12374 = DIRECTION('',(1.,0.));
#12375 = ( GEOMETRIC_REPRESENTATION_CONTEXT(2) 
PARAMETRIC_REPRESENTATION_CONTEXT() REPRESENTATION_CONTEXT('2D SPACE',''
  ) );
#12376 = ORIENTED_EDGE('',*,*,#12203,.T.);
#12377 = ADVANCED_FACE('',(#12378,#12450,#12485),#12082,.T.);
#12378 = FACE_BOUND('',#12379,.T.);
#12379 = EDGE_LOOP('',(#12380,#12381,#12382,#12405,#12428,#12449));
#12380 = ORIENTED_EDGE('',*,*,#12066,.T.);
#12381 = ORIENTED_EDGE('',*,*,#12228,.T.);
#12382 = ORIENTED_EDGE('',*,*,#12383,.T.);
#12383 = EDGE_CURVE('',#12229,#12384,#12386,.T.);
#12384 = VERTEX_POINT('',#12385);
#12385 = CARTESIAN_POINT('',(-28.,7.7,10.7));
#12386 = SURFACE_CURVE('',#12387,(#12391,#12398),.PCURVE_S1.);
#12387 = LINE('',#12388,#12389);
#12388 = CARTESIAN_POINT('',(-28.,7.7,15.3));
#12389 = VECTOR('',#12390,1.);
#12390 = DIRECTION('',(0.,0.,-1.));
#12391 = PCURVE('',#12082,#12392);
#12392 = DEFINITIONAL_REPRESENTATION('',(#12393),#12397);
#12393 = LINE('',#12394,#12395);
#12394 = CARTESIAN_POINT('',(-2.3,-8.110706955234));
#12395 = VECTOR('',#12396,1.);
#12396 = DIRECTION('',(1.,0.));
#12397 = ( GEOMETRIC_REPRESENTATION_CONTEXT(2) 
PARAMETRIC_REPRESENTATION_CONTEXT() REPRESENTATION_CONTEXT('2D SPACE',''
  ) );
#12398 = PCURVE('',#12267,#12399);
#12399 = DEFINITIONAL_REPRESENTATION('',(#12400),#12404);
#12400 = LINE('',#12401,#12402);
#12401 = CARTESIAN_POINT('',(0.,-14.));
#12402 = VECTOR('',#12403,1.);
#12403 = DIRECTION('',(1.,0.));
#12404 = ( GEOMETRIC_REPRESENTATION_CONTEXT(2) 
PARAMETRIC_REPRESENTATION_CONTEXT() REPRESENTATION_CONTEXT('2D SPACE',''
  ) );
#12405 = ORIENTED_EDGE('',*,*,#12406,.T.);
#12406 = EDGE_CURVE('',#12384,#12407,#12409,.T.);
#12407 = VERTEX_POINT('',#12408);
#12408 = CARTESIAN_POINT('',(-28.,5.8,8.8));
#12409 = SURFACE_CURVE('',#12410,(#12414,#12421),.PCURVE_S1.);
#12410 = LINE('',#12411,#12412);
#12411 = CARTESIAN_POINT('',(-28.,7.7,10.7));
#12412 = VECTOR('',#12413,1.);
#12413 = DIRECTION('',(0.,-0.707106781187,-0.707106781187));
#12414 = PCURVE('',#12082,#12415);
#12415 = DEFINITIONAL_REPRESENTATION('',(#12416),#12420);
#12416 = LINE('',#12417,#12418);
#12417 = CARTESIAN_POINT('',(2.3,-8.110706955234));
#12418 = VECTOR('',#12419,1.);
#12419 = DIRECTION('',(0.707106781187,0.707106781187));
#12420 = ( GEOMETRIC_REPRESENTATION_CONTEXT(2) 
PARAMETRIC_REPRESENTATION_CONTEXT() REPRESENTATION_CONTEXT('2D SPACE',''
  ) );
#12421 = PCURVE('',#12344,#12422);
#12422 = DEFINITIONAL_REPRESENTATION('',(#12423),#12427);
#12423 = LINE('',#12424,#12425);
#12424 = CARTESIAN_POINT('',(-0.,-14.));
#12425 = VECTOR('',#12426,1.);
#12426 = DIRECTION('',(1.,0.));
#12427 = ( GEOMETRIC_REPRESENTATION_CONTEXT(2) 
PARAMETRIC_REPRESENTATION_CONTEXT() REPRESENTATION_CONTEXT('2D SPACE',''
  ) );
#12428 = ORIENTED_EDGE('',*,*,#12429,.T.);
#12429 = EDGE_CURVE('',#12407,#12154,#12430,.T.);
#12430 = SURFACE_CURVE('',#12431,(#12435,#12442),.PCURVE_S1.);
#12431 = LINE('',#12432,#12433);
#12432 = CARTESIAN_POINT('',(-28.,5.8,8.8));
#12433 = VECTOR('',#12434,1.);
#12434 = DIRECTION('',(0.,-1.,0.));
#12435 = PCURVE('',#12082,#12436);
#12436 = DEFINITIONAL_REPRESENTATION('',(#12437),#12441);
#12437 = LINE('',#12438,#12439);
#12438 = CARTESIAN_POINT('',(4.2,-6.210706955234));
#12439 = VECTOR('',#12440,1.);
#12440 = DIRECTION('',(0.,1.));
#12441 = ( GEOMETRIC_REPRESENTATION_CONTEXT(2) 
PARAMETRIC_REPRESENTATION_CONTEXT() REPRESENTATION_CONTEXT('2D SPACE',''
  ) );
#12442 = PCURVE('',#12169,#12443);
#12443 = DEFINITIONAL_REPRESENTATION('',(#12444),#12448);
#12444 = LINE('',#12445,#12446);
#12445 = CARTESIAN_POINT('',(0.,-14.));
#12446 = VECTOR('',#12447,1.);
#12447 = DIRECTION('',(1.,0.));
#12448 = ( GEOMETRIC_REPRESENTATION_CONTEXT(2) 
PARAMETRIC_REPRESENTATION_CONTEXT() REPRESENTATION_CONTEXT('2D SPACE',''
  ) );
#12449 = ORIENTED_EDGE('',*,*,#12181,.T.);
#12450 = FACE_BOUND('',#12451,.T.);
#12451 = EDGE_LOOP('',(#12452));
#12452 = ORIENTED_EDGE('',*,*,#12453,.T.);
#12453 = EDGE_CURVE('',#12454,#12454,#12456,.T.);
#12454 = VERTEX_POINT('',#12455);
#12455 = CARTESIAN_POINT('',(-28.,3.6,15.45));
#12456 = SURFACE_CURVE('',#12457,(#12462,#12473),.PCURVE_S1.);
#12457 = CIRCLE('',#12458,2.45);
#12458 = AXIS2_PLACEMENT_3D('',#12459,#12460,#12461);
#12459 = CARTESIAN_POINT('',(-28.,3.6,13.));
#12460 = DIRECTION('',(1.,0.,0.));
#12461 = DIRECTION('',(-0.,0.,1.));
#12462 = PCURVE('',#12082,#12463);
#12463 = DEFINITIONAL_REPRESENTATION('',(#12464),#12472);
#12464 = ( BOUNDED_CURVE() B_SPLINE_CURVE(2,(#12465,#12466,#12467,#12468
    ,#12469,#12470,#12471),.UNSPECIFIED.,.T.,.F.) 
B_SPLINE_CURVE_WITH_KNOTS((1,2,2,2,2,1),(-2.094395102393,0.,
    2.094395102393,4.188790204786,6.28318530718,8.377580409573),
.UNSPECIFIED.) CURVE() GEOMETRIC_REPRESENTATION_ITEM() 
RATIONAL_B_SPLINE_CURVE((1.,0.5,1.,0.5,1.,0.5,1.)) REPRESENTATION_ITEM(
  '') );
#12465 = CARTESIAN_POINT('',(-2.45,-4.010706955234));
#12466 = CARTESIAN_POINT('',(-2.45,0.23281752331));
#12467 = CARTESIAN_POINT('',(1.225,-1.888944715962));
#12468 = CARTESIAN_POINT('',(4.9,-4.010706955234));
#12469 = CARTESIAN_POINT('',(1.225,-6.132469194506));
#12470 = CARTESIAN_POINT('',(-2.45,-8.254231433778));
#12471 = CARTESIAN_POINT('',(-2.45,-4.010706955234));
#12472 = ( GEOMETRIC_REPRESENTATION_CONTEXT(2) 
PARAMETRIC_REPRESENTATION_CONTEXT() REPRESENTATION_CONTEXT('2D SPACE',''
  ) );
#12473 = PCURVE('',#12474,#12479);
#12474 = CYLINDRICAL_SURFACE('',#12475,2.45);
#12475 = AXIS2_PLACEMENT_3D('',#12476,#12477,#12478);
#12476 = CARTESIAN_POINT('',(-28.,3.6,13.));
#12477 = DIRECTION('',(1.,0.,0.));
#12478 = DIRECTION('',(-0.,0.,1.));
#12479 = DEFINITIONAL_REPRESENTATION('',(#12480),#12484);
#12480 = LINE('',#12481,#12482);
#12481 = CARTESIAN_POINT('',(0.,0.));
#12482 = VECTOR('',#12483,1.);
#12483 = DIRECTION('',(1.,0.));
#12484 = ( GEOMETRIC_REPRESENTATION_CONTEXT(2) 
PARAMETRIC_REPRESENTATION_CONTEXT() REPRESENTATION_CONTEXT('2D SPACE',''
  ) );
#12485 = FACE_BOUND('',#12486,.T.);
#12486 = EDGE_LOOP('',(#12487));
#12487 = ORIENTED_EDGE('',*,*,#12488,.T.);
#12488 = EDGE_CURVE('',#12489,#12489,#12491,.T.);
#12489 = VERTEX_POINT('',#12490);
#12490 = CARTESIAN_POINT('',(-28.,-3.6,15.45));
#12491 = SURFACE_CURVE('',#12492,(#12497,#12508),.PCURVE_S1.);
#12492 = CIRCLE('',#12493,2.45);
#12493 = AXIS2_PLACEMENT_3D('',#12494,#12495,#12496);
#12494 = CARTESIAN_POINT('',(-28.,-3.6,13.));
#12495 = DIRECTION('',(1.,0.,0.));
#12496 = DIRECTION('',(-0.,0.,1.));
#12497 = PCURVE('',#12082,#12498);
#12498 = DEFINITIONAL_REPRESENTATION('',(#12499),#12507);
#12499 = ( BOUNDED_CURVE() B_SPLINE_CURVE(2,(#12500,#12501,#12502,#12503
    ,#12504,#12505,#12506),.UNSPECIFIED.,.T.,.F.) 
B_SPLINE_CURVE_WITH_KNOTS((1,2,2,2,2,1),(-2.094395102393,0.,
    2.094395102393,4.188790204786,6.28318530718,8.377580409573),
.UNSPECIFIED.) CURVE() GEOMETRIC_REPRESENTATION_ITEM() 
RATIONAL_B_SPLINE_CURVE((1.,0.5,1.,0.5,1.,0.5,1.)) REPRESENTATION_ITEM(
  '') );
#12500 = CARTESIAN_POINT('',(-2.45,3.189293044766));
#12501 = CARTESIAN_POINT('',(-2.45,7.43281752331));
#12502 = CARTESIAN_POINT('',(1.225,5.311055284038));
#12503 = CARTESIAN_POINT('',(4.9,3.189293044766));
#12504 = CARTESIAN_POINT('',(1.225,1.067530805494));
#12505 = CARTESIAN_POINT('',(-2.45,-1.054231433778));
#12506 = CARTESIAN_POINT('',(-2.45,3.189293044766));
#12507 = ( GEOMETRIC_REPRESENTATION_CONTEXT(2) 
PARAMETRIC_REPRESENTATION_CONTEXT() REPRESENTATION_CONTEXT('2D SPACE',''
  ) );
#12508 = PCURVE('',#12509,#12514);
#12509 = CYLINDRICAL_SURFACE('',#12510,2.45);
#12510 = AXIS2_PLACEMENT_3D('',#12511,#12512,#12513);
#12511 = CARTESIAN_POINT('',(-28.,-3.6,13.));
#12512 = DIRECTION('',(1.,0.,0.));
#12513 = DIRECTION('',(-0.,0.,1.));
#12514 = DEFINITIONAL_REPRESENTATION('',(#12515),#12519);
#12515 = LINE('',#12516,#12517);
#12516 = CARTESIAN_POINT('',(0.,0.));
#12517 = VECTOR('',#12518,1.);
#12518 = DIRECTION('',(1.,0.));
#12519 = ( GEOMETRIC_REPRESENTATION_CONTEXT(2) 
PARAMETRIC_REPRESENTATION_CONTEXT() REPRESENTATION_CONTEXT('2D SPACE',''
  ) );
#12520 = ADVANCED_FACE('',(#12521),#12169,.F.);
#12521 = FACE_BOUND('',#12522,.F.);
#12522 = EDGE_LOOP('',(#12523,#12544,#12545,#12546));
#12523 = ORIENTED_EDGE('',*,*,#12524,.T.);
#12524 = EDGE_CURVE('',#12329,#12407,#12525,.T.);
#12525 = SURFACE_CURVE('',#12526,(#12530,#12537),.PCURVE_S1.);
#12526 = LINE('',#12527,#12528);
#12527 = CARTESIAN_POINT('',(-14.,5.8,8.8));
#12528 = VECTOR('',#12529,1.);
#12529 = DIRECTION('',(-1.,0.,0.));
#12530 = PCURVE('',#12169,#12531);
#12531 = DEFINITIONAL_REPRESENTATION('',(#12532),#12536);
#12532 = LINE('',#12533,#12534);
#12533 = CARTESIAN_POINT('',(0.,0.));
#12534 = VECTOR('',#12535,1.);
#12535 = DIRECTION('',(0.,-1.));
#12536 = ( GEOMETRIC_REPRESENTATION_CONTEXT(2) 
PARAMETRIC_REPRESENTATION_CONTEXT() REPRESENTATION_CONTEXT('2D SPACE',''
  ) );
#12537 = PCURVE('',#12344,#12538);
#12538 = DEFINITIONAL_REPRESENTATION('',(#12539),#12543);
#12539 = LINE('',#12540,#12541);
#12540 = CARTESIAN_POINT('',(2.687005768509,0.));
#12541 = VECTOR('',#12542,1.);
#12542 = DIRECTION('',(-0.,-1.));
#12543 = ( GEOMETRIC_REPRESENTATION_CONTEXT(2) 
PARAMETRIC_REPRESENTATION_CONTEXT() REPRESENTATION_CONTEXT('2D SPACE',''
  ) );
#12544 = ORIENTED_EDGE('',*,*,#12429,.T.);
#12545 = ORIENTED_EDGE('',*,*,#12151,.F.);
#12546 = ORIENTED_EDGE('',*,*,#12356,.F.);
#12547 = ADVANCED_FACE('',(#12548),#12267,.F.);
#12548 = FACE_BOUND('',#12549,.F.);
#12549 = EDGE_LOOP('',(#12550,#12551,#12552,#12573));
#12550 = ORIENTED_EDGE('',*,*,#12251,.T.);
#12551 = ORIENTED_EDGE('',*,*,#12383,.T.);
#12552 = ORIENTED_EDGE('',*,*,#12553,.F.);
#12553 = EDGE_CURVE('',#12306,#12384,#12554,.T.);
#12554 = SURFACE_CURVE('',#12555,(#12559,#12566),.PCURVE_S1.);
#12555 = LINE('',#12556,#12557);
#12556 = CARTESIAN_POINT('',(-14.,7.7,10.7));
#12557 = VECTOR('',#12558,1.);
#12558 = DIRECTION('',(-1.,0.,0.));
#12559 = PCURVE('',#12267,#12560);
#12560 = DEFINITIONAL_REPRESENTATION('',(#12561),#12565);
#12561 = LINE('',#12562,#12563);
#12562 = CARTESIAN_POINT('',(4.6,0.));
#12563 = VECTOR('',#12564,1.);
#12564 = DIRECTION('',(0.,-1.));
#12565 = ( GEOMETRIC_REPRESENTATION_CONTEXT(2) 
PARAMETRIC_REPRESENTATION_CONTEXT() REPRESENTATION_CONTEXT('2D SPACE',''
  ) );
#12566 = PCURVE('',#12344,#12567);
#12567 = DEFINITIONAL_REPRESENTATION('',(#12568),#12572);
#12568 = LINE('',#12569,#12570);
#12569 = CARTESIAN_POINT('',(0.,0.));
#12570 = VECTOR('',#12571,1.);
#12571 = DIRECTION('',(-0.,-1.));
#12572 = ( GEOMETRIC_REPRESENTATION_CONTEXT(2) 
PARAMETRIC_REPRESENTATION_CONTEXT() REPRESENTATION_CONTEXT('2D SPACE',''
  ) );
#12573 = ORIENTED_EDGE('',*,*,#12305,.F.);
#12574 = ADVANCED_FACE('',(#12575),#12344,.F.);
#12575 = FACE_BOUND('',#12576,.F.);
#12576 = EDGE_LOOP('',(#12577,#12578,#12579,#12580));
#12577 = ORIENTED_EDGE('',*,*,#12553,.T.);
#12578 = ORIENTED_EDGE('',*,*,#12406,.T.);
#12579 = ORIENTED_EDGE('',*,*,#12524,.F.);
#12580 = ORIENTED_EDGE('',*,*,#12328,.F.);
#12581 = ADVANCED_FACE('',(#12582),#12474,.F.);
#12582 = FACE_BOUND('',#12583,.F.);
#12583 = EDGE_LOOP('',(#12584,#12613,#12634,#12635));
#12584 = ORIENTED_EDGE('',*,*,#12585,.F.);
#12585 = EDGE_CURVE('',#12586,#12586,#12588,.T.);
#12586 = VERTEX_POINT('',#12587);
#12587 = CARTESIAN_POINT('',(-21.,3.6,15.45));
#12588 = SURFACE_CURVE('',#12589,(#12594,#12601),.PCURVE_S1.);
#12589 = CIRCLE('',#12590,2.45);
#12590 = AXIS2_PLACEMENT_3D('',#12591,#12592,#12593);
#12591 = CARTESIAN_POINT('',(-21.,3.6,13.));
#12592 = DIRECTION('',(1.,0.,0.));
#12593 = DIRECTION('',(-0.,0.,1.));
#12594 = PCURVE('',#12474,#12595);
#12595 = DEFINITIONAL_REPRESENTATION('',(#12596),#12600);
#12596 = LINE('',#12597,#12598);
#12597 = CARTESIAN_POINT('',(0.,7.));
#12598 = VECTOR('',#12599,1.);
#12599 = DIRECTION('',(1.,0.));
#12600 = ( GEOMETRIC_REPRESENTATION_CONTEXT(2) 
PARAMETRIC_REPRESENTATION_CONTEXT() REPRESENTATION_CONTEXT('2D SPACE',''
  ) );
#12601 = PCURVE('',#12602,#12607);
#12602 = PLANE('',#12603);
#12603 = AXIS2_PLACEMENT_3D('',#12604,#12605,#12606);
#12604 = CARTESIAN_POINT('',(-21.,3.6,13.));
#12605 = DIRECTION('',(1.,0.,0.));
#12606 = DIRECTION('',(-0.,0.,1.));
#12607 = DEFINITIONAL_REPRESENTATION('',(#12608),#12612);
#12608 = CIRCLE('',#12609,2.45);
#12609 = AXIS2_PLACEMENT_2D('',#12610,#12611);
#12610 = CARTESIAN_POINT('',(0.,0.));
#12611 = DIRECTION('',(1.,0.));
#12612 = ( GEOMETRIC_REPRESENTATION_CONTEXT(2) 
PARAMETRIC_REPRESENTATION_CONTEXT() REPRESENTATION_CONTEXT('2D SPACE',''
  ) );
#12613 = ORIENTED_EDGE('',*,*,#12614,.F.);
#12614 = EDGE_CURVE('',#12454,#12586,#12615,.T.);
#12615 = SEAM_CURVE('',#12616,(#12620,#12627),.PCURVE_S1.);
#12616 = LINE('',#12617,#12618);
#12617 = CARTESIAN_POINT('',(-28.,3.6,15.45));
#12618 = VECTOR('',#12619,1.);
#12619 = DIRECTION('',(1.,0.,0.));
#12620 = PCURVE('',#12474,#12621);
#12621 = DEFINITIONAL_REPRESENTATION('',(#12622),#12626);
#12622 = LINE('',#12623,#12624);
#12623 = CARTESIAN_POINT('',(6.28318530718,-0.));
#12624 = VECTOR('',#12625,1.);
#12625 = DIRECTION('',(0.,1.));
#12626 = ( GEOMETRIC_REPRESENTATION_CONTEXT(2) 
PARAMETRIC_REPRESENTATION_CONTEXT() REPRESENTATION_CONTEXT('2D SPACE',''
  ) );
#12627 = PCURVE('',#12474,#12628);
#12628 = DEFINITIONAL_REPRESENTATION('',(#12629),#12633);
#12629 = LINE('',#12630,#12631);
#12630 = CARTESIAN_POINT('',(0.,-0.));
#12631 = VECTOR('',#12632,1.);
#12632 = DIRECTION('',(0.,1.));
#12633 = ( GEOMETRIC_REPRESENTATION_CONTEXT(2) 
PARAMETRIC_REPRESENTATION_CONTEXT() REPRESENTATION_CONTEXT('2D SPACE',''
  ) );
#12634 = ORIENTED_EDGE('',*,*,#12453,.T.);
#12635 = ORIENTED_EDGE('',*,*,#12614,.T.);
#12636 = ADVANCED_FACE('',(#12637),#12509,.F.);
#12637 = FACE_BOUND('',#12638,.F.);
#12638 = EDGE_LOOP('',(#12639,#12668,#12689,#12690));
#12639 = ORIENTED_EDGE('',*,*,#12640,.F.);
#12640 = EDGE_CURVE('',#12641,#12641,#12643,.T.);
#12641 = VERTEX_POINT('',#12642);
#12642 = CARTESIAN_POINT('',(-21.,-3.6,15.45));
#12643 = SURFACE_CURVE('',#12644,(#12649,#12656),.PCURVE_S1.);
#12644 = CIRCLE('',#12645,2.45);
#12645 = AXIS2_PLACEMENT_3D('',#12646,#12647,#12648);
#12646 = CARTESIAN_POINT('',(-21.,-3.6,13.));
#12647 = DIRECTION('',(1.,0.,0.));
#12648 = DIRECTION('',(-0.,0.,1.));
#12649 = PCURVE('',#12509,#12650);
#12650 = DEFINITIONAL_REPRESENTATION('',(#12651),#12655);
#12651 = LINE('',#12652,#12653);
#12652 = CARTESIAN_POINT('',(0.,7.));
#12653 = VECTOR('',#12654,1.);
#12654 = DIRECTION('',(1.,0.));
#12655 = ( GEOMETRIC_REPRESENTATION_CONTEXT(2) 
PARAMETRIC_REPRESENTATION_CONTEXT() REPRESENTATION_CONTEXT('2D SPACE',''
  ) );
#12656 = PCURVE('',#12657,#12662);
#12657 = PLANE('',#12658);
#12658 = AXIS2_PLACEMENT_3D('',#12659,#12660,#12661);
#12659 = CARTESIAN_POINT('',(-21.,-3.6,13.));
#12660 = DIRECTION('',(1.,0.,0.));
#12661 = DIRECTION('',(-0.,0.,1.));
#12662 = DEFINITIONAL_REPRESENTATION('',(#12663),#12667);
#12663 = CIRCLE('',#12664,2.45);
#12664 = AXIS2_PLACEMENT_2D('',#12665,#12666);
#12665 = CARTESIAN_POINT('',(0.,0.));
#12666 = DIRECTION('',(1.,0.));
#12667 = ( GEOMETRIC_REPRESENTATION_CONTEXT(2) 
PARAMETRIC_REPRESENTATION_CONTEXT() REPRESENTATION_CONTEXT('2D SPACE',''
  ) );
#12668 = ORIENTED_EDGE('',*,*,#12669,.F.);
#12669 = EDGE_CURVE('',#12489,#12641,#12670,.T.);
#12670 = SEAM_CURVE('',#12671,(#12675,#12682),.PCURVE_S1.);
#12671 = LINE('',#12672,#12673);
#12672 = CARTESIAN_POINT('',(-28.,-3.6,15.45));
#12673 = VECTOR('',#12674,1.);
#12674 = DIRECTION('',(1.,0.,0.));
#12675 = PCURVE('',#12509,#12676);
#12676 = DEFINITIONAL_REPRESENTATION('',(#12677),#12681);
#12677 = LINE('',#12678,#12679);
#12678 = CARTESIAN_POINT('',(6.28318530718,-0.));
#12679 = VECTOR('',#12680,1.);
#12680 = DIRECTION('',(0.,1.));
#12681 = ( GEOMETRIC_REPRESENTATION_CONTEXT(2) 
PARAMETRIC_REPRESENTATION_CONTEXT() REPRESENTATION_CONTEXT('2D SPACE',''
  ) );
#12682 = PCURVE('',#12509,#12683);
#12683 = DEFINITIONAL_REPRESENTATION('',(#12684),#12688);
#12684 = LINE('',#12685,#12686);
#12685 = CARTESIAN_POINT('',(0.,-0.));
#12686 = VECTOR('',#12687,1.);
#12687 = DIRECTION('',(0.,1.));
#12688 = ( GEOMETRIC_REPRESENTATION_CONTEXT(2) 
PARAMETRIC_REPRESENTATION_CONTEXT() REPRESENTATION_CONTEXT('2D SPACE',''
  ) );
#12689 = ORIENTED_EDGE('',*,*,#12488,.T.);
#12690 = ORIENTED_EDGE('',*,*,#12669,.T.);
#12691 = ADVANCED_FACE('',(#12692),#12602,.F.);
#12692 = FACE_BOUND('',#12693,.F.);
#12693 = EDGE_LOOP('',(#12694));
#12694 = ORIENTED_EDGE('',*,*,#12585,.T.);
#12695 = ADVANCED_FACE('',(#12696),#12657,.F.);
#12696 = FACE_BOUND('',#12697,.F.);
#12697 = EDGE_LOOP('',(#12698));
#12698 = ORIENTED_EDGE('',*,*,#12640,.T.);
#12699 = ( GEOMETRIC_REPRESENTATION_CONTEXT(3) 
GLOBAL_UNCERTAINTY_ASSIGNED_CONTEXT((#12703)) 
GLOBAL_UNIT_ASSIGNED_CONTEXT((#12700,#12701,#12702)) 
REPRESENTATION_CONTEXT('Context #1',
  '3D Context with UNIT and UNCERTAINTY') );
#12700 = ( LENGTH_UNIT() NAMED_UNIT(*) SI_UNIT(.MILLI.,.METRE.) );
#12701 = ( NAMED_UNIT(*) PLANE_ANGLE_UNIT() SI_UNIT($,.RADIAN.) );
#12702 = ( NAMED_UNIT(*) SI_UNIT($,.STERADIAN.) SOLID_ANGLE_UNIT() );
#12703 = UNCERTAINTY_MEASURE_WITH_UNIT(LENGTH_MEASURE(1.E-07),#12700,
  'distance_accuracy_value','confusion accuracy');
#12704 = CONTEXT_DEPENDENT_SHAPE_REPRESENTATION(#12705,#12707);
#12705 = ( REPRESENTATION_RELATIONSHIP('','',#12024,#10) 
REPRESENTATION_RELATIONSHIP_WITH_TRANSFORMATION(#12706) 
SHAPE_REPRESENTATION_RELATIONSHIP() );
#12706 = ITEM_DEFINED_TRANSFORMATION('','',#11,#39);
#12707 = PRODUCT_DEFINITION_SHAPE('Placement','Placement of an item',
  #12708);
#12708 = NEXT_ASSEMBLY_USAGE_OCCURRENCE('7','Input_XT60_approximate','',
  #5,#12019,$);
#12709 = PRODUCT_RELATED_PRODUCT_CATEGORY('part',$,(#12021));
#12710 = SHAPE_DEFINITION_REPRESENTATION(#12711,#12717);
#12711 = PRODUCT_DEFINITION_SHAPE('','',#12712);
#12712 = PRODUCT_DEFINITION('design','',#12713,#12716);
#12713 = PRODUCT_DEFINITION_FORMATION('','',#12714);
#12714 = PRODUCT('Output_contact_-3.6','Output_contact_-3.6','',(#12715)
  );
#12715 = PRODUCT_CONTEXT('',#2,'mechanical');
#12716 = PRODUCT_DEFINITION_CONTEXT('part definition',#2,'design');
#12717 = ADVANCED_BREP_SHAPE_REPRESENTATION('',(#11,#12718),#12910);
#12718 = MANIFOLD_SOLID_BREP('',#12719);
#12719 = CLOSED_SHELL('',(#12720,#12808,#12847,#12851,#12906));
#12720 = ADVANCED_FACE('',(#12721),#12734,.T.);
#12721 = FACE_BOUND('',#12722,.T.);
#12722 = EDGE_LOOP('',(#12723,#12757,#12780,#12807));
#12723 = ORIENTED_EDGE('',*,*,#12724,.F.);
#12724 = EDGE_CURVE('',#12725,#12725,#12727,.T.);
#12725 = VERTEX_POINT('',#12726);
#12726 = CARTESIAN_POINT('',(26.5,-3.6,15.05));
#12727 = SURFACE_CURVE('',#12728,(#12733,#12745),.PCURVE_S1.);
#12728 = CIRCLE('',#12729,2.05);
#12729 = AXIS2_PLACEMENT_3D('',#12730,#12731,#12732);
#12730 = CARTESIAN_POINT('',(26.5,-3.6,13.));
#12731 = DIRECTION('',(1.,0.,0.));
#12732 = DIRECTION('',(-0.,0.,1.));
#12733 = PCURVE('',#12734,#12739);
#12734 = CYLINDRICAL_SURFACE('',#12735,2.05);
#12735 = AXIS2_PLACEMENT_3D('',#12736,#12737,#12738);
#12736 = CARTESIAN_POINT('',(21.,-3.6,13.));
#12737 = DIRECTION('',(1.,0.,0.));
#12738 = DIRECTION('',(-0.,0.,1.));
#12739 = DEFINITIONAL_REPRESENTATION('',(#12740),#12744);
#12740 = LINE('',#12741,#12742);
#12741 = CARTESIAN_POINT('',(0.,5.5));
#12742 = VECTOR('',#12743,1.);
#12743 = DIRECTION('',(1.,0.));
#12744 = ( GEOMETRIC_REPRESENTATION_CONTEXT(2) 
PARAMETRIC_REPRESENTATION_CONTEXT() REPRESENTATION_CONTEXT('2D SPACE',''
  ) );
#12745 = PCURVE('',#12746,#12751);
#12746 = PLANE('',#12747);
#12747 = AXIS2_PLACEMENT_3D('',#12748,#12749,#12750);
#12748 = CARTESIAN_POINT('',(26.5,-3.6,13.));
#12749 = DIRECTION('',(1.,0.,0.));
#12750 = DIRECTION('',(-0.,0.,1.));
#12751 = DEFINITIONAL_REPRESENTATION('',(#12752),#12756);
#12752 = CIRCLE('',#12753,2.05);
#12753 = AXIS2_PLACEMENT_2D('',#12754,#12755);
#12754 = CARTESIAN_POINT('',(0.,0.));
#12755 = DIRECTION('',(1.,0.));
#12756 = ( GEOMETRIC_REPRESENTATION_CONTEXT(2) 
PARAMETRIC_REPRESENTATION_CONTEXT() REPRESENTATION_CONTEXT('2D SPACE',''
  ) );
#12757 = ORIENTED_EDGE('',*,*,#12758,.F.);
#12758 = EDGE_CURVE('',#12759,#12725,#12761,.T.);
#12759 = VERTEX_POINT('',#12760);
#12760 = CARTESIAN_POINT('',(21.,-3.6,15.05));
#12761 = SEAM_CURVE('',#12762,(#12766,#12773),.PCURVE_S1.);
#12762 = LINE('',#12763,#12764);
#12763 = CARTESIAN_POINT('',(21.,-3.6,15.05));
#12764 = VECTOR('',#12765,1.);
#12765 = DIRECTION('',(1.,0.,0.));
#12766 = PCURVE('',#12734,#12767);
#12767 = DEFINITIONAL_REPRESENTATION('',(#12768),#12772);
#12768 = LINE('',#12769,#12770);
#12769 = CARTESIAN_POINT('',(6.28318530718,-0.));
#12770 = VECTOR('',#12771,1.);
#12771 = DIRECTION('',(0.,1.));
#12772 = ( GEOMETRIC_REPRESENTATION_CONTEXT(2) 
PARAMETRIC_REPRESENTATION_CONTEXT() REPRESENTATION_CONTEXT('2D SPACE',''
  ) );
#12773 = PCURVE('',#12734,#12774);
#12774 = DEFINITIONAL_REPRESENTATION('',(#12775),#12779);
#12775 = LINE('',#12776,#12777);
#12776 = CARTESIAN_POINT('',(0.,-0.));
#12777 = VECTOR('',#12778,1.);
#12778 = DIRECTION('',(0.,1.));
#12779 = ( GEOMETRIC_REPRESENTATION_CONTEXT(2) 
PARAMETRIC_REPRESENTATION_CONTEXT() REPRESENTATION_CONTEXT('2D SPACE',''
  ) );
#12780 = ORIENTED_EDGE('',*,*,#12781,.T.);
#12781 = EDGE_CURVE('',#12759,#12759,#12782,.T.);
#12782 = SURFACE_CURVE('',#12783,(#12788,#12795),.PCURVE_S1.);
#12783 = CIRCLE('',#12784,2.05);
#12784 = AXIS2_PLACEMENT_3D('',#12785,#12786,#12787);
#12785 = CARTESIAN_POINT('',(21.,-3.6,13.));
#12786 = DIRECTION('',(1.,0.,0.));
#12787 = DIRECTION('',(-0.,0.,1.));
#12788 = PCURVE('',#12734,#12789);
#12789 = DEFINITIONAL_REPRESENTATION('',(#12790),#12794);
#12790 = LINE('',#12791,#12792);
#12791 = CARTESIAN_POINT('',(0.,0.));
#12792 = VECTOR('',#12793,1.);
#12793 = DIRECTION('',(1.,0.));
#12794 = ( GEOMETRIC_REPRESENTATION_CONTEXT(2) 
PARAMETRIC_REPRESENTATION_CONTEXT() REPRESENTATION_CONTEXT('2D SPACE',''
  ) );
#12795 = PCURVE('',#12796,#12801);
#12796 = PLANE('',#12797);
#12797 = AXIS2_PLACEMENT_3D('',#12798,#12799,#12800);
#12798 = CARTESIAN_POINT('',(21.,-3.6,13.));
#12799 = DIRECTION('',(1.,0.,0.));
#12800 = DIRECTION('',(-0.,0.,1.));
#12801 = DEFINITIONAL_REPRESENTATION('',(#12802),#12806);
#12802 = CIRCLE('',#12803,2.05);
#12803 = AXIS2_PLACEMENT_2D('',#12804,#12805);
#12804 = CARTESIAN_POINT('',(0.,0.));
#12805 = DIRECTION('',(1.,0.));
#12806 = ( GEOMETRIC_REPRESENTATION_CONTEXT(2) 
PARAMETRIC_REPRESENTATION_CONTEXT() REPRESENTATION_CONTEXT('2D SPACE',''
  ) );
#12807 = ORIENTED_EDGE('',*,*,#12758,.T.);
#12808 = ADVANCED_FACE('',(#12809,#12812),#12746,.T.);
#12809 = FACE_BOUND('',#12810,.T.);
#12810 = EDGE_LOOP('',(#12811));
#12811 = ORIENTED_EDGE('',*,*,#12724,.T.);
#12812 = FACE_BOUND('',#12813,.T.);
#12813 = EDGE_LOOP('',(#12814));
#12814 = ORIENTED_EDGE('',*,*,#12815,.T.);
#12815 = EDGE_CURVE('',#12816,#12816,#12818,.T.);
#12816 = VERTEX_POINT('',#12817);
#12817 = CARTESIAN_POINT('',(26.5,-3.6,11.35));
#12818 = SURFACE_CURVE('',#12819,(#12824,#12835),.PCURVE_S1.);
#12819 = CIRCLE('',#12820,1.65);
#12820 = AXIS2_PLACEMENT_3D('',#12821,#12822,#12823);
#12821 = CARTESIAN_POINT('',(26.5,-3.6,13.));
#12822 = DIRECTION('',(-1.,0.,0.));
#12823 = DIRECTION('',(0.,0.,-1.));
#12824 = PCURVE('',#12746,#12825);
#12825 = DEFINITIONAL_REPRESENTATION('',(#12826),#12834);
#12826 = ( BOUNDED_CURVE() B_SPLINE_CURVE(2,(#12827,#12828,#12829,#12830
    ,#12831,#12832,#12833),.UNSPECIFIED.,.T.,.F.) 
B_SPLINE_CURVE_WITH_KNOTS((1,2,2,2,2,1),(-2.094395102393,0.,
    2.094395102393,4.188790204786,6.28318530718,8.377580409573),
.UNSPECIFIED.) CURVE() GEOMETRIC_REPRESENTATION_ITEM() 
RATIONAL_B_SPLINE_CURVE((1.,0.5,1.,0.5,1.,0.5,1.)) REPRESENTATION_ITEM(
  '') );
#12827 = CARTESIAN_POINT('',(-1.65,0.));
#12828 = CARTESIAN_POINT('',(-1.65,2.857883832489));
#12829 = CARTESIAN_POINT('',(0.825,1.428941916244));
#12830 = CARTESIAN_POINT('',(3.3,4.041334437186E-16));
#12831 = CARTESIAN_POINT('',(0.825,-1.428941916244));
#12832 = CARTESIAN_POINT('',(-1.65,-2.857883832489));
#12833 = CARTESIAN_POINT('',(-1.65,0.));
#12834 = ( GEOMETRIC_REPRESENTATION_CONTEXT(2) 
PARAMETRIC_REPRESENTATION_CONTEXT() REPRESENTATION_CONTEXT('2D SPACE',''
  ) );
#12835 = PCURVE('',#12836,#12841);
#12836 = CYLINDRICAL_SURFACE('',#12837,1.65);
#12837 = AXIS2_PLACEMENT_3D('',#12838,#12839,#12840);
#12838 = CARTESIAN_POINT('',(26.5,-3.6,13.));
#12839 = DIRECTION('',(-1.,0.,0.));
#12840 = DIRECTION('',(0.,0.,-1.));
#12841 = DEFINITIONAL_REPRESENTATION('',(#12842),#12846);
#12842 = LINE('',#12843,#12844);
#12843 = CARTESIAN_POINT('',(0.,0.));
#12844 = VECTOR('',#12845,1.);
#12845 = DIRECTION('',(1.,0.));
#12846 = ( GEOMETRIC_REPRESENTATION_CONTEXT(2) 
PARAMETRIC_REPRESENTATION_CONTEXT() REPRESENTATION_CONTEXT('2D SPACE',''
  ) );
#12847 = ADVANCED_FACE('',(#12848),#12796,.F.);
#12848 = FACE_BOUND('',#12849,.T.);
#12849 = EDGE_LOOP('',(#12850));
#12850 = ORIENTED_EDGE('',*,*,#12781,.F.);
#12851 = ADVANCED_FACE('',(#12852),#12836,.F.);
#12852 = FACE_BOUND('',#12853,.F.);
#12853 = EDGE_LOOP('',(#12854,#12883,#12904,#12905));
#12854 = ORIENTED_EDGE('',*,*,#12855,.F.);
#12855 = EDGE_CURVE('',#12856,#12856,#12858,.T.);
#12856 = VERTEX_POINT('',#12857);
#12857 = CARTESIAN_POINT('',(21.5,-3.6,11.35));
#12858 = SURFACE_CURVE('',#12859,(#12864,#12871),.PCURVE_S1.);
#12859 = CIRCLE('',#12860,1.65);
#12860 = AXIS2_PLACEMENT_3D('',#12861,#12862,#12863);
#12861 = CARTESIAN_POINT('',(21.5,-3.6,13.));
#12862 = DIRECTION('',(-1.,0.,0.));
#12863 = DIRECTION('',(0.,0.,-1.));
#12864 = PCURVE('',#12836,#12865);
#12865 = DEFINITIONAL_REPRESENTATION('',(#12866),#12870);
#12866 = LINE('',#12867,#12868);
#12867 = CARTESIAN_POINT('',(0.,5.));
#12868 = VECTOR('',#12869,1.);
#12869 = DIRECTION('',(1.,0.));
#12870 = ( GEOMETRIC_REPRESENTATION_CONTEXT(2) 
PARAMETRIC_REPRESENTATION_CONTEXT() REPRESENTATION_CONTEXT('2D SPACE',''
  ) );
#12871 = PCURVE('',#12872,#12877);
#12872 = PLANE('',#12873);
#12873 = AXIS2_PLACEMENT_3D('',#12874,#12875,#12876);
#12874 = CARTESIAN_POINT('',(21.5,-3.6,13.));
#12875 = DIRECTION('',(-1.,0.,0.));
#12876 = DIRECTION('',(0.,0.,-1.));
#12877 = DEFINITIONAL_REPRESENTATION('',(#12878),#12882);
#12878 = CIRCLE('',#12879,1.65);
#12879 = AXIS2_PLACEMENT_2D('',#12880,#12881);
#12880 = CARTESIAN_POINT('',(0.,0.));
#12881 = DIRECTION('',(1.,0.));
#12882 = ( GEOMETRIC_REPRESENTATION_CONTEXT(2) 
PARAMETRIC_REPRESENTATION_CONTEXT() REPRESENTATION_CONTEXT('2D SPACE',''
  ) );
#12883 = ORIENTED_EDGE('',*,*,#12884,.F.);
#12884 = EDGE_CURVE('',#12816,#12856,#12885,.T.);
#12885 = SEAM_CURVE('',#12886,(#12890,#12897),.PCURVE_S1.);
#12886 = LINE('',#12887,#12888);
#12887 = CARTESIAN_POINT('',(26.5,-3.6,11.35));
#12888 = VECTOR('',#12889,1.);
#12889 = DIRECTION('',(-1.,0.,0.));
#12890 = PCURVE('',#12836,#12891);
#12891 = DEFINITIONAL_REPRESENTATION('',(#12892),#12896);
#12892 = LINE('',#12893,#12894);
#12893 = CARTESIAN_POINT('',(6.28318530718,-0.));
#12894 = VECTOR('',#12895,1.);
#12895 = DIRECTION('',(0.,1.));
#12896 = ( GEOMETRIC_REPRESENTATION_CONTEXT(2) 
PARAMETRIC_REPRESENTATION_CONTEXT() REPRESENTATION_CONTEXT('2D SPACE',''
  ) );
#12897 = PCURVE('',#12836,#12898);
#12898 = DEFINITIONAL_REPRESENTATION('',(#12899),#12903);
#12899 = LINE('',#12900,#12901);
#12900 = CARTESIAN_POINT('',(0.,-0.));
#12901 = VECTOR('',#12902,1.);
#12902 = DIRECTION('',(0.,1.));
#12903 = ( GEOMETRIC_REPRESENTATION_CONTEXT(2) 
PARAMETRIC_REPRESENTATION_CONTEXT() REPRESENTATION_CONTEXT('2D SPACE',''
  ) );
#12904 = ORIENTED_EDGE('',*,*,#12815,.T.);
#12905 = ORIENTED_EDGE('',*,*,#12884,.T.);
#12906 = ADVANCED_FACE('',(#12907),#12872,.F.);
#12907 = FACE_BOUND('',#12908,.F.);
#12908 = EDGE_LOOP('',(#12909));
#12909 = ORIENTED_EDGE('',*,*,#12855,.T.);
#12910 = ( GEOMETRIC_REPRESENTATION_CONTEXT(3) 
GLOBAL_UNCERTAINTY_ASSIGNED_CONTEXT((#12914)) 
GLOBAL_UNIT_ASSIGNED_CONTEXT((#12911,#12912,#12913)) 
REPRESENTATION_CONTEXT('Context #1',
  '3D Context with UNIT and UNCERTAINTY') );
#12911 = ( LENGTH_UNIT() NAMED_UNIT(*) SI_UNIT(.MILLI.,.METRE.) );
#12912 = ( NAMED_UNIT(*) PLANE_ANGLE_UNIT() SI_UNIT($,.RADIAN.) );
#12913 = ( NAMED_UNIT(*) SI_UNIT($,.STERADIAN.) SOLID_ANGLE_UNIT() );
#12914 = UNCERTAINTY_MEASURE_WITH_UNIT(LENGTH_MEASURE(1.E-07),#12911,
  'distance_accuracy_value','confusion accuracy');
#12915 = CONTEXT_DEPENDENT_SHAPE_REPRESENTATION(#12916,#12918);
#12916 = ( REPRESENTATION_RELATIONSHIP('','',#12717,#10) 
REPRESENTATION_RELATIONSHIP_WITH_TRANSFORMATION(#12917) 
SHAPE_REPRESENTATION_RELATIONSHIP() );
#12917 = ITEM_DEFINED_TRANSFORMATION('','',#11,#43);
#12918 = PRODUCT_DEFINITION_SHAPE('Placement','Placement of an item',
  #12919);
#12919 = NEXT_ASSEMBLY_USAGE_OCCURRENCE('8','Output_contact_-3.6','',#5,
  #12712,$);
#12920 = PRODUCT_RELATED_PRODUCT_CATEGORY('part',$,(#12714));
#12921 = SHAPE_DEFINITION_REPRESENTATION(#12922,#12928);
#12922 = PRODUCT_DEFINITION_SHAPE('','',#12923);
#12923 = PRODUCT_DEFINITION('design','',#12924,#12927);
#12924 = PRODUCT_DEFINITION_FORMATION('','',#12925);
#12925 = PRODUCT('Output_contact_3.6','Output_contact_3.6','',(#12926));
#12926 = PRODUCT_CONTEXT('',#2,'mechanical');
#12927 = PRODUCT_DEFINITION_CONTEXT('part definition',#2,'design');
#12928 = ADVANCED_BREP_SHAPE_REPRESENTATION('',(#11,#12929),#13121);
#12929 = MANIFOLD_SOLID_BREP('',#12930);
#12930 = CLOSED_SHELL('',(#12931,#13019,#13058,#13062,#13117));
#12931 = ADVANCED_FACE('',(#12932),#12945,.T.);
#12932 = FACE_BOUND('',#12933,.T.);
#12933 = EDGE_LOOP('',(#12934,#12968,#12991,#13018));
#12934 = ORIENTED_EDGE('',*,*,#12935,.F.);
#12935 = EDGE_CURVE('',#12936,#12936,#12938,.T.);
#12936 = VERTEX_POINT('',#12937);
#12937 = CARTESIAN_POINT('',(26.5,3.6,15.05));
#12938 = SURFACE_CURVE('',#12939,(#12944,#12956),.PCURVE_S1.);
#12939 = CIRCLE('',#12940,2.05);
#12940 = AXIS2_PLACEMENT_3D('',#12941,#12942,#12943);
#12941 = CARTESIAN_POINT('',(26.5,3.6,13.));
#12942 = DIRECTION('',(1.,0.,0.));
#12943 = DIRECTION('',(-0.,0.,1.));
#12944 = PCURVE('',#12945,#12950);
#12945 = CYLINDRICAL_SURFACE('',#12946,2.05);
#12946 = AXIS2_PLACEMENT_3D('',#12947,#12948,#12949);
#12947 = CARTESIAN_POINT('',(21.,3.6,13.));
#12948 = DIRECTION('',(1.,0.,0.));
#12949 = DIRECTION('',(-0.,0.,1.));
#12950 = DEFINITIONAL_REPRESENTATION('',(#12951),#12955);
#12951 = LINE('',#12952,#12953);
#12952 = CARTESIAN_POINT('',(0.,5.5));
#12953 = VECTOR('',#12954,1.);
#12954 = DIRECTION('',(1.,0.));
#12955 = ( GEOMETRIC_REPRESENTATION_CONTEXT(2) 
PARAMETRIC_REPRESENTATION_CONTEXT() REPRESENTATION_CONTEXT('2D SPACE',''
  ) );
#12956 = PCURVE('',#12957,#12962);
#12957 = PLANE('',#12958);
#12958 = AXIS2_PLACEMENT_3D('',#12959,#12960,#12961);
#12959 = CARTESIAN_POINT('',(26.5,3.6,13.));
#12960 = DIRECTION('',(1.,0.,0.));
#12961 = DIRECTION('',(-0.,0.,1.));
#12962 = DEFINITIONAL_REPRESENTATION('',(#12963),#12967);
#12963 = CIRCLE('',#12964,2.05);
#12964 = AXIS2_PLACEMENT_2D('',#12965,#12966);
#12965 = CARTESIAN_POINT('',(0.,0.));
#12966 = DIRECTION('',(1.,0.));
#12967 = ( GEOMETRIC_REPRESENTATION_CONTEXT(2) 
PARAMETRIC_REPRESENTATION_CONTEXT() REPRESENTATION_CONTEXT('2D SPACE',''
  ) );
#12968 = ORIENTED_EDGE('',*,*,#12969,.F.);
#12969 = EDGE_CURVE('',#12970,#12936,#12972,.T.);
#12970 = VERTEX_POINT('',#12971);
#12971 = CARTESIAN_POINT('',(21.,3.6,15.05));
#12972 = SEAM_CURVE('',#12973,(#12977,#12984),.PCURVE_S1.);
#12973 = LINE('',#12974,#12975);
#12974 = CARTESIAN_POINT('',(21.,3.6,15.05));
#12975 = VECTOR('',#12976,1.);
#12976 = DIRECTION('',(1.,0.,0.));
#12977 = PCURVE('',#12945,#12978);
#12978 = DEFINITIONAL_REPRESENTATION('',(#12979),#12983);
#12979 = LINE('',#12980,#12981);
#12980 = CARTESIAN_POINT('',(6.28318530718,-0.));
#12981 = VECTOR('',#12982,1.);
#12982 = DIRECTION('',(0.,1.));
#12983 = ( GEOMETRIC_REPRESENTATION_CONTEXT(2) 
PARAMETRIC_REPRESENTATION_CONTEXT() REPRESENTATION_CONTEXT('2D SPACE',''
  ) );
#12984 = PCURVE('',#12945,#12985);
#12985 = DEFINITIONAL_REPRESENTATION('',(#12986),#12990);
#12986 = LINE('',#12987,#12988);
#12987 = CARTESIAN_POINT('',(0.,-0.));
#12988 = VECTOR('',#12989,1.);
#12989 = DIRECTION('',(0.,1.));
#12990 = ( GEOMETRIC_REPRESENTATION_CONTEXT(2) 
PARAMETRIC_REPRESENTATION_CONTEXT() REPRESENTATION_CONTEXT('2D SPACE',''
  ) );
#12991 = ORIENTED_EDGE('',*,*,#12992,.T.);
#12992 = EDGE_CURVE('',#12970,#12970,#12993,.T.);
#12993 = SURFACE_CURVE('',#12994,(#12999,#13006),.PCURVE_S1.);
#12994 = CIRCLE('',#12995,2.05);
#12995 = AXIS2_PLACEMENT_3D('',#12996,#12997,#12998);
#12996 = CARTESIAN_POINT('',(21.,3.6,13.));
#12997 = DIRECTION('',(1.,0.,0.));
#12998 = DIRECTION('',(-0.,0.,1.));
#12999 = PCURVE('',#12945,#13000);
#13000 = DEFINITIONAL_REPRESENTATION('',(#13001),#13005);
#13001 = LINE('',#13002,#13003);
#13002 = CARTESIAN_POINT('',(0.,0.));
#13003 = VECTOR('',#13004,1.);
#13004 = DIRECTION('',(1.,0.));
#13005 = ( GEOMETRIC_REPRESENTATION_CONTEXT(2) 
PARAMETRIC_REPRESENTATION_CONTEXT() REPRESENTATION_CONTEXT('2D SPACE',''
  ) );
#13006 = PCURVE('',#13007,#13012);
#13007 = PLANE('',#13008);
#13008 = AXIS2_PLACEMENT_3D('',#13009,#13010,#13011);
#13009 = CARTESIAN_POINT('',(21.,3.6,13.));
#13010 = DIRECTION('',(1.,0.,0.));
#13011 = DIRECTION('',(-0.,0.,1.));
#13012 = DEFINITIONAL_REPRESENTATION('',(#13013),#13017);
#13013 = CIRCLE('',#13014,2.05);
#13014 = AXIS2_PLACEMENT_2D('',#13015,#13016);
#13015 = CARTESIAN_POINT('',(0.,0.));
#13016 = DIRECTION('',(1.,0.));
#13017 = ( GEOMETRIC_REPRESENTATION_CONTEXT(2) 
PARAMETRIC_REPRESENTATION_CONTEXT() REPRESENTATION_CONTEXT('2D SPACE',''
  ) );
#13018 = ORIENTED_EDGE('',*,*,#12969,.T.);
#13019 = ADVANCED_FACE('',(#13020,#13023),#12957,.T.);
#13020 = FACE_BOUND('',#13021,.T.);
#13021 = EDGE_LOOP('',(#13022));
#13022 = ORIENTED_EDGE('',*,*,#12935,.T.);
#13023 = FACE_BOUND('',#13024,.T.);
#13024 = EDGE_LOOP('',(#13025));
#13025 = ORIENTED_EDGE('',*,*,#13026,.T.);
#13026 = EDGE_CURVE('',#13027,#13027,#13029,.T.);
#13027 = VERTEX_POINT('',#13028);
#13028 = CARTESIAN_POINT('',(26.5,3.6,11.35));
#13029 = SURFACE_CURVE('',#13030,(#13035,#13046),.PCURVE_S1.);
#13030 = CIRCLE('',#13031,1.65);
#13031 = AXIS2_PLACEMENT_3D('',#13032,#13033,#13034);
#13032 = CARTESIAN_POINT('',(26.5,3.6,13.));
#13033 = DIRECTION('',(-1.,0.,0.));
#13034 = DIRECTION('',(0.,0.,-1.));
#13035 = PCURVE('',#12957,#13036);
#13036 = DEFINITIONAL_REPRESENTATION('',(#13037),#13045);
#13037 = ( BOUNDED_CURVE() B_SPLINE_CURVE(2,(#13038,#13039,#13040,#13041
    ,#13042,#13043,#13044),.UNSPECIFIED.,.T.,.F.) 
B_SPLINE_CURVE_WITH_KNOTS((1,2,2,2,2,1),(-2.094395102393,0.,
    2.094395102393,4.188790204786,6.28318530718,8.377580409573),
.UNSPECIFIED.) CURVE() GEOMETRIC_REPRESENTATION_ITEM() 
RATIONAL_B_SPLINE_CURVE((1.,0.5,1.,0.5,1.,0.5,1.)) REPRESENTATION_ITEM(
  '') );
#13038 = CARTESIAN_POINT('',(-1.65,0.));
#13039 = CARTESIAN_POINT('',(-1.65,2.857883832489));
#13040 = CARTESIAN_POINT('',(0.825,1.428941916244));
#13041 = CARTESIAN_POINT('',(3.3,4.041334437186E-16));
#13042 = CARTESIAN_POINT('',(0.825,-1.428941916244));
#13043 = CARTESIAN_POINT('',(-1.65,-2.857883832489));
#13044 = CARTESIAN_POINT('',(-1.65,0.));
#13045 = ( GEOMETRIC_REPRESENTATION_CONTEXT(2) 
PARAMETRIC_REPRESENTATION_CONTEXT() REPRESENTATION_CONTEXT('2D SPACE',''
  ) );
#13046 = PCURVE('',#13047,#13052);
#13047 = CYLINDRICAL_SURFACE('',#13048,1.65);
#13048 = AXIS2_PLACEMENT_3D('',#13049,#13050,#13051);
#13049 = CARTESIAN_POINT('',(26.5,3.6,13.));
#13050 = DIRECTION('',(-1.,0.,0.));
#13051 = DIRECTION('',(0.,0.,-1.));
#13052 = DEFINITIONAL_REPRESENTATION('',(#13053),#13057);
#13053 = LINE('',#13054,#13055);
#13054 = CARTESIAN_POINT('',(0.,0.));
#13055 = VECTOR('',#13056,1.);
#13056 = DIRECTION('',(1.,0.));
#13057 = ( GEOMETRIC_REPRESENTATION_CONTEXT(2) 
PARAMETRIC_REPRESENTATION_CONTEXT() REPRESENTATION_CONTEXT('2D SPACE',''
  ) );
#13058 = ADVANCED_FACE('',(#13059),#13007,.F.);
#13059 = FACE_BOUND('',#13060,.T.);
#13060 = EDGE_LOOP('',(#13061));
#13061 = ORIENTED_EDGE('',*,*,#12992,.F.);
#13062 = ADVANCED_FACE('',(#13063),#13047,.F.);
#13063 = FACE_BOUND('',#13064,.F.);
#13064 = EDGE_LOOP('',(#13065,#13094,#13115,#13116));
#13065 = ORIENTED_EDGE('',*,*,#13066,.F.);
#13066 = EDGE_CURVE('',#13067,#13067,#13069,.T.);
#13067 = VERTEX_POINT('',#13068);
#13068 = CARTESIAN_POINT('',(21.5,3.6,11.35));
#13069 = SURFACE_CURVE('',#13070,(#13075,#13082),.PCURVE_S1.);
#13070 = CIRCLE('',#13071,1.65);
#13071 = AXIS2_PLACEMENT_3D('',#13072,#13073,#13074);
#13072 = CARTESIAN_POINT('',(21.5,3.6,13.));
#13073 = DIRECTION('',(-1.,0.,0.));
#13074 = DIRECTION('',(0.,0.,-1.));
#13075 = PCURVE('',#13047,#13076);
#13076 = DEFINITIONAL_REPRESENTATION('',(#13077),#13081);
#13077 = LINE('',#13078,#13079);
#13078 = CARTESIAN_POINT('',(0.,5.));
#13079 = VECTOR('',#13080,1.);
#13080 = DIRECTION('',(1.,0.));
#13081 = ( GEOMETRIC_REPRESENTATION_CONTEXT(2) 
PARAMETRIC_REPRESENTATION_CONTEXT() REPRESENTATION_CONTEXT('2D SPACE',''
  ) );
#13082 = PCURVE('',#13083,#13088);
#13083 = PLANE('',#13084);
#13084 = AXIS2_PLACEMENT_3D('',#13085,#13086,#13087);
#13085 = CARTESIAN_POINT('',(21.5,3.6,13.));
#13086 = DIRECTION('',(-1.,0.,0.));
#13087 = DIRECTION('',(0.,0.,-1.));
#13088 = DEFINITIONAL_REPRESENTATION('',(#13089),#13093);
#13089 = CIRCLE('',#13090,1.65);
#13090 = AXIS2_PLACEMENT_2D('',#13091,#13092);
#13091 = CARTESIAN_POINT('',(0.,0.));
#13092 = DIRECTION('',(1.,0.));
#13093 = ( GEOMETRIC_REPRESENTATION_CONTEXT(2) 
PARAMETRIC_REPRESENTATION_CONTEXT() REPRESENTATION_CONTEXT('2D SPACE',''
  ) );
#13094 = ORIENTED_EDGE('',*,*,#13095,.F.);
#13095 = EDGE_CURVE('',#13027,#13067,#13096,.T.);
#13096 = SEAM_CURVE('',#13097,(#13101,#13108),.PCURVE_S1.);
#13097 = LINE('',#13098,#13099);
#13098 = CARTESIAN_POINT('',(26.5,3.6,11.35));
#13099 = VECTOR('',#13100,1.);
#13100 = DIRECTION('',(-1.,0.,0.));
#13101 = PCURVE('',#13047,#13102);
#13102 = DEFINITIONAL_REPRESENTATION('',(#13103),#13107);
#13103 = LINE('',#13104,#13105);
#13104 = CARTESIAN_POINT('',(6.28318530718,-0.));
#13105 = VECTOR('',#13106,1.);
#13106 = DIRECTION('',(0.,1.));
#13107 = ( GEOMETRIC_REPRESENTATION_CONTEXT(2) 
PARAMETRIC_REPRESENTATION_CONTEXT() REPRESENTATION_CONTEXT('2D SPACE',''
  ) );
#13108 = PCURVE('',#13047,#13109);
#13109 = DEFINITIONAL_REPRESENTATION('',(#13110),#13114);
#13110 = LINE('',#13111,#13112);
#13111 = CARTESIAN_POINT('',(0.,-0.));
#13112 = VECTOR('',#13113,1.);
#13113 = DIRECTION('',(0.,1.));
#13114 = ( GEOMETRIC_REPRESENTATION_CONTEXT(2) 
PARAMETRIC_REPRESENTATION_CONTEXT() REPRESENTATION_CONTEXT('2D SPACE',''
  ) );
#13115 = ORIENTED_EDGE('',*,*,#13026,.T.);
#13116 = ORIENTED_EDGE('',*,*,#13095,.T.);
#13117 = ADVANCED_FACE('',(#13118),#13083,.F.);
#13118 = FACE_BOUND('',#13119,.F.);
#13119 = EDGE_LOOP('',(#13120));
#13120 = ORIENTED_EDGE('',*,*,#13066,.T.);
#13121 = ( GEOMETRIC_REPRESENTATION_CONTEXT(3) 
GLOBAL_UNCERTAINTY_ASSIGNED_CONTEXT((#13125)) 
GLOBAL_UNIT_ASSIGNED_CONTEXT((#13122,#13123,#13124)) 
REPRESENTATION_CONTEXT('Context #1',
  '3D Context with UNIT and UNCERTAINTY') );
#13122 = ( LENGTH_UNIT() NAMED_UNIT(*) SI_UNIT(.MILLI.,.METRE.) );
#13123 = ( NAMED_UNIT(*) PLANE_ANGLE_UNIT() SI_UNIT($,.RADIAN.) );
#13124 = ( NAMED_UNIT(*) SI_UNIT($,.STERADIAN.) SOLID_ANGLE_UNIT() );
#13125 = UNCERTAINTY_MEASURE_WITH_UNIT(LENGTH_MEASURE(1.E-07),#13122,
  'distance_accuracy_value','confusion accuracy');
#13126 = CONTEXT_DEPENDENT_SHAPE_REPRESENTATION(#13127,#13129);
#13127 = ( REPRESENTATION_RELATIONSHIP('','',#12928,#10) 
REPRESENTATION_RELATIONSHIP_WITH_TRANSFORMATION(#13128) 
SHAPE_REPRESENTATION_RELATIONSHIP() );
#13128 = ITEM_DEFINED_TRANSFORMATION('','',#11,#47);
#13129 = PRODUCT_DEFINITION_SHAPE('Placement','Placement of an item',
  #13130);
#13130 = NEXT_ASSEMBLY_USAGE_OCCURRENCE('9','Output_contact_3.6','',#5,
  #12923,$);
#13131 = PRODUCT_RELATED_PRODUCT_CATEGORY('part',$,(#12925));
#13132 = SHAPE_DEFINITION_REPRESENTATION(#13133,#13139);
#13133 = PRODUCT_DEFINITION_SHAPE('','',#13134);
#13134 = PRODUCT_DEFINITION('design','',#13135,#13138);
#13135 = PRODUCT_DEFINITION_FORMATION('','',#13136);
#13136 = PRODUCT('Output_XT60_approximate','Output_XT60_approximate','',
  (#13137));
#13137 = PRODUCT_CONTEXT('',#2,'mechanical');
#13138 = PRODUCT_DEFINITION_CONTEXT('part definition',#2,'design');
#13139 = ADVANCED_BREP_SHAPE_REPRESENTATION('',(#11,#13140),#13814);
#13140 = MANIFOLD_SOLID_BREP('',#13141);
#13141 = CLOSED_SHELL('',(#13142,#13262,#13338,#13414,#13492,#13635,
    #13662,#13689,#13696,#13751,#13806,#13810));
#13142 = ADVANCED_FACE('',(#13143),#13157,.F.);
#13143 = FACE_BOUND('',#13144,.F.);
#13144 = EDGE_LOOP('',(#13145,#13180,#13208,#13236));
#13145 = ORIENTED_EDGE('',*,*,#13146,.T.);
#13146 = EDGE_CURVE('',#13147,#13149,#13151,.T.);
#13147 = VERTEX_POINT('',#13148);
#13148 = CARTESIAN_POINT('',(14.,-7.7,8.8));
#13149 = VERTEX_POINT('',#13150);
#13150 = CARTESIAN_POINT('',(28.,-7.7,8.8));
#13151 = SURFACE_CURVE('',#13152,(#13156,#13168),.PCURVE_S1.);
#13152 = LINE('',#13153,#13154);
#13153 = CARTESIAN_POINT('',(14.,-7.7,8.8));
#13154 = VECTOR('',#13155,1.);
#13155 = DIRECTION('',(1.,0.,0.));
#13156 = PCURVE('',#13157,#13162);
#13157 = PLANE('',#13158);
#13158 = AXIS2_PLACEMENT_3D('',#13159,#13160,#13161);
#13159 = CARTESIAN_POINT('',(14.,-7.7,8.8));
#13160 = DIRECTION('',(0.,0.,1.));
#13161 = DIRECTION('',(0.,1.,0.));
#13162 = DEFINITIONAL_REPRESENTATION('',(#13163),#13167);
#13163 = LINE('',#13164,#13165);
#13164 = CARTESIAN_POINT('',(0.,0.));
#13165 = VECTOR('',#13166,1.);
#13166 = DIRECTION('',(0.,-1.));
#13167 = ( GEOMETRIC_REPRESENTATION_CONTEXT(2) 
PARAMETRIC_REPRESENTATION_CONTEXT() REPRESENTATION_CONTEXT('2D SPACE',''
  ) );
#13168 = PCURVE('',#13169,#13174);
#13169 = PLANE('',#13170);
#13170 = AXIS2_PLACEMENT_3D('',#13171,#13172,#13173);
#13171 = CARTESIAN_POINT('',(14.,-7.7,17.2));
#13172 = DIRECTION('',(-0.,1.,0.));
#13173 = DIRECTION('',(0.,0.,-1.));
#13174 = DEFINITIONAL_REPRESENTATION('',(#13175),#13179);
#13175 = LINE('',#13176,#13177);
#13176 = CARTESIAN_POINT('',(8.4,0.));
#13177 = VECTOR('',#13178,1.);
#13178 = DIRECTION('',(0.,-1.));
#13179 = ( GEOMETRIC_REPRESENTATION_CONTEXT(2) 
PARAMETRIC_REPRESENTATION_CONTEXT() REPRESENTATION_CONTEXT('2D SPACE',''
  ) );
#13180 = ORIENTED_EDGE('',*,*,#13181,.T.);
#13181 = EDGE_CURVE('',#13149,#13182,#13184,.T.);
#13182 = VERTEX_POINT('',#13183);
#13183 = CARTESIAN_POINT('',(28.,5.8,8.8));
#13184 = SURFACE_CURVE('',#13185,(#13189,#13196),.PCURVE_S1.);
#13185 = LINE('',#13186,#13187);
#13186 = CARTESIAN_POINT('',(28.,-7.7,8.8));
#13187 = VECTOR('',#13188,1.);
#13188 = DIRECTION('',(0.,1.,0.));
#13189 = PCURVE('',#13157,#13190);
#13190 = DEFINITIONAL_REPRESENTATION('',(#13191),#13195);
#13191 = LINE('',#13192,#13193);
#13192 = CARTESIAN_POINT('',(0.,-14.));
#13193 = VECTOR('',#13194,1.);
#13194 = DIRECTION('',(1.,0.));
#13195 = ( GEOMETRIC_REPRESENTATION_CONTEXT(2) 
PARAMETRIC_REPRESENTATION_CONTEXT() REPRESENTATION_CONTEXT('2D SPACE',''
  ) );
#13196 = PCURVE('',#13197,#13202);
#13197 = PLANE('',#13198);
#13198 = AXIS2_PLACEMENT_3D('',#13199,#13200,#13201);
#13199 = CARTESIAN_POINT('',(28.,-0.410706955234,13.));
#13200 = DIRECTION('',(1.,0.,0.));
#13201 = DIRECTION('',(-0.,0.,1.));
#13202 = DEFINITIONAL_REPRESENTATION('',(#13203),#13207);
#13203 = LINE('',#13204,#13205);
#13204 = CARTESIAN_POINT('',(-4.2,7.289293044766));
#13205 = VECTOR('',#13206,1.);
#13206 = DIRECTION('',(0.,-1.));
#13207 = ( GEOMETRIC_REPRESENTATION_CONTEXT(2) 
PARAMETRIC_REPRESENTATION_CONTEXT() REPRESENTATION_CONTEXT('2D SPACE',''
  ) );
#13208 = ORIENTED_EDGE('',*,*,#13209,.F.);
#13209 = EDGE_CURVE('',#13210,#13182,#13212,.T.);
#13210 = VERTEX_POINT('',#13211);
#13211 = CARTESIAN_POINT('',(14.,5.8,8.8));
#13212 = SURFACE_CURVE('',#13213,(#13217,#13224),.PCURVE_S1.);
#13213 = LINE('',#13214,#13215);
#13214 = CARTESIAN_POINT('',(14.,5.8,8.8));
#13215 = VECTOR('',#13216,1.);
#13216 = DIRECTION('',(1.,0.,0.));
#13217 = PCURVE('',#13157,#13218);
#13218 = DEFINITIONAL_REPRESENTATION('',(#13219),#13223);
#13219 = LINE('',#13220,#13221);
#13220 = CARTESIAN_POINT('',(13.5,0.));
#13221 = VECTOR('',#13222,1.);
#13222 = DIRECTION('',(0.,-1.));
#13223 = ( GEOMETRIC_REPRESENTATION_CONTEXT(2) 
PARAMETRIC_REPRESENTATION_CONTEXT() REPRESENTATION_CONTEXT('2D SPACE',''
  ) );
#13224 = PCURVE('',#13225,#13230);
#13225 = PLANE('',#13226);
#13226 = AXIS2_PLACEMENT_3D('',#13227,#13228,#13229);
#13227 = CARTESIAN_POINT('',(14.,5.8,8.8));
#13228 = DIRECTION('',(0.,-0.707106781187,0.707106781187));
#13229 = DIRECTION('',(0.,0.707106781187,0.707106781187));
#13230 = DEFINITIONAL_REPRESENTATION('',(#13231),#13235);
#13231 = LINE('',#13232,#13233);
#13232 = CARTESIAN_POINT('',(0.,0.));
#13233 = VECTOR('',#13234,1.);
#13234 = DIRECTION('',(0.,-1.));
#13235 = ( GEOMETRIC_REPRESENTATION_CONTEXT(2) 
PARAMETRIC_REPRESENTATION_CONTEXT() REPRESENTATION_CONTEXT('2D SPACE',''
  ) );
#13236 = ORIENTED_EDGE('',*,*,#13237,.F.);
#13237 = EDGE_CURVE('',#13147,#13210,#13238,.T.);
#13238 = SURFACE_CURVE('',#13239,(#13243,#13250),.PCURVE_S1.);
#13239 = LINE('',#13240,#13241);
#13240 = CARTESIAN_POINT('',(14.,-7.7,8.8));
#13241 = VECTOR('',#13242,1.);
#13242 = DIRECTION('',(0.,1.,0.));
#13243 = PCURVE('',#13157,#13244);
#13244 = DEFINITIONAL_REPRESENTATION('',(#13245),#13249);
#13245 = LINE('',#13246,#13247);
#13246 = CARTESIAN_POINT('',(0.,0.));
#13247 = VECTOR('',#13248,1.);
#13248 = DIRECTION('',(1.,0.));
#13249 = ( GEOMETRIC_REPRESENTATION_CONTEXT(2) 
PARAMETRIC_REPRESENTATION_CONTEXT() REPRESENTATION_CONTEXT('2D SPACE',''
  ) );
#13250 = PCURVE('',#13251,#13256);
#13251 = PLANE('',#13252);
#13252 = AXIS2_PLACEMENT_3D('',#13253,#13254,#13255);
#13253 = CARTESIAN_POINT('',(14.,-0.410706955234,13.));
#13254 = DIRECTION('',(1.,0.,0.));
#13255 = DIRECTION('',(-0.,0.,1.));
#13256 = DEFINITIONAL_REPRESENTATION('',(#13257),#13261);
#13257 = LINE('',#13258,#13259);
#13258 = CARTESIAN_POINT('',(-4.2,7.289293044766));
#13259 = VECTOR('',#13260,1.);
#13260 = DIRECTION('',(0.,-1.));
#13261 = ( GEOMETRIC_REPRESENTATION_CONTEXT(2) 
PARAMETRIC_REPRESENTATION_CONTEXT() REPRESENTATION_CONTEXT('2D SPACE',''
  ) );
#13262 = ADVANCED_FACE('',(#13263),#13169,.F.);
#13263 = FACE_BOUND('',#13264,.F.);
#13264 = EDGE_LOOP('',(#13265,#13295,#13316,#13317));
#13265 = ORIENTED_EDGE('',*,*,#13266,.T.);
#13266 = EDGE_CURVE('',#13267,#13269,#13271,.T.);
#13267 = VERTEX_POINT('',#13268);
#13268 = CARTESIAN_POINT('',(14.,-7.7,17.2));
#13269 = VERTEX_POINT('',#13270);
#13270 = CARTESIAN_POINT('',(28.,-7.7,17.2));
#13271 = SURFACE_CURVE('',#13272,(#13276,#13283),.PCURVE_S1.);
#13272 = LINE('',#13273,#13274);
#13273 = CARTESIAN_POINT('',(14.,-7.7,17.2));
#13274 = VECTOR('',#13275,1.);
#13275 = DIRECTION('',(1.,0.,0.));
#13276 = PCURVE('',#13169,#13277);
#13277 = DEFINITIONAL_REPRESENTATION('',(#13278),#13282);
#13278 = LINE('',#13279,#13280);
#13279 = CARTESIAN_POINT('',(0.,0.));
#13280 = VECTOR('',#13281,1.);
#13281 = DIRECTION('',(0.,-1.));
#13282 = ( GEOMETRIC_REPRESENTATION_CONTEXT(2) 
PARAMETRIC_REPRESENTATION_CONTEXT() REPRESENTATION_CONTEXT('2D SPACE',''
  ) );
#13283 = PCURVE('',#13284,#13289);
#13284 = PLANE('',#13285);
#13285 = AXIS2_PLACEMENT_3D('',#13286,#13287,#13288);
#13286 = CARTESIAN_POINT('',(14.,5.8,17.2));
#13287 = DIRECTION('',(0.,0.,-1.));
#13288 = DIRECTION('',(0.,-1.,0.));
#13289 = DEFINITIONAL_REPRESENTATION('',(#13290),#13294);
#13290 = LINE('',#13291,#13292);
#13291 = CARTESIAN_POINT('',(13.5,0.));
#13292 = VECTOR('',#13293,1.);
#13293 = DIRECTION('',(0.,-1.));
#13294 = ( GEOMETRIC_REPRESENTATION_CONTEXT(2) 
PARAMETRIC_REPRESENTATION_CONTEXT() REPRESENTATION_CONTEXT('2D SPACE',''
  ) );
#13295 = ORIENTED_EDGE('',*,*,#13296,.T.);
#13296 = EDGE_CURVE('',#13269,#13149,#13297,.T.);
#13297 = SURFACE_CURVE('',#13298,(#13302,#13309),.PCURVE_S1.);
#13298 = LINE('',#13299,#13300);
#13299 = CARTESIAN_POINT('',(28.,-7.7,17.2));
#13300 = VECTOR('',#13301,1.);
#13301 = DIRECTION('',(0.,0.,-1.));
#13302 = PCURVE('',#13169,#13303);
#13303 = DEFINITIONAL_REPRESENTATION('',(#13304),#13308);
#13304 = LINE('',#13305,#13306);
#13305 = CARTESIAN_POINT('',(0.,-14.));
#13306 = VECTOR('',#13307,1.);
#13307 = DIRECTION('',(1.,0.));
#13308 = ( GEOMETRIC_REPRESENTATION_CONTEXT(2) 
PARAMETRIC_REPRESENTATION_CONTEXT() REPRESENTATION_CONTEXT('2D SPACE',''
  ) );
#13309 = PCURVE('',#13197,#13310);
#13310 = DEFINITIONAL_REPRESENTATION('',(#13311),#13315);
#13311 = LINE('',#13312,#13313);
#13312 = CARTESIAN_POINT('',(4.2,7.289293044766));
#13313 = VECTOR('',#13314,1.);
#13314 = DIRECTION('',(-1.,0.));
#13315 = ( GEOMETRIC_REPRESENTATION_CONTEXT(2) 
PARAMETRIC_REPRESENTATION_CONTEXT() REPRESENTATION_CONTEXT('2D SPACE',''
  ) );
#13316 = ORIENTED_EDGE('',*,*,#13146,.F.);
#13317 = ORIENTED_EDGE('',*,*,#13318,.F.);
#13318 = EDGE_CURVE('',#13267,#13147,#13319,.T.);
#13319 = SURFACE_CURVE('',#13320,(#13324,#13331),.PCURVE_S1.);
#13320 = LINE('',#13321,#13322);
#13321 = CARTESIAN_POINT('',(14.,-7.7,17.2));
#13322 = VECTOR('',#13323,1.);
#13323 = DIRECTION('',(0.,0.,-1.));
#13324 = PCURVE('',#13169,#13325);
#13325 = DEFINITIONAL_REPRESENTATION('',(#13326),#13330);
#13326 = LINE('',#13327,#13328);
#13327 = CARTESIAN_POINT('',(0.,0.));
#13328 = VECTOR('',#13329,1.);
#13329 = DIRECTION('',(1.,0.));
#13330 = ( GEOMETRIC_REPRESENTATION_CONTEXT(2) 
PARAMETRIC_REPRESENTATION_CONTEXT() REPRESENTATION_CONTEXT('2D SPACE',''
  ) );
#13331 = PCURVE('',#13251,#13332);
#13332 = DEFINITIONAL_REPRESENTATION('',(#13333),#13337);
#13333 = LINE('',#13334,#13335);
#13334 = CARTESIAN_POINT('',(4.2,7.289293044766));
#13335 = VECTOR('',#13336,1.);
#13336 = DIRECTION('',(-1.,0.));
#13337 = ( GEOMETRIC_REPRESENTATION_CONTEXT(2) 
PARAMETRIC_REPRESENTATION_CONTEXT() REPRESENTATION_CONTEXT('2D SPACE',''
  ) );
#13338 = ADVANCED_FACE('',(#13339),#13225,.F.);
#13339 = FACE_BOUND('',#13340,.F.);
#13340 = EDGE_LOOP('',(#13341,#13342,#13365,#13393));
#13341 = ORIENTED_EDGE('',*,*,#13209,.T.);
#13342 = ORIENTED_EDGE('',*,*,#13343,.T.);
#13343 = EDGE_CURVE('',#13182,#13344,#13346,.T.);
#13344 = VERTEX_POINT('',#13345);
#13345 = CARTESIAN_POINT('',(28.,7.7,10.7));
#13346 = SURFACE_CURVE('',#13347,(#13351,#13358),.PCURVE_S1.);
#13347 = LINE('',#13348,#13349);
#13348 = CARTESIAN_POINT('',(28.,5.8,8.8));
#13349 = VECTOR('',#13350,1.);
#13350 = DIRECTION('',(0.,0.707106781187,0.707106781187));
#13351 = PCURVE('',#13225,#13352);
#13352 = DEFINITIONAL_REPRESENTATION('',(#13353),#13357);
#13353 = LINE('',#13354,#13355);
#13354 = CARTESIAN_POINT('',(0.,-14.));
#13355 = VECTOR('',#13356,1.);
#13356 = DIRECTION('',(1.,0.));
#13357 = ( GEOMETRIC_REPRESENTATION_CONTEXT(2) 
PARAMETRIC_REPRESENTATION_CONTEXT() REPRESENTATION_CONTEXT('2D SPACE',''
  ) );
#13358 = PCURVE('',#13197,#13359);
#13359 = DEFINITIONAL_REPRESENTATION('',(#13360),#13364);
#13360 = LINE('',#13361,#13362);
#13361 = CARTESIAN_POINT('',(-4.2,-6.210706955234));
#13362 = VECTOR('',#13363,1.);
#13363 = DIRECTION('',(0.707106781187,-0.707106781187));
#13364 = ( GEOMETRIC_REPRESENTATION_CONTEXT(2) 
PARAMETRIC_REPRESENTATION_CONTEXT() REPRESENTATION_CONTEXT('2D SPACE',''
  ) );
#13365 = ORIENTED_EDGE('',*,*,#13366,.F.);
#13366 = EDGE_CURVE('',#13367,#13344,#13369,.T.);
#13367 = VERTEX_POINT('',#13368);
#13368 = CARTESIAN_POINT('',(14.,7.7,10.7));
#13369 = SURFACE_CURVE('',#13370,(#13374,#13381),.PCURVE_S1.);
#13370 = LINE('',#13371,#13372);
#13371 = CARTESIAN_POINT('',(14.,7.7,10.7));
#13372 = VECTOR('',#13373,1.);
#13373 = DIRECTION('',(1.,0.,0.));
#13374 = PCURVE('',#13225,#13375);
#13375 = DEFINITIONAL_REPRESENTATION('',(#13376),#13380);
#13376 = LINE('',#13377,#13378);
#13377 = CARTESIAN_POINT('',(2.687005768509,0.));
#13378 = VECTOR('',#13379,1.);
#13379 = DIRECTION('',(0.,-1.));
#13380 = ( GEOMETRIC_REPRESENTATION_CONTEXT(2) 
PARAMETRIC_REPRESENTATION_CONTEXT() REPRESENTATION_CONTEXT('2D SPACE',''
  ) );
#13381 = PCURVE('',#13382,#13387);
#13382 = PLANE('',#13383);
#13383 = AXIS2_PLACEMENT_3D('',#13384,#13385,#13386);
#13384 = CARTESIAN_POINT('',(14.,7.7,10.7));
#13385 = DIRECTION('',(0.,-1.,0.));
#13386 = DIRECTION('',(0.,0.,1.));
#13387 = DEFINITIONAL_REPRESENTATION('',(#13388),#13392);
#13388 = LINE('',#13389,#13390);
#13389 = CARTESIAN_POINT('',(0.,0.));
#13390 = VECTOR('',#13391,1.);
#13391 = DIRECTION('',(0.,-1.));
#13392 = ( GEOMETRIC_REPRESENTATION_CONTEXT(2) 
PARAMETRIC_REPRESENTATION_CONTEXT() REPRESENTATION_CONTEXT('2D SPACE',''
  ) );
#13393 = ORIENTED_EDGE('',*,*,#13394,.F.);
#13394 = EDGE_CURVE('',#13210,#13367,#13395,.T.);
#13395 = SURFACE_CURVE('',#13396,(#13400,#13407),.PCURVE_S1.);
#13396 = LINE('',#13397,#13398);
#13397 = CARTESIAN_POINT('',(14.,5.8,8.8));
#13398 = VECTOR('',#13399,1.);
#13399 = DIRECTION('',(0.,0.707106781187,0.707106781187));
#13400 = PCURVE('',#13225,#13401);
#13401 = DEFINITIONAL_REPRESENTATION('',(#13402),#13406);
#13402 = LINE('',#13403,#13404);
#13403 = CARTESIAN_POINT('',(0.,0.));
#13404 = VECTOR('',#13405,1.);
#13405 = DIRECTION('',(1.,0.));
#13406 = ( GEOMETRIC_REPRESENTATION_CONTEXT(2) 
PARAMETRIC_REPRESENTATION_CONTEXT() REPRESENTATION_CONTEXT('2D SPACE',''
  ) );
#13407 = PCURVE('',#13251,#13408);
#13408 = DEFINITIONAL_REPRESENTATION('',(#13409),#13413);
#13409 = LINE('',#13410,#13411);
#13410 = CARTESIAN_POINT('',(-4.2,-6.210706955234));
#13411 = VECTOR('',#13412,1.);
#13412 = DIRECTION('',(0.707106781187,-0.707106781187));
#13413 = ( GEOMETRIC_REPRESENTATION_CONTEXT(2) 
PARAMETRIC_REPRESENTATION_CONTEXT() REPRESENTATION_CONTEXT('2D SPACE',''
  ) );
#13414 = ADVANCED_FACE('',(#13415),#13251,.F.);
#13415 = FACE_BOUND('',#13416,.F.);
#13416 = EDGE_LOOP('',(#13417,#13418,#13419,#13442,#13470,#13491));
#13417 = ORIENTED_EDGE('',*,*,#13237,.T.);
#13418 = ORIENTED_EDGE('',*,*,#13394,.T.);
#13419 = ORIENTED_EDGE('',*,*,#13420,.T.);
#13420 = EDGE_CURVE('',#13367,#13421,#13423,.T.);
#13421 = VERTEX_POINT('',#13422);
#13422 = CARTESIAN_POINT('',(14.,7.7,15.3));
#13423 = SURFACE_CURVE('',#13424,(#13428,#13435),.PCURVE_S1.);
#13424 = LINE('',#13425,#13426);
#13425 = CARTESIAN_POINT('',(14.,7.7,10.7));
#13426 = VECTOR('',#13427,1.);
#13427 = DIRECTION('',(0.,0.,1.));
#13428 = PCURVE('',#13251,#13429);
#13429 = DEFINITIONAL_REPRESENTATION('',(#13430),#13434);
#13430 = LINE('',#13431,#13432);
#13431 = CARTESIAN_POINT('',(-2.3,-8.110706955234));
#13432 = VECTOR('',#13433,1.);
#13433 = DIRECTION('',(1.,0.));
#13434 = ( GEOMETRIC_REPRESENTATION_CONTEXT(2) 
PARAMETRIC_REPRESENTATION_CONTEXT() REPRESENTATION_CONTEXT('2D SPACE',''
  ) );
#13435 = PCURVE('',#13382,#13436);
#13436 = DEFINITIONAL_REPRESENTATION('',(#13437),#13441);
#13437 = LINE('',#13438,#13439);
#13438 = CARTESIAN_POINT('',(0.,0.));
#13439 = VECTOR('',#13440,1.);
#13440 = DIRECTION('',(1.,0.));
#13441 = ( GEOMETRIC_REPRESENTATION_CONTEXT(2) 
PARAMETRIC_REPRESENTATION_CONTEXT() REPRESENTATION_CONTEXT('2D SPACE',''
  ) );
#13442 = ORIENTED_EDGE('',*,*,#13443,.T.);
#13443 = EDGE_CURVE('',#13421,#13444,#13446,.T.);
#13444 = VERTEX_POINT('',#13445);
#13445 = CARTESIAN_POINT('',(14.,5.8,17.2));
#13446 = SURFACE_CURVE('',#13447,(#13451,#13458),.PCURVE_S1.);
#13447 = LINE('',#13448,#13449);
#13448 = CARTESIAN_POINT('',(14.,7.7,15.3));
#13449 = VECTOR('',#13450,1.);
#13450 = DIRECTION('',(0.,-0.707106781187,0.707106781187));
#13451 = PCURVE('',#13251,#13452);
#13452 = DEFINITIONAL_REPRESENTATION('',(#13453),#13457);
#13453 = LINE('',#13454,#13455);
#13454 = CARTESIAN_POINT('',(2.3,-8.110706955234));
#13455 = VECTOR('',#13456,1.);
#13456 = DIRECTION('',(0.707106781187,0.707106781187));
#13457 = ( GEOMETRIC_REPRESENTATION_CONTEXT(2) 
PARAMETRIC_REPRESENTATION_CONTEXT() REPRESENTATION_CONTEXT('2D SPACE',''
  ) );
#13458 = PCURVE('',#13459,#13464);
#13459 = PLANE('',#13460);
#13460 = AXIS2_PLACEMENT_3D('',#13461,#13462,#13463);
#13461 = CARTESIAN_POINT('',(14.,7.7,15.3));
#13462 = DIRECTION('',(0.,-0.707106781187,-0.707106781187));
#13463 = DIRECTION('',(0.,-0.707106781187,0.707106781187));
#13464 = DEFINITIONAL_REPRESENTATION('',(#13465),#13469);
#13465 = LINE('',#13466,#13467);
#13466 = CARTESIAN_POINT('',(0.,0.));
#13467 = VECTOR('',#13468,1.);
#13468 = DIRECTION('',(1.,0.));
#13469 = ( GEOMETRIC_REPRESENTATION_CONTEXT(2) 
PARAMETRIC_REPRESENTATION_CONTEXT() REPRESENTATION_CONTEXT('2D SPACE',''
  ) );
#13470 = ORIENTED_EDGE('',*,*,#13471,.T.);
#13471 = EDGE_CURVE('',#13444,#13267,#13472,.T.);
#13472 = SURFACE_CURVE('',#13473,(#13477,#13484),.PCURVE_S1.);
#13473 = LINE('',#13474,#13475);
#13474 = CARTESIAN_POINT('',(14.,5.8,17.2));
#13475 = VECTOR('',#13476,1.);
#13476 = DIRECTION('',(0.,-1.,0.));
#13477 = PCURVE('',#13251,#13478);
#13478 = DEFINITIONAL_REPRESENTATION('',(#13479),#13483);
#13479 = LINE('',#13480,#13481);
#13480 = CARTESIAN_POINT('',(4.2,-6.210706955234));
#13481 = VECTOR('',#13482,1.);
#13482 = DIRECTION('',(0.,1.));
#13483 = ( GEOMETRIC_REPRESENTATION_CONTEXT(2) 
PARAMETRIC_REPRESENTATION_CONTEXT() REPRESENTATION_CONTEXT('2D SPACE',''
  ) );
#13484 = PCURVE('',#13284,#13485);
#13485 = DEFINITIONAL_REPRESENTATION('',(#13486),#13490);
#13486 = LINE('',#13487,#13488);
#13487 = CARTESIAN_POINT('',(0.,-0.));
#13488 = VECTOR('',#13489,1.);
#13489 = DIRECTION('',(1.,0.));
#13490 = ( GEOMETRIC_REPRESENTATION_CONTEXT(2) 
PARAMETRIC_REPRESENTATION_CONTEXT() REPRESENTATION_CONTEXT('2D SPACE',''
  ) );
#13491 = ORIENTED_EDGE('',*,*,#13318,.T.);
#13492 = ADVANCED_FACE('',(#13493,#13565,#13600),#13197,.T.);
#13493 = FACE_BOUND('',#13494,.T.);
#13494 = EDGE_LOOP('',(#13495,#13496,#13497,#13520,#13543,#13564));
#13495 = ORIENTED_EDGE('',*,*,#13181,.T.);
#13496 = ORIENTED_EDGE('',*,*,#13343,.T.);
#13497 = ORIENTED_EDGE('',*,*,#13498,.T.);
#13498 = EDGE_CURVE('',#13344,#13499,#13501,.T.);
#13499 = VERTEX_POINT('',#13500);
#13500 = CARTESIAN_POINT('',(28.,7.7,15.3));
#13501 = SURFACE_CURVE('',#13502,(#13506,#13513),.PCURVE_S1.);
#13502 = LINE('',#13503,#13504);
#13503 = CARTESIAN_POINT('',(28.,7.7,10.7));
#13504 = VECTOR('',#13505,1.);
#13505 = DIRECTION('',(0.,0.,1.));
#13506 = PCURVE('',#13197,#13507);
#13507 = DEFINITIONAL_REPRESENTATION('',(#13508),#13512);
#13508 = LINE('',#13509,#13510);
#13509 = CARTESIAN_POINT('',(-2.3,-8.110706955234));
#13510 = VECTOR('',#13511,1.);
#13511 = DIRECTION('',(1.,0.));
#13512 = ( GEOMETRIC_REPRESENTATION_CONTEXT(2) 
PARAMETRIC_REPRESENTATION_CONTEXT() REPRESENTATION_CONTEXT('2D SPACE',''
  ) );
#13513 = PCURVE('',#13382,#13514);
#13514 = DEFINITIONAL_REPRESENTATION('',(#13515),#13519);
#13515 = LINE('',#13516,#13517);
#13516 = CARTESIAN_POINT('',(0.,-14.));
#13517 = VECTOR('',#13518,1.);
#13518 = DIRECTION('',(1.,0.));
#13519 = ( GEOMETRIC_REPRESENTATION_CONTEXT(2) 
PARAMETRIC_REPRESENTATION_CONTEXT() REPRESENTATION_CONTEXT('2D SPACE',''
  ) );
#13520 = ORIENTED_EDGE('',*,*,#13521,.T.);
#13521 = EDGE_CURVE('',#13499,#13522,#13524,.T.);
#13522 = VERTEX_POINT('',#13523);
#13523 = CARTESIAN_POINT('',(28.,5.8,17.2));
#13524 = SURFACE_CURVE('',#13525,(#13529,#13536),.PCURVE_S1.);
#13525 = LINE('',#13526,#13527);
#13526 = CARTESIAN_POINT('',(28.,7.7,15.3));
#13527 = VECTOR('',#13528,1.);
#13528 = DIRECTION('',(0.,-0.707106781187,0.707106781187));
#13529 = PCURVE('',#13197,#13530);
#13530 = DEFINITIONAL_REPRESENTATION('',(#13531),#13535);
#13531 = LINE('',#13532,#13533);
#13532 = CARTESIAN_POINT('',(2.3,-8.110706955234));
#13533 = VECTOR('',#13534,1.);
#13534 = DIRECTION('',(0.707106781187,0.707106781187));
#13535 = ( GEOMETRIC_REPRESENTATION_CONTEXT(2) 
PARAMETRIC_REPRESENTATION_CONTEXT() REPRESENTATION_CONTEXT('2D SPACE',''
  ) );
#13536 = PCURVE('',#13459,#13537);
#13537 = DEFINITIONAL_REPRESENTATION('',(#13538),#13542);
#13538 = LINE('',#13539,#13540);
#13539 = CARTESIAN_POINT('',(0.,-14.));
#13540 = VECTOR('',#13541,1.);
#13541 = DIRECTION('',(1.,0.));
#13542 = ( GEOMETRIC_REPRESENTATION_CONTEXT(2) 
PARAMETRIC_REPRESENTATION_CONTEXT() REPRESENTATION_CONTEXT('2D SPACE',''
  ) );
#13543 = ORIENTED_EDGE('',*,*,#13544,.T.);
#13544 = EDGE_CURVE('',#13522,#13269,#13545,.T.);
#13545 = SURFACE_CURVE('',#13546,(#13550,#13557),.PCURVE_S1.);
#13546 = LINE('',#13547,#13548);
#13547 = CARTESIAN_POINT('',(28.,5.8,17.2));
#13548 = VECTOR('',#13549,1.);
#13549 = DIRECTION('',(0.,-1.,0.));
#13550 = PCURVE('',#13197,#13551);
#13551 = DEFINITIONAL_REPRESENTATION('',(#13552),#13556);
#13552 = LINE('',#13553,#13554);
#13553 = CARTESIAN_POINT('',(4.2,-6.210706955234));
#13554 = VECTOR('',#13555,1.);
#13555 = DIRECTION('',(0.,1.));
#13556 = ( GEOMETRIC_REPRESENTATION_CONTEXT(2) 
PARAMETRIC_REPRESENTATION_CONTEXT() REPRESENTATION_CONTEXT('2D SPACE',''
  ) );
#13557 = PCURVE('',#13284,#13558);
#13558 = DEFINITIONAL_REPRESENTATION('',(#13559),#13563);
#13559 = LINE('',#13560,#13561);
#13560 = CARTESIAN_POINT('',(0.,-14.));
#13561 = VECTOR('',#13562,1.);
#13562 = DIRECTION('',(1.,0.));
#13563 = ( GEOMETRIC_REPRESENTATION_CONTEXT(2) 
PARAMETRIC_REPRESENTATION_CONTEXT() REPRESENTATION_CONTEXT('2D SPACE',''
  ) );
#13564 = ORIENTED_EDGE('',*,*,#13296,.T.);
#13565 = FACE_BOUND('',#13566,.T.);
#13566 = EDGE_LOOP('',(#13567));
#13567 = ORIENTED_EDGE('',*,*,#13568,.T.);
#13568 = EDGE_CURVE('',#13569,#13569,#13571,.T.);
#13569 = VERTEX_POINT('',#13570);
#13570 = CARTESIAN_POINT('',(28.,3.6,10.55));
#13571 = SURFACE_CURVE('',#13572,(#13577,#13588),.PCURVE_S1.);
#13572 = CIRCLE('',#13573,2.45);
#13573 = AXIS2_PLACEMENT_3D('',#13574,#13575,#13576);
#13574 = CARTESIAN_POINT('',(28.,3.6,13.));
#13575 = DIRECTION('',(-1.,0.,0.));
#13576 = DIRECTION('',(0.,0.,-1.));
#13577 = PCURVE('',#13197,#13578);
#13578 = DEFINITIONAL_REPRESENTATION('',(#13579),#13587);
#13579 = ( BOUNDED_CURVE() B_SPLINE_CURVE(2,(#13580,#13581,#13582,#13583
    ,#13584,#13585,#13586),.UNSPECIFIED.,.T.,.F.) 
B_SPLINE_CURVE_WITH_KNOTS((1,2,2,2,2,1),(-2.094395102393,0.,
    2.094395102393,4.188790204786,6.28318530718,8.377580409573),
.UNSPECIFIED.) CURVE() GEOMETRIC_REPRESENTATION_ITEM() 
RATIONAL_B_SPLINE_CURVE((1.,0.5,1.,0.5,1.,0.5,1.)) REPRESENTATION_ITEM(
  '') );
#13580 = CARTESIAN_POINT('',(-2.45,-4.010706955234));
#13581 = CARTESIAN_POINT('',(-2.45,0.23281752331));
#13582 = CARTESIAN_POINT('',(1.225,-1.888944715962));
#13583 = CARTESIAN_POINT('',(4.9,-4.010706955234));
#13584 = CARTESIAN_POINT('',(1.225,-6.132469194506));
#13585 = CARTESIAN_POINT('',(-2.45,-8.254231433778));
#13586 = CARTESIAN_POINT('',(-2.45,-4.010706955234));
#13587 = ( GEOMETRIC_REPRESENTATION_CONTEXT(2) 
PARAMETRIC_REPRESENTATION_CONTEXT() REPRESENTATION_CONTEXT('2D SPACE',''
  ) );
#13588 = PCURVE('',#13589,#13594);
#13589 = CYLINDRICAL_SURFACE('',#13590,2.45);
#13590 = AXIS2_PLACEMENT_3D('',#13591,#13592,#13593);
#13591 = CARTESIAN_POINT('',(28.,3.6,13.));
#13592 = DIRECTION('',(-1.,0.,0.));
#13593 = DIRECTION('',(0.,0.,-1.));
#13594 = DEFINITIONAL_REPRESENTATION('',(#13595),#13599);
#13595 = LINE('',#13596,#13597);
#13596 = CARTESIAN_POINT('',(0.,0.));
#13597 = VECTOR('',#13598,1.);
#13598 = DIRECTION('',(1.,0.));
#13599 = ( GEOMETRIC_REPRESENTATION_CONTEXT(2) 
PARAMETRIC_REPRESENTATION_CONTEXT() REPRESENTATION_CONTEXT('2D SPACE',''
  ) );
#13600 = FACE_BOUND('',#13601,.T.);
#13601 = EDGE_LOOP('',(#13602));
#13602 = ORIENTED_EDGE('',*,*,#13603,.T.);
#13603 = EDGE_CURVE('',#13604,#13604,#13606,.T.);
#13604 = VERTEX_POINT('',#13605);
#13605 = CARTESIAN_POINT('',(28.,-3.6,10.55));
#13606 = SURFACE_CURVE('',#13607,(#13612,#13623),.PCURVE_S1.);
#13607 = CIRCLE('',#13608,2.45);
#13608 = AXIS2_PLACEMENT_3D('',#13609,#13610,#13611);
#13609 = CARTESIAN_POINT('',(28.,-3.6,13.));
#13610 = DIRECTION('',(-1.,0.,0.));
#13611 = DIRECTION('',(0.,0.,-1.));
#13612 = PCURVE('',#13197,#13613);
#13613 = DEFINITIONAL_REPRESENTATION('',(#13614),#13622);
#13614 = ( BOUNDED_CURVE() B_SPLINE_CURVE(2,(#13615,#13616,#13617,#13618
    ,#13619,#13620,#13621),.UNSPECIFIED.,.T.,.F.) 
B_SPLINE_CURVE_WITH_KNOTS((1,2,2,2,2,1),(-2.094395102393,0.,
    2.094395102393,4.188790204786,6.28318530718,8.377580409573),
.UNSPECIFIED.) CURVE() GEOMETRIC_REPRESENTATION_ITEM() 
RATIONAL_B_SPLINE_CURVE((1.,0.5,1.,0.5,1.,0.5,1.)) REPRESENTATION_ITEM(
  '') );
#13615 = CARTESIAN_POINT('',(-2.45,3.189293044766));
#13616 = CARTESIAN_POINT('',(-2.45,7.43281752331));
#13617 = CARTESIAN_POINT('',(1.225,5.311055284038));
#13618 = CARTESIAN_POINT('',(4.9,3.189293044766));
#13619 = CARTESIAN_POINT('',(1.225,1.067530805494));
#13620 = CARTESIAN_POINT('',(-2.45,-1.054231433778));
#13621 = CARTESIAN_POINT('',(-2.45,3.189293044766));
#13622 = ( GEOMETRIC_REPRESENTATION_CONTEXT(2) 
PARAMETRIC_REPRESENTATION_CONTEXT() REPRESENTATION_CONTEXT('2D SPACE',''
  ) );
#13623 = PCURVE('',#13624,#13629);
#13624 = CYLINDRICAL_SURFACE('',#13625,2.45);
#13625 = AXIS2_PLACEMENT_3D('',#13626,#13627,#13628);
#13626 = CARTESIAN_POINT('',(28.,-3.6,13.));
#13627 = DIRECTION('',(-1.,0.,0.));
#13628 = DIRECTION('',(0.,0.,-1.));
#13629 = DEFINITIONAL_REPRESENTATION('',(#13630),#13634);
#13630 = LINE('',#13631,#13632);
#13631 = CARTESIAN_POINT('',(0.,0.));
#13632 = VECTOR('',#13633,1.);
#13633 = DIRECTION('',(1.,0.));
#13634 = ( GEOMETRIC_REPRESENTATION_CONTEXT(2) 
PARAMETRIC_REPRESENTATION_CONTEXT() REPRESENTATION_CONTEXT('2D SPACE',''
  ) );
#13635 = ADVANCED_FACE('',(#13636),#13284,.F.);
#13636 = FACE_BOUND('',#13637,.F.);
#13637 = EDGE_LOOP('',(#13638,#13659,#13660,#13661));
#13638 = ORIENTED_EDGE('',*,*,#13639,.T.);
#13639 = EDGE_CURVE('',#13444,#13522,#13640,.T.);
#13640 = SURFACE_CURVE('',#13641,(#13645,#13652),.PCURVE_S1.);
#13641 = LINE('',#13642,#13643);
#13642 = CARTESIAN_POINT('',(14.,5.8,17.2));
#13643 = VECTOR('',#13644,1.);
#13644 = DIRECTION('',(1.,0.,0.));
#13645 = PCURVE('',#13284,#13646);
#13646 = DEFINITIONAL_REPRESENTATION('',(#13647),#13651);
#13647 = LINE('',#13648,#13649);
#13648 = CARTESIAN_POINT('',(0.,-0.));
#13649 = VECTOR('',#13650,1.);
#13650 = DIRECTION('',(0.,-1.));
#13651 = ( GEOMETRIC_REPRESENTATION_CONTEXT(2) 
PARAMETRIC_REPRESENTATION_CONTEXT() REPRESENTATION_CONTEXT('2D SPACE',''
  ) );
#13652 = PCURVE('',#13459,#13653);
#13653 = DEFINITIONAL_REPRESENTATION('',(#13654),#13658);
#13654 = LINE('',#13655,#13656);
#13655 = CARTESIAN_POINT('',(2.687005768509,0.));
#13656 = VECTOR('',#13657,1.);
#13657 = DIRECTION('',(0.,-1.));
#13658 = ( GEOMETRIC_REPRESENTATION_CONTEXT(2) 
PARAMETRIC_REPRESENTATION_CONTEXT() REPRESENTATION_CONTEXT('2D SPACE',''
  ) );
#13659 = ORIENTED_EDGE('',*,*,#13544,.T.);
#13660 = ORIENTED_EDGE('',*,*,#13266,.F.);
#13661 = ORIENTED_EDGE('',*,*,#13471,.F.);
#13662 = ADVANCED_FACE('',(#13663),#13382,.F.);
#13663 = FACE_BOUND('',#13664,.F.);
#13664 = EDGE_LOOP('',(#13665,#13666,#13667,#13688));
#13665 = ORIENTED_EDGE('',*,*,#13366,.T.);
#13666 = ORIENTED_EDGE('',*,*,#13498,.T.);
#13667 = ORIENTED_EDGE('',*,*,#13668,.F.);
#13668 = EDGE_CURVE('',#13421,#13499,#13669,.T.);
#13669 = SURFACE_CURVE('',#13670,(#13674,#13681),.PCURVE_S1.);
#13670 = LINE('',#13671,#13672);
#13671 = CARTESIAN_POINT('',(14.,7.7,15.3));
#13672 = VECTOR('',#13673,1.);
#13673 = DIRECTION('',(1.,0.,0.));
#13674 = PCURVE('',#13382,#13675);
#13675 = DEFINITIONAL_REPRESENTATION('',(#13676),#13680);
#13676 = LINE('',#13677,#13678);
#13677 = CARTESIAN_POINT('',(4.6,0.));
#13678 = VECTOR('',#13679,1.);
#13679 = DIRECTION('',(0.,-1.));
#13680 = ( GEOMETRIC_REPRESENTATION_CONTEXT(2) 
PARAMETRIC_REPRESENTATION_CONTEXT() REPRESENTATION_CONTEXT('2D SPACE',''
  ) );
#13681 = PCURVE('',#13459,#13682);
#13682 = DEFINITIONAL_REPRESENTATION('',(#13683),#13687);
#13683 = LINE('',#13684,#13685);
#13684 = CARTESIAN_POINT('',(0.,0.));
#13685 = VECTOR('',#13686,1.);
#13686 = DIRECTION('',(0.,-1.));
#13687 = ( GEOMETRIC_REPRESENTATION_CONTEXT(2) 
PARAMETRIC_REPRESENTATION_CONTEXT() REPRESENTATION_CONTEXT('2D SPACE',''
  ) );
#13688 = ORIENTED_EDGE('',*,*,#13420,.F.);
#13689 = ADVANCED_FACE('',(#13690),#13459,.F.);
#13690 = FACE_BOUND('',#13691,.F.);
#13691 = EDGE_LOOP('',(#13692,#13693,#13694,#13695));
#13692 = ORIENTED_EDGE('',*,*,#13668,.T.);
#13693 = ORIENTED_EDGE('',*,*,#13521,.T.);
#13694 = ORIENTED_EDGE('',*,*,#13639,.F.);
#13695 = ORIENTED_EDGE('',*,*,#13443,.F.);
#13696 = ADVANCED_FACE('',(#13697),#13589,.F.);
#13697 = FACE_BOUND('',#13698,.F.);
#13698 = EDGE_LOOP('',(#13699,#13728,#13749,#13750));
#13699 = ORIENTED_EDGE('',*,*,#13700,.F.);
#13700 = EDGE_CURVE('',#13701,#13701,#13703,.T.);
#13701 = VERTEX_POINT('',#13702);
#13702 = CARTESIAN_POINT('',(21.,3.6,10.55));
#13703 = SURFACE_CURVE('',#13704,(#13709,#13716),.PCURVE_S1.);
#13704 = CIRCLE('',#13705,2.45);
#13705 = AXIS2_PLACEMENT_3D('',#13706,#13707,#13708);
#13706 = CARTESIAN_POINT('',(21.,3.6,13.));
#13707 = DIRECTION('',(-1.,0.,0.));
#13708 = DIRECTION('',(0.,0.,-1.));
#13709 = PCURVE('',#13589,#13710);
#13710 = DEFINITIONAL_REPRESENTATION('',(#13711),#13715);
#13711 = LINE('',#13712,#13713);
#13712 = CARTESIAN_POINT('',(0.,7.));
#13713 = VECTOR('',#13714,1.);
#13714 = DIRECTION('',(1.,0.));
#13715 = ( GEOMETRIC_REPRESENTATION_CONTEXT(2) 
PARAMETRIC_REPRESENTATION_CONTEXT() REPRESENTATION_CONTEXT('2D SPACE',''
  ) );
#13716 = PCURVE('',#13717,#13722);
#13717 = PLANE('',#13718);
#13718 = AXIS2_PLACEMENT_3D('',#13719,#13720,#13721);
#13719 = CARTESIAN_POINT('',(21.,3.6,13.));
#13720 = DIRECTION('',(-1.,0.,0.));
#13721 = DIRECTION('',(0.,0.,-1.));
#13722 = DEFINITIONAL_REPRESENTATION('',(#13723),#13727);
#13723 = CIRCLE('',#13724,2.45);
#13724 = AXIS2_PLACEMENT_2D('',#13725,#13726);
#13725 = CARTESIAN_POINT('',(0.,0.));
#13726 = DIRECTION('',(1.,0.));
#13727 = ( GEOMETRIC_REPRESENTATION_CONTEXT(2) 
PARAMETRIC_REPRESENTATION_CONTEXT() REPRESENTATION_CONTEXT('2D SPACE',''
  ) );
#13728 = ORIENTED_EDGE('',*,*,#13729,.F.);
#13729 = EDGE_CURVE('',#13569,#13701,#13730,.T.);
#13730 = SEAM_CURVE('',#13731,(#13735,#13742),.PCURVE_S1.);
#13731 = LINE('',#13732,#13733);
#13732 = CARTESIAN_POINT('',(28.,3.6,10.55));
#13733 = VECTOR('',#13734,1.);
#13734 = DIRECTION('',(-1.,0.,0.));
#13735 = PCURVE('',#13589,#13736);
#13736 = DEFINITIONAL_REPRESENTATION('',(#13737),#13741);
#13737 = LINE('',#13738,#13739);
#13738 = CARTESIAN_POINT('',(6.28318530718,-0.));
#13739 = VECTOR('',#13740,1.);
#13740 = DIRECTION('',(0.,1.));
#13741 = ( GEOMETRIC_REPRESENTATION_CONTEXT(2) 
PARAMETRIC_REPRESENTATION_CONTEXT() REPRESENTATION_CONTEXT('2D SPACE',''
  ) );
#13742 = PCURVE('',#13589,#13743);
#13743 = DEFINITIONAL_REPRESENTATION('',(#13744),#13748);
#13744 = LINE('',#13745,#13746);
#13745 = CARTESIAN_POINT('',(0.,-0.));
#13746 = VECTOR('',#13747,1.);
#13747 = DIRECTION('',(0.,1.));
#13748 = ( GEOMETRIC_REPRESENTATION_CONTEXT(2) 
PARAMETRIC_REPRESENTATION_CONTEXT() REPRESENTATION_CONTEXT('2D SPACE',''
  ) );
#13749 = ORIENTED_EDGE('',*,*,#13568,.T.);
#13750 = ORIENTED_EDGE('',*,*,#13729,.T.);
#13751 = ADVANCED_FACE('',(#13752),#13624,.F.);
#13752 = FACE_BOUND('',#13753,.F.);
#13753 = EDGE_LOOP('',(#13754,#13783,#13804,#13805));
#13754 = ORIENTED_EDGE('',*,*,#13755,.F.);
#13755 = EDGE_CURVE('',#13756,#13756,#13758,.T.);
#13756 = VERTEX_POINT('',#13757);
#13757 = CARTESIAN_POINT('',(21.,-3.6,10.55));
#13758 = SURFACE_CURVE('',#13759,(#13764,#13771),.PCURVE_S1.);
#13759 = CIRCLE('',#13760,2.45);
#13760 = AXIS2_PLACEMENT_3D('',#13761,#13762,#13763);
#13761 = CARTESIAN_POINT('',(21.,-3.6,13.));
#13762 = DIRECTION('',(-1.,0.,0.));
#13763 = DIRECTION('',(0.,0.,-1.));
#13764 = PCURVE('',#13624,#13765);
#13765 = DEFINITIONAL_REPRESENTATION('',(#13766),#13770);
#13766 = LINE('',#13767,#13768);
#13767 = CARTESIAN_POINT('',(0.,7.));
#13768 = VECTOR('',#13769,1.);
#13769 = DIRECTION('',(1.,0.));
#13770 = ( GEOMETRIC_REPRESENTATION_CONTEXT(2) 
PARAMETRIC_REPRESENTATION_CONTEXT() REPRESENTATION_CONTEXT('2D SPACE',''
  ) );
#13771 = PCURVE('',#13772,#13777);
#13772 = PLANE('',#13773);
#13773 = AXIS2_PLACEMENT_3D('',#13774,#13775,#13776);
#13774 = CARTESIAN_POINT('',(21.,-3.6,13.));
#13775 = DIRECTION('',(-1.,0.,0.));
#13776 = DIRECTION('',(0.,0.,-1.));
#13777 = DEFINITIONAL_REPRESENTATION('',(#13778),#13782);
#13778 = CIRCLE('',#13779,2.45);
#13779 = AXIS2_PLACEMENT_2D('',#13780,#13781);
#13780 = CARTESIAN_POINT('',(0.,0.));
#13781 = DIRECTION('',(1.,0.));
#13782 = ( GEOMETRIC_REPRESENTATION_CONTEXT(2) 
PARAMETRIC_REPRESENTATION_CONTEXT() REPRESENTATION_CONTEXT('2D SPACE',''
  ) );
#13783 = ORIENTED_EDGE('',*,*,#13784,.F.);
#13784 = EDGE_CURVE('',#13604,#13756,#13785,.T.);
#13785 = SEAM_CURVE('',#13786,(#13790,#13797),.PCURVE_S1.);
#13786 = LINE('',#13787,#13788);
#13787 = CARTESIAN_POINT('',(28.,-3.6,10.55));
#13788 = VECTOR('',#13789,1.);
#13789 = DIRECTION('',(-1.,0.,0.));
#13790 = PCURVE('',#13624,#13791);
#13791 = DEFINITIONAL_REPRESENTATION('',(#13792),#13796);
#13792 = LINE('',#13793,#13794);
#13793 = CARTESIAN_POINT('',(6.28318530718,-0.));
#13794 = VECTOR('',#13795,1.);
#13795 = DIRECTION('',(0.,1.));
#13796 = ( GEOMETRIC_REPRESENTATION_CONTEXT(2) 
PARAMETRIC_REPRESENTATION_CONTEXT() REPRESENTATION_CONTEXT('2D SPACE',''
  ) );
#13797 = PCURVE('',#13624,#13798);
#13798 = DEFINITIONAL_REPRESENTATION('',(#13799),#13803);
#13799 = LINE('',#13800,#13801);
#13800 = CARTESIAN_POINT('',(0.,-0.));
#13801 = VECTOR('',#13802,1.);
#13802 = DIRECTION('',(0.,1.));
#13803 = ( GEOMETRIC_REPRESENTATION_CONTEXT(2) 
PARAMETRIC_REPRESENTATION_CONTEXT() REPRESENTATION_CONTEXT('2D SPACE',''
  ) );
#13804 = ORIENTED_EDGE('',*,*,#13603,.T.);
#13805 = ORIENTED_EDGE('',*,*,#13784,.T.);
#13806 = ADVANCED_FACE('',(#13807),#13717,.F.);
#13807 = FACE_BOUND('',#13808,.F.);
#13808 = EDGE_LOOP('',(#13809));
#13809 = ORIENTED_EDGE('',*,*,#13700,.T.);
#13810 = ADVANCED_FACE('',(#13811),#13772,.F.);
#13811 = FACE_BOUND('',#13812,.F.);
#13812 = EDGE_LOOP('',(#13813));
#13813 = ORIENTED_EDGE('',*,*,#13755,.T.);
#13814 = ( GEOMETRIC_REPRESENTATION_CONTEXT(3) 
GLOBAL_UNCERTAINTY_ASSIGNED_CONTEXT((#13818)) 
GLOBAL_UNIT_ASSIGNED_CONTEXT((#13815,#13816,#13817)) 
REPRESENTATION_CONTEXT('Context #1',
  '3D Context with UNIT and UNCERTAINTY') );
#13815 = ( LENGTH_UNIT() NAMED_UNIT(*) SI_UNIT(.MILLI.,.METRE.) );
#13816 = ( NAMED_UNIT(*) PLANE_ANGLE_UNIT() SI_UNIT($,.RADIAN.) );
#13817 = ( NAMED_UNIT(*) SI_UNIT($,.STERADIAN.) SOLID_ANGLE_UNIT() );
#13818 = UNCERTAINTY_MEASURE_WITH_UNIT(LENGTH_MEASURE(1.E-07),#13815,
  'distance_accuracy_value','confusion accuracy');
#13819 = CONTEXT_DEPENDENT_SHAPE_REPRESENTATION(#13820,#13822);
#13820 = ( REPRESENTATION_RELATIONSHIP('','',#13139,#10) 
REPRESENTATION_RELATIONSHIP_WITH_TRANSFORMATION(#13821) 
SHAPE_REPRESENTATION_RELATIONSHIP() );
#13821 = ITEM_DEFINED_TRANSFORMATION('','',#11,#51);
#13822 = PRODUCT_DEFINITION_SHAPE('Placement','Placement of an item',
  #13823);
#13823 = NEXT_ASSEMBLY_USAGE_OCCURRENCE('10','Output_XT60_approximate',
  '',#5,#13134,$);
#13824 = PRODUCT_RELATED_PRODUCT_CATEGORY('part',$,(#13136));
#13825 = MECHANICAL_DESIGN_GEOMETRIC_PRESENTATION_REPRESENTATION('',(
    #13826),#12910);
#13826 = STYLED_ITEM('color',(#13827),#12718);
#13827 = PRESENTATION_STYLE_ASSIGNMENT((#13828));
#13828 = SURFACE_STYLE_USAGE(.BOTH.,#13829);
#13829 = SURFACE_SIDE_STYLE('',(#13830));
#13830 = SURFACE_STYLE_FILL_AREA(#13831);
#13831 = FILL_AREA_STYLE('',(#13832));
#13832 = FILL_AREA_STYLE_COLOUR('',#13833);
#13833 = COLOUR_RGB('',0.819999987296,0.610000008801,0.219999994989);
#13834 = MECHANICAL_DESIGN_GEOMETRIC_PRESENTATION_REPRESENTATION('',(
    #13835),#9863);
#13835 = STYLED_ITEM('color',(#13836),#9133);
#13836 = PRESENTATION_STYLE_ASSIGNMENT((#13837));
#13837 = SURFACE_STYLE_USAGE(.BOTH.,#13838);
#13838 = SURFACE_SIDE_STYLE('',(#13839));
#13839 = SURFACE_STYLE_FILL_AREA(#13840);
#13840 = FILL_AREA_STYLE('',(#13841));
#13841 = FILL_AREA_STYLE_COLOUR('',#13842);
#13842 = COLOUR_RGB('',0.250000000672,0.259999998834,0.270000000334);
#13843 = MECHANICAL_DESIGN_GEOMETRIC_PRESENTATION_REPRESENTATION('',(
    #13844),#12699);
#13844 = STYLED_ITEM('color',(#13845),#12025);
#13845 = PRESENTATION_STYLE_ASSIGNMENT((#13846));
#13846 = SURFACE_STYLE_USAGE(.BOTH.,#13847);
#13847 = SURFACE_SIDE_STYLE('',(#13848));
#13848 = SURFACE_STYLE_FILL_AREA(#13849);
#13849 = FILL_AREA_STYLE('',(#13850));
#13850 = FILL_AREA_STYLE_COLOUR('',#13851);
#13851 = COLOUR_RGB('',1.,0.720000003324,6.000000074816E-02);
#13852 = MECHANICAL_DESIGN_GEOMETRIC_PRESENTATION_REPRESENTATION('',(
    #13853),#4437);
#13853 = STYLED_ITEM('color',(#13854),#69);
#13854 = PRESENTATION_STYLE_ASSIGNMENT((#13855));
#13855 = SURFACE_STYLE_USAGE(.BOTH.,#13856);
#13856 = SURFACE_SIDE_STYLE('',(#13857));
#13857 = SURFACE_STYLE_FILL_AREA(#13858);
#13858 = FILL_AREA_STYLE('',(#13859));
#13859 = FILL_AREA_STYLE_COLOUR('',#13860);
#13860 = COLOUR_RGB('',0.309999994343,0.319999999843,0.329999997244);
#13861 = MECHANICAL_DESIGN_GEOMETRIC_PRESENTATION_REPRESENTATION('',(
    #13862),#12006);
#13862 = STYLED_ITEM('color',(#13863),#11908);
#13863 = PRESENTATION_STYLE_ASSIGNMENT((#13864));
#13864 = SURFACE_STYLE_USAGE(.BOTH.,#13865);
#13865 = SURFACE_SIDE_STYLE('',(#13866));
#13866 = SURFACE_STYLE_FILL_AREA(#13867);
#13867 = FILL_AREA_STYLE('',(#13868));
#13868 = FILL_AREA_STYLE_COLOUR('',#13833);
#13869 = MECHANICAL_DESIGN_GEOMETRIC_PRESENTATION_REPRESENTATION('',(
    #13870),#13121);
#13870 = STYLED_ITEM('color',(#13871),#12929);
#13871 = PRESENTATION_STYLE_ASSIGNMENT((#13872));
#13872 = SURFACE_STYLE_USAGE(.BOTH.,#13873);
#13873 = SURFACE_SIDE_STYLE('',(#13874));
#13874 = SURFACE_STYLE_FILL_AREA(#13875);
#13875 = FILL_AREA_STYLE('',(#13876));
#13876 = FILL_AREA_STYLE_COLOUR('',#13833);
#13877 = MECHANICAL_DESIGN_GEOMETRIC_PRESENTATION_REPRESENTATION('',(
    #13878),#11889);
#13878 = STYLED_ITEM('color',(#13879),#11791);
#13879 = PRESENTATION_STYLE_ASSIGNMENT((#13880));
#13880 = SURFACE_STYLE_USAGE(.BOTH.,#13881);
#13881 = SURFACE_SIDE_STYLE('',(#13882));
#13882 = SURFACE_STYLE_FILL_AREA(#13883);
#13883 = FILL_AREA_STYLE('',(#13884));
#13884 = FILL_AREA_STYLE_COLOUR('',#13833);
#13885 = MECHANICAL_DESIGN_GEOMETRIC_PRESENTATION_REPRESENTATION('',(
    #13886),#11772);
#13886 = STYLED_ITEM('color',(#13887),#9882);
#13887 = PRESENTATION_STYLE_ASSIGNMENT((#13888));
#13888 = SURFACE_STYLE_USAGE(.BOTH.,#13889);
#13889 = SURFACE_SIDE_STYLE('',(#13890));
#13890 = SURFACE_STYLE_FILL_AREA(#13891);
#13891 = FILL_AREA_STYLE('',(#13892));
#13892 = FILL_AREA_STYLE_COLOUR('',#13893);
#13893 = COLOUR_RGB('',0.720000003324,0.740000011925,0.760000013601);
#13894 = MECHANICAL_DESIGN_GEOMETRIC_PRESENTATION_REPRESENTATION('',(
    #13895),#13814);
#13895 = STYLED_ITEM('color',(#13896),#13140);
#13896 = PRESENTATION_STYLE_ASSIGNMENT((#13897));
#13897 = SURFACE_STYLE_USAGE(.BOTH.,#13898);
#13898 = SURFACE_SIDE_STYLE('',(#13899));
#13899 = SURFACE_STYLE_FILL_AREA(#13900);
#13900 = FILL_AREA_STYLE('',(#13901));
#13901 = FILL_AREA_STYLE_COLOUR('',#13851);
#13902 = MECHANICAL_DESIGN_GEOMETRIC_PRESENTATION_REPRESENTATION('',(
    #13903),#9114);
#13903 = STYLED_ITEM('color',(#13904),#4456);
#13904 = PRESENTATION_STYLE_ASSIGNMENT((#13905));
#13905 = SURFACE_STYLE_USAGE(.BOTH.,#13906);
#13906 = SURFACE_SIDE_STYLE('',(#13907));
#13907 = SURFACE_STYLE_FILL_AREA(#13908);
#13908 = FILL_AREA_STYLE('',(#13909));
#13909 = FILL_AREA_STYLE_COLOUR('',#13860);
ENDSEC;
END-ISO-10303-21;
